EMG_time_ms,EMG_raw,EMG_rms,FORCE_time_ms,FORCE_raw,FORCE_rms
0.0,0.0,0.0,0.0,0.024793517381480612,0.01776129812725747
0.4655172734839499,0.0,0.0,0.31333873402675827,0.050937296284253364,0.01776367684968732
0.9310345469678998,0.0,0.0,0.6266774680535165,0.0335080670632002,0.017763857354608066
1.3965518204518497,0.0,0.0,0.9400162020802748,0.04222268167372678,0.018020206567613724
1.8620690939357996,0.0,0.0,1.253354936107033,0.031329445874972106,0.01823923314890708
2.3275863674197494,0.0,0.0,1.5666936701337915,0.005185666972199354,0.01839605008172181
2.7931036409036993,0.0,0.0,1.8800324041605496,0.0008283596669360627,0.01839622438175733
3.2586209143876492,0.0,0.0,2.193371138187308,0.003006980855164265,0.018445239103848984
3.724138187871599,0.0,0.0,2.506709872214066,0.0008283596669360627,0.018700488515614625
4.189655461355549,0.0,0.0,2.8200486062408245,0.0008283596669360627,0.01870065997812324
4.655172734839499,0.0,0.0,3.133387340267583,-0.003528947638327229,0.018716194238339243
5.120690008323448,0.0,0.0,3.446726074294341,0.01825752395918223,0.018716649435123214
5.586207281807399,0.0,0.0,3.7600648083210992,0.007364288160427557,0.018994902889489795
6.051724555291348,0.0,0.0,4.073403542347857,0.05747322477774486,0.01899535140741552
6.5172418287752985,0.0,0.0,4.386742276374616,0.013900281582725937,0.019008688095963178
6.982759102259248,0.0,0.0,4.700081010401374,0.005185666972199354,0.01913399979876011
7.448276375743198,0.0,0.0,5.013419744428132,0.013900281582725937,0.019140566015208763
7.913793649227148,0.0,0.0,5.326758478454891,0.003006980855164265,0.019412744192576544
8.379310922711097,0.0,0.0,5.640097212481649,0.0008283596669360627,0.01941290936416178
8.844828196195047,0.0,0.0,5.9534359465084075,0.029150824686743904,0.019681321593963394
9.310345469678998,0.0,0.0,6.266774680535166,0.0335080670632002,0.019742608701068202
9.775862743162946,0.0,0.0,6.580113414561923,0.003006980855164265,0.019748972565860397
10.241380016646897,0.0,0.0,6.893452148588682,0.01607890277095403,0.020124814259948973
10.706897290130847,0.0,0.0,7.20679088261544,0.007364288160427557,0.02046411491116498
11.172414563614797,0.0,0.0,7.5201296166421985,0.0008283596669360627,0.020523064530811395
11.637931837098746,0.0,0.0,7.833468350668957,0.011721595465690848,0.020722569239123523
12.103449110582696,0.0,0.0,8.146807084695714,-0.07978166315841717,0.020722723970680455
12.568966384066647,0.0,0.0,8.460145818722474,0.01607890277095403,0.020736743522426007
13.034483657550597,0.0,0.0,8.773484552749231,0.0008283596669360627,0.020744083101174347
13.500000931034545,0.0,0.0,9.08682328677599,0.011721595465690848,0.020971371171978764
13.965518204518496,0.0,0.0,9.400162020802748,0.02043621007621732,0.020971524067831784
14.431035478002446,0.0,0.0,9.713500754829507,0.024793517381480612,0.020977515124801137
14.896552751486396,0.0,0.0,10.026839488856265,0.0335080670632002,0.020997791478185434
15.362070024970345,0.0,0.0,10.340178222883022,0.03786537436846349,0.020999803594704266
15.827587298454295,0.0,0.0,10.653516956909781,0.007364288160427557,0.021161067588246076
16.293104571938244,0.0,0.0,10.966855690936539,0.04440136779076187,0.02129638030800879
16.758621845422194,0.0,0.0,11.280194424963298,-0.027494105352871778,0.021296780356039727
17.224139118906145,0.0,0.0,11.593533158990056,-0.018779490742345195,0.02132690616177222
17.689656392390095,0.0,0.0,11.906871893016815,0.03786537436846349,0.021461173294628228
18.155173665874045,0.0,0.0,12.220210627043572,-0.012243562248853812,0.0215946056211057
18.620690939357996,0.0,0.0,12.533549361070332,0.04657998897899007,0.02166661701072001
19.086208212841946,0.0,0.0,12.84688809509709,0.003006980855164265,0.02166856702101039
19.551725486325893,0.0,0.0,13.160226829123847,0.013900281582725937,0.021713376433374204
20.017242759809843,0.0,0.0,13.473565563150606,0.02043621007621732,0.02178914157664654
20.482760033293793,0.0,0.0,13.786904297177363,-0.0013502615212921398,0.02178928873418985
20.948277306777744,0.0,0.0,14.100243031204123,0.01607890277095403,0.021789435890739315
21.413794580261694,0.0,0.0,14.41358176523088,0.0008283596669360627,0.021808957393390796
21.879311853745644,0.0,0.0,14.72692049925764,0.031329445874972106,0.02181089467769565
22.344829127229595,0.0,0.0,15.040259233284397,0.007364288160427557,0.021852251617069794
22.810346400713545,0.0,0.0,15.353597967311154,0.024793517381480612,0.02185239834962001
23.275863674197492,0.0,0.0,15.666936701337914,0.003006980855164265,0.02203336321924543
23.741380947681442,0.0,0.0,15.980275435364671,0.009542974277462646,0.022187116198581592
24.206898221165392,0.0,0.0,16.29361416939143,0.011721595465690848,0.022316208413581094
24.672415494649343,0.0,0.0,16.60695290341819,0.007364288160427557,0.022316352095562875
25.137932768133293,0.0,0.0,16.920291637444947,0.003006980855164265,0.022487205532185646
25.603450041617243,0.0,0.0,17.233630371471705,0.0008283596669360627,0.0220301816510201
26.068967315101194,0.0,0.0,17.546969105498462,0.031329445874972106,0.022000198874048815
26.53448458858514,0.0,0.0,17.86030783952522,0.029150824686743904,0.021774905756323938
27.00000186206909,0.0,0.0,18.17364657355198,0.024793517381480612,0.021605070658675955
27.46551913555304,0.0,0.0,18.48698530757874,0.0008283596669360627,0.02206366438141857
27.93103640903699,0.0,0.0,18.800324041605496,0.013900281582725937,0.02213400492001537
28.396553682520942,0.0,0.0,19.113662775632253,-0.03185141265813507,0.022143543478469672
28.862070956004892,0.0,0.0,19.427001509659014,0.0008283596669360627,0.022143783421045865
29.327588229488843,0.0,0.0,19.740340243685772,-0.00788625494359052,0.02260697363379995
29.793105502972793,0.0,0.0,20.05367897771253,-0.0013502615212921398,0.02262321761920542
30.25862277645674,0.0,0.0,20.367017711739287,0.0335080670632002,0.022556840697918905
30.72414004994069,0.0,0.0,20.680356445766044,-0.0013502615212921398,0.022990905616917134
31.18965732342464,0.0,0.0,20.993695179792805,0.007364288160427557,0.022309580714983672
31.65517459690859,0.0,0.0,21.307033913819563,0.022614831264445523,0.022274715187130614
32.12069187039254,0.0,0.0,21.62037264784632,0.005185666972199354,0.022503443898390846
32.58620914387649,0.0,0.0,21.933711381873078,0.0335080670632002,0.022549997304850702
33.05172641736044,0.0,0.0,22.24705011589984,0.0008283596669360627,0.022561008788257658
33.51724369084439,0.0,0.0,22.560388849926596,0.0335080670632002,0.022561008788257654
33.98276096432834,0.0,0.0,22.873727583953354,0.01607890277095403,0.022541563029177803
34.44827823781229,0.0,0.0,23.18706631798011,0.005185666972199354,0.022677961865071105
34.91379551129624,0.0,0.0,23.50040505200687,0.04004406048549858,0.022744686215838496
35.37931278478019,0.0,0.0,23.81374378603363,-0.03838734115162645,0.022760049937919767
35.84483005826414,0.0,0.0,24.127082520060387,0.01607890277095403,0.02346846047441364
36.31034733174809,0.0,0.0,24.440421254087145,-0.02967272654109998,0.023468686871114548
36.77586460523204,0.0,0.0,24.753759988113902,0.0008283596669360627,0.023443116145461195
37.24138187871599,0.0,0.0,25.067098722140663,-0.00788625494359052,0.022143711727139647
37.70689915219994,0.0,0.0,25.38043745616742,-0.00570756882655532,0.02208947327860565
38.17241642568389,0.0,0.0,25.69377619019418,-0.03185141265813507,0.022108584825392685
38.63793369916784,0.0,0.0,26.007114924220936,0.0008283596669360627,0.02213417332362854
39.103450972651785,0.0,0.0,26.320453658247693,0.005185666972199354,0.02206512111037642
39.56896824613574,0.0,0.0,26.633792392274454,0.009542974277462646,0.021934697393884855
40.034485519619686,0.0,0.0,26.947131126301212,0.003006980855164265,0.022036873908242705
40.50000279310364,0.0,0.0,27.26046986032797,0.026972138569708815,0.021862501454640568
40.96552006658759,0.0,0.0,27.573808594354727,0.024793517381480612,0.022653724443008273
41.43103734007154,0.0,0.0,27.887147328381484,-0.0013502615212921398,0.02420990221396735
41.89655461355549,0.0,0.0,28.200486062408245,0.011721595465690848,0.02456223345217912
42.36207188703944,0.0,0.0,28.513824796435003,0.024793517381480612,0.024495395015383302
42.82758916052339,0.0,0.0,28.82716353046176,0.024793517381480612,0.024318803991692343
43.293106434007335,0.0,0.0,29.140502264488518,0.01825752395918223,0.024505032497353578
43.75862370749129,0.0,0.0,29.45384099851528,0.003006980855164265,0.024364296940110906
44.224140980975235,0.0,0.0,29.767179732542036,-0.014422183437081904,0.024501703854819253
44.68965825445919,0.0,0.0,30.080518466568794,-0.018779490742345195,0.024608787964268904
45.155175527943136,0.0,0.0,30.39385720059555,0.0008283596669360627,0.024529486189281368
45.62069280142709,0.0,0.0,30.70719593462231,0.0008283596669360627,0.02493904930532038
46.08621007491104,0.0,0.0,31.02053466864907,0.009542974277462646,0.024929579238489125
46.551727348394984,0.0,0.0,31.333873402675827,0.003006980855164265,0.024939614194124406
47.01724462187894,0.0,0.0,31.647212136702585,0.013900281582725937,0.02475515203794781
47.482761895362884,0.0,0.0,31.960550870729342,0.0008283596669360627,0.02474504227675209
47.94827916884684,0.0,0.0,32.2738896047561,0.029150824686743904,0.03549836353255811
48.413796442330785,0.0,0.0,32.58722833878286,0.026972138569708815,0.035669346352890485
48.87931371581474,0.0,0.0,32.900567072809615,0.024793517381480612,0.03577261328484103
49.344830989298686,0.0,0.0,33.21390580683638,0.0008283596669360627,0.0357547507503813
49.81034826278263,0.0,0.0,33.52724454086314,0.03786537436846349,0.036217888198059114
50.275865536266586,0.0,0.0,33.840583274889894,0.02043621007621732,0.036217888198059114
50.74138280975053,0.0,0.0,34.15392200891665,0.031329445874972106,0.036315199848102754
51.20690008323449,0.0,0.0,34.46726074294341,0.026972138569708815,0.036189847021475985
51.672417356718434,0.0,0.0,34.78059947697017,0.013900281582725937,0.03612310267786038
52.13793463020239,0.0,0.0,35.093938210996924,0.04657998897899007,0.03614136469063526
52.603451903686334,0.0,0.0,35.40727694502368,0.01825752395918223,0.03614288611041247
53.06896917717028,0.0,0.0,35.72061567905044,0.007364288160427557,0.036135668185266596
53.534486450654235,0.0,0.0,36.033954413077204,-0.0013502615212921398,0.036149667491901814
54.00000372413818,0.0,0.0,36.34729314710396,-0.047101955762153036,0.03620352485788178
54.465520997622136,0.0,0.0,36.66063188113072,0.009542974277462646,0.03619558511586941
54.93103827110608,0.0,0.0,36.97397061515748,-0.003528947638327229,0.036304891181365824
55.396555544590036,0.0,0.0,37.287309349184234,0.04657998897899007,0.03616812128293128
55.86207281807398,0.0,0.0,37.60064808321099,0.0008283596669360627,0.0361748919261023
56.32759009155794,0.0,0.0,37.91398681723775,0.005185666972199354,0.036169053925719
56.793107365041884,0.0,0.0,38.22732555126451,0.0335080670632002,0.03624795313415751
57.25862463852583,0.0,0.0,38.540664285291264,0.02043621007621732,0.0363381592515448
57.724141912009785,0.0,0.0,38.85400301931803,-0.00788625494359052,0.03665799394989322
58.18965918549373,0.0,0.0,39.167341753344786,0.0008283596669360627,0.03678281289080904
58.655176458977685,0.0,0.0,39.480680487371544,-0.027494105352871778,0.03684383511588821
59.12069373246163,0.0,0.0,39.7940192213983,0.04222268167372678,0.03703664762998059
59.586211005945586,0.0,0.0,40.10735795542506,0.01825752395918223,0.03715689929485962
60.05172827942953,0.0,0.0,40.420696689451816,0.01825752395918223,0.03696154463298862
60.51724555291348,0.0,0.0,40.73403542347857,0.05965191089477995,0.036775921954606224
60.98276282639743,0.0,0.0,41.04737415750533,-0.0013502615212921398,0.036744207176473434
61.44828009988138,0.0,0.0,41.36071289153209,0.003006980855164265,0.03668805163227627
61.913797373365334,0.0,0.0,41.67405162555885,0.005185666972199354,0.0367661767447589
62.37931464684928,0.0,0.0,41.98739035958561,-0.0013502615212921398,0.03675835853478407
62.844831920333235,0.0,0.0,42.30072909361237,0.009542974277462646,0.03675536660724499
63.31034919381718,0.0,0.0,42.614067827639126,0.01607890277095403,0.0366330779125494
63.77586646730113,0.0,0.0,42.92740656166588,0.009542974277462646,0.0366330779125494
64.24138374078508,0.0,0.0,43.24074529569264,0.0008283596669360627,0.036662613885289005
64.70690101426904,0.0,0.0,43.5540840297194,0.04004406048549858,0.03665123722416127
65.17241828775298,0.0,0.0,43.867422763746156,0.024793517381480612,0.03665123722416127
65.63793556123693,0.0,0.0,44.18076149777291,0.06183053208300804,0.036785532752192866
66.10345283472088,0.0,0.0,44.49410023179968,0.09886754678453558,0.03673195014163861
66.56897010820484,0.0,0.0,44.807438965826435,0.050937296284253364,0.0367328684688872
67.03448738168878,0.0,0.0,45.12077769985319,-0.0013502615212921398,0.036715473113493644
67.50000465517273,0.0,0.0,45.43411643387995,0.022614831264445523,0.03667964331828733
67.96552192865668,0.0,0.0,45.74745516790671,0.0335080670632002,0.03660467893987553
68.43103920214062,0.0,0.0,46.060793901933465,0.03786537436846349,0.0365951280660653
68.89655647562458,0.0,0.0,46.37413263596022,0.026972138569708815,0.0368209200642243
69.36207374910853,0.0,0.0,46.68747136998698,-0.027494105352871778,0.036796095208134524
69.82759102259249,0.0,0.0,47.00081010401374,0.0008283596669360627,0.03675151272215089
70.29310829607643,0.0,0.0,47.3141488380405,0.04657998897899007,0.03675165729299466
70.75862556956038,0.0,0.0,47.62748757206726,-0.014422183437081904,0.036769035529730994
71.22414284304433,0.0,0.0,47.94082630609402,0.007364288160427557,0.036799812070099705
71.68966011652827,0.0,0.0,48.254165040120775,0.0008283596669360627,0.036890929709049385
72.15517739001223,0.0,0.0,48.56750377414753,0.0008283596669360627,0.036890929709049385
72.62069466349618,0.0,0.0,48.88084250817429,0.26444489974050533,0.037014963170694665
73.08621193698013,0.0,0.0,49.19418124220105,-0.036208655034591364,0.03691905772845857
73.55172921046407,0.0,0.0,49.507519976227805,-0.02967272654109998,0.03682694945272874
74.01724648394803,0.0,0.0,49.82085871025456,0.0008283596669360627,0.036791228220908086
74.48276375743198,0.0,0.0,50.13419744428133,-0.06017381274913591,0.0371477503661601
74.94828103091592,0.0,0.0,50.447536178308084,0.003006980855164265,0.03696718168908674
75.41379830439988,0.0,0.0,50.76087491233484,-0.027494105352871778,0.03691443849869248
75.87931557788383,0.0,0.0,51.0742136463616,0.003006980855164265,0.03686797507048861
76.34483285136778,0.0,0.0,51.38755238038836,0.01825752395918223,0.03677588332929694
76.81035012485172,0.0,0.0,51.700891114415114,-0.027494105352871778,0.03730418418594772
77.27586739833568,0.0,0.0,52.01422984844187,-0.003528947638327229,0.03711218229091488
77.74138467181963,0.0,0.0,52.32756858246863,0.011721595465690848,0.037317875529370576
78.20690194530357,0.0,0.0,52.64090731649539,0.0335080670632002,0.03735280828458976
78.67241921878752,0.0,0.0,52.954246050522144,0.02043621007621732,0.037352666040458324
79.13793649227148,0.0,0.0,53.26758478454891,0.0008283596669360627,0.0370855529944508
79.60345376575543,0.0,0.0,53.580923518575666,0.029150824686743904,0.03707430611709648
80.06897103923937,0.0,0.0,53.894262252602424,-0.00788625494359052,0.03716432182804962
80.53448831272333,0.0,0.0,54.20760098662918,0.007364288160427557,0.036890590981718915
81.00000558620728,0.0,0.0,54.52093972065594,0.003006980855164265,0.03690790380102036
81.46552285969122,0.0,0.0,54.834278454682696,0.0335080670632002,0.0369965008394027
81.93104013317517,0.0,0.0,55.147617188709454,0.026972138569708815,0.036865957342868114
82.39655740665913,0.0,0.0,55.46095592273621,-0.06017381274913591,0.03681986547489866
82.86207468014308,0.0,0.0,55.77429465676297,0.031329445874972106,0.04367837661776618
83.32759195362702,0.0,0.0,56.08763339078973,0.04004406048549858,0.04369896961214159
83.79310922711097,0.0,0.0,56.40097212481649,0.04222268167372678,0.043683867165540895
84.25862650059493,0.0,0.0,56.71431085884325,0.031329445874972106,0.043492820133584055
84.72414377407888,0.0,0.0,57.027649592870006,0.007364288160427557,0.043471762965329584
85.18966104756282,0.0,0.0,57.34098832689676,0.003006980855164265,0.04633678703003261
85.65517832104678,0.0,0.0,57.65432706092352,0.003006980855164265,0.04599617369368752
86.12069559453073,0.0,0.0,57.96766579495028,-0.020958111930573398,0.045998720354303656
86.58621286801467,0.0,0.0,58.281004528977036,0.024793517381480612,0.04601742652814071
87.05173014149862,0.0,0.0,58.59434326300379,0.0008283596669360627,0.04603431328132758
87.51724741498258,0.0,0.0,58.90768199703056,0.003006980855164265,0.04603963301343494
87.98276468846653,0.0,0.0,59.221020731057315,0.007364288160427557,0.046045604366274945
88.44828196195047,0.0,0.0,59.53435946508407,0.0008283596669360627,0.04609317230648373
88.91379923543442,0.0,0.0,59.84769819911083,0.01607890277095403,0.04626435655430837
89.37931650891838,0.0,0.0,60.16103693313759,-0.0013502615212921398,0.04632633492127837
89.84483378240232,0.0,0.0,60.474375667164345,0.003006980855164265,0.04676185453642089
90.31035105588627,0.0,0.0,60.7877144011911,0.04222268167372678,0.04670045417157211
90.77586832937023,0.0,0.0,61.10105313521786,0.013900281582725937,0.04655557991690211
91.24138560285418,0.0,0.0,61.41439186924462,0.003006980855164265,0.04582922104142817
91.70690287633812,0.0,0.0,61.72773060327138,0.0008283596669360627,0.04558522508809964
92.17242014982207,0.0,0.0,62.04106933729814,0.01825752395918223,0.045637434548756066
92.63793742330603,0.0,0.0,62.3544080713249,0.005185666972199354,0.04562783001938182
93.10345469678997,0.0,0.0,62.667746805351655,0.01607890277095403,0.04551397466885579
93.56897197027392,0.0,0.0,62.98108553937841,0.04222268167372678,0.045409527423983825
94.03448924375787,0.0,0.0,63.29442427340517,-0.003528947638327229,0.045334672859811416
94.50000651724183,0.0,0.0,63.60776300743193,-0.0013502615212921398,0.04533174237098114
94.96552379072577,0.0,0.0,63.921101741458685,-0.0013502615212921398,0.04544726419926849
95.43104106420972,0.0,0.0,64.23444047548544,0.011721595465690848,0.04524358595910803
95.89655833769368,0.0,0.0,64.5477792095122,0.01825752395918223,0.04526523297521789
96.36207561117762,0.0,0.0,64.86111794353896,0.026972138569708815,0.045286318539939044
96.82759288466157,0.0,0.0,65.17445667756571,0.013900281582725937,0.04528631853993905
97.29311015814552,0.0,0.0,65.48779541159247,0.031329445874972106,0.045286435864573586
97.75862743162948,0.0,0.0,65.80113414561923,0.009542974277462646,0.037703424495401906
98.22414470511342,0.0,0.0,66.114472879646,0.0008283596669360627,0.0375473315551355
98.68966197859737,0.0,0.0,66.42781161367276,0.01825752395918223,0.037596219124341725
99.15517925208133,0.0,0.0,66.74115034769952,0.053115917472481566,0.03770160554500955
99.62069652556526,0.0,0.0,67.05448908172627,-0.0013502615212921398,0.03725691662451789
100.08621379904922,0.0,0.0,67.36782781575303,0.0008283596669360627,0.03757980849653501
100.55173107253317,0.0,0.0,67.68116654977979,0.024793517381480612,0.03770727435813996
101.01724834601713,0.0,0.0,67.99450528380655,-0.0013502615212921398,0.037706238851945816
101.48276561950107,0.0,0.0,68.3078440178333,0.06618783938827133,0.03768194820469736
101.94828289298502,0.0,0.0,68.62118275186006,-0.02531541923583669,0.037709915271063946
102.41380016646897,0.0,0.0,68.93452148588682,0.04440136779076187,0.03770845707612646
102.87931743995291,0.0,0.0,69.24786021991358,0.01825752395918223,0.03868594310357563
103.34483471343687,0.0,0.0,69.56119895394033,0.0008283596669360627,0.03855665535478473
103.81035198692082,0.0,0.0,69.87453768796709,0.009542974277462646,0.03850608938580298
104.27586926040478,0.0,0.0,70.18787642199385,-0.0013502615212921398,0.03850608938580299
104.74138653388871,0.0,0.0,70.5012151560206,0.026972138569708815,0.03840942575338945
105.20690380737267,0.0,0.0,70.81455389004736,0.0008283596669360627,0.03858075418722647
105.67242108085662,0.0,0.0,71.12789262407412,0.011721595465690848,0.03860549085629229
106.13793835434056,0.0,0.0,71.44123135810088,0.026972138569708815,0.03860765130494321
106.60345562782452,0.0,0.0,71.75457009212765,0.009542974277462646,0.03847810049389968
107.06897290130847,0.0,0.0,72.06790882615441,0.007364288160427557,0.03849294699397801
107.53449017479242,0.0,0.0,72.38124756018117,-0.24318036246175545,0.03810474990886256
108.00000744827636,0.0,0.0,72.69458629420792,0.013900281582725937,0.038035534888408
108.46552472176032,0.0,0.0,73.00792502823468,0.024793517381480612,0.03791385914683428
108.93104199524427,0.0,0.0,73.32126376226144,0.0008283596669360627,0.03770021622199699
109.39655926872823,0.0,0.0,73.6346024962882,0.011721595465690848,0.045688181949567225
109.86207654221217,0.0,0.0,73.94794123031495,-0.166927614477262,0.04575699020124154
110.32759381569612,0.0,0.0,74.26127996434171,0.013900281582725937,0.045775795157658526
110.79311108918007,0.0,0.0,74.57461869836847,0.005185666972199354,0.04592100600818507
111.25862836266401,0.0,0.0,74.88795743239523,0.013900281582725937,0.045876357048256655
111.72414563614797,0.0,0.0,75.20129616642198,0.013900281582725937,0.045833403510587116
112.18966290963192,0.0,0.0,75.51463490044874,0.007364288160427557,0.04614987672022174
112.65518018311587,0.0,0.0,75.8279736344755,-0.012243562248853812,0.04617513179055747
113.12069745659981,0.0,0.0,76.14131236850226,0.026972138569708815,0.046183547078332776
113.58621473008377,0.0,0.0,76.45465110252901,0.04222268167372678,0.04621914735638868
114.05173200356772,0.0,0.0,76.76798983655577,0.024793517381480612,0.04619307108872318
114.51724927705166,0.0,0.0,77.08132857058253,0.07708107518702612,0.04619295606683474
114.98276655053562,0.0,0.0,77.3946673046093,0.0008283596669360627,0.04623427139463401
115.44828382401957,0.0,0.0,77.70800603863606,0.048758610167218275,0.046153220990069646
115.91380109750352,0.0,0.0,78.02134477266281,0.050937296284253364,0.046210158634647495
116.37931837098746,0.0,0.0,78.33468350668957,-0.014422183437081904,0.04621050361733774
116.84483564447142,0.0,0.0,78.64802224071633,0.022614831264445523,0.04627255411604448
117.31035291795537,0.0,0.0,78.96136097474309,0.02043621007621732,0.04628106663549447
117.77587019143931,0.0,0.0,79.27469970876984,-0.003528947638327229,0.046297857228274224
118.24138746492326,0.0,0.0,79.5880384427966,0.02043621007621732,0.04627447162718114
118.70690473840722,0.0,0.0,79.90137717682336,0.0008283596669360627,0.046427752760801216
119.17242201189117,0.0,0.0,80.21471591085012,0.026972138569708815,0.04646003809288927
119.63793928537511,0.0,0.0,80.52805464487687,0.0335080670632002,0.04645992373193711
120.10345655885907,0.0,0.0,80.84139337890363,0.013900281582725937,0.04647355750065833
120.56897383234302,0.0,0.0,81.15473211293039,0.02043621007621732,0.04648573601123082
121.03449110582696,0.0,0.0,81.46807084695715,0.01607890277095403,0.046467293135511525
121.50000837931091,0.0,0.0,81.7814095809839,0.0008283596669360627,0.04640791283588425
121.96552565279487,0.0,0.0,82.09474831501066,-0.0013502615212921398,0.0464035513649837
122.43104292627882,0.0,0.0,82.40808704903742,0.050937296284253364,0.046307891492181154
122.89656019976276,0.0,0.0,82.72142578306418,0.007364288160427557,0.04632478696054642
123.36207747324671,0.0,0.0,83.03476451709093,0.0356867531802354,0.046330188021242426
123.82759474673067,0.0,0.0,83.3481032511177,0.029150824686743904,0.04631605332300821
124.29311202021461,0.0,0.0,83.66144198514446,0.007364288160427557,0.04609289025446783
124.75862929369856,0.0,0.0,83.97478071917122,0.050937296284253364,0.046095431571729246
125.22414656718252,0.0,0.0,84.28811945319798,0.04222268167372678,0.04612914154466089
125.68966384066647,0.0,0.0,84.60145818722474,0.0008283596669360627,0.046072329167698295
126.15518111415041,0.0,0.0,84.9147969212515,0.011721595465690848,0.04607764451081563
126.62069838763436,0.0,0.0,85.22813565527825,0.031329445874972106,0.045631276547304644
127.08621566111832,0.0,0.0,85.54147438930501,0.0008283596669360627,0.04556567094604497
127.55173293460226,0.0,0.0,85.85481312333177,0.09015299710281588,0.04554631234943932
128.0172502080862,0.0,0.0,86.16815185735852,0.007364288160427557,0.04556458046601435
128.48276748157016,0.0,0.0,86.48149059138528,0.0008283596669360627,0.04557384871062841
128.94828475505412,0.0,0.0,86.79482932541204,0.0008283596669360627,0.04560732118206568
129.41380202853807,0.0,0.0,87.1081680594388,0.007364288160427557,0.045613506215197976
129.87931930202203,0.0,0.0,87.42150679346555,-0.03838734115162645,0.045538986941745706
130.34483657550595,0.0,0.0,87.73484552749231,0.01607890277095403,0.0455391036154182
130.8103538489899,0.0,0.0,88.04818426151907,0.005185666972199354,0.04552834652158704
131.27587112247386,0.0,0.0,88.36152299554583,0.007364288160427557,0.045516769868704086
131.7413883959578,0.0,0.0,88.67486172957258,0.029150824686743904,0.045559905161224955
132.20690566944177,0.0,0.0,88.98820046359936,-0.020958111930573398,0.045819720476953665
132.67242294292572,0.0,0.0,89.30153919762611,0.02043621007621732,0.039330038839509335
133.13794021640967,0.0,0.0,89.61487793165287,0.024793517381480612,0.03967572101229197
133.6034574898936,0.0,0.0,89.92821666567963,0.007364288160427557,0.03967572101229197
134.06897476337755,0.0,0.0,90.24155539970639,0.26880220704576874,0.03970607766562904
134.5344920368615,0.0,0.0,90.55489413373314,0.026972138569708815,0.039750072400672
135.00000931034546,0.0,0.0,90.8682328677599,0.013900281582725937,0.03643612327441627
135.46552658382942,0.0,0.0,91.18157160178666,0.03786537436846349,0.03641829421063913
135.93104385731337,0.0,0.0,91.49491033581342,0.0008283596669360627,0.03642180229158722
136.39656113079732,0.0,0.0,91.80824906984017,0.013900281582725937,0.03641463965183384
136.86207840428125,0.0,0.0,92.12158780386693,-0.05581650544387262,0.036390070708762955
137.3275956777652,0.0,0.0,92.43492653789369,0.01607890277095403,0.036390070708762955
137.79311295124916,0.0,0.0,92.74826527192045,0.011721595465690848,0.03641361788332839
138.2586302247331,0.0,0.0,93.0616040059472,-0.018779490742345195,0.03632814033287077
138.72414749821706,0.0,0.0,93.37494273997396,0.0008283596669360627,0.03615211867983154
139.18966477170102,0.0,0.0,93.68828147400072,0.0008283596669360627,0.03609198847231121
139.65518204518497,0.0,0.0,94.00162020802748,0.02043621007621732,0.03531444577992015
140.1206993186689,0.0,0.0,94.31495894205423,0.031329445874972106,0.03536957496356326
140.58621659215285,0.0,0.0,94.628297676081,-0.027494105352871778,0.035290924930784166
141.0517338656368,0.0,0.0,94.94163641010776,-0.003528947638327229,0.03494927792142624
141.51725113912076,0.0,0.0,95.25497514413452,0.024793517381480612,0.03500361610726421
141.9827684126047,0.0,0.0,95.56831387816128,0.02043621007621732,0.03493551852664337
142.44828568608867,0.0,0.0,95.88165261218803,0.013900281582725937,0.034914230166351645
142.91380295957262,0.0,0.0,96.19499134621479,0.005185666972199354,0.03492475034521478
143.37932023305655,0.0,0.0,96.50833008024155,0.05747322477774486,0.034951109484101635
143.8448375065405,0.0,0.0,96.8216688142683,0.01825752395918223,0.03532620751557211
144.31035478002445,0.0,0.0,97.13500754829506,0.0008283596669360627,0.035231495775209364
144.7758720535084,0.0,0.0,97.44834628232182,0.011721595465690848,0.03508584107497436
145.24138932699236,0.0,0.0,97.76168501634858,0.01607890277095403,0.03507840564711857
145.70690660047632,0.0,0.0,98.07502375037534,-0.012243562248853812,0.03502281813880201
146.17242387396027,0.0,0.0,98.3883624844021,0.011721595465690848,0.035070310014229146
146.6379411474442,0.0,0.0,98.70170121842885,-0.012243562248853812,0.03507046151548979
147.10345842092815,0.0,0.0,99.01503995245561,-0.00570756882655532,0.03521950597755801
147.5689756944121,0.0,0.0,99.32837868648237,0.01607890277095403,0.03487476782766127
148.03449296789606,0.0,0.0,99.64171742050912,0.007364288160427557,0.034935974412691105
148.50001024138,0.0,0.0,99.95505615453588,0.013900281582725937,0.03479117414790338
148.96552751486396,0.0,0.0,100.26839488856265,0.024793517381480612,0.03470287872155875
149.43104478834792,0.0,0.0,100.58173362258941,0.005185666972199354,0.03479341854407195
149.89656206183184,0.0,0.0,100.89507235661617,0.01825752395918223,0.03470962921219177
150.3620793353158,0.0,0.0,101.20841109064293,0.007364288160427557,0.03448740600115354
150.82759660879975,0.0,0.0,101.52174982466968,0.007364288160427557,0.03449466056989205
151.2931138822837,0.0,0.0,101.83508855869644,0.0008283596669360627,0.034477268438599135
151.75863115576766,0.0,0.0,102.1484272927232,0.0008283596669360627,0.03442751595906455
152.2241484292516,0.0,0.0,102.46176602674996,0.04222268167372678,0.03462148634532538
152.68966570273557,0.0,0.0,102.77510476077671,0.022614831264445523,0.03354258433316339
153.1551829762195,0.0,0.0,103.08844349480347,0.009542974277462646,0.0335931731303239
153.62070024970345,0.0,0.0,103.40178222883023,0.02043621007621732,0.03360062076967595
154.0862175231874,0.0,0.0,103.71512096285699,-0.00788625494359052,0.033613188027364044
154.55173479667135,0.0,0.0,104.02845969688374,0.0008283596669360627,0.03360574317314328
155.0172520701553,0.0,0.0,104.3417984309105,-0.0013502615212921398,0.03341942843644974
155.48276934363926,0.0,0.0,104.65513716493726,-0.00570756882655532,0.03435992317691325
155.94828661712322,0.0,0.0,104.96847589896402,0.024793517381480612,0.03445507266133583
156.41380389060714,0.0,0.0,105.28181463299077,0.022614831264445523,0.034447963994546575
156.8793211640911,0.0,0.0,105.59515336701753,0.050937296284253364,0.034333728989197385
157.34483843757505,0.0,0.0,105.90849210104429,0.003006980855164265,0.034309124956237946
157.810355711059,0.0,0.0,106.22183083507106,-0.05581650544387262,0.034884020410844756
158.27587298454296,0.0,0.0,106.53516956909782,0.024793517381480612,0.03493312273330017
158.7413902580269,0.0,0.0,106.84850830312458,0.01607890277095403,0.034960440421995365
159.20690753151086,0.0,0.0,107.16184703715133,0.022614831264445523,0.023414516525085156
159.6724248049948,0.0,0.0,107.47518577117809,0.029150824686743904,0.02333572056747881
160.13794207847874,0.0,0.0,107.78852450520485,0.007364288160427557,0.02341997252471238
160.6034593519627,0.0,0.0,108.1018632392316,0.007364288160427557,0.02317112454348788
161.06897662544665,0.0,0.0,108.41520197325836,0.011721595465690848,0.023255058911342868
161.5344938989306,0.0,0.0,108.72854070728512,-0.0013502615212921398,0.023339602045126143
162.00001117241456,0.0,0.0,109.04187944131188,0.007364288160427557,0.022707650827701233
162.4655284458985,0.0,0.0,109.35521817533863,0.01825752395918223,0.022656251488918325
162.93104571938244,0.0,0.0,109.66855690936539,-0.00788625494359052,0.022681222129064375
163.3965629928664,0.0,0.0,109.98189564339215,0.02043621007621732,0.02261400410899926
163.86208026635035,0.0,0.0,110.29523437741891,-0.012243562248853812,0.022614239059874305
164.3275975398343,0.0,0.0,110.60857311144566,0.0008283596669360627,0.02266745627548188
164.79311481331825,0.0,0.0,110.92191184547242,0.02043621007621732,0.02259241591296393
165.2586320868022,0.0,0.0,111.23525057949918,0.04222268167372678,0.023079819752871416
165.72414936028616,0.0,0.0,111.54858931352594,0.005185666972199354,0.022954246346795906
166.1896666337701,0.0,0.0,111.86192804755271,0.024793517381480612,0.022962749961716405
166.65518390725404,0.0,0.0,112.17526678157947,-0.0013502615212921398,0.022865408939157835
167.120701180738,0.0,0.0,112.48860551560622,0.01607890277095403,0.022791020353165017
167.58621845422195,0.0,0.0,112.80194424963298,0.009542974277462646,0.02275151088475073
168.0517357277059,0.0,0.0,113.11528298365974,0.024793517381480612,0.02275151088475073
168.51725300118986,0.0,0.0,113.4286217176865,0.053115917472481566,0.02206279443160613
168.9827702746738,0.0,0.0,113.74196045171325,-0.003528947638327229,0.027528955927830067
169.44828754815777,0.0,0.0,114.05529918574001,0.005185666972199354,0.0275393944147566
169.9138048216417,0.0,0.0,114.36863791976677,0.011721595465690848,0.028168583033258338
170.37932209512564,0.0,0.0,114.68197665379353,0.0008283596669360627,0.02814848067592146
170.8448393686096,0.0,0.0,114.99531538782028,0.024793517381480612,0.028244203214589744
171.31035664209355,0.0,0.0,115.30865412184704,-0.0013502615212921398,0.028221576058437083
171.7758739155775,0.0,0.0,115.6219928558738,0.0335080670632002,0.02819685777747316
172.24139118906146,0.0,0.0,115.93533158990056,0.003006980855164265,0.02820654964506639
172.7069084625454,0.0,0.0,116.24867032392731,0.022614831264445523,0.028172683796179595
173.17242573602934,0.0,0.0,116.56200905795407,0.013900281582725937,0.028172683796179595
173.6379430095133,0.0,0.0,116.87534779198083,0.013900281582725937,0.02814508229280803
174.10346028299725,0.0,0.0,117.18868652600759,0.026972138569708815,0.03079166715603717
174.5689775564812,0.0,0.0,117.50202526003436,0.04440136779076187,0.030826800447063096
175.03449482996515,0.0,0.0,117.81536399406112,0.011721595465690848,0.03099316375569895
175.5000121034491,0.0,0.0,118.12870272808787,0.007364288160427557,0.031407589014560026
175.96552937693306,0.0,0.0,118.44204146211463,0.003006980855164265,0.03579729318820924
176.431046650417,0.0,0.0,118.75538019614139,0.024793517381480612,0.035877358033401675
176.89656392390094,0.0,0.0,119.06871893016815,0.03786537436846349,0.03595724460120898
177.3620811973849,0.0,0.0,119.3820576641949,0.01607890277095403,0.035724901566650175
177.82759847086885,0.0,0.0,119.69539639822166,0.02043621007621732,0.03573840930324867
178.2931157443528,0.0,0.0,120.00873513224842,0.007364288160427557,0.035760298824463396
178.75863301783676,0.0,0.0,120.32207386627518,0.009542974277462646,0.03570994621325439
179.2241502913207,0.0,0.0,120.63541260030193,0.0008283596669360627,0.035756428522135786
179.68966756480464,0.0,0.0,120.94875133432869,0.011721595465690848,0.03577429021886386
180.1551848382886,0.0,0.0,121.26209006835545,-0.08413897046368046,0.03582856355770337
180.62070211177254,0.0,0.0,121.5754288023822,0.026972138569708815,0.035858021326522244
181.0862193852565,0.0,0.0,121.88876753640896,-0.0013502615212921398,0.03594377476522133
181.55173665874045,0.0,0.0,122.20210627043572,0.003006980855164265,0.035889083651630314
182.0172539322244,0.0,0.0,122.51544500446248,0.01607890277095403,0.03555318509096712
182.48277120570836,0.0,0.0,122.82878373848924,0.06836646057649953,0.03563270265930996
182.94828847919229,0.0,0.0,123.142122472516,0.031329445874972106,0.03527713150526317
183.41380575267624,0.0,0.0,123.45546120654276,0.01607890277095403,0.03519918029690774
183.8793230261602,0.0,0.0,123.76879994056952,0.011721595465690848,0.03516493321237052
184.34484029964415,0.0,0.0,124.08213867459628,0.01825752395918223,0.03511519436883097
184.8103575731281,0.0,0.0,124.39547740862304,0.024793517381480612,0.03529040409648445
185.27587484661206,0.0,0.0,124.7088161426498,0.013900281582725937,0.035338490891798184
185.741392120096,0.0,0.0,125.02215487667655,0.02043621007621732,0.035520444324556914
186.20690939357993,0.0,0.0,125.33549361070331,0.024793517381480612,0.035902543012833285
186.6724266670639,0.0,0.0,125.64883234473007,-0.0013502615212921398,0.0359822260043388
187.13794394054784,0.0,0.0,125.96217107875682,0.003006980855164265,0.03597635673944353
187.6034612140318,0.0,0.0,126.27550981278358,0.01607890277095403,0.03595089729596759
188.06897848751575,0.0,0.0,126.58884854681034,0.005185666972199354,0.03597640826811136
188.5344957609997,0.0,0.0,126.9021872808371,-0.0013502615212921398,0.035976408268111354
189.00001303448366,0.0,0.0,127.21552601486385,0.01607890277095403,0.03610255312278945
189.46553030796758,0.0,0.0,127.52886474889061,0.007364288160427557,0.03618194248293083
189.93104758145154,0.0,0.0,127.84220348291737,-0.05799519156090782,0.03614573099942518
190.3965648549355,0.0,0.0,128.15554221694413,0.011721595465690848,0.035921573702472204
190.86208212841944,0.0,0.0,128.46888095097088,0.007364288160427557,0.03604554556118045
191.3275994019034,0.0,0.0011196353242783575,128.78221968499764,0.011721595465690848,0.03599086128655865
191.79311667538735,0.0,0.0011801992554609962,129.0955584190244,0.007364288160427557,0.036044808531787174
192.2586339488713,0.0,0.0011892004815003859,129.40889715305116,0.0008283596669360627,0.036318462995378324
192.72415122235523,0.0,0.001246388706792362,129.72223588707791,0.005185666972199354,0.036611451201618864
193.1896684958392,0.0,0.001571636335973223,130.03557462110467,0.0008283596669360627,0.03653984365563026
193.65518576932314,0.0,0.002069766084315422,130.34891335513143,-0.1712849217825252,0.03619498516534012
194.1207030428071,0.0,0.0024693769487491076,130.6622520891582,-0.00788625494359052,0.03631988133461205
194.58622031629105,0.0,0.002752980027237909,130.97559082318494,-0.062352498866171,0.036334096025308335
195.051737589775,0.0,0.002959875657866132,131.2889295572117,0.011721595465690848,0.0363954323209069
195.51725486325896,0.0,0.003131439204567357,131.60226829123846,0.026972138569708815,0.03642852261030431
195.98277213674288,0.0,0.0032561329085796773,131.91560702526525,0.0008283596669360627,0.03638280370530713
196.44828941022683,0.0,0.003289960325469301,132.228945759292,0.0008283596669360627,0.0363837308450309
196.9138066837108,0.0,0.003290000341286217,132.54228449331876,0.009542974277462646,0.036365584240108245
197.37932395719474,0.0,0.0032967560371360595,132.85562322734552,0.007364288160427557,0.03637139069527066
197.8448412306787,0.0,0.0033111406752633706,133.16896196137228,0.007364288160427557,0.03637139069527066
198.31035850416265,0.0,0.0033541599573468413,133.48230069539903,0.005185666972199354,0.03634664633647195
198.7758757776466,0.0,0.0034971613733975654,133.7956394294258,0.1315473191096066,0.040718232997756565
199.24139305113053,0.0,0.004010629542704609,134.10897816345255,0.01607890277095403,0.04064089462646998
199.70691032461448,0.0,0.004971036381685974,134.4223168974793,0.03786537436846349,0.040543194562763
200.17242759809844,0.0,0.005999454211236641,134.73565563150606,0.053115917472481566,0.040656609821261125
200.6379448715824,0.0,0.00691572982939883,135.04899436553282,-0.17782085027601668,0.040709124275636256
201.10346214506635,0.0,0.007790203893579125,135.36233309955958,0.024793517381480612,0.041057557135178356
201.5689794185503,0.0,0.008549030805563788,135.67567183358634,0.024793517381480612,0.040988565103138294
202.03449669203425,0.0,0.00910459682207292,135.9890105676131,0.0008283596669360627,0.04117984035294047
202.50001396551818,0.0,0.009356882030686759,136.30234930163985,0.024793517381480612,0.04115354652929432
202.96553123900213,0.0,0.009365671647981254,136.6156880356666,0.01607890277095403,0.04110617520006687
203.4310485124861,0.0,0.009525248326300764,136.92902676969337,-0.00570756882655532,0.04112197181111795
203.89656578597004,0.0,0.010166543565301948,137.24236550372012,0.02043621007621732,0.04112723589525463
204.362083059454,0.0,0.0111027410818031,137.55570423774688,0.011721595465690848,0.04113331943239671
204.82760033293795,0.0,0.012027369014485652,137.86904297177364,0.02043621007621732,0.04111778578088432
205.2931176064219,0.0,0.012756635211963671,138.1823817058004,0.01607890277095403,0.040327605672467216
205.75863487990583,0.0,0.01323368402758864,138.49572043982715,0.0356867531802354,0.04024329958776481
206.22415215338978,0.0,0.01350180742204819,138.8090591738539,0.009542974277462646,0.04024316756041058
206.68966942687373,0.0,0.013600909989857825,139.12239790788067,0.005185666972199354,0.04024841461820446
207.1551867003577,0.0,0.01361415490229203,139.43573664190743,0.024793517381480612,0.040266882992048905
207.62070397384164,0.0,0.013614396654502767,139.74907537593418,0.02043621007621732,0.03985264414794552
208.0862212473256,0.0,0.013616030786865376,140.06241410996094,0.005185666972199354,0.04024925298911049
208.55173852080955,0.0,0.013629261004920755,140.3757528439877,0.0008283596669360627,0.040222350834163687
209.01725579429348,0.0,0.013660608529959609,140.68909157801446,0.011721595465690848,0.04027776640376097
209.48277306777743,0.0,0.013703802037699714,141.0024303120412,0.04657998897899007,0.04023915479495748
209.94829034126138,0.0,0.013766688710762885,141.31576904606797,0.02043621007621732,0.04085305998209674
210.41380761474534,0.0,0.013817556120461818,141.62910778009473,0.03786537436846349,0.04090124409545049
210.8793248882293,0.0,0.013869632358057039,141.94244651412149,0.055294603589516655,0.040870644512834925
211.34484216171325,0.0,0.014007916097867444,142.25578524814824,0.024793517381480612,0.0410536122128295
211.8103594351972,0.0,0.014261490950279874,142.569123982175,0.003006980855164265,0.04106048318713738
212.27587670868112,0.0,0.014498799533403293,142.88246271620176,0.011721595465690848,0.04106251446989098
212.74139398216508,0.0,0.014668234803738068,143.19580145022852,0.01607890277095403,0.04103329081686695
213.20691125564903,0.0,0.014790586880991522,143.5091401842553,0.02043621007621732,0.041175015723696196
213.672428529133,0.0,0.01484887160880388,143.82247891828206,0.0335080670632002,0.041356391430187815
214.13794580261694,0.0,0.014850369900358427,144.13581765230882,0.024793517381480612,0.04132819180103608
214.6034630761009,0.0,0.014871639974092543,144.44915638633557,0.011721595465690848,0.04134390358443447
215.06898034958485,0.0,0.014972649257193025,144.76249512036233,0.007364288160427557,0.041058812757487795
215.5344976230688,0.0,0.015193313551171473,145.0758338543891,0.031329445874972106,0.04104420222406084
216.00001489655273,-0.011581597849726677,0.015560174317432635,145.38917258841585,0.013900281582725937,0.04105366927658026
216.46553217003668,-0.0038605325389653444,0.01606806919438579,145.7025113224426,0.02043621007621732,0.04106170487893292
216.93104944352064,-0.0015106431674212217,0.016625138162686025,146.01585005646936,0.048758610167218275,0.04107920007643241
217.3965667170046,0.0038605325389653444,0.01711676199226795,146.32918879049612,0.048758610167218275,0.04107920007643241
217.86208399048854,0.009903104975819588,0.017495065314983488,146.64252752452288,0.007364288160427557,0.04108231015746754
218.3276012639725,0.013931486755609512,0.01779056921989684,146.95586625854963,0.011721595465690848,0.0411042037883452
218.79311853745645,0.013931486755609512,0.0180313728414442,147.2692049925764,0.031329445874972106,0.037638382335990726
219.25863581094038,0.01258869282901287,0.018171892418633453,147.58254372660315,0.011721595465690848,0.037706917329176914
219.72415308442433,0.01124589890241623,0.018221733313426004,147.8958824606299,0.024793517381480612,0.03728614275262381
220.18967035790828,0.010574501939117908,0.018232719163050644,148.20922119465666,0.01607890277095403,0.037975505740953715
220.65518763139224,0.009231708012521267,0.018232979102953063,148.52255992868342,0.01607890277095403,0.037902824152333064
221.1207049048762,0.004867628216743469,0.018238242089410276,148.83589866271018,0.003006980855164265,0.037902824152333064
221.58622217836015,-0.0001678492408245802,0.0182592788654095,149.14923739673694,0.031329445874972106,0.03802355694109301
222.0517394518441,-0.0021820401307195425,0.018306523221392243,149.4625761307637,0.007364288160427557,0.03827815699789577
222.51725672532802,-0.0031891355756670237,0.018404704303029137,149.77591486479045,0.022614831264445523,0.03864304798784876
222.98277399881198,-0.00553902518004179,0.018603128347358736,150.0892535988172,0.0008283596669360627,0.039071964144337556
223.44829127229593,-0.010238803923130035,0.018886875554871983,150.40259233284397,0.19037087033745048,0.039260072524170485
223.9138085457799,-0.020309757441282272,0.019177574299023597,150.71593106687072,0.007364288160427557,0.03723474430331195
224.37932581926384,-0.03038071282207966,0.01945841180084001,151.02926980089748,0.0335080670632002,0.03732536967424628
224.8448430927478,-0.03474479168653488,0.019688608826289877,151.34260853492424,0.0335080670632002,0.03730530298020852
225.31036036623175,-0.035584039986133575,0.0198286976952086,151.655947268951,0.022614831264445523,0.03695044483625142
225.77587763971567,-0.037094682455062866,0.019896311245507534,151.96928600297775,0.055294603589516655,0.032709379048189643
226.24139491319963,-0.03642328456044197,0.019939677252871796,152.2826247370045,0.003006980855164265,0.032621539783766605
226.70691218668358,-0.032394904643297195,0.01997108690602654,152.59596347103127,-0.05581650544387262,0.032621539783766605
227.17242946016754,-0.02232394926249981,0.0199924931430929,152.90930220505803,0.005185666972199354,0.0327818824150318
227.6379467336515,-0.0041962312534451485,0.02000829756421501,153.22264093908478,0.0008283596669360627,0.03281974223022425
228.10346400713544,0.017959868535399437,0.02001546172003678,153.53597967311154,0.013900281582725937,0.03280427229818895
228.5689812806194,0.03675898537039757,0.020016573282882047,153.8493184071383,0.011721595465690848,0.03281406062002749
229.03449855410332,0.04615854099392891,0.020017106021890312,154.16265714116506,0.007364288160427557,0.03278419327226588
229.50001582758728,0.047837033867836,0.020021216186166323,154.4759958751918,0.0008283596669360627,0.032852158047267925
229.96553310107123,0.04397650063037872,0.020032266699201617,154.7893346092186,0.013900281582725937,0.03282951875593379
230.43105037455518,0.03642328456044197,0.020049353078758474,155.10267334324536,0.0008283596669360627,0.032822325367059466
230.89656764803914,0.027695124968886375,0.020075398039854524,155.41601207727211,0.0008283596669360627,0.03272839427135828
231.3620849215231,0.016952773556113243,0.02011628388425326,155.72935081129887,0.007364288160427557,0.032716680600057495
231.82760219500705,0.006210422143340111,0.02016575845043029,156.04268954532563,0.02043621007621732,0.0329170130015653
232.29311946849097,0.000839246204122901,0.020223361605968906,156.3560282793524,0.0335080670632002,0.032849182411375646
232.75863674197493,-0.0021820401307195425,0.020277198095226465,156.66936701337914,0.06618783938827133,0.03282654106785192
233.22415401545888,-0.006210422143340111,0.020315656110001926,156.9827057474059,0.005185666972199354,0.03285020933707962
233.68967128894283,-0.009567406959831715,0.020332504345226106,157.29604448143266,0.024793517381480612,0.0328578253789507
234.1551885624268,-0.01124589890241623,0.020336550765315382,157.60938321545942,0.0008283596669360627,0.03287747272296678
234.62070583591074,-0.01359578873962164,0.02033733405913651,157.92272194948617,0.07708107518702612,0.03257149067635571
235.0862231093947,-0.012252994813024998,0.02033765125218447,158.23606068351293,0.024793517381480612,0.03288232829271286
235.55174038287862,-0.012420844286680222,0.020351945696828345,158.5493994175397,-0.012243562248853812,0.032679231072072205
236.01725765636257,-0.020309757441282272,0.020400848762144257,158.86273815156645,-0.047101955762153036,0.0325302657521528
236.48277492984653,-0.027695124968886375,0.020445256689196004,159.1760768855932,-0.00788625494359052,0.032469661705211164
236.94829220333048,-0.02702372707426548,0.020464726020974433,159.48941561961996,0.005185666972199354,0.0325162994197401
237.41380947681444,-0.022995345294475555,0.02047607083221644,159.80275435364672,-0.0013502615212921398,0.032504345910861855
237.8793267502984,-0.019638361409306526,0.02048795556131377,160.11609308767348,0.0356867531802354,0.03262835720900345
238.34484402378234,-0.01359578873962164,0.020504662222312946,160.42943182170023,0.04004406048549858,0.03290782946040853
238.81036129726627,-0.0021820401307195425,0.020522689629192844,160.742770555727,0.003006980855164265,0.032835604194844784
239.27587857075022,0.008224613033235073,0.0205324443929415,161.05610928975375,0.013900281582725937,0.032775564742437
239.74139584423418,0.017959868535399437,0.020533527969444618,161.3694480237805,0.029150824686743904,0.03275623010354054
240.20691311771813,0.02668802998960018,0.020533688256971723,161.68278675780726,0.003006980855164265,0.032748590434588665
240.67243039120208,0.03474479168653488,0.0205342075799654,161.99612549183402,0.011721595465690848,0.03261001911087024
241.13794766468604,0.04145876318216324,0.02050597839364723,162.30946422586078,-0.014422183437081904,0.032583616686487134
241.60346493817,0.04414435103535652,0.020503667013006183,162.62280295988754,-0.014422183437081904,0.03275324629265495
242.06898221165392,0.042130161076784134,0.020503667013006183,162.9361416939143,0.0008283596669360627,0.03247244365720435
242.53449948513787,0.037430379539728165,0.02050905982994849,163.24948042794105,0.007364288160427557,0.03212982088703822
243.00001675862183,0.03340199962258339,0.020519071299689974,163.5628191619678,0.013900281582725937,0.032563679842253446
243.46553403210578,0.03038071282207966,0.020512910976195762,163.87615789599457,0.011721595465690848,0.032632103896595
243.93105130558973,0.023331044241786003,0.0204867089258166,164.18949663002132,0.024793517381480612,0.03250018817243106
244.3965685790737,0.013931486755609512,0.020457539014843932,164.50283536404808,0.022614831264445523,0.03256874561742923
244.86208585255764,0.006546120624989271,0.020433327805509736,164.81617409807484,-0.07542435585315399,0.03248068961173461
245.32760312604157,0.0010070954449474812,0.02041393816371537,165.1295128321016,0.011721595465690848,0.03244357304475119
245.79312039952552,-0.004531929735094309,0.02041254511545762,165.44285156612835,0.0008283596669360627,0.03246648146206436
246.25863767300947,-0.009063859470188618,0.020446332023079033,165.7561903001551,0.031329445874972106,0.032525237581403126
246.72415494649343,-0.01359578873962164,0.020501939744757617,166.06952903418187,0.04657998897899007,0.03250630160788573
247.18967221997738,-0.019638361409306526,0.020552804810230498,166.38286776820865,0.055294603589516655,0.03250029513355103
247.65518949346134,-0.028030823916196823,0.020592480694054973,166.6962065022354,-0.06017381274913591,0.03242694092739301
248.1207067669453,-0.03373769670724869,0.020612519928496446,167.00954523626217,0.04004406048549858,0.032448437013325254
248.58622404042922,-0.03440909460186958,0.020602860586377742,167.32288397028893,0.026972138569708815,0.026895589017292856
249.05174131391317,-0.034073397517204285,0.020517409503303462,167.63622270431568,0.031329445874972106,0.026910034066280054
249.51725858739712,-0.031052108854055405,0.020311942585539165,167.94956143834244,0.0356867531802354,0.026738373859383102
249.98277586088108,-0.024338139221072197,0.020040342039578343,168.2629001723692,-0.0013502615212921398,0.026547160276267634
250.44829313436503,-0.016952773556113243,0.019751050260999048,168.57623890639596,0.003006980855164265,0.026530645654025256
250.91381040784898,-0.01359578873962164,0.019428470506116496,168.88957764042271,0.0008283596669360627,0.0261876655288184
251.37932768133294,-0.011581597849726677,0.019107886155167057,169.20291637444947,0.024793517381480612,0.026315553428583455
251.84484495481686,-0.009567406959831715,0.01884950453044601,169.51625510847623,0.0335080670632002,0.02586767728613347
252.31036222830082,-0.008224613033235073,0.018726401752666755,169.829593842503,-0.02967272654109998,0.025973648989792684
252.77587950178477,-0.00553902518004179,0.018722351891341964,170.14293257652974,-0.012243562248853812,0.026033427160255803
253.24139677526873,-0.0021820401307195425,0.018641678395086687,170.4562713105565,-0.010064876131818612,0.026073678698432533
253.70691404875268,-0.0015106431674212217,0.018299841100426425,170.76961004458326,-0.014422183437081904,0.02605488629341925
254.17243132223663,-0.0041962312534451485,0.017747456046965766,171.08294877861002,0.024793517381480612,0.026046780142263155
254.6379485957206,-0.0068818191066384315,0.017135265094552658,171.39628751263677,0.01607890277095403,0.02612147599465993
255.1034658692045,-0.008560311049222946,0.01660711314667734,171.70962624666353,-0.014422183437081904,0.026133157342423857
255.56898314268847,-0.010574501939117908,0.016240628596424087,172.0229649806903,0.024793517381480612,0.026192571476418045
256.0345004161724,-0.013260089792311192,0.01602440495089226,172.33630371471705,0.003006980855164265,0.026202122732536987
256.5000176896564,-0.014602883718907833,0.01594223473051527,172.6496424487438,0.03786537436846349,0.02634361723023709
256.9655349631403,-0.01577782817184925,0.015931330417577376,172.96298118277056,0.011721595465690848,0.026269553030324737
257.4310522366243,-0.015274280682206154,0.01593152874441303,173.27631991679732,0.01607890277095403,0.02606918601728753
257.89656951010824,-0.012924391776323318,0.015930801533944834,173.58965865082408,0.013900281582725937,0.025535465473011144
258.3620867835922,-0.008560311049222946,0.01592385830713682,173.90299738485083,0.007364288160427557,0.025668529471222345
258.82760405707614,-0.0041962312534451485,0.015922006266286058,174.2163361188776,-0.016600869554116993,0.026067137714454465
259.2931213305601,-0.0018463416490703821,0.01590899458912625,174.52967485290435,0.005185666972199354,0.026083334945510416
259.75863860404405,0.0011749446857720613,0.015865365457751864,174.8430135869311,0.050937296284253364,0.025058485560794493
260.22415587752795,0.007888914085924625,0.01582907817124582,175.15635232095786,0.003006980855164265,0.02510227971663614
260.6896731510119,0.014602883718907833,0.015785878675853068,175.46969105498462,-0.04492326964511795,0.025084463626252912
261.15519042449586,0.013931486755609512,0.01566398038220591,175.78302978901138,0.013900281582725937,0.024670066425212866
261.6207076979798,0.009231708012521267,0.015443911948850326,176.09636852303814,0.01825752395918223,0.024658413314106366
262.08622497146376,0.007049668114632368,0.01524043922234888,176.4097072570649,0.007364288160427557,0.024653446837722942
262.5517422449477,0.007217517588287592,0.015092106376416335,176.72304599109165,0.0335080670632002,0.024664886880345488
263.0172595184317,0.008560311049222946,0.014976473725852774,177.0363847251184,0.048758610167218275,0.024642994842955596
263.4827767919156,0.008896009996533394,0.014921237613330463,177.34972345914517,0.024793517381480612,0.024342191403470843
263.9482940653996,0.006546120624989271,0.01492017880634494,177.66306219317195,0.013900281582725937,0.02434058732165595
264.41381133888353,0.0021820401307195425,0.014940988238102621,177.9764009271987,-0.0013502615212921398,0.024332270684480056
264.8793286123675,-0.000839246204122901,0.014937251725756176,178.28973966122547,0.0008283596669360627,0.024173724053726142
265.34484588585144,-0.0015106431674212217,0.014800188038562827,178.60307839525223,-0.003528947638327229,0.024221903500951047
265.8103631593354,-0.0031891355756670237,0.014459966310805308,178.91641712927898,0.003006980855164265,0.02419712876282109
266.27588043281935,-0.0021820401307195425,0.013902511880570201,179.22975586330574,0.04004406048549858,0.024346053840319962
266.74139770630325,-0.0015106431674212217,0.013236121173033416,179.5430945973325,0.02043621007621732,0.02430783664288463
267.2069149797872,-0.006210422143340111,0.012637999630139096,179.85643333135926,0.003006980855164265,0.02433410327630869
267.67243225327115,-0.01191729586571455,0.012194707235275527,180.169772065386,0.055294603589516655,0.024486394494583518
268.1379495267551,-0.012924391776323318,0.011877593115792064,180.48311079941277,0.024793517381480612,0.024547045981533355
268.60346680023906,-0.008896009996533394,0.011615876112794793,180.79644953343953,-0.00788625494359052,0.0248582914493122
269.068984073723,-0.00553902518004179,0.011463089938030795,181.10978826746629,0.024793517381480612,0.024953616786625776
269.53450134720697,-0.004531929735094309,0.011435493209119114,181.42312700149304,-0.0013502615212921398,0.02485778909032696
270.0000186206909,-0.00520332669839263,0.011451541903848917,181.7364657355198,0.0008283596669360627,0.023766100115546304
270.4655358941749,-0.008896009996533394,0.011463641198748507,182.04980446954656,0.02043621007621732,0.023756989454740005
270.93105316765883,-0.013092241249978542,0.01145858701643983,182.36314320357332,0.02043621007621732,0.023769084505040252
271.3965704411428,-0.015609979629516602,0.011425599680674817,182.67648193760007,0.029150824686743904,0.023696860431967882
271.86208771462674,-0.015106432139873505,0.011356996274282397,182.98982067162683,-0.003528947638327229,0.023316943327064518
272.3276049881107,-0.01359578873962164,0.011204533922886287,183.3031594056536,-0.0013502615212921398,0.022735674996307017
272.79312226159465,-0.010910200886428356,0.010872208568882434,183.61649813968035,-0.012243562248853812,0.021979018587935613
273.25863953507854,-0.007888914085924625,0.010371475235031095,183.9298368737071,0.031329445874972106,0.021767775707396155
273.7241568085625,-0.006042572669684887,0.00982656877268558,184.24317560773386,0.011721595465690848,0.021682996323097826
274.18967408204645,-0.005035477224737406,0.009264293628276216,184.55651434176062,0.011721595465690848,0.021526618210052226
274.6551913555304,-0.00587472366169095,0.008766268780387351,184.86985307578738,-0.00570756882655532,0.02149386837208551
275.12070862901436,-0.00587472366169095,0.008444631244713065,185.18319180981413,0.02043621007621732,0.02173620730464109
275.5862259024983,-0.004867628216743469,0.008285359103361508,185.4965305438409,0.0335080670632002,0.02207633202155363
276.05174317598227,-0.0021820401307195425,0.008182390072817137,185.80986927786765,0.026972138569708815,0.022078822663688935
276.5172604494662,0.0001678492408245802,0.008108170087454639,186.1232080118944,0.024793517381480612,0.022084356928235273
276.9827777229502,0.0018463416490703821,0.008067149424781704,186.43654674592116,0.024793517381480612,0.02197658945284435
277.44829499643413,0.0011749446857720613,0.008050290159465548,186.74988547994792,0.01825752395918223,0.02192000954820677
277.9138122699181,-0.0001678492408245802,0.008046233443564072,187.06322421397468,0.02043621007621732,0.021943154231744207
278.37932954340204,-0.0001678492408245802,0.008045448036515041,187.37656294800144,-0.00570756882655532,0.02195083928653048
278.844846816886,-0.0001678492408245802,0.008044531631374672,187.6899016820282,0.003006980855164265,0.022144723879370193
279.31036409036994,0.0018463416490703821,0.00803431318714163,188.00324041605495,0.02043621007621732,0.022150241678424585
279.77588136385384,0.00520332669839263,0.008006737172959136,188.3165791500817,0.01607890277095403,0.022945769808323475
280.2413986373378,0.006210422143340111,0.00796709468240036,188.62991788410847,0.01825752395918223,0.023579619852077165
280.70691591082175,0.004531929735094309,0.007919361498539165,188.94325661813522,0.007364288160427557,0.023469867549036322
281.1724331843057,0.002517738612368703,0.007837951061512171,189.256595352162,0.029150824686743904,0.023468430242020145
281.63795045778966,0.0011749446857720613,0.007718797010975572,189.56993408618877,0.0008283596669360627,0.023220101584104008
282.1034677312736,-0.0011749446857720613,0.007567999341607982,189.88327282021552,0.0008283596669360627,0.023210776609725224
282.56898500475756,-0.0015106431674212217,0.007422618089145207,190.19661155424228,0.03786537436846349,0.023242786783065197
283.0345022782415,0.0038605325389653444,0.007319742948576304,190.50995028826904,-0.027494105352871778,0.023204046548901316
283.5000195517255,0.009231708012521267,0.007294952546396979,190.8232890222958,0.053115917472481566,0.023339236462732317
283.9655368252094,0.009063859470188618,0.007334261062820482,191.13662775632255,0.009542974277462646,0.023407037285759016
284.4310540986934,0.006042572669684887,0.007378643202088044,191.4499664903493,0.01825752395918223,0.023524096330408237
284.89657137217733,0.00520332669839263,0.007407704449820276,191.76330522437607,0.029150824686743904,0.02312746130872534
285.3620886456613,0.0028534370940178633,0.007392760727637931,192.07664395840283,0.007364288160427557,0.02368886360064873
285.82760591914524,-0.0015106431674212217,0.0072647154803179865,192.38998269242958,-0.003528947638327229,0.023511590317887018
286.29312319262914,-0.00587472366169095,0.0071406253499869754,192.70332142645634,0.0008283596669360627,0.02367425881218748
286.7586404661131,-0.007888914085924625,0.007090002453126177,193.0166601604831,0.0008283596669360627,0.024033991686805072
287.22415773959705,-0.0068818191066384315,0.007072842893615329,193.32999889450986,-0.00788625494359052,0.024025203691494544
287.689675013081,-0.0036926832981407642,0.007058682362128745,193.6433376285366,-0.03403003384636316,0.023811097450507527
288.15519228656495,-0.0028534370940178633,0.0070167798257917465,193.95667636256337,0.005185666972199354,0.023341682779105973
288.6207095600489,0.0011749446857720613,0.006966164077975087,194.27001509659013,0.0008283596669360627,0.023388691783255186
289.08622683353286,0.011581597849726677,0.006937834056155367,194.5833538306169,-0.012243562248853812,0.02335042116425241
289.5517441070168,0.01762416958808899,0.006935556581168247,194.89669256464364,0.005185666972199354,0.023377536271762048
290.01726138050077,0.016617074608802795,0.006943448633867138,195.2100312986704,0.01607890277095403,0.023546646690421263
290.4827786539847,0.01191729586571455,0.006951937747977908,195.52337003269716,0.003006980855164265,0.023554936442674607
290.9482959274687,0.00520332669839263,0.006955118494460638,195.83670876672392,0.031329445874972106,0.023604378945486514
291.41381320095263,-0.0036926832981407642,0.0069528466811677484,196.15004750075067,0.003006980855164265,0.02330303799855041
291.8793304744366,-0.010910200886428356,0.006969489450143808,196.46338623477743,0.011721595465690848,0.023246773703173865
292.34484774792054,-0.01493858266621828,0.0070232311054100865,196.7767249688042,0.029150824686743904,0.02324509402963396
292.8103650214045,-0.01728847250342369,0.00703416973194928,197.09006370283095,0.022614831264445523,0.022950946066836286
293.2758822948884,-0.016281375661492348,0.007061572675881761,197.4034024368577,0.04222268167372678,0.02291078475017276
293.74139956837234,-0.012924391776323318,0.0072876399022547885,197.71674117088446,0.0335080670632002,0.02298316731814466
294.2069168418563,-0.01124589890241623,0.00770150000763018,198.03007990491122,0.0008283596669360627,0.022857982415767857
294.67243411534025,-0.009063859470188618,0.008141840427344125,198.34341863893798,0.003006980855164265,0.022864268468574443
295.1379513888242,-0.00553902518004179,0.008561080264943722,198.65675737296473,0.009542974277462646,0.02289219152042766
295.60346866230816,-0.0028534370940178633,0.009009912980545789,198.9700961069915,-0.00788625494359052,0.0228349149385898
296.0689859357921,0.0011749446857720613,0.009555055724256653,199.28343484101825,0.024793517381480612,0.02274943049600211
296.53450320927607,0.0041962312534451485,0.010140494652346413,199.596773575045,0.01607890277095403,0.02257434870968495
297.00002048276,0.0041962312534451485,0.01061861961091728,199.91011230907176,0.013900281582725937,0.02269867539818094
297.465537756244,0.000839246204122901,0.010855994586203259,200.22345104309852,0.0008283596669360627,0.0227841170725766
297.93105502972793,-0.0001678492408245802,0.010871154949935347,200.5367897771253,0.024793517381480612,0.023021033230301326
298.3965723032119,0.002517738612368703,0.010850790836503735,200.85012851115206,0.01825752395918223,0.022889081570132173
298.86208957669584,0.003524834057316184,0.01098374126144103,201.16346724517882,0.01607890277095403,0.022872097198615944
299.3276068501798,0.0018463416490703821,0.01132634012100105,201.47680597920558,0.0335080670632002,0.02291209414526374
299.7931241236637,-0.0001678492408245802,0.01180024080565928,201.79014471323234,0.0335080670632002,0.023053386666302265
300.25864139714764,-0.0015106431674212217,0.012329513646426002,202.1034834472591,0.04004406048549858,0.022979606601713307
300.7241586706316,-0.0018463416490703821,0.012850103473733242,202.41682218128585,-0.003528947638327229,0.022876056972622752
301.18967594411555,-0.0021820401307195425,0.013330750674677268,202.7301609153126,-0.02531541923583669,0.02288186355023988
301.6551932175995,-0.004531929735094309,0.013712445486561023,203.04349964933937,0.024793517381480612,0.02276711432793317
302.12071049108346,-0.006210422143340111,0.01401555482078838,203.35683838336612,0.024793517381480612,0.02272662815569218
302.5862277645674,-0.004867628216743469,0.014262487831773647,203.67017711739288,0.01607890277095403,0.022676759749114626
303.05174503805137,-0.0018463416490703821,0.014460567052971043,203.98351585141964,0.011721595465690848,0.023436096863745853
303.5172623115353,-0.000839246204122901,0.0146666729988555,204.2968545854464,0.0335080670632002,0.023431403894519965
303.9827795850193,0.0001678492408245802,0.014839080196564483,204.61019331947315,-0.02531541923583669,0.023429964227957813
304.4482968585032,-0.0001678492408245802,0.014937366184757463,204.9235320534999,0.06400915327123624,0.023491681270752008
304.9138141319872,-0.0023498893715441227,0.014995493035586336,205.23687078752667,-0.05799519156090782,0.023442001073775975
305.37933140547113,-0.00553902518004179,0.015054471117293433,205.55020952155343,-0.00788625494359052,0.02342708458650513
305.8448486789551,-0.006210422143340111,0.01513359774877438,205.86354825558018,-0.0013502615212921398,0.023421630243611765
306.310365952439,-0.0038605325389653444,0.015209958679820655,206.17688698960694,0.013900281582725937,0.02325161059029015
306.77588322592294,-0.0015106431674212217,0.01524606160078749,206.4902257236337,0.009542974277462646,0.023262369401807648
307.2414004994069,-0.0003356984816491604,0.015252899066645223,206.80356445766046,0.02043621007621732,0.023267632805574
307.70691777289085,-0.0021820401307195425,0.015253244311861038,207.11690319168721,0.0008283596669360627,0.023125351722525965
308.1724350463748,-0.00587472366169095,0.015249921002231387,207.43024192571397,0.026972138569708815,0.022983124525478807
308.63795231985875,-0.008896009996533394,0.01522572965774283,207.74358065974073,0.024793517381480612,0.022605971189487102
309.1034695933427,-0.008560311049222946,0.015202443767388905,208.0569193937675,0.024793517381480612,0.022849094313308973
309.56898686682666,-0.0068818191066384315,0.015194344627585994,208.37025812779424,0.024793517381480612,0.02298127556957973
310.0345041403106,-0.006210422143340111,0.015187480800255533,208.683596861821,0.053115917472481566,0.022835965462048635
310.50002141379457,-0.003524834057316184,0.015185053452581258,208.99693559584776,0.0335080670632002,0.02283596546204864
310.9655386872785,-0.001678492408245802,0.015184663306941936,209.31027432987452,-0.03185141265813507,0.022852046673120525
311.4310559607625,-0.0028534370940178633,0.015176546002906932,209.62361306390127,0.04657998897899007,0.022852046673120525
311.89657323424643,-0.004867628216743469,0.015162799130397801,209.93695179792803,0.003006980855164265,0.02287998464062796
312.3620905077304,-0.00553902518004179,0.015154531120337314,210.2502905319548,0.005185666972199354,0.02293529495697931
312.8276077812143,-0.0031891355756670237,0.015159785998314747,210.56362926598155,0.003006980855164265,0.02292811136550783
313.29312505469824,-0.0018463416490703821,0.015170481212699299,210.8769680000083,0.029150824686743904,0.042446681951112036
313.7586423281822,-0.000839246204122901,0.015184637300147458,211.19030673403506,-0.0013502615212921398,0.04257003365594118
314.22415960166614,0.0011749446857720613,0.015148735615861433,211.50364546806182,0.011721595465690848,0.04259016420057864
314.6896768751501,0.003524834057316184,0.015054584815752768,211.81698420208858,0.029150824686743904,0.04260228679834306
315.15519414863405,0.0038605325389653444,0.015001321437903684,212.13032293611536,0.007364288160427557,0.04345684288418165
315.620711422118,0.0038605325389653444,0.015011848916076105,212.44366167014212,0.01607890277095403,0.04406335617287291
316.08622869560196,0.0011749446857720613,0.015045137334435226,212.75700040416888,0.009542974277462646,0.04442968261628762
316.5517459690859,-0.00520332669839263,0.015048260910357237,213.07033913819564,0.011721595465690848,0.0447748026866855
317.01726324256987,-0.010910200886428356,0.015016732913389483,213.3836778722224,0.0008283596669360627,0.04476996748806143
317.4827805160538,-0.01258869282901287,0.015024752543003046,213.69701660624915,0.04004406048549858,0.04479845507900027
317.9482977895378,-0.014435035176575184,0.01514185110869094,214.0103553402759,0.02043621007621732,0.044809227677398006
318.41381506302173,-0.02064545638859272,0.015395348250135664,214.32369407430267,0.02043621007621732,0.04464999219959956
318.8793323365057,-0.026352331042289734,0.01579574982194189,214.63703280832942,0.0008283596669360627,0.04460860302877256
319.3448496099896,-0.027695124968886375,0.016268028934041123,214.95037154235618,-0.00570756882655532,0.044643435710549906
319.81036688347353,-0.027862973511219025,0.01665679109710641,215.26371027638294,0.011721595465690848,0.04477559750194149
320.2758841569575,-0.03038071282207966,0.016934210671272012,215.5770490104097,0.011721595465690848,0.0448302136762117
320.74140143044144,-0.03541618958115578,0.01715259685899155,215.89038774443645,0.0008283596669360627,0.04499058842352781
321.2069187039254,-0.03843747451901436,0.017304143848137388,216.2037264784632,0.0008283596669360627,0.04493616717184884
321.67243597740935,-0.035919737070798874,0.01738629864276222,216.51706521248997,0.024793517381480612,0.04491491722686652
322.1379532508933,-0.02702372707426548,0.017431188834508324,216.83040394651673,0.02043621007621732,0.04490910919069439
322.60347052437726,-0.012420844286680222,0.017469031727008786,217.14374268054348,-0.036208655034591364,0.04502571537589176
323.0689877978612,0.0038605325389653444,0.01750083595981803,217.45708141457024,0.01825752395918223,0.04502571537589176
323.53450507134517,0.018631266430020332,0.01753918912928188,217.770420148597,0.007364288160427557,0.04530755397311489
324.0000223448291,0.029037918895483017,0.017560253664972277,218.08375888262375,0.01825752395918223,0.045446061435272626
324.4655396183131,0.03474479168653488,0.01756061352283107,218.3970976166505,0.026972138569708815,0.04544606143527263
324.931056891797,0.037430379539728165,0.017563911876311476,218.71043635067727,0.007364288160427557,0.04533382381917805
325.396574165281,0.03776608034968376,0.017570506726405925,219.02377508470403,0.024793517381480612,0.04550868172975682
325.8620914387649,0.03675898537039757,0.01758614460907167,219.33711381873078,-0.027494105352871778,0.04559457759775309
326.32760871224883,0.03323414921760559,0.01760751186610093,219.65045255275754,0.007364288160427557,0.04603679516266904
326.7931259857328,0.03004501387476921,0.017613432649677543,219.9637912867843,0.02043621007621732,0.046308878613100624
327.25864325921674,0.027359426021575928,0.017605896760924437,220.27713002081106,0.009542974277462646,0.046810262136720196
327.7241605327007,0.024673838168382645,0.017599876199040493,220.59046875483781,-0.0645311200543992,0.04711321709427561
328.18967780618465,0.02534523606300354,0.017599038392520198,220.90380748886457,0.003006980855164265,0.04782430986058537
328.6551950796686,0.023331044241786003,0.017600115565006826,221.21714622289133,-0.0013502615212921398,0.04777464051865235
329.12071235315256,0.017792019993066788,0.017604782551361015,221.5304849569181,0.026972138569708815,0.048034337671302704
329.5862296266365,0.014602883718907833,0.0176212865753149,221.84382369094484,0.003006980855164265,0.047774534490049696
330.05174690012046,0.015106432139873505,0.01764760272476751,222.1571624249716,0.01607890277095403,0.047768638963006066
330.5172641736044,0.016617074608802795,0.017674974646163095,222.47050115899836,0.005185666972199354,0.04808463774981074
330.98278144708837,0.01594567857682705,0.01772370973496789,222.78383989302512,0.0008283596669360627,0.04827567098042347
331.4482987205723,0.010910200886428356,0.017798426228428428,223.09717862705187,0.007364288160427557,0.04882891150285018
331.9138159940563,0.004867628216743469,0.01789370079610157,223.41051736107863,0.005185666972199354,0.04904722421600461
332.3793332675402,0.0018463416490703821,0.018085728795178092,223.72385609510542,0.026972138569708815,0.049345543364532986
332.84485054102413,0.0020141908898949623,0.01841181300211935,224.03719482913218,0.007364288160427557,0.04965729552994832
333.3103678145081,0.002517738612368703,0.01874301376040595,224.35053356315893,0.031329445874972106,0.04985393931324597
333.77588508799204,0.002517738612368703,0.01896756110268113,224.6638722971857,0.0356867531802354,0.05010529906708623
334.241402361476,0.0031891355756670237,0.019064761762413382,224.97721103121245,0.031329445874972106,0.05124944552771374
334.70691963495995,0.0021820401307195425,0.0190755864756866,225.2905497652392,0.011721595465690848,0.054544882122416614
335.1724369084439,0.0005035477224737406,0.019066971386213234,225.60388849926596,0.007364288160427557,0.054964610911986594
335.63795418192785,-0.0010070954449474812,0.019106976534576253,225.91722723329272,0.009542974277462646,0.05508959754188617
336.1034714554118,-0.0028534370940178633,0.019271119960309318,226.23056596731948,0.0008283596669360627,0.055625316122886834
336.56898872889576,-0.0041962312534451485,0.01958241886739749,226.54390470134624,0.011721595465690848,0.05568002840405466
337.0345060023797,-0.004531929735094309,0.019932380102601982,226.857243435373,0.01825752395918223,0.05589659858476453
337.50002327586367,-0.00553902518004179,0.020268716915713254,227.17058216939975,0.0335080670632002,0.056388885237251836
337.9655405493476,-0.006546120624989271,0.020586879376970176,227.4839209034265,-0.36954201459916275,0.05644839151564308
338.4310578228316,-0.0068818191066384315,0.020890571922921174,227.79725963745327,0.0335080670632002,0.05667216896752344
338.89657509631553,-0.0041962312534451485,0.021148518778408756,228.11059837148002,0.01825752395918223,0.056943730633633734
339.3620923697994,0.002517738612368703,0.021346742608965477,228.42393710550678,0.011721595465690848,0.05716355203916696
339.8276096432834,0.010238803923130035,0.02148420034059238,228.73727583953354,0.09015299710281588,0.05721127314748799
340.29312691676733,0.013260089792311192,0.021567572979684393,229.0506145735603,-0.07542435585315399,0.057540544413834896
340.7586441902513,0.011581597849726677,0.021602411626114013,229.36395330758705,-0.06670974124262741,0.058027660464546736
341.22416146373524,0.004867628216743469,0.021615571272410743,229.6772920416138,0.05747322477774486,0.05876844180838889
341.6896787372192,-0.0041962312534451485,0.021613524742341985,229.99063077564057,0.009542974277462646,0.059104889957681185
342.15519601070315,-0.01577782817184925,0.021589146387361244,230.30396950966733,0.0335080670632002,0.05954674667577948
342.6207132841871,-0.026016632094979286,0.021555116957282378,230.61730824369408,0.024793517381480612,0.05960744516393122
343.08623055767106,-0.03306629881262779,0.0215169714250868,230.93064697772084,0.01607890277095403,0.05987381283198957
343.551747831155,-0.038773175328969955,0.021431731181697028,231.2439857117476,0.026972138569708815,0.06025278279360393
344.01726510463897,-0.04179446026682854,0.021282772290857822,231.55732444577436,0.01825752395918223,0.06097346063022695
344.4827823781229,-0.03810177743434906,0.021119683221841542,231.8706631798011,0.0356867531802354,0.061450547236123
344.9482996516069,-0.0320592038333416,0.020962291030504433,232.18400191382787,0.024793517381480612,0.06191604791090953
345.4138169250908,-0.02836652100086212,0.020776117580936237,232.49734064785463,0.04004406048549858,0.062378074851610364
345.8793341985747,-0.02366674318909645,0.020515952814337907,232.81067938188139,0.009542974277462646,0.06292703132094296
346.3448514720587,-0.017959868535399437,0.020201698183151307,233.12401811590814,0.007364288160427557,0.06341756957134441
346.81036874554263,-0.01359578873962164,0.019928945319792467,233.4373568499349,0.011721595465690848,0.06350357752006067
347.2758860190266,-0.01191729586571455,0.019785101740706287,233.75069558396166,0.0335080670632002,0.06371555504658007
347.74140329251054,-0.010910200886428356,0.01977764778928196,234.06403431798842,0.024793517381480612,0.0641308268401637
348.2069205659945,-0.012252994813024998,0.01980053314018448,234.37737305201517,0.055294603589516655,0.0646408625562307
348.67243783947845,-0.009567406959831715,0.01974492364773607,234.69071178604193,0.04004406048549858,0.06491273660306655
349.1379551129624,-0.0021820401307195425,0.019569399015235578,235.00405052006872,0.0335080670632002,0.0656839323764196
349.60347238644636,0.003524834057316184,0.01930273777620562,235.31738925409547,-0.00570756882655532,0.06632445353285349
350.0689896599303,0.00520332669839263,0.018980029851040744,235.63072798812223,0.05747322477774486,0.0663206807963246
350.53450693341426,0.007888914085924625,0.018650158153684836,235.944066722149,0.029150824686743904,0.06679431959461471
351.0000242068982,0.009231708012521267,0.018351056300844725,236.25740545617575,0.07054514669353462,0.06697228654476879
351.46554148038217,0.006546120624989271,0.018106404818898688,236.5707441902025,0.05747322477774486,0.06733652688982593
351.9310587538661,0.0031891355756670237,0.017895834432043352,236.88408292422926,0.07490245399879791,0.06763125518830576
352.39657602735,0.0010070954449474812,0.01771179882209338,237.19742165825602,0.05747322477774486,0.06821150682391179
352.862093300834,-0.0005035477224737406,0.017552875088721706,237.51076039228278,0.08579568979755259,0.06835643788724295
353.32761057431793,-0.0021820401307195425,0.01738320907193988,237.82409912630953,0.024793517381480612,0.06885718232796259
353.7931278478019,-0.0041962312534451485,0.017241034023316806,238.1374378603363,0.05747322477774486,0.06928207434122428
354.25864512128584,-0.007888914085924625,0.01717055545785175,238.45077659436305,0.03786537436846349,0.06975341122612475
354.7241623947698,-0.010238803923130035,0.017137400853994202,238.7641153283898,0.05747322477774486,0.06999078143246432
355.18967966825375,-0.011581597849726677,0.017100094371275888,239.07745406241656,0.05747322477774486,0.07074221368517862
355.6551969417377,-0.01493858266621828,0.017049576816789116,239.39079279644332,0.04440136779076187,0.07115420426216962
356.12071421522165,-0.01728847250342369,0.017004917942089463,239.70413153047008,0.07708107518702612,0.07154328993920452
356.5862314887056,-0.01913481391966343,0.016994780706861976,240.01747026449684,0.048758610167218275,0.07226179064468145
357.05174876218956,-0.02719157747924328,0.017006861062261232,240.3308089985236,0.05965191089477995,0.07326369988116196
357.5172660356735,-0.035751886665821075,0.017015405054776802,240.64414773255035,0.05747322477774486,0.0736171311313169
357.98278330915747,-0.03675898537039757,0.017031374836139843,240.9574864665771,0.053115917472481566,0.07489055269737645
358.4483005826414,-0.031387809664011,0.017062266521831543,241.27082520060387,0.05747322477774486,0.07500525956792804
358.9138178561253,-0.021652551367878914,0.017093102378296615,241.58416393463062,0.11411808988855354,0.07529551542569363
359.3793351296093,-0.009567406959831715,0.01711034618237512,241.89750266865738,0.19472811271390678,0.07610139893257964
359.8448524030932,0.0018463416490703821,0.017117423427784762,242.21084140268414,0.08797431098578079,0.07701394034996119
360.3103696765772,0.013260089792311192,0.017118861596900323,242.5241801367109,0.050937296284253364,0.07745601088203258
360.77588695006114,0.026016632094979286,0.017118592430053387,242.83751887073765,0.08579568979755259,0.07914667601999724
361.2414042235451,0.03608758747577667,0.017118592430053387,243.1508576047644,0.053115917472481566,0.0794399166547887
361.70692149702904,0.038773175328969955,0.017119392227759822,243.46419633879117,0.050937296284253364,0.07997992101126072
362.172438770513,0.03843747451901436,0.017118592430053387,243.77753507281793,0.07708107518702612,0.08023312566655871
362.63795604399695,0.037430379539728165,0.017111723397380582,244.09087380684468,0.026972138569708815,0.08061757046474455
363.1034733174809,0.03675898537039757,0.01710094892390686,244.40421254087144,0.05965191089477995,0.07284502257048907
363.56899059096486,0.034073397517204285,0.017096390818281588,244.7175512748982,0.05747322477774486,0.07307247042222977
364.0345078644488,0.03004501387476921,0.017101010511649393,245.03089000892496,0.053115917472481566,0.07364673864195806
364.50002513793277,0.02534523606300354,0.01710667563213811,245.3442287429517,0.03786537436846349,0.0743688478456417
364.9655424114167,0.019974060356616974,0.01708973626666392,245.65756747697847,0.06400915327123624,0.07444554034987533
365.4310596849006,0.013260089792311192,0.017055868818892764,245.97090621100523,0.0792597613040612,0.07455042100311499
365.89657695838457,0.007888914085924625,0.0170308414660275,246.284244945032,0.09668892559630737,0.07569482381913056
366.3620942318685,0.0041962312534451485,0.017044441128559046,246.59758367905877,0.06618783938827133,0.0762036946669767
366.8276115053525,0.002517738612368703,0.01706648661170294,246.91092241308553,0.07490245399879791,0.0779215360741475
367.29312877883643,-0.0011749446857720613,0.01701250336838121,247.2242611471123,0.048758610167218275,0.07829473721789605
367.7586460523204,-0.0057068741880357265,0.01683213788566645,247.53759988113904,0.06183053208300804,0.07889172165162145
368.22416332580434,-0.00587472366169095,0.016534482044571787,247.8509386151658,0.07272376788176282,0.07961529077941895
368.6896805992883,-0.0036926832981407642,0.016119114664194953,248.16427734919256,0.09668892559630737,0.08004844799922062
369.15519787277225,-0.00520332669839263,0.015617340453785352,248.47761608321932,0.0792597613040612,0.08078581825649082
369.6207151462562,-0.008224613033235073,0.015188616447001693,248.79095481724607,0.0792597613040612,0.08135279372947928
370.08623241974016,-0.009567406959831715,0.01488540822671949,249.10429355127283,0.0792597613040612,0.08180590507924902
370.5517496932241,-0.010238803923130035,0.014647253737870266,249.4176322852996,0.08579568979755259,0.08248406624116816
371.01726696670806,-0.01040665339678526,0.014489289639958181,249.73097101932635,0.08143838249228941,0.08289489452973506
371.482784240192,-0.010910200886428356,0.014404239379556944,250.0443097533531,0.04222268167372678,0.08504948275837598
371.9483015136759,-0.010910200886428356,0.014352965479629852,250.35764848737986,0.05747322477774486,0.08575453428019202
372.41381878715987,-0.01107805036008358,0.014311105778821498,250.67098722140662,0.0836170036805175,0.08603521422124476
372.8793360606438,-0.010574501939117908,0.014275515671942884,250.98432595543338,0.08579568979755259,0.08699960061080501
373.3448533341278,-0.010574501939117908,0.014231180402202767,251.29766468946013,0.06183053208300804,0.08758731241832302
373.81037060761173,-0.010238803923130035,0.01420888676836841,251.6110034234869,0.10540354020683396,0.08819444863549833
374.2758878810957,-0.009903104975819588,0.01421140673813414,251.92434215751365,0.09886754678453558,0.08907802622740517
374.74140515457964,-0.008896009996533394,0.014207320826728211,252.2376808915404,0.0008283596669360627,0.08975689394036374
375.2069224280636,-0.009903104975819588,0.014199979910896506,252.55101962556716,0.08579568979755259,0.08996789821424037
375.67243970154755,-0.012924391776323318,0.014185286685869491,252.86435835959392,0.05747322477774486,0.09049923661477093
376.1379569750315,-0.012252994813024998,0.01416857134377363,253.17769709362068,0.07272376788176282,0.09056662016462179
376.60347424851545,-0.009567406959831715,0.014160243460906993,253.49103582764744,0.06836646057649953,0.09106674272634047
377.0689915219994,-0.0068818191066384315,0.014156970452454894,253.8043745616742,0.09233161829104408,0.09139645029434829
377.53450879548336,-0.0030212863348424435,0.014156644969911952,254.11771329570095,0.0792597613040612,0.09160367801389575
378.0000260689673,-0.0028534370940178633,0.014158132829026247,254.4310520297277,0.08579568979755259,0.09179472350845667
378.4655433424512,-0.0041962312534451485,0.014172185386042433,254.74439076375447,0.0792597613040612,0.0919611936064048
378.93106061593517,-0.007553216069936752,0.01422722047011738,255.05772949778122,0.08797431098578079,0.09218634362164713
379.3965778894191,-0.009567406959831715,0.014312467200802714,255.37106823180798,0.05965191089477995,0.0923657540530356
379.8620951629031,-0.009567406959831715,0.014391355706966187,255.68440696583474,0.10758216139506205,0.09230839228551545
380.327612436387,-0.009567406959831715,0.014464426888656016,255.9977456998615,0.0792597613040612,0.0925135773041061
380.793129709871,-0.009567406959831715,0.014534377445010852,256.31108443388825,0.07708107518702612,0.09273105322058994
381.25864698335494,-0.009063859470188618,0.014570853197690213,256.62442316791504,0.10540354020683396,0.09319081729974257
381.7241642568389,-0.008224613033235073,0.014482518886677963,256.93776190194177,0.12501139061611521,0.09362767015146298
382.18968153032284,-0.00587472366169095,0.014252635542671435,257.25110063596856,0.0792597613040612,0.09407439590804306
382.6551988038068,-0.007888914085924625,0.013902426730448518,257.5644393699953,0.14244055490836138,0.09418893055351814
383.12071607729075,-0.010910200886428356,0.013552260581463823,257.87777810402207,0.053115917472481566,0.09595595431794171
383.5862333507747,-0.010910200886428356,0.013343938278044329,258.1911168380488,0.07708107518702612,0.09642812925598795
384.05175062425866,-0.008560311049222946,0.013310193372836643,258.5044555720756,0.11847539719381683,0.09642812925598794
384.5172678977426,-0.00553902518004179,0.013374842260649392,258.8177943061023,0.12283270449908013,0.0948998622368567
384.98278517122657,-0.0023498893715441227,0.01339923115941241,259.1311330401291,0.08579568979755259,0.09488121906376866
385.44830244471046,-0.0001678492408245802,0.013339438628848876,259.44447177415583,0.16858433381113413,0.09507986289991277
385.9138197181944,-0.0028534370940178633,0.013138756233247766,259.7578105081826,0.07054514669353462,0.09509846713072578
386.3793369916784,-0.004531929735094309,0.0128038249072965,260.07114924220934,0.09668892559630737,0.09550487974100844
386.8448542651623,-0.0041962312534451485,0.012492057272303094,260.38448797623613,0.06836646057649953,0.09601376508118349
387.3103715386463,-0.0023498893715441227,0.012188908567776633,260.69782671026286,0.08797431098578079,0.09626497816400584
387.77588881213023,0.0018463416490703821,0.011887863632273704,261.01116544428965,0.09451030440807917,0.09668256549246984
388.2414060856142,0.00553902518004179,0.011619762985275103,261.3245041783164,0.06836646057649953,0.09713893433299425
388.70692335909814,0.00587472366169095,0.011416308770197534,261.63784291234316,0.09668892559630737,0.09760538666534944
389.1724406325821,0.00520332669839263,0.011225405662881329,261.9511816463699,0.10758216139506205,0.0979173921715718
389.63795790606605,0.006546120624989271,0.01106723021602866,262.2645203803967,0.09668892559630737,0.09837808046017078
390.10347517955,0.007217517588287592,0.01096166487150205,262.5778591144234,0.08579568979755259,0.09952672605944775
390.56899245303396,0.006546120624989271,0.010915448467351457,262.8911978484502,0.15115516951888797,0.09957736367013456
391.0345097265179,0.008560311049222946,0.010909078402274397,263.2045365824769,0.10758216139506205,0.09946669709939987
391.50002700000186,0.009903104975819588,0.010914676539112095,263.5178753165037,0.16858433381113413,0.0998040529479213
391.96554427348576,0.007217517588287592,0.010918342727440692,263.8312140505305,0.08579568979755259,0.09988598005098343
392.4310615469697,0.004867628216743469,0.01093251351158651,264.1445527845572,0.10322485408979876,0.10040613332504225
392.89657882045367,0.00553902518004179,0.010975839705864094,264.457891518584,0.11193946870032534,0.10066297223760845
393.3620960939376,0.007217517588287592,0.011066754376228302,264.77123025261074,0.09015299710281588,0.1008512663424156
393.8276133674216,0.006546120624989271,0.011191448693555773,265.0845689866375,0.11411808988855354,0.1008512663424156
394.29313064090553,0.006210422143340111,0.011329501292036623,265.39790772066425,0.10540354020683396,0.1023066476250757
394.7586479143895,0.007217517588287592,0.011441650680318825,265.71124645469104,0.09233161829104408,0.10237319192645511
395.22416518787344,0.007217517588287592,0.011495282493273648,266.02458518871777,0.11629677600558863,0.10384563999241335
395.6896824613574,0.008224613033235073,0.011489875578812871,266.33792392274455,0.08579568979755259,0.104014202798245
396.15519973484135,0.007721065077930689,0.011446677833039957,266.6512626567713,0.19690679883094198,0.104014202798245
396.6207170083253,0.00520332669839263,0.01142346775234455,266.96460139079807,0.11411808988855354,0.10411812737375659
397.08623428180925,0.0036926832981407642,0.011513866530356801,267.2779401248248,0.0792597613040612,0.10435222937967525
397.5517515552932,0.0031891355756670237,0.01179116700009626,267.5912788588516,0.1359046264148699,0.10440307635334374
398.01726882877716,0.0038605325389653444,0.012244686265368041,267.9046175928783,0.11847539719381683,0.10423274198817983
398.48278610226106,0.004867628216743469,0.012690880692524277,268.2179563269051,0.11411808988855354,0.10473654354943099
398.948303375745,0.003524834057316184,0.013011000354545296,268.5312950609318,0.1337259402978348,0.10482186012391562
399.41382064922897,0.0,0.01324255482531145,268.8446337949586,0.11411808988855354,0.1046360482865852
399.8793379227129,-0.0021820401307195425,0.013428154943283503,269.15797252898534,0.08579568979755259,0.10499835579564328
400.3448551961969,-0.0041962312534451485,0.013551590148001972,269.4713112630121,0.10540354020683396,0.10487870731581482
400.81037246968083,-0.00587472366169095,0.013611408268741255,269.78464999703885,0.0792597613040612,0.10531088353526882
401.2758897431648,-0.0041962312534451485,0.013639930495518328,270.09798873106564,0.11411808988855354,0.1053549522356572
401.74140701664874,-0.0005035477224737406,0.013633674626556078,270.41132746509237,0.10976084751209725,0.1054908316095635
402.2069242901327,-0.0001678492408245802,0.01361821573447401,270.72466619911916,0.08579568979755259,0.10650082504259659
402.67244156361664,-0.0021820401307195425,0.013651016021979838,271.0380049331459,0.10540354020683396,0.10650082504259659
403.1379588371006,-0.0068818191066384315,0.013705300602185284,271.35134366717267,-0.062352498866171,0.10634548125101126
403.60347611058455,-0.01359578873962164,0.013739838195203425,271.6646824011994,0.08797431098578079,0.10640949985522245
404.0689933840685,-0.017959868535399437,0.013745356154026271,271.9780211352262,0.07054514669353462,0.10624943011915369
404.53451065755246,-0.018631266430020332,0.013738180456629641,272.2913598692529,0.04657998897899007,0.10652248111644669
405.00002793103636,-0.01896696351468563,0.013723146283746395,272.6046986032797,0.08579568979755259,0.10633750492926451
405.4655452045203,-0.020981155335903168,0.013693105332948225,272.91803733730643,0.0792597613040612,0.10606111474659033
405.93106247800426,-0.020309757441282272,0.013664000397155627,273.2313760713332,0.12283270449908013,0.10630898168754649
406.3965797514882,-0.009567406959831715,0.013642912600461419,273.54471480535994,0.10540354020683396,0.10671170705646786
406.8620970249722,0.0057068741880357265,0.013634418139962134,273.85805353938673,0.11193946870032534,0.10643639063059197
407.3276142984561,0.01493858266621828,0.013643916139318892,274.17139227341346,0.07490245399879791,0.10673192422760043
407.7931315719401,0.017959868535399437,0.013638820475405157,274.48473100744025,0.19690679883094198,0.10616438845273587
408.25864884542403,0.019638361409306526,0.013604026423313811,274.798069741467,0.11411808988855354,0.10656970963018263
408.724166118908,0.01930266246199608,0.013563320551142063,275.11140847549376,0.11411808988855354,0.10694683532949488
409.18968339239194,0.016617074608802795,0.013539227238174162,275.42474720952055,0.08143838249228941,0.1065925516071925
409.6552006658759,0.008560311049222946,0.013532924819193042,275.7380859435473,0.08579568979755259,0.10650198872108248
410.12071793935985,-0.0021820401307195425,0.013532662154742291,276.05142467757406,0.08143838249228941,0.1066464394242187
410.5862352128438,-0.01040665339678526,0.013532895634505828,276.3647634116008,0.08797431098578079,0.10580747002080694
411.05175248632776,-0.01930266246199608,0.013530872009377085,276.6781021456276,0.10540354020683396,0.10640172799018341
411.51726975981165,-0.02568093314766884,0.013526590265614745,276.9914408796543,0.11411808988855354,0.1062669635669351
411.9827870332956,-0.026016632094979286,0.013531105519516794,277.3047796136811,0.10540354020683396,0.10663346220002826
412.44830430677956,-0.025009537115693092,0.01355448483192229,277.6181183477078,0.09668892559630737,0.10670396036415948
412.9138215802635,-0.026016632094979286,0.013596843910842126,277.9314570817346,0.11411808988855354,0.10684029954124126
413.37933885374747,-0.02568093314766884,0.01366283451799056,278.24479581576134,0.11411808988855354,0.10686718463884864
413.8448561272314,-0.020981155335903168,0.013749052707965085,278.5581345497881,0.09668892559630737,0.10657144245627516
414.3103734007154,-0.016281375661492348,0.013812181334213096,278.87147328381485,0.10540354020683396,0.10638655139907853
414.77589067419933,-0.012252994813024998,0.013843029052035589,279.18481201784164,0.16858433381113413,0.10614356291441046
415.2414079476833,-0.008224613033235073,0.013876085401226965,279.49815075186837,0.08579568979755259,0.10623104050297258
415.70692522116724,-0.0068818191066384315,0.01391216740886029,279.81148948589515,0.0836170036805175,0.10601240344620083
416.1724424946512,-0.00553902518004179,0.013932592562145296,280.1248282199219,0.10758216139506205,0.10639587364931267
416.63795976813515,-0.0038605325389653444,0.013922383735559452,280.43816695394867,0.08579568979755259,0.1057174433347616
417.1034770416191,-0.00587472366169095,0.013907955728078363,280.7515056879754,0.11629677600558863,0.10830068752909448
417.56899431510305,-0.011581597849726677,0.013900077871431998,281.0648444220022,0.09668892559630737,0.10790941686886439
418.03451158858695,-0.01577782817184925,0.013890906665385543,281.3781831560289,0.09668892559630737,0.10782818829736451
418.5000288620709,-0.01762416958808899,0.013874975306383769,281.6915218900557,0.09668892559630737,0.10747935041667929
418.96554613555486,-0.01896696351468563,0.01386100135063375,282.0048606240824,0.19472811271390678,0.10724939460930522
419.4310634090388,-0.018463416025042534,0.013848002043377387,282.3181993581092,0.08797431098578079,0.10742257633200182
419.89658068252277,-0.01493858266621828,0.013830879077612096,282.63153809213594,0.19690679883094198,0.1076180538750669
420.3620979560067,-0.009567406959831715,0.013817470322248006,282.9448768261627,0.10540354020683396,0.10736654876422287
420.8276152294907,-0.0015106431674212217,0.013796722068210785,283.25821556018946,0.08143838249228941,0.10738302433386654
421.29313250297463,0.007888914085924625,0.013778130854992958,283.57155429421624,0.06400915327123624,0.10594472168407087
421.7586497764586,0.018463416025042534,0.013776984196684154,283.88489302824297,0.09233161829104408,0.10578254027682277
422.22416704994254,0.02853437140583992,0.013778331510986315,284.19823176226976,0.09015299710281588,0.10586403096841528
422.6896843234265,0.035751886665821075,0.013777031976679652,284.5115704962965,0.05965191089477995,0.10524028666348122
423.15520159691044,0.03608758747577667,0.013772750290549992,284.82490923032327,0.12283270449908013,0.10515193472014066
423.6207188703944,0.031387809664011,0.013764795053451781,285.13824796435,0.11411808988855354,0.1049000149280844
424.08623614387835,0.027359426021575928,0.013760662636041318,285.4515866983768,0.07490245399879791,0.10451917171268206
424.55175341736225,0.024673838168382645,0.013761131421707672,285.7649254324035,0.09015299710281588,0.10433612046204563
425.0172706908462,0.021316854283213615,0.013764575071755734,286.0782641664303,0.06836646057649953,0.10437045129323039
425.48278796433016,0.018463416025042534,0.013759064817310616,286.39160290045703,0.11411808988855354,0.10421944053956335
425.9483052378141,0.015274280682206154,0.013753810800943213,286.7049416344838,0.0792597613040612,0.10428476429138145
426.41382251129806,0.008560311049222946,0.013762384626204367,287.0182803685106,0.08797431098578079,0.10387170677132447
426.879339784782,-0.0015106431674212217,0.013779974863311503,287.33161910253733,0.1772989484216606,0.10364401812178316
427.344857058266,-0.010238803923130035,0.013790365491134776,287.6449578365641,0.0792597613040612,0.10356506392850118
427.8103743317499,-0.012924391776323318,0.01379184513641273,287.95829657059085,0.06183053208300804,0.10365134476537392
428.2758916052339,-0.010910200886428356,0.013779239200153557,288.27163530461763,0.08797431098578079,0.10406236629274628
428.74140887871783,-0.008560311049222946,0.013724479683736341,288.58497403864436,0.06400915327123624,0.1039522584262489
429.2069261522018,-0.008392462506890297,0.013630458681355134,288.89831277267115,0.09886754678453558,0.1042072189812398
429.67244342568574,-0.0068818191066384315,0.013524263922780697,289.2116515066979,0.08579568979755259,0.10428133136029169
430.1379606991697,-0.0018463416490703821,0.01341141867404563,289.52499024072466,0.0008283596669360627,0.10435171820011747
430.60347797265365,0.002517738612368703,0.013263356032962048,289.8383289747514,0.10758216139506205,0.10433646413966358
431.0689952461376,0.004531929735094309,0.013118439739639168,290.1516677087782,0.14244055490836138,0.10367734927548476
431.5345125196215,0.006546120624989271,0.013088700690171087,290.4650064428049,0.09668892559630737,0.10369826104179726
432.00002979310545,0.007888914085924625,0.013084405053670868,290.7783451768317,0.11411808988855354,0.10363422833991107
432.4655470665894,0.0068818191066384315,0.013014187264547224,291.0916839108584,0.08579568979755259,0.10371312988008223
432.93106434007336,0.0041962312534451485,0.01290528835168052,291.4050226448852,0.10976084751209725,0.1022880684375337
433.3965816135573,0.000839246204122901,0.012766126233753117,291.71836137891194,0.12065408331085192,0.1021200799029455
433.86209888704127,-0.0018463416490703821,0.012629100254656576,292.0317001129387,0.07708107518702612,0.10172385832026944
434.3276161605252,-0.003524834057316184,0.012526608288805828,292.34503884696545,0.11411808988855354,0.10216139089910216
434.7931334340092,-0.0021820401307195425,0.012500095717833885,292.65837758099224,0.10322485408979876,0.10206656585512523
435.25865070749313,-0.000839246204122901,0.012501359496277679,292.97171631501897,0.09668892559630737,0.1026618928250893
435.7241679809771,-0.0015106431674212217,0.012463865723452844,293.28505504904575,0.1359046264148699,0.10232159230694891
436.18968525446104,-0.0028534370940178633,0.012324248487368622,293.5983937830725,0.0792597613040612,0.1022220907385029
436.655202527945,-0.00553902518004179,0.012071989552241903,293.91173251709927,0.11411808988855354,0.10324068757540639
437.12071980142895,-0.008560311049222946,0.01180717828230053,294.225071251126,0.09668892559630737,0.1032406875754064
437.5862370749129,-0.01124589890241623,0.011559546838493636,294.5384099851528,0.10976084751209725,0.10338459774390142
438.0517543483968,-0.01493858266621828,0.011288780609641877,294.8517487191795,0.07272376788176282,0.1031995340504679
438.51727162188075,-0.016952773556113243,0.011016713300099894,295.1650874532063,0.050937296284253364,0.10294283649073058
438.9827888953647,-0.014602883718907833,0.010828686569667241,295.478426187233,0.08579568979755259,0.1028525622752224
439.44830616884866,-0.011581597849726677,0.010714679990741,295.7917649212598,0.06183053208300804,0.10298543663833626
439.9138234423326,-0.012252994813024998,0.010656725214742617,296.10510365528654,0.09668892559630737,0.10209733019424246
440.37934071581657,-0.012252994813024998,0.010647826749891686,296.4184423893133,0.1337259402978348,0.10218827159205189
440.8448579893005,-0.011581597849726677,0.010643968438151397,296.73178112334006,0.14244055490836138,0.10239758974236177
441.3103752627845,-0.008224613033235073,0.010631493552972122,297.04511985736684,0.11411808988855354,0.1024636940574516
441.77589253626843,-0.0030212863348424435,0.010625547984279943,297.35845859139357,0.25790897124701395,0.10261382967328042
442.2414098097524,0.0005035477224737406,0.010610967260295878,297.67179732542036,0.04004406048549858,0.1022527758373285
442.70692708323634,0.0018463416490703821,0.010559526836999384,297.98513605944714,0.10322485408979876,0.10233322816456385
443.1724443567203,0.0021820401307195425,0.010454337982853473,298.2984747934739,0.009542974277462646,0.10243478704534062
443.63796163020425,0.0011749446857720613,0.010315599852406177,298.61181352750066,0.08797431098578079,0.10290470233479387
444.1034789036882,-0.0001678492408245802,0.01015134248389073,298.9251522615274,0.12283270449908013,0.10150757455767455
444.5689961771721,0.0011749446857720613,0.00999351673246422,299.2384909955542,0.11411808988855354,0.10138030654651757
445.03451345065605,0.003524834057316184,0.009889269908660285,299.5518297295809,0.08797431098578079,0.1000971509531873
445.50003072414,0.002517738612368703,0.009849785981465523,299.8651684636077,0.08797431098578079,0.09969883351063258
445.96554799762396,-0.0021820401307195425,0.009853527722651174,300.1785071976344,0.07708107518702612,0.09954267875298053
446.4310652711079,-0.004867628216743469,0.009832341403322873,300.4918459316612,0.09668892559630737,0.09996080869041435
446.89658254459187,-0.0041962312534451485,0.009677475985367874,300.80518466568793,0.09015299710281588,0.09975359896951652
447.3620998180758,-0.002517738612368703,0.009276123577888236,301.1185233997147,0.06618783938827133,0.10023691649693542
447.8276170915598,-0.0015106431674212217,0.00861002660506411,301.43186213374145,0.10976084751209725,0.10031755256933217
448.2931343650437,-0.0005035477224737406,0.0078716232603861,301.74520086776823,0.08579568979755259,0.09999280835900147
448.7586516385277,-0.0005035477224737406,0.007266328147694254,302.05853960179496,0.09668892559630737,0.10057691031608589
449.22416891201163,0.0011749446857720613,0.006771140142780235,302.37187833582175,0.09451030440807917,0.10083209981431748
449.6896861854956,0.0038605325389653444,0.006338766653797751,302.6852170698485,0.09015299710281588,0.10097021700087075
450.15520345897954,0.0011749446857720613,0.005998137585226035,302.99855580387526,0.08797431098578079,0.10135587026034293
450.6207207324635,-0.004364080261439085,0.005729184408642228,303.311894537902,0.08797431098578079,0.10124665739209883
451.0862380059474,-0.006546120624989271,0.005535648954138251,303.6252332719288,0.06183053208300804,0.10133179589120585
451.55175527943135,-0.007217517588287592,0.005476350899763129,303.9385720059555,0.0836170036805175,0.1013143362855893
452.0172725529153,-0.00553902518004179,0.005489413061187644,304.2519107399823,0.07490245399879791,0.10005874675481058
452.48278982639926,-0.0030212863348424435,0.00540823070025799,304.565249474009,0.11411808988855354,0.10018243348295633
452.9483070998832,-0.0031891355756670237,0.005262148652681955,304.8785882080358,0.11411808988855354,0.10018243348295634
453.41382437336716,-0.004867628216743469,0.005161104376972678,305.19192694206254,0.07272376788176282,0.10018243348295636
453.8793416468511,-0.0068818191066384315,0.005110451320855894,305.5052656760893,0.10322485408979876,0.10033455095735026
454.34485892033507,-0.006210422143340111,0.0050515046708083915,305.81860441011605,0.06183053208300804,0.10003269307409324
454.810376193819,-0.00587472366169095,0.005007529451432789,306.13194314414284,0.09451030440807917,0.09993584821611916
455.275893467303,-0.0041962312534451485,0.00500563616605012,306.44528187816957,0.07708107518702612,0.10027941367673146
455.74141074078693,-0.0018463416490703821,0.005013625174191027,306.75862061219635,0.02043621007621732,0.10006566480704042
456.2069280142709,-0.0028534370940178633,0.005008370679900541,307.0719593462231,0.10758216139506205,0.0994600975240429
456.67244528775484,-0.004531929735094309,0.004975880641366396,307.38529808024987,0.10540354020683396,0.09920014429963676
457.1379625612388,-0.00520332669839263,0.004921610619368961,307.6986368142766,0.08579568979755259,0.09889864607965015
457.6034798347227,-0.004531929735094309,0.004877112067246938,308.0119755483034,0.08579568979755259,0.09914260282135186
458.06899710820664,-0.0018463416490703821,0.004860888869065879,308.3253142823301,0.09668892559630737,0.09907696838722144
458.5345143816906,0.0005035477224737406,0.004860888869065879,308.6386530163569,0.06618783938827133,0.0988310002184533
459.00003165517455,0.0005035477224737406,0.004874519984198985,308.9519917503836,0.12719001180434342,0.09914204758585353
459.4655489286585,-0.0015106431674212217,0.0048794869356180446,309.2653304844104,0.07272376788176282,0.09882381899449837
459.93106620214246,-0.0028534370940178633,0.004897584308305888,309.5786692184372,0.14026193372013318,0.09876201586904855
460.3965834756264,-0.0028534370940178633,0.00491647201127429,309.8920079524639,-0.016600869554116993,0.09874230492236435
460.86210074911037,-0.0015106431674212217,0.00491647201127429,310.2053466864907,0.09451030440807917,0.09860770751048246
461.3276180225943,-0.0010070954449474812,0.004908968561445777,310.51868542051744,0.1881921842204154,0.0987529247872362
461.7931352960783,0.0005035477224737406,0.004880350238631608,310.83202415454423,0.10540354020683396,0.09921674297741931
462.25865256956223,0.002517738612368703,0.004814298163352716,311.14536288857096,0.11193946870032534,0.09921674297741931
462.7241698430462,0.0038605325389653444,0.004700058949523316,311.45870162259774,0.09451030440807917,0.09931037533244079
463.18968711653014,0.0031891355756670237,0.004485649490744714,311.7720403566245,0.08579568979755259,0.09906768991443103
463.6552043900141,0.000839246204122901,0.004184638202589586,312.08537909065126,0.08579568979755259,0.09922543260018757
464.120721663498,-0.0015106431674212217,0.003944966215326654,312.398717824678,0.11847539719381683,0.09940183053150928
464.58623893698194,-0.0041962312534451485,0.0037927917954442866,312.7120565587048,0.09451030440807917,0.10006059244200721
465.0517562104659,-0.0068818191066384315,0.0036136166016079506,313.0253952927315,0.09668892559630737,0.10012159398443797
465.51727348394985,-0.006210422143340111,0.003413993140422571,313.3387340267583,0.10758216139506205,0.0995787001924446
465.9827907574338,-0.0015106431674212217,0.003225217699006041,313.652072760785,0.11411808988855354,0.09891920492428175
466.44830803091776,0.0011749446857720613,0.003132784382487207,313.9654114948118,0.10322485408979876,0.09874548535277165
466.9138253044017,-0.0011749446857720613,0.0031376973053203723,314.27875022883853,0.07490245399879791,0.09577420483599049
467.37934257788567,-0.0041962312534451485,0.0031634378038636413,314.5920889628653,0.10540354020683396,0.09613111131671306
467.8448598513696,-0.003524834057316184,0.0031767271742075085,314.90542769689205,0.10758216139506205,0.09610947617420022
468.3103771248536,-0.0015106431674212217,0.003171750185494653,315.21876643091883,0.14026193372013318,0.09653837986489838
468.7758943983375,-0.0001678492408245802,0.0031697572019194387,315.53210516494556,0.08579568979755259,0.09665790683230596
469.2414116718215,0.000839246204122901,0.003174737315004692,315.84544389897235,0.07054514669353462,0.09605202478811219
469.70692894530544,-0.0011749446857720613,0.003190951519502582,316.1587826329991,0.10540354020683396,0.09581357050283537
470.1724462187894,-0.0028534370940178633,0.0031985339263993656,316.47212136702586,0.050937296284253364,0.09602344318270456
470.6379634922733,-0.0031891355756670237,0.0032149557224218713,316.7854601010526,0.05747322477774486,0.09608146824521543
471.10348076575724,-0.0041962312534451485,0.0032260747941581765,317.0987988350794,0.11411808988855354,0.09633250477387252
471.5689980392412,-0.0041962312534451485,0.0031985339259426085,317.4121375691061,0.06400915327123624,0.09885814849152176
472.03451531272515,-0.0005035477224737406,0.003187649196004045,317.7254763031329,0.1359046264148699,0.09883980258295345
472.5000325862091,0.0018463416490703821,0.003215406130678114,318.0388150371596,0.07272376788176282,0.0988009101644053
472.96554985969306,0.0003356984816491604,0.0032564160561386704,318.3521537711864,0.09015299710281588,0.09859694975583473
473.431067133177,-0.0021820401307195425,0.0032773713294932407,318.66549250521314,0.15986971920060755,0.09861489047148063
473.89658440666096,-0.0021820401307195425,0.0032837922028657192,318.9788312392399,0.10540354020683396,0.09861489047148063
474.3621016801449,-0.0015106431674212217,0.003281867259889783,319.29216997326665,0.10540354020683396,0.09854040593411591
474.82761895362887,-0.0021820401307195425,0.0032625553651829823,319.60550870729344,0.11411808988855354,0.09879602410746265
475.2931362271128,-0.0018463416490703821,0.0032609408781561666,319.91884744132017,0.10322485408979876,0.09904560818820395
475.7586535005968,-0.0001678492408245802,0.003233900530694105,320.23218617534695,0.09015299710281588,0.09920449494929254
476.22417077408073,0.0018463416490703821,0.0031734100478719987,320.5455249093737,0.08579568979755259,0.09937100266369857
476.6896880475647,0.0041962312534451485,0.0030978358249072416,320.85886364340047,0.06618783938827133,0.09970753304252301
477.1552053210486,0.0031891355756670237,0.003051377321800563,321.17220237742725,0.09451030440807917,0.09969245832237895
477.62072259453254,0.0005035477224737406,0.0030389261984469862,321.485541111454,0.06183053208300804,0.09942670668830819
478.0862398680165,-0.002517738612368703,0.0030232901844047815,321.79887984548077,0.08797431098578079,0.10175709387619691
478.55175714150045,-0.0041962312534451485,0.0029917730055865183,322.1122185795075,0.08579568979755259,0.10168976215364607
479.0172744149844,-0.002517738612368703,0.0029367006291622266,322.4255573135343,0.05747322477774486,0.10131101514676444
479.48279168846835,-0.0001678492408245802,0.0028849597045261816,322.738896047561,0.07272376788176282,0.10142437570392353
479.9483089619523,-0.0011749446857720613,0.0028296694982882058,323.0522347815878,0.08579568979755259,0.10127121476498087
480.41382623543626,-0.0038605325389653444,0.0028061227682686864,323.3655735156145,0.0836170036805175,0.10130308113923152
480.8793435089202,-0.0038605325389653444,0.0028042455118162473,323.6789122496413,0.08579568979755259,0.10143609734877
481.34486078240417,-0.0028534370940178633,0.002791823961173564,323.99225098366804,0.06183053208300804,0.10152593592078249
481.8103780558881,-0.0021820401307195425,0.0027584263719561985,324.30558971769483,0.08143838249228941,0.10125765305047207
482.2758953293721,-0.000839246204122901,0.002727854895974703,324.61892845172156,0.11193946870032534,0.10147369989804052
482.74141260285603,0.000839246204122901,0.002773419608536249,324.93226718574834,0.10322485408979876,0.1016892877382146
483.20692987634,-0.000839246204122901,0.002846508081330973,325.2456059197751,0.09668892559630737,0.10200259541893557
483.67244714982394,-0.0041962312534451485,0.002877191516998622,325.55894465380186,0.11193946870032534,0.10207406673104132
484.13796442330784,-0.0041962312534451485,0.0028968910414573453,325.8722833878286,0.0792597613040612,0.10197601130006717
484.6034816967918,-0.004867628216743469,0.0028987082995931435,326.1856221218554,0.09668892559630737,0.10214283052027556
485.06899897027574,-0.004531929735094309,0.0028866932545338893,326.4989608558821,0.09451030440807917,0.10181552504766217
485.5345162437597,-0.0015106431674212217,0.0028736660788762857,326.8122995899089,0.12501139061611521,0.10235437692200597
486.00003351724365,0.0005035477224737406,0.0028920697849346222,327.1256383239356,0.09668892559630737,0.10429991653067798
486.4655507907276,-0.000839246204122901,0.0029210582400564012,327.4389770579624,0.15115516951888797,0.10312541212968235
486.93106806421156,-0.0021820401307195425,0.0029486904891663844,327.75231579198913,0.09668892559630737,0.10282004699595787
487.3965853376955,-0.0031891355756670237,0.0029461891760075762,328.0656545260159,0.11847539719381683,0.10261975266257778
487.86210261117947,-0.003524834057316184,0.0029246615975479953,328.37899326004265,0.011721595465690848,0.1026387189790756
488.3276198846634,-0.0028534370940178633,0.0029160060665079403,328.69233199406943,0.07708107518702612,0.10263871897907559
488.7931371581474,-0.0021820401307195425,0.0029149223179835344,329.00567072809616,0.10540354020683396,0.1027291811115247
489.2586544316313,-0.0028534370940178633,0.0029188940953720935,329.31900946212295,0.1337259402978348,0.10388707215729164
489.7241717051153,-0.0028534370940178633,0.0029007967390344115,329.6323481961497,0.10322485408979876,0.10365700356525827
490.18968897859924,-0.0001678492408245802,0.002831343905142701,329.94568693017646,0.0792597613040612,0.10336232487971111
490.65520625208313,-0.0001678492408245802,0.002774985636094465,330.2590256642032,0.0792597613040612,0.10367362329657974
491.1207235255671,-0.0021820401307195425,0.0027848361174067724,330.57236439823,0.09668892559630737,0.10367362329657973
491.58624079905104,-0.003524834057316184,0.002799546852838359,330.8857031322567,0.06836646057649953,0.10375810438191119
492.051758072535,-0.0041962312534451485,0.0028108104136642274,331.1990418662835,0.09451030440807917,0.1041139380616526
492.51727534601895,-0.003524834057316184,0.0027825660212268304,331.5123806003102,0.10104623290157067,0.10409353534539538
492.9827926195029,-0.0011749446857720613,0.002762813750856338,331.825719334337,0.09451030440807917,0.10401273866681837
493.44830989298686,0.0001678492408245802,0.0027696670164690427,332.13905806836374,0.10104623290157067,0.10362729881418957
493.9138271664708,-0.0018463416490703821,0.0027849779334952387,332.4523968023905,0.050937296284253364,0.1036618643938426
494.37934443995476,-0.003524834057316184,0.0028045741085984265,332.7657355364173,0.09015299710281588,0.10406946322772435
494.8448617134387,-0.0041962312534451485,0.002824919913681045,333.07907427044404,0.10976084751209725,0.10393546463199281
495.3103789869227,-0.0041962312534451485,0.0028118406459704056,333.3924130044708,0.09451030440807917,0.10414953478298422
495.7758962604066,-0.003524834057316184,0.002795075817459374,333.70575173849755,0.10540354020683396,0.10436576720774074
496.2414135338906,-0.0021820401307195425,0.0027761714296024283,334.01909047252434,0.24919435663648737,0.10395303155338646
496.70693080737453,-0.0031891355756670237,0.0027636236950641783,334.33242920655107,0.08797431098578079,0.10405120254472615
497.17244808085843,-0.005035477224737406,0.0027725175374872335,334.64576794057785,0.05965191089477995,0.10337935436929085
497.6379653543424,-0.00553902518004179,0.0027671941774154722,334.9591066746046,0.08797431098578079,0.1032922911590631
498.10348262782634,-0.0038605325389653444,0.0027776885117526007,335.27244540863137,0.08797431098578079,0.1035135188576013
498.5689999013103,-0.0021820401307195425,0.0028016152192103885,335.5857841426581,0.09668892559630737,0.10316643384445638
499.03451717479425,-0.0001678492408245802,0.0027959705893210356,335.8991228766849,0.08579568979755259,0.10325304778716445
499.5000344482782,0.0011749446857720613,0.0028128704977011254,336.2124616107116,0.11629677600558863,0.10308324034011516
499.96555172176215,0.0005035477224737406,0.0028754522161154026,336.5258003447384,0.11411808988855354,0.10306091253887661
500.4310689952461,0.0005035477224737406,0.002978011951966323,336.83913907876513,0.10540354020683396,0.10310255225575356
500.89658626873006,0.0011749446857720613,0.00303788627748648,337.1524778127919,0.08579568979755259,0.10315788496158257
501.362103542214,0.0011749446857720613,0.003041134775465002,337.46581654681864,-0.1189973639769798,0.10284714625767631
501.82762081569797,-0.0003356984816491604,0.0030140006541858624,337.77915528084543,0.07272376788176282,0.10294938770332114
502.2931380891819,-0.0010070954449474812,0.0030003415743893014,338.09249401487216,0.08579568979755259,0.10296829330248096
502.7586553626659,-0.0001678492408245802,0.00301574734410679,338.40583274889894,0.25137304275352257,0.10280980311750372
503.22417263614983,0.0018463416490703821,0.0030376695876765166,338.7191714829257,0.06183053208300804,0.10286400009990924
503.6896899096337,0.003524834057316184,0.0030376695876765166,339.03251021695246,-0.04928057695038124,0.10295426428629811
504.1552071831177,0.002517738612368703,0.003040442054041119,339.3458489509792,0.0792597613040612,0.103307989392494
504.62072445660164,-0.000839246204122901,0.0030528869950217784,339.659187685006,0.07490245399879791,0.10308447560249481
505.0862417300856,-0.0018463416490703821,0.003097410794501097,339.9725264190327,0.08143838249228941,0.10315567910339751
505.55175900356954,-0.0015106431674212217,0.0031459939830531646,340.2858651530595,0.05747322477774486,0.10302447039169221
506.0172762770535,-0.000839246204122901,0.0031521395288131603,340.5992038870862,0.11629677600558863,0.1028892140855558
506.48279355053745,-0.000839246204122901,0.0031704631726968777,340.912542621113,0.07272376788176282,0.10326206562477688
506.9483108240214,-0.0030212863348424435,0.0032466176560877053,341.22588135513973,0.10976084751209725,0.10344396466985474
507.41382809750536,-0.0068818191066384315,0.0033197575210712703,341.5392200891665,0.10976084751209725,0.10340074640657154
507.8793453709893,-0.0068818191066384315,0.00335196134539195,341.85255882319325,0.12719001180434342,0.1035303470726445
508.34486264447327,-0.004364080261439085,0.0033651321670119224,342.16589755722003,0.07708107518702612,0.10339184006207434
508.8103799179572,-0.003524834057316184,0.0033437819789061156,342.47923629124676,0.11847539719381683,0.10353173563808044
509.2758971914412,-0.0018463416490703821,0.0033194402484994978,342.79257502527355,0.09451030440807917,0.10410718074830798
509.7414144649251,0.000839246204122901,0.0032907606630073086,343.1059137593003,0.11193946870032534,0.10480138660970904
510.206931738409,-0.0003356984816491604,0.0032731105421106087,343.41925249332706,0.10976084751209725,0.10498362661745078
510.672449011893,-0.0036926832981407642,0.0032814660658245774,343.7325912273538,-0.22792978689333399,0.1046150116720162
511.13796628537693,-0.004364080261439085,0.00328787894262785,344.0459299613806,0.09668892559630737,0.1046150116720162
511.6034835588609,-0.0041962312534451485,0.003287238217920005,344.35926869540737,0.06618783938827133,0.10374981754672286
512.0690008323448,-0.0021820401307195425,0.00328948020839615,344.6726074294341,0.09015299710281588,0.10336078652801109
512.5345181058289,0.0011749446857720613,0.0032769695849986227,344.9859461634609,0.09668892559630737,0.1032493980078367
513.0000353793127,0.0021820401307195425,0.0032640883659256596,345.2992848974876,0.08579568979755259,0.10352712408962075
513.4655526527966,-0.0001678492408245802,0.0032615060172387048,345.6126236315144,0.09668892559630737,0.1035911720167266
513.9310699262807,-0.0021820401307195425,0.0032561330236652746,345.9259623655411,0.19908542001917007,0.1034565539323662
514.3965871997646,-0.002517738612368703,0.0032493333851076733,346.2393010995679,0.06183053208300804,0.10301499758315133
514.8621044732486,-0.0021820401307195425,0.0032493333851076733,346.55263983359464,0.053115917472481566,0.10264869945349964
515.3276217467325,-0.0021820401307195425,0.003251277590062176,346.8659785676214,0.1359046264148699,0.10253669246973103
515.7931390202165,-0.0028534370940178633,0.0032545153506703902,347.17931730164815,0.11411808988855354,0.10279909983906421
516.2586562937004,-0.0031891355756670237,0.0032729094284184982,347.49265603567494,0.11193946870032534,0.1027086992885369
516.7241735671844,-0.0028534370940178633,0.0032988719544136415,347.80599476970167,0.11629677600558863,0.10278183801486218
517.1896908406683,-0.000839246204122901,0.0033074808411889967,348.11933350372846,0.10322485408979876,0.10278183801486218
517.6552081141523,-0.000839246204122901,0.00332336434002647,348.4326722377552,0.09886754678453558,0.10272371176580555
518.1207253876362,-0.002517738612368703,0.003350193465638422,348.74601097178197,0.10540354020683396,0.10274265889143278
518.5862426611202,-0.0030212863348424435,0.0033746254660800717,349.0593497058087,0.09015299710281588,0.10276289752915899
519.0517599346041,-0.003524834057316184,0.0033764975279690877,349.3726884398355,0.11847539719381683,0.10310862322639698
519.5172772080881,-0.0036926832981407642,0.003363997436970866,349.6860271738622,0.09015299710281588,0.10309103372800439
519.982794481572,-0.0005035477224737406,0.003344215046464543,349.999365907889,0.08579568979755259,0.10272051013357474
520.4483117550559,0.0003356984816491604,0.003320510918205615,350.31270464191573,0.09015299710281588,0.10241241255992647
520.9138290285399,-0.002517738612368703,0.003303019778524621,350.6260433759425,0.06183053208300804,0.10249966366530408
521.3793463020238,-0.0031891355756670237,0.003297275253467501,350.93938210996924,0.0792597613040612,0.10014818233237482
521.8448635755078,-0.0023498893715441227,0.0032838322820559255,351.25272084399603,0.05965191089477995,0.10014818233237484
522.3103808489917,-0.0005035477224737406,0.0032475907235905046,351.56605957802276,-0.05799519156090782,0.1004999189674637
522.7758981224757,0.002517738612368703,0.0032051538001213425,351.87939831204955,0.11411808988855354,0.10030532259681732
523.2414153959596,0.004364080261439085,0.003184384779160248,352.1927370460763,0.1337259402978348,0.10020608561255193
523.7069326694436,0.0011749446857720613,0.0031923127199584237,352.50607578010306,0.11411808988855354,0.10011334364414815
524.1724499429275,-0.003524834057316184,0.003220029454900299,352.8194145141298,0.08579568979755259,0.10037727740423971
524.6379672164115,-0.006546120624989271,0.0032360167290912067,353.1327532481566,0.11193946870032534,0.1003539048303553
525.1034844898954,-0.008224613033235073,0.003247388022909891,353.4460919821833,0.10758216139506205,0.10047512708048621
525.5690017633794,-0.006210422143340111,0.0032480366086853688,353.7594307162101,0.09668892559630737,0.10030061676539846
526.0345190368633,-0.0023498893715441227,0.003250953643388072,354.0727694502368,0.022614831264445523,0.10291864195941243
526.5000363103474,0.0001678492408245802,0.0032741963671262474,354.3861081842636,0.08143838249228941,0.10256031512140797
526.9655535838313,-0.0011749446857720613,0.003299071493937105,354.69944691829033,0.09668892559630737,0.10272618548269381
527.4310708573151,-0.0031891355756670237,0.003322492725901835,355.0127856523171,0.01825752395918223,0.10239202625859031
527.8965881307992,-0.004531929735094309,0.0033398818862750914,355.3261243863439,0.09451030440807917,0.1000764252463764
528.362105404283,-0.0041962312534451485,0.0033352667991645717,355.63946312037064,0.09668892559630737,0.10060104344588555
528.8276226777671,-0.0028534370940178633,0.0033226115964967505,355.9528018543974,0.10540354020683396,0.10084743209634882
529.293139951251,-0.0028534370940178633,0.0033169010025894683,356.26614058842415,-0.018779490742345195,0.10078692226792672
529.758657224735,-0.00553902518004179,0.0033588667949965567,356.57947932245094,0.09451030440807917,0.1012503082305003
530.2241744982189,-0.0068818191066384315,0.003419464589464207,356.89281805647767,0.06400915327123624,0.10108519351062863
530.6896917717029,-0.004364080261439085,0.00345805538186926,357.20615679050445,0.06618783938827133,0.10153351806090362
531.1552090451868,-0.004531929735094309,0.003469419904246418,357.5194955245312,0.10976084751209725,0.10130314936557555
531.6207263186708,-0.007553216069936752,0.0034770008588225826,357.83283425855797,0.10322485408979876,0.10149025576154311
532.0862435921547,-0.007217517588287592,0.003471127062575262,358.1461729925847,0.10758216139506205,0.10136592407221674
532.5517608656387,-0.004867628216743469,0.0034071221393312287,358.4595117266115,0.11629677600558863,0.10171686820323184
533.0172781391226,-0.0031891355756670237,0.00335038994751255,358.7728504606382,0.0792597613040612,0.10132849129908487
533.4827954126065,-0.0015106431674212217,0.003325661157129692,359.086189194665,0.12501139061611521,0.10152516404463909
533.9483126860905,-0.0005035477224737406,0.0033101068791669803,359.3995279286917,0.1380832476030981,0.10123491998568285
534.4138299595744,-0.0018463416490703821,0.0033130884743861684,359.7128666627185,0.15769109801237935,0.10142356849836345
534.8793472330584,-0.0028534370940178633,0.003313088474386169,360.02620539674524,0.11411808988855354,0.10142356849836345
535.3448645065423,-0.0028534370940178633,0.003312969262098035,360.339544130772,0.08579568979755259,0.10120741463566
535.8103817800263,-0.0021820401307195425,0.0033015048404046103,360.65288286479876,0.09668892559630737,0.09939375174755555
536.2758990535102,0.0005035477224737406,0.0032834714530664447,360.96622159882554,0.05965191089477995,0.09939375174755553
536.7414163269942,0.002517738612368703,0.003263200929173004,361.27956033285227,0.026972138569708815,0.09951642831888786
537.2069336004781,0.0011749446857720613,0.0032654594231488546,361.59289906687906,0.10758216139506205,0.09965636895646354
537.6724508739621,-0.0018463416490703821,0.003264491688486745,361.9062378009058,0.0792597613040612,0.09954579021714739
538.137968147446,-0.002517738612368703,0.0032596487056178285,362.21957653493257,0.08579568979755259,0.09958177252910491
538.60348542093,-0.0010070954449474812,0.003261586761700692,362.5329152689593,0.09015299710281588,0.09973096259268747
539.0690026944139,0.0018463416490703821,0.003256213901361594,362.8462540029861,0.09015299710281588,0.0984999776986139
539.534519967898,0.0028534370940178633,0.003252006382416735,363.1595927370128,0.050937296284253364,0.09886700150957549
540.0000372413818,0.0011749446857720613,0.0032790981707439115,363.4729314710396,0.06183053208300804,0.09899873800706073
540.4655545148657,-0.0015106431674212217,0.0033059679543929266,363.78627020506633,0.10976084751209725,0.09856725700578708
540.9310717883498,-0.0041962312534451485,0.003327877268981953,364.0996089390931,0.08579568979755259,0.09815669506367439
541.3965890618337,-0.00553902518004179,0.0033565534946581235,364.41294767311985,0.0792597613040612,0.09818013817211264
541.8621063353177,-0.004867628216743469,0.0033697063701782826,364.72628640714663,0.09451030440807917,0.09781853702698558
542.3276236088016,-0.004867628216743469,0.0033726352765785397,365.03962514117336,0.09451030440807917,0.09819114388429509
542.7931408822856,-0.004531929735094309,0.0033959755929480933,365.35296387520015,0.09668892559630737,0.09825466117561904
543.2586581557695,-0.0041962312534451485,0.003440038999267477,365.6663026092269,0.10322485408979876,0.0984184844590513
543.7241754292535,-0.0021820401307195425,0.0034691922336656895,365.97964134325366,0.10104623290157067,0.09838207668642923
544.1896927027374,0.0018463416490703821,0.003484338642533707,366.2929800772804,0.08797431098578079,0.0984068191773568
544.6552099762214,0.0018463416490703821,0.003484338642533707,366.6063188113072,-0.062352498866171,0.09842569593326361
545.1207272497053,0.000839246204122901,0.003500623152588782,366.91965754533396,0.04657998897899007,0.09837446551095151
545.5862445231893,-0.0001678492408245802,0.0035068229737420195,367.2329962793607,0.11411808988855354,0.0986547435545504
546.0517617966732,-0.000839246204122901,0.0034993066268752537,367.5463350133875,0.10540354020683396,0.09877115278600732
546.5172790701571,-0.000839246204122901,0.00350562144121714,367.8596737474142,0.08797431098578079,0.09878771476683838
546.9827963436411,0.0001678492408245802,0.0035118124383066835,368.173012481441,0.10540354020683396,0.09912285245512177
547.448313617125,0.0011749446857720613,0.003511512520529389,368.4863512154677,0.05965191089477995,0.09940461417319578
547.913830890609,-0.000839246204122901,0.0035061096134660426,368.7996899494945,0.07490245399879791,0.09945224535814318
548.3793481640929,-0.0031891355756670237,0.003480785161529782,369.11302868352124,0.08579568979755259,0.09987833924337089
548.8448654375769,-0.004364080261439085,0.003483507301675101,369.426367417548,0.11411808988855354,0.0998783392433709
549.3103827110608,-0.003524834057316184,0.0034868314758449846,369.73970615157475,0.11411808988855354,0.10014289237629537
549.7758999845448,-0.0028534370940178633,0.0034567988300017497,370.05304488560154,0.12501139061611521,0.10003457244121507
550.2414172580287,-0.000839246204122901,0.0033650930703443753,370.36638361962827,0.08579568979755259,0.09963867145906678
550.7069345315127,-0.0018463416490703821,0.0033358588552729715,370.67972235365505,0.25355166394175077,0.09949474697976361
551.1724518049966,-0.0041962312534451485,0.0033735329705825486,370.9930610876818,0.0792597613040612,0.09983364430147756
551.6379690784806,-0.0041962312534451485,0.003426502962568967,371.30639982170857,0.09451030440807917,0.0998854586276998
552.1034863519645,-0.0041962312534451485,0.003452530705604327,371.6197385557353,0.005185666972199354,0.10015358968679029
552.5690036254485,-0.003524834057316184,0.0034433669094092495,371.9330772897621,0.11411808988855354,0.1006133687726002
553.0345208989324,0.0003356984816491604,0.0034218892811326987,372.2464160237888,0.12283270449908013,0.10069336817808525
553.5000381724163,0.0018463416490703821,0.003411717217723393,372.5597547578156,0.08797431098578079,0.10051973115241933
553.9655554459003,-0.0015106431674212217,0.003424658235857804,372.8730934918423,0.07054514669353462,0.10056330534713918
554.4310727193842,-0.00553902518004179,0.0034458129714716843,373.1864322258691,0.12501139061611521,0.10082266794659565
554.8965899928683,-0.0068818191066384315,0.0034299975331180126,373.49977095989584,0.055294603589516655,0.10101208637734449
555.3621072663522,-0.00553902518004179,0.003368025986400955,373.8131096939226,0.11411808988855354,0.10127439688510324
555.8276245398362,-0.0030212863348424435,0.0033434276389238903,374.12644842794936,0.09233161829104408,0.10142924977704539
556.2931418133201,-0.002517738612368703,0.0033155909572866143,374.43978716197614,0.09668892559630737,0.10138604775286869
556.7586590868041,-0.0021820401307195425,0.0032488471802946312,374.75312589600287,0.09668892559630737,0.10130659534142276
557.224176360288,-0.0005035477224737406,0.0031823583562024076,375.06646463002966,0.14026193372013318,0.10118466905658272
557.689693633772,0.002517738612368703,0.003154435829937646,375.3798033640564,0.08797431098578079,0.10107307674423795
558.1552109072559,0.0011749446857720613,0.003159565098690251,375.6931420980832,0.10104623290157067,0.10138424552860709
558.6207281807399,-0.0011749446857720613,0.003201290452042249,376.0064808321099,0.08797431098578079,0.10126411158088065
559.0862454542238,-0.0023498893715441227,0.003245400943475248,376.3198195661367,0.11411808988855354,0.10103170631960158
559.5517627277077,-0.000839246204122901,0.003245400943475248,376.6331583001634,0.11193946870032534,0.10012210638382546
560.0172800011917,-0.0001678492408245802,0.003240529429544959,376.9464970341902,0.08579568979755259,0.10009911808333824
560.4827972746756,0.0023498893715441227,0.003230764365196086,377.25983576821693,0.11411808988855354,0.10064410606094977
560.9483145481596,0.002517738612368703,0.003227176438204348,377.5731745022437,0.09668892559630737,0.10058739054529149
561.4138318216435,-0.0018463416490703821,0.0032415043180257504,377.88651323627045,0.0836170036805175,0.10093759668577003
561.8793490951275,-0.002517738612368703,0.003257709511694526,378.19985197029723,0.10540354020683396,0.10119442030283936
562.3448663686114,-0.000839246204122901,0.003270293816006281,378.513190704324,0.0836170036805175,0.10101720048265467
562.8103836420954,0.0011749446857720613,0.0032664268861982014,378.82652943835075,0.09015299710281588,0.10080885252508939
563.2759009155793,0.0011749446857720613,0.0032573861979467702,379.13986817237753,0.11193946870032534,0.10100395425946257
563.7414181890633,0.0010070954449474812,0.0032675955036414596,379.45320690640426,0.11629677600558863,0.10108013374969727
564.2069354625472,-0.0018463416490703821,0.003309032859359998,379.76654564043105,0.10758216139506205,0.10130619236873431
564.6724527360312,-0.004867628216743469,0.0033309220144365497,380.0798843744578,0.07490245399879791,0.10152580656904339
565.1379700095151,-0.004867628216743469,0.0033337665254717327,380.39322310848456,0.09668892559630737,0.1017059087432334
565.6034872829991,-0.004867628216743469,0.0033325025980953694,380.7065618425113,0.06618783938827133,0.101684150349017
566.069004556483,-0.00553902518004179,0.003325225689754078,381.0199005765381,0.11411808988855354,0.101684150349017
566.5345218299669,-0.0041962312534451485,0.0032828298771409186,381.3332393105648,0.07708107518702612,0.10201645178816722
567.000039103451,-0.001678492408245802,0.0032606178862778796,381.6465780445916,0.1359046264148699,0.10192753263448494
567.4655563769348,-0.0041962312534451485,0.0032297862279257387,381.9599167786183,0.10540354020683396,0.10179033053478562
567.9310736504189,-0.006210422143340111,0.003200961433291466,382.2732555126451,0.12065408331085192,0.10173425402628261
568.3965909239027,-0.00553902518004179,0.0031785086940919792,382.58659424667184,0.08579568979755259,0.10171381071308398
568.8621081973868,-0.004867628216743469,0.003171542636981257,382.8999329806986,0.12065408331085192,0.10179817518833058
569.3276254708707,-0.0036926832981407642,0.0031668900861946316,383.21327171472535,0.09233161829104408,0.10204041647113617
569.7931427443547,-0.003524834057316184,0.0031688848729644727,383.52661044875214,0.0792597613040612,0.10219934029582486
570.2586600178386,-0.0021820401307195425,0.0032127846525490137,383.83994918277887,0.11847539719381683,0.10274049407584174
570.7241772913226,0.000839246204122901,0.0032625553651829827,384.15328791680565,0.0792597613040612,0.10257324650049089
571.1896945648065,0.0038605325389653444,0.003279298911573861,384.4666266508324,0.08143838249228941,0.10266036091309214
571.6552118382905,0.0031891355756670237,0.003281546326280585,384.77996538485917,0.10322485408979876,0.1026431272967597
572.1207291117744,-0.0001678492408245802,0.003284754251330578,385.0933041188859,0.09668892559630737,0.10279995730417227
572.5862463852583,-0.0015106431674212217,0.0032828298724681244,385.4066428529127,0.11847539719381683,0.10322928516115806
573.0517636587423,0.0003356984816491604,0.003286677503452312,385.7199815869394,0.16422702650587084,0.10361000613902338
573.5172809322262,0.0018463416490703821,0.0033013852171357395,386.0333203209662,0.11411808988855354,0.10455550545029581
573.9827982057102,0.0038605325389653444,0.003292000647646213,386.3466590549929,0.11411808988855354,0.10446997135450438
574.4483154791941,0.004531929735094309,0.00327757217519522,386.6599977890197,0.10104623290157067,0.10473996999751425
574.9138327526781,0.000839246204122901,0.003309550028146823,386.97333652304644,-0.05581650544387262,0.10451789112291693
575.379350026162,-0.0041962312534451485,0.0033747815278927693,387.2866752570732,0.0792597613040612,0.10498725379477225
575.844867299646,-0.0057068741880357265,0.003387241822108522,387.60001399109996,0.08797431098578079,0.10251277158625802
576.3103845731299,-0.006210422143340111,0.0033647800674630308,387.91335272512674,0.08797431098578079,0.1027119269315699
576.7759018466139,-0.004531929735094309,0.003349092994168887,388.22669145915347,0.12283270449908013,0.10273087623072807
577.2414191200978,-0.0018463416490703821,0.0033247901474367115,388.54003019318026,0.10104623290157067,0.10338971008963842
577.7069363935818,-0.0021820401307195425,0.003318765967085612,388.853368927207,0.10322485408979876,0.10326251109068545
578.1724536670657,-0.0031891355756670237,0.00333005236553015,389.1667076612338,0.07490245399879791,0.10291225144117258
578.6379709405497,-0.0041962312534451485,0.003326254908608555,389.4800463952605,0.10976084751209725,0.10306517750173493
579.1034882140336,-0.004867628216743469,0.0033319494709911444,389.7933851292873,0.07708107518702612,0.1037852827254741
579.5690054875175,-0.004364080261439085,0.003317694737670444,390.1067238633141,0.11411808988855354,0.1032909107726242
580.0345227610015,-0.0015106431674212217,0.0032571436812585046,390.4200625973408,0.09886754678453558,0.10350250783763783
580.5000400344854,0.0011749446857720613,0.0032220322119871072,390.7334013313676,0.08797431098578079,0.10298565752193674
580.9655573079694,-0.000839246204122901,0.0032531397161400374,391.0467400653943,0.10540354020683396,0.10312390147014262
581.4310745814533,-0.0031891355756670237,0.003275683762359736,391.3600787994211,0.09451030440807917,0.1035098784214864
581.8965918549374,-0.002517738612368703,0.003272909445492417,391.67341753344783,0.09451030440807917,0.1034547339793312
582.3621091284213,-0.0021820401307195425,0.0032745180314739187,391.9867562674746,0.10540354020683396,0.10327184025465694
582.8276264019053,-0.0036926832981407642,0.0032969158977303892,392.30009500150135,0.11411808988855354,0.10340369581573873
583.2931436753892,-0.00553902518004179,0.0034596539899045538,392.61343373552813,0.11411808988855354,0.10353072135370917
583.7586609488732,-0.00553902518004179,0.003682151061474373,392.92677246955486,0.11847539719381683,0.10351363264069062
584.2241782223571,-0.0018463416490703821,0.0038817199455979923,393.24011120358165,0.07272376788176282,0.10336689814387688
584.6896954958411,0.0021820401307195425,0.004057623227529251,393.5534499376084,0.11193946870032534,0.1032422484595011
585.155212769325,0.0011749446857720613,0.004236168017140127,393.86678867163516,0.1380832476030981,0.10371738408559752
585.620730042809,-0.0015106431674212217,0.004367548174758034,394.1801274056619,0.09015299710281588,0.10371738408559752
586.0862473162929,-0.0031891355756670237,0.004435593570478589,394.4934661396887,0.10540354020683396,0.10399989872108917
586.5517645897768,-0.0041962312534451485,0.004445081227931139,394.8068048737154,0.0792597613040612,0.10401648157599107
587.0172818632608,-0.0031891355756670237,0.004438441997210445,395.1201436077422,0.08797431098578079,0.10410238827521856
587.4827991367447,-0.000839246204122901,0.0044377300619313055,395.4334823417689,0.04222268167372678,0.1041189548067788
587.9483164102287,0.0001678492408245802,0.004437018012419627,395.7468210757957,0.10758216139506205,0.10421238874426021
588.4138336837126,-0.0028534370940178633,0.004436305848620404,396.06015980982244,0.09886754678453558,0.10399733934831176
588.8793509571966,-0.0057068741880357265,0.004441911047652847,396.3734985438492,0.11411808988855354,0.10364110534797406
589.3448682306805,-0.004867628216743469,0.004459894807706722,396.68683727787595,0.08579568979755259,0.10346807628768882
589.8103855041645,-0.0018463416490703821,0.004508600736085127,397.00017601190274,0.08797431098578079,0.10354710443362951
590.2759027776484,0.0011749446857720613,0.004591926809599192,397.31351474592947,0.10758216139506205,0.10349197982690381
590.7414200511324,0.003524834057316184,0.004625747723126738,397.62685347995625,0.08579568979755259,0.10388145771173019
591.2069373246163,0.000839246204122901,0.00461549055823324,397.940192213983,0.11629677600558863,0.10420780818451386
591.6724545981003,-0.0028534370940178633,0.004604066905935967,398.25353094800977,0.0836170036805175,0.1043418315211762
592.1379718715842,-0.0015106431674212217,0.004604667352465683,398.5668696820365,0.07708107518702612,0.10355565445075893
592.6034891450681,-0.000839246204122901,0.004591611423888332,398.8802084160633,0.09015299710281588,0.1033696600795068
593.0690064185521,-0.0015106431674212217,0.004564926146137887,399.19354715009,0.10104623290157067,0.10313393022827272
593.534523692036,-0.0001678492408245802,0.00453483363467443,399.5068858841168,0.10976084751209725,0.10353262197975412
594.00004096552,0.0005035477224737406,0.0045152825816417745,399.8202246181435,0.11411808988855354,0.10337690348197627
594.4655582390039,-0.0021820401307195425,0.004516594447660622,400.1335633521703,0.08579568979755259,0.10382546670071871
594.931075512488,-0.00553902518004179,0.004512161724099904,400.44690208619704,0.11847539719381683,0.10398254384220022
595.3965927859718,-0.00587472366169095,0.0045074909899205364,400.7602408202238,0.09668892559630737,0.10369917798185202
595.8621100594559,-0.003524834057316184,0.004519624858854999,401.0735795542506,0.11411808988855354,0.10395865110322236
596.3276273329398,-0.0015106431674212217,0.004510761011666103,401.38691828827734,0.08579568979755259,0.10415972718246962
596.7931446064238,-0.0015106431674212217,0.004503750914964203,401.70025702230413,0.12065408331085192,0.10422216077263197
597.2586618799077,-0.0001678492408245802,0.004529953780422315,402.01359575633086,0.11411808988855354,0.1046303243302921
597.7241791533917,0.0018463416490703821,0.0045519876070765925,402.32693449035764,0.11847539719381683,0.10445930799092136
598.1896964268756,0.004531929735094309,0.004572907773855365,402.6402732243844,0.16858433381113413,0.10381133409181782
598.6552137003596,0.003524834057316184,0.004638083143614194,402.95361195841116,0.10540354020683396,0.10374608846153675
599.1207309738435,-0.0015106431674212217,0.004702355259749237,403.2669506924379,0.1380832476030981,0.1037021412377798
599.5862482473274,-0.00553902518004179,0.004724476751845983,403.5802894264647,0.10322485408979876,0.10399578758677483
600.0517655208114,-0.0068818191066384315,0.004736054731450896,403.8936281604914,0.1337259402978348,0.10444001572202319
600.5172827942953,-0.003524834057316184,0.004719346660314462,404.2069668945182,0.09668892559630737,0.10474118236336043
600.9828000677793,0.0011749446857720613,0.0046950984687803106,404.5203056285449,0.10322485408979876,0.10506851032250343
601.4483173412632,0.002517738612368703,0.0046950984687803106,404.8336443625717,0.09668892559630737,0.10534819301332737
601.9138346147472,-0.0005035477224737406,0.0047472994277915235,405.14698309659843,0.12065408331085192,0.10517159554476195
602.3793518882311,-0.0028534370940178633,0.004821266329448862,405.4603218306252,0.10104623290157067,0.10506175490237951
602.8448691617151,-0.0028534370940178633,0.004862378269065586,405.77366056465195,0.08579568979755259,0.10540876099439865
603.310386435199,-0.000839246204122901,0.0048895941937832105,406.08699929867873,0.10540354020683396,0.10565228042313503
603.775903708683,0.002517738612368703,0.004922439807117014,406.40033803270546,0.14461917609658959,0.10563133492256609
604.2414209821669,0.004531929735094309,0.005012128225173949,406.71367676673225,0.06836646057649953,0.10567778815627699
604.7069382556509,0.0021820401307195425,0.005118302464102599,407.027015500759,0.08797431098578079,0.10579291023855424
605.1724555291348,-0.002517738612368703,0.005199150169016127,407.34035423478576,0.04004406048549858,0.1057029717907645
605.6379728026187,-0.00553902518004179,0.005258369519059072,407.6536929688125,0.10758216139506205,0.1058317984547631
606.1034900761027,-0.004699778743088245,0.005291911619426701,407.9670317028393,0.1337259402978348,0.10566613518932676
606.5690073495866,-0.001678492408245802,0.005290120112788129,408.280370436866,0.09015299710281588,0.10566613518932674
607.0345246230706,-0.0011749446857720613,0.005291712593084819,408.5937091708928,0.12501139061611521,0.10574231199063726
607.5000418965545,-0.004699778743088245,0.005294697202671321,408.9070479049195,0.10322485408979876,0.10582681772727148
607.9655591700385,-0.010910200886428356,0.005286859008905713,409.2203866389463,0.11411808988855354,0.1062889315332295
608.4310764435224,-0.013092241249978542,0.005262699054157146,409.53372537297304,0.08579568979755259,0.10637967579881959
608.8965937170065,-0.012924391776323318,0.005236014462267564,409.8470641069998,0.09886754678453558,0.10633514769448324
609.3621109904904,-0.012252994813024998,0.005234203823789943,410.16040284102655,0.09886754678453558,0.1068871528986253
609.8276282639744,-0.01258869282901287,0.00523722120681763,410.47374157505334,0.1337259402978348,0.10690868159530391
610.2931455374583,-0.01124589890241623,0.005241643559932271,410.78708030908007,0.11411808988855354,0.10664417377511465
610.7586628109423,-0.008392462506890297,0.005239633862138724,411.10041904310685,0.12501139061611521,0.10704553895541123
611.2241800844262,-0.003524834057316184,0.005232593841384052,411.4137577771336,0.08579568979755259,0.10717321495254649
611.6896973579102,0.0001678492408245802,0.005225947419393894,411.72709651116037,0.11411808988855354,0.10757993004860548
612.1552146313941,-0.0001678492408245802,0.005221789110788131,412.0404352451871,0.08579568979755259,0.10772623016719673
612.620731904878,-0.000839246204122901,0.005222394161452974,412.3537739792139,0.10104623290157067,0.10805392582189756
613.086249178362,0.000839246204122901,0.0052465389736022425,412.66711271324067,0.08797431098578079,0.10769565524029065
613.5517664518459,0.002517738612368703,0.005314749928742527,412.9804514472674,0.07490245399879791,0.10799728909120074
614.0172837253299,0.004531929735094309,0.005372033607269203,413.2937901812942,0.08797431098578079,0.10775202182591283
614.4828009988138,0.008392462506890297,0.00536928814611552,413.6071289153209,0.08579568979755259,0.10787552315230198
614.9483182722978,0.010238803923130035,0.00536830728404795,413.9204676493477,0.09015299710281588,0.10779761071704702
615.4138355457817,0.007553216069936752,0.0054005816746701876,414.23380638337443,0.11411808988855354,0.10770110893514706
615.8793528192657,0.004531929735094309,0.005434796443116066,414.5471451174012,0.14244055490836138,0.10768509349212978
616.3448700927496,0.002517738612368703,0.005460509707312905,414.86048385142794,0.09451030440807917,0.107450623928513
616.8103873662336,0.0018463416490703821,0.0054576157764627785,415.17382258545473,0.031329445874972106,0.1077125913324659
617.2759046397175,0.0021820401307195425,0.005455758028990178,415.48716131948146,0.0836170036805175,0.1077905652208654
617.7414219132015,0.003524834057316184,0.005455251260791042,415.80050005350824,0.09668892559630737,0.10896715496019847
618.2069391866854,0.0011749446857720613,0.005460268604990498,416.113838787535,0.12719001180434342,0.10908770240400818
618.6724564601693,-0.0021820401307195425,0.005470867055526275,416.42717752156176,0.10540354020683396,0.10906741664997859
619.1379737336533,-0.0038605325389653444,0.005477600847051854,416.7405162555885,0.1359046264148699,0.1092024788221223
619.6034910071372,-0.0028534370940178633,0.005475485404921067,417.0538549896153,0.09886754678453558,0.10936278534865775
620.0690082806212,0.0005035477224737406,0.005452161367208662,417.367193723642,0.08797431098578079,0.10903095263503809
620.5345255541051,0.003524834057316184,0.005422719585859454,417.6805324576688,0.10976084751209725,0.1088706139801331
621.0000428275891,0.002517738612368703,0.005412610633169402,417.9938711916955,0.10540354020683396,0.10874982589754159
621.465560101073,-0.0018463416490703821,0.00541085908947929,418.3072099257223,0.10976084751209725,0.10847536304526312
621.931077374557,-0.005035477224737406,0.005409106978615123,418.62054865974903,0.1359046264148699,0.10832674991580246
622.396594648041,-0.004867628216743469,0.005410275115571115,418.9338873937758,0.10104623290157067,0.10822457181325494
622.862111921525,-0.004531929735094309,0.005420194115225248,419.24722612780255,0.11193946870032534,0.1080219789256352
623.3276291950089,-0.008224613033235073,0.005422913804250954,419.56056486182933,0.10758216139506205,0.10703068512000669
623.7931464684929,-0.008896009996533394,0.005413388915254742,419.87390359585606,0.10976084751209725,0.10711417442343424
624.2586637419768,-0.006546120624989271,0.005414920830943746,420.18724232988285,0.1293686329925715,0.10661886249728894
624.7241810154608,-0.003524834057316184,0.005393165902099567,420.5005810639096,0.11411808988855354,0.10647437438134041
625.1896982889447,-0.000839246204122901,0.005357505947326757,420.81391979793636,0.11411808988855354,0.10623922064433766
625.6552155624286,-0.0028534370940178633,0.005355539727752272,421.1272585319631,0.12283270449908013,0.10640070595824948
626.1207328359126,-0.006210422143340111,0.005358488786560622,421.4405972659899,0.11847539719381683,0.10648302346336867
626.5862501093965,-0.008560311049222946,0.005354949721099187,421.7539360000166,0.10540354020683396,0.10690864750555563
627.0517673828805,-0.008896009996533394,0.005354949721099187,422.0672747340434,0.08797431098578079,0.10661022443562027
627.5172846563644,-0.0068818191066384315,0.005350817852933511,422.3806134680701,0.1359046264148699,0.1067334338896621
627.9828019298484,-0.006210422143340111,0.005343924306620701,422.6939522020969,0.10540354020683396,0.10716789906515177
628.4483192033323,-0.007217517588287592,0.005350424175264074,423.00729093612364,0.10758216139506205,0.1072512815550212
628.9138364768163,-0.010910200886428356,0.0053451066888282744,423.3206296701504,0.0836170036805175,0.10647040694449271
629.3793537503002,-0.011581597849726677,0.005331295911358983,423.63396840417715,0.12501139061611521,0.10657208603112894
629.8448710237842,-0.009567406959831715,0.005340178367335885,423.94730713820394,0.08797431098578079,0.1068035001437463
630.3103882972681,-0.008224613033235073,0.005363081168855005,424.2606458722307,0.10322485408979876,0.10707162553394332
630.7759055707521,-0.006210422143340111,0.005369950123327919,424.57398460625745,0.08579568979755259,0.10672123085961359
631.241422844236,-0.0028534370940178633,0.005359569699981032,424.88732334028424,0.09451030440807917,0.10638476164101597
631.70694011772,-0.0028534370940178633,0.005358316801140585,425.20066207431097,0.10322485408979876,0.10638476164101597
632.1724573912039,-0.0028534370940178633,0.005364210243988538,425.51400080833776,0.11411808988855354,0.10627028071044106
632.6379746646878,-0.0021820401307195425,0.005390284661970007,425.8273395423645,0.15333379070711606,0.1063743360281716
633.1034919381718,-0.0018463416490703821,0.005377960977309373,426.14067827639127,0.12283270449908013,0.10633147507519015
633.5690092116557,-0.000839246204122901,0.005366712984369374,426.454017010418,0.11411808988855354,0.10625451786042704
634.0345264851397,0.0011749446857720613,0.0053448849872828755,426.7673557444448,0.1337259402978348,0.10674330852205513
634.5000437586236,0.0028534370940178633,0.005272271406687253,427.0806944784715,0.11411808988855354,0.10688540791342792
634.9655610321076,0.002517738612368703,0.005154493476265648,427.3940332124983,0.11411808988855354,0.10642441698329326
635.4310783055915,-0.0001678492408245802,0.005044410885327762,427.70737194652503,0.1315473191096066,0.10619217677543394
635.8965955790756,-0.0015106431674212217,0.004980032798700758,428.0207106805518,0.11847539719381683,0.10631717269196606
636.3621128525594,-0.0031891355756670237,0.0049971338506309285,428.33404941457854,0.12501139061611521,0.10644233883668743
636.8276301260435,-0.0023498893715441227,0.005107204375618997,428.64738814860533,0.10540354020683396,0.10603768623137344
637.2931473995274,0.0011749446857720613,0.00548331803610266,428.96072688263206,0.09668892559630737,0.1060889793085387
637.7586646730114,0.00520332669839263,0.006080321143233169,429.27406561665885,0.05747322477774486,0.10605102197100928
638.2241819464953,0.009231708012521267,0.00659195465040463,429.5874043506856,0.1293686329925715,0.10608563413098078
638.6896992199792,0.009903104975819588,0.007039763559183259,429.90074308471236,0.08579568979755259,0.10636879836020574
639.1552164934632,0.004531929735094309,0.007430471207635353,430.2140818187391,0.10104623290157067,0.10627522343957976
639.6207337669471,-0.0015106431674212217,0.007565685357665379,430.5274205527659,0.07708107518702612,0.10643993872345628
640.0862510404311,-0.006210422143340111,0.0075116183582959305,430.8407592867926,0.09668892559630737,0.1066546376340356
640.551768313915,-0.007217517588287592,0.007519938768966807,431.1540980208194,0.0836170036805175,0.10676870644522805
641.017285587399,-0.00553902518004179,0.007690962749125025,431.4674367548461,0.09015299710281588,0.1065408142556985
641.4828028608829,-0.0021820401307195425,0.007906550728341026,431.7807754888729,0.11411808988855354,0.10732906185674523
641.9483201343669,0.0003356984816491604,0.008092974427060869,432.09411422289963,0.08797431098578079,0.10780977336819159
642.4138374078508,0.0003356984816491604,0.00823577818043201,432.4074529569264,0.1881921842204154,0.10828079531356664
642.8793546813348,-0.0028534370940178633,0.008308985118031357,432.72079169095315,0.11411808988855354,0.10852818673332074
643.3448719548187,-0.003524834057316184,0.008349322226257642,433.03413042497994,0.10758216139506205,0.10837105039517943
643.8103892283027,-0.0028534370940178633,0.008370613277902967,433.34746915900666,0.12719001180434342,0.1094849389514374
644.2759065017866,-0.0015106431674212217,0.008364193877932953,433.66080789303345,0.10540354020683396,0.10941091303877976
644.7414237752706,0.0018463416490703821,0.008371116553242573,433.9741466270602,0.0792597613040612,0.10959277435314362
645.2069410487545,0.0005035477224737406,0.008408651019457002,434.28748536108696,0.07490245399879791,0.10964361855536009
645.6724583222384,-0.000839246204122901,0.00843928225061064,434.6008240951137,0.10104623290157067,0.10966420162482338
646.1379755957224,0.0005035477224737406,0.008448886273793284,434.9141628291405,0.031329445874972106,0.10992785070149004
646.6034928692063,0.0005035477224737406,0.008451503658386527,435.2275015631672,0.10540354020683396,0.10986865945509319
647.0690101426903,0.0011749446857720613,0.008444350670098747,435.540840297194,0.10322485408979876,0.10941131778971591
647.5345274161742,0.0038605325389653444,0.008471745427215724,435.8541790312208,0.09668892559630737,0.10927376934662625
648.0000446896582,0.004867628216743469,0.008588301985119982,436.1675177652475,0.07490245399879791,0.10903666201770656
648.4655619631421,0.0011749446857720613,0.008852200787294129,436.4808564992743,0.11411808988855354,0.10905695349242522
648.9310792366261,-0.0020141908898949623,0.009297288845818099,436.794195233301,0.08797431098578079,0.10895953087377142
649.39659651011,-0.0023498893715441227,0.009790140567302395,437.1075339673278,0.08579568979755259,0.10862432675496826
649.862113783594,-0.002517738612368703,0.010197045631045645,437.42087270135454,0.11193946870032534,0.10885840395219046
650.327631057078,-0.0031891355756670237,0.01057608328865804,437.7342114353813,0.11411808988855354,0.10861508121592453
650.793148330562,-0.0021820401307195425,0.010964210807031223,438.04755016940805,0.11193946870032534,0.10856983558433653
651.2586656040459,-0.0015106431674212217,0.011270397871843451,438.36088890343484,0.1380832476030981,0.1085262061022842
651.7241828775298,0.0005035477224737406,0.011410172219476118,438.67422763746157,0.08797431098578079,0.10860854577845769
652.1897001510138,0.0018463416490703821,0.011449702361474077,438.98756637148836,0.11411808988855354,0.10875346216504714
652.6552174244977,-0.0005035477224737406,0.011446114353045718,439.3009051055151,0.1315473191096066,0.1082591429668095
653.1207346979817,-0.0028534370940178633,0.01143046116104349,439.61424383954187,0.11411808988855354,0.10845398004777793
653.5862519714656,-0.0005035477224737406,0.011426682770198713,439.9275825735686,0.055294603589516655,0.1086285089200697
654.0517692449496,0.0021820401307195425,0.011431278877768547,440.2409213075954,0.0836170036805175,0.10874815947196766
654.5172865184335,0.0038605325389653444,0.011471746225802944,440.5542600416221,0.11411808988855354,0.10825155361784944
654.9828037919175,0.0057068741880357265,0.01156304279421296,440.8675987756489,0.08797431098578079,0.10837735086007859
655.4483210654014,0.006210422143340111,0.011670478414251485,441.18093750967563,0.05965191089477995,0.1082352102558618
655.9138383388854,0.0031891355756670237,0.011778901269367306,441.4942762437024,0.10104623290157067,0.1084793850582082
656.3793556123693,0.0011749446857720613,0.011863896487616753,441.80761497772914,0.09015299710281588,0.10844471878172447
656.8448728858533,0.0028534370940178633,0.011922961962589237,442.12095371175593,0.11411808988855354,0.10957724363705869
657.3103901593372,0.007217517588287592,0.011988502758548694,442.43429244578266,0.11411808988855354,0.10978428837590981
657.7759074328212,0.010238803923130035,0.012053283071479775,442.74763117980945,0.10976084751209725,0.1098713862805986
658.2414247063051,0.01258869282901287,0.012082606919187121,443.0609699138362,0.07490245399879791,0.10944050350573702
658.706941979789,0.01191729586571455,0.012095674970450622,443.37430864786296,0.14461917609658959,0.10923128047493962
659.172459253273,0.008224613033235073,0.012102497414134722,443.6876473818897,0.11411808988855354,0.10908893536198008
659.6379765267569,0.00520332669839263,0.01210415076076567,444.0009861159165,0.08579568979755259,0.10920046137974924
660.1034938002409,0.002517738612368703,0.012109631295780719,444.3143248499432,0.08797431098578079,0.10917938459195554
660.5690110737248,-0.0011749446857720613,0.012120063553616415,444.62766358397,0.1359046264148699,0.10860083327246561
661.0345283472088,-0.00553902518004179,0.012122702794819773,444.9410023179967,0.10104623290157067,0.10849482469115965
661.5000456206927,-0.010910200886428356,0.012118792602856194,445.2543410520235,0.06183053208300804,0.10869540959917337
661.9655628941767,-0.02064545638859272,0.01211754324784466,445.56767978605023,0.09233161829104408,0.10827171122556267
662.4310801676606,-0.02719157747924328,0.012119140226562504,445.881018520077,0.09668892559630737,0.10847383769768469
662.8965974411446,-0.026352331042289734,0.012109229039340263,446.19435725410375,0.09233161829104408,0.10879009883462656
663.3621147146285,-0.02568093314766884,0.012079446689466374,446.50769598813054,0.10976084751209725,0.10863048293006988
663.8276319881126,-0.025009537115693092,0.012048279563536839,446.82103472215726,0.07490245399879791,0.10875298666901544
664.2931492615965,-0.016952773556113243,0.012041196801005126,447.13437345618405,0.10540354020683396,0.10838435207203823
664.7586665350804,-0.0041962312534451485,0.012063425756840433,447.44771219021084,0.11411808988855354,0.10868923366683216
665.2241838085644,0.008392462506890297,0.012083925260773717,447.76105092423757,0.12501139061611521,0.10865381781754747
665.6897010820483,0.01728847250342369,0.012087846728955142,448.07438965826435,0.12283270449908013,0.10922420933823838
666.1552183555323,0.01913481391966343,0.012081746112124892,448.3877283922911,0.16422702650587084,0.10920760484979407
666.6207356290162,0.017959868535399437,0.01208078716382858,448.70106712631787,0.10976084751209725,0.10920760484979407
667.0862529025002,0.01594567857682705,0.01208078716382858,449.0144058603446,0.1337259402978348,0.1102497979739064
667.5517701759841,0.01191729586571455,0.012081277544626085,449.3277445943714,0.12283270449908013,0.10927548431154745
668.0172874494681,0.008560311049222946,0.01208389257278517,449.6410833283981,0.11193946870032534,0.10898684816373477
668.482804722952,0.006546120624989271,0.012083020959615354,449.9544220624249,0.19254949152567868,0.10892836789309497
668.948321996436,0.0018463416490703821,0.012079882631470912,450.2677607964516,0.1293686329925715,0.10875105770468999
669.4138392699199,-0.004531929735094309,0.012082149283566861,450.5810995304784,0.11847539719381683,0.10885477923101203
669.8793565434039,-0.008224613033235073,0.012087639793993778,450.89443826450514,0.09451030440807917,0.1089684823141812
670.3448738168878,-0.008224613033235073,0.012090688999793287,451.2077769985319,0.11193946870032534,0.10928589299285793
670.8103910903718,-0.004867628216743469,0.01209042766942881,451.52111573255866,0.1315473191096066,0.10890997443948659
671.2759083638557,-0.0028534370940178633,0.012091211643577644,451.83445446658544,0.10322485408979876,0.10938373849462912
671.7414256373396,-0.003524834057316184,0.012106010508778816,452.14779320061217,0.08797431098578079,0.10930847554933548
672.2069429108236,-0.008560311049222946,0.012125569470029823,452.46113193463896,0.0836170036805175,0.10915174703663715
672.6724601843075,-0.015274280682206154,0.012131648049518497,452.7744706686657,0.0836170036805175,0.10922711797576534
673.1379774577915,-0.02366674318909645,0.012129857355446434,453.08780940269247,0.10976084751209725,0.10950215886873442
673.6034947312754,-0.030716411769390106,0.012129596868958396,453.4011481367192,0.09886754678453558,0.10924448291783652
674.0690120047594,-0.032394904643297195,0.012131951897623078,453.714486870746,0.09451030440807917,0.10965286866561057
674.5345292782433,-0.029709314927458763,0.012130356605580088,454.0278256047727,0.1359046264148699,0.11017632136881626
675.0000465517273,-0.029037918895483017,0.012131832529289434,454.3411643387995,0.08579568979755259,0.11011605573612222
675.4655638252112,-0.03004501387476921,0.01213469704596476,454.65450307282623,0.11847539719381683,0.1100746517464952
675.9310810986952,-0.027695124968886375,0.012141985492473738,454.967841806853,0.11411808988855354,0.110116862047426
676.3965983721791,-0.020309757441282272,0.012148435153868632,455.28118054087975,0.11411808988855354,0.10960324428580823
676.8621156456632,-0.013260089792311192,0.012152249140312647,455.59451927490653,0.10540354020683396,0.11016353352085723
677.327632919147,-0.006210422143340111,0.012151815793048179,455.90785800893326,0.0836170036805175,0.10992309982130526
677.7931501926311,0.0005035477224737406,0.012154848899453896,456.22119674296005,0.12501139061611521,0.10997262925696331
678.258667466115,0.006546120624989271,0.012160826237163715,456.5345354769868,0.12501139061611521,0.10976442052092832
678.7241847395989,0.011413748376071453,0.012169830010020833,456.84787421101356,0.09886754678453558,0.11014647629814375
679.1897020130829,0.015274280682206154,0.012171906857722193,457.1612129450403,0.06400915327123624,0.11040204703639159
679.6552192865668,0.017792019993066788,0.01216931074271417,457.4745516790671,0.10322485408979876,0.11017819143504196
680.1207365600508,0.018295567482709885,0.012165902501910587,457.7878904130938,0.08579568979755259,0.11024642291035124
680.5862538335347,0.01762416958808899,0.012167547233015445,458.1012291471206,0.11411808988855354,0.11037663441594515
681.0517711070187,0.01493858266621828,0.012175421549694147,458.4145678811474,0.09015299710281588,0.1104956441705136
681.5172883805026,0.01258869282901287,0.012178794697882897,458.7279066151741,0.19254949152567868,0.11150953962948913
681.9828056539866,0.013260089792311192,0.012182426275249895,459.0412453492009,0.1337259402978348,0.1112720143832411
682.4483229274705,0.013092241249978542,0.012177237976933191,459.3545840832276,0.15986971920060755,0.11101844637705995
682.9138402009545,0.008896009996533394,0.012155163002999283,459.6679228172544,0.07054514669353462,0.11123951027592674
683.3793574744384,0.00587472366169095,0.012116109058284679,459.98126155128114,0.09015299710281588,0.11126772450697513
683.8448747479224,0.004364080261439085,0.01207954479231299,460.2946002853079,0.12065408331085192,0.11074617855714235
684.3103920214063,0.003524834057316184,0.01205519436469897,460.60793901933465,0.12501139061611521,0.11105235745051478
684.7759092948902,0.004531929735094309,0.012047154041806929,460.92127775336144,0.11193946870032534,0.11119089681999543
685.2414265683742,0.00520332669839263,0.012048640157594957,461.23461648738817,0.06183053208300804,0.11125850723547451
685.7069438418581,0.0030212863348424435,0.012053883807630719,461.54795522141495,0.10758216139506205,0.11080690214192031
686.1724611153421,-0.0001678492408245802,0.012056941550458158,461.8612939554417,0.14244055490836138,0.11108176853463518
686.637978388826,-0.0015106431674212217,0.012034908459419699,462.17463268946847,0.0356867531802354,0.11220534244766572
687.10349566231,-0.0023498893715441227,0.011906807890343043,462.4879714234952,0.11847539719381683,0.11223963766224646
687.5690129357939,-0.0011749446857720613,0.011690844876501991,462.801310157522,0.10322485408979876,0.11220534244766571
688.0345302092779,0.0028534370940178633,0.011496897278178538,463.1146488915487,0.11411808988855354,0.11215684662281472
688.5000474827618,0.0041962312534451485,0.011272091495718221,463.4279876255755,0.10104623290157067,0.11196141645524932
688.9655647562458,-0.0015106431674212217,0.011027916887580874,463.7413263596022,-0.040565962339854655,0.1121717800558488
689.4310820297297,-0.007721065077930689,0.010906918061116854,464.054665093629,0.11411808988855354,0.11223094181366217
689.8965993032137,-0.009567406959831715,0.01090083286327106,464.36800382765574,0.09233161829104408,0.11223094181366217
690.3621165766976,-0.007888914085924625,0.010875937531524585,464.6813425616825,0.14244055490836138,0.11232478357135345
690.8276338501817,-0.0038605325389653444,0.010767323356420878,464.99468129570926,0.08797431098578079,0.11223884598375455
691.2931511236656,-0.0015106431674212217,0.01068835350080184,465.30802002973604,0.11411808988855354,0.11165664939186469
691.7586683971494,-0.0003356984816491604,0.010721705894153628,465.62135876376277,0.1794775696098888,0.11152619828879563
692.2241856706335,0.0011749446857720613,0.010844030848133355,465.93469749778956,0.11193946870032534,0.11147815497428079
692.6897029441174,0.0038605325389653444,0.011039848436914537,466.2480362318163,0.0792597613040612,0.11143407184401792
693.1552202176014,0.0031891355756670237,0.011271157113747076,466.5613749658431,0.10104623290157067,0.11168286735868614
693.6207374910853,-0.0001678492408245802,0.011446401888459676,466.8747136998698,0.10976084751209725,0.11080502867363172
694.0862547645693,-0.0028534370940178633,0.011546202724452115,467.1880524338966,0.11629677600558863,0.11062751850631364
694.5517720380532,-0.0041962312534451485,0.011580267633480974,467.5013911679233,0.09451030440807917,0.11056388794420353
695.0172893115372,-0.0028534370940178633,0.011562519039825098,467.8147299019501,0.11411808988855354,0.11071586062575246
695.4828065850211,-0.0001678492408245802,0.011539268148706516,468.12806863597683,0.03786537436846349,0.11045182724117668
695.9483238585051,-0.0015106431674212217,0.011532968672714708,468.4414073700036,0.10976084751209725,0.11052635931985032
696.413841131989,-0.006210422143340111,0.011530594064727812,468.75474610403035,0.09668892559630737,0.11062641143804264
696.879358405473,-0.007217517588287592,0.011525569243423007,469.06808483805713,0.0836170036805175,0.11057963011742762
697.3448756789569,-0.00553902518004179,0.01149953071332038,469.38142357208386,0.10540354020683396,0.1107343376856373
697.8103929524408,-0.004364080261439085,0.011421877333099639,469.69476230611065,0.10976084751209725,0.11092753074305234
698.2759102259248,-0.000839246204122901,0.011210137207661564,470.00810104013743,0.0836170036805175,0.11071435363850221
698.7414274994087,0.0031891355756670237,0.010816132643823398,470.32143977416416,0.1315473191096066,0.1110077852900605
699.2069447728927,0.0011749446857720613,0.010354973100568158,470.63477850819095,0.14026193372013318,0.11102531869866974
699.6724620463766,-0.0031891355756670237,0.009949339981067614,470.9481172422177,0.10540354020683396,0.1107750463706563
700.1379793198606,-0.0041962312534451485,0.009545226822440835,471.26145597624446,0.10976084751209725,0.1110136349368736
700.6034965933445,-0.004867628216743469,0.009092703090889701,471.5747947102712,0.11629677600558863,0.11073228576420996
701.0690138668285,-0.004364080261439085,0.008694489564631985,471.888133444298,0.0836170036805175,0.1108193916566639
701.5345311403124,-0.0031891355756670237,0.00847811442217444,472.2014721783247,0.14461917609658959,0.11077825054307586
702.0000484137964,-0.0015106431674212217,0.008382542150497913,472.5148109123515,0.08579568979755259,0.11079782210714412
702.4655656872803,-0.0028534370940178633,0.008361785310330145,472.8281496463782,0.1359046264148699,0.11097136715143487
702.9310829607643,-0.004867628216743469,0.008363548496673237,473.141488380405,0.09015299710281588,0.11084086175525137
703.3966002342482,-0.004867628216743469,0.008349432579808106,473.45482711443174,0.10976084751209725,0.11049178903443692
703.8621175077323,-0.0031891355756670237,0.00830556199151514,473.7681658484585,0.11411808988855354,0.11040567844403146
704.3276347812161,-0.0028534370940178633,0.008208750650299437,474.08150458248525,0.08797431098578079,0.11046970600132434
704.7931520547,-0.004867628216743469,0.008035198018834526,474.39484331651204,0.09668892559630737,0.11056980938383436
705.258669328184,-0.006546120624989271,0.007838942015743167,474.70818205053877,0.08143838249228941,0.11058580771837309
705.724186601668,-0.00553902518004179,0.007657751254891576,475.02152078456555,0.11411808988855354,0.11043044255741882
706.189703875152,-0.0031891355756670237,0.007529596411942487,475.3348595185923,0.1794775696098888,0.11055656928317657
706.6552211486359,-0.0041962312534451485,0.007435713821434528,475.64819825261907,0.08579568979755259,0.10924727971221052
707.1207384221199,-0.006210422143340111,0.007330867710168457,475.9615369866458,0.0836170036805175,0.10924727971221052
707.5862556956038,-0.0068818191066384315,0.007229600767845153,476.2748757206726,0.1315473191096066,0.10896926795926086
708.0517729690878,-0.007553216069936752,0.007181365372972251,476.5882144546993,0.0792597613040612,0.1093570866769797
708.5172902425717,-0.0068818191066384315,0.007159038535509217,476.9015531887261,0.09233161829104408,0.10965410177671046
708.9828075160557,-0.0021820401307195425,0.0071470569344676,477.2148919227528,0.14244055490836138,0.10954708771739961
709.4483247895396,0.002517738612368703,0.00715442127961785,477.5282306567796,0.10322485408979876,0.10919387911759254
709.9138420630236,0.0031891355756670237,0.007161042713957285,477.84156939080634,0.09668892559630737,0.1092583075572461
710.3793593365075,0.0038605325389653444,0.0071500035823529986,478.1549081248331,0.08797431098578079,0.10956951930550247
710.8448766099914,0.006210422143340111,0.007148180487370628,478.46824685885986,0.1293686329925715,0.10953033813758843
711.3103938834754,0.007888914085924625,0.007151273949462044,478.78158559288664,0.17512032723343252,0.10955701611547124
711.7759111569593,0.009903104975819588,0.00715024294413682,479.0949243269134,0.09668892559630737,0.11001559174832153
712.2414284304433,0.013931486755609512,0.007149745799162491,479.40826306094016,0.09233161829104408,0.10981630304550116
712.7069457039272,0.014602883718907833,0.0071622559793188415,479.7216017949669,0.08579568979755259,0.10958770482715133
713.1724629774112,0.010574501939117908,0.00717033917144853,480.0349405289937,0.08579568979755259,0.11218334218032168
713.6379802508951,0.006546120624989271,0.007166960035823925,480.3482792630204,0.10322485408979876,0.11209655233332724
714.1034975243791,0.0018463416490703821,0.007166960035823925,480.6616179970472,0.11193946870032534,0.11250966678994932
714.569014797863,-0.0018463416490703821,0.007128151077575051,480.9749567310739,0.11411808988855354,0.11302910371402322
715.034532071347,-0.003524834057316184,0.007071037126116101,481.2882954651007,0.1337259402978348,0.11306314905905397
715.5000493448309,-0.0068818191066384315,0.00703968876236456,481.6016341991275,0.11411808988855354,0.1124972853546367
715.9655666183149,-0.01359578873962164,0.007038042856564764,481.9149729331542,0.11411808988855354,0.11271653531798885
716.4310838917988,-0.019974060356616974,0.007046418009985714,482.228311667181,0.09451030440807917,0.11278013197995639
716.8966011652828,-0.023163195699453354,0.007051740776881853,482.54165040120773,0.1293686329925715,0.11198222758583991
717.3621184387667,-0.024505989626049995,0.00705099396427794,482.8549891352345,0.11847539719381683,0.11190395541534887
717.8276357122506,-0.025009537115693092,0.007041278192457487,483.16832786926125,0.1359046264148699,0.11214444641929479
718.2931529857347,-0.021652551367878914,0.007036396565765941,483.48166660328803,0.12719001180434342,0.11234750230842713
718.7586702592185,-0.01577782817184925,0.007046268540968344,483.79500533731476,0.11193946870032534,0.11221785431149539
719.2241875327026,-0.010238803923130035,0.007054484635447218,484.10834407134155,0.11193946870032534,0.1121969483626374
719.6897048061865,-0.004867628216743469,0.0070526928483642705,484.4216828053683,0.11193946870032534,0.1122142959654666
720.1552220796705,-0.0031891355756670237,0.007055529632392955,484.73502153939506,0.0792597613040612,0.112134603998362
720.6207393531544,-0.0028534370940178633,0.0070691005534146345,485.0483602734218,0.1380832476030981,0.11263734215951415
721.0862566266384,-0.0015106431674212217,0.007081158286247414,485.3616990074486,0.11411808988855354,0.112525327803257
721.5517739001223,-0.0001678492408245802,0.00705881290630601,485.6750377414753,0.08143838249228941,0.11244274711626202
722.0172911736063,0.0030212863348424435,0.007024261996274829,485.9883764755021,0.10322485408979876,0.1126931103838195
722.4828084470902,0.006546120624989271,0.007004742819461114,486.3017152095288,0.10758216139506205,0.11273197931096136
722.9483257205742,0.0068818191066384315,0.007000324698110275,486.6150539435556,0.0836170036805175,0.11262005908290937
723.4138429940581,0.0038605325389653444,0.007020306244354597,486.92839267758234,0.1293686329925715,0.11275352544865516
723.8793602675421,0.0021820401307195425,0.007036490115907559,487.2417314116091,0.09668892559630737,0.11225443820161546
724.344877541026,0.0011749446857720613,0.007055921469006269,487.55507014563585,0.11193946870032534,0.1120633901515391
724.8103948145099,0.0005035477224737406,0.007060845534028073,487.86840887966264,0.11411808988855354,0.11190695230384728
725.2759120879939,0.0005035477224737406,0.007059055361520538,488.18174761368937,0.08579568979755259,0.11205635945739077
725.7414293614778,0.0030212863348424435,0.007063679042840971,488.49508634771615,0.12283270449908013,0.11203542337339689
726.2069466349618,0.0038605325389653444,0.007077978379545551,488.8084250817429,0.10976084751209725,0.1117456888760269
726.6724639084457,0.0018463416490703821,0.007091506341138612,489.12176381576967,0.10758216139506205,0.11137426709393697
727.1379811819297,0.0011749446857720613,0.007106694515386318,489.4351025497964,0.10540354020683396,0.111390149888844
727.6034984554136,0.0018463416490703821,0.007104971484981176,489.7484412838232,0.11193946870032534,0.11092313329839984
728.0690157288976,0.0041962312534451485,0.007089538214868534,490.0617800178499,0.08579568979755259,0.11092313329839984
728.5345330023815,0.007217517588287592,0.007073922389859544,490.3751187518767,0.08797431098578079,0.11067998859615448
729.0000502758655,0.007888914085924625,0.007069454390363521,490.6884574859034,0.07490245399879791,0.1107899130010703
729.4655675493494,0.0038605325389653444,0.007069454390363521,491.0017962199302,0.11411808988855354,0.11101253507921345
729.9310848228334,-0.0011749446857720613,0.007062001441213586,491.31513495395694,0.08797431098578079,0.11096111930138812
730.3966020963173,-0.0031891355756670237,0.007038996778344213,491.6284736879837,0.09668892559630737,0.11116903442255732
730.8621193698012,-0.0038605325389653444,0.007018768333544501,491.94181242201046,0.10540354020683396,0.11116903442255731
731.3276366432852,-0.0028534370940178633,0.007014265201690121,492.25515115603724,0.0792597613040612,0.11013554021379894
731.7931539167691,-0.0031891355756670237,0.007002599906323027,492.568489890064,0.1337259402978348,0.11046289837881375
732.2586711902532,-0.0036926832981407642,0.0069800030386366705,492.88182862409076,0.1380832476030981,0.11047851113994893
732.724188463737,-0.0021820401307195425,0.0069536986782241465,493.19516735811754,0.11847539719381683,0.11027639022630616
733.1897057372211,0.0005035477224737406,0.006916186776828682,493.5085060921443,0.12283270449908013,0.11067170183629899
733.655223010705,-0.000839246204122901,0.00688459225806295,493.82184482617106,0.10976084751209725,0.11052177135003698
734.120740284189,-0.004867628216743469,0.006885663039958925,494.1351835601978,0.08579568979755259,0.10987243809526823
734.5862575576729,-0.00553902518004179,0.006886886586836127,494.4485222942246,0.11847539719381683,0.1097483545855158
735.0517748311569,-0.0031891355756670237,0.006885510081311734,494.7618610282513,0.10540354020683396,0.11016136328039396
735.5172921046408,-0.002517738612368703,0.00687693896724675,495.0751997622781,0.10322485408979876,0.10988033375623991
735.9828093781248,-0.0021820401307195425,0.00685223729233446,495.3885384963048,0.14461917609658959,0.10970132732963213
736.4483266516087,-0.000839246204122901,0.0068129302683954986,495.7018772303316,0.10976084751209725,0.10880774664518683
736.9138439250927,-0.0021820401307195425,0.006753930654144072,496.01521596435833,0.09668892559630737,0.10905394267007124
737.3793611985766,-0.004531929735094309,0.0066307052785783685,496.3285546983851,0.07272376788176282,0.10924650120685436
737.8448784720605,-0.004531929735094309,0.00648032741647704,496.64189343241185,0.2731595143510319,0.10948842070929521
738.3103957455445,-0.003524834057316184,0.006400195127137734,496.95523216643863,0.09015299710281588,0.10924242325872026
738.7759130190284,-0.0015106431674212217,0.006369575607717619,497.26857090046536,0.10758216139506205,0.10913424150651115
739.2414302925124,-0.0005035477224737406,0.006370567631106077,497.58190963449215,0.15986971920060755,0.1092667852643854
739.7069475659963,-0.0021820401307195425,0.006380974566744738,497.8952483685189,0.09668892559630737,0.10904059904496324
740.1724648394803,-0.0038605325389653444,0.006389221974792432,498.20858710254566,0.08143838249228941,0.1086925852042797
740.6379821129642,-0.003524834057316184,0.00636362022056126,498.5219258365724,0.11411808988855354,0.10880451748677278
741.1034993864482,-0.0038605325389653444,0.006232513855888763,498.8352645705992,0.12065408331085192,0.10901302984799133
741.5690166599321,-0.0028534370940178633,0.005932258963010366,499.1486033046259,0.11411808988855354,0.10978352833381175
742.0345339334161,-0.0005035477224737406,0.005500314335528643,499.4619420386527,0.10322485408979876,0.10962535888467244
742.5000512069,-0.0005035477224737406,0.004975642457056052,499.7752807726794,0.10976084751209725,0.10942535948052091
742.965568480384,-0.001678492408245802,0.004367608384523854,500.0886195067062,0.12283270449908013,0.10894992109183316
743.4310857538679,-0.0038605325389653444,0.0038564723322052296,500.40195824073294,0.09451030440807917,0.10871282581444656
743.8966030273518,-0.004531929735094309,0.0035503635232456876,500.7152969747597,0.11411808988855354,0.10901942571177312
744.3621203008358,-0.0038605325389653444,0.0034099416736347236,501.02863570878645,0.09668892559630737,0.10915210889092627
744.8276375743197,-0.003524834057316184,0.003379225741990441,501.34197444281324,0.10540354020683396,0.1166788726785037
745.2931548478037,-0.004531929735094309,0.0033654842348245454,501.65531317683997,0.11629677600558863,0.11714254299567838
745.7586721212876,-0.004531929735094309,0.0033573378165698393,501.96865191086675,0.09668892559630737,0.11675423227415584
746.2241893947717,-0.0021820401307195425,0.0033629797464102573,502.2819906448935,0.08579568979755259,0.11648412919822708
746.6897066682556,-0.0001678492408245802,0.003380160628633417,502.59532937892027,0.11411808988855354,0.1166275817810031
747.1552239417396,-0.0011749446857720613,0.00339186378655369,502.908668112947,0.10976084751209725,0.11657521782070746
747.6207412152235,-0.003524834057316184,0.00336536688019384,503.2220068469738,0.09668892559630737,0.11685132165640044
748.0862584887075,-0.00553902518004179,0.0033323445392693936,503.5353455810005,0.10104623290157067,0.11689673198332501
748.5517757621914,-0.00587472366169095,0.0033180915038481676,503.8486843150273,0.07272376788176282,0.11658435119311292
749.0172930356754,-0.00553902518004179,0.0033117371314299675,504.162023049054,0.12283270449908013,0.11653539374379947
749.4828103091593,-0.0041962312534451485,0.003313008980931907,504.4753617830808,0.08579568979755259,0.11677332096306293
749.9483275826433,-0.0038605325389653444,0.0033373976189292106,504.7887005171076,0.12501139061611521,0.11681387022351802
750.4138448561272,-0.00553902518004179,0.0033578475497766306,505.10203925113433,0.11411808988855354,0.11718831128956897
750.8793621296111,-0.006378271151334047,0.003356475022995608,505.4153779851611,0.007364288160427557,0.11729969947712617
751.3448794030951,-0.00553902518004179,0.003342324891374896,505.72871671918784,0.10976084751209725,0.11724422999889703
751.810396676579,-0.005035477224737406,0.0033379103941466176,506.04205545321463,0.08797431098578079,0.11710679104771832
752.275913950063,-0.0023498893715441227,0.0033391722745907417,506.35539418724136,0.08579568979755259,0.11684074702943345
752.7414312235469,0.0005035477224737406,0.0033674395765265945,506.66873292126814,0.09015299710281588,0.11710187578487909
753.2069484970309,0.0001678492408245802,0.0033758736120851752,506.9820716552949,0.0792597613040612,0.11754434611610126
753.6724657705148,-0.0018463416490703821,0.0033239980913906957,507.29541038932166,0.12501139061611521,0.11767825891231909
754.1379830439988,-0.0028534370940178633,0.003260658246736531,507.6087491233484,0.11411808988855354,0.11789643796514511
754.6035003174827,-0.003524834057316184,0.003264532012464157,507.9220878573752,0.09015299710281588,0.11789643796514511
755.0690175909667,-0.0028534370940178633,0.003264532012464157,508.2354265914019,0.10758216139506205,0.11820868476528287
755.5345348644506,0.0005035477224737406,0.003250305644077952,508.5487653254287,0.11411808988855354,0.11795036655453431
756.0000521379346,0.0018463416490703821,0.003228848565542764,508.8621040594554,0.08797431098578079,0.11819553380812733
756.4655694114185,0.0003356984816491604,0.0032288485655427644,509.1754427934822,0.12283270449908013,0.11846173479671164
756.9310866849024,-0.0021820401307195425,0.003248360860656274,509.48878152750893,0.08579568979755259,0.11804596018695616
757.3966039583864,-0.0028534370940178633,0.003254070366786349,509.8021202615357,0.11193946870032534,0.11761212158105518
757.8621212318703,-0.0011749446857720613,0.0032482392756386317,510.11545899556245,0.12501139061611521,0.11734659394914755
758.3276385053543,-0.000839246204122901,0.0032482392756386317,510.42879772958923,0.07054514669353462,0.11802653739396592
758.7931557788382,-0.002517738612368703,0.0032482392756386317,510.74213646361596,0.07054514669353462,0.11806515278852527
759.2586730523223,-0.0028534370940178633,0.0032208879349807404,511.05547519764275,0.08797431098578079,0.1183705833517797
759.7241903258061,-0.0028534370940178633,0.0031880208695226242,511.3688139316695,0.1380832476030981,0.1183911485310924
760.1897075992902,-0.0015106431674212217,0.0031850461981600764,511.68215266569626,0.0335080670632002,0.1183216152288729
760.655224872774,-0.0015106431674212217,0.003187690487563201,511.995491399723,0.11193946870032534,0.11825354206573795
761.1207421462581,-0.0021820401307195425,0.0032064679326920466,512.3088301337498,0.09886754678453558,0.11774716217302789
761.586259419742,-0.003524834057316184,0.003223502822078438,512.6221688677765,0.12283270449908013,0.11757607261531165
762.051776693226,-0.0041962312534451485,0.0032166342073228315,512.9355076018032,0.11411808988855354,0.11764604656248663
762.5172939667099,-0.0015106431674212217,0.0032166342073228315,513.2488463358301,0.11411808988855354,0.11774334935914994
762.9828112401939,0.0011749446857720613,0.00320153717509207,513.5621850698568,0.04004406048549858,0.11498555284834196
763.4483285136778,0.0010070954449474812,0.0031903325850335617,513.8755238038835,0.09015299710281588,0.11518432418186579
763.9138457871617,-0.0021820401307195425,0.003212702691213114,514.1888625379103,0.12501139061611521,0.11507710254282796
764.3793630606457,-0.0041962312534451485,0.0032203565252751252,514.5022012719371,0.08797431098578079,0.11448889710049039
764.8448803341296,-0.004867628216743469,0.00321491476048765,514.8155400059638,0.09886754678453558,0.11463876213822391
765.3103976076136,-0.003524834057316184,0.0032230943885024465,515.1288787399906,0.12501139061611521,0.1146996994061921
765.7759148810975,-0.0028534370940178633,0.0032393916803812495,515.4422174740173,0.1337259402978348,0.11464065085743719
766.2414321545815,-0.0028534370940178633,0.0032198250353506863,515.7555562080441,0.16422702650587084,0.11457808688266644
766.7069494280654,-0.0028534370940178633,0.00321130913148959,516.0688949420709,0.11411808988855354,0.11433185140092757
767.1724667015494,-0.003524834057316184,0.0032272988110833034,516.3822336760976,0.09668892559630737,0.11442857618585583
767.6379839750333,-0.0041962312534451485,0.0032318643994097103,516.6955724101244,0.08579568979755259,0.1142370324291313
768.1035012485173,-0.004364080261439085,0.0032327197293765537,517.0089111441512,0.10322485408979876,0.11361825758166275
768.5690185220012,-0.002517738612368703,0.003250265151019552,517.3222498781779,0.14026193372013318,0.11411001058726308
769.0345357954852,-0.0005035477224737406,0.0032385787641831384,517.6355886122046,0.12501139061611521,0.11408984078590576
769.5000530689691,0.0011749446857720613,0.0032170434705021556,517.9489273462315,0.440915553424037,0.11453706834975905
769.9655703424531,0.0005035477224737406,0.0031989866505665035,518.2622660802582,0.1337259402978348,0.1146564024342629
770.431087615937,-0.0015106431674212217,0.0031688848748085926,518.5756048142849,0.09668892559630737,0.11463594119986961
770.8966048894209,-0.002517738612368703,0.0031386202408992914,518.8889435483117,0.0792597613040612,0.11493668266878586
771.3621221629049,-0.003524834057316184,0.0031466634864318757,519.2022822823385,0.10104623290157067,0.11516664997464142
771.8276394363888,-0.0041962312534451485,0.0031616894213905267,519.5156210163652,0.09668892559630737,0.11522889438724356
772.2931567098728,-0.004867628216743469,0.0031630216055816385,519.828959750392,0.1359046264148699,0.1153739997686435
772.7586739833567,-0.004867628216743469,0.003174986112960246,520.1422984844187,0.09015299710281588,0.11539125416307479
773.2241912568408,-0.0021820401307195425,0.00316002340380865,520.4556372184455,0.09451030440807917,0.11558860648688213
773.6897085303247,0.0005035477224737406,0.0031180836078740725,520.7689759524723,0.09015299710281588,0.11557598738055999
774.1552258038087,-0.0015106431674212217,0.003075229493910602,521.082314686499,0.1359046264148699,0.11559781723520902
774.6207430772926,-0.0041962312534451485,0.003055645673394769,521.3956534205257,0.11847539719381683,0.11588836191933223
775.0862603507766,-0.0038605325389653444,0.0030483988684402667,521.7089921545526,0.1293686329925715,0.11584519116705383
775.5517776242605,-0.0028534370940178633,0.0030136512133814007,522.0223308885793,0.1337259402978348,0.11626749301815041
776.0172948977445,-0.0021820401307195425,0.002952081747939869,522.335669622606,0.10322485408979876,0.11657596093450548
776.4828121712284,-0.0005035477224737406,0.002913295944671609,522.6490083566327,0.09015299710281588,0.11640314995584553
776.9483294447123,-0.0015106431674212217,0.0029008421349029445,522.9623470906596,-0.06670974124262741,0.11688124478231131
777.4138467181963,-0.004867628216743469,0.00292996846846318,523.2756858246863,0.1380832476030981,0.1173969831624536
777.8793639916802,-0.004867628216743469,0.0029671169387981253,523.589024558713,0.1359046264148699,0.11757210588982303
778.3448812651642,-0.0038605325389653444,0.002994675893583898,523.9023632927398,0.10540354020683396,0.11774579261726341
778.8103985386481,-0.0041962312534451485,0.002994675893583898,524.2157020267666,0.10540354020683396,0.11736074723228403
779.2759158121321,-0.0041962312534451485,0.0029819880260023163,524.5290407607934,0.11411808988855354,0.11715018936814055
779.741433085616,-0.0011749446857720613,0.002966051868516806,524.8423794948201,0.12501139061611521,0.11744898036818092
780.2069503591,0.0005035477224737406,0.0029692459424624745,525.1557182288468,0.053115917472481566,0.11750661770461847
780.6724676325839,-0.0001678492408245802,0.00299221302175103,525.4690569628737,0.1315473191096066,0.11758870549914974
781.1379849060679,-0.0028534370940178633,0.002999595570700274,525.7823956969004,0.11411808988855354,0.11779847954406983
781.6035021795518,-0.004867628216743469,0.0030029731734348424,526.0957344309271,0.08579568979755259,0.11771653803229273
782.0690194530358,-0.0041962312534451485,0.0029962580993067728,526.4090731649538,0.09015299710281588,0.11781232133864177
782.5345367265197,-0.000839246204122901,0.0029962580993067728,526.7224118989807,0.08579568979755259,0.1176375562117687
783.0000540000037,0.0005035477224737406,0.0030416109585514463,527.0357506330074,0.1794775696098888,0.11749524633179258
783.4655712734876,-0.000839246204122901,0.0030992379405321607,527.3490893670341,0.11411808988855354,0.11772087905913313
783.9310885469715,-0.0021820401307195425,0.0031474583238886664,527.662428101061,0.12283270449908013,0.11784588856682948
784.3966058204555,-0.0028534370940178633,0.0031574810373052376,527.9757668350877,0.12065408331085192,0.11805520562022863
784.8621230939394,-0.0028534370940178633,0.0031487965289391964,528.2891055691144,0.09668892559630737,0.1176371946270107
785.3276403674234,-0.0028534370940178633,0.0031464542965985447,528.6024443031412,0.09451030440807917,0.11814904859078941
785.7931576409073,-0.0041962312534451485,0.0031691341435137296,528.915783037168,0.09015299710281588,0.11829319690826152
786.2586749143913,-0.003524834057316184,0.0032071248096917373,529.2291217711947,0.08797431098578079,0.11801819578554548
786.7241921878752,0.0001678492408245802,0.0032071248096917373,529.5424605052215,0.10540354020683396,0.11765549004989623
787.1897094613593,0.004531929735094309,0.003193302348075081,529.8557992392482,0.08797431098578079,0.11744546060598664
787.6552267348432,0.0031891355756670237,0.003208109846422186,530.169137973275,0.07708107518702612,0.11721996405679352
788.1207440083272,-0.0021820401307195425,0.003231660725657247,530.4824767073018,0.11411808988855354,0.11767431090484702
788.5862612818111,-0.0041962312534451485,0.0032370743393435124,530.7958154413285,0.09451030440807917,0.11764386246995003
789.0517785552951,-0.0023498893715441227,0.0032305606136116428,531.1091541753552,0.10540354020683396,0.11768788048281051
789.517295828779,0.0010070954449474812,0.0032197841541939157,531.4224929093821,0.11411808988855354,0.1177517605353209
789.9828131022629,0.004531929735094309,0.0031872361690559255,531.7358316434088,0.09015299710281588,0.117670962849056
790.4483303757469,0.004867628216743469,0.0031690095135137155,532.0491703774355,0.10758216139506205,0.11754789579151174
790.9138476492308,0.0011749446857720613,0.003157022359177887,532.3625091114623,0.11411808988855354,0.1174582270470755
791.3793649227148,-0.0015106431674212217,0.0031459940108001473,532.6758478454891,0.0836170036805175,0.11690202695717111
791.8448821961987,-0.003356984816491604,0.0031349268660738616,532.9891865795158,0.11411808988855354,0.11719212403997807
792.3103994696827,-0.0018463416490703821,0.003125842784808313,533.3025253135426,0.08579568979755259,0.11712793876940865
792.7759167431666,0.0018463416490703821,0.0031198986272609423,533.6158640475693,-0.0013502615212921398,0.117393960967765
793.2414340166506,0.00520332669839263,0.0030912842405653265,533.9292027815961,0.14461917609658959,0.11709344911922571
793.7069512901345,0.003524834057316184,0.0030888983984410133,534.2425415156229,0.11193946870032534,0.11693188971998142
794.1724685636185,-0.0001678492408245802,0.003095710211907577,534.5558802496496,0.14244055490836138,0.11673300768500583
794.6379858371024,0.0001678492408245802,0.0030978783293858,534.8692189836763,0.11847539719381683,0.10959520936560614
795.1035031105864,-0.0001678492408245802,0.0030978783293858,535.1825577177032,0.11411808988855354,0.10938780674637112
795.5690203840703,0.0003356984816491604,0.003101615831110895,535.4958964517299,0.1293686329925715,0.10946301514631857
796.0345376575543,0.0031891355756670237,0.0030920933044611314,535.8092351857566,0.11411808988855354,0.10966891664745107
796.5000549310382,0.0031891355756670237,0.0030816443485029974,536.1225739197833,0.12065408331085192,0.10963219877843147
796.9655722045221,-0.0015106431674212217,0.0030621015547788377,536.4359126538102,0.12501139061611521,0.10963219877843147
797.4310894780061,-0.004531929735094309,0.003038276309002383,536.7492513878369,0.09886754678453558,0.10942121761949568
797.89660675149,-0.004531929735094309,0.0030142627503108137,537.0625901218636,0.12283270449908013,0.10965147351091563
798.362124024974,-0.002517738612368703,0.0030072664543890864,537.3759288558904,0.07054514669353462,0.10982566578696279
798.8276412984579,-0.0015106431674212217,0.0030167076205670647,537.6892675899172,0.12501139061611521,0.11021544572167397
799.293158571942,-0.0021820401307195425,0.0030142627503108137,538.002606323944,0.12065408331085192,0.10998425672603829
799.7586758454258,-0.0031891355756670237,0.002990408558861188,538.3159450579707,0.12065408331085192,0.10978491114186453
800.2241931189099,-0.0028534370940178633,0.002972392290454925,538.6292837919975,0.15333379070711606,0.10980910421400757
800.6897103923937,-0.0011749446857720613,0.00296174329205449,538.9426225260243,0.08797431098578079,0.11004836815404205
801.1552276658778,-0.002517738612368703,0.002964231480182656,539.255961260051,0.08797431098578079,0.11011233647797264
801.6207449393617,-0.0041962312534451485,0.003000955842797449,539.5692999940777,0.14026193372013318,0.11031988858783613
802.0862622128457,-0.004867628216743469,0.003056937948208606,539.8826387281046,0.14244055490836138,0.11064122284446141
802.5517794863296,-0.004867628216743469,0.0030434715733172395,540.1959774621313,0.11193946870032534,0.11042855418823046
803.0172967598135,-0.0041962312534451485,0.0030167076185088466,540.509316196158,0.10322485408979876,0.11019781228343323
803.4828140332975,-0.0018463416490703821,0.0030254231729733134,540.8226549301847,0.07708107518702612,0.11003872224691753
803.9483313067814,-0.0001678492408245802,0.0030745872741474835,541.1359936642116,0.08797431098578079,0.11011993097931971
804.4138485802654,-0.0015106431674212217,0.0031194766162726917,541.4493323982383,0.12501139061611521,0.11011993097931971
804.8793658537493,-0.0031891355756670237,0.0031687186884664714,541.762671132265,0.11411808988855354,0.10972263145264073
805.3448831272333,-0.0038605325389653444,0.003205523460426914,542.0760098662918,0.12283270449908013,0.1101992288976336
805.8104004007172,-0.0028534370940178633,0.003223543664345993,542.3893486003186,0.11411808988855354,0.10989798750333968
806.2759176742012,-0.0015106431674212217,0.003219743254254728,542.7026873343453,0.11411808988855354,0.10970657247053231
806.7414349476851,-0.0006713969632983208,0.003206960589360446,543.0160260683721,0.09886754678453558,0.1099474796741997
807.2069522211691,-0.0028534370940178633,0.003215815536520479,543.3293648023988,0.09015299710281588,0.1103861730840916
807.672469494653,-0.00553902518004179,0.003244508367319448,543.6427035364256,0.10976084751209725,0.11064680318931544
808.137986768137,-0.006210422143340111,0.0032694080358231215,543.9560422704524,0.10322485408979876,0.11025061503093452
808.6035040416209,-0.006210422143340111,0.0032762865614041074,544.2693810044791,0.09015299710281588,0.11025061503093452
809.0690213151049,-0.0038605325389653444,0.003270495080601939,544.5827197385058,0.11411808988855354,0.10992262467134105
809.5345385885888,-0.0015106431674212217,0.003267917794583353,544.8960584725327,0.09233161829104408,0.10961626857284994
810.0000558620727,-0.000839246204122901,0.003299989202610705,545.2093972065594,0.11847539719381683,0.10977278606800854
810.4655731355567,-0.0041962312534451485,0.003331751905910755,545.5227359405861,0.12719001180434342,0.10994678614478637
810.9310904090406,-0.00553902518004179,0.0033337665142969073,545.8360746746129,0.053115917472481566,0.10999867604505109
811.3966076825246,-0.003524834057316184,0.0033195195844215463,546.1494134086397,0.07708107518702612,0.11024417652638462
811.8621249560085,-0.0028534370940178633,0.0033337665142969073,546.4627521426664,0.08797431098578079,0.11028390856950956
812.3276422294925,-0.003524834057316184,0.0033337665142969073,546.7760908766932,0.08579568979755259,0.11042662634591778
812.7931595029764,-0.0041962312534451485,0.003321422705923384,547.0894296107199,0.11411808988855354,0.1106451207328763
813.2586767764604,-0.0021820401307195425,0.0033186866255839314,547.4027683447467,0.08579568979755259,0.1106451207328763
813.7241940499443,0.0005035477224737406,0.003305330733846649,547.7161070787735,0.1293686329925715,0.11059473695659537
814.1897113234284,0.0031891355756670237,0.003300747108224889,548.0294458128002,0.09668892559630737,0.11067553771115998
814.6552285969123,0.0011749446857720613,0.003299350827800434,548.3427845468269,0.08797431098578079,0.11069673099076627
815.1207458703963,-0.0001678492408245802,0.0032733921006051336,548.6561232808538,0.11193946870032534,0.11074826951306636
815.5862631438802,-0.0001678492408245802,0.003251115630421387,548.9694620148805,0.12501139061611521,0.11125081137316348
816.0517804173642,-0.000839246204122901,0.0032524111859378625,549.2828007489072,0.11411808988855354,0.11127189508395587
816.5172976908481,-0.000839246204122901,0.003251115630421387,549.596139482934,0.14244055490836138,0.11163397928786199
816.982814964332,0.002517738612368703,0.003234918104732808,549.9094782169608,0.08797431098578079,0.11163397928786199
817.448332237816,0.0036926832981407642,0.0032417479798029303,550.2228169509875,0.11847539719381683,0.11187073600865953
817.9138495112999,-0.0001678492408245802,0.003248563495575337,550.5361556850143,-0.05581650544387262,0.11219347627614201
818.3793667847839,-0.0021820401307195425,0.003216306761032561,550.8494944190411,0.12501139061611521,0.1117653545508142
818.8448840582678,-0.0021820401307195425,0.0032015371746357425,551.1628331530678,0.10322485408979876,0.11187222926234905
819.3104013317518,-0.001678492408245802,0.0032025239328703258,551.4761718870946,0.14679786221362467,0.11156830038062396
819.7759186052357,0.0005035477224737406,0.0032028527847245943,551.7895106211213,0.11411808988855354,0.11180414930697959
820.2414358787197,0.0021820401307195425,0.0032077815169959975,552.1028493551481,0.10540354020683396,0.11165047951961415
820.7069531522036,-0.0001678492408245802,0.0032331676622759336,552.4161880891749,0.10540354020683396,0.11151599615534917
821.1724704256876,-0.0023498893715441227,0.0032626764132352606,552.7295268232016,0.09668892559630737,0.11120495100996843
821.6379876991715,-0.0021820401307195425,0.0033030995028728613,553.0428655572283,0.09668892559630737,0.11090213726672778
822.1035049726555,-0.0028534370940178633,0.003324710950576005,553.3562042912552,0.11629677600558863,0.11083506165037617
822.5690222461394,-0.0028534370940178633,0.003298951782654102,553.6695430252819,0.11629677600558863,0.11087218135524118
823.0345395196233,0.0005035477224737406,0.003281345721492324,553.9828817593086,0.11411808988855354,0.11047201397862132
823.5000567931073,0.002517738612368703,0.0033158291767272407,554.2962204933353,0.1315473191096066,0.110811845628243
823.9655740665912,0.000839246204122901,0.003355612026845622,554.6095592273622,0.11411808988855354,0.11111589498092284
824.4310913400752,-0.0015106431674212217,0.0033616876658044232,554.9228979613889,0.09668892559630737,0.11079727222796798
824.8966086135591,-0.0018463416490703821,0.0033522755498460277,555.2362366954156,0.1315473191096066,0.11103875327172914
825.3621258870431,-0.0011749446857720613,0.0033409460099953965,555.5495754294424,0.15333379070711606,0.11153863388098978
825.827643160527,-0.002517738612368703,0.0033409460099953965,555.8629141634692,-0.11028274936645321,0.11166072795216735
826.293160434011,-0.004867628216743469,0.0033322260410878304,556.1762528974959,0.11411808988855354,0.11199036224549253
826.7586777074949,-0.006210422143340111,0.0033106636509773707,556.4895916315227,0.10976084751209725,0.1112199616714989
827.224194980979,-0.0038605325389653444,0.0032860766040800115,556.8029303655494,0.11847539719381683,0.11132740802209037
827.6897122544628,-0.002517738612368703,0.0032590428266264216,557.1162690995762,0.11411808988855354,0.1116526065656123
828.1552295279469,-0.004531929735094309,0.003240570040425549,557.429607833603,0.08579568979755259,0.11158046483869485
828.6207468014308,-0.007049668114632368,0.0032503056452016553,557.7429465676297,0.11411808988855354,0.11185606433696363
829.0862640749148,-0.0068818191066384315,0.00325710325403694,558.0562853016564,0.11411808988855354,0.11205603288182145
829.5517813483987,-0.00587472366169095,0.0032558095655941767,558.3696240356833,0.0792597613040612,0.1120335129086758
830.0172986218826,-0.005035477224737406,0.003270656091312171,558.68296276971,0.11847539719381683,0.1119928178094017
830.4828158953666,-0.003524834057316184,0.0032512776053399686,558.9963015037367,0.10104623290157067,0.11182671406755881
830.9483331688505,-0.0023498893715441227,0.003246414909838567,559.3096402377635,0.09233161829104408,0.11189081648854167
831.4138504423345,-0.0038605325389653444,0.0032464149098385665,559.6229789717903,0.11411808988855354,0.11189081648854167
831.8793677158184,-0.004867628216743469,0.0032477528768930356,559.936317705817,0.1359046264148699,0.11177453008682103
832.3448849893024,-0.004531929735094309,0.00324515752919331,560.2496564398438,0.11629677600558863,0.11220608048395657
832.8104022627863,-0.0041962312534451485,0.0032099149527674968,560.5629951738705,0.15115516951888797,0.1122261935809495
833.2759195362703,-0.0023498893715441227,0.003162646979259357,560.8763339078973,0.11411808988855354,0.11222619358094948
833.7414368097542,-0.000839246204122901,0.0031051792325938197,561.1896726419241,0.08579568979755259,0.11281037401617931
834.2069540832382,-0.002517738612368703,0.0031051792325938197,561.5030113759508,0.08579568979755259,0.11271226056872356
834.6724713567221,-0.00553902518004179,0.003128158347260094,561.8163501099776,0.11411808988855354,0.11291935574095154
835.1379886302061,-0.00553902518004179,0.003153308764553537,562.1296888440044,0.11411808988855354,0.11320363930101707
835.60350590369,-0.004364080261439085,0.0031456173457841703,562.4430275780311,0.09668892559630737,0.11301345818062875
836.0690231771739,-0.0015106431674212217,0.003103143493398737,562.7563663120578,0.11629677600558863,0.11309003680166879
836.5345404506579,0.0031891355756670237,0.003091582323059396,563.0697050460847,0.10976084751209725,0.11323073760915318
837.0000577241418,0.004531929735094309,0.0031254636912698315,563.3830437801114,0.10540354020683396,0.11336974577146187
837.4655749976258,0.0011749446857720613,0.0031772658713240245,563.6963825141381,0.10540354020683396,0.113562752370633
837.9310922711097,-0.001678492408245802,0.0031772658713240245,564.0097212481649,0.11411808988855354,0.11336113775275633
838.3966095445937,-0.0028534370940178633,0.0031712935620791635,564.3230599821917,0.08797431098578079,0.11353467127367649
838.8621268180776,-0.0015106431674212217,0.003175939662058606,564.6363987162184,0.11411808988855354,0.11332199955675049
839.3276440915616,-0.0001678492408245802,0.0031659753847291406,564.9497374502452,0.11629677600558863,0.11330482154967257
839.7931613650455,-0.0015106431674212217,0.0031673057662237646,565.2630761842719,0.09668892559630737,0.11337117130485337
840.2586786385295,-0.0028534370940178633,0.003189176937310274,565.5764149182987,0.15333379070711606,0.11337117130485339
840.7241959120134,-0.0015106431674212217,0.0032072889857431923,565.8897536523255,0.11629677600558863,0.11337117130485339
841.1897131854975,0.0011749446857720613,0.0032210514243839914,566.2030923863522,0.12501139061611521,0.11337117130485339
841.6552304589814,-0.0001678492408245802,0.0032347553105270084,566.5164311203789,0.11411808988855354,0.1130712715623556
842.1207477324654,-0.0028534370940178633,0.003232475364006135,566.8297698544058,0.11411808988855354,0.11308730875417683
842.5862650059493,-0.0028534370940178633,0.0032130714730240874,567.1431085884325,0.08797431098578079,0.11315304927640245
843.0517822794332,-0.0021820401307195425,0.003213399245467648,567.4564473224592,0.10322485408979876,0.11362458556182185
843.5172995529172,-0.0015106431674212217,0.003206837431263806,567.7697860564859,0.12283270449908013,0.11386786218322197
843.9828168264011,0.000839246204122901,0.003203222703846093,568.0831247905128,0.11411808988855354,0.11411713554135185
844.4483340998851,0.0005035477224737406,0.003213931804393135,568.3964635245395,0.14026193372013318,0.11391986598381158
844.913851373369,-0.0018463416490703821,0.0032315792306358048,568.7098022585662,0.09668892559630737,0.11394045580985393
845.379368646853,-0.0041962312534451485,0.0032378876156511837,569.023140992593,0.11629677600558863,0.11378659864780541
845.8448859203369,-0.00553902518004179,0.0032398386891406383,569.3364797266198,0.07490245399879791,0.11397198683945307
846.3104031938209,-0.006210422143340111,0.0032319051260653628,569.6498184606465,0.08579568979755259,0.11397198683945306
846.7759204673048,-0.0041962312534451485,0.0032253809610137785,569.9631571946733,0.11847539719381683,0.11402554628797724
847.2414377407888,-0.0015106431674212217,0.003216879765143165,570.2764959287,0.10322485408979876,0.11385427254427631
847.7069550142727,-0.0028534370940178633,0.003230601349920163,570.5898346627268,0.07490245399879791,0.11354260007235598
848.1724722877567,-0.00553902518004179,0.0032743169986547034,570.9031733967536,0.11411808988855354,0.11374242692285311
848.6379895612406,-0.00553902518004179,0.0033088737045947852,571.2165121307803,0.15115516951888797,0.11333316814657962
849.1035068347245,-0.0030212863348424435,0.003332660605587669,571.529850864807,0.0836170036805175,0.11365809183704652
849.5690241082085,-0.0018463416490703821,0.0033326606055876684,571.8431895988339,0.14244055490836138,0.11391595591696514
850.0345413816924,-0.0001678492408245802,0.0033345562271614474,572.1565283328606,0.1881921842204154,0.113295425310661
850.5000586551764,0.0011749446857720613,0.0033572202029574596,572.4698670668873,0.10322485408979876,0.11313702188240508
850.9655759286603,0.0003356984816491604,0.00335722020295746,572.7832058009141,0.12501139061611521,0.11268638689269984
851.4310932021443,-0.0015106431674212217,0.0033307639047294906,573.0965445349409,0.0356867531802354,0.11275000055989441
851.8966104756282,-0.002517738612368703,0.0032794594890425397,573.4098832689676,0.15115516951888797,0.11316974059629177
852.3621277491122,-0.0021820401307195425,0.0032583156272923902,573.7232220029944,0.14244055490836138,0.11295878529951954
852.8276450225961,-0.0021820401307195425,0.003249576493447155,574.0365607370212,0.09451030440807917,0.11336449668814619
853.2931622960801,-0.0031891355756670237,0.003219947693061532,574.3498994710479,0.11193946870032534,0.11359764677506792
853.758679569564,-0.0021820401307195425,0.003148043852329473,574.6632382050747,0.11193946870032534,0.1134464064108489
854.224196843048,0.0011749446857720613,0.003078010903812683,574.9765769391014,0.12283270449908013,0.11344640641084888
854.689714116532,0.004531929735094309,0.003037712948445149,575.2899156731282,0.10976084751209725,0.11349083347529602
855.155231390016,0.0011749446857720613,0.003030292931243086,575.603254407155,0.10540354020683396,0.11324727953319082
855.6207486634999,-0.0021820401307195425,0.0030382763086417466,575.9165931411817,0.12065408331085192,0.11336327569955892
856.0862659369838,-0.0015106431674212217,0.003048873897111295,576.2299318752084,0.11411808988855354,0.11334688667092686
856.5517832104678,0.0011749446857720613,0.0030450716609575945,576.5432706092353,0.0836170036805175,0.1132492380320217
857.0173004839517,0.002517738612368703,0.0030095857784875474,576.856609343262,0.1359046264148699,0.11302425477208575
857.4828177574357,0.002517738612368703,0.0029775698677549905,577.1699480772887,0.11193946870032534,0.11285146138663894
857.9483350309196,0.002517738612368703,0.002953419329922761,577.4832868113155,0.10322485408979876,0.11238366513525129
858.4138523044036,-0.0001678492408245802,0.002957561980920734,577.7966255453423,0.14897648340185277,0.11228517883529361
858.8793695778875,-0.0038605325389653444,0.0029779235583055944,578.109964279369,0.10322485408979876,0.1125205653627383
859.3448868513715,-0.0041962312534451485,0.0029874574573380865,578.4233030133958,0.11629677600558863,0.11345309942121924
859.8104041248554,-0.0041962312534451485,0.002939478752063328,578.7366417474225,0.14461917609658959,0.11325128959480658
860.2759213983394,-0.003524834057316184,0.002895800146489878,579.0499804814493,0.10758216139506205,0.11325128959480658
860.7414386718233,-0.0015106431674212217,0.002870457385183881,579.363319215476,0.06836646057649953,0.11320089066252984
861.2069559453073,-0.0021820401307195425,0.002895300015396979,579.6766579495028,0.09668892559630737,0.11350552797242945
861.6724732187912,-0.00553902518004179,0.0028989353872182883,579.9899966835295,0.10540354020683396,0.11358738240633483
862.1379904922752,-0.0068818191066384315,0.002878884030131423,580.3033354175564,0.10976084751209725,0.11358738240633484
862.6035077657591,-0.0041962312534451485,0.0028777863018148403,580.6166741515831,0.09015299710281588,0.11341784029927011
863.069025039243,-0.000839246204122901,0.00287362027263337,580.9300128856098,0.10758216139506205,0.11350288522648733
863.534542312727,0.0018463416490703821,0.0028659132316002194,581.2433516196365,0.10758216139506205,0.11355197864516235
864.0000595862109,0.0018463416490703821,0.0029006152059998704,581.5566903536634,0.09451030440807917,0.11347322613319642
864.4655768596949,-0.0015106431674212217,0.0029438646363626896,581.8700290876901,0.09668892559630737,0.11345255151246203
864.9310941331788,-0.0038605325389653444,0.0029680929190690594,582.1833678217168,0.11193946870032534,0.11362443079889614
865.3966114066628,-0.003524834057316184,0.0029680929190690594,582.4967065557436,0.12501139061611521,0.1133688938592153
865.8621286801467,-0.0031891355756670237,0.002965607970745931,582.8100452897704,0.11411808988855354,0.11326930601587734
866.3276459536307,-0.0031891355756670237,0.0029645423552580904,583.1233840237971,0.11411808988855354,0.11353986755666852
866.7931632271146,-0.0021820401307195425,0.0029645423552580904,583.4367227578239,0.09015299710281588,0.11348021550002371
867.2586805005986,-0.0005035477224737406,0.0029527952038298343,583.7500614918506,0.12501139061611521,0.11372882532674398
867.7241977740825,0.0005035477224737406,0.0029400609352313134,584.0634002258774,0.12065408331085192,0.1140086166368791
868.1897150475666,0.0005035477224737406,0.002932887638941496,584.3767389599042,0.14679786221362467,0.11393796666686076
868.6552323210504,-0.0015106431674212217,0.002931450873306995,584.6900776939309,0.1293686329925715,0.11375603275621839
869.1207495945343,-0.0031891355756670237,0.0029325285135263306,585.0034164279577,0.1293686329925715,0.11371595409029135
869.5862668680184,-0.003524834057316184,0.0029325285135263306,585.3167551619845,0.11629677600558863,0.11329089128909262
870.0517841415023,-0.0030212863348424435,0.002928710086374112,585.6300938960112,0.08579568979755259,0.11307684527821066
870.5173014149863,-0.0011749446857720613,0.002913567076851162,585.9434326300379,0.12501139061611521,0.11330563857970145
870.9828186884702,-0.0001678492408245802,0.0028661888433584087,586.2567713640648,0.09668892559630737,0.11355131786329165
871.4483359619542,0.0005035477224737406,0.002816144839545215,586.5701100980915,0.10322485408979876,0.11378408514360297
871.9138532354381,-0.0015106431674212217,0.002816144839545215,586.8834488321182,0.09668892559630737,0.11362684668882943
872.3793705089221,-0.0041962312534451485,0.0028329244002949145,587.196787566145,0.07708107518702612,0.11350686750006056
872.844887782406,-0.00553902518004179,0.0028273422781161903,587.5101263001718,0.1337259402978348,0.11357891087517208
873.31040505589,-0.00553902518004179,0.0027784941482940782,587.8234650341985,0.08579568979755259,0.11317056131064926
873.7759223293739,-0.0041962312534451485,0.0027372497779385727,588.1368037682253,0.14461917609658959,0.11264753907071437
874.2414396028579,-0.0015106431674212217,0.0027216703766043903,588.450142502252,0.12501139061611521,0.11284211869854532
874.7069568763418,-0.0021820401307195425,0.0027158595948102385,588.7634812362788,-0.047101955762153036,0.11254080914081852
875.1724741498258,-0.0041962312534451485,0.0027162473669998656,589.0768199703056,0.14026193372013318,0.11171613550923622
875.6379914233097,-0.002517738612368703,0.002714307952071642,589.3901587043323,0.0356867531802354,0.11261421140604766
876.1035086967936,-0.0021820401307195425,0.0027148899220218225,589.703497438359,0.12065408331085192,0.11203823998385666
876.5690259702776,-0.0015106431674212217,0.0027218638556862685,590.0168361723859,0.14897648340185277,0.11270488488410721
877.0345432437615,-0.0003356984816491604,0.002719153895757875,590.3301749064126,0.09451030440807917,0.11238268372090303
877.5000605172455,0.0005035477224737406,0.0027133377247685513,590.6435136404393,0.15115516951888797,0.11153846470214195
877.9655777907294,-0.0001678492408245802,0.0027378268712321954,590.956852374466,0.11411808988855354,0.11235196676030003
878.4310950642134,-0.000839246204122901,0.00280058124477476,591.2701911084929,0.09668892559630737,0.11215252586834887
878.8966123376973,-0.000839246204122901,0.002863431563510772,591.5835298425196,0.11411808988855354,0.11193692670806286
879.3621296111813,-0.0028534370940178633,0.0028897928261303243,591.8968685765464,0.08579568979755259,0.11161389188082024
879.8276468846652,-0.004531929735094309,0.002876642389634158,592.2102073105731,0.09015299710281588,0.11167573254265983
880.2931641581492,-0.0041962312534451485,0.002923851238240231,592.5235460445999,0.11411808988855354,0.11175575172712841
880.7586814316331,-0.003524834057316184,0.0030062593931249855,592.8368847786267,0.09015299710281588,0.11177793013541192
881.2241987051171,-0.003524834057316184,0.003141932192886073,593.1502235126534,0.10322485408979876,0.11169792683931584
881.689715978601,-0.000839246204122901,0.0032642497007063375,593.4635622466801,0.11411808988855354,0.11174543138641024
882.1552332520849,-0.0001678492408245802,0.0033224530968080316,593.776900980707,0.09668892559630737,0.1115174142799534
882.620750525569,-0.0015106431674212217,0.0033467729146911163,594.0902397147337,0.10758216139506205,0.11194890962565238
883.0862677990528,-0.0028534370940178633,0.0033467729146911163,594.4035784487604,0.10322485408979876,0.112089950296114
883.5517850725369,-0.0036926832981407642,0.003347716864154237,594.7169171827871,0.11411808988855354,0.11193459661260352
884.0173023460208,-0.003524834057316184,0.0033411036174166176,595.030255916814,0.17294164111639743,0.1126737983133021
884.4828196195048,0.0005035477224737406,0.0033253048527178693,595.3435946508407,0.09015299710281588,0.11250046665086055
884.9483368929887,0.0018463416490703821,0.0033019035679357454,595.6569333848674,0.11411808988855354,0.11221440168988193
885.4138541664727,-0.0018463416490703821,0.0032862368434752494,595.9702721188943,0.09015299710281588,0.11257674800676483
885.8793714399566,-0.0041962312534451485,0.0032833511556512405,596.283610852921,0.14461917609658959,0.11284357802574013
886.3448887134406,-0.003524834057316184,0.003277572158034156,596.5969495869477,0.11847539719381683,0.11284357802574013
886.8104059869245,-0.0028534370940178633,0.0032339005126236506,596.9102883209745,0.10540354020683396,0.11298625023484994
887.2759232604085,-0.000839246204122901,0.0031657674509268513,597.2236270550013,0.0836170036805175,0.1127769647001223
887.7414405338924,0.0005035477224737406,0.003158106374844899,597.536965789028,0.12283270449908013,0.11246524026591949
888.2069578073764,-0.0018463416490703821,0.003202153925155287,597.8503045230548,0.09451030440807917,0.11270310075418645
888.6724750808603,-0.004867628216743469,0.003222808439751597,598.1636432570815,0.10540354020683396,0.11276316390764454
889.1379923543442,-0.00520332669839263,0.003247550181272507,598.4769819911083,0.11411808988855354,0.1128533719112595
889.6035096278282,-0.0041962312534451485,0.003278214773638169,598.7903207251351,0.11629677600558863,0.11260276566006741
890.0690269013121,-0.0028534370940178633,0.0032746788364632004,599.1036594591618,0.1315473191096066,0.11262320178350475
890.5345441747961,-0.000839246204122901,0.003300627444436308,599.4169981931885,0.10540354020683396,0.1123623709590118
891.00006144828,0.000839246204122901,0.0033465762290781414,599.7303369272154,0.14897648340185277,0.11261344860983434
891.465578721764,-0.0001678492408245802,0.0033569456855378934,600.0436756612421,0.10758216139506205,0.1130478236145845
891.9310959952479,-0.000839246204122901,0.0033675959698308616,600.3570143952688,0.1380832476030981,0.1132499960149603
892.3966132687319,-0.0003356984816491604,0.003384442243059859,600.6703531292956,0.12065408331085192,0.1129400968516247
892.8621305422158,0.0005035477224737406,0.003384131037149298,600.9836918633224,0.09451030440807917,0.11265765184664797
893.3276478156998,0.0011749446857720613,0.0033884853189514283,601.2970305973491,0.10322485408979876,0.11236724973809854
893.7931650891837,0.0011749446857720613,0.0033900390642002507,601.6103693313759,0.10976084751209725,0.11241491307645174
894.2586823626677,0.0005035477224737406,0.0034181938362092034,601.9237080654026,0.09668892559630737,0.11218079200113858
894.7241996361516,0.0010070954449474812,0.0034537506931142446,602.2370467994294,-0.0645311200543992,0.11220209569107625
895.1897169096355,0.0028534370940178633,0.0034879262362438254,602.5503855334562,0.1380832476030981,0.1124376561519575
895.6552341831195,0.0011749446857720613,0.003496973266955886,602.8637242674829,0.10758216139506205,0.1121763939004476
896.1207514566034,-0.0028534370940178633,0.003501488016539136,603.1770630015096,0.11411808988855354,0.1124376561519575
896.5862687300875,-0.0041962312534451485,0.003511999861951539,603.4904017355365,0.10104623290157067,0.11238333995217728
897.0517860035714,-0.003524834057316184,0.003515297092774265,603.8037404695632,0.08797431098578079,0.11273762005299677
897.5173032770554,-0.0021820401307195425,0.0034936587399777125,604.1170792035899,0.08579568979755259,0.11318417070884591
897.9828205505393,0.0011749446857720613,0.0034542461935860684,604.4304179376167,-0.05581650544387262,0.11298335650855645
898.4483378240233,0.002517738612368703,0.0034156123639002877,604.7437566716435,0.10104623290157067,0.11321729148595616
898.9138550975072,-0.0001678492408245802,0.0034026369423889582,605.0570954056702,-0.10810412817822501,0.11309207710811557
899.3793723709912,-0.0001678492408245802,0.0034134532166254354,605.370434139697,0.11411808988855354,0.11309207710811557
899.8448896444751,0.0005035477224737406,0.0034134532166254354,605.6837728737237,0.12501139061611521,0.11318138414189553
900.3104069179591,0.0005035477224737406,0.0033896118513764436,605.9971116077505,0.1794775696098888,0.11299190339387637
900.775924191443,0.0006713969632983208,0.003381835005247874,606.3104503417773,0.04222268167372678,0.11432896185446334
901.241441464927,0.002517738612368703,0.003381835005247874,606.623789075804,0.1315473191096066,0.11435064118744938
901.7069587384109,0.0021820401307195425,0.0033958205051517437,606.9371278098307,0.12283270449908013,0.11401679762748992
902.1724760118948,-0.0011749446857720613,0.0034198110729709514,607.2504665438576,-0.00788625494359052,0.11426880510554499
902.6379932853788,-0.004364080261439085,0.0034397710789413425,607.5638052778843,0.16858433381113413,0.11369831425663554
903.1035105588627,-0.0068818191066384315,0.003443558047014135,607.877144011911,0.08797431098578079,0.11410139612561455
903.5690278323467,-0.006546120624989271,0.0034429462939659784,608.1904827459379,0.08579568979755259,0.11411884293370128
904.0345451058306,-0.0041962312534451485,0.0034423344322003814,608.5038214799646,0.08579568979755259,0.11409867469368262
904.5000623793146,-0.003524834057316184,0.0034387758302171943,608.8171602139913,0.11629677600558863,0.11437174300580367
904.9655796527985,-0.00553902518004179,0.0034218892574373674,609.130498948018,0.11411808988855354,0.11447497529338667
905.4310969262825,-0.007553216069936752,0.0034024434765648278,609.4438376820449,0.12283270449908013,0.11447497529338667
905.8966141997664,-0.009567406959831715,0.003385375682346155,609.7571764160716,0.10540354020683396,0.11467463164020106
906.3621314732504,-0.009231708012521267,0.0033685340773151914,610.0705151500983,0.09015299710281588,0.11469315210516431
906.8276487467343,-0.0068818191066384315,0.003369471930446419,610.3838538841251,0.11411808988855354,0.11491486800178
907.2931660202183,-0.004867628216743469,0.0033782126709801267,610.6971926181519,0.15115516951888797,0.1153339457985149
907.7586832937022,-0.002517738612368703,0.0033863088711240303,611.0105313521786,0.11847539719381683,0.11556590199964727
908.2242005671862,0.000839246204122901,0.003387669310632439,611.3238700862054,0.1359046264148699,0.11595479523701015
908.6897178406701,0.0031891355756670237,0.003377589082518616,611.6372088202321,0.16858433381113413,0.11577339471746047
909.155235114154,0.002517738612368703,0.003362275037800493,611.950547554259,0.09668892559630737,0.11538447494986902
909.620752387638,0.0010070954449474812,0.0033620792550607,612.2638862882857,0.11847539719381683,0.11558256024526911
910.086269661122,0.0011749446857720613,0.0033605125825170125,612.5772250223124,0.14244055490836138,0.11620340931837261
910.551786934606,0.0005035477224737406,0.0033561220086735493,612.8905637563391,0.10540354020683396,0.11625250657646034
911.0173042080899,-0.000839246204122901,0.0033403942758748677,613.203902490366,0.09668892559630737,0.11615420007671055
911.4828214815739,-0.0005035477224737406,0.003323324726491619,613.5172412243927,0.12065408331085192,0.11600017436168172
911.9483387550578,-0.000839246204122901,0.003338620269772596,613.8305799584194,0.0836170036805175,0.11618203047044873
912.4138560285418,-0.003524834057316184,0.003391203900474022,614.1439186924462,0.024793517381480612,0.11631140957575403
912.8793733020257,-0.00553902518004179,0.003432874978813441,614.457257426473,0.1315473191096066,0.11624860061652387
913.3448905755097,-0.0041962312534451485,0.0034420667077338122,614.7705961604997,0.11411808988855354,0.11618542130688471
913.8104078489936,-0.004531929735094309,0.003409787251158689,615.0839348945265,0.10540354020683396,0.1162425403358951
914.2759251224776,-0.004867628216743469,0.003372830427730697,615.3972736285532,0.05747322477774486,0.11595751999216998
914.7414423959615,-0.003524834057316184,0.003351529280078719,615.71061236258,0.11411808988855354,0.11586015722926904
915.2069596694454,-0.00553902518004179,0.003341143016224577,616.0239510966068,0.09668892559630737,0.1156287913179656
915.6724769429294,-0.006546120624989271,0.0033405125078114174,616.3372898306335,0.1380832476030981,0.11581123060372578
916.1379942164133,-0.0041962312534451485,0.0033405125078114174,616.6506285646602,0.15333379070711606,0.11544059228599857
916.6035114898973,-0.003524834057316184,0.00334189159046072,616.9639672986871,0.11411808988855354,0.11533360889073722
917.0690287633812,-0.003524834057316184,0.003349761170988737,617.2773060327138,0.09015299710281588,0.11546023439305639
917.5345460368652,-0.0001678492408245802,0.003366892201386557,617.5906447667405,0.08797431098578079,0.11524923715789602
918.0000633103491,0.0018463416490703821,0.0033837419783938317,617.9039835007673,0.12065408331085192,0.11573406035307494
918.4655805838331,-0.0018463416490703821,0.003383236149580301,618.2173222347941,0.1337259402978348,0.11569850050187508
918.931097857317,-0.00553902518004179,0.0033984557411211895,618.5306609688208,0.10540354020683396,0.11600609351427026
919.396615130801,-0.006210422143340111,0.003430534816420591,618.8439997028476,0.11847539719381683,0.11654859025639468
919.8621324042849,-0.00587472366169095,0.003447684534188502,619.1573384368744,0.11411808988855354,0.11766777001959682
920.3276496777689,-0.0028534370940178633,0.003455122665701979,619.4706771709011,0.09668892559630737,0.11726460027937198
920.7931669512528,-0.0018463416490703821,0.0035296116515282348,619.7840159049279,0.12501139061611521,0.11717589542323663
921.2586842247368,-0.0028534370940178633,0.003638342185152866,620.0973546389546,0.09668892559630737,0.11670036046600785
921.7242014982207,-0.0021820401307195425,0.003702047962440183,620.4106933729814,0.1337259402978348,0.11683300772020465
922.1897187717046,0.0011749446857720613,0.0037458849752550977,620.7240321070082,0.1293686329925715,0.11700518382152855
922.6552360451886,0.0011749446857720613,0.0037904307060114303,621.0373708410349,0.11411808988855354,0.11679161069468534
923.1207533186725,-0.0015106431674212217,0.0038103841271082957,621.3507095750616,0.11411808988855354,0.11697647308306458
923.5862705921566,-0.0028534370940178633,0.0038084487991888187,621.6640483090885,0.1337259402978348,0.11708877491296285
924.0517878656404,-0.0031891355756670237,0.0038125947275059026,621.9773870431152,0.12501139061611521,0.11745648600122385
924.5173051391245,-0.0021820401307195425,0.0038621009911273046,622.2907257771419,0.06618783938827133,0.11706915546382442
924.9828224126084,0.0005035477224737406,0.00391330263028679,622.6040645111686,0.12283270449908013,0.11675386114362292
925.4483396860924,0.000839246204122901,0.0039307575321960615,622.9174032451955,0.1838348769151521,0.11617892609558952
925.9138569595763,-0.0021820401307195425,0.003934272682410148,623.2307419792222,0.12283270449908013,0.11724544945486085
926.3793742330603,-0.003524834057316184,0.003928378838569366,623.544080713249,0.11847539719381683,0.11692792975115666
926.8448915065442,-0.0041962312534451485,0.0039230131148266885,623.8574194472757,0.12283270449908013,0.11686545213917028
927.3104087800282,-0.0038605325389653444,0.0039230131148266885,624.1707581813025,0.09451030440807917,0.11744361711439562
927.7759260535121,-0.001678492408245802,0.0039019150722113686,624.4840969153292,0.15115516951888797,0.11792354188994018
928.241443326996,0.0005035477224737406,0.00384755210473188,624.797435649356,0.09886754678453558,0.1183019707802057
928.70696060048,-0.0005035477224737406,0.003810418673672318,625.1107743833827,0.11193946870032534,0.11852540881160055
929.1724778739639,-0.0023498893715441227,0.0037987920198337094,625.4241131174095,0.11847539719381683,0.11882965637423953
929.6379951474479,-0.0028534370940178633,0.0037843476279785693,625.7374518514363,0.10322485408979876,0.11880991385247346
930.1035124209318,-0.0018463416490703821,0.003746587813439565,626.050790585463,0.11411808988855354,0.11877154059733157
930.5690296944158,-0.0001678492408245802,0.003679074917469793,626.3641293194897,0.11411808988855354,0.11865185892142013
931.0345469678997,0.0005035477224737406,0.003560952917732132,626.6774680535166,0.10540354020683396,0.11874693273955392
931.5000642413837,-0.0011749446857720613,0.003458321858758025,626.9908067875433,0.1359046264148699,0.11888247555292768
931.9655815148676,-0.002517738612368703,0.0034141859303864464,627.30414552157,0.14026193372013318,0.11870554906802125
932.4310987883516,-0.0028534370940178633,0.0034003921175476057,627.6174842555968,0.1315473191096066,0.11806548612463251
932.8966160618355,-0.0030212863348424435,0.0033955491073477412,627.9308229896236,0.14244055490836138,0.11812845623782287
933.3621333353195,-0.002517738612368703,0.0033955491073477412,628.2441617236503,0.09233161829104408,0.11801597083540394
933.8276506088034,-0.0011749446857720613,0.003386231111439965,628.5575004576771,0.14244055490836138,0.11759797157676888
934.2931678822874,0.0003356984816491604,0.0033806279860239393,628.8708391917038,0.11411808988855354,0.11770515864013592
934.7586851557713,-0.0015106431674212217,0.0033997725972567854,629.1841779257306,0.16858433381113413,0.11792873493316126
935.2242024292552,-0.0005035477224737406,0.003430304551394538,629.4975166597574,0.09668892559630737,0.1178802905192322
935.6897197027392,0.002517738612368703,0.003476660061400451,629.8108553937841,0.1359046264148699,0.11795610072418661
936.1552369762231,0.0005035477224737406,0.0035299846220578747,630.1241941278108,0.10104623290157067,0.11808207813923369
936.6207542497071,-0.004364080261439085,0.0035803467514810066,630.4375328618377,0.12501139061611521,0.11823681360051658
937.086271523191,-0.006210422143340111,0.0036267809887099043,630.7508715958644,0.10104623290157067,0.11847493337972964
937.551788796675,-0.00553902518004179,0.0036334540066690667,631.0642103298911,0.11629677600558863,0.118963332635007
938.017306070159,-0.0031891355756670237,0.0035967456225182454,631.377549063918,0.08579568979755259,0.11857209550087083
938.482823343643,-0.0001678492408245802,0.0035900043725032227,631.6908877979447,0.11193946870032534,0.11876346021642026
938.9483406171269,0.0005035477224737406,0.0036372202915828152,632.0042265319714,0.07708107518702612,0.11894109144813222
939.4138578906109,-0.0015106431674212217,0.0036735242453396263,632.3175652659982,0.10540354020683396,0.11934200342713894
939.8793751640948,-0.000839246204122901,0.003729859457958404,632.630904000025,0.10758216139506205,0.11940207124387832
940.3448924375788,-0.0005035477224737406,0.0037758845943158897,632.9442427340517,0.12501139061611521,0.11975850947082617
940.8104097110627,-0.000839246204122901,0.0037445140429898187,633.2575814680785,0.11411808988855354,0.11933089715999971
941.2759269845466,0.0010070954449474812,0.0037227934483461565,633.5709202021052,0.09451030440807917,0.11967113384248332
941.7414442580306,0.002517738612368703,0.003710040721954398,633.884258936132,0.14897648340185277,0.12368589660560494
942.2069615315145,0.003524834057316184,0.0037115662685877427,634.1975976701588,0.09668892559630737,0.12337947076627194
942.6724788049985,0.003524834057316184,0.0037336342811298616,634.5109364041855,0.14461917609658959,0.12383063380595638
943.1379960784824,0.0010070954449474812,0.0037372996140755707,634.8242751382122,0.09886754678453558,0.12435268046094501
943.6035133519664,-0.003524834057316184,0.00373476245901551,635.1376138722391,0.14026193372013318,0.12430959443880388
944.0690306254503,-0.004867628216743469,0.0037149698788018423,635.4509526062658,0.15115516951888797,0.12395848349310294
944.5345478989343,-0.0036926832981407642,0.003673165846961384,635.7642913402925,0.1794775696098888,0.12406021773672288
945.0000651724182,-0.0036926832981407642,0.0036299014190589777,636.0776300743192,0.09451030440807917,0.12450552177129463
945.4655824459022,-0.007553216069936752,0.0036238031806181343,636.3909688083461,0.09668892559630737,0.12474096409752398
945.9310997193861,-0.009567406959831715,0.0036238031806181343,636.7043075423728,0.0335080670632002,0.1246433438930452
946.3966169928701,-0.008224613033235073,0.003614199445451149,637.0176462763995,0.11629677600558863,0.12478101378870718
946.862134266354,-0.0068818191066384315,0.003609825664950641,637.3309850104263,0.10976084751209725,0.12496681833207436
947.327651539838,-0.006378271151334047,0.003627289143697886,637.6443237444531,-0.04492326964511795,0.12473922838488154
947.7931688133219,-0.0041962312534451485,0.003648134974344163,637.9576624784798,0.08797431098578079,0.12466754306113426
948.2586860868058,-0.0021820401307195425,0.0036495781798842777,638.2710012125066,0.11411808988855354,0.12470552546200253
948.7242033602898,0.0018463416490703821,0.003640042449028407,638.5843399465333,0.14461917609658959,0.12452329271925214
949.1897206337737,0.006378271151334047,0.0036374374565937067,638.8976786805601,0.05747322477774486,0.12435363556144564
949.6552379072577,0.006546120624989271,0.0036417780754452824,639.2110174145869,0.08797431098578079,0.12469677481618459
950.1207551807416,0.0038605325389653444,0.00364853191277643,639.5243561486136,0.1337259402978348,0.12461936925282455
950.5862724542257,0.0018463416490703821,0.00366063584080752,639.8376948826403,0.16858433381113413,0.12369929305740712
951.0517897277095,0.0011749446857720613,0.0036649489845245638,640.1510336166672,0.09668892559630737,0.12399209079344388
951.5173070011936,0.0005035477224737406,0.0036499749613665006,640.4643723506939,0.11629677600558863,0.12395388977952743
951.9828242746775,0.0011749446857720613,0.0036433322028179755,640.7777110847206,0.12065408331085192,0.12395388977952744
952.4483415481615,0.0011749446857720613,0.0036635118349688848,641.0910498187474,0.20126410613620527,0.12433537072844185
952.9138588216454,-0.0015106431674212217,0.0036715526314165035,641.4043885527742,0.1315473191096066,0.12404338328887896
953.3793760951294,-0.003524834057316184,0.0036772852929136263,641.7177272868009,0.11411808988855354,0.12416568547041071
953.8448933686133,-0.0028534370940178633,0.003725656795030156,642.0310660208277,0.12283270449908013,0.12375377457093702
954.3104106420972,-0.000839246204122901,0.003777766906364346,642.3444047548545,0.11411808988855354,0.12403714554084673
954.7759279155812,0.0005035477224737406,0.003775535914110033,642.6577434888812,0.10976084751209725,0.12442304896994459
955.2414451890651,0.0018463416490703821,0.0038188051779919356,642.971082222908,0.10976084751209725,0.12458375316091792
955.7069624625491,-0.0001678492408245802,0.003961749966956315,643.2844209569347,0.11629677600558863,0.12449491856498442
956.172479736033,-0.0028534370940178633,0.004099456816931706,643.5977596909615,0.10758216139506205,0.12474887255910404
956.637997009517,-0.0038605325389653444,0.004215731611883783,643.9110984249883,0.09233161829104408,0.12449028573292541
957.1035142830009,-0.0036926832981407642,0.004266145369892278,644.224437159015,0.08143838249228941,0.12456069140301067
957.5690315564849,-0.001678492408245802,0.004268366677916876,644.5377758930417,0.12501139061611521,0.12486994262560848
958.0345488299688,0.000839246204122901,0.004263583259353633,644.8511146270686,0.12501139061611521,0.12459772285646438
958.5000661034528,0.0018463416490703821,0.004272959883950891,645.1644533610953,0.1337259402978348,0.12497014004599864
958.9655833769367,-0.0015106431674212217,0.004290669927749995,645.477792095122,0.10976084751209725,0.1249471080621745
959.4311006504207,-0.0038605325389653444,0.004291314225435687,645.7911308291488,0.14026193372013318,0.12526559126241335
959.8966179239046,-0.004867628216743469,0.004292541191588153,646.1044695631756,0.1380832476030981,0.12498527548418509
960.3621351973886,-0.00587472366169095,0.004307084694967867,646.4178082972023,0.11411808988855354,0.1253936495340242
960.8276524708725,-0.006378271151334047,0.004316366820607293,646.731147031229,0.11193946870032534,0.12515407632851974
961.2931697443564,-0.006210422143340111,0.004322949903750101,647.0444857652558,0.1359046264148699,0.1251706913544543
961.7586870178404,-0.006042572669684887,0.004302589116093555,647.3578244992826,0.11411808988855354,0.12505500502315073
962.2242042913243,-0.0041962312534451485,0.004260772426808453,647.6711632333094,0.11411808988855354,0.12517879948854552
962.6897215648083,-0.0015106431674212217,0.004227768653497939,647.9845019673361,0.08579568979755259,0.1251600584731639
963.1552388382922,-0.003524834057316184,0.004218041892522623,648.2978407013628,0.1337259402978348,0.1253712745427843
963.6207561117762,-0.007553216069936752,0.0042374730897299625,648.6111794353897,0.12501139061611521,0.1256833881785965
964.0862733852601,-0.007217517588287592,0.0042708950949138,648.9245181694164,0.11629677600558863,0.12594640052442735
964.5517906587442,-0.007553216069936752,0.004274438524463186,649.2378569034431,0.12065408331085192,0.12603597190724175
965.017307932228,-0.008224613033235073,0.004278871376848185,649.5511956374698,0.1359046264148699,0.1259534445902907
965.4828252057121,-0.0041962312534451485,0.004278871376848185,649.8645343714967,0.09015299710281588,0.1260809726219179
965.948342479196,-0.0005035477224737406,0.0042916516750752184,650.1778731055234,0.1794775696098888,0.1262185225714373
966.41385975268,-0.0015106431674212217,0.004319933904190842,650.4912118395501,0.3428763013776306,0.1261466642984386
966.8793770261639,-0.0036926832981407642,0.004340455981229932,650.8045505735769,0.005185666972199354,0.1255188749095483
967.3448942996479,-0.0041962312534451485,0.004340455981229932,651.1178893076037,0.14026193372013318,0.12565558556569
967.8104115731318,-0.002517738612368703,0.004327089671406965,651.4312280416304,0.16858433381113413,0.12543870934661774
968.2759288466157,0.0011749446857720613,0.004329675015172886,651.7445667756572,0.1293686329925715,0.12578438978426415
968.7414461200997,0.0038605325389653444,0.004316519321910345,652.0579055096839,0.04222268167372678,0.12550076493528026
969.2069633935836,0.0023498893715441227,0.004293277202115989,652.3712442437107,0.1293686329925715,0.1255759029152725
969.6724806670676,-0.000839246204122901,0.004284436720715754,652.6845829777375,0.15769109801237935,0.1248413624284213
970.1379979405515,-0.0018463416490703821,0.004279517451021805,652.9979217117642,0.12501139061611521,0.12485695323097329
970.6035152140355,-0.0018463416490703821,0.004219290167562231,653.311260445791,0.11411808988855354,0.12507156132392955
971.0690324875194,-0.000839246204122901,0.004118232809361578,653.6245991798178,0.11411808988855354,0.12533299890273222
971.5345497610034,0.0011749446857720613,0.004041921698968867,653.9379379138445,0.15115516951888797,0.1252259645856488
972.0000670344873,0.0038605325389653444,0.003989467005562504,654.2512766478712,0.10322485408979876,0.12544351968628892
972.4655843079713,0.0041962312534451485,0.003956229844133048,654.5646153818981,0.10540354020683396,0.1258165681197946
972.9311015814552,0.0018463416490703821,0.003971640334431515,654.8779541159248,0.11847539719381683,0.12574977214438238
973.3966188549392,-0.000839246204122901,0.003988410875809083,655.1912928499515,0.11411808988855354,0.12574977214438238
973.8621361284231,-0.0028534370940178633,0.0039847122147176435,655.5046315839783,0.10540354020683396,0.12524509616344298
974.327653401907,-0.0028534370940178633,0.003937550658047703,655.8179703180051,0.11629677600558863,0.12560721737118727
974.793170675391,-0.0023498893715441227,0.003892084296924502,656.1313090520318,0.11411808988855354,0.12616803521762282
975.2586879488749,-0.0031891355756670237,0.003910980644190521,656.4446477860586,0.09668892559630737,0.12598791791106678
975.7242052223589,-0.0028534370940178633,0.003952767530219332,656.7579865200853,0.15115516951888797,0.12578105297785305
976.1897224958428,-0.000839246204122901,0.003975351162929263,657.0713252541121,0.11411808988855354,0.12618685170738483
976.6552397693268,-0.003524834057316184,0.004002809584643933,657.3846639881389,0.12283270449908013,0.12616826042802462
977.1207570428107,-0.00553902518004179,0.004056130456862099,657.6980027221656,0.1380832476030981,0.12609316539145538
977.5862743162947,-0.0030212863348424435,0.0041256426955914305,658.0113414561923,0.12283270449908013,0.125437018683214
978.0517915897786,0.0021820401307195425,0.004149823800344224,658.3246801902192,0.11411808988855354,0.12566801834852054
978.5173088632627,0.006210422143340111,0.0041360960933368544,658.6380189242459,0.04004406048549858,0.125705698452769
978.9828261367466,0.0068818191066384315,0.004126918920081307,658.9513576582726,0.14679786221362467,0.12583136300207606
979.4483434102306,0.002517738612368703,0.004140168307386828,659.2646963922994,0.14461917609658959,0.12583136300207606
979.9138606837145,-0.006210422143340111,0.004159710082756874,659.5780351263262,0.1315473191096066,0.12571562140917172
980.3793779571985,-0.010910200886428356,0.004156163867370609,659.8913738603529,0.10322485408979876,0.1257518756920261
980.8448952306824,-0.010910200886428356,0.004219789377215238,660.2047125943797,0.1337259402978348,0.1259630055849912
981.3104125041663,-0.010238803923130035,0.0043922259222367675,660.5180513284064,0.10758216139506205,0.1260167488505339
981.7759297776503,-0.007217517588287592,0.004494152768945756,660.8313900624332,0.14679786221362467,0.12640705283005296
982.2414470511342,-0.0031891355756670237,0.004490548173993425,661.14472879646,0.15986971920060755,0.1270294889151927
982.7069643246182,-0.0021820401307195425,0.004489991108613676,661.4580675304867,0.11411808988855354,0.12679829605171206
983.1724815981021,-0.0038605325389653444,0.004513853677039433,661.7714062645134,0.1359046264148699,0.12696996875160768
983.6379988715861,-0.0041962312534451485,0.004604181282661419,662.0847449985403,0.14026193372013318,0.1268670712606744
984.10351614507,-0.000839246204122901,0.004700395062665636,662.398083732567,0.14679786221362467,0.12703965651267024
984.569033418554,0.0018463416490703821,0.004752537855027396,662.7114224665937,0.14461917609658959,0.1272559371965669
985.0345506920379,0.0036926832981407642,0.004845372199776152,663.0247612006204,0.14244055490836138,0.127033803184457
985.5000679655219,0.0038605325389653444,0.0050057413835554836,663.3380999346473,0.10976084751209725,0.1270522678109094
985.9655852390058,0.002517738612368703,0.005106895051804324,663.651438668674,0.10322485408979876,0.12700001061579144
986.4311025124898,0.0005035477224737406,0.005143883035585833,663.9647774027007,0.11193946870032534,0.1272605520716179
986.8966197859737,0.0005035477224737406,0.005138582400829255,664.2781161367275,0.11629677600558863,0.12729776078716926
987.3621370594576,0.000839246204122901,0.005126886299814992,664.5914548707543,0.11411808988855354,0.12739334695566804
987.8276543329416,-0.0011749446857720613,0.005126886299814993,664.904793604781,0.11411808988855354,0.12769622562622376
988.2931716064255,-0.0041962312534451485,0.005122981666083154,665.2181323388078,0.14461917609658959,0.1276136878834464
988.7586888799095,-0.00553902518004179,0.005083226530812774,665.5314710728346,0.11411808988855354,0.12755540041851712
989.2242061533934,-0.0023498893715441227,0.005046628776741487,665.8448098068613,0.11629677600558863,0.1273432779914656
989.6897234268774,0.0021820401307195425,0.0050020580187111596,666.1581485408881,0.09668892559630737,0.12683061516049973
990.1552407003613,0.0005035477224737406,0.004952542993676653,666.4714872749148,0.1380832476030981,0.12664828778286072
990.6207579738453,-0.003524834057316184,0.004945520217893675,666.7848260089416,0.1293686329925715,0.1270077069426664
991.0862752473292,-0.00520332669839263,0.004945946124415108,667.0981647429684,0.0836170036805175,0.12652314076394844
991.5517925208133,-0.005035477224737406,0.00495785665244827,667.4115034769951,0.07272376788176282,0.1266901453960213
992.0173097942971,-0.003524834057316184,0.005008502123102637,667.7248422110218,0.11411808988855354,0.12689592214502404
992.4828270677812,-0.0001678492408245802,0.005028020543603641,668.0381809450487,0.12283270449908013,0.1272176293644373
992.948344341265,0.0018463416490703821,0.005023410131241636,668.3515196790754,0.1380832476030981,0.12644170543483257
993.4138616147491,0.0005035477224737406,0.005022152011498247,668.6648584131021,0.10976084751209725,0.12741526899174396
993.879378888233,-0.0015106431674212217,0.0050114452412494265,668.9781971471289,0.15769109801237935,0.1279832631780721
994.3448961617169,-0.0023498893715441227,0.005015777937545253,669.2915358811557,0.11193946870032534,0.1277610467541716
994.8104134352009,-0.0030212863348424435,0.005034222213951736,669.6048746151824,0.09668892559630737,0.12759352558562226
995.2759307086848,-0.0015106431674212217,0.005056141554904415,669.9182133492092,0.12283270449908013,0.12874115696929161
995.7414479821688,0.0011749446857720613,0.00507194788654026,670.2315520832359,0.09015299710281588,0.12879684131653515
996.2069652556527,0.0010070954449474812,0.005080661866748932,670.5448908172627,0.10322485408979876,0.12906020441415386
996.6724825291367,-0.0015106431674212217,0.005085220373245971,670.8582295512895,0.1337259402978348,0.12863450402304025
997.1379998026206,-0.003524834057316184,0.0050890246326949174,671.1715682853162,0.10976084751209725,0.12873870448625646
997.6035170761046,-0.00553902518004179,0.005112151285282914,671.4849070193429,0.07708107518702612,0.12880812411472942
998.0690343495885,-0.004364080261439085,0.00516095134244436,671.7982457533698,0.11411808988855354,0.12877135182213914
998.5345516230725,-0.0005035477224737406,0.0051817249658169615,672.1115844873965,0.08579568979755259,0.1287187586766091
999.0000688965564,0.000839246204122901,0.005175013213607486,672.4249232214232,0.11411808988855354,0.1290515698111009
999.4655861700404,-0.0021820401307195425,0.005168904057988113,672.73826195545,0.15115516951888797,0.1290700889213925
999.9311034435243,-0.00553902518004179,0.0051645468758598385,673.0516006894768,0.11411808988855354,0.12935548960934662
1000.3966207170082,-0.006210422143340111,0.005155566113675136,673.3649394235035,0.15115516951888797,0.12929734256914377
1000.8621379904922,-0.004531929735094309,0.005148411138603335,673.6782781575303,0.14244055490836138,0.12876424072324757
1001.3276552639761,-0.004867628216743469,0.005149024811760718,673.991616891557,0.11411808988855354,0.1289833946262218
1001.7931725374601,-0.0068818191066384315,0.005137762490766739,674.3049556255838,0.11193946870032534,0.1288560259276346
1002.258689810944,-0.007888914085924625,0.005111868001626637,674.6182943596106,0.15115516951888797,0.12863665503111474
1002.724207084428,-0.004867628216743469,0.005103542667414022,674.9316330936373,0.15333379070711606,0.12891823957075027
1003.1897243579119,0.0005035477224737406,0.005102304306688322,675.244971827664,0.11847539719381683,0.12871284415529388
1003.6552416313959,-0.0001678492408245802,0.0050762289437783405,675.5583105616909,0.1359046264148699,0.1291449237422334
1004.1207589048798,-0.003524834057316184,0.005050097152118749,675.8716492957176,0.11411808988855354,0.12875013003491517
1004.5862761783638,-0.0041962312534451485,0.005076099267426053,676.1849880297443,0.09451030440807917,0.12855810395789832
1005.0517934518477,0.0005035477224737406,0.00507057199070739,676.4983267637712,0.11411808988855354,0.1284971385039618
1005.5173107253318,0.007553216069936752,0.004985105908972759,676.8116654977979,-0.13860521438626106,0.12844961339594277
1005.9828279988157,0.012924391776323318,0.004878326646582733,677.1250042318246,0.11411808988855354,0.12827269986422501
1006.4483452722997,0.010574501939117908,0.00478481103509186,677.4383429658513,0.1380832476030981,0.12817642732919707
1006.9138625457836,0.0031891355756670237,0.004802689518546718,677.7516816998782,0.15333379070711606,0.12764779895851536
1007.3793798192675,-0.0015106431674212217,0.005005636182029524,678.0650204339049,0.09668892559630737,0.1271177745580361
1007.8448970927515,-0.004867628216743469,0.005337983791711853,678.3783591679316,0.14244055490836138,0.12760343461909385
1008.3104143662354,-0.009567406959831715,0.005610978616571712,678.6916979019584,0.12283270449908013,0.12704680175352148
1008.7759316397194,-0.009903104975819588,0.005831334825248221,679.0050366359852,0.1293686329925715,0.1270694531577688
1009.2414489132033,-0.008224613033235073,0.006112282116676027,679.318375370012,0.15986971920060755,0.12675550238389302
1009.7069661866873,-0.010910200886428356,0.006427412895122065,679.6317141040387,0.11411808988855354,0.12639352729289433
1010.1724834601712,-0.01426718570291996,0.006683290627392224,679.9450528380654,0.11629677600558863,0.1263262500800263
1010.6380007336552,-0.012252994813024998,0.0068205588595219285,680.2583915720923,0.10540354020683396,0.126630755598142
1011.1035180071391,-0.008896009996533394,0.006864330733570596,680.571730306119,0.15986971920060755,0.1271042748404207
1011.5690352806231,-0.00553902518004179,0.006876134872073171,680.8850690401457,0.11847539719381683,0.12755699414395277
1012.034552554107,-0.0021820401307195425,0.0068931729492049875,681.1984077741724,0.12501139061611521,0.12753860259016767
1012.500069827591,-0.0015106431674212217,0.006924728318125629,681.5117465081993,0.12501139061611521,0.12753860259016764
1012.9655871010749,-0.0028534370940178633,0.006944472399352582,681.825085242226,0.12501139061611521,0.12748550088460534
1013.4311043745589,-0.0036926832981407642,0.006938099685551612,682.1384239762527,0.11847539719381683,0.12729156706176942
1013.8966216480428,-0.003524834057316184,0.006917880698674989,682.4517627102795,0.08797431098578079,0.1274486542954622
1014.3621389215267,-0.0030212863348424435,0.006921020031312159,682.7651014443063,0.024793517381480612,0.12746740628564998
1014.8276561950107,-0.0038605325389653444,0.006931664135999948,683.078440178333,0.11629677600558863,0.1277587348370821
1015.2931734684946,-0.0031891355756670237,0.006931569171681193,683.3917789123598,0.1337259402978348,0.12753747655847136
1015.7586907419786,-0.000839246204122901,0.006931569171681194,683.7051176463865,0.1380832476030981,0.12747706695975333
1016.2242080154625,0.0038605325389653444,0.006927161395446476,684.0184563804133,0.34941229479992897,0.1275790415350589
1016.6897252889465,0.008224613033235073,0.0069184325645654954,684.3317951144401,0.07490245399879791,0.12799764759669932
1017.1552425624304,0.006210422143340111,0.0069137688736034125,684.6451338484668,0.16858433381113413,0.12803464210182816
1017.6207598359144,0.0011749446857720613,0.006914435307756877,684.9584725824935,0.08579568979755259,0.12801528016952415
1018.0862771093983,-0.0001678492408245802,0.006912607220508374,685.2718113165204,0.20780003462969665,0.12779446606411618
1018.5517943828823,0.0018463416490703821,0.006919307845839987,685.5851500505471,0.1315473191096066,0.1278484803772372
1019.0173116563662,0.0031891355756670237,0.006929650614894222,685.8984887845738,0.10322485408979876,0.12747112395925017
1019.4828289298503,0.004531929735094309,0.006935974147692328,686.2118275186006,0.14244055490836138,0.12784878615818085
1019.9483462033342,0.00520332669839263,0.006935309783269149,686.5251662526274,-0.2170365510945792,0.12796502491597414
1020.413863476818,0.004531929735094309,0.0069347023086694425,686.8385049866541,0.12065408331085192,0.1278539493773692
1020.8793807503021,0.0031891355756670237,0.0069347023086694425,687.1518437206809,0.14244055490836138,0.12803274403364634
1021.344898023786,0.002517738612368703,0.006936315796046255,687.4651824547076,0.10540354020683396,0.12811912561340572
1021.81041529727,0.004364080261439085,0.006943960521959235,687.7785211887344,0.11629677600558863,0.12797876575701309
1022.2759325707539,0.006546120624989271,0.006947448122083409,688.0918599227612,0.11411808988855354,0.12797876575701309
1022.7414498442379,0.007553216069936752,0.006929080643463409,688.4051986567879,0.11411808988855354,0.1280443989550783
1023.2069671177218,0.004867628216743469,0.006916300982657291,688.7185373908147,0.10758216139506205,0.1280443989550783
1023.6724843912058,0.000839246204122901,0.00691630098265729,689.0318761248415,0.14244055490836138,0.12819805822394362
1024.1380016646897,-0.0011749446857720613,0.006915844129437388,689.3452148588682,0.11847539719381683,0.12846264890113426
1024.6035189381737,-0.000839246204122901,0.0069135594104998135,689.6585535928949,0.14461917609658959,0.12816072356618188
1025.0690362116577,-0.0005035477224737406,0.006902887388451584,689.9718923269218,0.08797431098578079,0.1279274975614173
1025.5345534851415,0.0005035477224737406,0.006886848348081651,690.2852310609485,0.09015299710281588,0.12766349378915068
1026.0000707586255,0.0011749446857720613,0.006875215795080616,690.5985697949752,0.1380832476030981,0.12785621135226893
1026.4655880321095,-0.0001678492408245802,0.006860033281746238,690.911908529002,0.10758216139506205,0.1280990426258007
1026.9311053055933,-0.0015106431674212217,0.00682817894130393,691.2252472630288,0.11411808988855354,0.12829413516770083
1027.3966225790773,-0.0001678492408245802,0.006785939509443867,691.5385859970555,0.15115516951888797,0.12803088741610116
1027.8621398525613,0.0018463416490703821,0.006773978200718575,691.8519247310822,0.08579568979755259,0.12754450423555855
1028.3276571260453,0.0031891355756670237,0.006780815817015586,692.165263465109,0.11629677600558863,0.12799154929463774
1028.793174399529,0.004364080261439085,0.0067809711372560505,692.4786021991358,0.10322485408979876,0.12822486603406047
1029.2586916730131,0.00587472366169095,0.006774347452805788,692.7919409331626,0.12501139061611521,0.12830009636021
1029.7242089464971,0.0057068741880357265,0.006765479839039858,693.1052796671893,0.12501139061611521,0.12850481229821217
1030.1897262199811,0.00520332669839263,0.006766880760923205,693.418618401216,0.09668892559630737,0.12843522872889226
1030.655243493465,0.002517738612368703,0.006731770249884902,693.7319571352429,0.11411808988855354,0.12845203687993462
1031.120760766949,-0.0028534370940178633,0.006632690431616388,694.0452958692696,0.09451030440807917,0.1290109680723545
1031.586278040433,-0.008392462506890297,0.006577999724043301,694.3586346032963,-0.08413897046368046,0.12882862752723576
1032.051795313917,-0.01493858266621828,0.006580460969961062,694.671973337323,0.10540354020683396,0.12854236111685782
1032.5173125874007,-0.01930266246199608,0.006580460969961062,694.9853120713499,0.16204840531764264,0.12893946974104065
1032.9828298608847,-0.018295567482709885,0.006565238507089016,695.2986508053766,0.05747322477774486,0.1287704227450315
1033.4483471343688,-0.016952773556113243,0.006507068386716339,695.6119895394033,0.14244055490836138,0.12885084304742056
1033.9138644078525,-0.01896696351468563,0.0064511495540318054,695.9253282734301,0.11411808988855354,0.12863012542964017
1034.3793816813366,-0.02064545638859272,0.0064110262540429735,696.2386670074569,0.10540354020683396,0.12853162231859025
1034.8448989548206,-0.01930266246199608,0.006327187577197012,696.5520057414836,0.1359046264148699,0.12853162231859025
1035.3104162283046,-0.014602883718907833,0.006175217544762364,696.8653444755104,0.14244055490836138,0.1283073267120185
1035.7759335017884,-0.008392462506890297,0.0060613242391513965,697.1786832095371,0.15333379070711606,0.12847176281300246
1036.2414507752724,-0.0041962312534451485,0.00601971818429361,697.4920219435639,0.15769109801237935,0.128213682667329
1036.7069680487564,-0.005035477224737406,0.006032651332951653,697.8053606775907,0.11411808988855354,0.1281767398370864
1037.1724853222404,-0.0068818191066384315,0.006042594481168238,698.1186994116174,0.11411808988855354,0.12836933639316636
1037.6380025957242,-0.00553902518004179,0.006042594481168237,698.4320381456441,0.10758216139506205,0.1282389363848339
1038.1035198692082,-0.0028534370940178633,0.006037363287356389,698.745376879671,0.12501139061611521,0.12819992470083044
1038.5690371426922,-0.000839246204122901,0.00602734598437779,699.0587156136977,0.1315473191096066,0.12797019490301376
1039.0345544161762,0.0031891355756670237,0.006024025036069201,699.3720543477244,0.11847539719381683,0.12840522904358234
1039.50007168966,0.004531929735094309,0.006040720492857925,699.6853930817513,0.1315473191096066,0.12880343669008518
1039.965588963144,0.0003356984816491604,0.006052912811010935,699.998731815778,0.11411808988855354,0.12887970610584484
1040.431106236628,-0.003524834057316184,0.006065948814584598,700.3120705498047,0.12283270449908013,0.1287033837737739
1040.8966235101118,-0.004531929735094309,0.006068031975961461,700.6254092838315,0.09886754678453558,0.1287934902693898
1041.3621407835958,-0.003524834057316184,0.006061432842231091,700.9387480178583,0.1293686329925715,0.12499976400122793
1041.8276580570798,-0.0023498893715441227,0.00602063665923636,701.252086751885,0.11847539719381683,0.1253736902898407
1042.2931753305638,-0.0010070954449474812,0.005991703134645407,701.5654254859118,0.12065408331085192,0.12470978834627411
1042.7586926040476,0.000839246204122901,0.005992406205670897,701.8787642199385,0.11411808988855354,0.1249791518141079
1043.2242098775316,0.0031891355756670237,0.006006099642269751,702.1921029539653,0.11629677600558863,0.12429250191799965
1043.6897271510156,0.0041962312534451485,0.006030250318182451,702.5054416879921,0.12065408331085192,0.12404226212543136
1044.1552444244996,0.0038605325389653444,0.006070461422998931,702.8187804220188,0.15115516951888797,0.12470971774771457
1044.6207616979834,0.0028534370940178633,0.006148617742000749,703.1321191560455,0.11193946870032534,0.12490699274107185
1045.0862789714674,0.0011749446857720613,0.006241442581155535,703.4454578900724,0.10976084751209725,0.12370340584899758
1045.5517962449514,0.0011749446857720613,0.006294372710540727,703.7587966240991,0.11411808988855354,0.1237856840112962
1046.0173135184355,0.0018463416490703821,0.006296045744696311,704.0721353581258,0.11411808988855354,0.12354941247813533
1046.4828307919192,0.0036926832981407642,0.0062930339629715054,704.3854740921525,0.11847539719381683,0.12389611034715635
1046.9483480654033,0.0041962312534451485,0.006289957948302446,704.6988128261794,0.10976084751209725,0.12415097496626237
1047.4138653388873,0.0018463416490703821,0.0062933059192360466,705.0121515602061,0.08797431098578079,0.12409642368021528
1047.879382612371,0.0003356984816491604,0.006309685298016101,705.3254902942328,0.11411808988855354,0.12432380612935207
1048.344899885855,-0.0005035477224737406,0.006334341223307831,705.6388290282596,0.10758216139506205,0.1243782576873576
1048.810417159339,-0.0001678492408245802,0.006346799213176205,705.9521677622864,0.14244055490836138,0.12396653875033647
1049.275934432823,0.0011749446857720613,0.006351775566934036,706.2655064963132,0.12065408331085192,0.12400616677597405
1049.7414517063069,0.0038605325389653444,0.0063686660860020556,706.5788452303399,0.08143838249228941,0.12349436552773038
1050.2069689797909,0.0038605325389653444,0.006396717841508116,706.8921839643666,0.12501139061611521,0.12379249325449987
1050.6724862532749,0.0018463416490703821,0.0064189069061204975,707.2055226983935,0.15986971920060755,0.124346911873892
1051.138003526759,0.0011749446857720613,0.006423827400371801,707.5188614324202,0.14026193372013318,0.12432447804174529
1051.6035208002427,0.000839246204122901,0.006423827400371801,707.8322001664469,0.1337259402978348,0.1246516268867473
1052.0690380737267,0.000839246204122901,0.006431201083021482,708.1455389004736,0.12501139061611521,0.12463316308206612
1052.5345553472107,0.002517738612368703,0.006435784888462404,708.4588776345005,0.10104623290157067,0.12630160393789383
1053.0000726206947,0.0031891355756670237,0.006433820800304482,708.7722163685272,0.16204840531764264,0.12647487745395294
1053.4655898941785,0.0005035477224737406,0.006428907954707744,709.0855551025539,0.15769109801237935,0.12655255023011022
1053.9311071676625,-0.001678492408245802,0.006416711969676997,709.3988938365807,0.12283270449908013,0.12642043889419505
1054.3966244411465,-0.0021820401307195425,0.00639154990706998,709.7122325706075,0.12065408331085192,0.1262365066844874
1054.8621417146303,-0.0015106431674212217,0.006376805542440097,710.0255713046342,0.10540354020683396,0.12598840998412583
1055.3276589881143,-0.002517738612368703,0.006386769450325123,710.338910038661,0.14026193372013318,0.12630453407037845
1055.7931762615983,-0.005035477224737406,0.006416711968254002,710.6522487726878,0.16858433381113413,0.12630453407037845
1056.2586935350823,-0.00587472366169095,0.006448638958498474,710.9655875067145,0.11847539719381683,0.12655201103226235
1056.724210808566,-0.0036926832981407642,0.006428621253711797,711.2789262407413,0.12501139061611521,0.12703884811079794
1057.1897280820501,-0.0015106431674212217,0.006278498589337936,711.592264974768,0.14244055490836138,0.1272456345707069
1057.6552453555341,-0.0015106431674212217,0.0059958544730855535,711.9056037087948,0.12501139061611521,0.12810543215198655
1058.1207626290181,-0.0031891355756670237,0.005729873703163415,712.2189424428216,0.1315473191096066,0.1288895962296766
1058.586279902502,-0.004531929735094309,0.00549339270093894,712.5322811768483,0.10322485408979876,0.12880231223488275
1059.051797175986,-0.003524834057316184,0.005189544332367689,712.845619910875,0.15115516951888797,0.12925629115158077
1059.51731444947,-0.0021820401307195425,0.004810386103798189,713.1589586449019,0.11411808988855354,0.12936204773917462
1059.9828317229537,-0.0005035477224737406,0.00444439997909057,713.4722973789286,0.08579568979755259,0.12903214104217103
1060.4483489964377,-0.0010070954449474812,0.004215762852376035,713.7856361129553,0.12501139061611521,0.1290098342449556
1060.9138662699218,-0.005035477224737406,0.004138514458546184,714.0989748469821,0.1359046264148699,0.12864760907262984
1061.3793835434058,-0.0068818191066384315,0.004118872122862875,714.4123135810089,0.11411808988855354,0.1280827145564434
1061.8449008168895,-0.0041962312534451485,0.004090036505433099,714.7256523150356,0.14461917609658959,0.12823883267103867
1062.3104180903736,-0.0015106431674212217,0.004039510698550781,715.0389910490624,0.10976084751209725,0.1284588829357467
1062.7759353638576,-0.0011749446857720613,0.0040157144368855886,715.3523297830891,0.12065408331085192,0.1287755289263466
1063.2414526373416,-0.000839246204122901,0.004006261513957872,715.6656685171159,0.08797431098578079,0.1312488389036217
1063.7069699108254,-0.0028534370940178633,0.0040227895519036085,715.9790072511427,0.14026193372013318,0.13109630535169767
1064.1724871843094,-0.00553902518004179,0.004046544207592414,716.2923459851694,0.10758216139506205,0.13092910777865077
1064.6380044577934,-0.00553902518004179,0.004054085125800498,716.6056847191961,0.12501139061611521,0.13077620130218742
1065.1035217312774,-0.00520332669839263,0.004068251393452797,716.919023453223,0.11411808988855354,0.13092910777865077
1065.5690390047612,-0.0018463416490703821,0.004065661717386473,717.2323621872497,0.14679786221362467,0.13230054203748623
1066.0345562782452,0.002517738612368703,0.004069286802602522,717.5457009212764,0.1380832476030981,0.13245097856132393
1066.5000735517292,0.0038605325389653444,0.004109207978853033,717.8590396553031,0.12501139061611521,0.13228545333957206
1066.965590825213,0.0011749446857720613,0.004161830039733233,718.17237838933,0.10322485408979876,0.1322496479292164
1067.431108098697,-0.0015106431674212217,0.004235981554626118,718.4857171233567,0.12065408331085192,0.13261340757531256
1067.896625372181,-0.0041962312534451485,0.0042709875743403266,718.7990558573835,0.15769109801237935,0.13270516499321272
1068.362142645665,-0.00587472366169095,0.0042734528264950075,719.1123945914102,0.10322485408979876,0.1325580287503949
1068.8276599191488,-0.007888914085924625,0.0042641699062194146,719.425733325437,0.16858433381113413,0.13304583516678586
1069.2931771926328,-0.01107805036008358,0.004273791687800778,719.7390720594638,0.15986971920060755,0.13270031018130213
1069.7586944661168,-0.012252994813024998,0.004298364504774779,720.0524107934905,0.12283270449908013,0.13280933707772813
1070.2242117396008,-0.009567406959831715,0.0043342336327282,720.3657495275172,0.1293686329925715,0.1328613126277995
1070.6897290130846,-0.003524834057316184,0.004365709084282999,720.679088261544,0.11847539719381683,0.13279401186810344
1071.1552462865686,-0.0015106431674212217,0.004394802914126194,720.9924269955708,0.14244055490836138,0.1328666551269069
1071.6207635600526,-0.0038605325389653444,0.004409068832509304,721.3057657295975,0.14244055490836138,0.1326316704761032
1072.0862808335366,-0.0068818191066384315,0.004409068832509304,721.6191044636242,0.10758216139506205,0.1326660347905605
1072.5517981070204,-0.008896009996533394,0.004405573921425673,721.9324431976511,0.1380832476030981,0.1330228272143119
1073.0173153805044,-0.007553216069936752,0.004412173096099729,722.2457819316778,0.11411808988855354,0.1329556082116614
1073.4828326539885,-0.0041962312534451485,0.004411934384137575,722.5591206657045,0.09668892559630737,0.13304212775523858
1073.9483499274722,-0.0028534370940178633,0.0044305152961077975,722.8724593997314,0.12283270449908013,0.13306409194531926
1074.4138672009562,-0.004867628216743469,0.004463288211403037,723.1857981337581,0.08579568979755259,0.13316053531955602
1074.8793844744403,-0.006210422143340111,0.0044797757848932486,723.4991368677848,0.12501139061611521,0.13363893380889427
1075.3449017479243,-0.00553902518004179,0.004492453426152313,723.8124756018116,0.15115516951888797,0.13354781796209994
1075.810419021408,-0.0028534370940178633,0.004507198937820957,724.1258143358384,0.1359046264148699,0.13297942807791957
1076.275936294892,-0.0001678492408245802,0.004523992100362124,724.4391530698651,0.14244055490836138,0.13291648506769033
1076.741453568376,0.003524834057316184,0.004562935799788627,724.7524918038919,0.11193946870032534,0.13279953007057252
1077.20697084186,0.002517738612368703,0.004620280094169792,725.0658305379186,0.26008759243524215,0.13324891873552683
1077.6724881153439,-0.000839246204122901,0.004666325261080576,725.3791692719454,0.10976084751209725,0.13388601272804623
1078.1380053888279,-0.0018463416490703821,0.004686819357228694,725.6925080059722,0.12501139061611521,0.13349552405530044
1078.603522662312,-0.0015106431674212217,0.004694677879010874,726.0058467399989,-0.08413897046368046,0.13296620286958202
1079.069039935796,0.0001678492408245802,0.0046921253031063,726.3191854740256,0.10322485408979876,0.13285930857565023
1079.5345572092797,0.003524834057316184,0.004687409203368329,726.6325242080525,0.09451030440807917,0.13301782376863677
1080.0000744827637,0.006378271151334047,0.004693247485494958,726.9458629420792,0.1337259402978348,0.1333399050382384
1080.4655917562477,0.0068818191066384315,0.004707364065006275,727.2592016761059,0.11411808988855354,0.13310663520394386
1080.9311090297315,0.007217517588287592,0.004712646882313049,727.5725404101327,0.12501139061611521,0.1328208653083553
1081.3966263032155,0.006546120624989271,0.004690694133147352,727.8858791441595,0.14244055490836138,0.13295611352816938
1081.8621435766995,0.004364080261439085,0.004678469286278571,728.1992178781862,0.1293686329925715,0.1326922454553442
1082.3276608501835,0.0011749446857720613,0.004679594743426644,728.512556612213,0.22305057773371462,0.13245381677423473
1082.7931781236673,0.0010070954449474812,0.0046780190276045465,728.8258953462397,0.15769109801237935,0.13226255205180776
1083.2586953971513,0.0018463416490703821,0.004670668053905731,729.1392340802665,0.1337259402978348,0.132458250673892
1083.7242126706353,0.003524834057316184,0.004650782201855525,729.4525728142933,0.15986971920060755,0.13255944545423282
1084.1897299441193,0.004531929735094309,0.00463831025142759,729.76591154832,0.11847539719381683,0.13267966145616156
1084.6552472176031,0.0031891355756670237,0.004633539378085613,730.0792502823467,0.09668892559630737,0.13267966145616156
1085.1207644910871,0.0011749446857720613,0.004633539378085613,730.3925890163736,0.14026193372013318,0.13248305688959677
1085.5862817645711,0.0011749446857720613,0.004633908728145999,730.7059277504003,0.11629677600558863,0.13252214606811918
1086.051799038055,0.0005035477224737406,0.004614691854541373,731.019266484427,0.09668892559630737,0.13342251497207344
1086.517316311539,0.0001678492408245802,0.004590665180827658,731.3326052184538,0.1315473191096066,0.13372081379760764
1086.982833585023,0.0018463416490703821,0.00457756931608708,731.6459439524806,0.1380832476030981,0.13337774326941124
1087.448350858507,0.0031891355756670237,0.004587911261573298,731.9592826865073,0.14244055490836138,0.1333611523591317
1087.9138681319907,-0.0001678492408245802,0.004612266272964669,732.272621420534,0.2905886786432781,0.13320874658807147
1088.3793854054747,-0.0038605325389653444,0.004629360829726341,732.5859601545608,0.11411808988855354,0.13341154333070881
1088.8449026789588,-0.00553902518004179,0.0046314079362438365,732.8992988885876,0.09668892559630737,0.13303478767283514
1089.3104199524428,-0.00520332669839263,0.0046051819884285385,733.2126376226144,0.11411808988855354,0.1332767972831674
1089.7759372259266,-0.003524834057316184,0.004574663622715358,733.5259763566411,0.1315473191096066,0.13320304557819368
1090.2414544994106,-0.0031891355756670237,0.004551814106186051,733.8393150906679,0.2317651923442412,0.13345771383330673
1090.7069717728946,-0.004867628216743469,0.004587767780304236,734.1526538246947,0.11847539719381683,0.13328907165712842
1091.1724890463786,-0.0068818191066384315,0.00464435198217804,734.4659925587214,0.10976084751209725,0.13388981324413796
1091.6380063198624,-0.007217517588287592,0.004664039440321388,734.7793312927481,0.11411808988855354,0.13355132123046404
1092.1035235933464,-0.008224613033235073,0.004666071332606401,735.092670026775,0.15769109801237935,0.13376391885851968
1092.5690408668304,-0.0057068741880357265,0.004665168378625555,735.4060087608017,0.12501139061611521,0.13394252160294104
1093.0345581403142,-0.003524834057316184,0.004648205512006826,735.7193474948284,0.09668892559630737,0.13371918155127654
1093.5000754137982,-0.0030212863348424435,0.004613493481313801,736.0326862288551,0.16858433381113413,0.13373506463432028
1093.9655926872822,-0.004867628216743469,0.004550743837384142,736.346024962882,0.11411808988855354,0.13316173111902405
1094.4311099607662,-0.00553902518004179,0.004423675648562194,736.6593636969087,0.12501139061611521,0.13306658259089327
1094.89662723425,-0.00587472366169095,0.0042624097507312445,736.9727024309354,0.11629677600558863,0.13292681497981035
1095.362144507734,-0.00553902518004179,0.004174779445393046,737.2860411649622,0.10540354020683396,0.1330300278062805
1095.827661781218,-0.00553902518004179,0.004162399408651653,737.599379898989,0.12283270449908013,0.13299442285406318
1096.293179054702,-0.00520332669839263,0.004166035120447244,737.9127186330157,0.08579568979755259,0.13260945763663054
1096.7586963281858,-0.0041962312534451485,0.00416325329576286,738.2260573670425,0.11411808988855354,0.13265386072631344
1097.2242136016698,-0.0003356984816491604,0.00411516276624344,738.5393961010692,0.1337259402978348,0.13253240285702156
1097.6897308751538,0.002517738612368703,0.004026943671105226,738.852734835096,0.10540354020683396,0.13239203096626717
1098.1552481486378,-0.0001678492408245802,0.003969783640832862,739.1660735691228,0.11847539719381683,0.13242779787955186
1098.6207654221216,-0.0041962312534451485,0.003963676888510504,739.4794123031495,0.14461917609658959,0.13264917950618801
1099.0862826956056,-0.0057068741880357265,0.003966067606157281,739.7927510371762,0.1315473191096066,0.1327892795648342
1099.5517999690896,-0.00553902518004179,0.003938887837234973,740.1060897712031,0.14244055490836138,0.13300601721430413
1100.0173172425734,-0.00520332669839263,0.003896952122568901,740.4194285052298,0.11411808988855354,0.13308521074552776
1100.4828345160574,-0.0041962312534451485,0.003860021075073325,740.7327672392565,0.09668892559630737,0.13261038104488718
1100.9483517895414,-0.0041962312534451485,0.0038600210750733255,741.0461059732833,0.1337259402978348,0.13212334274379178
1101.4138690630255,-0.006210422143340111,0.003888564879532729,741.3594447073101,0.12065408331085192,0.1321015579309255
1101.8793863365092,-0.007553216069936752,0.00390208378229667,741.6727834413368,0.16858433381113413,0.13239780659568062
1102.3449036099933,-0.007217517588287592,0.003915556009415276,741.9861221753636,0.16858433381113413,0.13071571241130975
1102.8104208834773,-0.00553902518004179,0.003917438423631465,742.2994609093903,0.12283270449908013,0.13078679609509217
1103.2759381569613,-0.0028534370940178633,0.003913672689787943,742.6127996434171,0.09886754678453558,0.1306760817441639
1103.741455430445,0.0005035477224737406,0.003911249946333546,742.9261383774439,0.10976084751209725,0.13047404305917396
1104.206972703929,-0.0001678492408245802,0.003920931938083788,743.2394771114706,0.1380832476030981,0.13065200979129807
1104.672489977413,-0.0028534370940178633,0.003918244895737987,743.5528158454973,0.14244055490836138,0.13062322807045365
1105.138007250897,-0.004531929735094309,0.003879243312027155,743.8661545795242,0.11411808988855354,0.13044926239897311
1105.6035245243809,-0.00553902518004179,0.0038226299456928597,744.1794933135509,0.14244055490836138,0.13062322807045365
1106.0690417978649,-0.003524834057316184,0.0037626470666207047,744.4928320475776,0.1337259402978348,0.1307038653426727
1106.534559071349,0.0011749446857720613,0.0037096148930739294,744.8061707816044,0.09015299710281588,0.13061779372014626
1107.0000763448327,0.0018463416490703821,0.003695855054908141,745.1195095156312,0.11629677600558863,0.13098341669019878
1107.4655936183167,-0.000839246204122901,0.0037375109838038755,745.4328482496579,0.10104623290157067,0.12992808522639618
1107.9311108918007,-0.001678492408245802,0.0038132852837382695,745.7461869836847,0.15115516951888797,0.1297633616790382
1108.3966281652847,-0.000839246204122901,0.0038488521333095117,746.0595257177115,0.11629677600558863,0.1296247822408573
1108.8621454387685,-0.0001678492408245802,0.0038365184534408306,746.3728644517382,0.16204840531764264,0.12936900229122833
1109.3276627122525,-0.0001678492408245802,0.0038122839431123973,746.686203185765,0.11411808988855354,0.12933238946982092
1109.7931799857365,0.0005035477224737406,0.003802602288240535,746.9995419197917,0.04222268167372678,0.13010036190789687
1110.2586972592205,0.0011749446857720613,0.003810902355461008,747.3128806538185,0.1293686329925715,0.13021433162785442
1110.7242145327043,0.002517738612368703,0.0038150456174233763,747.6262193878453,0.20997865581792485,0.13047925273697264
1111.1897318061883,0.004867628216743469,0.003824695773967096,747.939558121872,0.14679786221362467,0.1307845222922269
1111.6552490796723,0.0021820401307195425,0.0038345963130156334,748.2528968558987,0.10540354020683396,0.1306314465759401
1112.1207663531563,-0.003524834057316184,0.003830749143919621,748.5662355899256,0.10758216139506205,0.1303464983384579
1112.5862836266401,-0.005035477224737406,0.0038186328081085017,748.8795743239523,0.10104623290157067,0.1300857394136312
1113.0518009001241,-0.0041962312534451485,0.003818908606287075,749.192913057979,0.11629677600558863,0.12749444610791014
1113.5173181736081,-0.0031891355756670237,0.0038023253072983227,749.5062517920057,0.09451030440807917,0.1275701071762081
1113.982835447092,-0.0021820401307195425,0.0037644660440675046,749.8195905260326,0.1359046264148699,0.12778015858040415
1114.448352720576,-0.000839246204122901,0.0037349739588317266,750.1329292600593,0.11629677600558863,0.12763047325932242
1114.91386999406,-0.0021820401307195425,0.0037414540157087385,750.446267994086,0.14244055490836138,0.12740346330676983
1115.379387267544,-0.006210422143340111,0.0037767561610541236,750.7596067281128,0.1293686329925715,0.12576566948486503
1115.8449045410277,-0.007888914085924625,0.0037853911453532988,751.0729454621396,0.19037087033745048,0.12609263961919295
1116.3104218145118,-0.00587472366169095,0.003726787398161827,751.3862841961663,0.07708107518702612,0.1262873191440358
1116.7759390879958,-0.0018463416490703821,0.0036798620868034957,751.6996229301931,0.1293686329925715,0.12657899436512032
1117.2414563614798,0.0011749446857720613,0.0035947319036201647,752.0129616642198,0.14026193372013318,0.12660453251379242
1117.7069736349636,0.000839246204122901,0.0035522912292405527,752.3263003982466,0.1359046264148699,0.12666640889588437
1118.1724909084476,-0.0003356984816491604,0.003538924141155077,752.6396391322734,0.10540354020683396,0.1270467288369426
1118.6380081819316,-0.000839246204122901,0.003528679057236084,752.9529778663001,0.10976084751209725,0.12674729675268065
1119.1035254554154,-0.000839246204122901,0.0034985164504685324,753.2663166003268,0.15115516951888797,0.12731371229554997
1119.5690427288994,0.0005035477224737406,0.003468281322068069,753.5796553343537,0.10540354020683396,0.1274179898577214
1120.0345600023834,0.003524834057316184,0.003422427837341361,753.8929940683804,0.14026193372013318,0.12766582379517694
1120.5000772758674,0.0011749446857720613,0.003386853108189563,754.2063328024071,0.11411808988855354,0.12783108509903557
1120.9655945493512,-0.0023498893715441227,0.0033707610445248763,754.5196715364339,0.09668892559630737,0.1273579824071448
1121.4311118228352,-0.003524834057316184,0.0033757566175483256,754.8330102704607,0.14679786221362467,0.1276609449809723
1121.8966290963192,-0.0021820401307195425,0.0033654451209759323,755.1463490044874,0.09015299710281588,0.1277562594183732
1122.3621463698032,-0.0015106431674212217,0.003366266509774477,755.4596877385142,0.12283270449908013,0.12763457605519757
1122.827663643287,-0.0028534370940178633,0.003362196715644093,755.7730264725409,0.11847539719381683,0.12778013251883996
1123.293180916771,-0.003524834057316184,0.003363136336029293,756.0863652065677,0.12501139061611521,0.12792071032396402
1123.758698190255,-0.0031891355756670237,0.003349957664807438,756.3997039405945,0.1380832476030981,0.1277679814144276
1124.224215463739,-0.000839246204122901,0.003325225659658327,756.7130426746212,0.11629677600558863,0.12723717314192265
1124.6897327372228,0.0018463416490703821,0.003308833892851572,757.026381408648,0.1337259402978348,0.12714875481085436
1125.1552500107068,-0.0001678492408245802,0.003299590208987497,757.3397201426748,0.09668892559630737,0.1273060182655716
1125.6207672841908,-0.0028534370940178633,0.003303737127685618,757.6530588767015,0.06836646057649953,0.12761887855267054
1126.0862845576746,-0.004867628216743469,0.003312333369705382,757.9663976107282,0.14026193372013318,0.12768443308493915
1126.5518018311586,-0.004867628216743469,0.0032623535681069998,758.2797363447551,0.14461917609658959,0.12821773418765736
1127.0173191046426,-0.0041962312534451485,0.003181075619231093,758.5930750787818,0.14244055490836138,0.12821773418765736
1127.4828363781266,-0.0015106431674212217,0.003107044132524308,758.9064138128085,0.11847539719381683,0.12781197006751
1127.9483536516104,0.0005035477224737406,0.0030794647581142334,759.2197525468353,0.11193946870032534,0.12760197102965945
1128.4138709250944,-0.0005035477224737406,0.003093795865144627,759.5330912808621,0.03786537436846349,0.12781613539917064
1128.8793881985785,-0.0028534370940178633,0.003119898590384771,759.8464300148888,0.12501139061611521,0.12794696631529623
1129.3449054720625,-0.0031891355756670237,0.0031320278310826366,760.1597687489156,0.09015299710281588,0.1275762852828993
1129.8104227455462,-0.0028534370940178633,0.0031232725488489765,760.4731074829423,0.11411808988855354,0.1274881021405012
1130.2759400190303,-0.000839246204122901,0.0031046704002313814,760.7864462169691,0.1337259402978348,0.12705117021124107
1130.7414572925143,0.0018463416490703821,0.00309413627217904,761.0997849509959,0.1337259402978348,0.12658875028931454
1131.2069745659983,0.0006713969632983208,0.0030941362721790405,761.4131236850226,0.1337259402978348,0.1266775594926239
1131.672491839482,-0.0028534370940178633,0.00309549752880817,761.7264624190493,0.16422702650587084,0.12672259872297434
1132.138009112966,-0.00587472366169095,0.003091880372563271,762.0398011530762,0.14244055490836138,0.12686190074013393
1132.60352638645,-0.007888914085924625,0.003091880372563271,762.3531398871029,0.14244055490836138,0.12683016041055664
1133.0690436599339,-0.0057068741880357265,0.0030876621075835798,762.6664786211296,0.11847539719381683,0.12664708961465868
1133.5345609334179,-0.0015106431674212217,0.0030917526309098397,762.9798173551563,0.1359046264148699,0.12687374686579705
1134.000078206902,0.000839246204122901,0.0031203627223698022,763.2931560891832,0.11411808988855354,0.12677247864563934
1134.465595480386,-0.0015106431674212217,0.0031659337745346345,763.6064948232099,0.17512032723343252,0.1272855550968226
1134.9311127538697,-0.0028534370940178633,0.003200344413817582,763.9198335572366,0.15115516951888797,0.12787524636223294
1135.3966300273537,-0.0021820401307195425,0.0032075762823809114,764.2331722912634,0.14461917609658959,0.12791713137998273
1135.8621473008377,-0.0028534370940178633,0.0031984927316616274,764.5465110252902,0.1337259402978348,0.1267236924754339
1136.3276645743217,-0.0028534370940178633,0.003173036620096192,764.859849759317,0.11411808988855354,0.12692342923091163
1136.7931818478055,-0.0005035477224737406,0.0031753592446442267,765.1731884933437,0.10540354020683396,0.12699384116125514
1137.2586991212895,0.0005035477224737406,0.0031573976075180282,765.4865272273704,0.11411808988855354,0.1270656110524472
1137.7242163947735,0.0005035477224737406,0.0031318176549138947,765.7998659613972,0.11411808988855354,0.12716900356532382
1138.1897336682575,0.0011749446857720613,0.003131817654913894,766.113204695424,0.12283270449908013,0.1271147005253172
1138.6552509417413,-0.0001678492408245802,0.003130261910939736,766.4265434294507,0.12283270449908013,0.12744330489745354
1139.1207682152253,-0.0018463416490703821,0.003141680746264597,766.7398821634774,0.09451030440807917,0.127078135810552
1139.5862854887093,-0.0041962312534451485,0.0031557293217109447,767.0532208975043,0.10540354020683396,0.12715544008746638
1140.0518027621931,-0.006210422143340111,0.003149047340337839,767.366559631531,0.09668892559630737,0.12660297684128077
1140.5173200356771,-0.00553902518004179,0.0031137316877855505,767.6798983655577,0.15115516951888797,0.12613560790484077
1140.9828373091611,0.0005035477224737406,0.0030262498170310274,767.9932370995846,0.1315473191096066,0.1252912260228591
1141.4483545826452,0.0038605325389653444,0.0029728794270641756,768.3065758336113,0.14461917609658959,0.12546691299366713
1141.913871856129,0.0011749446857720613,0.0029686251106751382,768.619914567638,0.15986971920060755,0.12532853814408282
1142.379389129613,-0.0003356984816491604,0.0029686251106751382,768.9332533016648,0.1315473191096066,0.12544684318888194
1142.844906403097,-0.0015106431674212217,0.0029834886774022665,769.2465920356916,0.14026193372013318,0.12534092573915198
1143.310423676581,-0.0011749446857720613,0.0030254231447241573,769.5599307697183,0.14244055490836138,0.1257295311831106
1143.7759409500648,0.0010070954449474812,0.00306588264102675,769.8732695037451,0.16858433381113413,0.12628294809530122
1144.2414582235488,0.0028534370940178633,0.00306588264102675,770.1866082377718,0.1359046264148699,0.12591886692083432
1144.7069754970328,0.000839246204122901,0.0030809607022854813,770.4999469717986,0.14244055490836138,0.1259019977944124
1145.1724927705166,-0.0021820401307195425,0.0030809607022854813,770.8132857058254,0.12501139061611521,0.12548754318370223
1145.6380100440006,-0.004364080261439085,0.0030792510045420285,771.1266244398521,0.04657998897899007,0.12552527746289166
1146.1035273174846,-0.00553902518004179,0.0030780964217250258,771.4399631738788,0.12501139061611521,0.12573874488008838
1146.5690445909686,-0.0031891355756670237,0.0030799349975275184,771.7533019079057,0.12501139061611521,0.12525377363076376
1147.0345618644524,0.000839246204122901,0.0030799349975275184,772.0666406419324,0.12065408331085192,0.12590239134881798
1147.5000791379364,0.0018463416490703821,0.003077540356992698,772.3799793759591,0.12283270449908013,0.12582572745970716
1147.9655964114204,-0.000839246204122901,0.003077540356992698,772.6933181099859,0.1337259402978348,0.12582572745970716
1148.4311136849044,-0.0028534370940178633,0.0030775403569926977,773.0066568440127,0.1293686329925715,0.12562437179130137
1148.8966309583882,-0.0038605325389653444,0.0030693159773242406,773.3199955780394,0.053115917472481566,0.12562437179130137
1149.3621482318722,-0.004364080261439085,0.0030682863798259198,773.6333343120662,0.1337259402978348,0.12583035239496332
1149.8276655053562,-0.004531929735094309,0.0030631332012274943,773.9466730460929,0.1315473191096066,0.12594290281960574
1150.2931827788402,-0.004531929735094309,0.0030754863239581347,774.2600117801197,0.1337259402978348,0.12607915369293315
1150.758700052324,-0.004867628216743469,0.003099025513090745,774.5733505141465,0.14026193372013318,0.12652543022563653
1151.224217325808,-0.0018463416490703821,0.0031152956995591885,774.8866892481732,0.17076301992816922,0.12588692471236307
1151.689734599292,0.0010070954449474812,0.0031152956995591885,775.2000279821999,0.16858433381113413,0.1259104900985611
1152.1552518727758,-0.0015106431674212217,0.0031112361268954883,775.5133667162268,0.1315473191096066,0.12582113947053178
1152.6207691462598,-0.003524834057316184,0.0031264323337933924,775.8267054502535,0.09668892559630737,0.12607633476472188
1153.0862864197438,-0.0041962312534451485,0.003129462720322233,776.1400441842802,0.12501139061611521,0.12617108777356487
1153.5518036932278,-0.0041962312534451485,0.0031385363241772627,776.4533829183069,0.12501139061611521,0.12658139861288845
1154.0173209667116,-0.0028534370940178633,0.0031665990528859126,776.7667216523338,0.09451030440807917,0.12702593797282838
1154.4828382401956,-0.0015106431674212217,0.003156605290721641,777.0800603863605,0.1337259402978348,0.12710253394643872
1154.9483555136796,-0.0028534370940178633,0.003172704686767695,777.3933991203872,0.0335080670632002,0.1272389795559255
1155.4138727871637,-0.004867628216743469,0.003254636702464137,777.706737854414,0.08797431098578079,0.1267529587516405
1155.8793900606474,-0.003524834057316184,0.00330473321370273,778.0200765884408,0.14244055490836138,0.12714086284726658
1156.3449073341314,-0.0015106431674212217,0.003315590927213566,778.3334153224675,0.09668892559630737,0.1281679232755093
1156.8104246076155,-0.0010070954449474812,0.003304135601973622,778.6467540564943,0.1315473191096066,0.12809118895954122
1157.2759418810995,-0.000839246204122901,0.0032569415575145083,778.960092790521,0.09668892559630737,0.1277392494717423
1157.7414591545833,-0.0001678492408245802,0.0031664327594940703,779.2734315245478,0.1337259402978348,0.127651178907236
1158.2069764280673,-0.0018463416490703821,0.00311816804210933,779.5867702585746,0.14026193372013318,0.1287466804992431
1158.6724937015513,-0.004364080261439085,0.0031181680421093305,779.9001089926013,0.15333379070711606,0.12980781650586465
1159.138010975035,-0.00553902518004179,0.003129294457092629,780.2134477266281,0.16422702650587084,0.13044143591403357
1159.603528248519,-0.004867628216743469,0.0031274007077171143,780.5267864606549,0.1337259402978348,0.1301144026126298
1160.069045522003,-0.002517738612368703,0.003115380229400941,780.8401251946816,0.1337259402978348,0.13031438883941307
1160.534562795487,0.0003356984816491604,0.0031153802294009406,781.1534639287083,0.10758216139506205,0.1312421162979802
1161.0000800689709,0.002517738612368703,0.0031295468733445572,781.4668026627352,0.16422702650587084,0.1314662909073911
1161.4655973424549,0.002517738612368703,0.00313962676647827,781.7801413967619,0.11411808988855354,0.13253390255607767
1161.931114615939,0.0005035477224737406,0.003151345892339851,782.0934801307886,0.11629677600558863,0.13369169825730082
1162.396631889423,-0.0028534370940178633,0.003163021598653368,782.4068188648154,0.11411808988855354,0.13422881317840502
1162.8621491629067,-0.0041962312534451485,0.0031636874803888967,782.7201575988422,0.10976084751209725,0.13466449959990623
1163.3276664363907,-0.0030212863348424435,0.00316202251312591,783.0334963328689,0.1337259402978348,0.13560479720885582
1163.7931837098747,-0.003524834057316184,0.003163021598653367,783.3468350668957,0.09233161829104408,0.1363317807302052
1164.2587009833587,-0.0031891355756670237,0.003170006380715341,783.6601738009224,0.12501139061611521,0.13785821076667465
1164.7242182568425,0.0005035477224737406,0.003189218214586492,783.9735125349492,0.07272376788176282,0.1389716558581863
1165.1897355303265,0.0038605325389653444,0.003189218214586492,784.286851268976,0.06400915327123624,0.13951563540504613
1165.6552528038105,0.0021820401307195425,0.00317896426481824,784.6001900030027,0.11629677600558863,0.1399359650895793
1166.1207700772943,-0.0005035477224737406,0.0031905389039113483,784.9135287370294,0.10322485408979876,0.1404328906032992
1166.5862873507783,-0.000839246204122901,0.0031756494763878888,785.2268674710563,0.11411808988855354,0.1412941963244811
1167.0518046242623,0.0011749446857720613,0.0031769758067895565,785.540206205083,0.15115516951888797,0.14209206486401005
1167.5173218977463,0.0031891355756670237,0.0031771829958995037,785.8535449391097,0.12501139061611521,0.1446640905705851
1167.9828391712301,0.00520332669839263,0.0031872361533565605,786.1668836731365,0.14679786221362467,0.14711596038602853
1168.4483564447141,0.00520332669839263,0.0032197841386532515,786.4802224071633,0.16422702650587084,0.1490220134844768
1168.9138737181981,0.000839246204122901,0.0032799411797362127,786.79356114119,0.11411808988855354,0.1503539883121474
1169.3793909916822,-0.0031891355756670237,0.0033353457473506826,787.1068998752168,0.10322485408979876,0.15291897323743567
1169.844908265166,-0.003524834057316184,0.0033823799729727952,787.4202386092435,0.09233161829104408,0.15559930519294213
1170.31042553865,-0.0005035477224737406,0.0033845589404889287,787.7335773432703,0.11847539719381683,0.1581631978434202
1170.775942812134,0.0021820401307195425,0.0033600816289625457,788.046916077297,0.12283270449908013,0.16207402749680902
1171.241460085618,0.0036926832981407642,0.0033314357727857696,788.3602548113238,0.09233161829104408,0.16481967367217826
1171.7069773591018,0.0021820401307195425,0.0033345957038755716,788.6735935453505,0.15986971920060755,0.16793919684089778
1172.1724946325858,-0.000839246204122901,0.00335097931191326,788.9869322793774,0.11411808988855354,0.17012262268439857
1172.6380119060698,-0.0028534370940178633,0.0033635277833407996,789.3002710134041,0.11847539719381683,0.17452672798197158
1173.1035291795536,-0.003524834057316184,0.0033672832060039014,789.6136097474308,0.10104623290157067,0.17783683987616458
1173.5690464530376,-0.0021820401307195425,0.0033563181447913214,789.9269484814575,0.1380832476030981,0.18168787743205347
1174.0345637265216,-0.0001678492408245802,0.003335858838192782,790.2402872154844,0.1380832476030981,0.1859437566991455
1174.5000810000056,-0.0001678492408245802,0.0033205505748780664,790.5536259495111,0.14461917609658959,0.1883585283940049
1174.9655982734894,-0.0028534370940178633,0.0033273233729730215,790.8669646835378,0.11411808988855354,0.1902403546328939
1175.4311155469734,-0.004867628216743469,0.0033647800551971844,791.1803034175647,0.1293686329925715,0.1928947091888265
1175.8966328204574,-0.00587472366169095,0.0033853756876326153,791.4936421515914,-0.04928057695038124,0.19650818897310823
1176.3621500939414,-0.004867628216743469,0.0033919026175057375,791.8069808856181,0.14679786221362467,0.2022527610135191
1176.8276673674252,-0.0038605325389653444,0.0033908544939447913,792.1203196196449,0.1337259402978348,0.207551049876776
1177.2931846409092,-0.003524834057316184,0.0034017082325628755,792.4336583536717,0.14461917609658959,0.21080839116505035
1177.7587019143932,-0.0015106431674212217,0.0034194260845366604,792.7469970876984,0.12283270449908013,0.21363648921108516
1178.224219187877,0.002517738612368703,0.0034064651897371973,793.0603358217252,0.11193946870032534,0.21802116227515175
1178.689736461361,0.00520332669839263,0.003385375682238268,793.3736745557519,0.16640571262290593,0.22079765678227176
1179.155253734845,0.0018463416490703821,0.0033912815409660037,793.6870132897787,0.10104623290157067,0.22597253795893313
1179.620771008329,-0.004364080261439085,0.003420657891738548,794.0003520238055,0.1293686329925715,0.23045599176430986
1180.0862882818128,-0.007553216069936752,0.0034160363159881886,794.3136907578322,0.06836646057649953,0.23502002236718267
1180.5518055552968,-0.006210422143340111,0.003385375682238268,794.6270294918589,0.16858433381113413,0.23986864815676545
1181.0173228287808,-0.0028534370940178633,0.0033700970207632868,794.9403682258858,0.21433596312318814,0.24342373896038716
1181.4828401022648,-0.0001678492408245802,0.003381017395657413,795.2537069599125,0.15769109801237935,0.2482868970586642
1181.9483573757486,0.0011749446857720613,0.0034444754715954513,795.5670456939392,0.10322485408979876,0.25088651763648795
1182.4138746492326,0.0001678492408245802,0.0034874355052759718,795.880384427966,0.1337259402978348,0.25602629411126804
1182.8793919227166,-0.0003356984816491604,0.0035056214158998623,796.1937231619928,0.20997865581792485,0.2589231857383598
1183.3449091962007,-0.0015106431674212217,0.0035095248925968697,796.5070618960195,0.21869327042845144,0.26175605563247595
1183.8104264696844,-0.0028534370940178633,0.0034844141836685794,796.8204006300463,0.17512032723343252,0.2655372006398674
1184.2759437431685,-0.0010070954449474812,0.0034567988021080853,797.133739364073,0.14679786221362467,0.268568597220012
1184.7414610166525,-0.0003356984816491604,0.003432146241595147,797.4470780980998,0.16858433381113413,0.2736380420061939
1185.2069782901362,-0.0021820401307195425,0.0034238508266865547,797.7604168321266,0.21651464924022323,0.2778296037468673
1185.6724955636203,-0.0041962312534451485,0.003434791943668415,798.0737555661533,0.15551247682415126,0.28283729457828477
1186.1380128371043,-0.0038605325389653444,0.003458321855800909,798.38709430018,0.20780003462969665,0.2845057419532057
1186.6035301105883,-0.0028534370940178633,0.0034735156653044824,798.7004330342069,0.20997865581792485,0.2896130098978742
1187.069047384072,-0.0028534370940178633,0.0034735156653044824,799.0137717682336,0.16858433381113413,0.29292847321106513
1187.534564657556,-0.000839246204122901,0.003462887000283894,799.3271105022603,0.15986971920060755,0.2989985300358238
1188.00008193104,0.0005035477224737406,0.0034404216580490514,799.640449236287,0.20562141344146845,0.3046715055497193
1188.465599204524,-0.000839246204122901,0.0034390820864913106,799.9537879703139,0.19037087033745048,0.3095243267262371
1188.9311164780079,-0.0028534370940178633,0.0034252732295593988,800.2671267043406,0.2317651923442412,0.314036219817127
1189.396633751492,-0.00553902518004179,0.0034117171947067927,800.5804654383674,0.20997865581792485,0.318168915649459
1189.862151024976,-0.006210422143340111,0.003420042040231593,800.8938041723941,0.15986971920060755,0.3218989035795738
1190.32766829846,-0.004867628216743469,0.003413568914892917,801.2071429064209,0.1881921842204154,0.32740398445167496
1190.7931855719437,-0.0028534370940178633,0.003408937728466179,801.5204816404477,0.1794775696098888,0.3312671785316848
1191.2587028454277,-0.0021820401307195425,0.0034086287589805498,801.8338203744744,0.21651464924022323,0.3379646228242003
1191.7242201189117,-0.0015106431674212217,0.0034077016824417996,802.1471591085012,0.22305057773371462,0.34350401397695074
1192.1897373923955,-0.0005035477224737406,0.003405962733788426,802.460497842528,0.31019659398136645,0.3470001272882836
1192.6552546658795,-0.0030212863348424435,0.003395859271392278,802.7738365765547,0.31019659398136645,0.3504354238254399
1193.1207719393635,-0.004867628216743469,0.0033623141903733876,803.0871753105814,0.2840527501497867,0.35412819858024597
1193.5862892128475,-0.006546120624989271,0.0033245129403924856,803.4005140446083,0.26662358585754053,0.3589126508459827
1194.0518064863313,-0.0068818191066384315,0.0033444118693010745,803.713852778635,0.3189112085918928,0.3607713525970676
1194.5173237598153,-0.00587472366169095,0.0034476845237007255,804.0271915126617,0.3298044443906476,0.3637440091265441
1194.9828410332993,-0.002517738612368703,0.0035292013176703558,804.3405302466884,0.3189112085918928,0.3671711251189952
1195.4483583067833,-0.0011749446857720613,0.0035559583464021805,804.6538689807153,0.36902001535159634,0.3701312705214022
1195.9138755802671,-0.0031891355756670237,0.00355151284119659,804.967207714742,0.334161686767104,0.3738913656583475
1196.3793928537511,-0.003524834057316184,0.0035344571878947128,805.2805464487687,0.35594815836461335,0.3788577893138893
1196.8449101272352,-0.003524834057316184,0.003528492484453268,805.5938851827955,0.30583922174729605,0.3819130740181823
1197.3104274007192,-0.003524834057316184,0.0035293878325958748,805.9072239168223,0.4213077030147556,0.3852361123362084
1197.775944674203,-0.0018463416490703821,0.0035350531047047,806.220562650849,0.3777346299621229,0.3890409890424745
1198.241461947687,0.0005035477224737406,0.003520424104074636,806.5339013848758,0.40605709498193066,0.39233715507546635
1198.706979221171,-0.0005035477224737406,0.0035186286181528854,806.8472401189025,0.41259308840422904,0.3953649979447619
1199.1724964946548,-0.0028534370940178633,0.0035499185166436766,807.1605788529293,0.3385189291435602,0.39743196764743294
1199.6380137681388,-0.005035477224737406,0.003624202777223039,807.4739175869561,0.30583922174729605,0.4005888132293088
1200.1035310416228,-0.0068818191066384315,0.0037301771025100468,807.7872563209828,0.35594815836461335,0.4028578286290241
1200.5690483151068,-0.006210422143340111,0.003822216602365116,808.1005950550095,0.41259308840422904,0.4059133269032764
1201.0345655885906,-0.0028534370940178633,0.003980943952439815,808.4139337890364,0.5237041974376184,0.4091358972025375
1201.5000828620746,-0.0005035477224737406,0.004186745509587146,808.7272725230631,0.5106323404506354,0.41266379250969915
1201.9656001355586,-0.0031891355756670237,0.004309468159586167,809.0406112570898,0.40387847379370245,0.41501783053780933
1202.4311174090426,-0.005035477224737406,0.00440135835618046,809.3539499911166,0.3711987663974383,0.4209320821625199
1202.8966346825264,-0.0028534370940178633,0.004473129128848617,809.6672887251434,0.46705926739800274,0.4257801902019134
1203.3621519560104,-0.0015106431674212217,0.004498486144097106,809.9806274591701,0.3820920021961931,0.4298361826651763
1203.8276692294944,-0.003524834057316184,0.004471009553190097,810.2939661931969,0.5062749682165653,0.4344494349970301
1204.2931865029784,-0.004867628216743469,0.004471686749119213,810.6073049272236,0.4866671178072839,0.4383640929969944
1204.7587037764622,-0.0021820401307195425,0.004462403174783778,810.9206436612504,0.4779525031967575,0.44033632300373315
1205.2242210499462,0.0011749446857720613,0.004424002942970406,811.2339823952772,0.504096347028337,0.4430454470403672
1205.6897383234302,0.0011749446857720613,0.00443826398994538,811.5473211293039,0.45180878922279155,0.44745379118395995
1206.155255596914,-0.0031891355756670237,0.004512395105327678,811.8606598633306,0.5149895828270918,0.4500002702852891
1206.620772870398,-0.0068818191066384315,0.004584724922013131,812.1739985973575,0.39516385918317587,0.4539956653977578
1207.086290143882,-0.0057068741880357265,0.00460420984873356,812.4873373313842,0.5367760544246012,0.4570867480845178
1207.551807417366,-0.0036926832981407642,0.0046044385924003785,812.8006760654109,0.4213077030147556,0.460731329657039
1208.0173246908498,-0.002517738612368703,0.00460915389891791,813.1140147994377,0.4213077030147556,0.4636146058652673
1208.4828419643338,0.0005035477224737406,0.004686426029111321,813.4273535334645,0.4866671178072839,0.46626959777416443
1208.9483592378178,0.0031891355756670237,0.004900943265936776,813.7406922674912,0.4474514169887214,0.4707624843258675
1209.4138765113019,0.0023498893715441227,0.005156587413142755,814.054031001518,0.5585625260221108,0.47492398970215804
1209.8793937847856,-0.0005035477224737406,0.005391359157215653,814.3673697355448,0.5149895828270918,0.4789823167690304
1210.3449110582696,-0.0028534370940178633,0.005560990565876817,814.6807084695715,0.5585625260221108,0.4810212087178406
1210.8104283317537,-0.004867628216743469,0.0056028779509922876,814.9940472035983,0.35812677955284156,0.48337877185039013
1211.2759456052374,-0.0041962312534451485,0.005599846007797023,815.307385937625,0.5716345128667075,0.48498952617494023
1211.7414628787214,-0.0005035477224737406,0.005597024120984044,815.6207246716518,0.46923788858623094,0.4889261043139967
1212.2069801522055,0.0005035477224737406,0.005591376074863066,815.9340634056786,0.6304579342369374,0.49278709202548654
1212.6724974256895,-0.0010070954449474812,0.0056229320642708185,816.2474021397053,0.6152074560617264,0.4957059375720482
1213.1380146991733,-0.0028534370940178633,0.005714896574634192,816.560740873732,0.5803489976196201,0.4975766805544754
1213.6035319726573,-0.0015106431674212217,0.005842476941468323,816.8740796077589,0.5563839048338826,0.5003443543940456
1214.0690492461413,0.0005035477224737406,0.006004280053256133,817.1874183417856,0.5433120478468996,0.5026165515443654
1214.5345665196253,0.002517738612368703,0.006112820547183192,817.5007570758123,0.5106323404506354,0.504647444440706
1215.000083793109,0.0031891355756670237,0.00613088485308984,817.814095809839,0.6217434494840248,0.5086021441624239
1215.465601066593,0.0011749446857720613,0.006122289445960483,818.1274345438659,0.5345974332363732,0.5113176792567484
1215.931118340077,-0.0001678492408245802,0.00611609327428284,818.4407732778926,0.7001747212635361,0.513846118165571
1216.396635613561,-0.0001678492408245802,0.00612813563493919,818.7541120119193,0.6457085422697624,0.5173545320723321
1216.8621528870449,-0.0003356984816491604,0.006177775343856168,819.0674507459461,0.5302400610023028,0.5198505862322335
1217.327670160529,-0.001678492408245802,0.006251327414299844,819.3807894799729,0.5215255762493902,0.5245060145102808
1217.793187434013,-0.001678492408245802,0.006368273315203994,819.6941282139996,0.547669290223356,0.527062396146415
1218.2587047074967,-0.0001678492408245802,0.006485444885502932,820.0074669480264,0.6261006918604812,0.5312633556905972
1218.7242219809807,0.0038605325389653444,0.006574316148212196,820.3208056820531,0.39516385918317587,0.534623548609823
1219.1897392544647,0.009231708012521267,0.006658839378503796,820.63414441608,0.4910244900413543,0.5363742818152407
1219.6552565279487,0.008560311049222946,0.006717890248783719,820.9474831501067,0.5258828186258466,0.5391753267987544
1220.1207738014325,0.004531929735094309,0.00676039907649344,821.2608218841334,0.4975603536060387,0.5402725841128082
1220.5862910749165,0.0011749446857720613,0.006783261711051544,821.5741606181601,0.560741147210339,0.5427197842852413
1221.0518083484005,-0.000839246204122901,0.0067778252220190415,821.887499352187,0.639172548847464,0.5452938594344254
1221.5173256218845,-0.0005035477224737406,0.00677020680331885,822.2008380862137,0.5237041974376184,0.5472667580907064
1221.9828428953683,0.0011749446857720613,0.006761801052908747,822.5141768202404,0.5345974332363732,0.5500451717193864
1222.4483601688523,0.003524834057316184,0.006761801052908746,822.8275155542672,0.5738131340549357,0.5516151647556332
1222.9138774423363,0.0011749446857720613,0.00676802853714083,823.140854288294,0.5345974332363732,0.5533867607224345
1223.3793947158204,-0.0018463416490703821,0.006772228851703562,823.4541930223207,0.5237041974376184,0.5558254321301848
1223.8449119893041,-0.004867628216743469,0.006772073330955245,823.7675317563475,0.440915553424037,0.5567571824546035
1224.3104292627881,-0.007553216069936752,0.006770829036369793,824.0808704903742,0.5389546756128294,0.5600036295619182
1224.7759465362722,-0.009567406959831715,0.006755665266366432,824.394209224401,0.45616603159924796,0.5639611276363781
1225.241463809756,-0.009903104975819588,0.0067233164598277115,824.7075479584278,0.5302400610023028,0.5651636952356046
1225.70698108324,-0.012924391776323318,0.006698048265742233,825.0208866924545,0.532418812048145,0.5670394867356607
1226.172498356724,-0.01426718570291996,0.006692857290414448,825.3342254264813,0.5759917552431639,0.5673905438830464
1226.638015630208,-0.01124589890241623,0.006692857290414447,825.6475641605081,0.4757738820085293,0.5675018863084045
1227.1035329036918,-0.009903104975819588,0.006688134725730913,825.9609028945348,0.7415690432703268,0.5690988845304409
1227.5690501771758,-0.008392462506890297,0.006677516459080826,826.2742416285615,0.6740310072895703,0.5708141114763268
1228.0345674506598,-0.00553902518004179,0.0066727830371569275,826.5875803625884,0.6195646984381826,0.5715818677209475
1228.5000847241438,-0.000839246204122901,0.006671362355686535,826.9009190966151,0.6740310072895703,0.5737926714912507
1228.9656019976276,0.0020141908898949623,0.006663622220709902,827.2142578306418,0.6130288348734982,0.575076472855296
1229.4311192711116,0.0031891355756670237,0.006651440952028212,827.5275965646686,0.4496300381769496,0.5774851040896384
1229.8966365445956,0.004531929735094309,0.006652549261628512,827.8409352986954,0.5106323404506354,0.5787632171585722
1230.3621538180796,0.007217517588287592,0.006660302264832032,828.1542740327221,0.6696736350554999,0.5808152659152689
1230.8276710915634,0.008896009996533394,0.006675939024675602,828.4676127667489,0.5389546756128294,0.5822594658596275
1231.2931883650474,0.008392462506890297,0.0066732565304356345,828.7809515007756,0.6413511700356922,0.5831892853726264
1231.7587056385314,0.004531929735094309,0.00664003045842183,829.0942902348024,0.5585625260221108,0.584989444334315
1232.2242229120152,0.0005035477224737406,0.006617568236122152,829.4076289688292,0.6130288348734982,0.5853781426187604
1232.6897401854992,-0.0021820401307195425,0.006610342695484071,829.7209677028559,0.5738131340549357,0.5892028076367374
1233.1552574589832,-0.008896009996533394,0.00661161719338216,830.0343064368826,0.5585625260221108,0.5908800110815461
1233.6207747324672,-0.015106432139873505,0.006615916811154753,830.3476451709095,0.6936388576988515,0.5927376570931775
1234.086292005951,-0.016617074608802795,0.006609446416998815,830.6609839049362,0.6653163926790437,0.593773866268025
1234.551809279435,-0.016281375661492348,0.006605561138269293,830.9743226389629,0.6653163926790437,0.5939691070956616
1235.017326552919,-0.01426718570291996,0.006605561138269292,831.2876613729896,0.5062749682165653,0.595228172566548
1235.482843826403,-0.008224613033235073,0.006605561138269293,831.6010001070165,0.51716820401532,0.5979398149516636
1235.9483610998868,-0.003356984816491604,0.006605561138269293,831.9143388410432,0.45834465278747616,0.6005514822418263
1236.4138783733708,-0.0021820401307195425,0.00662037272524668,832.22767757507,0.6740310072895703,0.602111669586166
1236.8793956468548,0.0011749446857720613,0.006636897070431666,832.5410163090967,0.6587803992567454,0.6055013833928695
1237.3449129203386,0.006210422143340111,0.006639118360419298,832.8543550431235,0.5781703764313919,0.605211687834255
1237.8104301938226,0.010574501939117908,0.0066384242871414196,833.1676937771502,0.4910244900413543,0.6048898236266786
1238.2759474673067,0.01258869282901287,0.006632769843980855,833.481032511177,0.5759917552431639,0.6047358704860205
1238.7414647407907,0.014602883718907833,0.006636897070431667,833.7943712452037,0.5454906690351278,0.6043413624984704
1239.2069820142744,0.013092241249978542,0.006653380375855475,834.1077099792305,0.5128109616388636,0.6058007877292025
1239.6724992877585,0.007888914085924625,0.006665558100252336,834.4210487132573,0.6740310072895703,0.6074059862170857
1240.1380165612425,0.003524834057316184,0.0066655581002523345,834.734387447284,0.5759917552431639,0.60730268009505
1240.6035338347265,-0.0001678492408245802,0.006665301332672203,835.0477261813107,0.5563839048338826,0.607284792984985
1241.0690511082103,-0.004531929735094309,0.006666249348425775,835.3610649153376,0.6587803992567454,0.6073792727841647
1241.5345683816943,-0.008224613033235073,0.006666407337944325,835.6744036493643,0.5716345128667075,0.606627893943115
1242.0000856551783,-0.009903104975819588,0.006678659870588083,835.987742383391,0.7851421163229595,0.606253935542492
1242.4656029286623,-0.012924391776323318,0.006695610587789457,836.3010811174178,0.6195646984381826,0.606812072269999
1242.931120202146,-0.01359578873962164,0.006710164552230364,836.6144198514446,0.745926415504397,0.6073959896620886
1243.39663747563,-0.012924391776323318,0.006718791663581091,836.9277585854713,0.6740310072895703,0.6076969075305635
1243.862154749114,-0.012924391776323318,0.00671173394273921,837.2410973194981,0.5498479114115842,0.6088015578199342
1244.3276720225979,-0.010910200886428356,0.006652311794721872,837.5544360535249,0.6566017780685172,0.6103465377747117
1244.793189296082,-0.008224613033235073,0.006602251884624359,837.8677747875516,0.4779525031967575,0.6112297947121683
1245.258706569566,-0.00587472366169095,0.006594909749784529,838.1811135215784,0.6478871634579906,0.6126973046810961
1245.72422384305,-0.0015106431674212217,0.006613090541621744,838.4944522556051,0.6413511700356922,0.6128486798984515
1246.1897411165337,0.0011749446857720613,0.006660223216282523,838.8077909896319,0.5977782268406733,0.6123207882568198
1246.6552583900177,-0.0005035477224737406,0.006723962629041615,839.1211297236587,0.6478871634579906,0.6129743186548353
1247.1207756635017,-0.003524834057316184,0.006777786392268027,839.4344684576854,0.6021355990747435,0.6131925827512305
1247.5862929369857,-0.003524834057316184,0.0068120413362870585,839.7478071917121,0.5934209844642169,0.613881831475337
1248.0518102104695,-0.002517738612368703,0.006823164179933539,840.061145925739,0.6740310072895703,0.6139174375173501
1248.5173274839535,-0.0001678492408245802,0.00682131163239136,840.3744846597657,0.5302400610023028,0.6151102337036986
1248.9828447574375,0.002517738612368703,0.0068055446162599755,840.6878233937924,0.7088893358740627,0.6158753789316165
1249.4483620309215,0.0018463416490703821,0.006768612082875384,841.0011621278192,0.7546410301149236,0.615436296023911
1249.9138793044053,-0.000839246204122901,0.00670561124897864,841.314500861846,0.5215255762493902,0.6161333337513891
1250.3793965778893,-0.0015106431674212217,0.006637412810789385,841.6278395958727,0.6304579342369374,0.615797187543398
1250.8449138513733,-0.000839246204122901,0.0065203876983380635,841.9411783298995,0.5629198982561809,0.6165380935764136
1251.3104311248571,-0.0005035477224737406,0.0063728610846881155,842.2545170639262,0.5237041974376184,0.6163149672109063
1251.7759483983411,0.0018463416490703821,0.0062794631002639,842.567855797953,0.5977782268406733,0.6174672588063514
1252.2414656718252,0.0031891355756670237,0.006206074779274374,842.8811945319798,0.5890636122301467,0.6148298511301852
1252.7069829453092,0.0011749446857720613,0.006155401485050785,843.1945332660065,0.5585625260221108,0.6133909219622862
1253.172500218793,0.0005035477224737406,0.006133117707711682,843.5078720000332,0.6457085422697624,0.6146301908982746
1253.638017492277,0.0011749446857720613,0.006134319665351872,843.8212107340601,0.6435299210815342,0.6132771933343073
1254.103534765761,0.002517738612368703,0.0061348561775527105,844.1345494680868,0.730675807471572,0.6133591785309895
1254.569052039245,0.002517738612368703,0.006127125869342615,844.4478882021135,0.6217434494840248,0.6137883927378257
1255.0345693127288,0.003524834057316184,0.006112497500868257,844.7612269361402,0.7132467081081328,0.6138567230706812
1255.5000865862128,0.004867628216743469,0.006084000851817549,845.0745656701671,0.6195646984381826,0.6122762070916918
1255.9656038596968,0.002517738612368703,0.006046667350530379,845.3879044041938,0.6173860772499546,0.6118667865115042
1256.4311211331808,-0.0001678492408245802,0.006021992267756024,845.7012431382205,0.6173860772499546,0.6105490253943637
1256.8966384066646,-0.000839246204122901,0.006027062058428674,846.0145818722473,0.5803489976196201,0.6097992859333309
1257.3621556801486,-0.0018463416490703821,0.006030555982359163,846.3279206062741,0.8112858302969252,0.6110583168036507
1257.8276729536326,-0.0028534370940178633,0.006028634574781283,846.6412593403008,0.623922070672253,0.6108707164144969
1258.2931902271164,-0.002517738612368703,0.005970704832257742,846.9545980743276,0.6871028642765531,0.6100450690339194
1258.7587075006004,-0.0010070954449474812,0.005791191009115861,847.2679368083543,0.5759917552431639,0.6075506450926957
1259.2242247740844,0.0001678492408245802,0.005569246683652102,847.5812755423811,0.5803489976196201,0.6055078768711748
1259.6897420475684,-0.0005035477224737406,0.005355220128423528,847.8946142764079,0.6522445356920608,0.6032928799375067
1260.1552593210522,-0.0028534370940178633,0.00519590794898173,848.2079530104346,0.8112858302969252,0.602094133717757
1260.6207765945362,-0.004867628216743469,0.005150712004601591,848.5212917444615,0.6805668708542547,0.6015871548850019
1261.0862938680202,-0.006210422143340111,0.005144804299148128,848.8346304784882,0.7263185650951156,0.6011547906101233
1261.5518111415042,-0.004867628216743469,0.005140503521670303,849.1479692125149,0.8112858302969252,0.5989706714522447
1262.017328414988,-0.0018463416490703821,0.005140503521670303,849.4613079465416,0.5999568480289015,0.5967991760096055
1262.482845688472,0.0001678492408245802,0.005105554331062325,849.7746466805685,0.5803489976196201,0.5957638357214075
1262.948362961956,-0.0003356984816491604,0.005004294650414417,850.0879854145952,0.5629198982561809,0.5948903272565349
1263.41388023544,-0.0028534370940178633,0.0048709806522321646,850.4013241486219,0.5084535894047935,0.593277324365853
1263.8793975089238,-0.004867628216743469,0.004688981730785212,850.7146628826487,0.6958174788870797,0.5915963352561382
1264.3449147824078,-0.004867628216743469,0.0045243703594927765,851.0280016166755,0.6849242430883249,0.5907519788038913
1264.8104320558919,-0.0031891355756670237,0.00446201966168883,851.3413403507022,0.6108500838276563,0.588106089707934
1265.2759493293756,-0.0010070954449474812,0.004449255306308091,851.654679084729,0.532418812048145,0.5858610066296609
1265.7414666028596,0.0011749446857720613,0.004450675375802635,851.9680178187557,0.7088893358740627,0.5839465456746761
1266.2069838763437,-0.0005035477224737406,0.004442148147086246,852.2813565527825,0.5650985194444091,0.5811025068266992
1266.6725011498277,-0.0041962312534451485,0.004395671535036777,852.5946952868093,0.4823098754308277,0.5787418068597463
1267.1380184233115,-0.00520332669839263,0.004302405522535536,852.908034020836,0.5868849910419185,0.5739925871412771
1267.6035356967955,-0.004867628216743469,0.004117017852286154,853.2213727548627,0.6130288348734982,0.571046006213185
1268.0690529702795,-0.003524834057316184,0.0039024211443658245,853.5347114888896,0.6566017780685172,0.5668382034249689
1268.5345702437635,-0.0021820401307195425,0.0036998780660720144,853.8480502229163,0.547669290223356,0.5631844236882666
1269.0000875172473,-0.0005035477224737406,0.003507986546142469,854.161388956943,0.6653163926790437,0.5607788024682808
1269.4656047907313,-0.0015106431674212217,0.0033786023614834257,854.4747276909698,0.6261006918604812,0.5572364352657796
1269.9311220642153,-0.0031891355756670237,0.0033195988954523663,854.7880664249966,0.6631377714908155,0.5553794181513919
1270.396639337699,-0.00520332669839263,0.0032822683710888294,855.1014051590233,0.5781703764313919,0.551968643025891
1270.862156611183,-0.008224613033235073,0.0032790580140859686,855.4147438930501,0.5825277486654623,0.5485102152497636
1271.327673884667,-0.009567406959831715,0.003277130290311356,855.7280826270768,0.5999568480289015,0.5454700844692346
1271.793191158151,-0.008896009996533394,0.00328002145111492,856.0414213611036,0.560741147210339,0.5418675006024102
1272.258708431635,-0.007888914085924625,0.0032655400501731516,856.3547600951304,0.6478871634579906,0.5387380699284948
1272.724225705119,-0.0041962312534451485,0.0032480771448193595,856.6680988291571,0.5389546756128294,0.5356787338622586
1273.189742978603,-0.000839246204122901,0.0032404075308425447,856.9814375631838,0.6566017780685172,0.5318066736204186
1273.655260252087,-0.000839246204122901,0.003248320328062803,857.2947762972107,0.5433120478468996,0.5293304564846449
1274.1207775255707,-0.0018463416490703821,0.0032538276066643155,857.6081150312374,0.4823098754308277,0.5248760106712256
1274.5862947990547,-0.000839246204122901,0.003266749285501664,857.9214537652641,0.547669290223356,0.5202131004734901
1275.0518120725387,-0.000839246204122901,0.0032659028677835935,858.2347924992908,0.4866671178072839,0.5177922691343007
1275.5173293460227,-0.0015106431674212217,0.003280382667050638,858.5481312333177,0.6173860772499546,0.5142209742719637
1275.9828466195065,-0.0001678492408245802,0.0032842331650503585,858.8614699673444,0.5498479114115842,0.5113946679639231
1276.4483638929905,-0.0001678492408245802,0.003290640649270913,859.1748087013711,0.6152074560617264,0.5089109830081171
1276.9138811664745,0.0001678492408245802,0.0033034183330406257,859.488147435398,0.4496300381769496,0.5057026562976475
1277.3793984399583,0.0018463416490703821,0.0033066050388846874,859.8014861694247,0.5149895828270918,0.5025553271455168
1277.8449157134423,0.0011749446857720613,0.003322175712347293,860.1148249034514,0.7393904220820986,0.4997423885209211
1278.3104329869263,-0.0015106431674212217,0.0033392511352543144,860.4281636374782,0.5258828186258466,0.49592563541386736
1278.7759502604104,-0.0021820401307195425,0.003348699858844225,860.741502371505,0.6217434494840248,0.49212348160346275
1279.2414675338941,-0.0001678492408245802,0.0033512150191699567,861.0548411055318,0.5084535894047935,0.4871309005771186
1279.7069848073781,-0.0011749446857720613,0.003366892205508767,861.3681798395585,0.5193468252035482,0.4834879508314283
1280.1725020808622,-0.0038605325389653444,0.0033609434900499532,861.6815185735852,0.4910244900413543,0.4786047226257765
1280.6380193543462,-0.00553902518004179,0.0033326210887448717,861.994857307612,0.4866671178072839,0.4749269180209883
1281.10353662783,-0.006210422143340111,0.0033240773127070256,862.3081960416388,0.4888457389955121,0.47135212768659557
1281.569053901314,-0.00520332669839263,0.0033449235718579565,862.6215347756655,0.46270202502154634,0.46766114363045325
1282.034571174798,-0.0021820401307195425,0.0033486998584079507,862.9348735096922,0.7350331797056422,0.4644892327613047
1282.500088448282,-0.0015106431674212217,0.003355298133091857,863.2482122437191,0.5520266624574262,0.4579390878021446
1282.9656057217658,-0.0021820401307195425,0.0033725181515079205,863.5615509777458,0.45180878922279155,0.4540746141206283
1283.4311229952498,-0.0015106431674212217,0.0033843644370344437,863.8748897117725,0.39516385918317587,0.4493065441756516
1283.8966402687338,-0.002517738612368703,0.003391708539279322,864.1882284457993,0.4213077030147556,0.44597019557050555
1284.3621575422176,-0.0038605325389653444,0.003392019049980578,864.5015671798261,0.39516385918317587,0.44257659830903456
1284.8276748157016,-0.004867628216743469,0.003392019049980578,864.8149059138528,0.3189112085918928,0.4381864326361496
1285.2931920891856,-0.0041962312534451485,0.0033854923445789786,865.1282446478796,0.4496300381769496,0.4312221039106592
1285.7587093626696,-0.0021820401307195425,0.0033733378149238386,865.4415833819063,0.3929852379949479,0.4262865368528646
1286.2242266361534,-0.0001678492408245802,0.0033242753292818273,865.7549221159331,0.41695033078068544,0.42059910827695907
1286.6897439096374,0.0011749446857720613,0.003292760371270868,866.0682608499599,0.39516385918317587,0.4133436144049655
1287.1552611831214,0.0005035477224737406,0.0032946789498640204,866.3815995839866,0.4496300381769496,0.4093153809987635
1287.6207784566054,-0.0015106431674212217,0.0032994705155282317,866.6949383180133,0.36030553059868353,0.4055709349093961
1288.0862957300892,-0.0041962312534451485,0.00330126555966061,867.0082770520402,0.35594815836461335,0.4019943923256686
1288.5518130035732,-0.00520332669839263,0.0033041356018630825,867.3216157860669,0.2905886786432781,0.39904843317293376
1289.0173302770572,-0.0030212863348424435,0.003319400584503734,867.6349545200936,0.39516385918317587,0.39347680173049276
1289.4828475505412,-0.0015106431674212217,0.003307003150708509,867.9482932541204,0.34723354375408677,0.387989813091701
1289.948364824025,-0.0005035477224737406,0.0032926404204387167,868.2616319881472,0.22305057773371462,0.3836235489406247
1290.413882097509,-0.0011749446857720613,0.003297953937062731,868.5749707221739,0.26444489974050533,0.3801962795114342
1290.879399370993,-0.003524834057316184,0.0032960372647957642,868.8883094562007,0.2818741289615585,0.37406196958021576
1291.3449166444768,-0.004867628216743469,0.0032976345690474396,869.2016481902274,0.1838348769151521,0.37025712486626733
1291.8104339179608,-0.003356984816491604,0.003279379177846808,869.5149869242542,0.17512032723343252,0.36731217979378356
1292.2759511914448,-0.0001678492408245802,0.003247428550156926,869.828325658281,0.15115516951888797,0.3630483298717541
1292.7414684649289,0.000839246204122901,0.003213194371034712,870.1416643923077,0.20997865581792485,0.3582444706974755
1293.2069857384126,-0.0015106431674212217,0.0031954454126869656,870.4550031263344,0.11193946870032534,0.3527186972129748
1293.6725030118967,-0.004364080261439085,0.0031885163580000495,870.7683418603613,0.11411808988855354,0.34875784504661067
1294.1380202853807,-0.004867628216743469,0.003190167497998851,871.081680594388,0.08579568979755259,0.34289318212778874
1294.6035375588647,-0.005035477224737406,0.0031883099053773155,871.3950193284147,0.08579568979755259,0.33759687585546044
1295.0690548323485,-0.0028534370940178633,0.0031737418880950006,871.7083580624416,0.12501139061611521,0.3315644945092186
1295.5345721058325,-0.0001678492408245802,0.0031370258762733155,872.0216967964683,0.06400915327123624,0.32696682506077235
1296.0000893793165,-0.0001678492408245802,0.0030381029458302956,872.335035530495,-0.03838734115162645,0.32215387205971907
1296.4656066528005,-0.0015106431674212217,0.002899389460485671,872.6483742645217,0.024793517381480612,0.3169736296594875
1296.9311239262843,-0.0015106431674212217,0.002776930067767829,872.9617129985486,0.026972138569708815,0.3123990475120569
1297.3966411997683,-0.0005035477224737406,0.0026812214516726517,873.2750517325753,-0.020958111930573398,0.30616393862482116
1297.8621584732523,-0.0010070954449474812,0.0026587370148301835,873.588390466602,0.10976084751209725,0.3017624608259079
1298.327675746736,-0.0023498893715441227,0.0026615084922096727,873.9017292006288,0.0008283596669360627,0.2951061695988396
1298.79319302022,-0.0031891355756670237,0.0026745353455250725,874.2150679346556,-0.00788625494359052,0.2907230591844875
1299.258710293704,-0.003524834057316184,0.0027126098066292906,874.5284066686824,-0.2192152372116144,0.28702747342643437
1299.724227567188,-0.0003356984816491604,0.002784268761011167,874.8417454027091,-0.05581650544387262,0.28222546032643375
1300.189744840672,0.003524834057316184,0.0028341323926545994,875.1550841367358,-0.05581650544387262,0.278401400555005
1300.655262114156,0.0018463416490703821,0.0028453978503759827,875.4684228707627,-0.08196028434664537,0.27210559865252876
1301.12077938764,-0.0021820401307195425,0.002846508069013133,875.7817616047894,-0.05581650544387262,0.2671583716271072
1301.586296661124,-0.003524834057316184,0.002848727208249694,876.0951003388161,-0.09503220626243525,0.2606088538964214
1302.0518139346077,-0.003524834057316184,0.002849836129859874,876.4084390728428,-0.08631759165190867,0.25708699736919044
1302.5173312080917,-0.003524834057316184,0.0028465080690131326,876.7217778068697,-0.10156813475592663,0.25235143842929975
1302.9828484815757,-0.003524834057316184,0.0028442871983840965,877.0351165408964,-0.10156813475592663,0.2421601794255404
1303.4483657550595,-0.0028534370940178633,0.002869356416671291,877.3484552749231,-0.11028274936645321,0.23691049031620626
1303.9138830285435,-0.0028534370940178633,0.0029142899331970756,877.6617940089499,-0.10374682087296183,0.22924384955148677
1304.3794003020275,-0.0041962312534451485,0.002938045189484199,877.9751327429767,-0.09067489895717196,0.224037726987386
1304.8449175755115,-0.0028534370940178633,0.0029446247644056415,878.2884714770034,-0.07760304197018908,0.21842862290976964
1305.3104348489953,-0.0018463416490703821,0.0029209230189160334,878.6018102110302,-0.09285358507420705,0.21333286608361554
1305.7759521224793,0.0005035477224737406,0.0028769627103966034,878.9151489450569,-0.13860521438626106,0.20825609380699991
1306.2414693959633,0.0038605325389653444,0.0028140403352008036,879.2284876790837,-0.10156813475592663,0.2028949267863924
1306.7069866694474,0.0018463416490703821,0.002771045128512546,879.5418264131105,-0.14296252169152435,0.1980967469696863
1307.1725039429311,-0.0028534370940178633,0.002767765024647027,879.8551651471372,-0.10810412817822501,0.18554506626211634
1307.6380212164152,-0.004531929735094309,0.002774606060660688,880.1685038811639,-0.11028274936645321,0.17780700344615952
1308.1035384898992,-0.0038605325389653444,0.002774606060660688,880.4818426151908,-0.10592544206118992,0.17263827627997677
1308.5690557633832,-0.002517738612368703,0.002776503357085918,880.7951813492175,-0.11028274936645321,0.1684319890538239
1309.034573036867,-0.0005035477224737406,0.0027954055002297556,881.1085200832442,-0.1189973639769798,0.1636682476213501
1309.500090310351,0.0005035477224737406,0.002827994073053746,881.421858817271,-0.10810412817822501,0.15935516922683776
1309.965607583835,-0.0018463416490703821,0.002839515715837121,881.7351975512978,-0.10156813475592663,0.15636696153271648
1310.4311248573188,-0.0038605325389653444,0.002880758329317145,882.0485362853245,-0.10156813475592663,0.1503008000662442
1310.8966421308028,-0.0018463416490703821,0.00292862015613695,882.3618750193513,-0.11028274936645321,0.14568401035996356
1311.3621594042868,0.0011749446857720613,0.0029565379750717516,882.6752137533781,-0.10374682087296183,0.14024521421753197
1311.8276766777708,0.0021820401307195425,0.0029630764866505066,882.9885524874048,-0.07324573466492579,0.13541370255217097
1312.2931939512546,0.0018463416490703821,0.0029726580035440682,883.3018912214316,-0.10156813475592663,0.12869003161396003
1312.7587112247386,0.0011749446857720613,0.0029988932282332217,883.6152299554583,-0.08849627776894375,0.12427495533272057
1313.2242284982226,0.0031891355756670237,0.0030448986924798563,883.9285686894851,-0.07760304197018908,0.11975282178298273
1313.6897457717066,0.00587472366169095,0.0030758715603465317,884.2419074235119,-0.10810412817822501,0.11689837048766218
1314.1552630451904,0.0038605325389653444,0.003108442100698316,884.5552461575386,-0.10156813475592663,0.1109536077632165
1314.6207803186744,-0.0001678492408245802,0.0031404652864838694,884.8685848915653,-0.1124614354834883,0.10628986904523478
1315.0862975921584,-0.0021820401307195425,0.0031661832819199058,885.1819236255922,-0.05799519156090782,0.10446600341472619
1315.5518148656424,-0.0001678492408245802,0.0031711690076172473,885.4952623596189,-0.08631759165190867,0.10168658515689064
1316.0173321391262,0.0011749446857720613,0.0031529747353536432,885.8086010936456,-0.12771197858750638,0.09850112509396179
1316.4828494126102,0.0021820401307195425,0.0031187168546512566,886.1219398276723,-0.014422183437081904,0.09746945310258305
1316.9483666860942,0.0021820401307195425,0.0031204471189304806,886.4352785616992,-0.10592544206118992,0.09657821606829463
1317.413883959578,-0.0001678492408245802,0.0031606899003209245,886.7486172957259,-0.0710670485478907,0.09605980633976269
1317.879401233062,-0.0005035477224737406,0.00319449769264015,887.0619560297527,-0.10374682087296183,0.09402217164129185
1318.344918506546,-0.0001678492408245802,0.003198122281652597,887.3752947637794,-0.05145919813860933,0.09441437278172181
1318.81043578003,0.0011749446857720613,0.003170546224232745,887.6886334978062,-0.09285358507420705,0.09432510672242185
1319.2759530535138,0.0010070954449474812,0.0031374874912478267,888.001972231833,-0.07978166315841717,0.09447139416404685
1319.7414703269978,-0.0005035477224737406,0.003099535256940151,888.3153109658597,-0.08849627776894375,0.09466209658150107
1320.2069876004819,-0.0015106431674212217,0.0030944341177106998,888.6286496998864,-0.10156813475592663,0.09449086776074109
1320.6725048739659,-0.0015106431674212217,0.0031097124319366177,888.9419884339133,-0.0710670485478907,0.09488887700364389
1321.1380221474496,-0.0018463416490703821,0.0031168166820603077,889.25532716794,-0.07542435585315399,0.09534526563406769
1321.6035394209337,-0.0021820401307195425,0.003113773988180837,889.5686659019667,-0.07978166315841717,0.0959095451935788
1322.0690566944177,-0.002517738612368703,0.0031124207250029863,889.8820046359934,-0.08413897046368046,0.09646506124985463
1322.5345739679017,-0.0021820401307195425,0.003134338856941711,890.1953433700203,-0.0645311200543992,0.09705464750762313
1323.0000912413855,-0.0015106431674212217,0.0031729536565377496,890.508682104047,-0.07760304197018908,0.09718148876830003
1323.4656085148695,-0.0028534370940178633,0.003224319529487116,890.8220208380737,-0.14296252169152435,0.09818917148234155
1323.9311257883535,-0.005035477224737406,0.0032393103847045725,891.1353595721005,-0.0645311200543992,0.09893335564418589
1324.3966430618373,-0.006546120624989271,0.0032305198386887194,891.4486983061273,-0.08631759165190867,0.09850367987545099
1324.8621603353213,-0.00553902518004179,0.003232353173884707,891.762037040154,-0.08631759165190867,0.0989319185366404
1325.3276776088053,-0.0030212863348424435,0.003214709996272689,892.0753757741808,-0.10156813475592663,0.09996172228452457
1325.7931948822893,-0.000839246204122901,0.0032654191015639767,892.3887145082075,-0.12989059977573447,0.10094545366757622
1326.258712155773,-0.0011749446857720613,0.003374352376232036,892.7020532422343,-0.09285358507420705,0.10395319383783858
1326.724229429257,-0.000839246204122901,0.003482184289269498,893.0153919762611,-0.08413897046368046,0.10479638578701786
1327.189746702741,0.0011749446857720613,0.003632004391653971,893.3287307102878,-0.08413897046368046,0.10659157873477855
1327.6552639762251,-0.0001678492408245802,0.0037853563580284508,893.6420694443145,-0.08631759165190867,0.10823339494258766
1328.120781249709,-0.0041962312534451485,0.003828239528673825,893.9554081783414,-0.08631759165190867,0.11036612871541826
1328.586298523193,-0.0057068741880357265,0.003839777017955499,894.2687469123681,-0.0645311200543992,0.1123816833828901
1329.051815796677,-0.0038605325389653444,0.003833291454463438,894.5820856463948,-0.07760304197018908,0.11478000156739214
1329.5173330701607,-0.0023498893715441227,0.0038120767326699405,894.8954243804217,-0.0645311200543992,0.12336034082441194
1329.9828503436447,-0.0001678492408245802,0.003807930240379999,895.2087631144484,-0.07542435585315399,0.12612214339168515
1330.4483676171287,0.0018463416490703821,0.003850835528080083,895.5221018484751,-0.08849627776894375,0.1285979054835709
1330.9138848906127,0.0005035477224737406,0.003925327977759406,895.8354405825019,-0.05581650544387262,0.13073532046194875
1331.3794021640965,-0.0011749446857720613,0.004023116786012278,896.1487793165287,-0.09067489895717196,0.1331508939681549
1331.8449194375805,-0.001678492408245802,0.004147126312653416,896.4621180505554,-0.1582130647955423,0.13552167743148977
1332.3104367110645,-0.002517738612368703,0.004172445167799696,896.7754567845822,-0.062352498866171,0.13860204478340782
1332.7759539845486,-0.0021820401307195425,0.004149411336272051,897.0887955186089,-0.10156813475592663,0.14124183638664986
1333.2414712580323,-0.0018463416490703821,0.004132880005138844,897.4021342526357,-0.05145919813860933,0.14472896286403977
1333.7069885315163,-0.0041962312534451485,0.004127269787236753,897.7154729866625,-0.09067489895717196,0.148640761574978
1334.1725058050004,-0.00587472366169095,0.004127269787236753,898.0288117206892,-0.08413897046368046,0.1529474825587728
1334.6380230784844,-0.00553902518004179,0.004128545506191213,898.3421504547159,-0.027494105352871778,0.15686150538373742
1335.1035403519681,-0.006546120624989271,0.004124812917458522,898.6554891887428,-0.05581650544387262,0.16105997703716418
1335.5690576254522,-0.00587472366169095,0.004110489275429867,898.9688279227695,-0.09067489895717196,0.16515175002152238
1336.0345748989362,-0.0041962312534451485,0.004141376453408327,899.2821666567962,-0.08631759165190867,0.16952771518784093
1336.50009217242,-0.0023498893715441227,0.004249076731527704,899.595505390823,-0.11681867785994471,0.1735001411170384
1336.965609445904,-0.002517738612368703,0.004389047528456764,899.9088441248498,-0.11028274936645321,0.1776170282733313
1337.431126719388,-0.004364080261439085,0.00452608681575596,900.2221828588765,-0.10156813475592663,0.18094961615062455
1337.896643992872,-0.0068818191066384315,0.004618228005387465,900.5355215929033,-0.09285358507420705,0.18483836320776198
1338.3621612663558,-0.0068818191066384315,0.00463189109668838,900.84886032693,-0.11028274936645321,0.18869177867440248
1338.8276785398398,-0.00553902518004179,0.004599260488867749,901.1621990609568,-0.10592544206118992,0.1939472432223032
1339.2931958133238,-0.004867628216743469,0.0045848110739457075,901.4755377949836,-0.11028274936645321,0.1970037766286226
1339.7587130868078,-0.0041962312534451485,0.004587107670840515,901.7888765290103,-0.09285358507420705,0.20063351794776102
1340.2242303602916,-0.0021820401307195425,0.004582513326076258,902.102215263037,-0.09285358507420705,0.2040531286706493
1340.6897476337756,0.0003356984816491604,0.004592844138892114,902.4155539970639,-0.10592544206118992,0.20800377910563939
1341.1552649072596,-0.000839246204122901,0.004597886310512124,902.7288927310906,-0.11028274936645321,0.2117263905733112
1341.6207821807436,-0.003524834057316184,0.004593302746845388,903.0422314651173,-0.11028274936645321,0.21667091639127717
1342.0862994542274,-0.00520332669839263,0.004588485077228553,903.355570199144,-0.11028274936645321,0.21925544780061973
1342.5518167277114,-0.004867628216743469,0.004591926785578377,903.6689089331709,-0.05145919813860933,0.22314436430026396
1343.0173340011954,-0.0021820401307195425,0.004619140137303745,903.9822476671976,-0.14296252169152435,0.22708661390229892
1343.4828512746792,0.0005035477224737406,0.004643019462631576,904.2955864012243,-0.10592544206118992,0.23096934251773682
1343.9483685481632,0.0011749446857720613,0.004649819601952501,904.6089251352511,-0.10156813475592663,0.2347841070687209
1344.4138858216472,-0.0001678492408245802,0.004650187658925109,904.9222638692779,-0.10592544206118992,0.23913229675525838
1344.8794030951312,-0.0021820401307195425,0.004651319959245304,905.2356026033046,-0.11028274936645321,0.2430615149625811
1345.344920368615,-0.0031891355756670237,0.004652451983989526,905.5489413373314,-0.11028274936645321,0.2471895092864196
1345.810437642099,-0.0021820401307195425,0.004665111894042501,905.8622800713582,-0.10374682087296183,0.25082418053043376
1346.275954915583,-0.0005035477224737406,0.004688757096259403,906.1756188053849,-0.11028274936645321,0.25439520451517406
1346.741472189067,0.0011749446857720613,0.004694144990089654,906.4889575394117,-0.11028274936645321,0.2584136190290783
1347.2069894625508,0.0038605325389653444,0.004691227315729061,906.8022962734384,-0.1124614354834883,0.2618911064582449
1347.6725067360348,0.00520332669839263,0.004687858511909189,907.1156350074652,-0.121175985165208,0.2658349088009472
1348.1380240095189,0.006378271151334047,0.004685611297106359,907.428973741492,-0.14514114287975255,0.26947597883667934
1348.6035412830029,0.004531929735094309,0.004678863176803169,907.7423124755187,-0.12553329247047118,0.27292612243338166
1349.0690585564867,0.002517738612368703,0.004668412513825286,908.0556512095454,-0.19742870068529794,0.2767126946885621
1349.5345758299707,0.0011749446857720613,0.004631720558171771,908.3689899435723,-0.11028274936645321,0.28039338063992636
1350.0000931034547,-0.0005035477224737406,0.00460092040828983,908.682328677599,-0.1582130647955423,0.2838910118954147
1350.4656103769385,-0.006210422143340111,0.004593961917080689,908.9956674116257,-0.166927614477262,0.2874332271682562
1350.9311276504225,-0.009063859470188618,0.004605867989440527,909.3090061456525,-0.2627882128710367,0.29082700586365423
1351.3966449239065,-0.009567406959831715,0.004614777385375903,909.6223448796793,-0.166927614477262,0.294312648969188
1351.8621621973905,-0.01124589890241623,0.004618883618015561,909.935683613706,-0.2192152372116144,0.2977816960542479
1352.3276794708743,-0.011581597849726677,0.004622302692050313,910.2490223477328,-0.2192152372116144,0.3012107927459249
1352.7931967443583,-0.0068818191066384315,0.004640041266631724,910.5623610817595,-0.24535901611438704,0.3045955911885623
1353.2587140178423,-0.0041962312534451485,0.004640041266631724,910.8756998157863,-0.24535901611438704,0.30794318741675547
1353.7242312913263,-0.001678492408245802,0.0046197101280896205,911.1890385498131,-0.2627882128710367,0.31130411781997863
1354.18974856481,0.0005035477224737406,0.004618427552210024,911.5023772838398,-0.4762958163272888,0.31460155227286496
1354.655265838294,-0.0021820401307195425,0.004645712373395181,911.8157160178665,-0.2823960308159146,0.3178920945663486
1355.120783111778,-0.006210422143340111,0.004702719187017085,912.1290547518934,-0.2758601023224231,0.321126739129577
1355.5863003852621,-0.007888914085924625,0.0047417498122875965,912.4423934859201,-0.2802174096276864,0.324298251008385
1356.051817658746,-0.009903104975819588,0.004749517447352932,912.7557322199468,-0.2802174096276864,0.32750634255583855
1356.51733493223,-0.010574501939117908,0.0047484085631562456,913.0690709539736,-0.29764657391993254,0.3306111452186795
1356.982852205714,-0.00553902518004179,0.00474788175243758,913.3824096880004,-0.31943307798184545,0.3334515807928696
1357.4483694791977,-0.0001678492408245802,0.004760370843037604,913.6957484220271,-0.30200388122519584,0.3350458175478343
1357.9138867526817,-0.0005035477224737406,0.004793442770274895,914.0090871560539,-0.34339823569639,0.33805244164427
1358.3794040261657,-0.0011749446857720613,0.004823668684618316,914.3224258900806,-0.3673633609465311,0.34113761247259333
1358.8449212996497,0.0005035477224737406,0.004829560323899349,914.6357646241074,-0.39132851866107565,0.34411944956948565
1359.3104385731335,0.0011749446857720613,0.004813176852564507,914.9491033581342,-0.3760779755570577,0.3466600931305696
1359.7759558466175,0.0003356984816491604,0.0048004686279142054,915.2624420921609,-0.39132851866107565,0.3496946109192231
1360.2414731201015,-0.0015106431674212217,0.004781783489385501,915.5757808261876,-0.39132851866107565,0.3526717591658731
1360.7069903935856,-0.00553902518004179,0.0047711995529903335,915.8891195602145,-0.41093633660595347,0.35555687961514143
1361.1725076670693,-0.009903104975819588,0.0047661197525810505,916.2024582942412,-0.39568579350193545,0.3584288313550368
1361.6380249405534,-0.011581597849726677,0.004763467272461606,916.5157970282679,-0.40004310080719874,0.3611978048938359
1362.1035422140374,-0.011581597849726677,0.004763467272461606,916.8291357622948,-0.3717206682517944,0.3639647696013932
1362.5690594875211,-0.009567406959831715,0.004795776717208287,917.1424744963215,-0.40004310080719874,0.36637584350184665
1363.0345767610052,-0.004867628216743469,0.0047759707403871345,917.4558132303482,-0.40004310080719874,0.36904467606072666
1363.5000940344892,-0.0015106431674212217,0.004730770212224118,917.7691519643749,-0.4762958163272888,0.3711843645369538
1363.9656113079732,-0.000839246204122901,0.0047050981366504215,918.0824906984018,-0.3717206682517944,0.3735618907835594
1364.431128581457,-0.0015106431674212217,0.004693892569476208,918.3958294324285,-0.4087577154177253,0.37549479647706857
1364.896645854941,0.0005035477224737406,0.00467860992975295,918.7091681664552,-0.389149865008444,0.3782009124592346
1365.362163128425,0.0031891355756670237,0.004674556162309663,919.022506900482,-0.4261868797099715,0.3806146749669852
1365.827680401909,0.002517738612368703,0.004674696977034344,919.3358456345088,-0.42836553336260313,0.3832529642269912
1366.2931976753928,0.0005035477224737406,0.00467627381225374,919.6491843685355,-0.4762958163272888,0.38568865173374384
1366.7587149488768,-0.0001678492408245802,0.004671992592777047,919.9625231025623,-0.3630060536412678,0.38803699866700897
1367.2242322223608,0.0018463416490703821,0.004649621402140469,920.275861836589,-0.434901494320498,0.3903475684527235
1367.6897494958448,0.00520332669839263,0.004633965492028277,920.5892005706158,-0.4479733837718844,0.3928763966577273
1368.1552667693286,0.004867628216743469,0.004639417017424685,920.9025393046426,-0.4392588016257613,0.39501438772318975
1368.6207840428126,0.0028534370940178633,0.0046473556956564245,921.2158780386693,-0.44579473011925275,0.39709129431181345
1369.0863013162966,0.0011749446857720613,0.004650753838047469,921.529216772696,-0.4762958163272888,0.39932518007774226
1369.5518185897804,0.0011749446857720613,0.004650980292596835,921.8425555067229,-0.4588666195706391,0.40151345553793255
1370.0173358632644,0.0018463416490703821,0.004656411897844199,922.1558942407496,-0.4762958163272888,0.4033748217334933
1370.4828531367484,0.0038605325389653444,0.004649621399862457,922.4692329747763,-0.44579473011925275,0.40529072684186357
1370.9483704102324,0.00520332669839263,0.004645854058123027,922.7825717088031,-0.44579473011925275,0.40702821179598003
1371.4138876837162,0.0031891355756670237,0.004648432042850777,923.0959104428299,-0.4762958163272888,0.40868269389028045
1371.8794049572002,0.0018463416490703821,0.004648063846859699,923.4092491768566,-0.4479733837718844,0.4104910092576745
1372.3449222306842,0.0011749446857720613,0.0046330846963731145,923.7225879108834,-0.4762958163272888,0.41224530221645767
1372.8104395041682,0.0001678492408245802,0.004610524720684823,924.0359266449101,-0.4632239268759024,0.413588337651373
1373.275956777652,0.0011749446857720613,0.004574749903366317,924.3492653789369,-0.4697598878337973,0.4152954286226124
1373.741474051136,0.0038605325389653444,0.004556612709598284,924.6626041129637,-0.4762958163272888,0.4167440969083875
1374.20699132462,0.002517738612368703,0.004568155032841816,924.9759428469904,-0.4762958163272888,0.4178549125555238
1374.672508598104,-0.0005035477224737406,0.004581967438200562,925.2892815810171,-0.4675812341811657,0.4193719705709696
1375.1380258715878,-0.0015106431674212217,0.00459000547985628,925.602620315044,-0.4762958163272888,0.4207969914075417
1375.6035431450719,-0.003524834057316184,0.004554069472064226,925.9159590490707,-0.4762958163272888,0.42193184063486205
1376.0690604185559,-0.0031891355756670237,0.004469242475637905,926.2292977830974,-0.4762958163272888,0.42262584711261547
1376.5345776920396,-0.0021820401307195425,0.004373241475156416,926.5426365171242,-0.4762958163272888,0.42391604554306883
1377.0000949655237,-0.0021820401307195425,0.004239709391342176,926.855975251151,-0.4762958163272888,0.4246365783664687
1377.4656122390077,-0.0041962312534451485,0.004094636807629313,927.1693139851777,-0.4762958163272888,0.42547130602426064
1377.9311295124917,-0.0041962312534451485,0.004057428505208437,927.4826527192045,-0.4762958163272888,0.4260721688143619
1378.3966467859755,-0.003524834057316184,0.004054312397495491,927.7959914532312,-0.4762958163272888,0.4265769701080603
1378.8621640594595,-0.0036926832981407642,0.004054312397495491,928.109330187258,-0.4762958163272888,0.4268051717415232
1379.3276813329435,-0.0057068741880357265,0.004057947621228965,928.4226689212848,-0.4762958163272888,0.4254060081733119
1379.7931986064275,-0.007553216069936752,0.004087686047385927,928.7360076553115,-0.4762958163272888,0.42557567825327486
1380.2587158799113,-0.006546120624989271,0.004108759383162846,929.0493463893383,-0.4762958163272888,0.42561573999078733
1380.7242331533953,-0.0028534370940178633,0.004077108542495615,929.362685123365,-0.4762958163272888,0.4257987782983773
1381.1897504268793,0.0005035477224737406,0.003987255402701499,929.6760238573918,-0.4762958163272888,0.42582578500374246
1381.6552677003633,-0.0015106431674212217,0.003861657821105469,929.9893625914185,-0.4762958163272888,0.4257287007077827
1382.120784973847,-0.004364080261439085,0.0038246613447116954,930.3027013254454,-0.34339823569639,0.4252692462402325
1382.586302247331,-0.006210422143340111,0.0038246613447116954,930.6160400594721,-0.4762958163272888,0.4249641592496291
1383.0518195208151,-0.00587472366169095,0.0038367586426839725,930.9293787934988,-0.4762958163272888,0.42431726097221767
1383.517336794299,-0.004867628216743469,0.0038679256438166054,931.2427175275255,-0.4762958163272888,0.4235290651487997
1383.982854067783,-0.0041962312534451485,0.003875270587505806,931.5560562615524,-0.44143742281398946,0.42250242517728437
1384.448371341267,-0.0041962312534451485,0.0038739114634092045,931.8693949955791,-0.4762958163272888,0.42143708125724755
1384.913888614751,-0.004867628216743469,0.0038740813799970743,932.1827337296058,-0.4762958163272888,0.42018871398519003
1385.3794058882347,-0.004867628216743469,0.0038721778883160757,932.4960724636326,-0.4762958163272888,0.41870346724208374
1385.8449231617187,-0.003524834057316184,0.003844882257439262,932.8094111976594,-0.4762958163272888,0.4173317866928973
1386.3104404352027,-0.001678492408245802,0.0037273172469720513,933.1227499316861,-0.4762958163272888,0.41602276426532997
1386.7759577086867,0.002517738612368703,0.0035552178418072735,933.4360886657129,-0.4762958163272888,0.414720879572555
1387.2414749821705,0.007217517588287592,0.0033819517935061083,933.7494273997396,-0.44579473011925275,0.41357297095161677
1387.7069922556545,0.00520332669839263,0.003302222532595067,934.0627661337664,-0.4675812341811657,0.41205263996260394
1388.1725095291386,0.0011749446857720613,0.0033292220357025296,934.3761048677932,-0.4261868797099715,0.4106116233009437
1388.6380268026226,-0.0021820401307195425,0.003368846732708781,934.6894436018199,-0.4479733837718844,0.4083407384568923
1389.1035440761063,-0.003524834057316184,0.003379147846549681,935.0027823358466,-0.4087577154177253,0.4070599375910584
1389.5690613495904,-0.0015106431674212217,0.003376965387558074,935.3161210698735,-0.4762958163272888,0.4054502883846888
1390.0345786230744,0.000839246204122901,0.0033937651523569274,935.6294598039002,-0.4523306910771477,0.4040069708489845
1390.5000958965582,0.0005035477224737406,0.003432644877896558,935.9427985379269,-0.4762958163272888,0.4020713081297273
1390.9656131700422,-0.0015106431674212217,0.003456189407392232,936.2561372719537,-0.46104527322327077,0.40005352557399787
1391.4311304435262,-0.0028534370940178633,0.0034695716882993718,936.5694760059805,-0.45450934472977933,0.39749620793228063
1391.8966477170102,-0.0021820401307195425,0.003475940523150076,936.8828147400072,-0.4523306910771477,0.39608758435200964
1392.362164990494,-0.0028534370940178633,0.003471392547712484,937.196153474034,-0.4632239268759024,0.39400576519759933
1392.827682263978,-0.0031891355756670237,0.0034366312453374794,937.5094922080607,-0.4479733837718844,0.3919253152476633
1393.293199537462,-0.0028534370940178633,0.0034043002502870804,937.8228309420875,-0.43272284066786637,0.3898135846952993
1393.758716810946,-0.0021820401307195425,0.003397797135480046,938.1361696761143,-0.4479733837718844,0.3875706126846966
1394.2242340844298,0.0005035477224737406,0.0034129517949143444,938.449508410141,-0.44579473011925275,0.3849456256196099
1394.6897513579138,0.0031891355756670237,0.0034350985740519272,938.7628471441677,-0.41529364391121676,0.3825296900260752
1395.1552686313978,0.0018463416490703821,0.003447340861285462,939.0761858781946,-0.4218296048691117,0.37990393511779846
1395.6207859048816,-0.0010070954449474812,0.0034381632325359837,939.3895246122213,-0.4022217544598304,0.3775792562195307
1396.0863031783656,-0.001678492408245802,0.0034198495723890268,939.702863346248,-0.39568579350193545,0.37531481544243583
1396.5518204518496,-0.0010070954449474812,0.0034090535926249318,940.0162020802749,-0.4131149902585851,0.3725354154752995
1397.0173377253336,-0.0001678492408245802,0.0034062719529261197,940.3295408143016,-0.4087577154177253,0.37016318908280194
1397.4828549988174,0.0021820401307195425,0.003404725615557995,940.6428795483283,-0.36518470729389946,0.36746177956130627
1397.9483722723014,0.0023498893715441227,0.0034158436201951773,940.956218282355,-0.41529364391121676,0.36487866294911636
1398.4138895457854,-0.001678492408245802,0.0034419519691992946,941.2695570163819,-0.3804352503979175,0.36209169619072373
1398.8794068192694,-0.0041962312534451485,0.0034327599330493236,941.5828957504086,-0.3717206682517944,0.3593230532793092
1399.3449240927532,-0.0038605325389653444,0.0034244660047451636,941.8962344844354,-0.38479255770318077,0.356636746850347
1399.8104413662372,-0.0028534370940178633,0.003426003432238452,942.2095732184621,-0.39132851866107565,0.3539210981697676
1400.2759586397212,-0.0018463416490703821,0.0034414546961651603,942.5229119524889,-0.36082743245303966,0.35123712470839485
1400.7414759132052,0.0005035477224737406,0.0034383929713819117,942.8362506865157,-0.3630060536412678,0.3483443186389935
1401.206993186689,-0.000839246204122901,0.00342458133574885,943.1495894205424,-0.3804352503979175,0.34545226164724263
1401.672510460173,-0.0018463416490703821,0.0034291913952595927,943.4629281545691,-0.3368622747384951,0.34255603623875436
1402.138027733657,-0.0021820401307195425,0.0034313406367480516,943.776266888596,-0.3521128178425131,0.33961469154431045
1402.6035450071408,-0.0038605325389653444,0.003407624422717332,944.0896056226227,-0.33904092839112676,0.336647648828664
1403.0690622806248,-0.0038605325389653444,0.003388096770659439,944.4029443566494,-0.3259690389397404,0.33360463344837554
1403.5345795541089,-0.001678492408245802,0.0033718935165256442,944.7162830906761,-0.2998252275725642,0.3305836538719894
1404.0000968275929,-0.0018463416490703821,0.003359572234505409,945.029621824703,-0.31507577067658216,0.32753481182385125
1404.4656141010767,-0.00553902518004179,0.003326808969226994,945.3429605587297,-0.3085398421830907,0.3244437534734396
1404.9311313745607,-0.007553216069936752,0.003257386182585502,945.6562992927564,-0.2823960308159146,0.3213229611767302
1405.3966486480447,-0.00587472366169095,0.003198657392102783,945.9696380267832,-0.3085398421830907,0.3181853958441726
1405.8621659215287,-0.004531929735094309,0.0031877730866068654,946.28297676081,-0.28457468446854617,0.3149763449963032
1406.3276831950125,-0.002517738612368703,0.0031884337991742594,946.5963154948367,-0.2823960308159146,0.3119677395449302
1406.7932004684965,-0.0005035477224737406,0.0031943740626157835,946.9096542288635,-0.24535901611438704,0.3087351150515661
1407.2587177419805,0.0001678492408245802,0.0031883099259972713,947.2229929628902,-0.25189494460787853,0.3069459237270295
1407.7242350154645,0.0031891355756670237,0.003166432765376756,947.536331696917,-0.24318036246175545,0.30365252226585876
1408.1897522889483,0.00520332669839263,0.0031554373063603838,947.8496704309438,-0.25189494460787853,0.30032300688458147
1408.6552695624323,0.002517738612368703,0.0031554373063603833,948.1630091649705,-0.24535901611438704,0.29707455098938357
1409.1207868359163,-0.0005035477224737406,0.003164436432855978,948.4763478989972,-0.21267924378931602,0.29413037824457366
1409.5863041094,-0.0005035477224737406,0.0031758567516810385,948.7896866330241,-0.20178600799056123,0.2906994670711081
1410.051821382884,-0.000839246204122901,0.003171210530000319,949.1030253670508,-0.14078383557448926,0.2871975395264911
1410.517338656368,-0.0028534370940178633,0.0031381587951097964,949.4163641010775,-0.2148579299063511,0.2835930914350525
1410.9828559298521,-0.001678492408245802,0.0031238204926598502,949.7297028351043,-0.19960738680233303,0.279974022912926
1411.448373203336,-0.0001678492408245802,0.003138158795109796,950.0430415691311,-0.21050062260108782,0.276367426183293
1411.91389047682,-0.0023498893715441227,0.0031508863171714136,950.3563803031578,-0.19089277219180656,0.27259125070884743
1412.379407750304,-0.00587472366169095,0.0030850174473101297,950.6697190371846,-0.16039168598377052,0.2692560349515349
1412.844925023788,-0.006546120624989271,0.0030437743389184987,950.9830577712113,-0.18217815758127998,0.2656571517970688
1413.3104422972717,-0.00553902518004179,0.0030589183389289213,951.2963965052381,-0.166927614477262,0.2625687697388648
1413.7759595707557,-0.0028534370940178633,0.003074373156388929,951.6097352392649,-0.16257030717199872,0.2591139437362351
1414.2414768442397,-0.000839246204122901,0.0030575407968156682,951.9230739732916,-0.1647489932890338,0.25624029962167294
1414.7069941177238,-0.003524834057316184,0.0030540942231836086,952.2364127073184,-0.16257030717199872,0.25229465293449055
1415.1725113912075,-0.006210422143340111,0.0030534044416129593,952.5497514413452,-0.121175985165208,0.24869586541301775
1415.6380286646915,-0.004867628216743469,0.0030534044416129593,952.8630901753719,-0.10156813475592663,0.244628563791435
1416.1035459381756,-0.0031891355756670237,0.0030509889780177277,953.1764289093986,-0.09285358507420705,0.24068601738158796
1416.5690632116593,-0.0021820401307195425,0.0030437310859794077,953.4897676434255,-0.11028274936645321,0.23683630807470013
1417.0345804851434,-0.0001678492408245802,0.0030368026810347728,953.8031063774522,-0.1146400566717165,0.23297139473659575
1417.5000977586274,0.0011749446857720613,0.003030510132113563,954.1164451114789,-0.16039168598377052,0.22872392820942417
1417.9656150321114,-0.0001678492408245802,0.003030510132113563,954.4297838455057,-0.12771197858750638,0.22481988694611535
1418.4311323055952,-0.0018463416490703821,0.003045071644405333,954.7431225795325,-0.11028274936645321,0.2212152786146398
1418.8966495790792,-0.003524834057316184,0.00306472303454046,955.0564613135592,-0.09938951356769854,0.21709517960364139
1419.3621668525632,-0.0041962312534451485,0.0030739877388721608,955.369800047586,-0.11028274936645321,0.21299136162924673
1419.8276841260472,-0.003524834057316184,0.0030619725534948754,955.6831387816127,-0.1124614354834883,0.20974719843803066
1420.293201399531,-0.0028534370940178633,0.0030691873091397014,955.9964775156395,-0.10156813475592663,0.2065707041266017
1420.758718673015,-0.0036926832981407642,0.0030987706258690188,956.3098162496663,-0.12771197858750638,0.2030858791555716
1421.224235946499,-0.0015106431674212217,0.0031351368180772133,956.623154983693,-0.06670974124262741,0.19969236597907727
1421.6897532199828,0.0011749446857720613,0.003159773419032687,956.9364937177197,-0.11028274936645321,0.19824686933790392
1422.1552704934668,0.0005035477224737406,0.0031717501761672276,957.2498324517466,-0.11681867785994471,0.19450609086726336
1422.6207877669508,-0.0028534370940178633,0.0031728706792987205,957.5631711857733,-0.11028274936645321,0.19145730180447945
1423.0863050404348,-0.004531929735094309,0.0031797096188610876,957.8765099198,-0.062352498866171,0.1875038841830626
1423.5518223139186,-0.0028534370940178633,0.003187525283512984,958.1898486538267,-0.1146400566717165,0.18406051462965084
1424.0173395874026,-0.0005035477224737406,0.003161647775120557,958.5031873878536,-0.14514114287975255,0.1806262011541921
1424.4828568608866,0.0011749446857720613,0.003144612731859106,958.8165261218803,-0.11028274936645321,0.17683651555395957
1424.9483741343706,0.0036926832981407642,0.0031895071659843403,959.129864855907,-0.15603437867850722,0.17294389217830408
1425.4138914078544,0.0031891355756670237,0.0032532611167772306,959.4432035899338,-0.10156813475592663,0.1696271740629148
1425.8794086813384,0.0001678492408245802,0.0032780943020348763,959.7565423239606,-0.11028274936645321,0.16605205558602973
1426.3449259548224,-0.0028534370940178633,0.0032886796915163746,960.0698810579873,-0.11681867785994471,0.16213211121724316
1426.8104432283064,-0.002517738612368703,0.0032870780357846523,960.3832197920141,-0.11028274936645321,0.15934022807189596
1427.2759605017902,-0.0005035477224737406,0.003280342542038806,960.6965585260408,-0.11028274936645321,0.155920370820761
1427.7414777752742,0.0018463416490703821,0.0032623132394822064,961.0098972600676,-0.09285358507420705,0.1527005307901149
1428.2069950487582,0.000839246204122901,0.0032555265092259066,961.3232359940944,-0.11028274936645321,0.14957141532239887
1428.672512322242,-0.0021820401307195425,0.003266064115281152,961.6365747281211,-0.11028274936645321,0.14701035335456886
1429.138029595726,-0.0030212863348424435,0.0032679983667671065,961.9499134621478,-0.10592544206118992,0.14415503245963537
1429.60354686921,-0.0028534370940178633,0.0032248502972449826,962.2632521961747,-0.10592544206118992,0.14137678509119853
1430.069064142694,-0.0015106431674212217,0.0031431470955214182,962.5765909302014,-0.11028274936645321,0.13876549752809333
1430.5345814161778,-0.000839246204122901,0.003092944707621284,962.8899296642281,-0.09721082745066334,0.13559142308402294
1431.0000986896619,-0.000839246204122901,0.003061800568895774,963.203268398255,-0.1582130647955423,0.13303314937462743
1431.4656159631459,-0.002517738612368703,0.0030524988752490957,963.5166071322817,-0.11028274936645321,0.13057153955820297
1431.9311332366299,-0.0038605325389653444,0.0030521538236769983,963.8299458663084,0.007364288160427557,0.1286836927431875
1432.3966505101137,-0.004867628216743469,0.0030521538236769983,964.1432846003352,-0.10810412817822501,0.1266338230776892
1432.8621677835977,-0.00520332669839263,0.0030369327425723205,964.456623334362,-0.10810412817822501,0.12465844679344315
1433.3276850570817,-0.004867628216743469,0.0029971367301182467,964.7699620683887,-0.13860521438626106,0.12260151206177328
1433.7932023305657,-0.004867628216743469,0.0029874133838864027,965.0833008024155,-0.09285358507420705,0.1204156891521919
1434.2587196040495,-0.005035477224737406,0.0029905846428953387,965.3966395364422,-0.11028274936645321,0.11901899915059345
1434.7242368775335,-0.004531929735094309,0.003009542022784933,965.709978270469,-0.10156813475592663,0.11769089263244337
1435.1897541510175,-0.0011749446857720613,0.003040182258942355,966.0233170044958,-0.08196028434664537,0.11724542293138895
1435.6552714245013,-0.001678492408245802,0.0030639926843126883,966.3366557385225,-0.09285358507420705,0.11559520652554867
1436.1207886979853,-0.003524834057316184,0.0030751866808986263,966.6499944725492,-0.11028274936645321,0.11437747417726882
1436.5863059714693,-0.0038605325389653444,0.0030766846945899195,966.9633332065761,-0.0710670485478907,0.11280235904766922
1437.0518232449533,-0.0028534370940178633,0.0030693588878121627,967.2766719406028,-0.07324573466492579,0.11157944833018738
1437.517340518437,0.0001678492408245802,0.0030237256018346,967.5900106746295,-0.1124614354834883,0.11073714277461416
1437.982857791921,0.003356984816491604,0.002993972412525088,967.9033494086563,-0.08413897046368046,0.10961440870002474
1438.4483750654051,0.0038605325389653444,0.003006259388386779,968.2166881426831,-0.08849627776894375,0.10845259039930956
1438.9138923388891,0.0011749446857720613,0.003046973363372595,968.5300268767098,-0.09285358507420705,0.10759992401842455
1439.379409612373,-0.0001678492408245802,0.0031177035858627935,968.8433656107366,-0.11028274936645321,0.10681049074520728
1439.844926885857,0.0005035477224737406,0.0031566470182125615,969.1567043447633,-0.10810412817822501,0.10597694519649745
1440.310444159341,-0.0005035477224737406,0.0031112784621591155,969.4700430787901,-0.11028274936645321,0.10576484839690083
1440.775961432825,-0.000839246204122901,0.003078951728572362,969.7833818128169,-0.08849627776894375,0.10557496711320476
1441.2414787063087,0.0018463416490703821,0.0030902193490914753,970.0967205468436,-0.09938951356769854,0.1053774861595806
1441.7069959797927,0.0005035477224737406,0.0031291682522445324,970.4100592808703,-0.10156813475592663,0.10527615450359118
1442.1725132532767,-0.0020141908898949623,0.0031373616206328623,970.7233980148972,-0.0688884273596625,0.10497490233377581
1442.6380305267605,-0.0031891355756670237,0.0031403814607015327,971.0367367489239,-0.10592544206118992,0.10410951924309719
1443.1035478002445,-0.0041962312534451485,0.0031423930751551614,971.3500754829506,-0.12335467128224309,0.10364671421503721
1443.5690650737286,-0.0041962312534451485,0.0031373616206328623,971.6634142169773,-0.08631759165190867,0.10335444752030834
1444.0345823472126,-0.002517738612368703,0.003122218608318595,971.9767529510042,-0.09938951356769854,0.10322782470662847
1444.5000996206963,-0.0015106431674212217,0.0031080185616261156,972.2900916850309,-0.16039168598377052,0.10294950278515698
1444.9656168941804,-0.0028534370940178633,0.003101573374789953,972.6034304190576,-0.19089277219180656,0.10250505624153088
1445.4311341676644,-0.004531929735094309,0.003101573374789953,972.9167691530844,-0.09503220626243525,0.1023247847837802
1445.8966514411484,-0.00520332669839263,0.0030861267944160536,973.2301078871112,-0.10156813475592663,0.10182371046352479
1446.3621687146322,-0.0041962312534451485,0.003092263596689061,973.543446621138,-0.3303263137806002,0.1018805384927874
1446.8276859881162,-0.0028534370940178633,0.003121079920805485,973.8567853551647,-0.09938951356769854,0.10155382357294972
1447.2932032616002,-0.0023498893715441227,0.0031258006577847145,974.1701240891915,-0.08631759165190867,0.10112977449118658
1447.7587205350842,-0.0031891355756670237,0.0031170278843675315,974.4834628232182,-0.11028274936645321,0.10098498932147149
1448.224237808568,-0.0028534370940178633,0.0031048400428702544,974.796801557245,-0.08849627776894375,0.10111584165517587
1448.689755082052,-0.0001678492408245802,0.0031063237563650893,975.1101402912717,-0.0645311200543992,0.10080215695388846
1449.155272355536,-0.0018463416490703821,0.0031130974413878403,975.4234790252985,-0.05581650544387262,0.09985620423324455
1449.6207896290198,-0.006210422143340111,0.0031114054026309666,975.7368177593253,-0.08631759165190867,0.09945569557877437
1450.0863069025038,-0.0068818191066384315,0.0030909009158115834,976.050156493352,-0.09285358507420705,0.09845309813371439
1450.5518241759878,-0.0041962312534451485,0.0030758715823139622,976.3634952273787,-0.05799519156090782,0.09798319030902787
1451.0173414494718,-0.0028534370940178633,0.0030773692626063186,976.6768339614056,-0.08413897046368046,0.09750781453583003
1451.4828587229556,-0.0015106431674212217,0.0030670847686537868,976.9901726954323,-0.13206922096396267,0.09709498811461782
1451.9483759964396,0.0001678492408245802,0.0030658397227462247,977.303511429459,-0.09285358507420705,0.09675211457990589
1452.4138932699236,-0.0015106431674212217,0.003070645385862853,977.6168501634858,-0.09285358507420705,0.09658096563459295
1452.8794105434076,-0.0031891355756670237,0.0030751010627070685,977.9301888975126,-0.0710670485478907,0.09636505503173212
1453.3449278168914,-0.0031891355756670237,0.0030928595807807684,978.2435276315393,-0.09285358507420705,0.09592535783062599
1453.8104450903754,-0.0021820401307195425,0.0030867239634006357,978.5568663655661,-0.10156813475592663,0.09549577007093928
1454.2759623638594,-0.000839246204122901,0.003073259595007183,978.8702050995928,-0.10156813475592663,0.0951498754319161
1454.7414796373432,0.0011749446857720613,0.003061929567763602,979.1835438336196,-0.03838734115162645,0.09484639313699035
1455.2069969108272,0.0010070954449474812,0.0030708597490324467,979.4968825676464,-0.04492326964511795,0.09445152432164372
1455.6725141843112,-0.0001678492408245802,0.0031161407997359566,979.8102213016731,-0.08631759165190867,0.09413761129729097
1456.1380314577953,0.0005035477224737406,0.0031853355327153003,980.1235600356998,-0.10156813475592663,0.09314050117458281
1456.603548731279,-0.0001678492408245802,0.003206098397801653,980.4368987697267,-0.08849627776894375,0.09281515724119113
1457.069066004763,0.0001678492408245802,0.0031846741804586174,980.7502375037534,-0.08631759165190867,0.0930079645188427
1457.534583278247,0.0005035477224737406,0.003150760983220914,981.0635762377801,-0.07760304197018908,0.09262926202273068
1458.000100551731,0.0011749446857720613,0.003122555919407911,981.3769149718069,-0.09503220626243525,0.0922214758362387
1458.4656178252148,0.0003356984816491604,0.003113435743132334,981.6902537058337,-0.05799519156090782,0.09135638612387992
1458.9311350986989,-0.0015106431674212217,0.0031239047920627906,982.0035924398604,-0.09721082745066334,0.09112809771949472
1459.3966523721829,-0.003524834057316184,0.003104500813617093,982.3169311738872,-0.08413897046368046,0.09079554310993658
1459.8621696456669,-0.004531929735094309,0.003073473777509281,982.6302699079139,-0.09285358507420705,0.09030217803205313
1460.3276869191507,-0.004867628216743469,0.003073473777509281,982.9436086419407,-0.0710670485478907,0.09006907138003555
1460.7932041926347,-0.0031891355756670237,0.0030702594961070084,983.2569473759675,-0.09938951356769854,0.0896974470594199
1461.2587214661187,-0.0010070954449474812,0.0030652384867700397,983.5702861099942,-0.07760304197018908,0.08922489816549142
1461.7242387396025,-0.000839246204122901,0.003069358897093759,983.8836248440209,-0.08413897046368046,0.0891234982347626
1462.1897560130865,-0.0021820401307195425,0.0030796357965666528,984.1969635780478,-0.07542435585315399,0.08900547730477024
1462.6552732865705,-0.004867628216743469,0.003106196616218053,984.5103023120745,-0.08196028434664537,0.08845366519558655
1463.1207905600545,-0.006210422143340111,0.003107933850834054,984.8236410461012,-0.027494105352871778,0.08843454555679364
1463.5863078335383,-0.00587472366169095,0.0030977508325935594,985.136979780128,-0.08196028434664537,0.08813745476519988
1464.0518251070223,-0.0068818191066384315,0.0030967306890980167,985.4503185141548,-0.09503220626243525,0.08832496637565432
1464.5173423805063,-0.006210422143340111,0.003097750832593559,985.7636572481815,-0.08631759165190867,0.08784503474258146
1464.9828596539903,-0.0028534370940178633,0.0030984307416587233,986.0769959822082,-0.09938951356769854,0.08740117000810271
1465.448376927474,-0.0015106431674212217,0.0031052216444359053,986.3903347162351,-0.07760304197018908,0.08675182735123163
1465.913894200958,-0.0041962312534451485,0.0031113207840511867,986.7036734502618,-0.0645311200543992,0.08640867408977515
1466.3794114744421,-0.00553902518004179,0.00311335117539511,987.0170121842885,-0.09938951356769854,0.08609911146920801
1466.8449287479261,-0.0023498893715441227,0.0031150421572409682,987.3303509183153,-0.07978166315841717,0.08570741878004615
1467.31044602141,0.0018463416490703821,0.0031110245745990792,987.6436896523421,-0.07978166315841717,0.08561849534265835
1467.775963294894,0.0011749446857720613,0.003102888947980333,987.9570283863688,-0.07760304197018908,0.0851750064636781
1468.241480568378,-0.0001678492408245802,0.0030766419135803903,988.2703671203956,-0.07542435585315399,0.08440868186642012
1468.7069978418617,-0.0015106431674212217,0.0030549993429545767,988.5837058544223,-0.08413897046368046,0.0840681008176613
1469.1725151153457,-0.0028534370940178633,0.003059262645326062,988.8970445884491,-0.07760304197018908,0.08355949958894628
1469.6380323888297,-0.0028534370940178633,0.003082584064074892,989.2103833224759,-0.05363788425564453,0.08215834408076912
1470.1035496623138,-0.0028534370940178633,0.003096900736350281,989.5237220565026,-0.07978166315841717,0.0802405691625063
1470.5690669357975,-0.0018463416490703821,0.003094646848755453,989.8370607905293,-0.07324573466492579,0.07979923431240545
1471.0345842092815,0.002517738612368703,0.0031029313694685987,990.1503995245562,-0.07542435585315399,0.07923064572274588
1471.5001014827656,0.004531929735094309,0.003147416486065157,990.4637382585829,-0.0710670485478907,0.0725102853384976
1471.9656187562496,0.0018463416490703821,0.003192271489903358,990.7770769926096,-0.06670974124262741,0.07194611860719151
1472.4311360297334,-0.0015106431674212217,0.0032236661895168376,991.0904157266364,-0.09503220626243525,0.071605485467737
1472.8966533032174,-0.003524834057316184,0.0032158155452657925,991.4037544606632,-0.08196028434664537,0.07090452161895587
1473.3621705767014,-0.0030212863348424435,0.0032059752059002294,991.7170931946899,-0.07978166315841717,0.07059302658131501
1473.8276878501854,-0.0021820401307195425,0.003215160459627386,992.0304319287167,-0.027494105352871778,0.07040390609174392
1474.2932051236692,-0.0005035477224737406,0.0032102430563725752,992.3437706627434,-0.06017381274913591,0.07344889313723686
1474.7587223971532,0.0001678492408245802,0.0031546444953646606,992.6571093967702,-0.05581650544387262,0.0730474488097835
1475.2242396706372,0.0005035477224737406,0.0030871504433718526,992.970448130797,-0.020958111930573398,0.07249439165403292
1475.689756944121,0.0010070954449474812,0.0030727883430676753,993.2837868648237,-0.047101955762153036,0.07232611913408808
1476.155274217605,-0.0011749446857720613,0.0030893245652275567,993.5971255988504,-0.0710670485478907,0.07516939405422995
1476.620791491089,-0.0023498893715441227,0.0031215438794825368,993.9104643328773,-0.0710670485478907,0.07428523817242297
1477.086308764573,-0.0018463416490703821,0.0031477510973145014,994.223803066904,-0.09285358507420705,0.07374731110422839
1477.5518260380568,-0.002517738612368703,0.0031494236092813868,994.5371418009307,-0.0645311200543992,0.07585005055972328
1478.0173433115408,-0.003524834057316184,0.0031343388729060295,994.8504805349575,-0.05581650544387262,0.07568518817405318
1478.4828605850248,-0.000839246204122901,0.0031225559194079117,995.1638192689843,-0.05799519156090782,0.07519797188709743
1478.9483778585088,0.0005035477224737406,0.003120531517188084,995.477158003011,-0.0645311200543992,0.0746015260208326
1479.4138951319926,-0.000839246204122901,0.0031195188234295936,995.7904967370378,-0.0710670485478907,0.07400027292747799
1479.8794124054766,-0.0028534370940178633,0.0031195188234295936,996.1038354710645,-0.0645311200543992,0.07397127799602889
1480.3449296789606,-0.00553902518004179,0.0031251267050172974,996.4171742050913,-0.05581650544387262,0.07392659994248055
1480.8104469524444,-0.0068818191066384315,0.003132195993650548,996.7305129391181,-0.0710670485478907,0.07357027230688357
1481.2759642259284,-0.004531929735094309,0.003136900002039072,997.0438516731448,-0.07542435585315399,0.07295315203681114
1481.7414814994124,0.0005035477224737406,0.0031379070863913954,997.3571904071716,-0.062352498866171,0.07251518031630147
1482.2069987728964,0.000839246204122901,0.0031499669844645456,997.6705291411984,-0.0645311200543992,0.07208247460052501
1482.6725160463802,-0.0028534370940178633,0.003167970751727934,997.9838678752251,-0.06017381274913591,0.0718354726225516
1483.1380333198642,-0.0041962312534451485,0.003177928772664635,998.2972066092518,-0.047101955762153036,0.07133955430664901
1483.6035505933482,-0.00553902518004179,0.0031811170328572285,998.6105453432787,-0.0645311200543992,0.0711189453092548
1484.0690678668323,-0.003524834057316184,0.0031781358996488093,998.9238840773054,-0.07542435585315399,0.07108491838475166
1484.534585140316,0.0001678492408245802,0.003163978767892289,999.2372228113321,-0.027494105352871778,0.07062212516325027
1485.0001024138,0.0011749446857720613,0.003140591062712472,999.5505615453588,-0.047101955762153036,0.07005014981977457
1485.465619687284,-0.000839246204122901,0.003117365750317986,999.8639002793857,-0.03838734115162645,0.06971606103293973
1485.931136960768,-0.0030212863348424435,0.003114323592878202,1000.1772390134124,-0.05581650544387262,0.06907332434303476
1486.3966542342519,-0.0041962312534451485,0.003113182017425435,1000.4905777474391,-0.05581650544387262,0.06867405380121269
1486.8621715077359,-0.0038605325389653444,0.003112505330694128,1000.8039164814659,-0.05581650544387262,0.06819149324316394
1487.3276887812199,-0.0041962312534451485,0.003107425483167104,1001.1172552154927,0.04657998897899007,0.06780482524179625
1487.7932060547037,-0.003524834057316184,0.003071974191154936,1001.4305939495194,-0.08196028434664537,0.06735940661362307
1488.2587233281877,-0.0028534370940178633,0.0030201096672908927,1001.7439326835462,-0.047101955762153036,0.06730707222331234
1488.7242406016717,-0.000839246204122901,0.002985738303306568,1002.0572714175729,-0.11028274936645321,0.06686826506559415
1489.1897578751557,0.000839246204122901,0.002930552521999498,1002.3706101515997,-0.05581650544387262,0.0662405690363237
1489.6552751486395,-0.000839246204122901,0.0028816265121806737,1002.6839488856265,-0.05799519156090782,0.06586696861070361
1490.1207924221235,-0.0021820401307195425,0.0028729787995990757,1002.9972876196532,-0.00788625494359052,0.06520645869700184
1490.5863096956075,-0.0021820401307195425,0.002869310541373493,1003.3106263536799,-0.03838734115162645,0.06478075684763655
1491.0518269690915,-0.0021820401307195425,0.0028405355487526084,1003.6239650877068,-0.0645311200543992,0.06449367304708306
1491.5173442425753,-0.0011749446857720613,0.0027900314475206396,1003.9373038217335,-0.05581650544387262,0.06378808122439185
1491.9828615160593,0.0011749446857720613,0.0027815249464834104,1004.2506425557602,-0.05581650544387262,0.06514115699940522
1492.4483787895433,0.0021820401307195425,0.0027928611902913545,1004.563981289787,-0.05581650544387262,0.06476400744461752
1492.9138960630273,0.0005035477224737406,0.002819882247059296,1004.8773200238138,-0.036208655034591364,0.06456752186186937
1493.379413336511,-0.0018463416490703821,0.002844426059506137,1005.1906587578405,-0.036208655034591364,0.06492596640372571
1493.8449306099951,-0.0030212863348424435,0.002845305318506861,1005.5039974918673,-0.027494105352871778,0.06489377538315177
1494.3104478834791,-0.0041962312534451485,0.002832320189375307,1005.817336225894,-0.02967272654109998,0.06463078408285829
1494.775965156963,-0.0041962312534451485,0.0028192752534583277,1006.1306749599208,-0.05581650544387262,0.06485197108233332
1495.241482430447,-0.004364080261439085,0.0028192752534583277,1006.4440136939476,-0.03838734115162645,0.06473000153438661
1495.706999703931,-0.0057068741880357265,0.002842713041041819,1006.7573524279743,-0.02531541923583669,0.06445789110774688
1496.172516977415,-0.0068818191066384315,0.0028526988579243204,1007.070691162001,-0.0013502615212921398,0.06414867834015758
1496.6380342508987,-0.006210422143340111,0.0028267368737678734,1007.3840298960279,-0.03403003384636316,0.06402126617951785
1497.1035515243827,-0.00520332669839263,0.002822262268710782,1007.6973686300546,-0.047101955762153036,0.0637779376911901
1497.5690687978667,-0.0021820401307195425,0.0028189016537103055,1008.0107073640813,-0.03838734115162645,0.0632446330025221
1498.0345860713508,0.0011749446857720613,0.0028061696764310443,1008.324046098108,-0.05581650544387262,0.06370881450020954
1498.5001033448345,0.002517738612368703,0.0028303207710977545,1008.6373848321349,-0.036208655034591364,0.06325932483849366
1498.9656206183186,-0.0001678492408245802,0.002861407864916198,1008.9507235661616,-0.2235725445168777,0.0633789883363464
1499.4311378918026,-0.000839246204122901,0.0028896105842315784,1009.2640623001884,-0.03403003384636316,0.06314237290005859
1499.8966551652866,-0.0015106431674212217,0.0029027022666636842,1009.5774010342152,0.003006980855164265,0.06312059802304072
1500.3621724387704,-0.0028534370940178633,0.0029023394062176154,1009.8907397682419,-0.027494105352871778,0.06320673268487498
1500.8276897122544,-0.004364080261439085,0.002908366081077885,1010.2040785022687,-0.22792978689333399,0.063174502699906
1501.2932069857384,-0.004867628216743469,0.0029065548612592852,1010.5174172362954,0.05747322477774486,0.06310394554891297
1501.7587242592222,-0.0041962312534451485,0.0029176309352525864,1010.8307559703222,-0.010064876131818612,0.06272888636722498
1502.2242415327062,-0.0018463416490703821,0.002973410806307501,1011.144094704349,0.20562141344146845,0.06226198226349491
1502.6897588061902,-0.0001678492408245802,0.003037192831381321,1011.4574334383757,0.048758610167218275,0.062197321718377566
1503.1552760796742,-0.0015106431674212217,0.0030544821683423503,1011.7707721724024,-0.027494105352871778,0.06204742977610838
1503.620793353158,-0.0018463416490703821,0.0030658397181000997,1012.0841109064293,-0.027494105352871778,0.06208203130922671
1504.086310626642,-0.0001678492408245802,0.003068929936831066,1012.397449640456,-0.027494105352871778,0.06188898508076687
1504.551827900126,0.0011749446857720613,0.003068243490526166,1012.7107883744827,-0.03185141265813507,0.06153818706884074
1505.01734517361,0.0021820401307195425,0.003068243490526166,1013.0241271085094,-0.036208655034591364,0.06147276519955194
1505.4828624470938,0.0021820401307195425,0.003028511151011406,1013.3374658425363,-0.042744648456889744,0.061385741543511264
1505.9483797205778,0.0018463416490703821,0.0029581405916008973,1013.650804576563,-0.02531541923583669,0.061150904763328746
1506.4138969940618,-0.000839246204122901,0.002929159558486629,1013.9641433105897,-0.03185141265813507,0.060790128328426
1506.8794142675458,-0.0028534370940178633,0.0029613431985797824,1014.2774820446165,-0.027494105352871778,0.06057720836767465
1507.3449315410296,-0.003524834057316184,0.0032258707088960105,1014.5908207786433,-0.047101955762153036,0.06043921339469817
1507.8104488145136,-0.0028534370940178633,0.003684331387119013,1014.90415951267,0.03786537436846349,0.06028303803738307
1508.2759660879976,-0.0015106431674212217,0.003924623581661343,1015.2174982466968,0.0008283596669360627,0.06019803584125098
1508.7414833614814,-0.0005035477224737406,0.0039001264098279466,1015.5308369807235,0.09451030440807917,0.06059914710743993
1509.2070006349654,-0.001678492408245802,0.003931326844835718,1015.8441757147503,-0.00788625494359052,0.0601929815843735
1509.6725179084494,-0.0021820401307195425,0.004053987680116897,1016.1575144487771,-0.003528947638327229,0.06070357292787655
1510.1380351819334,-0.0028534370940178633,0.0042219726871497625,1016.4708531828038,0.007364288160427557,0.061455530035225726
1510.6035524554172,-0.0028534370940178633,0.004421085678777104,1016.7841919168305,0.01825752395918223,0.06135809723178196
1511.0690697289012,-0.0005035477224737406,0.004567693909590851,1017.0975306508574,0.011721595465690848,0.061286025861821136
1511.5345870023853,0.0005035477224737406,0.004726789018284475,1017.4108693848841,-0.003528947638327229,0.06111302717289024
1512.0001042758693,0.0011749446857720613,0.004947782412590728,1017.7242081189108,-0.00788625494359052,0.061025490524877726
1512.465621549353,-0.0005035477224737406,0.005138249302924695,1018.0375468529376,-0.016600869554116993,0.06101031082807611
1512.931138822837,-0.0021820401307195425,0.005251254312526812,1018.3508855869644,-0.0013502615212921398,0.06067698471895124
1513.396656096321,-0.003524834057316184,0.005327788202551301,1018.6642243209911,0.02043621007621732,0.06067321876957795
1513.8621733698049,-0.003524834057316184,0.005354015410586362,1018.9775630550179,0.009542974277462646,0.05989867101661725
1514.3276906432889,-0.0028534370940178633,0.005357555093229738,1019.2909017890446,0.04657998897899007,0.05987571652091675
1514.7932079167729,-0.001678492408245802,0.00535939775204209,1019.6042405230714,0.024793517381480612,0.06048577572209191
1515.2587251902569,-0.0001678492408245802,0.005356449193675859,1019.9175792570982,-0.010064876131818612,0.06048102375496042
1515.7242424637407,-0.0001678492408245802,0.005352318483069042,1020.2309179911249,0.013900281582725937,0.06055476322666562
1516.1897597372247,0.0005035477224737406,0.0053501535047214225,1020.5442567251517,0.013900281582725937,0.060370706811779584
1516.6552770107087,-0.0006713969632983208,0.005357825389512695,1020.8575954591785,-0.1582130647955423,0.06019507758324148
1517.1207942841927,-0.0031891355756670237,0.005360773190937097,1021.1709341932052,0.0335080670632002,0.06000941375224819
1517.5863115576765,-0.0041962312534451485,0.005356842428562978,1021.4842729272319,0.05747322477774486,0.059865811326123924
1518.0518288311605,-0.0038605325389653444,0.0053772510176452425,1021.7976116612588,0.10322485408979876,0.05981143234095372
1518.5173461046445,-0.001678492408245802,0.005437629876415116,1022.1109503952855,0.08143838249228941,0.05975904887409916
1518.9828633781285,0.0005035477224737406,0.005502635612947321,1022.4242891293122,0.048758610167218275,0.05974800605635907
1519.4483806516123,0.0005035477224737406,0.005549710296587103,1022.737627863339,0.07708107518702612,0.059694231745374665
1519.9138979250963,-0.0028534370940178633,0.005606354459081936,1023.0509665973658,0.06836646057649953,0.05945196351620355
1520.3794151985803,-0.0041962312534451485,0.005701473589285604,1023.3643053313925,0.04004406048549858,0.0593360811709606
1520.844932472064,-0.003524834057316184,0.005832350664096047,1023.6776440654193,0.03786537436846349,0.05933402158970649
1521.310449745548,-0.0021820401307195425,0.005995832554132615,1023.990982799446,0.05747322477774486,0.05933459010351802
1521.7759670190321,-0.000839246204122901,0.006145726548837603,1024.3043215334728,0.0335080670632002,0.05925855653969589
1522.2414842925161,-0.0005035477224737406,0.006218027571423143,1024.6176602674996,0.04222268167372678,0.059140857518729065
1522.707001566,-0.0021820401307195425,0.006234773651280316,1024.9309990015263,0.11411808988855354,0.059101966080455384
1523.172518839484,-0.004867628216743469,0.006246924422605401,1025.244337735553,0.01607890277095403,0.05887046383244645
1523.638036112968,-0.004867628216743469,0.00635970897088031,1025.5576764695797,0.048758610167218275,0.05887046383244645
1524.103553386452,-0.0041962312534451485,0.006521599042418144,1025.8710152036065,0.02043621007621732,0.0547616313124321
1524.5690706599357,-0.0028534370940178633,0.0066790935527068634,1026.1843539376334,0.053115917472481566,0.05466278298088315
1525.0345879334197,-0.0001678492408245802,0.00686049387478165,1026.4976926716602,0.04004406048549858,0.05466216587796706
1525.5001052069038,0.0021820401307195425,0.007048136680936506,1026.811031405687,0.04222268167372678,0.05472008338478443
1525.9656224803878,0.0005035477224737406,0.007195522328811879,1027.1243701397136,0.06400915327123624,0.057950039824469175
1526.4311397538715,-0.003524834057316184,0.007323914481879136,1027.4377088737403,0.0008283596669360627,0.05768524657517561
1526.8966570273556,-0.006210422143340111,0.007413247316232287,1027.751047607767,0.048758610167218275,0.057692691923486666
1527.3621743008396,-0.0068818191066384315,0.0074408996568757985,1028.0643863417938,0.05747322477774486,0.05428698569901548
1527.8276915743234,-0.004867628216743469,0.007443871474167366,1028.3777250758205,0.0335080670632002,0.05410429080980217
1528.2932088478074,-0.0028534370940178633,0.007447549224020293,1028.6910638098475,0.06183053208300804,0.05419290375054135
1528.7587261212914,-0.0015106431674212217,0.0074564531731347965,1029.0044025438742,0.04004406048549858,0.0541395434265916
1529.2242433947754,0.0005035477224737406,0.007459895301605575,1029.317741277901,0.02043621007621732,0.054074317822412385
1529.6897606682592,0.0028534370940178633,0.007460460012020735,1029.6310800119277,0.05747322477774486,0.054015421164635216
1530.1552779417432,0.0021820401307195425,0.007462577295487362,1029.9444187459544,0.04440136779076187,0.05390266475639319
1530.6207952152272,-0.0015106431674212217,0.007467374248790069,1030.2577574799811,0.04440136779076187,0.05375706930288206
1531.0863124887112,-0.0015106431674212217,0.007467374248790069,1030.5710962140079,0.031329445874972106,0.053876653623667094
1531.551829762195,0.004531929735094309,0.0074690665555759705,1030.8844349480346,0.0335080670632002,0.053801611129723356
1532.017347035679,0.013260089792311192,0.007474986613388811,1031.1977736820616,0.048758610167218275,0.05381242729066505
1532.482864309163,0.018631266430020332,0.007470670368682387,1031.5111124160883,0.04004406048549858,0.05373356274382739
1532.948381582647,0.014602883718907833,0.00746564629115402,1031.824451150115,0.0335080670632002,0.053608789423908156
1533.4138988561308,0.0031891355756670237,0.007464658706501302,1032.1377898841417,0.09668892559630737,0.053647003274009335
1533.8794161296148,-0.006210422143340111,0.007465364137441659,1032.4511286181685,-0.020958111930573398,0.05288759849517335
1534.3449334030988,-0.010238803923130035,0.007466580849170107,1032.7644673521952,0.08579568979755259,0.05289105384270067
1534.8104506765826,-0.012252994813024998,0.007471375232014745,1033.077806086222,0.10976084751209725,0.052890014198359904
1535.2759679500666,-0.01359578873962164,0.007467145053983971,1033.3911448202489,0.013900281582725937,0.05290229227508482
1535.7414852235506,-0.012252994813024998,0.007464182502927498,1033.7044835542756,0.04657998897899007,0.05288608708152091
1536.2070024970346,-0.013260089792311192,0.007467004006777177,1034.0178222883023,0.029150824686743904,0.05287410683127073
1536.6725197705184,-0.015609979629516602,0.00746728609852657,1034.331161022329,0.04440136779076187,0.05298875112161771
1537.1380370440024,-0.01493858266621828,0.007466439791305018,1034.6444997563558,0.04440136779076187,0.05301436104291568
1537.6035543174864,-0.0117494473233819,0.007467145053983971,1034.9578384903825,0.048758610167218275,0.053067650956186
1538.0690715909705,-0.009735256433486938,0.007472696671561431,1035.2711772244093,0.04657998897899007,0.053067650956186
1538.5345888644542,-0.00553902518004179,0.007472696671561431,1035.584515958436,0.04657998897899007,0.05303373326993105
1539.0001061379382,-0.0021820401307195425,0.007467056899791945,1035.897854692463,0.053115917472481566,0.05306440264504523
1539.4656234114223,-0.001678492408245802,0.0074621186029404565,1036.2111934264897,-0.10592544206118992,0.052911798031268595
1539.9311406849063,-0.0011749446857720613,0.0074624890885601,1036.5245321605164,0.0008283596669360627,0.05297326021645583
1540.39665795839,-0.0001678492408245802,0.007462630221100964,1036.8378708945431,-0.04928057695038124,0.05300306238780045
1540.862175231874,-0.0015106431674212217,0.007466069501729434,1037.1512096285699,0.04222268167372678,0.0530636179177908
1541.327692505358,-0.0031891355756670237,0.007466774799383516,1037.4645483625966,0.029150824686743904,0.05307087119453136
1541.7932097788419,-0.0021820401307195425,0.007468625888833328,1037.7778870966233,0.026972138569708815,0.050922221725689755
1542.2587270523259,0.0005035477224737406,0.007467356619798842,1038.09122583065,0.0356867531802354,0.05088854510743787
1542.7242443258099,0.004867628216743469,0.007461430508189107,1038.404564564677,0.024793517381480612,0.050967554675422015
1543.189761599294,0.008560311049222946,0.007457194688903398,1038.7179032987037,-0.02531541923583669,0.05004905351916011
1543.6552788727777,0.009231708012521267,0.007456859250427303,1039.0312420327305,0.024793517381480612,0.049535313862718144
1544.1207961462617,0.008560311049222946,0.0074567180086598656,1039.3445807667572,0.013900281582725937,0.04934394170610798
1544.5863134197457,0.009231708012521267,0.007456576764217041,1039.657919500784,0.005185666972199354,0.04885039760773489
1545.0518306932297,0.011581597849726677,0.00745191419571527,1039.9712582348106,0.0008283596669360627,0.04846306634835909
1545.5173479667135,0.013931486755609512,0.007440881963933645,1040.2845969688374,0.024793517381480612,0.048420092957092487
1545.9828652401975,0.01594567857682705,0.0074345097686870955,1040.597935702864,0.003006980855164265,0.0483435101218242
1546.4483825136815,0.015274280682206154,0.007436634440448644,1040.911274436891,0.013900281582725937,0.048096662420295144
1546.9138997871653,0.01107805036008358,0.007443995274140907,1041.2246131709178,0.026972138569708815,0.048203009157560574
1547.3794170606493,0.00520332669839263,0.007455782213144269,1041.5379519049445,0.031329445874972106,0.048044456612377676
1547.8449343341333,-0.0041962312534451485,0.007463829738727963,1041.8512906389712,0.013900281582725937,0.04704729713886008
1548.3104516076173,-0.01258869282901287,0.007449846895504632,1042.164629372998,-0.036208655034591364,0.047221740105078076
1548.775968881101,-0.01493858266621828,0.00743512952571411,1042.4779681070247,0.005185666972199354,0.04720602242548586
1549.2414861545851,-0.01493858266621828,0.007425490858195481,1042.7913068410514,0.0008283596669360627,0.047472329254025857
1549.7070034280691,-0.016281375661492348,0.007423362996983348,1043.1046455750784,-0.0013502615212921398,0.04726858868233287
1550.1725207015531,-0.016952773556113243,0.007428468839900517,1043.4179843091051,0.03786537436846349,0.04717332602114593
1550.638037975037,-0.015609979629516602,0.007436545922957406,1043.7313230431319,0.30148197937083987,0.04833425056910465
1551.103555248521,-0.01493858266621828,0.007447443160129072,1044.0446617771586,0.005185666972199354,0.04801013623319388
1551.569072522005,-0.01258869282901287,0.007450695088504509,1044.3580005111853,0.013900281582725937,0.04828928276723121
1552.034589795489,-0.0068818191066384315,0.007445745939700256,1044.671339245212,-0.03838734115162645,0.04823600176922581
1552.5001070689727,-0.0021820401307195425,0.00744022729593774,1044.9846779792388,0.01607890277095403,0.048058432709341535
1552.9656243424567,-0.0028534370940178633,0.00744022729593774,1045.2980167132655,0.04222268167372678,0.048126867051300495
1553.4311416159408,-0.0041962312534451485,0.007449988269598204,1045.6113554472925,0.011721595465690848,0.04795129791744313
1553.8966588894245,-0.0023498893715441227,0.007463406403202716,1045.9246941813192,0.0008283596669360627,0.048011199380487604
1554.3621761629086,-0.0015106431674212217,0.007467215577419792,1046.238032915346,0.01825752395918223,0.048113864434255395
1554.8276934363926,-0.0028534370940178633,0.007462189173880112,1046.5513716493726,0.003006980855164265,0.0481197176650158
1555.2932107098766,-0.003524834057316184,0.007459224654516398,1046.8647103833994,-0.012243562248853812,0.0483321894446544
1555.7587279833604,-0.0018463416490703821,0.007458236219540729,1047.178049117426,-0.04492326964511795,0.04839755777208745
1556.2242452568444,0.0018463416490703821,0.007461906889445339,1047.4913878514528,-0.012243562248853812,0.0483544547294418
1556.6897625303284,0.0041962312534451485,0.007465998969326808,1047.8047265854796,-0.02967272654109998,0.048422470712231123
1557.1552798038124,0.0023498893715441227,0.007380926674116098,1048.1180653195065,-0.036208655034591364,0.04847066144507883
1557.6207970772962,0.0003356984816491604,0.007182923454804217,1048.4314040535332,0.0008283596669360627,0.04877263920839862
1558.0863143507802,0.000839246204122901,0.007065691641875873,1048.74474278756,-0.020958111930573398,0.04884007281984607
1558.5518316242642,0.0011749446857720613,0.00707924308264446,1049.0580815215867,-0.016600869554116993,0.048080693457981855
1559.0173488977482,0.0021820401307195425,0.0070653935172354555,1049.3714202556134,-0.010064876131818612,0.04812355672490814
1559.482866171232,0.003524834057316184,0.007027278878485712,1049.6847589896402,0.0008283596669360627,0.047548450031381605
1559.948383444716,0.0011749446857720613,0.006997089252329201,1049.998097723667,0.013900281582725937,0.04666239198682932
1560.4139007182,-0.0018463416490703821,0.006948149236764448,1050.3114364576936,-0.012243562248853812,0.046885712289861665
1560.8794179916838,-0.0021820401307195425,0.006892447176064573,1050.6247751917206,-0.0013502615212921398,0.04693336353014543
1561.3449352651678,-0.000839246204122901,0.006784329097499557,1050.9381139257473,-0.036208655034591364,0.04770090451465762
1561.8104525386518,-0.0001678492408245802,0.006615339728506732,1051.251452659774,-0.018779490742345195,0.04781284229105151
1562.2759698121358,0.0011749446857720613,0.006455963930180887,1051.5647913938008,-0.02967272654109998,0.04797377304218379
1562.7414870856196,0.0036926832981407642,0.0063587566419546,1051.8781301278275,-0.0013502615212921398,0.04788565588055496
1563.2070043591036,0.003524834057316184,0.0062947701113851935,1052.1914688618542,-0.00570756882655532,0.04800200570729426
1563.6725216325876,0.0018463416490703821,0.006278016305330504,1052.504807595881,-0.020958111930573398,0.04844270108815743
1564.1380389060716,-0.0005035477224737406,0.006280532225071273,1052.8181463299077,-0.020958111930573398,0.04840480304316492
1564.6035561795554,-0.0018463416490703821,0.0062801339382717696,1053.1314850639346,-0.036208655034591364,0.04822379870893252
1565.0690734530394,0.0005035477224737406,0.006279127627510661,1053.4448237979614,-0.020958111930573398,0.048870324458422265
1565.5345907265234,0.0023498893715441227,0.00628080472253965,1053.758162531988,-0.02967272654109998,0.04885024230398436
1566.0001080000075,0.0011749446857720613,0.0063032974030769835,1054.0715012660148,-0.016600869554116993,0.049354302905033405
1566.4656252734912,-0.0018463416490703821,0.006321317231272108,1054.3848400000415,0.0335080670632002,0.049413331037494186
1566.9311425469753,-0.0028534370940178633,0.006331867489656314,1054.6981787340683,-0.027494105352871778,0.04976413176730828
1567.3966598204593,-0.0028534370940178633,0.006332699109117763,1055.011517468095,-0.0645311200543992,0.04987247228657034
1567.862177093943,-0.0028534370940178633,0.006316212663009454,1055.324856202122,0.026972138569708815,0.05010623829472545
1568.327694367427,-0.0015106431674212217,0.006264307802003786,1055.6381949361487,-0.03403003384636316,0.050070568712749806
1568.793211640911,0.0001678492408245802,0.006200747942936652,1055.9515336701754,-0.018779490742345195,0.05051194336632723
1569.258728914395,0.0001678492408245802,0.006147011695585367,1056.2648724042022,-0.027494105352871778,0.05078156462113947
1569.7242461878789,0.000839246204122901,0.006081901516937818,1056.5782111382289,-0.02531541923583669,0.051087669999253675
1570.1897634613629,0.0001678492408245802,0.005979033753452577,1056.8915498722556,-0.03403003384636316,0.05143610329702181
1570.6552807348469,-0.0015106431674212217,0.005825394154578341,1057.2048886062823,-0.02531541923583669,0.051662794605547444
1571.120798008331,-0.0028534370940178633,0.0056196298166211215,1057.518227340309,-0.027494105352871778,0.052174002244527784
1571.5863152818147,-0.003524834057316184,0.005423350730972973,1057.831566074336,-0.047101955762153036,0.05248009916588783
1572.0518325552987,-0.004364080261439085,0.005316582611161503,1058.1449048083628,-0.012243562248853812,0.05278522659557327
1572.5173498287827,-0.0041962312534451485,0.005293354276580051,1058.4582435423895,-0.05363788425564453,0.05317185848073476
1572.9828671022665,-0.0011749446857720613,0.005279807091020206,1058.7715822764162,-0.04492326964511795,0.05377362794664284
1573.4483843757505,0.0005035477224737406,0.005139709515686652,1059.084921010443,-0.047101955762153036,0.05430453997486785
1573.9139016492345,-0.0015106431674212217,0.004932752572080849,1059.3982597444697,-0.05581650544387262,0.0547351159189519
1574.3794189227185,-0.0021820401307195425,0.004717309754683182,1059.7115984784964,-0.027494105352871778,0.05521859441871155
1574.8449361962023,-0.0028534370940178633,0.004447242743703689,1060.0249372125231,-0.02531541923583669,0.05564420277199414
1575.3104534696863,-0.0041962312534451485,0.004145729288590467,1060.33827594655,-0.11681867785994471,0.05602820692110365
1575.7759707431703,-0.0041962312534451485,0.0038689806144379104,1060.6516146805768,-0.027494105352871778,0.04828352039506569
1576.2414880166543,-0.0041962312534451485,0.0035923139227009796,1060.9649534146035,-0.05363788425564453,0.04994055443330572
1576.707005290138,-0.00553902518004179,0.0033911262475417514,1061.2782921486303,-0.042744648456889744,0.050213243868862785
1577.1725225636221,-0.006210422143340111,0.003336648035817637,1061.591630882657,-0.03838734115162645,0.0503658085069234
1577.6380398371061,-0.004867628216743469,0.003334753603320712,1061.9049696166837,-0.042744648456889744,0.05075321708728219
1578.1035571105901,-0.004867628216743469,0.003324314927094267,1062.2183083507105,-0.04492326964511795,0.051238560545673
1578.569074384074,-0.004867628216743469,0.003300467878259779,1062.5316470847372,-0.047101955762153036,0.051713108764285635
1579.034591657558,-0.002517738612368703,0.0033041754414756754,1062.8449858187641,-0.03838734115162645,0.05199380599642808
1579.500108931042,0.0003356984816491604,0.0033298942008199444,1063.1583245527909,-0.05799519156090782,0.052444067018204685
1579.9656262045257,-0.0001678492408245802,0.0033472449132047385,1063.4716632868176,-0.0645311200543992,0.052678684337532186
1580.4311434780097,-0.000839246204122901,0.0033726352536201086,1063.7850020208443,-0.05145919813860933,0.05328982178880308
1580.8966607514938,-0.0028534370940178633,0.00341545817439299,1064.098340754871,-0.023136798047608487,0.05417204602303473
1581.3621780249778,-0.00520332669839263,0.003417307867473037,1064.4116794888978,-0.042744648456889744,0.05454172849772132
1581.8276952984615,-0.006378271151334047,0.003395045036821835,1064.7250182229245,-0.05363788425564453,0.05473287957166914
1582.2932125719456,-0.006210422143340111,0.003388407601560979,1065.0383569569512,-0.0688884273596625,0.05497593578232197
1582.7587298454296,-0.00587472366169095,0.00340874462046214,1065.3516956909782,-0.042744648456889744,0.05545731484717818
1583.2242471189136,-0.00553902518004179,0.003437933461552286,1065.665034425005,-0.03838734115162645,0.05566234600084858
1583.6897643923974,-0.0041962312534451485,0.0034471117020466553,1065.9783731590317,-0.02967272654109998,0.06446895629377199
1584.1552816658814,-0.0068818191066384315,0.003443749187479747,1066.2917118930584,-0.03838734115162645,0.06468706390984005
1584.6207989393654,-0.010238803923130035,0.003427194448186509,1066.6050506270851,-0.05581650544387262,0.0650734156822497
1585.0863162128494,-0.010574501939117908,0.0034271944481865085,1066.9183893611118,-0.04928057695038124,0.0653579530218276
1585.5518334863332,-0.008224613033235073,0.003422889408895392,1067.2317280951386,-0.05145919813860933,0.06608080706438586
1586.0173507598172,-0.0041962312534451485,0.0034173463894274143,1067.5450668291655,-0.09285358507420705,0.06637450106564488
1586.4828680333012,-0.0011749446857720613,0.0034173463894274143,1067.8584055631923,-0.05581650544387262,0.07929138560954642
1586.948385306785,-0.0005035477224737406,0.0034284234665110888,1068.171744297219,-0.06017381274913591,0.07929024629883667
1587.413902580269,-0.0021820401307195425,0.0034632671525032326,1068.4850830312457,-0.03838734115162645,0.07963350252024792
1587.879419853753,-0.0028534370940178633,0.0034705580891073893,1068.7984217652725,-0.05799519156090782,0.07981600303920504
1588.344937127237,-0.0028534370940178633,0.0034568749687224117,1069.1117604992992,-0.08196028434664537,0.0801092445428337
1588.8104544007208,-0.0028534370940178633,0.003454131840170804,1069.425099233326,-0.04928057695038124,0.080495641458945
1589.2759716742048,-0.0015106431674212217,0.003467522061899539,1069.7384379673526,0.09668892559630737,0.08078107964357442
1589.7414889476888,-0.0001678492408245802,0.003467522061899539,1070.0517767013796,-0.08196028434664537,0.08111406888399067
1590.2070062211728,-0.0015106431674212217,0.0034673322219327695,1070.3651154354063,-0.047101955762153036,0.08132838047065831
1590.6725234946566,-0.0057068741880357265,0.0034644833741340614,1070.678454169433,-0.08413897046368046,0.08162327679682797
1591.1380407681406,-0.00587472366169095,0.0034656991689549182,1070.9917929034598,-0.03838734115162645,0.08224746435976894
1591.6035580416246,-0.004364080261439085,0.003462050503612616,1071.3051316374865,-0.06670974124262741,0.08234707090022167
1592.0690753151086,-0.0011749446857720613,0.00346782578423007,1071.6184703715132,-0.04928057695038124,0.0826265213250725
1592.5345925885924,0.0011749446857720613,0.003465395260238569,1071.93180910554,-0.05581650544387262,0.08277079147372261
1593.0001098620764,0.0018463416490703821,0.0034544367398018187,1072.2451478395667,0.01607890277095403,0.08344103619501896
1593.4656271355605,-0.0006713969632983208,0.003453216979752233,1072.5584865735937,-0.07324573466492579,0.08381393755542657
1593.9311444090442,-0.0015106431674212217,0.0034562655727472438,1072.8718253076204,-0.05581650544387262,0.08379774100287592
1594.3966616825282,-0.0001678492408245802,0.0034562655727472438,1073.185164041647,-0.05799519156090782,0.0841295247428414
1594.8621789560123,0.0011749446857720613,0.0034676359608909507,1073.4985027756738,0.06183053208300804,0.0844663705484901
1595.3276962294963,-0.0001678492408245802,0.003503893488851119,1073.8118415097006,-0.05581650544387262,0.08479332062314435
1595.79321350298,-0.0015106431674212217,0.003509299807854685,1074.1251802437273,-0.07542435585315399,0.08507105528111818
1596.258730776464,-0.0011749446857720613,0.0035002846371520735,1074.438518977754,-0.06017381274913591,0.08545883313147114
1596.724248049948,0.0001678492408245802,0.00349727441602373,1074.7518577117808,-0.0645311200543992,0.08570448003612945
1597.189765323432,0.000839246204122901,0.0034992689798397864,1075.0651964458077,-0.07324573466492579,0.0861016252913679
1597.6552825969159,-0.0015106431674212217,0.0035073860261574255,1075.3785351798344,-0.08413897046368046,0.08648076171487643
1598.1207998703999,-0.0015106431674212217,0.003530842308123704,1075.6918739138612,-0.08631759165190867,0.08695202095170414
1598.586317143884,-0.0003356984816491604,0.003553736310411229,1076.005212647888,-0.0710670485478907,0.08715619292520509
1599.051834417368,-0.000839246204122901,0.0035738324447204114,1076.3185513819146,-0.07542435585315399,0.08801494846767714
1599.5173516908517,0.0005035477224737406,0.0035738324447204114,1076.6318901159414,-0.0710670485478907,0.08852106215508032
1599.9828689643357,0.0031891355756670237,0.0035714740630234617,1076.945228849968,-0.07760304197018908,0.08900735549663373
1600.4483862378197,0.002517738612368703,0.0035603613456612004,1077.258567583995,-0.06670974124262741,0.08844014384884226
1600.9139035113035,-0.0015106431674212217,0.0035479153390350223,1077.5719063180218,-0.13206922096396267,0.08928758324311349
1601.3794207847875,-0.0028534370940178633,0.0035354255181295445,1077.8852450520485,-0.05581650544387262,0.08950724418615669
1601.8449380582715,-0.0028534370940178633,0.003499193728392382,1078.1985837860752,-0.05581650544387262,0.08997257117766155
1602.3104553317555,-0.0018463416490703821,0.0034473408447576208,1078.511922520102,-0.06670974124262741,0.09024451217589924
1602.7759726052393,-0.000839246204122901,0.0034151112394194463,1078.8252612541287,-0.08413897046368046,0.0904791869719521
1603.2414898787233,-0.000839246204122901,0.0033872417917011656,1079.1385999881554,-0.07324573466492579,0.09074020513714147
1603.7070071522073,-0.0028534370940178633,0.0033610218168512443,1079.4519387221821,-0.05581650544387262,0.09067126888319722
1604.1725244256913,-0.004531929735094309,0.003352236252570167,1079.765277456209,-0.07324573466492579,0.09101839202222535
1604.6380416991751,-0.004531929735094309,0.0033530608771053065,1080.0786161902358,-0.05145919813860933,0.09120896857759704
1605.1035589726591,-0.00553902518004179,0.0033596505868620447,1080.3919549242626,-0.08413897046368046,0.09150124540767168
1605.5690762461431,-0.00587472366169095,0.003361844286381892,1080.7052936582893,-0.11028274936645321,0.09169087650151067
1606.034593519627,-0.0021820401307195425,0.003353689026370207,1081.018632392316,-0.06670974124262741,0.0922815265167889
1606.500110793111,0.0011749446857720613,0.0033272046498582135,1081.3319711263428,-0.05581650544387262,0.09260477808618779
1606.965628066595,-0.000839246204122901,0.0032946389865487805,1081.6453098603695,-0.0645311200543992,0.09289421038384461
1607.431145340079,-0.0038605325389653444,0.0032834313375468688,1081.9586485943962,-0.07542435585315399,0.09297564101127245
1607.8966626135627,-0.004699778743088245,0.0032518444245924344,1082.2719873284232,-0.05363788425564453,0.0932769345282249
1608.3621798870468,-0.0028534370940178633,0.0032074941958121867,1082.58532606245,-0.3368622747384951,0.0935216643859666
1608.8276971605308,-0.0015106431674212217,0.003186740425140108,1082.8986647964766,-0.05581650544387262,0.09383088677898035
1609.2932144340148,0.0005035477224737406,0.0031175768739555624,1083.2120035305034,-0.07324573466492579,0.09410964757118578
1609.7587317074986,0.0011749446857720613,0.0029573838904412672,1083.52534226453,-0.0645311200543992,0.09484694878478021
1610.2242489809826,-0.0005035477224737406,0.0027767878535490368,1083.8386809985568,-0.10156813475592663,0.09477725546679343
1610.6897662544666,-0.000839246204122901,0.002666499773997023,1084.1520197325835,-0.0645311200543992,0.09497768314338997
1611.1552835279506,-0.000839246204122901,0.002661755808922719,1084.4653584666103,-0.45015203742451604,0.09483327212910862
1611.6208008014344,-0.0028534370940178633,0.002712706879088239,1084.7786972006372,0.01825752395918223,0.09483327212910862
1612.0863180749184,-0.00520332669839263,0.002764623905240244,1085.092035934664,-0.08196028434664537,0.09502179954892248
1612.5518353484024,-0.004364080261439085,0.0027911636924246434,1085.4053746686907,-0.05581650544387262,0.09510250888508565
1613.0173526218862,-0.0015106431674212217,0.0027854978832780536,1085.7187134027174,-0.0710670485478907,0.09509032449936541
1613.4828698953702,0.0011749446857720613,0.002782471401049714,1086.0320521367441,-0.08413897046368046,0.09518385897899109
1613.9483871688542,0.0031891355756670237,0.002782471401049714,1086.3453908707709,-0.07324573466492579,0.09557029906678174
1614.4139044423382,0.0018463416490703821,0.002789276368138378,1086.6587296047976,-0.08413897046368046,0.09547745044308839
1614.879421715822,-0.0003356984816491604,0.002802836737708164,1086.9720683388243,-0.0645311200543992,0.09574356110268231
1615.344938989306,-0.0018463416490703821,0.002804714937083784,1087.2854070728513,-0.07760304197018908,0.09576451894739192
1615.81045626279,-0.0015106431674212217,0.0027522627071732706,1087.598745806878,-0.10592544206118992,0.0954319463481593
1616.275973536274,0.000839246204122901,0.0026989375728664077,1087.9120845409047,-0.05363788425564453,0.09556360657928727
1616.7414908097578,0.003524834057316184,0.0026697563622775674,1088.2254232749315,-0.07542435585315399,0.09596360756151132
1617.2070080832418,0.002517738612368703,0.002683282918701494,1088.5387620089582,-0.08196028434664537,0.09609119721906413
1617.6725253567258,0.0001678492408245802,0.002686813168401004,1088.852100742985,-0.1124614354834883,0.09635859581041739
1618.1380426302098,-0.0011749446857720613,0.0026813196604919863,1089.1654394770117,-0.08849627776894375,0.0966888055064276
1618.6035599036936,-0.0015106431674212217,0.0026809759424939548,1089.4787782110386,-0.00788625494359052,0.09744466920332841
1619.0690771771776,-0.0001678492408245802,0.0026774379963191526,1089.7921169450653,-0.08196028434664537,0.09753741882573419
1619.5345944506616,0.0030212863348424435,0.0026774379963191526,1090.105455679092,-0.08196028434664537,0.09771528198733435
1620.0001117241454,0.00520332669839263,0.002679010993664826,1090.4187944131188,-0.08413897046368046,0.09783677360368548
1620.4656289976294,0.002517738612368703,0.0026872541235255874,1090.7321331471455,-0.07542435585315399,0.09799186015682747
1620.9311462711134,-0.0011749446857720613,0.0026872541235255874,1091.0454718811723,-0.08849627776894375,0.09815111299399572
1621.3966635445975,-0.0031891355756670237,0.0026849015260042687,1091.358810615199,-0.08196028434664537,0.09829842914951926
1621.8621808180812,-0.004531929735094309,0.0026907791630869865,1091.6721493492257,-0.08631759165190867,0.09827259473965223
1622.3276980915653,-0.004867628216743469,0.00269781542450531,1091.9854880832527,-0.09938951356769854,0.09835408265564236
1622.7932153650493,-0.004364080261439085,0.002695618565772543,1092.2988268172794,-0.10374682087296183,0.09842733732594044
1623.2587326385333,-0.0041962312534451485,0.0027174103430925457,1092.6121655513061,-0.07760304197018908,0.09822130334479848
1623.724249912017,-0.0041962312534451485,0.002763385512227968,1092.9255042853329,-0.13860521438626106,0.09847149474624235
1624.189767185501,-0.0021820401307195425,0.0028199756233677972,1093.2388430193596,-0.10156813475592663,0.098537459435944
1624.655284458985,-0.002517738612368703,0.002869952829222418,1093.5521817533863,-0.09938951356769854,0.09842346195092828
1625.120801732469,-0.0030212863348424435,0.00291582547323378,1093.865520487413,-0.05363788425564453,0.09847363922158482
1625.5863190059529,-0.0028534370940178633,0.0029737649975424265,1094.1788592214398,-0.12989059977573447,0.09851703745507943
1626.0518362794369,-0.0028534370940178633,0.00298966004105779,1094.4921979554667,-0.08413897046368046,0.09788520359696569
1626.517353552921,-0.0018463416490703821,0.002979072768626433,1094.8055366894935,-0.10374682087296183,0.0980742510995633
1626.9828708264047,-0.0001678492408245802,0.002966673197437005,1095.1188754235202,-0.08196028434664537,0.0980742510995633
1627.4483880998887,-0.0001678492408245802,0.002974119143648986,1095.432214157547,-0.07978166315841717,0.09827281227447099
1627.9139053733727,-0.0018463416490703821,0.0030005609808328388,1095.7455528915737,-0.08413897046368046,0.09829046896386341
1628.3794226468567,-0.0021820401307195425,0.003026771831303721,1096.0588916256004,-0.02967272654109998,0.0985048070698631
1628.8449399203405,-0.0001678492408245802,0.0030413512420455675,1096.372230359627,-0.09067489895717196,0.09876567125997404
1629.3104571938245,-0.000839246204122901,0.003022244903572743,1096.6855690936538,-0.08413897046368046,0.0989007520233378
1629.7759744673085,-0.0021820401307195425,0.003006171804296712,1096.9989078276808,-0.09938951356769854,0.09912741087988329
1630.2414917407925,-0.0015106431674212217,0.00299529128695185,1097.3122465617075,-0.07978166315841717,0.09916286465371583
1630.7070090142763,-0.0015106431674212217,0.002978365613685642,1097.6255852957343,-0.11028274936645321,0.10228469653248479
1631.1725262877603,-0.0028534370940178633,0.002994236234713989,1097.938924029761,-0.09067489895717196,0.10282510277462593
1631.6380435612443,-0.0041962312534451485,0.0030194557271665283,1098.2522627637877,-0.09285358507420705,0.10294198255134822
1632.1035608347283,-0.00553902518004179,0.0030340702906780674,1098.5656014978144,-0.07978166315841717,0.10307422425224554
1632.5690781082121,-0.003524834057316184,0.0030112038648291385,1098.8789402318412,-0.08849627776894375,0.10313724516261463
1633.0345953816961,0.0001678492408245802,0.0029803098927975134,1099.192278965868,-0.07978166315841717,0.10349394101933188
1633.5001126551801,0.0018463416490703821,0.002995115476208749,1099.5056176998949,-0.08413897046368046,0.09887806620752679
1633.965629928664,0.000839246204122901,0.0030283372728349823,1099.8189564339216,-0.08413897046368046,0.09904814780582477
1634.431147202148,-0.000839246204122901,0.0030549993448674433,1100.1322951679483,-0.13424790708099776,0.09906342739579749
1634.896664475632,-0.0010070954449474812,0.0030549993448674437,1100.445633901975,-0.03185141265813507,0.0992362671586579
1635.362181749116,-0.0018463416490703821,0.0030567226071717495,1100.7589726360018,-0.08196028434664537,0.09911920672522735
1635.8276990225997,-0.0038605325389653444,0.003060854478299369,1101.0723113700285,-0.07542435585315399,0.09903734516930955
1636.2932162960838,-0.00553902518004179,0.0030598220335981453,1101.3856501040552,-0.05581650544387262,0.08919744332098348
1636.7587335695678,-0.00553902518004179,0.0030484420638965696,1101.6989888380822,-0.08631759165190867,0.08921957925039328
1637.2242508430518,-0.004531929735094309,0.0030070475574881894,1102.012327572109,-0.05581650544387262,0.08908575321965571
1637.6897681165356,-0.0021820401307195425,0.0029774814410979283,1102.3256663061356,-0.05581650544387262,0.08929343241377927
1638.1552853900196,-0.002517738612368703,0.0029739420861835714,1102.6390050401624,-0.09285358507420705,0.08948012830095792
1638.6208026635036,-0.0028534370940178633,0.002971816449902092,1102.952343774189,-0.10156813475592663,0.0897451796564598
1639.0863199369874,-0.002517738612368703,0.002956181748714106,1103.2656825082158,-0.08631759165190867,0.08964090420707314
1639.5518372104714,-0.0028534370940178633,0.0029529735439608254,1103.5790212422426,-0.11028274936645321,0.08980947290453159
1640.0173544839554,-0.0018463416490703821,0.0029688468711467145,1103.8923599762693,-0.05145919813860933,0.0900840734946603
1640.4828717574394,0.0011749446857720613,0.0029656523673923423,1104.2056987102962,-0.016600869554116993,0.09006677757085187
1640.9483890309232,0.0018463416490703821,0.002974871574455346,1104.519037444323,-0.0645311200543992,0.08985168361730832
1641.4139063044072,-0.0015106431674212217,0.003021591430033825,1104.8323761783497,-0.1124614354834883,0.08985168361730832
1641.8794235778912,-0.0030212863348424435,0.0030295977370875097,1105.1457149123764,-0.0710670485478907,0.09006929949745196
1642.3449408513752,-0.0018463416490703821,0.003020894229908423,1105.4590536464032,-0.09285358507420705,0.09065391901593206
1642.810458124859,-0.0005035477224737406,0.003030640478281508,1105.77239238043,-0.08413897046368046,0.09014887389377382
1643.275975398343,-0.0005035477224737406,0.0030382763121279,1106.0857311144566,-0.14514114287975255,0.08997342707812064
1643.741492671827,0.0005035477224737406,0.0030358488119077045,1106.3990698484834,-0.0710670485478907,0.09013186447563448
1644.207009945311,0.0001678492408245802,0.0030483125051662184,1106.7124085825103,-0.08413897046368046,0.09013186447563448
1644.6725272187948,-0.0015106431674212217,0.003041610961553455,1107.025747316537,-0.07978166315841717,0.09038911649094118
1645.1380444922788,-0.0021820401307195425,0.0030001222037616807,1107.3390860505638,-0.07978166315841717,0.09040831287451236
1645.6035617657628,-0.0015106431674212217,0.0029955550032277046,1107.6524247845905,-0.09503220626243525,0.09011389131712137
1646.0690790392466,-0.0001678492408245802,0.0030032800431530984,1107.9657635186172,-0.08196028434664537,0.09015485803756525
1646.5345963127306,0.0018463416490703821,0.0029895719822706627,1108.279102252644,-0.06017381274913591,0.09034118763220896
1647.0001135862146,0.0021820401307195425,0.0029945000448807603,1108.5924409866707,-0.08413897046368046,0.0903608857004908
1647.4656308596986,-0.0010070954449474812,0.0029626766102004397,1108.9057797206974,-0.09285358507420705,0.09029588470164601
1647.9311481331824,-0.0038605325389653444,0.0029486458601705222,1109.2191184547244,-0.05581650544387262,0.09036824916579934
1648.3966654066664,-0.00520332669839263,0.0029636096324482677,1109.532457188751,-0.10156813475592663,0.09005953118485571
1648.8621826801505,-0.00587472366169095,0.002973189431697138,1109.8457959227778,-0.08413897046368046,0.08932174698092446
1649.3276999536345,-0.00553902518004179,0.0029660962554404987,1110.1591346568046,-0.05145919813860933,0.08894424726689967
1649.7932172271182,-0.006210422143340111,0.003007135119229457,1110.4724733908313,-0.08413897046368046,0.08850158552854673
1650.2587345006023,-0.006546120624989271,0.0031423092748796575,1110.785812124858,-0.07324573466492579,0.08872319246663203
1650.7242517740863,-0.003524834057316184,0.0033243941426181617,1111.0991508588847,-0.0645311200543992,0.08824578810135122
1651.1897690475703,0.0011749446857720613,0.0034767736636575814,1111.4124895929115,-0.08413897046368046,0.08824578810135122
1651.655286321054,0.0005035477224737406,0.003562061881438088,1111.7258283269384,-0.05581650544387262,0.08807019658690476
1652.120803594538,-0.0028534370940178633,0.0035782870130541666,1112.0391670609652,-0.09285358507420705,0.08808939530699687
1652.586320868022,-0.0041962312534451485,0.0035800525789235734,1112.3525057949919,-0.08631759165190867,0.08810808580692465
1653.0518381415059,-0.0041962312534451485,0.003602341517458652,1112.6658445290186,-0.09938951356769854,0.08812777905611362
1653.5173554149899,-0.0041962312534451485,0.0036311706118175155,1112.9791832630453,-0.09285358507420705,0.08838237047647322
1653.982872688474,-0.0028534370940178633,0.003632910476765483,1113.292521997072,-0.09067489895717196,0.08849302172594857
1654.448389961958,-0.0031891355756670237,0.003671265778685035,1113.6058607310988,-0.08631759165190867,0.08847391059229211
1654.9139072354417,-0.004867628216743469,0.0037647458161270573,1113.9191994651258,-0.08849627776894375,0.08830681054273692
1655.3794245089257,-0.004867628216743469,0.0038663255920667406,1114.2325381991525,0.2818741289615585,0.0883843774912577
1655.8449417824097,-0.0038605325389653444,0.00397273406482386,1114.5458769331792,-0.12771197858750638,0.08815511563309726
1656.3104590558937,-0.0041962312534451485,0.004077140847585601,1114.859215667206,-0.07542435585315399,0.08815511563309726
1656.7759763293775,-0.0031891355756670237,0.004226304827210822,1115.1725544012327,-0.08413897046368046,0.08786275438843492
1657.2414936028615,-0.0003356984816491604,0.004434020210000764,1115.4858931352594,-0.08413897046368046,0.0879614523504829
1657.7070108763455,-0.0015106431674212217,0.004650810466775776,1115.7992318692861,-0.10374682087296183,0.08767395065679885
1658.1725281498295,-0.0041962312534451485,0.004787479196225745,1116.1125706033129,0.11629677600558863,0.08741285048110596
1658.6380454233133,-0.004867628216743469,0.004849771828981811,1116.4259093373398,-0.08196028434664537,0.08733848404169328
1659.1035626967973,-0.0041962312534451485,0.004867411706602406,1116.7392480713665,-0.07542435585315399,0.08697783894112321
1659.5690799702813,-0.0011749446857720613,0.004867411706602406,1117.0525868053933,-0.08849627776894375,0.08636833995094788
1660.0345972437651,0.0011749446857720613,0.004872520999885681,1117.36592553942,-0.08849627776894375,0.08655402519553451
1660.5001145172491,0.0018463416490703821,0.0048780027984927175,1117.6792642734467,-0.04928057695038124,0.08674808950388282
1660.9656317907331,0.0001678492408245802,0.00489675095023375,1117.9926030074735,-0.06670974124262741,0.08660935874132754
1661.4311490642172,-0.000839246204122901,0.004948527401860462,1118.3059417415002,-0.027494105352871778,0.08674808950388282
1661.896666337701,-0.0005035477224737406,0.005045272069794686,1118.619280475527,-0.0645311200543992,0.08668959059810202
1662.362183611185,-0.0003356984816491604,0.005156561894569165,1118.9326192095539,-0.08413897046368046,0.08688353540741191
1662.827700884669,-0.0001678492408245802,0.005279482958328294,1119.2459579435806,-0.09285358507420705,0.08678643343217012
1663.293218158153,-0.0001678492408245802,0.005343530107476249,1119.5592966776073,-0.11028274936645321,0.08687761268683138
1663.7587354316368,-0.0005035477224737406,0.00534530371350431,1119.872635411634,-0.05799519156090782,0.08697685773037163
1664.2242527051208,0.0011749446857720613,0.005355146385338907,1120.1859741456608,-0.10156813475592663,0.08697685773037164
1664.6897699786048,0.0031891355756670237,0.005427427406614244,1120.4993128796875,-0.09721082745066334,0.0867438759130402
1665.1552872520886,0.0011749446857720613,0.00558145468690613,1120.8126516137143,-0.07542435585315399,0.08702266559445043
1665.6208045255726,-0.0028534370940178633,0.005798029632740422,1121.125990347741,-0.08413897046368046,0.08753678690217463
1666.0863217990566,-0.00553902518004179,0.0060591736332388565,1121.439329081768,-0.05363788425564453,0.0878412831379563
1666.5518390725406,-0.0041962312534451485,0.006234794749019855,1121.7526678157947,-0.09938951356769854,0.08771716714203359
1667.0173563460244,-0.000839246204122901,0.006316629533832661,1122.0660065498214,-0.13424790708099776,0.0877871703849674
1667.4828736195084,0.002517738612368703,0.006368107947719048,1122.3793452838481,-0.05363788425564453,0.08770502908133465
1667.9483908929924,0.002517738612368703,0.006417368499069223,1122.6926840178749,-0.06670974124262741,0.0877871703849674
1668.4139081664764,-0.000839246204122901,0.006434414204506908,1123.0060227519016,-0.05581650544387262,0.08731194332562034
1668.8794254399602,-0.0028534370940178633,0.006443247072381071,1123.3193614859283,-0.08196028434664537,0.08742045857679154
1669.3449427134442,-0.0021820401307195425,0.006447822314243128,1123.6327002199553,-0.10810412817822501,0.08740111291671414
1669.8104599869282,-0.0005035477224737406,0.006447168907048126,1123.946038953982,-0.08631759165190867,0.08736494813283806
1670.2759772604122,0.0018463416490703821,0.006456473718283814,1124.2593776880087,-0.0013502615212921398,0.08744335056789505
1670.741494533896,0.002517738612368703,0.006464685899789502,1124.5727164220355,-0.09285358507420705,0.08733898824755174
1671.20701180738,-0.0011749446857720613,0.006469245979497269,1124.8860551560622,-0.10156813475592663,0.08730178204175026
1671.672529080864,-0.004867628216743469,0.006471362067090891,1125.199393890089,-0.08849627776894375,0.08714829776132704
1672.1380463543478,-0.0018463416490703821,0.006477767153218066,1125.5127326241156,-0.09285358507420705,0.08716820784838761
1672.6035636278318,0.0031891355756670237,0.00649653924237455,1125.8260713581424,-0.11028274936645321,0.08723553937486668
1673.0690809013158,0.00520332669839263,0.006526785020407568,1126.1394100921693,-0.00788625494359052,0.08744761274926081
1673.5345981747998,0.004867628216743469,0.006538070977683046,1126.452748826196,-0.0710670485478907,0.08710343193665422
1674.0001154482836,0.0005035477224737406,0.006528075831568103,1126.7660875602228,-0.05581650544387262,0.08699452123359935
1674.4656327217676,-0.0057068741880357265,0.006512629854755944,1127.0794262942495,-0.03838734115162645,0.08725211494073147
1674.9311499952516,-0.009903104975819588,0.006485891480454885,1127.3927650282762,-0.08413897046368046,0.08719548040175933
1675.3966672687357,-0.011581597849726677,0.006463932360899303,1127.706103762303,-0.08849627776894375,0.08726793490146476
1675.8621845422194,-0.010910200886428356,0.006485891480454885,1128.0194424963297,-0.08413897046368046,0.08774736306545229
1676.3277018157034,-0.008224613033235073,0.006515701773924732,1128.3327812303564,-0.08631759165190867,0.08753601589871184
1676.7932190891875,-0.003524834057316184,0.0065179643668002735,1128.6461199643834,-0.08413897046368046,0.08759198474369775
1677.2587363626715,0.0011749446857720613,0.0065179643668002735,1128.9594586984101,-0.08196028434664537,0.08726096089343234
1677.7242536361553,0.004531929735094309,0.006509293563477783,1129.2727974324368,-0.08631759165190867,0.08722168652660896
1678.1897709096393,0.00520332669839263,0.006496822941748867,1129.5861361664636,-0.07542435585315399,0.08707160600322177
1678.6552881831233,0.0011749446857720613,0.006485140405372103,1129.8994749004903,-0.10156813475592663,0.08672728311881879
1679.120805456607,-0.00553902518004179,0.006479778870997925,1130.212813634517,-0.08196028434664537,0.08655623763491616
1679.586322730091,-0.008896009996533394,0.0064724605303193615,1130.5261523685438,-0.08196028434664537,0.08659786284827578
1680.051840003575,-0.009231708012521267,0.006461222973602456,1130.8394911025705,-0.08849627776894375,0.08664049208856309
1680.517357277059,-0.009567406959831715,0.006471972345519516,1131.1528298365974,-0.08849627776894375,0.08246428400252724
1680.9828745505429,-0.009903104975819588,0.006471972345519516,1131.4661685706242,-0.09067489895717196,0.08202744920923001
1681.4483918240269,-0.012252994813024998,0.006459266619521107,1131.779507304651,-0.05581650544387262,0.08224143115671885
1681.913909097511,-0.01493858266621828,0.006452414712462543,1132.0928460386776,-0.09067489895717196,0.08220083783636868
1682.379426370995,-0.01493858266621828,0.0064533328005120134,1132.4061847727044,-0.04928057695038124,0.0821407206071627
1682.8449436444787,-0.0117494473233819,0.006451700553656806,1132.719523506731,-0.03838734115162645,0.08176444093056914
1683.3104609179627,-0.008224613033235073,0.006439936162339732,1133.0328622407578,-0.07542435585315399,0.08137446008977538
1683.7759781914467,-0.004364080261439085,0.006426183818792776,1133.3462009747846,-0.018779490742345195,0.08148374041267557
1684.2414954649307,0.000839246204122901,0.00641355159906079,1133.6595397088115,-0.08196028434664537,0.08156344515879262
1684.7070127384145,0.002517738612368703,0.006415029375919728,1133.9728784428382,-0.06670974124262741,0.081680618730242
1685.1725300118985,0.0030212863348424435,0.006423069085292924,1134.286217176865,-0.10156813475592663,0.08161685670789393
1685.6380472853825,0.00587472366169095,0.00643339109283684,1134.5995559108917,-0.05581650544387262,0.08147779681052732
1686.1035645588663,0.009231708012521267,0.006437973339001704,1134.9128946449184,-0.07542435585315399,0.08200353142850081
1686.5690818323503,0.011581597849726677,0.006437973339001705,1135.2262333789452,-0.07978166315841717,0.08238414531034173
1687.0345991058343,0.01191729586571455,0.006437809743514163,1135.5395721129719,-0.08196028434664537,0.08247057473780904
1687.5001163793183,0.01191729586571455,0.0064467400666367546,1135.8529108469988,-0.036208655034591364,0.08255792424489662
1687.9656336528021,0.008896009996533394,0.00645571921534522,1136.1662495810256,-0.10156813475592663,0.08239174754217483
1688.4311509262861,0.0031891355756670237,0.006461589719857556,1136.4795883150523,-0.11028274936645321,0.08219070087473802
1688.8966681997701,-0.0041962312534451485,0.006468757545947068,1136.792927049079,-0.08631759165190867,0.08240169642039082
1689.3621854732542,-0.009567406959831715,0.006473640149759117,1137.1062657831058,-0.08849627776894375,0.0822390449448004
1689.827702746738,-0.01359578873962164,0.006467027406438884,1137.4196045171325,-0.08849627776894375,0.08231364297980479
1690.293220020222,-0.016281375661492348,0.006466213062958666,1137.7329432511592,-0.09938951356769854,0.08237201840699018
1690.758737293706,-0.018295567482709885,0.006464909900028795,1138.046281985186,-0.09938951356769854,0.08265986527484716
1691.22425456719,-0.015274280682206154,0.006457574708094234,1138.359620719213,-0.10156813475592663,0.08289709022432719
1691.6897718406738,-0.010910200886428356,0.006461976822446341,1138.6729594532396,-0.07978166315841717,0.08259054300307515
1692.1552891141578,-0.008560311049222946,0.006483617689175168,1138.9862981872664,-0.08413897046368046,0.08177165328678634
1692.6208063876418,-0.008224613033235073,0.006521901821512998,1139.299636921293,-0.09285358507420705,0.08660171457777632
1693.0863236611256,-0.004867628216743469,0.00657385557125199,1139.6129756553198,-0.11028274936645321,0.08678397808319391
1693.5518409346096,-0.003524834057316184,0.006606936207038816,1139.9263143893465,-0.08413897046368046,0.08717083350406361
1694.0173582080936,-0.002517738612368703,0.006608370738992953,1140.2396531233733,-0.08196028434664537,0.08783803160090174
1694.4828754815776,0.0011749446857720613,0.0066089086081981005,1140.5529918574,-0.07542435585315399,0.08750108427836495
1694.9483927550614,0.0041962312534451485,0.006621168125838056,1140.866330591427,-0.08849627776894375,0.0874069417069129
1695.4139100285454,0.0036926832981407642,0.006637849160262679,1141.1796693254537,-0.08413897046368046,0.08780426742699513
1695.8794273020294,0.002517738612368703,0.006650055325816527,1141.4930080594804,-0.07760304197018908,0.08774192200511974
1696.3449445755134,0.002517738612368703,0.006661448648414644,1141.8063467935071,-0.027494105352871778,0.0874951400152792
1696.8104618489972,0.0036926832981407642,0.006649263397809151,1142.1196855275339,-0.08631759165190867,0.08736330287679345
1697.2759791224812,0.00520332669839263,0.006646946467422882,1142.4330242615606,-0.09938951356769854,0.08736330287679345
1697.7414963959652,0.007553216069936752,0.006640288224190949,1142.7463629955873,-0.08413897046368046,0.0870715839986369
1698.207013669449,0.006546120624989271,0.006629970616599872,1143.059701729614,-0.062352498866171,0.08750839978198771
1698.672530942933,0.004531929735094309,0.006634893322445852,1143.373040463641,-0.0710670485478907,0.08756027297666077
1699.138048216417,0.0030212863348424435,0.0066525492804598765,1143.6863791976677,-0.08631759165190867,0.08756027297666077
1699.603565489901,0.0011749446857720613,0.006632988192368966,1143.9997179316945,-0.07760304197018908,0.08782093485203836
1700.0690827633848,0.003524834057316184,0.006564516602046254,1144.3130566657212,-0.08196028434664537,0.08754101920438316
1700.5346000368688,0.006546120624989271,0.006468838962418446,1144.626395399748,-0.1146400566717165,0.0874815287135742
1701.0001173103528,0.006546120624989271,0.006391364549850093,1144.9397341337747,-0.05581650544387262,0.08748152871357422
1701.4656345838368,0.0018463416490703821,0.006367094867932777,1145.2530728678014,-0.0645311200543992,0.0876344505636297
1701.9311518573206,-0.0028534370940178633,0.006380479378717722,1145.5664116018281,-0.04928057695038124,0.08761515215356844
1702.3966691308046,-0.0023498893715441227,0.0063854294845819256,1145.879750335855,-0.08196028434664537,0.08765425022434474
1702.8621864042887,0.0005035477224737406,0.006372881747060684,1146.1930890698818,-0.08413897046368046,0.08743608330038391
1703.3277036777727,0.0011749446857720613,0.006360474843795801,1146.5064278039085,-0.047101955762153036,0.08743608330038391
1703.7932209512564,-0.000839246204122901,0.006359646856430383,1146.8197665379353,-0.0710670485478907,0.08734548703067081
1704.2587382247405,-0.0001678492408245802,0.006340573303191841,1147.133105271962,-0.09067489895717196,0.08738470575635175
1704.7242554982245,0.0028534370940178633,0.006283675719730226,1147.4464440059887,-0.09285358507420705,0.08734751902420276
1705.1897727717082,0.006210422143340111,0.006221012164178724,1147.7597827400155,-0.062352498866171,0.08755350528998819
1705.6552900451923,0.0038605325389653444,0.0061595920872488325,1148.0731214740424,-0.09285358507420705,0.0873014347216657
1706.1208073186763,-0.0001678492408245802,0.00610825303710087,1148.3864602080691,-0.09721082745066334,0.08692251033315393
1706.5863245921603,-0.000839246204122901,0.006019149580457157,1148.6997989420959,-0.07978166315841717,0.08713534557306822
1707.051841865644,-0.0011749446857720613,0.005847139524277839,1149.0131376761226,-0.07760304197018908,0.08688824998214247
1707.517359139128,-0.0001678492408245802,0.005674369889343439,1149.3264764101493,-0.0645311200543992,0.08778619974258094
1707.982876412612,0.0011749446857720613,0.005564848097205229,1149.639815144176,-0.08196028434664537,0.08787355502064605
1708.448393686096,0.0021820401307195425,0.005509688966359445,1149.9531538782028,-0.09285358507420705,0.0879095105707752
1708.9139109595799,-0.0005035477224737406,0.005508470213835744,1150.2664926122295,-0.08413897046368046,0.08804359224964654
1709.379428233064,-0.0018463416490703821,0.005514776147503571,1150.5798313462565,-0.09938951356769854,0.0878273419542779
1709.844945506548,-0.003524834057316184,0.0055113374417539215,1150.8931700802832,-0.08196028434664537,0.08792916741673946
1710.310462780032,-0.0041962312534451485,0.005505529755532021,1151.20650881431,-0.0013502615212921398,0.0876326309655798
1710.7759800535157,-0.002517738612368703,0.005478105493866232,1151.5198475483367,-0.11681867785994471,0.08830423579255721
1711.2414973269997,0.000839246204122901,0.0054090339154254635,1151.8331862823634,-0.08631759165190867,0.0882235215792166
1711.7070146004837,-0.0001678492408245802,0.005296089383836026,1152.1465250163901,-0.07542435585315399,0.0881705297668889
1712.1725318739675,-0.003524834057316184,0.005173562894836064,1152.4598637504168,-0.09285358507420705,0.08795459156806701
1712.6380491474515,-0.003524834057316184,0.005046263510705186,1152.7732024844436,-0.07542435585315399,0.08818686912409171
1713.1035664209355,-0.0028534370940178633,0.004973392960996704,1153.0865412184705,-0.09285358507420705,0.08787549387644925
1713.5690836944195,-0.0031891355756670237,0.004969791585600625,1153.3998799524973,-0.08413897046368046,0.08760478590359956
1714.0346009679033,-0.0028534370940178633,0.004953632723841907,1153.713218686524,-0.08631759165190867,0.08768904462272666
1714.5001182413873,-0.0010070954449474812,0.004869791258034584,1154.0265574205507,-0.10374682087296183,0.08757478389201717
1714.9656355148713,-0.0005035477224737406,0.004693808395000407,1154.3398961545774,-0.08196028434664537,0.08747818514358038
1715.4311527883553,-0.002517738612368703,0.004430634113662824,1154.6532348886042,-0.11028274936645321,0.08730917940716466
1715.8966700618391,-0.004531929735094309,0.004085849861913774,1154.966573622631,-0.08413897046368046,0.08713984588860829
1716.3621873353231,-0.004867628216743469,0.0038155287011830724,1155.2799123566576,-0.06670974124262741,0.08682471583374514
1716.8277046088072,-0.00553902518004179,0.0036677498164902214,1155.5932510906846,-0.06017381274913591,0.08678831086490775
1717.2932218822912,-0.007721065077930689,0.0035735008982923718,1155.9065898247113,-0.2998252275725642,0.08678831086490775
1717.758739155775,-0.008896009996533394,0.0035074611060069935,1156.219928558738,-0.08849627776894375,0.08674575426684747
1718.224256429259,-0.0068818191066384315,0.00351196237334283,1156.5332672927648,-0.10156813475592663,0.0864715096000407
1718.689773702743,-0.0031891355756670237,0.003526925110277096,1156.8466060267915,-0.13860521438626106,0.08762659870199248
1719.1552909762268,-0.0023498893715441227,0.0035456882567296817,1157.1599447608182,-0.07324573466492579,0.08747557050230163
1719.6208082497108,-0.0041962312534451485,0.0035572539400968695,1157.473283494845,-0.07542435585315399,0.08736503213091015
1720.0863255231948,-0.00520332669839263,0.0035447970231899414,1157.786622228872,-0.08631759165190867,0.08716865702219395
1720.5518427966788,-0.004867628216743469,0.003533078777452925,1158.0999609628986,-0.08631759165190867,0.08699739859892182
1721.0173600701626,-0.0041962312534451485,0.0035250208946039966,1158.4132996969254,-0.07542435585315399,0.08676199763604878
1721.4828773436466,-0.002517738612368703,0.003516944549904258,1158.726638430952,-0.07324573466492579,0.08702727258873658
1721.9483946171306,0.0003356984816491604,0.0035096374427191638,1159.0399771649788,-0.09285358507420705,0.08750169362789317
1722.4139118906146,-0.000839246204122901,0.003497010914266198,1159.3533158990056,-0.08196028434664537,0.08712699994134752
1722.8794291640984,-0.003524834057316184,0.0034439021208485477,1159.6666546330323,-0.09067489895717196,0.08710758910728308
1723.3449464375824,-0.00553902518004179,0.0033899613991304244,1159.979993367059,-0.07760304197018908,0.08712241703807547
1723.8104637110664,-0.005035477224737406,0.0033625099712736753,1160.293332101086,-0.05581650544387262,0.08692161606011048
1724.2759809845504,-0.0021820401307195425,0.003358631620062012,1160.6066708351127,-0.07978166315841717,0.08998294528563539
1724.7414982580342,0.0011749446857720613,0.0033567495943568914,1160.9200095691394,-0.042744648456889744,0.08988640758098275
1725.2070155315182,0.000839246204122901,0.003350782872555102,1161.2333483031662,-0.08196028434664537,0.08986808693193885
1725.6725328050022,-0.003524834057316184,0.0033153924062717683,1161.546687037193,-0.08413897046368046,0.08925077241625058
1726.138050078486,-0.00587472366169095,0.0032882793523871705,1161.8600257712196,-0.10156813475592663,0.08930566661090439
1726.60356735197,-0.00553902518004179,0.0033010661762180103,1162.1733645052464,-0.08196028434664537,0.08911054252867408
1727.069084625454,-0.0028534370940178633,0.003289880423266192,1162.486703239273,-0.08631759165190867,0.08924792992853088
1727.534601898938,0.0018463416490703821,0.0032820678255674695,1162.8000419733,-0.05799519156090782,0.08905913422947419
1728.0001191724218,0.0031891355756670237,0.0032849546407405705,1163.1133807073268,-0.07542435585315399,0.08886394728474487
1728.4656364459058,0.0005035477224737406,0.0032839926509799625,1163.4267194413535,-0.09285358507420705,0.08902924354179306
1728.9311537193898,-0.0021820401307195425,0.003286236855700832,1163.7400581753802,-0.08631759165190867,0.08906274025412093
1729.3966709928739,-0.0015106431674212217,0.0032876387057147946,1164.053396909407,-0.07760304197018908,0.0888495893901227
1729.8621882663576,-0.0011749446857720613,0.003278013980901842,1164.3667356434337,-0.10810412817822501,0.08873082395113616
1730.3277055398416,-0.0031891355756670237,0.0032317421881093667,1164.6800743774604,-0.05581650544387262,0.08880857968097289
1730.7932228133257,-0.00553902518004179,0.0032111451399338986,1164.9934131114871,-0.03403003384636316,0.08865412022223838
1731.2587400868094,-0.00587472366169095,0.003255445630832303,1165.306751845514,-0.08413897046368046,0.08850997713976284
1731.7242573602934,-0.0021820401307195425,0.0033217397892527267,1165.6200905795408,-0.06017381274913591,0.08892057658268265
1732.1897746337775,0.0031891355756670237,0.003352982378385649,1165.9334293135676,-0.13860521438626106,0.08897611308061143
1732.6552919072615,0.002517738612368703,0.0033773942039499096,1166.2467680475943,-0.05581650544387262,0.0891290784903214
1733.1208091807453,-0.0015106431674212217,0.003394308205947938,1166.560106781621,-0.07978166315841717,0.08899511636955178
1733.5863264542293,-0.0041962312534451485,0.003415959252896507,1166.8734455156477,-0.05363788425564453,0.08893360577639535
1734.0518437277133,-0.0028534370940178633,0.0034396179986370804,1167.1867842496745,-0.05145919813860933,0.08878030357456083
1734.5173610011973,-0.0015106431674212217,0.0034414547064596642,1167.5001229837012,-0.07978166315841717,0.08854242811249545
1734.982878274681,-0.0015106431674212217,0.0034310336950026865,1167.8134617177282,-0.0688884273596625,0.08893436480665828
1735.448395548165,-0.0015106431674212217,0.00341349179834408,1168.126800451755,-0.12553329247047118,0.08923267827464067
1735.913912821649,-0.0021820401307195425,0.0034061946633458127,1168.4401391857816,-0.0645311200543992,0.08920626745550761
1736.379430095133,-0.0021820401307195425,0.0034312639089685384,1168.7534779198083,-0.07324573466492579,0.08886847933503965
1736.8449473686169,-0.0021820401307195425,0.0034590831521809475,1169.066816653835,-0.05145919813860933,0.08878827805658426
1737.310464642101,-0.001678492408245802,0.0034560370445921693,1169.3801553878618,-0.07542435585315399,0.08861670533281396
1737.775981915585,0.0010070954449474812,0.0034395414480721683,1169.6934941218885,-0.06670974124262741,0.08848090445431198
1738.2414991890687,0.002517738612368703,0.0034700270025172855,1170.0068328559155,-0.08413897046368046,0.08830873454445229
1738.7070164625527,0.0006713969632983208,0.0035394449263094546,1170.3201715899422,-0.09503220626243525,0.08830873454445229
1739.1725337360367,-0.0018463416490703821,0.0036829375611333354,1170.633510323969,-0.07542435585315399,0.08819829500546345
1739.6380510095207,-0.0021820401307195425,0.003857701134956363,1170.9468490579957,-0.07760304197018908,0.08800289196552263
1740.1035682830045,-0.0028534370940178633,0.00393848672280193,1171.2601877920224,-0.08196028434664537,0.0878114194593789
1740.5690855564885,-0.004531929735094309,0.003951834850356538,1171.5735265260491,-0.08196028434664537,0.08762280887245155
1741.0346028299725,-0.0021820401307195425,0.003968324171613281,1171.8868652600759,-0.06670974124262741,0.08762280887245155
1741.5001201034565,0.000839246204122901,0.0040197448485867135,1172.2002039941026,-0.07542435585315399,0.08770660534482472
1741.9656373769403,-0.0005035477224737406,0.0040241965396070264,1172.5135427281296,-0.08413897046368046,0.08781671376555271
1742.4311546504243,-0.0041962312534451485,0.003961849663896365,1172.8268814621563,-0.08849627776894375,0.08317953257832687
1742.8966719239083,-0.00520332669839263,0.003867415066525071,1173.140220196183,-0.08413897046368046,0.08290072533435773
1743.3621891973924,-0.004867628216743469,0.00381145504822215,1173.4535589302097,-0.1691063005942971,0.08250789224042088
1743.8277064708761,-0.004531929735094309,0.003808967288455006,1173.7668976642365,-0.062352498866171,0.0815911949502188
1744.2932237443601,-0.0031891355756670237,0.003803883060350376,1174.0802363982632,-0.06017381274913591,0.082901129658393
1744.7587410178442,-0.0028534370940178633,0.0037838953576672814,1174.39357513229,-0.0645311200543992,0.082901129658393
1745.224258291328,-0.0021820401307195425,0.003756238607178079,1174.7069138663167,-0.062352498866171,0.0827318251719568
1745.689775564812,0.0005035477224737406,0.0037266814126954767,1175.0202526003436,-0.040565962339854655,0.0824865964503305
1746.155292838296,-0.0005035477224737406,0.0037045719823780173,1175.3335913343703,-0.07542435585315399,0.08224745452746723
1746.62081011178,-0.0028534370940178633,0.0036967098506401484,1175.646930068397,-0.12771197858750638,0.08209294911411166
1747.0863273852638,-0.0041962312534451485,0.0036966030098342763,1175.9602688024238,-0.05363788425564453,0.08209294911411166
1747.5518446587478,-0.0041962312534451485,0.0036974576498383913,1176.2736075364505,-0.08196028434664537,0.08190180749086585
1748.0173619322318,-0.0018463416490703821,0.003693289411850832,1176.5869462704773,-0.0645311200543992,0.0814681224664996
1748.4828792057158,0.000839246204122901,0.003655165221181943,1176.900285004504,-0.036208655034591364,0.08130122441779601
1748.9483964791996,0.002517738612368703,0.003638595463364177,1177.2136237385307,0.25573028512997875,0.08155001774467238
1749.4139137526836,-0.0001678492408245802,0.003655057168485311,1177.5269624725577,-0.0645311200543992,0.08147465569967473
1749.8794310261676,-0.0028534370940178633,0.0036593768875395863,1177.8403012065844,-0.07978166315841717,0.08156272318680108
1750.3449482996516,-0.0041962312534451485,0.0036585133517627487,1178.1536399406111,-0.036208655034591364,0.08148519592032681
1750.8104655731354,-0.004867628216743469,0.0036487123296660034,1178.4669786746379,-0.0645311200543992,0.08112893164565639
1751.2759828466194,-0.003524834057316184,0.00361245057235823,1178.7803174086646,-0.020958111930573398,0.08067334439815883
1751.7415001201034,-0.0005035477224737406,0.003574348124093747,1179.0936561426913,-0.0710670485478907,0.08047883120673827
1752.2070173935872,-0.0001678492408245802,0.0035637246515157653,1179.406994876718,-0.05581650544387262,0.08054679865544892
1752.6725346670712,-0.0015106431674212217,0.003561063831458702,1179.7203336107448,-0.05799519156090782,0.0806446148595108
1753.1380519405552,-0.000839246204122901,0.0035495105622183176,1180.0336723447717,-0.07324573466492579,0.08066393110450842
1753.6035692140392,-0.0015106431674212217,0.0035495105622183176,1180.3470110787985,-0.07542435585315399,0.08047503914272014
1754.069086487523,-0.0010070954449474812,0.003545056971493737,1180.6603498128252,-0.0645311200543992,0.08007247889493854
1754.534603761007,0.0011749446857720613,0.0035429767133104695,1180.973688546852,-0.07978166315841717,0.08013414774936711
1755.000121034491,0.002517738612368703,0.0035484347899827602,1181.2870272808786,-0.07324573466492579,0.07988676326437123
1755.465638307975,-0.000839246204122901,0.0035620618746707456,1181.6003660149054,-0.07542435585315399,0.07994808726153704
1755.9311555814588,-0.00553902518004179,0.0035528841489308356,1181.913704748932,-0.08196028434664537,0.08006241615091372
1756.3966728549428,-0.0068818191066384315,0.0035135364390770853,1182.227043482959,-0.1189973639769798,0.08015239009514084
1756.8621901284268,-0.004867628216743469,0.0035156341175950853,1182.5403822169858,-0.08413897046368046,0.08013386505044151
1757.3277074019106,-0.0041962312534451485,0.003518628631854643,1182.8537209510125,-0.08413897046368046,0.07946749601864153
1757.7932246753946,-0.0036926832981407642,0.0035105375811424924,1183.1670596850392,-0.0645311200543992,0.079790624305335
1758.2587419488787,-0.004531929735094309,0.0035120373301928513,1183.480398419066,-0.08631759165190867,0.0796783988241969
1758.7242592223627,-0.0041962312534451485,0.0034994194589888328,1183.7937371530927,-0.0645311200543992,0.08024936640135806
1759.1897764958464,-0.0021820401307195425,0.0035139485793015722,1184.1070758871194,-0.07324573466492579,0.08021267627226408
1759.6552937693305,-0.0021820401307195425,0.0035515128555942002,1184.4204146211462,-0.1189973639769798,0.08013605656621242
1760.1208110428145,-0.0021820401307195425,0.0035886839522206748,1184.7337533551731,-0.07542435585315399,0.08027202699761958
1760.5863283162985,0.0010070954449474812,0.0036304091499509087,1185.0470920891999,-0.1146400566717165,0.07950515539702202
1761.0518455897823,0.004364080261439085,0.003634758161997897,1185.3604308232266,-0.03185141265813507,0.07961428206777801
1761.5173628632663,0.004531929735094309,0.0036286680856730414,1185.6737695572533,-0.0645311200543992,0.07957792313835134
1761.9828801367503,0.0031891355756670237,0.0036243117658141667,1185.98710829128,-0.07324573466492579,0.07971887418107355
1762.4483974102343,-0.0005035477224737406,0.003631170603066704,1186.3004470253068,-0.05581650544387262,0.07969988605424669
1762.913914683718,-0.00553902518004179,0.003638016509216611,1186.6137857593335,-0.07324573466492579,0.07968312022637834
1763.379431957202,-0.007888914085924625,0.0036359894363510643,1186.9271244933602,-0.08413897046368046,0.07951198472816125
1763.844949230686,-0.010910200886428356,0.0036383421834463078,1187.2404632273872,-0.07324573466492579,0.07931531624123087
1764.3104665041699,-0.01191729586571455,0.003633997460604753,1187.553801961414,-0.08413897046368046,0.07939719784084029
1764.775983777654,-0.008224613033235073,0.0036287769266636015,1187.8671406954406,-0.05581650544387262,0.0794593907862032
1765.241501051138,-0.0041962312534451485,0.003634287270386405,1188.1804794294674,-0.09285358507420705,0.07939887397362629
1765.707018324622,-0.00587472366169095,0.0036383421836470795,1188.493818163494,-0.08413897046368046,0.07942016889289583
1766.1725355981057,-0.008224613033235073,0.0036625773913192172,1188.8071568975208,-0.07760304197018908,0.07934159896931124
1766.6380528715897,-0.00587472366169095,0.0036687188329354204,1189.1204956315476,-0.07542435585315399,0.07932252053086236
1767.1035701450737,-0.002517738612368703,0.0036684317432827017,1189.4338343655743,-0.0710670485478907,0.07924056176503298
1767.5690874185577,-0.0001678492408245802,0.003647701906143047,1189.7471730996012,-0.05363788425564453,0.07880342161094626
1768.0346046920415,0.0011749446857720613,0.0036128878715136537,1190.060511833628,-0.05799519156090782,0.07870169349781203
1768.5001219655255,0.0028534370940178633,0.0035982826112470876,1190.3738505676547,-0.05581650544387262,0.07698514446840134
1768.9656392390095,0.0011749446857720613,0.003606760864493278,1190.6871893016814,0.16858433381113413,0.07715670958638345
1769.4311565124935,-0.0011749446857720613,0.003618240486972682,1191.0005280357082,-0.07542435585315399,0.0772818505838576
1769.8966737859773,-0.0021820401307195425,0.0036094974194813057,1191.313866769735,-0.06670974124262741,0.0773739796619945
1770.3621910594613,-0.0001678492408245802,0.0036077462634139033,1191.6272055037616,-0.05581650544387262,0.07742576687695489
1770.8277083329453,-0.0001678492408245802,0.003615619786630015,1191.9405442377886,-0.03838734115162645,0.07771008304653386
1771.2932256064291,-0.0003356984816491604,0.003615328480437097,1192.2538829718153,-0.05145919813860933,0.07757012555715426
1771.7587428799131,-0.0001678492408245802,0.003615328480437097,1192.567221705842,-0.09285358507420705,0.07699007384032155
1772.2242601533972,0.0011749446857720613,0.00360570217056803,1192.8805604398688,-0.05799519156090782,0.0821765121484738
1772.6897774268812,0.0030212863348424435,0.00358578465106843,1193.1938991738955,-0.02531541923583669,0.08211799774138126
1773.155294700365,0.000839246204122901,0.0035813761689712084,1193.5072379079222,-0.05581650544387262,0.08234857448573779
1773.620811973849,-0.003524834057316184,0.0035804938211987294,1193.820576641949,-0.08631759165190867,0.09428255524778907
1774.086329247333,-0.0041962312534451485,0.0035735377192476184,1194.1339153759757,-0.0710670485478907,0.09134640914383672
1774.551846520817,-0.0021820401307195425,0.0035735377192476184,1194.4472541100026,-0.05799519156090782,0.09150978940145714
1775.0173637943008,-0.0001678492408245802,0.003568191834555487,1194.7605928440294,-0.07324573466492579,0.09145870169554332
1775.4828810677848,0.0021820401307195425,0.00354598525788127,1195.073931578056,-0.02967272654109998,0.09164956261701124
1775.9483983412688,0.002517738612368703,0.003520947620600797,1195.3872703120828,-0.04928057695038124,0.09183635663543903
1776.4139156147528,0.0011749446857720613,0.003524236480024288,1195.7006090461095,-0.05799519156090782,0.09208664905710293
1776.8794328882366,-0.0001678492408245802,0.0035419361167699508,1196.0139477801363,-0.09285358507420705,0.0921026023892768
1777.3449501617206,-0.0011749446857720613,0.0035526247445615087,1196.327286514163,-0.0710670485478907,0.09228517201426063
1777.8104674352046,-0.0011749446857720613,0.00354965890974922,1196.6406252481897,-0.07760304197018908,0.09232571311817278
1778.2759847086884,0.0005035477224737406,0.0035505489203212838,1196.9539639822167,-0.07324573466492579,0.09225092192967475
1778.7415019821724,0.0011749446857720613,0.0035478782188086443,1197.2673027162434,-0.023136798047608487,0.09223451378544269
1779.2070192556564,0.000839246204122901,0.0035572539111427747,1197.5806414502702,-0.08413897046368046,0.09215766537121299
1779.6725365291404,-0.0023498893715441227,0.0035955375138996093,1197.8939801842969,-0.08631759165190867,0.09223199381428755
1780.1380538026242,-0.004531929735094309,0.0036484597415604365,1198.2073189183236,-0.0645311200543992,0.09224840240674473
1780.6035710761082,-0.004867628216743469,0.003673775097425897,1198.5206576523503,-0.05581650544387262,0.09231881379831404
1781.0690883495922,-0.0021820401307195425,0.0036416334670924234,1198.833996386377,-0.09285358507420705,0.09216194002854344
1781.5346056230762,0.002517738612368703,0.003607052857545531,1199.1473351204038,0.05747322477774486,0.09169511276328214
1782.00012289656,0.003524834057316184,0.003643657400020435,1199.4606738544308,-0.08849627776894375,0.09162422207113113
1782.465640170044,0.0005035477224737406,0.003707271841754831,1199.7740125884575,-0.09285358507420705,0.0915702916398268
1782.931157443528,-0.0018463416490703821,0.003743916295948114,1200.0873513224842,-0.06670974124262741,0.09175724703359957
1783.396674717012,-0.0028534370940178633,0.0037284120092534235,1200.400690056511,-0.1124614354834883,0.09251289604369703
1783.8621919904958,-0.004364080261439085,0.0037063129025536132,1200.7140287905377,-0.04492326964511795,0.09251289604369703
1784.3277092639798,-0.00553902518004179,0.0037011943709348376,1201.0273675245644,-0.0710670485478907,0.09252925482262259
1784.7932265374639,-0.00553902518004179,0.003717378879038457,1201.3407062585911,-0.08413897046368046,0.09208399790978765
1785.2587438109476,-0.00587472366169095,0.0037705462657717345,1201.6540449926179,-0.05145919813860933,0.09183966845199514
1785.7242610844316,-0.0028534370940178633,0.0038393655531088933,1201.9673837266448,-0.07760304197018908,0.09122785705766623
1786.1897783579157,0.0001678492408245802,0.0038736735657789,1202.2807224606715,-0.0688884273596625,0.0911775461942416
1786.6552956313997,-0.0011749446857720613,0.003905894377186155,1202.5940611946983,-0.0710670485478907,0.09112377965208868
1787.1208129048835,-0.0028534370940178633,0.003950135468243778,1202.907399928725,-0.07324573466492579,0.0910083527525394
1787.5863301783675,-0.002517738612368703,0.0039859675040133805,1203.2207386627517,-0.0645311200543992,0.09125018386191545
1788.0518474518515,-0.0021820401307195425,0.003955464399750666,1203.5340773967785,-0.0645311200543992,0.09113491705971763
1788.5173647253355,-0.0015106431674212217,0.0038812790068516205,1203.8474161308052,-0.07542435585315399,0.09079269778122952
1788.9828819988193,-0.0001678492408245802,0.0037355378910964914,1204.1607548648321,-0.08413897046368046,0.09079269778122952
1789.4483992723033,-0.000839246204122901,0.0035596957174822523,1204.4740935988589,-0.08413897046368046,0.09064253988494342
1789.9139165457873,-0.003524834057316184,0.0034761677724522186,1204.7874323328856,-0.07542435585315399,0.09063024573457787
1790.379433819271,-0.004867628216743469,0.0034542843141801283,1205.1007710669123,-0.08413897046368046,0.09055068350856568
1790.844951092755,-0.004867628216743469,0.0034082425230598998,1205.414109800939,-0.05581650544387262,0.09046216659852574
1791.310468366239,-0.0023498893715441227,0.003314558413567369,1205.7274485349658,-0.07324573466492579,0.09049807349408129
1791.775985639723,-0.0001678492408245802,0.003267514913475634,1206.0407872689925,-0.07542435585315399,0.09055117283599866
1792.241502913207,0.0011749446857720613,0.003259446764331936,1206.3541260030192,-0.020958111930573398,0.090491152210489
1792.707020186691,-0.0001678492408245802,0.003288719728135244,1206.6674647370462,-0.07324573466492579,0.09034526780347588
1793.172537460175,-0.003524834057316184,0.003315829183005777,1206.980803471073,-0.0013502615212921398,0.09035858258715719
1793.638054733659,-0.00520332669839263,0.0033186866304263482,1207.2941422050997,-0.08196028434664537,0.09054466883248602
1794.1035720071427,-0.004364080261439085,0.003316781939004337,1207.6074809391264,-0.07542435585315399,0.0891345960016941
1794.5690892806267,-0.0011749446857720613,0.0033291429544748154,1207.9208196731531,-0.07542435585315399,0.08905463438427096
1795.0346065541107,0.0018463416490703821,0.0033313567433412763,1208.2341584071798,-0.0688884273596625,0.08898457172649137
1795.5001238275947,0.002517738612368703,0.0033313567433412763,1208.5474971412066,-0.07978166315841717,0.08899759203591
1795.9656411010785,-0.0001678492408245802,0.0033313567433412763,1208.8608358752333,-0.05799519156090782,0.08921864270376545
1796.4311583745625,-0.0028534370940178633,0.003333134615338321,1209.1741746092603,-0.08196028434664537,0.0890899761915904
1796.8966756480465,-0.0031891355756670237,0.0033539245794567242,1209.487513343287,-0.30200388122519584,0.0886551880712204
1797.3621929215303,-0.0015106431674212217,0.0034238508464213505,1209.8008520773137,-0.07542435585315399,0.08881326126720435
1797.8277101950143,0.0001678492408245802,0.0034955800376002145,1210.1141908113404,-0.09067489895717196,0.0891139325699811
1798.2932274684983,-0.0001678492408245802,0.0035181047906999966,1210.4275295453672,-0.4762958163272888,0.08932154624505728
1798.7587447419824,-0.0010070954449474812,0.003501713598404713,1210.740868279394,-0.08413897046368046,0.08893622664368502
1799.2242620154661,0.0001678492408245802,0.0034812011642896224,1211.0542070134206,0.08579568979755259,0.0888610787133368
1799.6897792889501,0.0020141908898949623,0.003474841971374116,1211.3675457474474,-0.07324573466492579,0.08878025128276919
1800.1552965624342,0.000839246204122901,0.003474841971374116,1211.6808844814743,-0.0710670485478907,0.0887170320874212
1800.6208138359182,-0.0021820401307195425,0.003470292556235007,1211.994223215501,-0.08849627776894375,0.08883467645625899
1801.086331109402,-0.0038605325389653444,0.0034620885438657696,1212.3075619495278,-0.07324573466492579,0.08898900145620649
1801.551848382886,-0.0036926832981407642,0.0034739325649745336,1212.6209006835545,-0.07324573466492579,0.08900251913766855
1802.01736565637,-0.0028534370940178633,0.0035056214268394266,1212.9342394175812,-0.08196028434664537,0.08868832546984325
1802.482882929854,-0.0001678492408245802,0.0035146229084557284,1213.247578151608,-0.0645311200543992,0.08853898818237103
1802.9484002033378,0.0011749446857720613,0.0035137237979968195,1213.5609168856347,-0.062352498866171,0.08844087433927221
1803.4139174768218,0.0005035477224737406,0.0035241991471807676,1213.8742556196614,-0.07324573466492579,0.08832194125212134
1803.8794347503058,-0.0028534370940178633,0.0035286790629288885,1214.1875943536884,-0.05145919813860933,0.08866749516244583
1804.3449520237896,-0.00553902518004179,0.00352957436374208,1214.500933087715,-0.08849627776894375,0.08859418188488045
1804.8104692972736,-0.0068818191066384315,0.003525282315152795,1214.8142718217418,-0.07542435585315399,0.08820174274802756
1805.2759865707576,-0.004531929735094309,0.0035043067761035564,1215.1276105557686,-0.08413897046368046,0.08835604878778448
1805.7415038442416,-0.0023498893715441227,0.0034961825807342936,1215.4409492897953,-0.06017381274913591,0.08847493602564015
1806.2070211177254,-0.004531929735094309,0.0035306558828616624,1215.754288023822,0.07054514669353462,0.08818363510980258
1806.6725383912094,-0.007217517588287592,0.0035627270943008444,1216.0676267578488,-0.07542435585315399,0.08840314303248556
1807.1380556646934,-0.008224613033235073,0.003586592309344835,1216.3809654918757,-0.07760304197018908,0.08799150243203671
1807.6035729381774,-0.006546120624989271,0.003610992545250933,1216.6943042259024,-0.08849627776894375,0.08778541214736199
1808.0690902116612,-0.0028534370940178633,0.0036127421277919953,1217.0076429599292,-0.14949845018501584,0.08794498842024297
1808.5346074851452,-0.0001678492408245802,0.0036051544712592284,1217.320981693956,-0.0645311200543992,0.08755717538751688
1809.0001247586292,-0.000839246204122901,0.0036051544712592284,1217.6343204279826,-0.07542435585315399,0.08847001784840425
1809.4656420321132,-0.0041962312534451485,0.0036267084040888377,1217.9476591620094,-0.07324573466492579,0.08843830303112714
1809.931159305597,-0.0068818191066384315,0.0036481349940670777,1218.260997896036,-0.02967272654109998,0.08822861099158652
1810.396676579081,-0.007553216069936752,0.003626417988431116,1218.5743366300628,-0.03403003384636316,0.08838951489366993
1810.862193852565,-0.0068818191066384315,0.0036188590061695075,1218.8876753640898,-0.00570756882655532,0.08827660334540585
1811.3277111260488,-0.0068818191066384315,0.003621768174061236,1219.2010140981165,-0.05581650544387262,0.08836228944986171
1811.7932283995328,-0.0068818191066384315,0.0036359894509164206,1219.5143528321432,-0.05581650544387262,0.08825989849178709
1812.2587456730168,-0.00553902518004179,0.003648134995568822,1219.82769156617,-0.08849627776894375,0.08821145409978165
1812.7242629465009,-0.0021820401307195425,0.0036559215372033663,1220.1410303001967,-0.05581650544387262,0.08799854115409511
1813.1897802199846,-0.0001678492408245802,0.003656893689147131,1220.4543690342234,0.02043621007621732,0.08799854115409513
1813.6552974934687,-0.0005035477224737406,0.003660060392103344,1220.7677077682501,-0.07324573466492579,0.08807235025693391
1814.1208147669527,-0.0021820401307195425,0.0036758529859668683,1221.0810465022769,-0.0645311200543992,0.08787497150555702
1814.5863320404367,-0.0021820401307195425,0.003690722018116074,1221.3943852363038,-0.05363788425564453,0.08791496320697872
1815.0518493139205,-0.0011749446857720613,0.0036751007907148622,1221.7077239703306,-0.08413897046368046,0.08795090182886785
1815.5173665874045,-0.000839246204122901,0.003663907124956264,1222.0210627043573,-0.07324573466492579,0.08787699071986976
1815.9828838608885,0.0005035477224737406,0.00363446840101998,1222.334401438384,-0.08196028434664537,0.08787699071986976
1816.4484011343725,0.0011749446857720613,0.003657757604403677,1222.6477401724107,-0.08196028434664537,0.08926221089430683
1816.9139184078563,-0.000839246204122901,0.003709330964208185,1222.9610789064375,-0.062352498866171,0.08919734403399635
1817.3794356813403,-0.004531929735094309,0.0037558881147945282,1223.2744176404642,0.007364288160427557,0.08958377952489255
1817.8449529548243,-0.004531929735094309,0.0037852172531018546,1223.587756374491,-0.06017381274913591,0.08960067308677144
1818.310470228308,-0.0031891355756670237,0.00377992694016345,1223.901095108518,-0.08196028434664537,0.08995022980481486
1818.775987501792,-0.0001678492408245802,0.003754205243367579,1224.2144338425446,-0.036208655034591364,0.08973857420569287
1819.241504775276,0.0031891355756670237,0.003764186265962488,1224.5277725765714,-0.0645311200543992,0.08977378279485261
1819.70702204876,0.002517738612368703,0.003820838645772368,1224.841111310598,-0.05581650544387262,0.09301378370565377
1820.172539322244,-0.0001678492408245802,0.00387421732600235,1225.1544500446248,-0.05799519156090782,0.09304489248420092
1820.638056595728,-0.0001678492408245802,0.003923382260374925,1225.4677887786515,-0.07542435585315399,0.09284698130713427
1821.103573869212,0.0011749446857720613,0.003959722402720764,1225.7811275126783,0.013900281582725937,0.0930338121358301
1821.569091142696,0.0038605325389653444,0.00395413286149826,1226.094466246705,-0.018779490742345195,0.09293471624155243
1822.0346084161797,0.007217517588287592,0.003942930007738392,1226.407804980732,-0.07978166315841717,0.08844989604715209
1822.5001256896637,0.007888914085924625,0.003945867162746796,1226.7211437147587,-0.07978166315841717,0.08818890049385741
1822.9656429631477,0.0041962312534451485,0.003948535407736918,1227.0344824487854,-0.08413897046368046,0.0881480266026346
1823.4311602366315,-0.0003356984816491604,0.003948535407736918,1227.3478211828121,-0.010064876131818612,0.0756047050933654
1823.8966775101155,-0.0015106431674212217,0.003948968827259822,1227.6611599168389,-0.06017381274913591,0.07542431636186459
1824.3621947835995,-0.0001678492408245802,0.003954565667541518,1227.9744986508656,-0.042744648456889744,0.07540687196422442
1824.8277120570835,-0.0001678492408245802,0.003957261315797599,1228.2878373848923,-0.0645311200543992,0.07533243062584546
1825.2932293305673,-0.0011749446857720613,0.003956728987621771,1228.6011761189193,-0.05581650544387262,0.07501853334363362
1825.7587466040513,0.0005035477224737406,0.003956728987621771,1228.914514852946,-0.07324573466492579,0.07478974711046821
1826.2242638775353,0.0031891355756670237,0.003948735453428135,1229.2278535869727,-0.06017381274913591,0.07480998152977794
1826.6897811510194,0.004867628216743469,0.003940090904193504,1229.5411923209995,-0.05145919813860933,0.07452933939359896
1827.1552984245031,0.0028534370940178633,0.0039481019406335605,1229.8545310550262,-0.047101955762153036,0.07431874734187185
1827.6208156979872,-0.000839246204122901,0.003968854962422317,1230.167869789053,-0.0645311200543992,0.07441454498640726
1828.0863329714712,-0.0028534370940178633,0.00397680805584961,1230.4812085230797,-0.05581650544387262,0.07433665131980698
1828.5518502449552,-0.0021820401307195425,0.003976543209001944,1230.7945472571064,-0.08413897046368046,0.07419511292592522
1829.017367518439,-0.0011749446857720613,0.003974423798863494,1231.1078859911333,-0.07542435585315399,0.07440731955337758
1829.482884791923,-0.0015106431674212217,0.003944732611363342,1231.42122472516,0.005185666972199354,0.07431516538925374
1829.948402065407,-0.0021820401307195425,0.0038890726919091944,1231.7345634591868,-0.08413897046368046,0.0742750180806644
1830.4139193388908,-0.0041962312534451485,0.0038741493624579225,1232.0479021932135,-0.07324573466492579,0.0742750180806644
1830.8794366123748,-0.00553902518004179,0.0038887003065263244,1232.3612409272403,-0.05581650544387262,0.07424321447352283
1831.3449538858588,-0.00553902518004179,0.0038819234348430078,1232.674579661267,-0.08631759165190867,0.07447228954279447
1831.8104711593428,-0.00553902518004179,0.003820390689461891,1232.9879183952937,-0.00788625494359052,0.07432623548653128
1832.2759884328266,-0.004364080261439085,0.0037367711973136323,1233.3012571293204,-0.0688884273596625,0.07420933301907655
1832.7415057063106,-0.0021820401307195425,0.003685688992661696,1233.6145958633474,-0.08631759165190867,0.07379759905321426
1833.2070229797946,-0.0015106431674212217,0.0036782518171469664,1233.9279345973741,-0.07324573466492579,0.07269394945612134
1833.6725402532786,-0.004364080261439085,0.003681114047466292,1234.2412733314009,-0.13860521438626106,0.07288109645943346
1834.1380575267624,-0.0068818191066384315,0.0036959619141732113,1234.5546120654276,-0.06670974124262741,0.07252195735411518
1834.6035748002464,-0.0068818191066384315,0.0037036479063531818,1234.8679507994543,-0.05581650544387262,0.07258637433387038
1835.0690920737304,-0.0041962312534451485,0.003653832330908659,1235.181289533481,-0.07542435585315399,0.0727625804458993
1835.5346093472144,-0.0015106431674212217,0.003584572876499362,1235.4946282675078,-0.062352498866171,0.07314186613568514
1836.0001266206982,-0.0015106431674212217,0.0035330787700098066,1235.8079670015345,-0.07978166315841717,0.07340535742546109
1836.4656438941822,-0.003524834057316184,0.0034935079994142765,1236.1213057355615,-0.05581650544387262,0.0735484156601042
1836.9311611676662,-0.0041962312534451485,0.0034534838480654684,1236.4346444695882,-0.06670974124262741,0.0735641681048229
1837.39667844115,-0.003524834057316184,0.0034148413935897143,1236.747983203615,-0.012243562248853812,0.07340731565861591
1837.862195714634,-0.0023498893715441227,0.0034169996610257125,1237.0613219376417,-0.0645311200543992,0.07373166125148635
1838.327712988118,-0.0021820401307195425,0.0034372824155380747,1237.3746606716684,-0.08413897046368046,0.07415266015452086
1838.793230261602,-0.003524834057316184,0.003438814113065958,1237.687999405695,-0.05799519156090782,0.07413284410894191
1839.2587475350858,-0.003524834057316184,0.0034337185778017536,1238.0013381397218,-0.08849627776894375,0.07424986700421612
1839.7242648085698,-0.0003356984816491604,0.003429114604584957,1238.3146768737488,-0.07978166315841717,0.07438653009831789
1840.1897820820539,0.0038605325389653444,0.003479423271204441,1238.6280156077755,-0.07542435585315399,0.07429912668084922
1840.6552993555379,0.000839246204122901,0.0035755633830831385,1238.9413543418023,-0.05581650544387262,0.07438414404299867
1841.1208166290216,-0.004867628216743469,0.00364582465658502,1239.254693075829,-0.17782085027601668,0.07415751666678919
1841.5863339025057,-0.006378271151334047,0.0036702974194484676,1239.5680318098557,-0.06670974124262741,0.07401450919468254
1842.0518511759897,-0.006210422143340111,0.003677464295881312,1239.8813705438824,-0.08849627776894375,0.07421573266769617
1842.5173684494737,-0.004867628216743469,0.0036521745120958312,1240.1947092779092,-0.07542435585315399,0.07461203101379206
1842.9828857229575,-0.0028534370940178633,0.0036362790798399568,1240.508048011936,-0.08196028434664537,0.07470151451960083
1843.4484029964415,-0.002517738612368703,0.003672592339870974,1240.8213867459629,-0.05145919813860933,0.0747241481063414
1843.9139202699255,-0.00520332669839263,0.0037213078808082177,1241.1347254799896,-0.07978166315841717,0.07503953887817656
1844.3794375434093,-0.0068818191066384315,0.0037567993414823987,1241.4480642140163,-0.2627882128710367,0.07498965305941817
1844.8449548168933,-0.0068818191066384315,0.003789284354720241,1241.761402948043,-0.07324573466492579,0.07514983750455884
1845.3104720903773,-0.0068818191066384315,0.003799277173531686,1242.0747416820698,-0.04928057695038124,0.07531498244374864
1845.7759893638613,-0.00553902518004179,0.003802048295514882,1242.3880804160965,-0.08413897046368046,0.07529488373630865
1846.241506637345,-0.0018463416490703821,0.003812836427366319,1242.7014191501232,-0.0688884273596625,0.07547602532984994
1846.707023910829,-0.000839246204122901,0.0038179087324805567,1243.01475788415,-0.0645311200543992,0.07578571124728123
1847.172541184313,-0.0021820401307195425,0.0037829906367786584,1243.328096618177,-0.027494105352871778,0.07582973880319405
1847.6380584577971,-0.0015106431674212217,0.0037438108145139,1243.6414353522036,-0.08631759165190867,0.07571164242778847
1848.103575731281,-0.0001678492408245802,0.0037438108145139,1243.9547740862304,-0.08413897046368046,0.07546659627671391
1848.569093004765,0.0011749446857720613,0.00374370531791261,1244.268112820257,-0.0645311200543992,0.07570069554969458
1849.034610278249,0.0021820401307195425,0.00374370531791261,1244.5814515542838,-0.08413897046368046,0.07568480213377858
1849.5001275517327,0.002517738612368703,0.003781772422152236,1244.8947902883106,-0.0645311200543992,0.07574959794328048
1849.9656448252167,0.0005035477224737406,0.0038217688368111123,1245.2081290223373,0.0008283596669360627,0.0757495979432805
1850.4311620987007,-0.0021820401307195425,0.0038415594881590865,1245.521467756364,-0.0645311200543992,0.07599373154470974
1850.8966793721847,-0.0028534370940178633,0.00384539584194102,1245.834806490391,-0.07542435585315399,0.07573460545611826
1851.3621966456685,-0.002517738612368703,0.0038331540783318645,1246.1481452244177,-0.02967272654109998,0.07594769709209853
1851.8277139191525,-0.0038605325389653444,0.0038041945357601063,1246.4614839584444,-0.05799519156090782,0.07621985878862422
1852.2932311926365,-0.0041962312534451485,0.00379504732586411,1246.7748226924712,-0.07542435585315399,0.07641251175269537
1852.7587484661206,-0.0028534370940178633,0.0037950473258641097,1247.088161426498,-0.05145919813860933,0.07650568770637156
1853.2242657396043,-0.0001678492408245802,0.003785878015096315,1247.4015001605246,-0.05581650544387262,0.07662378721040507
1853.6897830130883,0.002517738612368703,0.003780310032916905,1247.7148388945513,-0.07760304197018908,0.0763968356922448
1854.1553002865724,0.0023498893715441227,0.003779474128095019,1248.028177628578,-0.07978166315841717,0.07637702167635184
1854.6208175600564,-0.000839246204122901,0.0037919933525032397,1248.341516362605,-0.0710670485478907,0.07661287763382855
1855.0863348335401,-0.0028534370940178633,0.003844128899690113,1248.6548550966318,-0.08413897046368046,0.07637072327675848
1855.5518521070242,-0.0041962312534451485,0.0038695250441377615,1248.9681938306585,-0.05581650544387262,0.0763514829031109
1856.0173693805082,-0.0038605325389653444,0.0038434096359306006,1249.2815325646852,-0.09285358507420705,0.07679091289568665
1856.482886653992,-0.0011749446857720613,0.003815908227980789,1249.594871298712,-0.05799519156090782,0.07674628074280763
1856.948403927476,-0.0001678492408245802,0.0037882071721566097,1249.9082100327387,-0.0645311200543992,0.07710831931711287
1857.41392120096,-0.0015106431674212217,0.0037747338331533967,1250.2215487667654,-0.036208655034591364,0.07705631875557004
1857.879438474444,-0.0015106431674212217,0.003773059367554096,1250.5348875007924,-0.0710670485478907,0.07673837258236742
1858.3449557479278,-0.0015106431674212217,0.0037705462748771406,1250.848226234819,-0.08413897046368046,0.07675809332069271
1858.8104730214118,-0.003524834057316184,0.003753749327051245,1251.1615649688458,-0.010064876131818612,0.07587233086490275
1859.2759902948958,-0.004867628216743469,0.003704607522868889,1251.4749037028726,-0.07978166315841717,0.07579008306437053
1859.7415075683798,-0.0028534370940178633,0.003644705075349089,1251.7882424368993,-0.06017381274913591,0.07601184314124111
1860.2070248418636,-0.0018463416490703821,0.0036223860544089613,1252.101581170926,-0.08413897046368046,0.07588460780856988
1860.6725421153476,-0.0028534370940178633,0.0036194773831408063,1252.4149199049527,-0.0645311200543992,0.0761755621205069
1861.1380593888316,-0.0041962312534451485,0.003616566372536127,1252.7282586389795,-0.07324573466492579,0.07597595591079313
1861.6035766623156,-0.0041962312534451485,0.0036022684167655358,1253.0415973730064,-0.05799519156090782,0.07604043390512334
1862.0690939357994,-0.0015106431674212217,0.0035926071129203474,1253.3549361070332,-0.07324573466492579,0.0761796383250459
1862.5346112092834,0.002517738612368703,0.003580861497931897,1253.6682748410599,-0.09067489895717196,0.07667318208645917
1863.0001284827674,0.0038605325389653444,0.0035739797844443638,1253.9816135750866,-0.08413897046368046,0.07664005842158648
1863.4656457562512,0.0011749446857720613,0.0035707367418359773,1254.2949523091133,-0.0710670485478907,0.07635596386406683
1863.9311630297352,-0.0010070954449474812,0.0035707367418359773,1254.60829104314,-0.07760304197018908,0.07635596386406683
1864.3966803032192,0.0011749446857720613,0.0035606941176023286,1254.9216297771668,-0.0710670485478907,0.07630991468366818
1864.8621975767032,0.006210422143340111,0.0035605831954363533,1255.2349685111935,-0.07542435585315399,0.08082200892785621
1865.327714850187,0.008560311049222946,0.0035411183090106432,1255.5483072452205,-0.08196028434664537,0.08070235765866007
1865.793232123671,0.0073853665962815285,0.0035652389550764976,1255.8616459792472,-0.05581650544387262,0.08070235765866006
1866.258749397155,0.004531929735094309,0.0036022684156502343,1256.174984713274,-0.06670974124262741,0.0790069759825738
1866.724266670639,0.002517738612368703,0.0036050814220325764,1256.4883234473007,-0.08413897046368046,0.07899006308303946
1867.1897839441228,0.000839246204122901,0.0035778086854536804,1256.8016621813274,-0.07978166315841717,0.07890326146349241
1867.6553012176068,-0.0028534370940178633,0.003560102494012187,1257.1150009153541,-0.0710670485478907,0.0788129200734702
1868.1208184910909,-0.006210422143340111,0.003565718966502874,1257.4283396493809,-0.08413897046368046,0.0784518039966496
1868.5863357645749,-0.006210422143340111,0.003569372311165206,1257.7416783834076,-0.07978166315841717,0.07993970468960618
1869.0518530380587,-0.006210422143340111,0.0035346806831447015,1258.0550171174345,-0.05799519156090782,0.07961114286705213
1869.5173703115427,-0.0057068741880357265,0.003471544224054198,1258.3683558514613,-0.07542435585315399,0.07584208965660261
1869.9828875850267,-0.0028534370940178633,0.0034137231709030114,1258.681694585488,-0.07760304197018908,0.07551466216872148
1870.4484048585105,-0.0015106431674212217,0.0033609826484626137,1258.9950333195147,-0.07324573466492579,0.07584826747059954
1870.9139221319945,-0.0031891355756670237,0.003319995442428792,1259.3083720535415,-0.05581650544387262,0.07576255040427649
1871.3794394054785,-0.004364080261439085,0.0033155512147448074,1259.6217107875682,-0.07324573466492579,0.07590635546569144
1871.8449566789625,-0.004867628216743469,0.00331491583868641,1259.935049521595,-0.08413897046368046,0.07602064834337446
1872.3104739524463,-0.00553902518004179,0.003308555367128775,1260.2483882556216,-0.06670974124262741,0.07636465996657262
1872.7759912259303,-0.0041962312534451485,0.00330537054159559,1260.5617269896486,-0.05581650544387262,0.07604382195971271
1873.2415084994143,-0.0001678492408245802,0.0033085553671287756,1260.8750657236753,-0.062352498866171,0.07595832557204912
1873.7070257728983,-0.0015106431674212217,0.0033066448399081817,1261.188404457702,-0.05799519156090782,0.07613744911217825
1874.172543046382,-0.00553902518004179,0.0033209470031574677,1261.5017431917288,-0.05363788425564453,0.07603215411350996
1874.638060319866,-0.0057068741880357265,0.0033915532626066403,1261.8150819257555,-0.0645311200543992,0.07612579561626646
1875.10357759335,-0.0041962312534451485,0.00352375081053092,1262.1284206597823,-0.08413897046368046,0.07631675439991495
1875.5690948668341,-0.0018463416490703821,0.0036540484813563524,1262.441759393809,-0.03403003384636316,0.0762525100584649
1876.034612140318,-0.0003356984816491604,0.003698169684352682,1262.755098127836,-0.08413897046368046,0.07603954989333098
1876.500129413802,-0.0001678492408245802,0.003691043011669393,1263.0684368618627,-0.08413897046368046,0.07607599029881813
1876.965646687286,-0.000839246204122901,0.003715784853904463,1263.3817755958894,-0.07324573466492579,0.07617954733485408
1877.4311639607697,-0.000839246204122901,0.003841216749236678,1263.6951143299161,-0.07542435585315399,0.07614038308410431
1877.8966812342537,-0.000839246204122901,0.004050478917647529,1264.0084530639429,-0.0710670485478907,0.07681242194108119
1878.3621985077377,-0.0005035477224737406,0.00431120912356202,1264.3217917979696,-0.05799519156090782,0.07696881300529705
1878.8277157812217,-0.000839246204122901,0.004629275417563665,1264.6351305319963,-0.07324573466492579,0.07687331259305616
1879.2932330547055,-0.003524834057316184,0.005082164505826207,1264.948469266023,-0.062352498866171,0.07696240371321593
1879.7587503281895,-0.0068818191066384315,0.005613512015327607,1265.26180800005,-0.05581650544387262,0.0770854896578871
1880.2242676016735,-0.006210422143340111,0.006067923523495841,1265.5751467340767,-0.0710670485478907,0.07706354960096187
1880.6897848751576,-0.0030212863348424435,0.006405993166387255,1265.8884854681035,-0.10156813475592663,0.07749894217954725
1881.1553021486413,-0.0028534370940178633,0.006601773270472126,1266.2018242021302,-0.08196028434664537,0.07768351323395302
1881.6208194221254,-0.0028534370940178633,0.006684531517456953,1266.515162936157,-0.07760304197018908,0.07773167023451392
1882.0863366956094,-0.0028534370940178633,0.006708594777977361,1266.8285016701836,-0.062352498866171,0.07784328315217902
1882.5518539690931,-0.0018463416490703821,0.006710321491197325,1267.1418404042104,-0.047101955762153036,0.0779515261487857
1883.0173712425772,-0.0005035477224737406,0.0067089087588911855,1267.455179138237,-0.07542435585315399,0.07798978090028162
1883.4828885160612,0.0023498893715441227,0.006707338707342738,1267.768517872264,-0.0688884273596625,0.07794697343174774
1883.9484057895452,0.0028534370940178633,0.006699168507692049,1268.0818566062908,-0.05581650544387262,0.07838633095866004
1884.413923063029,0.0005035477224737406,0.006683113333780924,1268.3951953403175,-0.08196028434664537,0.07808445937784074
1884.879440336513,-0.0005035477224737406,0.006678383878741494,1268.7085340743442,-0.06017381274913591,0.07786821631172458
1885.344957609997,0.0001678492408245802,0.006689315669041819,1269.021872808371,-0.09285358507420705,0.0778464968567836
1885.810474883481,-0.0001678492408245802,0.006707711628187876,1269.3352115423977,-0.05581650544387262,0.07793795847943585
1886.2759921569648,0.0011749446857720613,0.006714303011613808,1269.6485502764244,-0.0645311200543992,0.07786593694620998
1886.7415094304488,0.0031891355756670237,0.006702999528026368,1269.9618890104512,-0.08196028434664537,0.07796711658583091
1887.2070267039328,0.0018463416490703821,0.006702115640613832,1270.2752277444781,-0.09067489895717196,0.07787853724104193
1887.6725439774168,0.0005035477224737406,0.006697714110042037,1270.5885664785048,-0.06017381274913591,0.0778099500682584
1888.1380612509006,-0.0015106431674212217,0.006689689595138313,1270.9019052125316,-0.04928057695038124,0.07768801193971102
1888.6035785243846,-0.003524834057316184,0.006718595700724256,1271.2152439465583,-0.05799519156090782,0.07783224901303859
1889.0690957978686,-0.0021820401307195425,0.006805293100183062,1271.528582680585,-0.08413897046368046,0.07787397965218137
1889.5346130713524,-0.0001678492408245802,0.006880709261312062,1271.8419214146118,-0.2867533381211778,0.07799562703990874
1890.0001303448364,-0.0003356984816491604,0.006883616921384649,1272.1552601486385,-0.06017381274913591,0.07772158348387266
1890.4656476183204,-0.004364080261439085,0.0068346348822859405,1272.4685988826654,-0.05581650544387262,0.07756792277956641
1890.9311648918044,-0.007217517588287592,0.0067988092953207065,1272.7819376166922,-0.05145919813860933,0.07768440744047263
1891.3966821652882,-0.006546120624989271,0.00679028384633651,1273.095276350719,-0.0645311200543992,0.07760408017242566
1891.8621994387722,-0.0041962312534451485,0.0067874913741103856,1273.4086150847456,-0.07978166315841717,0.07752030459742272
1892.3277167122562,-0.0031891355756670237,0.0067874913741103856,1273.7219538187724,-0.0645311200543992,0.07781241710494526
1892.7932339857402,-0.003524834057316184,0.006785163436016838,1274.035292552799,-0.02531541923583669,0.07789132254936885
1893.258751259224,-0.0030212863348424435,0.006774911005090664,1274.3486312868258,-0.166927614477262,0.07771624151288904
1893.724268532708,-0.000839246204122901,0.006774911005090665,1274.6619700208526,-0.027494105352871778,0.07787637731063159
1894.189785806192,-0.0001678492408245802,0.006776368259434614,1274.9753087548795,-0.07978166315841717,0.07809902947992019
1894.655303079676,-0.0021820401307195425,0.006776368259434614,1275.2886474889062,-0.00788625494359052,0.07800775670814022
1895.1208203531598,-0.0030212863348424435,0.006776368259434615,1275.601986222933,-0.08849627776894375,0.07780537054476863
1895.5863376266439,-0.0011749446857720613,0.006774872138636144,1275.9153249569597,-0.07542435585315399,0.07762881582585324
1896.0518549001279,0.0005035477224737406,0.006772228832126354,1276.2286636909864,-0.08413897046368046,0.07774520925153411
1896.5173721736116,0.0005035477224737406,0.006775435653047815,1276.5420024250132,-0.07760304197018908,0.07784818726042261
1896.9828894470957,0.0005035477224737406,0.006763455768064923,1276.8553411590399,-0.07978166315841717,0.07760988734828224
1897.4484067205797,-0.0001678492408245802,0.006742303070056309,1277.1686798930666,-0.047101955762153036,0.07764602519952038
1897.9139239940637,-0.0015106431674212217,0.006730264209478839,1277.4820186270936,-0.07542435585315399,0.07782076275434661
1898.3794412675475,-0.0001678492408245802,0.006731203075933533,1277.7953573611203,-0.08413897046368046,0.0779488214189572
1898.8449585410315,0.0038605325389653444,0.0067340188899091095,1278.108696095147,-0.07324573466492579,0.07796425330420868
1899.3104758145155,0.007553216069936752,0.006740955627619083,1278.4220348291738,-0.07542435585315399,0.07799340209921339
1899.7759930879995,0.009903104975819588,0.006748080335548317,1278.7353735632005,-0.05581650544387262,0.07862113259129168
1900.2415103614833,0.010238803923130035,0.006738240403552487,1279.0487122972272,-0.05581650544387262,0.07881327430240159
1900.7070276349673,0.006546120624989271,0.006736364501415934,1279.362051031254,-0.047101955762153036,0.07908145193658904
1901.1725449084513,0.000839246204122901,0.006737243895577619,1279.6753897652807,-0.03838734115162645,0.07901896152988865
1901.6380621819353,-0.00587472366169095,0.006741619617629153,1279.9887284993076,-0.0710670485478907,0.07884638449327847
1902.103579455419,-0.010910200886428356,0.006751454623226543,1280.3020672333344,-0.0710670485478907,0.07879215252979974
1902.569096728903,-0.01359578873962164,0.006769681727629712,1280.615405967361,-0.11681867785994471,0.07896590462251314
1903.0346140023871,-0.015274280682206154,0.006778602108217245,1280.9287447013878,-0.07542435585315399,0.07893037107337293
1903.500131275871,-0.01762416958808899,0.006778602108217245,1281.2420834354145,-0.06670974124262741,0.0794495793020472
1903.965648549355,-0.021820401772856712,0.006781398240903047,1281.5554221694413,-0.08849627776894375,0.07950838378269895
1904.431165822839,-0.024673838168382645,0.006775183045592801,1281.868760903468,-0.08413897046368046,0.07961416244161003
1904.896683096323,-0.0240024421364069,0.00674261547836348,1282.1820996374947,-0.08196028434664537,0.07961416244161003
1905.3622003698067,-0.021652551367878914,0.006716792698918555,1282.4954383715217,-0.10156813475592663,0.07948648785394218
1905.8277176432907,-0.016952773556113243,0.0067128126558447755,1282.8087771055484,-0.10810412817822501,0.07903440930925022
1906.2932349167747,-0.010910200886428356,0.006707319065922638,1283.1221158395751,-0.0645311200543992,0.07893578886080904
1906.7587521902587,-0.00587472366169095,0.006704963292362328,1283.4354545736019,-0.07760304197018908,0.07884267103963159
1907.2242694637425,-0.0021820401307195425,0.006708791004323449,1283.7487933076286,-0.05581650544387262,0.07894934164516945
1907.6897867372265,0.0005035477224737406,0.006725254706215769,1284.0621320416553,-0.07542435585315399,0.07900240931422227
1908.1553040107106,0.0001678492408245802,0.006750401557146514,1284.375470775682,-0.07978166315841717,0.0789291110201509
1908.6208212841943,-0.000839246204122901,0.006773239626932411,1284.688809509709,-0.08631759165190867,0.07894716076132498
1909.0863385576783,-0.000839246204122901,0.006803493733176921,1285.0021482437357,-0.036208655034591364,0.07900921404618035
1909.5518558311624,0.0011749446857720613,0.006839006039717191,1285.3154869777625,-0.003528947638327229,0.07957454877792051
1910.0173731046464,0.004364080261439085,0.006847317014121313,1285.6288257117892,-0.08196028434664537,0.07944835171962944
1910.4828903781302,0.00587472366169095,0.00685285206408737,1285.942164445816,-0.07542435585315399,0.07912382566208256
1910.9484076516142,0.00520332669839263,0.006875005149186137,1286.2555031798427,-0.0645311200543992,0.07912382566208255
1911.4139249250982,0.0011749446857720613,0.006900235874965223,1286.5688419138694,-0.0710670485478907,0.07914070997566344
1911.8794421985822,-0.0010070954449474812,0.006905270958389517,1286.8821806478961,-0.062352498866171,0.07907994928942044
1912.344959472066,-0.0001678492408245802,0.006906186033466148,1287.195519381923,-0.08413897046368046,0.07883981362761902
1912.81047674555,0.0018463416490703821,0.006906186033466148,1287.5088581159498,-0.0710670485478907,0.07904453455386372
1913.275994019034,0.006546120624989271,0.006904660840963457,1287.8221968499765,-0.08631759165190867,0.07934087494408697
1913.741511292518,0.01124589890241623,0.0069017620466463245,1288.1355355840033,-0.08196028434664537,0.07927341876571137
1914.2070285660018,0.010574501939117908,0.006919288812723705,1288.44887431803,-0.08413897046368046,0.07957247535183377
1914.6725458394858,0.006546120624989271,0.006945268570960364,1288.7622130520567,0.0335080670632002,0.0748479532760694
1915.1380631129698,0.0011749446857720613,0.006961116270943253,1289.0755517860835,-0.0645311200543992,0.07508667655728746
1915.6035803864536,-0.0015106431674212217,0.006951521083144465,1289.3888905201102,-0.0710670485478907,0.075332958537014
1916.0690976599376,-0.0028534370940178633,0.006916586494470478,1289.7022292541371,-0.05581650544387262,0.07598113023295999
1916.5346149334216,-0.0015106431674212217,0.006888511263328439,1290.0155679881639,-0.07542435585315399,0.07611636372931777
1917.0001322069056,-0.000839246204122901,0.006877034673892929,1290.3289067221906,-0.10592544206118992,0.07598113023295999
1917.4656494803894,-0.0021820401307195425,0.006882086731838406,1290.6422454562173,-0.07978166315841717,0.07598113023295999
1917.9311667538734,-0.004867628216743469,0.006895750798355299,1290.955584190244,-0.0645311200543992,0.07637607616494063
1918.3966840273574,-0.006210422143340111,0.00690149499341908,1291.2689229242708,-0.09503220626243525,0.07498683655693017
1918.8622013008414,-0.006378271151334047,0.006901494993419081,1291.5822616582975,-0.08413897046368046,0.07529360927231664
1919.3277185743252,-0.0057068741880357265,0.006901952796435313,1291.8956003923242,-0.0645311200543992,0.07493092461138759
1919.7932358478092,-0.0028534370940178633,0.006899205522668938,1292.2089391263512,-0.05145919813860933,0.07512109475233769
1920.2587531212932,-0.0003356984816491604,0.006895330770619329,1292.522277860378,-0.04928057695038124,0.07507428812987663
1920.7242703947772,0.002517738612368703,0.0068976215274841515,1292.8356165944047,-0.0710670485478907,0.07511637048629588
1921.189787668261,0.004867628216743469,0.006899758881045407,1293.1489553284314,-0.08413897046368046,0.07486937604597553
1921.655304941745,0.002517738612368703,0.006900522061164599,1293.462294062458,-0.05581650544387262,0.07459571261360633
1922.120822215229,0.0003356984816491604,0.006900827309579705,1293.7756327964848,-0.0710670485478907,0.07453303227339599
1922.5863394887128,0.0005035477224737406,0.006916833934609549,1294.0889715305116,-0.07760304197018908,0.07481456167042465
1923.0518567621968,0.0011749446857720613,0.006981247749542195,1294.4023102645383,-0.07760304197018908,0.07465365782698179
1923.5173740356809,0.002517738612368703,0.007086510661344128,1294.7156489985653,-0.06017381274913591,0.07450743500231845
1923.9828913091649,0.006378271151334047,0.007136863190413344,1295.028987732592,-0.05799519156090782,0.07450743500231845
1924.4484085826487,0.006546120624989271,0.007122090577231181,1295.3423264666187,-0.121175985165208,0.07434586645964261
1924.9139258561327,0.0018463416490703821,0.0070616472079083,1295.6556652006454,-0.10156813475592663,0.07446739135135322
1925.3794431296167,-0.000839246204122901,0.006992101426563858,1295.9690039346722,-0.07542435585315399,0.0744673913513532
1925.8449604031007,0.0011749446857720613,0.006966598692980006,1296.282342668699,-0.07760304197018908,0.0747056918333909
1926.3104776765845,0.002517738612368703,0.0069879390722921665,1296.5956814027256,-0.0645311200543992,0.07501103643360878
1926.7759949500685,0.0038605325389653444,0.007044231683019666,1296.9090201367526,-0.06670974124262741,0.07489039372178251
1927.2415122235525,0.00520332669839263,0.0071740653710754745,1297.2223588707793,-0.09285358507420705,0.07491000937201105
1927.7070294970365,0.0036926832981407642,0.007356718209928803,1297.535697604806,-0.06670974124262741,0.07439160408171017
1928.1725467705203,-0.0005035477224737406,0.007504832544130252,1297.8490363388328,-0.11028274936645321,0.07445619083517958
1928.6380640440043,-0.0021820401307195425,0.007555516231508155,1298.1623750728595,-0.07978166315841717,0.07462101647147645
1929.1035813174883,-0.0018463416490703821,0.007467550479237599,1298.4757138068862,-0.07542435585315399,0.07439100770290907
1929.569098590972,-0.0005035477224737406,0.007200350870229477,1298.789052540913,-0.05581650544387262,0.07422567131055534
1930.034615864456,0.0011749446857720613,0.0069183754287997805,1299.1023912749397,-0.05363788425564453,0.07424844995148994
1930.50013313794,0.0018463416490703821,0.006691224423850088,1299.4157300089666,-0.05145919813860933,0.07372435859772351
1930.9656504114241,-0.0005035477224737406,0.006562490689692757,1299.7290687429934,-0.0710670485478907,0.07336445967937215
1931.431167684908,-0.0021820401307195425,0.006534022321787276,1300.04240747702,-0.06670974124262741,0.07354990059576112
1931.896684958392,-0.0036926832981407642,0.006531281540399912,1300.3557462110468,-0.07542435585315399,0.07336499159178438
1932.362202231876,-0.00520332669839263,0.0065278942806804375,1300.6690849450736,-0.05581650544387262,0.07344995501177438
1932.82771950536,-0.006042572669684887,0.006532249006279067,1300.9824236791003,-0.06670974124262741,0.07344995501177438
1933.2932367788437,-0.006210422143340111,0.006533216328891848,1301.295762413127,-0.0710670485478907,0.0733098029961608
1933.7587540523277,-0.007217517588287592,0.006532732685489777,1301.6091011471538,-0.0645311200543992,0.07310001795439593
1934.2242713258117,-0.007217517588287592,0.006532410236661865,1301.9224398811807,-0.12771197858750638,0.07321527382962868
1934.6897885992958,-0.003524834057316184,0.006531442794664859,1302.2357786152074,-0.03838734115162645,0.07355609790179118
1935.1553058727795,-0.0028534370940178633,0.00651879239672714,1302.5491173492342,-0.05581650544387262,0.07345012216976914
1935.6208231462635,-0.0057068741880357265,0.006503810201147792,1302.862456083261,-0.05581650544387262,0.07327101637674156
1936.0863404197476,-0.006210422143340111,0.006499112320103181,1303.1757948172876,-0.06670974124262741,0.07309921560617384
1936.5518576932313,-0.0041962312534451485,0.006517560345190591,1303.4891335513144,-0.07542435585315399,0.07318320295678325
1937.0173749667154,-0.0021820401307195425,0.006544430847257821,1303.802472285341,-0.0645311200543992,0.07331936197178687
1937.4828922401994,0.0005035477224737406,0.006561306976271181,1304.1158110193678,-0.08413897046368046,0.07315160349847587
1937.9484095136834,-0.0001678492408245802,0.0065694883101668775,1304.4291497533948,-0.08631759165190867,0.07332904174650297
1938.4139267871672,-0.0028534370940178633,0.00654780955186261,1304.7424884874215,-0.047101955762153036,0.07317592893962746
1938.8794440606512,-0.00553902518004179,0.006464278556095499,1305.0558272214482,-0.11028274936645321,0.07317592893962746
1939.3449613341352,-0.006210422143340111,0.006390375722280627,1305.369165955475,-0.0645311200543992,0.07317592893962747
1939.8104786076192,-0.004867628216743469,0.006376351320597457,1305.6825046895017,-0.08631759165190867,0.07331887373752309
1940.275995881103,-0.0021820401307195425,0.006388232809058345,1305.9958434235284,-0.08413897046368046,0.07343719371409799
1940.741513154587,0.0005035477224737406,0.0063865839243386424,1306.3091821575551,-0.1146400566717165,0.07540809948627841
1941.207030428071,0.0011749446857720613,0.006384109798747021,1306.622520891582,-0.07978166315841717,0.07585299486494493
1941.6725477015548,-0.000839246204122901,0.006385924251240167,1306.9358596256088,-0.0645311200543992,0.07569429845762274
1942.1380649750388,-0.0041962312534451485,0.0063900460908235274,1307.2491983596356,-0.0645311200543992,0.07539397978721436
1942.6035822485228,-0.0057068741880357265,0.006387078634450447,1307.5625370936623,-0.08413897046368046,0.07517747804665222
1943.0690995220068,-0.0041962312534451485,0.006370464264704402,1307.875875827689,-0.07324573466492579,0.07535845764779822
1943.5346167954906,-0.000839246204122901,0.006342130328130241,1308.1892145617157,-0.07542435585315399,0.07519295971643117
1944.0001340689746,0.000839246204122901,0.006318109108738154,1308.5025532957425,-0.023136798047608487,0.07494621768572494
1944.4656513424586,-0.000839246204122901,0.006311542002013122,1308.8158920297692,-0.05581650544387262,0.07512775438542131
1944.9311686159426,-0.0018463416490703821,0.006355443128676303,1309.1292307637962,-0.08413897046368046,0.07523976284923536
1945.3966858894264,-0.0021820401307195425,0.006397170605037535,1309.442569497823,-0.07978166315841717,0.07538352933193908
1945.8622031629104,-0.0018463416490703821,0.0063999688194663175,1309.7559082318496,-0.05581650544387262,0.0754230865881822
1946.3277204363944,-0.0011749446857720613,0.006383387999750876,1310.0692469658763,-0.040565962339854655,0.07540066280737935
1946.7932377098784,0.000839246204122901,0.006382232948998916,1310.382585699903,-0.07324573466492579,0.0755399424089262
1947.2587549833622,0.004867628216743469,0.006383821089903133,1310.6959244339298,-0.08196028434664537,0.07566534232807033
1947.7242722568462,0.009903104975819588,0.006390313919974514,1311.0092631679565,-0.05581650544387262,0.07548561547235555
1948.1897895303302,0.01258869282901287,0.006427289983319274,1311.3226019019833,-0.0688884273596625,0.07535337084898155
1948.655306803814,0.009567406959831715,0.006453781573614479,1311.6359406360102,-0.07324573466492579,0.07552335711949681
1949.120824077298,0.00587472366169095,0.00643089401237526,1311.949279370037,-0.05581650544387262,0.07559056811352165
1949.586341350782,0.002517738612368703,0.006399763110877947,1312.2626181040637,-0.0710670485478907,0.07511901358775416
1950.051858624266,0.0005035477224737406,0.006403218151490892,1312.5759568380904,-0.05581650544387262,0.0746267455327884
1950.5173758977498,-0.0021820401307195425,0.00641554239442462,1312.8892955721171,-0.07760304197018908,0.07431722013355334
1950.9828931712339,-0.0057068741880357265,0.006463626825061045,1313.2026343061439,-0.07978166315841717,0.07413422503807049
1951.4484104447179,-0.010910200886428356,0.006566762349431307,1313.5159730401706,-0.05581650544387262,0.07389905292310521
1951.9139277182019,-0.017792019993066788,0.006680295770694758,1313.8293117741973,-0.07324573466492579,0.07406511843292757
1952.3794449916857,-0.021652551367878914,0.0067658300998899865,1314.1426505082243,-0.07324573466492579,0.07390092591642561
1952.8449622651697,-0.021652551367878914,0.0068109202972103326,1314.455989242251,-0.08196028434664537,0.0737124693970684
1953.3104795386537,-0.019806209951639175,0.006819265501176697,1314.7693279762777,-0.08413897046368046,0.0740830379782616
1953.7759968121377,-0.018295567482709885,0.006817566380712335,1315.0826667103045,-0.0645311200543992,0.07394408590409902
1954.2415140856215,-0.013763638213276863,0.006825440555449403,1315.3960054443312,-0.06670974124262741,0.0737812837324147
1954.7070313591055,-0.012252994813024998,0.006842604862527437,1315.709344178358,-0.08413897046368046,0.07403190849035199
1955.1725486325895,-0.0117494473233819,0.0068501427638565865,1316.0226829123847,-0.04492326964511795,0.07425175053440734
1955.6380659060733,-0.010238803923130035,0.006853370754996773,1316.3360216464114,-0.07760304197018908,0.0744637957564044
1956.1035831795573,-0.008896009996533394,0.0068575187966011825,1316.6493603804383,-0.08413897046368046,0.0742990758467303
1956.5691004530413,-0.00553902518004179,0.006854753714433719,1316.962699114465,-0.05581650544387262,0.07433682322207263
1957.0346177265253,-0.0001678492408245802,0.00684737470312682,1317.2760378484918,-0.06670974124262741,0.07452096402571758
1957.500135000009,0.002517738612368703,0.006842912694297945,1317.5893765825185,-0.07542435585315399,0.07460461097875506
1957.965652273493,0.0011749446857720613,0.006834153314409146,1317.9027153165453,-0.0645311200543992,0.07466188469811125
1958.4311695469771,-0.0001678492408245802,0.0068170835981466015,1318.216054050572,-0.0645311200543992,0.07437271626403565
1958.8966868204611,-0.0005035477224737406,0.006784561927672724,1318.5293927845987,-0.05581650544387262,0.07442837985345836
1959.362204093945,-0.0001678492408245802,0.006748763139754991,1318.8427315186257,-0.07324573466492579,0.07432617737123473
1959.827721367429,0.0011749446857720613,0.006740643150022881,1319.1560702526524,-0.0710670485478907,0.07615069500597797
1960.293238640913,0.0036926832981407642,0.006741326699062874,1319.4694089866791,-0.05363788425564453,0.07626934420154706
1960.758755914397,0.004531929735094309,0.0067273489856723235,1319.7827477207059,-0.03838734115162645,0.07640704033193424
1961.2242731878807,0.00520332669839263,0.006703824382124603,1320.0960864547326,-0.07978166315841717,0.07622478012821385
1961.6897904613647,0.006210422143340111,0.006692031068912575,1320.4094251887593,-0.07760304197018908,0.07622478012821385
1962.1553077348487,0.004867628216743469,0.00668872521539515,1320.722763922786,-0.06670974124262741,0.07640327898195644
1962.6208250083325,0.0038605325389653444,0.006689512471557045,1321.0361026568128,-0.08849627776894375,0.07622478012821386
1963.0863422818165,0.003524834057316184,0.006698166182449873,1321.3494413908397,-0.0710670485478907,0.07604061219664192
1963.5518595553006,0.0031891355756670237,0.006722337310629218,1321.6627801248665,-0.08196028434664537,0.07609570838415469
1964.0173768287846,0.0031891355756670237,0.006744235884142948,1321.9761188588932,-0.08413897046368046,0.07567714467065306
1964.4828941022683,0.004867628216743469,0.006731731133429726,1322.28945759292,-0.05799519156090782,0.07571303324249863
1964.9484113757524,0.0041962312534451485,0.006715440145699519,1322.6027963269466,-0.07760304197018908,0.07550992525739118
1965.4139286492364,-0.0001678492408245802,0.006712616538301373,1322.9161350609734,-0.19089277219180656,0.07532930955993611
1965.8794459227204,-0.0021820401307195425,0.0067157538065726104,1323.229473795,-0.10156813475592663,0.07495226180311568
1966.3449631962042,-0.0021820401307195425,0.00671716509925075,1323.5428125290268,-0.05581650544387262,0.07488987988332024
1966.8104804696882,-0.002517738612368703,0.006721083801803403,1323.8561512630538,-0.07978166315841717,0.07494515936375123
1967.2759977431722,-0.000839246204122901,0.00673016640487725,1324.1694899970805,-0.05363788425564453,0.07487973824832335
1967.7415150166562,0.0010070954449474812,0.006714597109935796,1324.4828287311072,-0.08413897046368046,0.07469759880034497
1968.20703229014,-0.0001678492408245802,0.006702822750877498,1324.796167465134,-0.07978166315841717,0.07462244991358956
1968.672549563624,-0.0028534370940178633,0.006702410273711425,1325.1095061991607,-0.05581650544387262,0.07436882933943689
1969.138066837108,-0.004867628216743469,0.006701938840150651,1325.4228449331874,-0.08413897046368046,0.07469194424184174
1969.6035841105918,-0.008224613033235073,0.006702410273711425,1325.7361836672142,-0.06670974124262741,0.07475752969799794
1970.0691013840758,-0.007553216069936752,0.006707122786819886,1326.049522401241,-0.0688884273596625,0.07467056054440711
1970.5346186575598,-0.0031891355756670237,0.0067047669442953425,1326.3628611352678,-0.07542435585315399,0.07453270380256036
1971.0001359310438,-0.0010070954449474812,0.006704354586743379,1326.6761998692946,-0.08196028434664537,0.07461633759498842
1971.4656532045276,-0.0021820401307195425,0.006705768278496119,1326.9895386033213,-0.07324573466492579,0.07465221328025887
1971.9311704780116,-0.0015106431674212217,0.006708594768286461,1327.302877337348,-0.08413897046368046,0.07457701865997422
1972.3966877514956,0.0030212863348424435,0.00669366370852794,1327.6162160713748,-0.05581650544387262,0.07441686514027807
1972.8622050249796,0.007217517588287592,0.006625342288611674,1327.9295548054015,-0.062352498866171,0.07453827427803059
1973.3277222984634,0.006546120624989271,0.00651844907541675,1328.2428935394282,-0.07978166315841717,0.07468443672325772
1973.7932395719474,0.0030212863348424435,0.006457085375233587,1328.556232273455,-0.06670974124262741,0.07468443672325772
1974.2587568454314,-0.0003356984816491604,0.006432142657258914,1328.869571007482,-0.08413897046368046,0.07468443672325772
1974.7242741189152,-0.0028534370940178633,0.006436562164977765,1329.1829097415086,-0.04928057695038124,0.07456326557782796
1975.1897913923992,-0.0041962312534451485,0.0064586143428135125,1329.4962484755354,-0.027494105352871778,0.07522035806380035
1975.6553086658832,-0.008224613033235073,0.006470019215557259,1329.809587209562,-0.05581650544387262,0.07502471450114954
1976.1208259393673,-0.012252994813024998,0.00645920544956735,1330.1229259435888,-0.020958111930573398,0.07514027732756137
1976.586343212851,-0.013260089792311192,0.0063875526978031455,1330.4362646776156,-0.08413897046368046,0.07517170140674181
1977.051860486335,-0.012252994813024998,0.006156427979753359,1330.7496034116423,-0.07760304197018908,0.07511481641461738
1977.517377759819,-0.008896009996533394,0.005789849613762443,1331.0629421456692,-0.03838734115162645,0.075006240494851
1977.982895033303,-0.003524834057316184,0.005398314099566031,1331.376280879696,-0.13424790708099776,0.07472543325468739
1978.4484123067868,-0.0015106431674212217,0.005054865545584658,1331.6896196137227,-0.0645311200543992,0.07468075466541828
1978.9139295802709,-0.0038605325389653444,0.004758655903771575,1332.0029583477494,-0.05581650544387262,0.07468075466541828
1979.3794468537549,-0.005035477224737406,0.004617030583210306,1332.3162970817762,-0.08413897046368046,0.0746127241177434
1979.8449641272389,-0.003524834057316184,0.00450489080169495,1332.6296358158029,-0.07978166315841717,0.07446642091538386
1980.3104814007227,-0.0028534370940178633,0.00437263938364124,1332.9429745498296,-0.07760304197018908,0.07453525173802929
1980.7759986742067,-0.002517738612368703,0.004265188602807826,1333.2563132838563,-0.04928057695038124,0.07451434678139066
1981.2415159476907,-0.000839246204122901,0.004197234939111809,1333.5696520178833,-0.0710670485478907,0.0743492846684194
1981.7070332211745,-0.001678492408245802,0.004215762827857979,1333.88299075191,-0.09285358507420705,0.07453175173769508
1982.1725504946585,-0.004531929735094309,0.004260587017091635,1334.1963294859368,-0.06670974124262741,0.07465171468182595
1982.6380677681425,-0.004867628216743469,0.004283268891145476,1334.5096682199635,-0.07324573466492579,0.07845032411960351
1983.1035850416265,-0.0036926832981407642,0.0043075431508128315,1334.8230069539902,-0.020958111930573398,0.07831098730783043
1983.5691023151103,-0.0021820401307195425,0.0043163363071597955,1335.136345688017,-0.0710670485478907,0.07818281853132598
1984.0346195885943,-0.0005035477224737406,0.004317159747338815,1335.4496844220437,-0.121175985165208,0.07807489619902
1984.5001368620783,-0.000839246204122901,0.004320817582843043,1335.7630231560704,-0.17564222908778848,0.08226804717733006
1984.9656541355623,-0.0030212863348424435,0.0043261768138212675,1336.0763618900974,-0.0710670485478907,0.0822859041311608
1985.431171409046,-0.003524834057316184,0.004324868069304115,1336.389700624124,-0.07324573466492579,0.08246432258831647
1985.89668868253,-0.0021820401307195425,0.004311453432030272,1336.7030393581508,-0.03838734115162645,0.08255730922621034
1986.3622059560141,-0.000839246204122901,0.004282039265655612,1337.0163780921775,-0.07542435585315399,0.08237316868286475
1986.8277232294981,-0.0001678492408245802,0.004240516676510384,1337.3297168262043,-0.08413897046368046,0.0822519986013684
1987.293240502982,0.0011749446857720613,0.004219602159169249,1337.643055560231,-0.0645311200543992,0.08217613628025124
1987.758757776466,0.003524834057316184,0.004219602159169249,1337.9563942942577,-0.06670974124262741,0.08192166363478512
1988.22427504995,0.006546120624989271,0.004219602159169249,1338.2697330282845,-0.05581650544387262,0.08203730921459491
1988.6897923234337,0.007888914085924625,0.004227830916709701,1338.5830717623114,-0.07324573466492579,0.08186073486029867
1989.1553095969177,0.004531929735094309,0.0042591035686730646,1338.8964104963381,-0.0688884273596625,0.0817448394786358
1989.6208268704017,0.0005035477224737406,0.00430705411219929,1339.2097492303649,-0.0645311200543992,0.08175955487933056
1990.0863441438858,-0.000839246204122901,0.004332015680461435,1339.5230879643916,-0.0645311200543992,0.08203008485170912
1990.5518614173695,-0.0021820401307195425,0.004338817767096023,1339.8364266984183,-0.08413897046368046,0.08013871519889135
1991.0173786908535,-0.0018463416490703821,0.00433736107512424,1340.149765432445,-0.07324573466492579,0.07979594107377398
1991.4828959643376,0.002517738612368703,0.004338180524544775,1340.4631041664718,-0.0710670485478907,0.07996598088082806
1991.9484132378216,0.00553902518004179,0.004334385475574333,1340.7764429004988,-0.05581650544387262,0.07977585919572745
1992.4139305113054,0.0031891355756670237,0.004366583485566394,1341.0897816345255,-0.0645311200543992,0.07981941944678399
1992.8794477847894,0.000839246204122901,0.004431614563287449,1341.4031203685522,-0.0645311200543992,0.079700555771848
1993.3449650582734,0.0003356984816491604,0.004472069485867567,1341.716459102579,-0.040565962339854655,0.07949578358404577
1993.8104823317574,-0.0001678492408245802,0.004468535463243494,1342.0297978366057,-0.07542435585315399,0.0795254866263826
1994.2759996052412,0.0011749446857720613,0.004443955612284,1342.3431365706324,-0.0645311200543992,0.07940618296255508
1994.7415168787252,0.0031891355756670237,0.004373723123948444,1342.6564753046591,-0.07542435585315399,0.07944150368512838
1995.2070341522092,0.0011749446857720613,0.00431920240665382,1342.9698140386859,-0.0645311200543992,0.07949696616567554
1995.672551425693,-0.001678492408245802,0.00431920240665382,1343.2831527727128,-0.06670974124262741,0.07940730023415679
1996.138068699177,-0.0018463416490703821,0.004326907089652829,1343.5964915067395,-0.047101955762153036,0.07911899148895947
1996.603585972661,-0.0021820401307195425,0.004322036159296971,1343.9098302407663,-0.0645311200543992,0.07898602323752144
1997.069103246145,-0.0015106431674212217,0.0043329880524598345,1344.223168974793,-0.0645311200543992,0.07894375598597986
1997.5346205196288,0.000839246204122901,0.004329979043266278,1344.5365077088197,-0.0710670485478907,0.07907679531016476
1998.0001377931128,0.0028534370940178633,0.004274900464486737,1344.8498464428465,-0.08413897046368046,0.07892215748397075
1998.4656550665968,0.002517738612368703,0.004230912560943509,1345.1631851768732,-0.07324573466492579,0.07896443629653178
1998.9311723400808,0.0003356984816491604,0.004223344479262778,1345.4765239109,-0.05581650544387262,0.0790377018305165
1999.3966896135646,-0.003524834057316184,0.004223999046288709,1345.7898626449269,-0.05581650544387262,0.07874979704026315
1999.8622068870486,-0.00553902518004179,0.0042157628114837305,1346.1032013789536,-0.11681867785994471,0.07885272308256722
2000.3277241605326,-0.004531929735094309,0.0041977367501600995,1346.4165401129803,-0.05363788425564453,0.07899242917509793
2000.7932414340164,-0.0041962312534451485,0.004122546184656145,1346.729878847007,-0.09067489895717196,0.07889524104951243
2001.2587587075004,-0.004531929735094309,0.00396071965235459,1347.0432175810338,-0.06017381274913591,0.07911556331926128
2001.7242759809844,-0.002517738612368703,0.003769428788674287,1347.3565563150605,-0.06670974124262741,0.07888109224524768
2002.1897932544684,0.0005035477224737406,0.00359623312932832,1347.6698950490872,-0.06017381274913591,0.0785684981272564
2002.6553105279522,-0.0003356984816491604,0.0034982530037400397,1347.983233783114,-0.047101955762153036,0.0787995980449561
2003.1208278014362,-0.0028534370940178633,0.0034819574089280905,1348.296572517141,-0.07978166315841717,0.07873131697223093
2003.5863450749202,-0.004867628216743469,0.003478931329802375,1348.6099112511677,-0.0645311200543992,0.08302740794665667
2004.0518623484043,-0.0068818191066384315,0.0034588928108230084,1348.9232499851944,-0.05799519156090782,0.08313624351256875
2004.517379621888,-0.006378271151334047,0.0034263492303188803,1349.2365887192211,-0.0688884273596625,0.08291314334808662
2004.982896895372,-0.003524834057316184,0.003412488849449567,1349.5499274532478,-0.05581650544387262,0.08297430478387564
2005.448414168856,-0.0023498893715441227,0.0034432139307354025,1349.8632661872746,-0.07542435585315399,0.08281044238490542
2005.91393144234,-0.0041962312534451485,0.003518254439515962,1350.1766049213013,-0.06670974124262741,0.08286317905173361
2006.3794487158239,-0.0068818191066384315,0.0035681918236030357,1350.489943655328,-0.07760304197018908,0.08275398436038643
2006.8449659893079,-0.006378271151334047,0.003571732063041403,1350.803282389355,-0.07978166315841717,0.08230208934530615
2007.3104832627919,-0.00520332669839263,0.003545094090353152,1351.1166211233817,-0.2606095592184051,0.08228585372076003
2007.7760005362757,-0.004867628216743469,0.003515072342737663,1351.4299598574084,-0.042744648456889744,0.08215801102267845
2008.2415178097597,-0.0028534370940178633,0.00350145038044037,1351.7432985914352,-0.04492326964511795,0.08253481694331215
2008.7070350832437,-0.0010070954449474812,0.0035116624335285412,1352.056637325462,-0.036208655034591364,0.08275988055078404
2009.1725523567277,-0.0018463416490703821,0.0035176556749166054,1352.3699760594886,-0.2780387559750547,0.08213286682840815
2009.6380696302115,-0.002517738612368703,0.0035167573398288917,1352.6833147935154,-0.07324573466492579,0.08061686432050726
2010.1035869036955,-0.003524834057316184,0.003513049279416084,1352.9966535275423,-0.07760304197018908,0.08044089998331828
2010.5691041771795,-0.0028534370940178633,0.003510050005270177,1353.309992261569,-0.05581650544387262,0.08356569506354543
2011.0346214506635,0.0001678492408245802,0.0035055462825833742,1353.6233309955958,-0.05581650544387262,0.08351321124143915
2011.5001387241473,0.000839246204122901,0.0035046448435328654,1353.9366697296225,-0.062352498866171,0.08339742116150271
2011.9656559976313,-0.0021820401307195425,0.0035049453489765536,1354.2500084636492,-0.05581650544387262,0.08317502155616367
2012.4311732711153,-0.0038605325389653444,0.0035031419296464644,1354.563347197676,-0.05799519156090782,0.08297683583744098
2012.8966905445993,-0.003524834057316184,0.0034865671194814676,1354.8766859317027,-0.08413897046368046,0.08274140635569277
2013.362207818083,-0.0041962312534451485,0.0034372823870610033,1355.1900246657294,-0.06017381274913591,0.08278501414607263
2013.8277250915671,-0.006210422143340111,0.0033967120438449542,1355.5033633997564,-0.0710670485478907,0.08271721303171625
2014.2932423650511,-0.008224613033235073,0.00338241886356177,1355.816702133783,-0.06017381274913591,0.08602957937328956
2014.758759638535,-0.006378271151334047,0.0033824188635617697,1356.1300408678098,-0.10374682087296183,0.08602957937328957
2015.224276912019,-0.002517738612368703,0.0033985719367322126,1356.4433796018366,-0.06017381274913591,0.08602957937328957
2015.689794185503,0.0018463416490703821,0.0034090921796738386,1356.7567183358633,-0.06670974124262741,0.08595401615174277
2016.155311458987,0.0023498893715441227,0.0034119872768102804,1357.07005706989,-0.07760304197018908,0.08604717073084425
2016.6208287324707,-0.001678492408245802,0.003417230796610031,1357.3833958039168,-0.05581650544387262,0.08608182785426997
2017.0863460059547,-0.00553902518004179,0.0033862699673988363,1357.6967345379435,-0.06017381274913591,0.0859364270818228
2017.5518632794387,-0.007888914085924625,0.0033728304032575583,1358.0100732719704,-0.0710670485478907,0.0857811406467313
2018.0173805529228,-0.006210422143340111,0.0033765754795752733,1358.3234120059972,-0.05363788425564453,0.08584652192188925
2018.4828978264065,-0.0021820401307195425,0.0033830026429184446,1358.636750740024,-0.06017381274913591,0.08608442632246184
2018.9484150998906,0.0005035477224737406,0.0033895341423596033,1358.9500894740506,-0.0710670485478907,0.08600162879968214
2019.4139323733746,-0.0011749446857720613,0.0034047255811231083,1359.2634282080774,-0.0710670485478907,0.0859446242895835
2019.8794496468586,-0.002517738612368703,0.003393881492093328,1359.576766942104,-0.07542435585315399,0.0858616919540293
2020.3449669203424,-0.0031891355756670237,0.003400701813245727,1359.8901056761308,-0.0645311200543992,0.08577913440134537
2020.8104841938264,-0.0028534370940178633,0.0034494787611847465,1360.2034444101575,-0.042744648456889744,0.08574849409827881
2021.2760014673104,0.0005035477224737406,0.0035025029984648796,1360.5167831441845,-0.05581650544387262,0.08583941176881602
2021.7415187407942,0.003524834057316184,0.0034979895588884225,1360.8301218782112,-0.07978166315841717,0.08578229946146058
2022.2070360142782,0.002517738612368703,0.0035184041173653546,1361.143460612238,-0.07324573466492579,0.08557796268554123
2022.6725532877622,-0.0011749446857720613,0.0035798319102009657,1361.4567993462647,0.0356867531802354,0.08537352918412591
2023.1380705612462,-0.001678492408245802,0.0036336713795825392,1361.7701380802914,-0.08413897046368046,0.08529738478301505
2023.60358783473,-0.0015106431674212217,0.003674885819094153,1362.0834768143181,-0.07542435585315399,0.08529738478301505
2024.069105108214,-0.000839246204122901,0.0037047496539173042,1362.3968155483449,-0.047101955762153036,0.08535482155533088
2024.534622381698,0.000839246204122901,0.0037149698704450557,1362.7101542823716,-0.0645311200543992,0.08551380852895119
2025.000139655182,0.0011749446857720613,0.003724879305644266,1363.0234930163986,-0.05581650544387262,0.08484600726485189
2025.4656569286658,-0.000839246204122901,0.003797682854509511,1363.3368317504253,-0.03838734115162645,0.08485913942334607
2025.9311742021498,-0.0031891355756670237,0.003895431548103007,1363.650170484452,-0.0645311200543992,0.08470166829716164
2026.3966914756338,-0.0041962312534451485,0.003938988068129391,1363.9635092184787,-0.05581650544387262,0.08478050313510449
2026.8622087491178,-0.0036926832981407642,0.00394112653450161,1364.2768479525055,-0.027494105352871778,0.0848487467371326
2027.3277260226016,-0.0021820401307195425,0.003943530923049862,1364.5901866865322,-0.07324573466492579,0.0846976885673562
2027.7932432960856,-0.0005035477224737406,0.003959522867935316,1364.903525420559,-0.12989059977573447,0.08482071963776405
2028.2587605695696,-0.0001678492408245802,0.003981803692456541,1365.216864154586,-0.2802174096276864,0.08458089727797567
2028.7242778430534,-0.0001678492408245802,0.003979918640060284,1365.5302028886126,-0.0710670485478907,0.0845229345942675
2029.1897951165374,0.0011749446857720613,0.003948301962866961,1365.8435416226393,-0.05581650544387262,0.08450922487861098
2029.6553123900214,-0.0015106431674212217,0.003914715312907984,1366.156880356666,-0.08631759165190867,0.08452608304793749
2030.1208296635054,-0.00553902518004179,0.0039055572842741242,1366.4702190906928,-0.05581650544387262,0.08472498050900504
2030.5863469369892,-0.007888914085924625,0.003901678858272476,1366.7835578247195,-0.05799519156090782,0.08452228347339719
2031.0518642104732,-0.006210422143340111,0.003884635560016371,1367.0968965587463,-0.05581650544387262,0.08464754048649424
2031.5173814839573,-0.0023498893715441227,0.003828480219285328,1367.410235292773,-0.02531541923583669,0.084500636724655
2031.9828987574413,0.0005035477224737406,0.003784382393499183,1367.7235740268,-0.0645311200543992,0.08448167319270754
2032.448416030925,0.0010070954449474812,0.003758691186647529,1368.0369127608267,-0.05581650544387262,0.08081787082641838
2032.913933304409,-0.0018463416490703821,0.003733387418206113,1368.3502514948534,-0.08413897046368046,0.08095289288382047
2033.379450577893,-0.003524834057316184,0.0037260454498217114,1368.6635902288801,-0.09503220626243525,0.08109316046333796
2033.8449678513769,-0.0021820401307195425,0.0037249146317860225,1368.9769289629069,-0.06017381274913591,0.08122615210921111
2034.3104851248609,-0.0001678492408245802,0.0037206710031835043,1369.2902676969336,-0.06670974124262741,0.07699592638719903
2034.7760023983449,0.002517738612368703,0.0037135875125892475,1369.6036064309603,-0.04492326964511795,0.07683086097543947
2035.2415196718289,0.0031891355756670237,0.0037081950101703473,1369.916945164987,-0.24535901611438704,0.07683086097543947
2035.7070369453127,0.0011749446857720613,0.0037201048227396357,1370.230283899014,-0.023136798047608487,0.07726756473499218
2036.1725542187967,-0.0001678492408245802,0.00374212248213236,1370.5436226330407,-0.06017381274913591,0.0774850964179607
2036.6380714922807,0.0005035477224737406,0.0037749081889758597,1370.8569613670675,-0.05581650544387262,0.07750176538230433
2037.1035887657647,0.0001678492408245802,0.0037858779857682973,1371.1703001010942,-0.02531541923583669,0.07756497501639767
2037.5691060392485,0.0001678492408245802,0.003767472415613363,1371.483638835121,-0.016600869554116993,0.07763041843517463
2038.0346233127325,0.002517738612368703,0.003752346162312401,1371.7969775691477,-0.062352498866171,0.07774781383970943
2038.5001405862165,0.0057068741880357265,0.0037489764821119205,1372.1103163031744,-0.0645311200543992,0.0779337073938938
2038.9656578597005,0.0031891355756670237,0.003730388845263592,1372.4236550372011,-0.2540735982605101,0.07805526169732084
2039.4311751331843,-0.0005035477224737406,0.0036749216345573752,1372.736993771228,-0.0645311200543992,0.07805526169732084
2039.8966924066683,-0.003524834057316184,0.0036333090470077652,1373.0503325052548,-0.0645311200543992,0.07759605650766771
2040.3622096801523,-0.003524834057316184,0.003625473940159408,1373.3636712392815,-0.07542435585315399,0.07762877225578345
2040.827726953636,-0.0023498893715441227,0.003625473940159408,1373.6770099733083,-0.08413897046368046,0.07754838735893356
2041.29324422712,-0.0031891355756670237,0.0036186770680762454,1373.990348707335,-0.07542435585315399,0.07737303467996753
2041.7587615006041,-0.0028534370940178633,0.003628160095127492,1374.3036874413617,-0.020958111930573398,0.07721704960220278
2042.2242787740881,-0.0006713969632983208,0.0036016470441702993,1374.6170261753884,-0.036208655034591364,0.07715815445630897
2042.689796047572,0.0018463416490703821,0.003526290453485238,1374.9303649094152,-0.07324573466492579,0.07715815445630897
2043.155313321056,0.0021820401307195425,0.0034812011337587217,1375.2437036434421,-0.07760304197018908,0.07715815445630897
2043.62083059454,-0.0021820401307195425,0.003483318284877094,1375.5570423774689,-0.0645311200543992,0.07706102436301918
2044.086347868024,-0.003524834057316184,0.003496596738864433,1375.8703811114956,-0.05581650544387262,0.0771199250986475
2044.5518651415077,-0.0015106431674212217,0.003501111973987756,1376.1837198455223,-0.0645311200543992,0.0771199250986475
2045.0173824149917,0.002517738612368703,0.0034971991070368194,1376.497058579549,-0.05145919813860933,0.07696384109587635
2045.4828996884758,0.006210422143340111,0.003485434149978334,1376.8103973135758,-0.062352498866171,0.07690013734910137
2045.9484169619598,0.006546120624989271,0.0034745388317651404,1377.1237360476025,-0.062352498866171,0.07704202584079888
2046.4139342354435,0.0011749446857720613,0.0034751450233717735,1377.4370747816295,-0.05581650544387262,0.0770726745427706
2046.8794515089276,-0.0041962312534451485,0.003461480035039412,1377.7504135156562,0.02043621007621732,0.07705188290848683
2047.3449687824116,-0.0068818191066384315,0.0034559989109924196,1378.063752249683,-0.036208655034591364,0.07715578628924838
2047.8104860558954,-0.007049668114632368,0.003461594132835409,1378.3770909837096,-0.07542435585315399,0.07717831617927029
2048.2760033293794,-0.006210422143340111,0.0034778715780723474,1378.6904297177364,-0.07324573466492579,0.07693794150317934
2048.741520602863,-0.004867628216743469,0.0034766600399693897,1379.003768451763,-0.0645311200543992,0.07702235050475752
2049.2070378763474,-0.004531929735094309,0.003477076553807078,1379.3171071857898,-0.07760304197018908,0.07721300121013112
2049.672555149831,-0.006210422143340111,0.0034961072383037283,1379.6304459198166,-0.03838734115162645,0.07710788644634425
2050.1380724233154,-0.008896009996533394,0.0035632443581062405,1379.9437846538435,-0.05581650544387262,0.07696475961617424
2050.603589696799,-0.009903104975819588,0.0036724130785460523,1380.2571233878703,-0.07324573466492579,0.07720066046899757
2051.069106970283,-0.007553216069936752,0.0038175293706981753,1380.570462121897,-0.0710670485478907,0.07709552887941072
2051.534624243767,-0.0028534370940178633,0.003931159370517184,1380.8838008559237,-0.07542435585315399,0.0769126170503163
2052.000141517251,-0.0015106431674212217,0.003965735583571181,1381.1971395899504,-0.02967272654109998,0.07707087630109455
2052.465658790735,-0.0036926832981407642,0.003976178945511716,1381.5104783239772,-0.06670974124262741,0.07693436830485353
2052.931176064219,-0.00520332669839263,0.003976708670087916,1381.823817058004,-0.04492326964511795,0.07614166874956999
2053.396693337703,-0.004699778743088245,0.0040125658863545705,1382.1371557920306,-0.05581650544387262,0.07143265025050237
2053.8622106111866,-0.004531929735094309,0.004103661591172822,1382.4504945260576,-0.05581650544387262,0.07143265025050237
2054.327727884671,-0.003524834057316184,0.004307512554001888,1382.7638332600843,-0.0710670485478907,0.0713739545672255
2054.7932451581546,-0.0021820401307195425,0.004765871088034769,1383.077171994111,-0.08196028434664537,0.0711772364468438
2055.258762431639,-0.0015106431674212217,0.005362148194669833,1383.3905107281378,-0.04492326964511795,0.0713459809603849
2055.7242797051226,-0.0018463416490703821,0.005944695853485917,1383.7038494621645,-0.08196028434664537,0.0712452855067155
2056.1897969786064,-0.0010070954449474812,0.006414249415019963,1384.0171881961912,-0.05799519156090782,0.07165955130236037
2056.6553142520906,-0.0021820401307195425,0.006795458468347387,1384.330526930218,-0.07760304197018908,0.07194652890341699
2057.1208315255744,-0.002517738612368703,0.007091543396719938,1384.6438656642447,-0.05581650544387262,0.07208933136842088
2057.586348799058,-0.0018463416490703821,0.007263464867418954,1384.9572043982716,-0.0645311200543992,0.07225594583240666
2058.0518660725425,-0.0015106431674212217,0.0073120229104261586,1385.2705431322984,-0.06670974124262741,0.07194090582810793
2058.5173833460262,-0.0003356984816491604,0.007309285673880212,1385.583881866325,-0.06017381274913591,0.07149703115632067
2058.9829006195105,0.0001678492408245802,0.007308042774217783,1385.8972206003518,-0.07542435585315399,0.07163206027775598
2059.4484178929943,-0.000839246204122901,0.007313229130157763,1386.2105593343786,-0.05145919813860933,0.07169170877457688
2059.913935166478,-0.0028534370940178633,0.007314381154292893,1386.5238980684053,-0.07760304197018908,0.07176320097879568
2060.3794524399623,-0.0041962312534451485,0.007313085114380743,1386.837236802432,-0.10156813475592663,0.06816756893025036
2060.844969713446,-0.0041962312534451485,0.007312364992950149,1387.150575536459,-0.08196028434664537,0.06831224389181596
2061.31048698693,-0.00520332669839263,0.007321864892965471,1387.4639142704857,-0.0645311200543992,0.06834940352288439
2061.776004260414,-0.0036926832981407642,0.007354874719854231,1387.7772530045124,-0.0645311200543992,0.0682880577457571
2062.241521533898,0.0001678492408245802,0.007376751617885791,1388.0905917385392,-0.06670974124262741,0.06865531247052642
2062.7070388073817,0.0005035477224737406,0.007383173662624345,1388.403930472566,-0.09503220626243525,0.06902277161431565
2063.172556080866,-0.0038605325389653444,0.007383173662624344,1388.7172692065926,-0.08196028434664537,0.06934252348621817
2063.6380733543497,-0.004867628216743469,0.0073719849880556475,1389.0306079406193,-0.08413897046368046,0.0695386906479899
2064.103590627834,-0.004867628216743469,0.007384974401391836,1389.343946674646,-0.06017381274913591,0.06516209485357609
2064.5691079013177,-0.0028534370940178633,0.007411879675207613,1389.657285408673,-0.05581650544387262,0.06527133294774586
2065.0346251748015,0.0005035477224737406,0.007424568782645039,1389.9706241426998,-0.0645311200543992,0.06529179958328558
2065.5001424482857,0.0018463416490703821,0.00742612902044846,1390.2839628767265,-0.05581650544387262,0.0652030902780177
2065.9656597217695,-0.0005035477224737406,0.007429053583133655,1390.5973016107532,-0.05581650544387262,0.06491838981584923
2066.4311769952533,-0.0031891355756670237,0.007430471138573899,1390.91064034478,-0.023136798047608487,0.06480855682094389
2066.8966942687375,-0.0031891355756670237,0.007431746707287428,1391.2239790788067,-0.05145919813860933,0.06520986513358223
2067.3622115422213,-0.0021820401307195425,0.00745567618882711,1391.5373178128334,-0.0710670485478907,0.06533904045633428
2067.827728815705,-0.0021820401307195425,0.0074993398108606215,1391.8506565468601,-0.05363788425564453,0.06517796606524878
2068.2932460891893,-0.002517738612368703,0.007517855084115451,1392.163995280887,-0.04492326964511795,0.06490469353423332
2068.758763362673,-0.0031891355756670237,0.007522616788467303,1392.4773340149138,-0.07760304197018908,0.06488478845075839
2069.2242806361573,-0.0021820401307195425,0.007524156694690089,1392.7906727489406,-0.0710670485478907,0.07010540408826531
2069.689797909641,0.0018463416490703821,0.0075354863152190124,1393.1040114829673,-0.05581650544387262,0.0700354622349158
2070.155315183125,0.0011749446857720613,0.0075354863152190124,1393.417350216994,-0.05581650544387262,0.07065982436686703
2070.620832456609,-0.0001678492408245802,0.007511548186490361,1393.7306889510207,-0.0645311200543992,0.07069700444911378
2071.086349730093,-0.000839246204122901,0.007487814844641995,1394.0440276850475,-0.06017381274913591,0.07064593545725362
2071.5518670035767,-0.0015106431674212217,0.007487023609891976,1394.3573664190742,-0.07760304197018908,0.07066233494212902
2072.017384277061,-0.0015106431674212217,0.0074837874673568845,1394.6707051531012,-0.08413897046368046,0.07110150994572169
2072.4829015505447,0.0023498893715441227,0.007459259865745868,1394.9840438871279,-0.040565962339854655,0.07138864352658453
2072.948418824029,0.0038605325389653444,0.007428220638540728,1395.2973826211546,-0.05581650544387262,0.07106501589480742
2073.4139360975128,0.0011749446857720613,0.007411755332345631,1395.6107213551813,-0.08413897046368046,0.0711538975995126
2073.8794533709965,0.0010070954449474812,0.0074046469250617615,1395.924060089208,-0.07324573466492579,0.07121207725324308
2074.344970644481,0.0038605325389653444,0.007392119527182119,1396.2373988232348,-0.04928057695038124,0.07109005396156877
2074.8104879179646,0.007217517588287592,0.007368144441804423,1396.5507375572615,-0.027494105352871778,0.07134538195519537
2075.2760051914483,0.009231708012521267,0.0073199586988538295,1396.8640762912883,-0.07324573466492579,0.07119884526904229
2075.7415224649326,0.01124589890241623,0.0072846223321356394,1397.1774150253152,-0.04928057695038124,0.07106736243266977
2076.2070397384164,0.010574501939117908,0.007261162611244824,1397.490753759342,-0.010064876131818612,0.0707353180445048
2076.6725570119,0.006546120624989271,0.007258115984655486,1397.8040924933687,-0.05799519156090782,0.07063453064746873
2077.1380742853844,0.0036926832981407642,0.007269860224743995,1398.1174312273954,-0.05581650544387262,0.07093058455862081
2077.603591558868,-0.000839246204122901,0.007277389746872161,1398.4307699614221,-0.062352498866171,0.07084259965485856
2078.0691088323524,-0.00553902518004179,0.007276286144225804,1398.7441086954489,-0.0645311200543992,0.07104234194199562
2078.534626105836,-0.008896009996533394,0.007264280452615493,1399.0574474294756,-0.0710670485478907,0.07099714541353537
2079.00014337932,-0.01359578873962164,0.00725630190757874,1399.3707861635025,-0.047101955762153036,0.07080552181462944
2079.465660652804,-0.021149003878235817,0.007268049079286479,1399.6841248975293,-0.06670974124262741,0.07074700782592881
2079.931177926288,-0.026016632094979286,0.0072897531129370325,1399.997463631556,-0.07542435585315399,0.07050869102101935
2080.396695199772,-0.027695124968886375,0.007318591700573183,1400.3108023655827,-0.042744648456889744,0.07073015173568921
2080.862212473256,-0.02568093314766884,0.007338424249576022,1400.6241410996095,-0.09721082745066334,0.07151167648024624
2081.32772974674,-0.023331044241786003,0.007350846149929263,1400.9374798336362,-0.0710670485478907,0.07166346699094257
2081.7932470202236,-0.020981155335903168,0.007377875882117686,1401.250818567663,-0.07978166315841717,0.0716417240563616
2082.258764293708,-0.016281375661492348,0.007439997185566879,1401.5641573016896,-0.07542435585315399,0.07169208371372275
2082.7242815671916,-0.008896009996533394,0.007524086713847948,1401.8774960357166,-0.047101955762153036,0.07169208371372277
2083.189798840676,-0.0028534370940178633,0.007596249501603726,1402.1908347697433,-0.047101955762153036,0.0718167902030073
2083.6553161141596,-0.001678492408245802,0.007644708630526176,1402.50417350377,-0.07542435585315399,0.07185213741749022
2084.1208333876434,-0.0028534370940178633,0.007673585750995008,1402.8175122377968,-0.07324573466492579,0.07175291877263847
2084.5863506611277,-0.0028534370940178633,0.007678113709644599,1403.1308509718235,-0.05581650544387262,0.07199458503841227
2085.0518679346114,-0.0028534370940178633,0.007675232590482459,1403.4441897058502,-0.07978166315841717,0.07168814889125624
2085.517385208095,-0.0005035477224737406,0.007672075836401264,1403.757528439877,-0.05145919813860933,0.07140771118016438
2085.9829024815795,0.0038605325389653444,0.007662735220565245,1404.0708671739037,-0.0645311200543992,0.07124043318990952
2086.4484197550632,0.007217517588287592,0.007667269587263233,1404.3842059079307,-0.047101955762153036,0.07122229882988111
2086.913937028547,0.00587472366169095,0.007682450498669147,1404.6975446419574,-0.07760304197018908,0.07122229882988113
2087.3794543020313,0.0031891355756670237,0.007698884080725659,1405.0108833759841,-0.07542435585315399,0.07107573298529936
2087.844971575515,0.002517738612368703,0.007706267758716794,1405.3242221100109,-0.09285358507420705,0.07068573748248645
2088.3104888489993,0.0038605325389653444,0.007697242301520755,1405.6375608440376,-0.08413897046368046,0.07026371178856236
2088.776006122483,0.00553902518004179,0.007686699206180749,1405.9508995780643,-0.03838734115162645,0.0701711732820186
2089.241523395967,0.006546120624989271,0.007672436183115859,1406.264238312091,-0.07542435585315399,0.07040110645277058
2089.707040669451,0.0057068741880357265,0.007673036724239825,1406.5775770461178,-0.06670974124262741,0.07057170680070045
2090.172557942935,0.0038605325389653444,0.007681953519270966,1406.8909157801447,-0.06670974124262741,0.07057170680070046
2090.6380752164187,0.0031891355756670237,0.007682776086305314,1407.2042545141715,-0.05581650544387262,0.07057170680070046
2091.103592489903,0.003524834057316184,0.00768289603663972,1407.5175932481982,-0.0645311200543992,0.07064111771967287
2091.5691097633867,0.0031891355756670237,0.0076771363065506245,1407.830931982225,-0.07760304197018908,0.0709598774403878
2092.034627036871,0.006210422143340111,0.007670960368093985,1408.1442707162516,-0.05581650544387262,0.07085222303711522
2092.5001443103547,0.008560311049222946,0.0076787823857529715,1408.4576094502784,-0.05581650544387262,0.07074086780004694
2092.9656615838385,0.00587472366169095,0.0076993286692028035,1408.770948184305,-0.047101955762153036,0.07111933475187755
2093.4311788573227,0.003524834057316184,0.007707036485220568,1409.0842869183318,-0.062352498866171,0.07122456808416189
2093.8966961308065,0.0038605325389653444,0.007705806486307789,1409.3976256523588,-0.2802174096276864,0.07088440122262638
2094.3622134042903,0.004531929735094309,0.007703345899297755,1409.7109643863855,-0.05581650544387262,0.07135168798272971
2094.8277306777745,0.002517738612368703,0.007702115311012274,1410.0243031204122,0.10976084751209725,0.07142034086942924
2095.2932479512583,-0.0001678492408245802,0.00770143156588925,1410.337641854439,-0.06670974124262741,0.07143656257651712
2095.758765224742,-0.0021820401307195425,0.007703482619194932,1410.6509805884657,-0.05581650544387262,0.071384158912683
2096.2242824982263,-0.0003356984816491604,0.007708590786398294,1410.9643193224924,-0.05799519156090782,0.07171077695654937
2096.68979977171,0.003524834057316184,0.007717875905399472,1411.2776580565192,-0.08413897046368046,0.07153731213968978
2097.1553170451944,0.0028534370940178633,0.007730829089648935,1411.5909967905461,-0.07542435585315399,0.07127791651451829
2097.620834318678,-0.0005035477224737406,0.007739900429999681,1411.9043355245728,-0.027494105352871778,0.07173380952529392
2098.086351592162,-0.003524834057316184,0.0077391349680534785,1412.2176742585996,-0.08196028434664537,0.0717841045807407
2098.551868865646,-0.003524834057316184,0.0077391349680534785,1412.5310129926263,-0.0710670485478907,0.07161274973708968
2099.01738613913,-0.000839246204122901,0.0077413971146317526,1412.844351726653,-0.0645311200543992,0.07170095246494103
2099.4829034126137,0.000839246204122901,0.00773445549899115,1413.1576904606798,-0.07324573466492579,0.07170095246494103
2099.948420686098,-0.0018463416490703821,0.0077033459010994445,1413.4710291947065,-0.02967272654109998,0.07192273789106762
2100.4139379595817,-0.006546120624989271,0.007657046301021807,1413.7843679287332,-0.05799519156090782,0.07205812640305741
2100.8794552330655,-0.004531929735094309,0.007585739606612174,1414.0977066627602,-0.003528947638327229,0.07210265787369936
2101.3449725065498,0.0018463416490703821,0.007517399791152405,1414.411045396787,-0.0645311200543992,0.07244298538485941
2101.8104897800335,0.004531929735094309,0.007491576490267556,1414.7243841308136,-0.07324573466492579,0.07265901427525859
2102.276007053518,0.005035477224737406,0.0074851946869494545,1415.0377228648404,-0.05581650544387262,0.07267495949978517
2102.7415243270016,0.005035477224737406,0.007486179562474602,1415.351061598867,-0.0710670485478907,0.07264123401822842
2103.2070416004854,0.0018463416490703821,0.007474775207096615,1415.6644003328938,-0.04928057695038124,0.07257373607421885
2103.6725588739696,-0.0028534370940178633,0.007430258545601691,1415.9777390669205,-0.014422183437081904,0.07224785400828476
2104.1380761474534,-0.00553902518004179,0.007313103143427208,1416.2910778009473,-0.0645311200543992,0.07219965189200334
2104.603593420937,-0.006210422143340111,0.007028252945213592,1416.6044165349742,-0.05581650544387262,0.07193958747598328
2105.0691106944214,-0.0068818191066384315,0.006582061280969164,1416.917755269001,-0.07324573466492579,0.0721563619591477
2105.534627967905,-0.00587472366169095,0.006017837074000782,1417.2310940030277,-0.13642652826922597,0.07604252371980888
2106.0001452413894,-0.004531929735094309,0.005482453619752131,1417.5444327370544,-0.07542435585315399,0.07573466001590402
2106.465662514873,-0.0068818191066384315,0.0049970284637990605,1417.8577714710812,-0.07542435585315399,0.0758374433872111
2106.931179788357,-0.010238803923130035,0.004567895651503736,1418.1711102051079,-0.062352498866171,0.07577579019082407
2107.396697061841,-0.0117494473233819,0.004291866407866737,1418.4844489391346,-0.0645311200543992,0.07568171562520729
2107.862214335325,-0.010910200886428356,0.004221349016743549,1418.7977876731613,-0.07978166315841717,0.07644748290211718
2108.327731608809,-0.008896009996533394,0.004226086783463902,1419.1111264071883,-0.0645311200543992,0.07670052256101094
2108.793248882293,-0.0068818191066384315,0.004226086783463902,1419.424465141215,-0.0645311200543992,0.07660758358062927
2109.258766155777,-0.0028534370940178633,0.004255145199427009,1419.7378038752418,-0.07978166315841717,0.076470248559236
2109.7242834292606,0.0018463416490703821,0.004288429479040292,1420.0511426092685,-0.036208655034591364,0.07660758358062927
2110.189800702745,0.003524834057316184,0.004312918898135519,1420.3644813432952,-0.07760304197018908,0.07658666568424574
2110.6553179762286,-0.0015106431674212217,0.004341881323324348,1420.677820077322,-0.0645311200543992,0.07661518057979322
2111.120835249713,-0.00587472366169095,0.004339212233310698,1420.9911588113487,-0.062352498866171,0.0765511866880826
2111.5863525231966,-0.006210422143340111,0.004287938265882572,1421.3044975453756,-0.0645311200543992,0.07674300790268561
2112.0518697966804,-0.00520332669839263,0.004255392708671966,1421.6178362794024,-0.047101955762153036,0.07658094252757078
2112.5173870701647,-0.003524834057316184,0.004253164624714249,1421.931175013429,-0.05581650544387262,0.07638174556586581
2112.9829043436484,0.0001678492408245802,0.004279825079392892,1422.2445137474558,-0.018779490742345195,0.07610855381655207
2113.448421617132,0.002517738612368703,0.0043078793505556354,1422.5578524814825,-0.07542435585315399,0.07586478971516519
2113.9139388906165,0.0005035477224737406,0.004316427828916638,1422.8711912155093,-0.08413897046368046,0.07612398528872566
2114.3794561641002,-0.0030212863348424435,0.004321305081098111,1423.184529949536,-0.07542435585315399,0.07588656149691728
2114.844973437584,-0.0038605325389653444,0.004323406700980692,1423.4978686835627,-0.0645311200543992,0.07586895298985594
2115.3104907110683,-0.0021820401307195425,0.0043182879341072756,1423.8112074175897,-0.05581650544387262,0.07600847146622763
2115.776007984552,-0.0006713969632983208,0.004317159771111814,1424.1245461516164,-0.0645311200543992,0.07596622962145481
2116.2415252580363,0.000839246204122901,0.0043368754344911015,1424.4378848856431,-0.07324573466492579,0.07621541976318968
2116.70704253152,-0.0001678492408245802,0.00435891876265058,1424.7512236196699,-0.03185141265813507,0.07584584478089847
2117.172559805004,-0.0041962312534451485,0.004328367340116828,1425.0645623536966,-0.05799519156090782,0.07586112016950004
2117.638077078488,-0.006210422143340111,0.004250037162752429,1425.3779010877233,-0.09285358507420705,0.07629689800987088
2118.103594351972,-0.004364080261439085,0.004212201326807374,1425.69123982175,-0.06017381274913591,0.07639906425226971
2118.5691116254557,-0.0028534370940178633,0.004209700205174842,1426.0045785557768,0.029150824686743904,0.0763518092593415
2119.03462889894,-0.000839246204122901,0.004209700205174842,1426.3179172898037,-0.11028274936645321,0.07171437360903428
2119.5001461724237,0.0011749446857720613,0.004190642895415944,1426.6312560238305,-0.0645311200543992,0.07176468228581327
2119.9656634459075,0.0005035477224737406,0.004194913231174743,1426.9445947578572,-0.05799519156090782,0.07134944540863043
2120.4311807193917,-0.0018463416490703821,0.004252514558588409,1427.257933491884,-0.05799519156090782,0.07282045393736129
2120.8966979928755,-0.0030212863348424435,0.004327150530898669,1427.5712722259107,-0.09285358507420705,0.07282045393736129
2121.3622152663597,-0.0041962312534451485,0.004405454377908264,1427.8846109599374,-0.05799519156090782,0.07268863344282703
2121.8277325398435,-0.004867628216743469,0.004437611407704274,1428.1979496939641,-0.05581650544387262,0.0724333610035107
2122.2932498133273,-0.004531929735094309,0.004432624525668606,1428.5112884279908,-0.09285358507420705,0.07252301304272996
2122.7587670868115,-0.0036926832981407642,0.004457266862986008,1428.8246271620178,-0.062352498866171,0.07355406785615592
2123.2242843602953,-0.0011749446857720613,0.00453944725195983,1429.1379658960445,-0.06670974124262741,0.07339168211237689
2123.689801633779,0.0021820401307195425,0.004620166102942423,1429.4513046300713,-0.08196028434664537,0.0732841856820882
2124.1553189072633,0.0018463416490703821,0.004711138092308052,1429.764643364098,-0.04928057695038124,0.07346982921367723
2124.620836180747,-0.000839246204122901,0.004777073257112317,1430.0779820981247,-0.0645311200543992,0.07341162549149981
2125.0863534542314,-0.0030212863348424435,0.004815501265102991,1430.3913208321515,-0.08631759165190867,0.07369652409268486
2125.551870727715,-0.0031891355756670237,0.004803676274400541,1430.7046595661782,-0.05581650544387262,0.07371284620757777
2126.017388001199,-0.0011749446857720613,0.004800825167368252,1431.017998300205,-0.07324573466492579,0.07390929552675109
2126.482905274683,0.0011749446857720613,0.004814626337171257,1431.3313370342319,-0.08196028434664537,0.07402667181309536
2126.948422548167,0.0018463416490703821,0.004824460143006171,1431.6446757682586,-0.05799519156090782,0.07393337158428209
2127.4139398216507,-0.0015106431674212217,0.004837241421680335,1431.9580145022853,-0.05799519156090782,0.07379197432737411
2127.879457095135,-0.003524834057316184,0.004846078611633145,1432.271353236312,-0.05581650544387262,0.07366933527656713
2128.3449743686188,-0.0028534370940178633,0.004862567824789409,1432.5846919703388,0.0008283596669360627,0.07371289338931147
2128.8104916421025,-0.0001678492408245802,0.004858017191246747,1432.8980307043655,-0.03838734115162645,0.07389697821462471
2129.2760089155868,0.0031891355756670237,0.004828660715444373,1433.2113694383922,-0.020958111930573398,0.07391505649934361
2129.7415261890706,0.00520332669839263,0.0047912176381364035,1433.5247081724192,-0.09503220626243525,0.07393073082382144
2130.207043462555,0.002517738612368703,0.004747049865323288,1433.838046906446,-0.25189494460787853,0.07373159351015243
2130.6725607360386,-0.000839246204122901,0.004726454828388012,1434.1513856404727,-0.06670974124262741,0.07277528551494404
2131.1380780095224,-0.0001678492408245802,0.004718426019837355,1434.4647243744994,-0.08196028434664537,0.07267732715718554
2131.6035952830066,0.0010070954449474812,0.004671541746838707,1434.778063108526,-0.07324573466492579,0.07252765854876377
2132.0691125564904,0.0018463416490703821,0.004589661323580245,1435.0914018425528,-0.0645311200543992,0.0724778794744886
2132.534629829974,0.0038605325389653444,0.004461193463290005,1435.4047405765796,-0.121175985165208,0.0725975701217444
2133.0001471034584,0.003524834057316184,0.004334749970146044,1435.7180793106063,-0.07978166315841717,0.07238809846767058
2133.465664376942,-0.001678492408245802,0.004250099100164103,1436.0314180446333,-0.0645311200543992,0.0723203642679192
2133.931181650426,-0.00587472366169095,0.00420024503202994,1436.34475677866,-0.05581650544387262,0.07228524601497453
2134.39669892391,-0.006210422143340111,0.00419145960599786,1436.6580955126867,-0.07324573466492579,0.07207486665703217
2134.862216197394,-0.00553902518004179,0.004192966986368596,1436.9714342467134,-0.07760304197018908,0.07233721758538433
2135.3277334708782,-0.00520332669839263,0.00419874026670963,1437.2847729807402,-0.05581650544387262,0.07225470262072141
2135.793250744362,-0.003524834057316184,0.004211357350704929,1437.598111714767,-0.05581650544387262,0.07233231149520941
2136.258768017846,-0.0021820401307195425,0.004183096359880507,1437.9114504487936,-0.07324573466492579,0.07225217304793354
2136.72428529133,-0.0021820401307195425,0.004162905421441998,1438.2247891828204,-0.05799519156090782,0.07211323658333195
2137.189802564814,-0.0028534370940178633,0.004185613378724108,1438.5381279168473,-0.04928057695038124,0.07225769801023915
2137.6553198382976,-0.00553902518004179,0.0042408581848753435,1438.851466650874,-0.0645311200543992,0.07227373177429058
2138.120837111782,-0.006378271151334047,0.004297843784753657,1439.1648053849008,-0.05581650544387262,0.0726393755017086
2138.5863543852656,-0.006210422143340111,0.004347305428856217,1439.4781441189275,-0.07542435585315399,0.07245826569415625
2139.0518716587494,-0.0068818191066384315,0.004410651070094487,1439.7914828529542,-0.042744648456889744,0.07245826569415625
2139.5173889322336,-0.00587472366169095,0.004446236159353284,1440.104821586981,-0.0645311200543992,0.07241708894629657
2139.9829062057174,-0.0031891355756670237,0.0044320007653528715,1440.4181603210077,-0.08196028434664537,0.07243553657911472
2140.4484234792017,-0.0030212863348424435,0.004476688976921715,1440.7314990550344,-0.04928057695038124,0.07243553657911472
2140.9139407526854,-0.00553902518004179,0.004669794159811008,1441.0448377890614,-0.09067489895717196,0.07251295191160943
2141.3794580261692,-0.00553902518004179,0.004970241923674501,1441.358176523088,0.003006980855164265,0.07288930145252334
2141.8449752996535,-0.0031891355756670237,0.005297655223735221,1441.6715152571148,-0.05799519156090782,0.0729939515527866
2142.3104925731373,-0.0011749446857720613,0.005511624062894183,1441.9848539911416,0.10104623290157067,0.07323144970549296
2142.776009846621,0.0005035477224737406,0.005634276034227451,1442.2981927251683,-0.062352498866171,0.0726857242568194
2143.2415271201053,0.0031891355756670237,0.005777626226243988,1442.611531459195,-0.05581650544387262,0.0727977612469548
2143.707044393589,0.0038605325389653444,0.005918817293841148,1442.9248701932218,-0.0710670485478907,0.07301020908195423
2144.1725616670733,0.0018463416490703821,0.006035640370201382,1443.2382089272485,-0.062352498866171,0.07249650188647863
2144.638078940557,0.0031891355756670237,0.00613755945919956,1443.5515476612754,-0.07542435585315399,0.07249650188647863
2145.103596214041,0.007217517588287592,0.006238657680308294,1443.8648863953022,-0.1647489932890338,0.07242267097868452
2145.569113487525,0.008560311049222946,0.006335816704165072,1444.178225129329,-0.05581650544387262,0.07325327572663613
2146.034630761009,0.008560311049222946,0.006470792391165704,1444.4915638633556,-0.036208655034591364,0.0729011769529153
2146.5001480344927,0.006546120624989271,0.006654864223367522,1444.8049025973824,-0.05581650544387262,0.0729011769529153
2146.965665307977,0.0018463416490703821,0.0068111908776150995,1445.118241331409,-0.08413897046368046,0.07293356577490082
2147.4311825814607,-0.004867628216743469,0.006929232605370151,1445.4315800654358,-0.12989059977573447,0.07252214890523619
2147.8966998549445,-0.009567406959831715,0.006999948514409865,1445.7449187994628,-0.0645311200543992,0.07265954670082542
2148.3622171284287,-0.009567406959831715,0.0070337204762661075,1446.0582575334895,-0.05799519156090782,0.07269814538102691
2148.8277344019125,-0.009567406959831715,0.007050919235362214,1446.3715962675162,-0.08413897046368046,0.07269814538102691
2149.2932516753967,-0.008224613033235073,0.007068970144867062,1446.684935001543,-0.06670974124262741,0.07309514920386971
2149.7587689488805,-0.006546120624989271,0.007088758198342871,1446.9982737355697,-0.07324573466492579,0.07319254836528799
2150.2242862223643,-0.00553902518004179,0.00709093077016214,1447.3116124695964,-0.06017381274913591,0.07291524418035965
2150.6898034958485,-0.0041962312534451485,0.007084689798909738,1447.6249512036231,-0.05581650544387262,0.07298242628059251
2151.1553207693323,-0.0041962312534451485,0.007083797782737059,1447.9382899376499,-0.07760304197018908,0.07283825642099319
2151.620838042816,-0.00553902518004179,0.007083556175692603,1448.2516286716768,-0.062352498866171,0.0725767142889646
2152.0863553163003,-0.006210422143340111,0.007085488801369608,1448.5649674057036,-0.02967272654109998,0.07253063862599665
2152.551872589784,-0.00587472366169095,0.007101820736837462,1448.8783061397303,-0.05581650544387262,0.07233515604868601
2153.017389863268,-0.004531929735094309,0.007134520065585669,1449.191644873757,-0.05581650544387262,0.072335156048686
2153.482907136752,-0.0018463416490703821,0.007166482382694787,1449.5049836077837,-0.05581650544387262,0.07255206700955047
2153.948424410236,0.0005035477224737406,0.007184096336034471,1449.8183223418105,-0.06670974124262741,0.07282305435142217
2154.41394168372,0.0001678492408245802,0.007187174339450254,1450.1316610758372,-0.05799519156090782,0.073159133696365
2154.879458957204,-0.0015106431674212217,0.007171771110532327,1450.444999809864,-0.047101955762153036,0.0729886490837065
2155.3449762306877,-0.0036926832981407642,0.007172945853828331,1450.7583385438909,-0.06017381274913591,0.0692612631188153
2155.810493504172,-0.003524834057316184,0.007194936778676392,1451.0716772779176,-0.0645311200543992,0.06930175455127568
2156.2760107776558,0.0005035477224737406,0.0072199247293885695,1451.3850160119443,-0.05799519156090782,0.06921049432284504
2156.7415280511395,0.004867628216743469,0.007227305902692019,1451.698354745971,-0.05581650544387262,0.06907522681760793
2157.207045324624,0.0036926832981407642,0.00722920009898939,1452.0116934799978,-0.07760304197018908,0.0689725794308103
2157.6725625981076,-0.0001678492408245802,0.007227597349818862,1452.3250322140245,-0.05581650544387262,0.06843074520502727
2158.138079871592,-0.0011749446857720613,0.007230948148729912,1452.6383709480513,-0.05581650544387262,0.06803873373413796
2158.6035971450756,-0.0015106431674212217,0.007246607109947053,1452.951709682078,-0.06017381274913591,0.06814336055122296
2159.0691144185594,-0.0005035477224737406,0.007257934649239194,1453.265048416105,-0.05581650544387262,0.06816036216201576
2159.5346316920436,0.0021820401307195425,0.00725053018390308,1453.5783871501317,-0.07324573466492579,0.06784364445737386
2160.0001489655274,0.0041962312534451485,0.007234297394348021,1453.8917258841584,-0.0688884273596625,0.06773527963213774
2160.465666239011,0.0036926832981407642,0.007216951904088891,1454.2050646181851,-0.07324573466492579,0.06780759410836329
2160.9311835124954,0.0030212863348424435,0.007208920979268284,1454.5184033522119,-0.05145919813860933,0.06776024001604335
2161.396700785979,0.004531929735094309,0.0072111121184944465,1454.8317420862386,-0.04492326964511795,0.06760493458084281
2161.862218059463,0.0068818191066384315,0.007251746631282944,1455.1450808202653,-0.06670974124262741,0.06768000958042147
2162.327735332947,0.007888914085924625,0.007334979014309134,1455.4584195542923,-0.05799519156090782,0.06800036054359898
2162.793252606431,0.007217517588287592,0.00739105092716805,1455.771758288319,-0.07760304197018908,0.06783956377156171
2163.2587698799152,0.007217517588287592,0.007409836794590966,1456.0850970223457,-0.05363788425564453,0.06782313630194493
2163.724287153399,0.007721065077930689,0.007407277891426614,1456.3984357563725,-0.08413897046368046,0.06764560449018475
2164.189804426883,0.006546120624989271,0.007397941059352572,1456.7117744903992,-0.0710670485478907,0.06764560449018475
2164.655321700367,0.0011749446857720613,0.0074188392400347395,1457.025113224426,-0.06670974124262741,0.06764560449018475
2165.120838973851,-0.0068818191066384315,0.007474000229503644,1457.3384519584527,-0.05581650544387262,0.06854474461139526
2165.5863562473346,-0.013763638213276863,0.0075071302513909696,1457.6517906924794,-0.07324573466492579,0.06866296976897221
2166.051873520819,-0.01762416958808899,0.007504885201634637,1457.9651294265063,-0.10592544206118992,0.06842597772770172
2166.5173907943026,-0.01896696351468563,0.007492103686189859,1458.278468160533,-0.05145919813860933,0.06863779265651865
2166.9829080677864,-0.016281375661492348,0.007492103686189859,1458.5918068945598,-0.08413897046368046,0.06877392053146184
2167.4484253412706,-0.01359578873962164,0.0075843163769135245,1458.9051456285865,-0.010064876131818612,0.06846601393173264
2167.9139426147544,-0.013931486755609512,0.007787668603688257,1459.2184843626133,-0.07324573466492579,0.06844779205916109
2168.3794598882387,-0.01359578873962164,0.00809287677069523,1459.53182309664,-0.0645311200543992,0.06862324860252426
2168.8449771617225,-0.012252994813024998,0.008447421385655293,1459.8451618306667,-0.0645311200543992,0.06868938506135439
2169.3104944352062,-0.011581597849726677,0.008720947653941772,1460.1585005646934,-0.0645311200543992,0.06870818794423335
2169.7760117086905,-0.011581597849726677,0.008919878015217908,1460.4718392987204,-0.047101955762153036,0.06847176752753045
2170.2415289821743,-0.011581597849726677,0.009092949217746173,1460.7851780327471,-0.12771197858750638,0.06706338422474162
2170.707046255658,-0.013931486755609512,0.009214107963070078,1461.0985167667739,-0.05581650544387262,0.06706338422474162
2171.1725635291423,-0.016617074608802795,0.009261536393770435,1461.4118555008006,-0.05799519156090782,0.06736773123446804
2171.638080802626,-0.01577782817184925,0.00927403701640417,1461.7251942348273,-0.06017381274913591,0.06761711927096553
2172.10359807611,-0.013931486755609512,0.009276918291620907,1462.038532968854,-0.047101955762153036,0.06739619732915783
2172.569115349594,-0.010910200886428356,0.009265671987888986,1462.3518717028808,-0.07760304197018908,0.06655013715750706
2173.034632623078,-0.007217517588287592,0.009220092696994182,1462.6652104369075,-0.0710670485478907,0.06647645480741546
2173.500149896562,-0.00553902518004179,0.009173942556782645,1462.9785491709345,-0.08196028434664537,0.06629290860621773
2173.965667170046,-0.00553902518004179,0.009131366085613294,1463.2918879049612,-0.09285358507420705,0.06617195050248506
2174.4311844435297,-0.00553902518004179,0.009105724646042404,1463.605226638988,-0.07542435585315399,0.06589491169290564
2174.896701717014,-0.003524834057316184,0.00908406961438665,1463.9185653730146,-0.05581650544387262,0.0658097116813675
2175.3622189904977,-0.000839246204122901,0.009075950161506849,1464.2319041070414,-0.0645311200543992,0.06577381497270172
2175.8277362639815,0.0001678492408245802,0.009079082810359844,1464.545242841068,-0.05581650544387262,0.06591114663775607
2176.2932535374657,0.0010070954449474812,0.009072468171258036,1464.8585815750948,-0.05145919813860933,0.06561305095251263
2176.7587708109495,0.002517738612368703,0.009057175120337116,1465.1719203091216,-0.05145919813860933,0.06557569364248182
2177.2242880844337,0.00520332669839263,0.009041972684072107,1465.4852590431485,0.01825752395918223,0.06589448006268876
2177.6898053579175,0.007888914085924625,0.009026584212896073,1465.7985977771752,-0.05581650544387262,0.06584575013620352
2178.1553226314013,0.007553216069936752,0.009016077014522639,1466.111936511202,-0.05799519156090782,0.06588160764978995
2178.6208399048855,0.00520332669839263,0.009014324624265558,1466.4252752452287,-0.07542435585315399,0.06593636680898056
2179.0863571783693,0.0038605325389653444,0.009014207786135703,1466.7386139792554,-0.07542435585315399,0.06580852553701112
2179.551874451853,0.0018463416490703821,0.009015960199102066,1467.0519527132822,-0.07978166315841717,0.06599704945598713
2180.0173917253373,0.0028534370940178633,0.009023900203946942,1467.365291447309,-0.08196028434664537,0.06604365278555273
2180.482908998821,0.00587472366169095,0.009022105557081812,1467.6786301813358,-0.0710670485478907,0.06623753502021006
2180.948426272305,0.006210422143340111,0.009016033209930033,1467.9919689153626,-0.07324573466492579,0.06634500240879188
2181.413943545789,0.003524834057316184,0.009016033209930033,1468.3053076493893,-0.05799519156090782,0.0665320061937348
2181.879460819273,0.002517738612368703,0.009004461074395365,1468.618646383416,-0.05145919813860933,0.06662568384738916
2182.344978092757,0.003524834057316184,0.008998098835432419,1468.9319851174428,-0.08196028434664537,0.06653608608075699
2182.810495366241,0.0041962312534451485,0.009008743913161385,1469.2453238514695,-0.02531541923583669,0.06653608608075699
2183.2760126397247,0.00520332669839263,0.009030229687190184,1469.5586625854962,-0.07542435585315399,0.06671657037000327
2183.741529913209,0.007217517588287592,0.00903675869568396,1469.872001319523,-0.05799519156090782,0.06654384662213579
2184.2070471866928,0.00520332669839263,0.009037341413495123,1470.18534005355,-0.027494105352871778,0.06635564735670664
2184.6725644601765,0.0023498893715441227,0.00903559314732082,1470.4986787875766,-0.06670974124262741,0.0663784528274465
2185.138081733661,0.0005035477224737406,0.009027196755630533,1470.8120175216034,-0.0645311200543992,0.06624677739848597
2185.6035990071446,-0.0001678492408245802,0.009027853004863758,1471.12535625563,-0.04928057695038124,0.0658673891301358
2186.0691162806284,0.0028534370940178633,0.00903900195348318,1471.4386949896568,-0.05581650544387262,0.0660376104996631
2186.5346335541126,0.008224613033235073,0.009030142212308937,1471.7520337236836,-0.06670974124262741,0.0661152169187207
2187.0001508275964,0.0117494473233819,0.009009825262605423,1472.0653724577103,-0.08413897046368046,0.06602081496195275
2187.4656681010806,0.010910200886428356,0.008988173541644991,1472.378711191737,-0.042744648456889744,0.06614011748128215
2187.9311853745644,0.008392462506890297,0.00897175371939721,1472.692049925764,-0.05363788425564453,0.0659175292253166
2188.396702648048,0.00587472366169095,0.008947067484255635,1473.0053886597907,-0.05581650544387262,0.06632352567239146
2188.8622199215324,0.0057068741880357265,0.008915892090949212,1473.3187273938174,-0.042744648456889744,0.06640397797418356
2189.327737195016,0.008224613033235073,0.008893404783568298,1473.6320661278442,-0.0645311200543992,0.06625085041621492
2189.7932544685,0.009903104975819588,0.008892679394975896,1473.9454048618709,-0.14078383557448926,0.06633815864110407
2190.258771741984,0.007888914085924625,0.00886775818835264,1474.2587435958976,-0.0645311200543992,0.06661679170759471
2190.724289015468,0.00520332669839263,0.008767365005984464,1474.5720823299243,-0.0688884273596625,0.06666288229926037
2191.1898062889522,0.0031891355756670237,0.00860021972398266,1474.885421063951,-0.05581650544387262,0.06610984980042703
2191.655323562436,-0.0031891355756670237,0.008402479985609102,1475.198759797978,-0.07324573466492579,0.06614288151629713
2192.12084083592,-0.012252994813024998,0.008253741992929347,1475.5120985320048,-0.07542435585315399,0.06595687249807439
2192.586358109404,-0.018295567482709885,0.008148418810742483,1475.8254372660315,-0.06017381274913591,0.06596031582827985
2193.051875382888,-0.022995345294475555,0.008036344831080289,1476.1387760000582,-0.07542435585315399,0.06563298246589003
2193.5173926563716,-0.02534523606300354,0.00792813411046051,1476.452114734085,-0.07760304197018908,0.06560868180316586
2193.982909929856,-0.02249179780483246,0.007839143536789073,1476.7654534681117,-0.0645311200543992,0.06536547625912004
2194.4484272033396,-0.019638361409306526,0.007758774911737677,1477.0787922021384,-0.047101955762153036,0.06529045699534457
2194.9139444768234,-0.019638361409306526,0.007677565035324551,1477.3921309361651,-0.08196028434664537,0.06542956226223597
2195.3794617503077,-0.01762416958808899,0.007595486923974406,1477.705469670192,-0.05581650544387262,0.06448031561638669
2195.8449790237914,-0.012924391776323318,0.007475127473229813,1478.0188084042188,-0.07542435585315399,0.06453626378584688
2196.3104962972757,-0.008224613033235073,0.007300472792739861,1478.3321471382455,-0.08196028434664537,0.06451830717395822
2196.7760135707595,-0.0030212863348424435,0.010589705193225392,1478.6454858722723,-0.062352498866171,0.06448169154939806
2197.2415308442432,0.0011749446857720613,0.012970899903685083,1478.958824606299,-0.0688884273596625,0.06458323382921803
2197.7070481177275,0.0011749446857720613,0.015018091837240441,1479.2721633403257,-0.05581650544387262,0.0643725733946974
2198.1725653912113,-0.000839246204122901,0.016836493913860367,1479.5855020743525,-0.027494105352871778,0.06415206764174358
2198.638082664695,-0.0028534370940178633,0.018495653561892908,1479.8988408083794,-0.07324573466492579,0.06376895301919416
2199.1035999381793,-0.0041962312534451485,0.020017763962332718,1480.2121795424061,-0.023136798047608487,0.06329799708012615
2199.569117211663,-0.000839246204122901,0.021432044872614728,1480.5255182764329,-0.0645311200543992,0.06829841482770237
2200.034634485147,0.0038605325389653444,0.022762355783988223,1480.8388570104596,-0.05581650544387262,0.0682232919190553
2200.500151758631,0.004867628216743469,0.02402137939612374,1481.1521957444863,-0.0710670485478907,0.06797427529612637
2200.965669032115,0.0021820401307195425,0.025217748008262098,1481.465534478513,-0.042744648456889744,0.06797427529612636
2201.431186305599,-0.0010070954449474812,0.026364428482444503,1481.7788732125398,-0.05799519156090782,0.0681392335715486
2201.896703579083,-0.0030212863348424435,0.02745782686159477,1482.0922119465665,-0.07324573466492579,0.06804748334323212
2202.3622208525667,-0.0021820401307195425,0.02850592275393054,1482.4055506805935,-0.04928057695038124,0.06828670293632076
2202.827738126051,-0.0005035477224737406,0.029511258981617095,1482.7188894146202,-0.06017381274913591,0.06807744401959485
2203.2932553995347,-0.0001678492408245802,0.03048425214598749,1483.032228148647,-0.062352498866171,0.068259701785033
2203.7587726730185,-0.0001678492408245802,0.0314315924666868,1483.3455668826737,-0.05145919813860933,0.06811798802308726
2204.2242899465027,0.0018463416490703821,0.03235296165402564,1483.6589056167004,-0.07760304197018908,0.06809576513025997
2204.6898072199865,0.0041962312534451485,0.03325042372665917,1483.9722443507271,-0.05363788425564453,0.0680722316898958
2205.1553244934703,0.0031891355756670237,0.034123642733413985,1484.2855830847539,-0.07978166315841717,0.06802448828769052
2205.6208417669545,0.000839246204122901,0.03496443534570575,1484.5989218187806,-0.07542435585315399,0.0680244882876905
2206.0863590404383,0.0005035477224737406,0.035791894162098215,1484.9122605528075,-0.07760304197018908,0.06827586978871056
2206.5518763139225,0.0011749446857720613,0.03660398859586112,1485.2255992868343,-0.06670974124262741,0.06809717382619446
2207.0173935874063,0.0011749446857720613,0.03739256649789122,1485.538938020861,-0.0688884273596625,0.06826183511157187
2207.48291086089,0.004531929735094309,0.038164108847609825,1485.8522767548877,-0.05581650544387262,0.06801481107799218
2207.9484281343744,0.006546120624989271,0.03891973704030759,1486.1656154889145,-0.07542435585315399,0.06838353329356953
2208.413945407858,0.0038605325389653444,0.03965985613685875,1486.4789542229412,-0.03403003384636316,0.06840631185136928
2208.879462681342,0.0011749446857720613,0.040377389979332906,1486.792292956968,-0.020958111930573398,0.06856497742472682
2209.344979954826,0.0011749446857720613,0.04108523903934242,1487.1056316909946,-0.07542435585315399,0.06860280141281132
2209.81049722831,0.0011749446857720613,0.041777609361540236,1487.4189704250216,-0.05363788425564453,0.06862292146880615
2210.276014501794,0.0038605325389653444,0.042453490543153186,1487.7323091590483,-0.0013502615212921398,0.0683576080556263
2210.741531775278,0.00553902518004179,0.04311880310316777,1488.045647893075,-0.0710670485478907,0.06837260954633417
2211.2070490487617,0.0018463416490703821,0.04377313870036638,1488.3589866271018,-0.05581650544387262,0.06818945775581989
2211.672566322246,-0.0028534370940178633,0.04440607362245263,1488.6723253611285,-0.05581650544387262,0.06809793131265923
2212.1380835957298,-0.004531929735094309,0.045012020937073495,1488.9856640951552,-0.0710670485478907,0.06800244565111303
2212.6036008692136,-0.004531929735094309,0.045617177483529704,1489.299002829182,-0.05363788425564453,0.06822358858192804
2213.069118142698,-0.0021820401307195425,0.04620886374216746,1489.6123415632087,-0.09285358507420705,0.06848613173996783
2213.5346354161816,-0.0001678492408245802,0.04679665592600888,1489.9256802972357,-0.09067489895717196,0.06848613173996783
2214.0001526896654,0.0,0.04737734787079671,1490.2390190312624,-0.05363788425564453,0.06859087791368783
2214.4656699631496,0.0,0.047947589772935666,1490.5523577652891,-0.07542435585315399,0.06878918858781914
2214.9311872366334,0.0,0.04850819798935421,1490.8656964993158,-0.08413897046368046,0.06753139896392642
2215.3967045101176,0.0,0.04906826895453343,1491.1790352333426,-0.07760304197018908,0.06755118084884558
2215.8622217836014,0.0,0.049625329879802206,1491.4923739673693,-0.05799519156090782,0.06759400929244994
2216.327739057085,0.0,0.05018501389176082,1491.805712701396,-0.05581650544387262,0.06756168705400946
2216.7932563305694,0.0,0.05073852454450428,1492.119051435423,-0.06670974124262741,0.06740592414789774
2217.258773604053,0.0,0.05127805208949462,1492.4323901694497,-0.012243562248853812,0.06732000073686524
2217.724290877537,0.0,0.05179061338538756,1492.7457289034764,-0.027494105352871778,0.06733852779158148
2218.189808151021,0.0,0.052283133529005384,1493.0590676375032,0.06183053208300804,0.06708331690102702
2218.655325424505,0.0,0.0527679360597141,1493.37240637153,-0.027494105352871778,0.06703751537319708
2219.120842697989,0.0,0.05326030230423124,1493.6857451055566,-0.05581650544387262,0.06696436929809005
2219.586359971473,0.0,0.05375860897164462,1493.9990838395834,-0.0645311200543992,0.06683857714800671
2220.051877244957,0.0,0.054252338895150666,1494.31242257361,-0.05581650544387262,0.06667987468730482
2220.517394518441,0.0,0.054743559054647,1494.625761307637,-0.062352498866171,0.06673397882460062
2220.982911791925,0.0,0.05524697930599894,1494.9391000416638,-0.05581650544387262,0.06653679676606744
2221.4484290654086,-0.08090333640575409,0.055754184759088485,1495.2524387756905,-0.05581650544387262,0.0662833441904111
2221.913946338893,-0.0787212923169136,0.05626167783842559,1495.5657775097172,-0.06017381274913591,0.06636526192713713
2222.3794636123766,-0.0790569931268692,0.056760967077693,1495.879116243744,-0.05581650544387262,0.06643164240367547
2222.8449808858604,-0.0790569931268692,0.057251653143052646,1496.1924549777707,-0.04492326964511795,0.0666124096804755
2223.3104981593447,-0.0793926939368248,0.05774032859427434,1496.5057937117974,-0.03838734115162645,0.0667008931363146
2223.7760154328284,-0.0793926939368248,0.05823059364978633,1496.8191324458242,-0.047101955762153036,0.06677092620030607
2224.2415327063127,-0.0793926939368248,0.05870770629623468,1497.132471179851,-0.2758601023224231,0.06720218700897754
2224.7070499797965,-0.0793926939368248,0.059182307337940505,1497.4458099138778,-0.04492326964511795,0.06720218700897754
2225.1725672532802,-0.0793926939368248,0.059652020256310306,1497.7591486479046,-0.023136798047608487,0.06767080325277744
2225.6380845267645,-0.0793926939368248,0.06011738009157132,1498.0724873819313,-0.05581650544387262,0.06755420401928153
2226.1036018002483,-0.0795605406165123,0.06058062558930663,1498.385826115958,-0.0710670485478907,0.06777680949367793
2226.569119073732,-0.0793926939368248,0.06104064239293138,1498.6991648499848,-0.036208655034591364,0.06777680949367793
2227.0346363472163,-0.0793926939368248,0.061496601691242415,1499.0125035840115,0.06183053208300804,0.06784573196308644
2227.5001536207,-0.0793926939368248,0.061949534520354683,1499.3258423180382,-0.00788625494359052,0.06851286443927763
2227.965670894184,-0.0793926939368248,0.0623995173331183,1499.6391810520652,-0.07760304197018908,0.06849530320391684
2228.431188167668,-0.0793926939368248,0.06284629508526066,1499.952519786092,-0.06017381274913591,0.06871269144102637
2228.896705441152,-0.0793926939368248,0.06328991901149174,1500.2658585201186,-0.07324573466492579,0.06874447250298454
2229.362222714636,-0.0793926939368248,0.06373020708203093,1500.5791972541454,-0.07760304197018908,0.0686375299183977
2229.82773998812,-0.0793926939368248,0.06416266490158212,1500.892535988172,-0.07760304197018908,0.0688286940103633
2230.2932572616037,-0.0790569931268692,0.06459651554774264,1501.2058747221988,-0.0710670485478907,0.06845531953521294
2230.758774535088,-0.0793926939368248,0.06502815193581353,1501.5192134562255,-0.09503220626243525,0.0684780742140297
2231.2242918085717,-0.0793926939368248,0.06545512189590802,1501.8325521902525,-0.027494105352871778,0.06880084777656807
2231.6898090820555,-0.0790569931268692,0.06588108519465688,1502.1458909242792,-0.0710670485478907,0.06880084777656807
2232.1553263555397,-0.0790569931268692,0.06630431200489979,1502.459229658306,-0.05581650544387262,0.06893464566095595
2232.6208436290235,-0.0790569931268692,0.06672351271283544,1502.7725683923327,-0.07760304197018908,0.06895145216197215
2233.0863609025073,-0.0790569931268692,0.06714035304294844,1503.0859071263594,-0.07760304197018908,0.06895145216197215
2233.5518781759915,-0.0787212923169136,0.06755475575818895,1503.3992458603861,-0.07542435585315399,0.06913620484113989
2234.0173954494753,-0.0787212923169136,0.06797114105227839,1503.7125845944129,-0.036208655034591364,0.06936890260358995
2234.4829127229596,-0.0783855989575386,0.068383210331565,1504.0259233284396,-0.0688884273596625,0.06906063531649845
2234.9484299964433,-0.07804989814758301,0.06879104490606694,1504.3392620624666,-0.016600869554116993,0.07211497520307646
2235.413947269927,-0.07804989814758301,0.06919907849435587,1504.6526007964933,-0.05145919813860933,0.07250403542173453
2235.8794645434114,-0.07804989814758301,0.06960366096867797,1504.96593953052,-0.020958111930573398,0.07246533334888236
2236.344981816895,-0.07771419733762741,0.070011215856423,1505.2792782645467,-0.05581650544387262,0.07259000656016794
2236.810499090379,-0.07704280316829681,0.07041609784933,1505.5926169985735,-0.07542435585315399,0.07259000656016794
2237.276016363863,-0.07737849652767181,0.07081784714207189,1505.9059557326002,-0.0710670485478907,0.07292818316133715
2237.741533637347,-0.07670710235834122,0.07121389905430943,1506.219294466627,-0.08196028434664537,0.07294346094131487
2238.2070509108307,-0.07670710235834122,0.07160879005134334,1506.5326332006537,-0.05581650544387262,0.07277673788319017
2238.672568184315,-0.07670710235834122,0.07200182248761203,1506.8459719346806,-0.05799519156090782,0.07244811728553276
2239.1380854577988,-0.07670710235834122,0.0723927229337336,1507.1593106687073,-0.08413897046368046,0.07271866293203325
2239.603602731283,-0.07670710235834122,0.07277818106823189,1507.472649402734,-0.03838734115162645,0.07274008395662408
2240.069120004767,-0.07687494903802872,0.07316493375807206,1507.7859881367608,-0.06670974124262741,0.07278839160607055
2240.5346372782506,-0.07687494903802872,0.07354799706958695,1508.0993268707875,-0.07324573466492579,0.072856226307267
2241.000154551735,-0.07737849652767181,0.07392743184223295,1508.4126656048143,-0.05145919813860933,0.07292589546149987
2241.4656718252186,-0.07737849652767181,0.07430656444697802,1508.726004338841,-0.05581650544387262,0.07306989240592444
2241.9311890987024,-0.07771419733762741,0.07468214529425976,1509.0393430728677,-0.06670974124262741,0.07310827443788336
2242.3967063721866,-0.07737849652767181,0.07505584675155529,1509.3526818068947,-0.062352498866171,0.07329758160071267
2242.8622236456704,-0.07754635065793991,0.07542769675280414,1509.6660205409214,-0.04492326964511795,0.0734636289656531
2243.3277409191546,-0.07804989814758301,0.07579772254674283,1509.9793592749481,-0.07324573466492579,0.0734853321433734
2243.7932581926384,-0.07804989814758301,0.07616595072020722,1510.2926980089749,-0.05581650544387262,0.07362008811992249
2244.258775466122,-0.07804989814758301,0.07653240722042566,1510.6060367430016,0.02043621007621732,0.07762436624739001
2244.7242927396064,-0.07804989814758301,0.07690028119048582,1510.9193754770283,-0.06670974124262741,0.07771608928901394
2245.18981001309,-0.07771419733762741,0.07726482762745729,1511.232714211055,-0.062352498866171,0.07770174991269115
2245.655327286574,-0.07804989814758301,0.07762923083815408,1511.5460529450818,-0.05363788425564453,0.07787173623896727
2246.1208445600582,-0.07804989814758301,0.07799193145926146,1511.8593916791087,-0.05581650544387262,0.07785742552889674
2246.586361833542,-0.07804989814758301,0.0779616172941679,1512.1727304131355,-0.0710670485478907,0.07793749168376404
2247.051879107026,-0.07771419733762741,0.07795061149948712,1512.4860691471622,-0.07542435585315399,0.07786597140408981
2247.51739638051,-0.07737849652767181,0.0779379909551857,1512.799407881189,-0.07542435585315399,0.07771732296823222
2247.982913653994,-0.07754635065793991,0.07792380563100992,1513.1127466152157,-0.04492326964511795,0.07802104743319947
2248.448430927478,-0.07804989814758301,0.0779048674990289,1513.4260853492424,-0.07978166315841717,0.07857547036061467
2248.913948200962,-0.07737849652767181,0.07788592476220006,1513.7394240832691,-0.08196028434664537,0.07865882079690475
2249.3794654744456,-0.07737849652767181,0.0778669774171627,1514.052762817296,-0.0645311200543992,0.07435840944734037
2249.84498274793,-0.07737849652767181,0.07785115063047855,1514.3661015513228,-0.09938951356769854,0.07445906512147539
2250.3105000214136,-0.07737849652767181,0.07783219482008265,1514.6794402853495,-0.05799519156090782,0.07480262035160448
2250.7760172948974,-0.07737849652767181,0.07781636095909289,1514.9927790193763,-0.0710670485478907,0.07486810885408367
2251.2415345683817,-0.07737849652767181,0.07779735612829629,1515.306117753403,-0.05799519156090782,0.07474723545621162
2251.7070518418655,-0.07737849652767181,0.07778151517524905,1515.6194564874297,-0.07978166315841717,0.07542255936850702
2252.1725691153492,-0.07737849652767181,0.07776410505023641,1515.9327952214564,-0.11028274936645321,0.07553807000568502
2252.6380863888335,-0.07737849652767181,0.07774669102650553,1516.2461339554832,-0.05799519156090782,0.07572671545667367
2253.1036036623173,-0.07737849652767181,0.07773083974829714,1516.5594726895101,-0.08413897046368046,0.07568614466878357
2253.5691209358015,-0.07737849652767181,0.07771812930849478,1516.8728114235369,-0.05581650544387262,0.07562605731266585
2254.0346382092853,-0.07737849652767181,0.07770541678961886,1517.1861501575636,-0.06670974124262741,0.07533197178644517
2254.500155482769,-0.07704280316829681,0.07768642541956876,1517.4994888915903,-0.07542435585315399,0.07523439364292843
2254.9656727562533,-0.07737849652767181,0.077673707711855,1517.812827625617,-0.02967272654109998,0.07511890449384903
2255.431190029737,-0.07737849652767181,0.0776579093480543,1518.1261663596438,-0.07760304197018908,0.07511890449384902
2255.896707303221,-0.07721064984798431,0.07764203994431854,1518.4395050936705,-0.10374682087296183,0.07478159460671419
2256.362224576705,-0.07737849652767181,0.07762303306839402,1518.7528438276972,-0.06670974124262741,0.07492889176659279
2256.827741850189,-0.07737849652767181,0.07760879017627964,1519.0661825617242,-0.08196028434664537,0.07507842971621573
2257.293259123673,-0.07737849652767181,0.07759454466980656,1519.379521295751,-0.05799519156090782,0.07521830598999493
2257.758776397157,-0.07754635065793991,0.07758186620274894,1519.6928600297776,-0.07542435585315399,0.07510279210216761
2258.2242936706407,-0.07737849652767181,0.0775691856634313,1520.0061987638044,-0.062352498866171,0.07493717954394097
2258.689810944125,-0.07771419733762741,0.07755655737089338,1520.319537497831,-0.062352498866171,0.07470793103350454
2259.1553282176087,-0.07754635065793991,0.07754549408731852,1520.6328762318578,0.0335080670632002,0.07488618275918477
2259.6208454910925,-0.07737849652767181,0.07753604048924967,1520.9462149658846,-0.2213938583998425,0.0748498977351691
2260.0863627645767,-0.07771419733762741,0.07752975103491522,1521.2595536999113,-0.07760304197018908,0.07499786474445815
2260.5518800380605,-0.07771419733762741,0.07752659932374183,1521.5728924339383,-0.06670974124262741,0.0751669554939117
2261.0173973115443,-0.07804989814758301,0.07752344748443582,1521.886231167965,-0.0710670485478907,0.07598358032485082
2261.4829145850285,-0.07804989814758301,0.07752344748443582,1522.1995699019917,-0.05581650544387262,0.07639835176932536
2261.9484318585123,-0.07804989814758301,0.07752657208387535,1522.5129086360184,-0.10156813475592663,0.07624079053944734
2262.4139491319966,-0.07771419733762741,0.07752813950019175,1522.8262473700452,-0.05581650544387262,0.07620398629342424
2262.8794664054803,-0.07771419733762741,0.07753437468050171,1523.139586104072,-0.07760304197018908,0.07601386278637237
2263.344983678964,-0.07771419733762741,0.07754217649200033,1523.4529248380986,-0.05581650544387262,0.07662777766972044
2263.8105009524484,-0.07771419733762741,0.07754528682420046,1523.7662635721254,-0.08413897046368046,0.07657074660746219
2264.276018225932,-0.07737849652767181,0.07755465774384832,1524.0796023061523,-0.07760304197018908,0.0763436374123384
2264.741535499416,-0.07771419733762741,0.07756089079233608,1524.392941040179,-0.08849627776894375,0.07662154831672703
2265.2070527729,-0.07754635065793991,0.07756557035908072,1524.7062797742058,-0.08413897046368046,0.07654010560799773
2265.672570046384,-0.07737849652767181,0.07720871922210787,1525.0196185082325,-0.06670974124262741,0.07643355437668195
2266.1380873198677,-0.07754635065793991,0.07684548794872906,1525.3329572422592,-0.07324573466492579,0.07658029305466048
2266.603604593352,-0.07737849652767181,0.0764805315896682,1525.646295976286,-0.0710670485478907,0.07658029305466048
2267.0691218668358,-0.07737849652767181,0.0761106288242024,1525.9596347103127,-0.05581650544387262,0.07658029305466049
2267.53463914032,-0.07737849652767181,0.07574213169812086,1526.2729734443396,-0.05799519156090782,0.0772684637969249
2268.000156413804,-0.07737849652767181,0.07537022073107245,1526.5863121783664,-0.0645311200543992,0.07715008743720725
2268.4656736872876,-0.07737849652767181,0.07499158344771717,1526.899650912393,-0.05363788425564453,0.07709466222888617
2268.931190960772,-0.07737849652767181,0.0746110246742482,1527.2129896464198,-0.2606095592184051,0.07721186087141425
2269.3967082342556,-0.07771419733762741,0.07422851485707241,1527.5263283804466,-0.07542435585315399,0.07721316833060972
2269.8622255077394,-0.07754635065793991,0.07384402367715322,1527.8396671144733,-0.05363788425564453,0.07721316833060972
2270.3277427812236,-0.07771419733762741,0.0734608463101892,1528.1530058485,-0.08196028434664537,0.07701641324321386
2270.7932600547074,-0.07771419733762741,0.07307231593123749,1528.4663445825267,-0.05363788425564453,0.07704592063552916
2271.258777328191,-0.07771419733762741,0.07268170863773037,1528.7796833165537,-0.06670974124262741,0.07690267847825213
2271.7242946016754,-0.07754635065793991,0.07228899076239254,1529.0930220505804,-0.04928057695038124,0.07678500792530298
2272.189811875159,-0.07771419733762741,0.07189752633590775,1529.4063607846072,-0.02531541923583669,0.07667532636087517
2272.6553291486434,-0.07754635065793991,0.07150732121526103,1529.719699518634,-0.08413897046368046,0.07651833545992112
2273.120846422127,-0.07737849652767181,0.07111326631689492,1530.0330382526606,-0.10374682087296183,0.07676247426734661
2273.586363695611,-0.07737849652767181,0.07071183819703011,1530.3463769866873,-0.06017381274913591,0.07640088664855862
2274.0518809690952,-0.07737849652767181,0.07031505354732327,1530.659715720714,-0.07542435585315399,0.07624456430318226
2274.517398242579,-0.07771419733762741,0.06991601711713069,1530.9730544547408,-0.06017381274913591,0.07824764731257097
2274.982915516063,-0.07737849652767181,0.06951469012865472,1531.2863931887678,-0.07760304197018908,0.07778887134172695
2275.448432789547,-0.07771419733762741,0.06911103267816837,1531.5997319227945,-0.0645311200543992,0.07831564772196989
2275.913950063031,-0.07754635065793991,0.06870500368970829,1531.9130706568212,-0.05581650544387262,0.07826274896137851
2276.379467336515,-0.07771419733762741,0.06829656086628962,1532.226409390848,-0.11028274936645321,0.0781709638083448
2276.844984609999,-0.07754635065793991,0.06788566063847928,1532.5397481248747,-0.07542435585315399,0.0779621741617404
2277.3105018834826,-0.07754635065793991,0.06747225811015033,1532.8530868589014,-0.05581650544387262,0.07728300644386661
2277.776019156967,-0.07771419733762741,0.06705630700122636,1533.1664255929281,-0.07324573466492579,0.07793310577983761
2278.2415364304507,-0.07804989814758301,0.06663775958720922,1533.4797643269549,-0.05145919813860933,0.0804646086244178
2278.7070537039344,-0.07804989814758301,0.06621656663526633,1533.7931030609818,0.024793517381480612,0.08047900734927037
2279.1725709774187,-0.07737849652767181,0.06579267733663556,1534.1064417950085,-0.06670974124262741,0.08040147215042039
2279.6380882509025,-0.07804989814758301,0.06536974494739026,1534.4197805290353,-0.0645311200543992,0.08038264526822252
2280.1036055243862,-0.07737849652767181,0.06494032836879428,1534.733119263062,-0.0710670485478907,0.08070085505631902
2280.5691227978705,-0.07771419733762741,0.06450805331744867,1535.0464579970887,-0.06017381274913591,0.08074110308425146
2281.0346400713543,-0.07737849652767181,0.06407475427079966,1535.3597967311155,-0.05581650544387262,0.08046623963221712
2281.5001573448385,-0.07754635065793991,0.06363659976006993,1535.6731354651422,-0.08631759165190867,0.0803886921188565
2281.9656746183223,-0.07754635065793991,0.06319540745325807,1535.9864741991692,-0.07324573466492579,0.08029173512134624
2282.431191891806,-0.07771419733762741,0.06275111327572826,1536.2998129331959,-0.0645311200543992,0.08029173512134623
2282.8967091652903,-0.07771419733762741,0.06230170042798495,1536.6131516672226,-0.05799519156090782,0.08046224904493436
2283.362226438774,-0.07737849652767181,0.06185098681814504,1536.9264904012493,-0.04492326964511795,0.08032191776345532
2283.827743712258,-0.07754635065793991,0.0613930018663009,1537.239829135276,-0.0645311200543992,0.08026309012782976
2284.293260985742,-0.07737849652767181,0.06093357315167663,1537.5531678693028,-0.0645311200543992,0.08039343447589214
2284.758778259226,-0.07737849652767181,0.06047266350336075,1537.8665066033295,-0.05145919813860933,0.07769460718952374
2285.2242955327097,-0.07771419733762741,0.0600041593472317,1538.1798453373563,-0.07324573466492579,0.07755004523191564
2285.689812806194,-0.07771419733762741,0.05953196827541693,1538.4931840713832,-0.11681867785994471,0.07758621095622377
2286.1553300796777,-0.07771419733762741,0.05905186416778553,1538.80652280541,-0.09938951356769854,0.0780649003312368
2286.620847353162,-0.07737849652767181,0.05856782458514178,1539.1198615394367,-0.05581650544387262,0.07787822815009705
2287.0863646266457,-0.07754635065793991,0.05807975113222579,1539.4332002734634,-0.06670974124262741,0.07772900901241699
2287.5518819001295,-0.07737849652767181,0.057591784130712226,1539.7465390074901,-0.06017381274913591,0.07780920730878506
2288.0173991736137,-0.07754635065793991,0.057099647171728045,1540.0598777415169,-0.1146400566717165,0.07769754544101372
2288.4829164470975,-0.07704280316829681,0.05660323148825608,1540.3732164755436,-0.04928057695038124,0.07766942791674529
2288.9484337205813,-0.07771419733762741,0.05610242350104297,1540.6865552095703,-0.05799519156090782,0.07743057785780579
2289.4139509940655,-0.07737849652767181,0.05560148034765218,1540.9998939435973,-0.07760304197018908,0.07739090029429649
2289.8794682675493,-0.07737849652767181,0.05509156672874375,1541.313232677624,-0.05581650544387262,0.07728157316361228
,,,1541.6265714116507,-0.06017381274913591,0.07702705570277499
,,,1541.9399101456775,-0.0710670485478907,0.07694604220016331
,,,1542.2532488797042,-0.05581650544387262,0.07680931234503761
,,,1542.566587613731,-0.06670974124262741,0.0766246046656861
,,,1542.8799263477576,-0.12335467128224309,0.07659609327850074
,,,1543.1932650817844,-0.00788625494359052,0.07680044094606531
,,,1543.5066038158113,-0.06670974124262741,0.07685434621821981
,,,1543.819942549838,-0.0710670485478907,0.07673285586256968
,,,1544.1332812838648,-0.020958111930573398,0.0726954172637126
,,,1544.4466200178915,-0.06670974124262741,0.07252981235433875
,,,1544.7599587519182,-0.02531541923583669,0.07254517402997375
,,,1545.073297485945,-0.05799519156090782,0.07219608695213485
,,,1545.3866362199717,-0.027494105352871778,0.07227935582173138
,,,1545.6999749539984,-0.05581650544387262,0.07219301474544033
,,,1546.0133136880254,-0.062352498866171,0.07238282957386975
,,,1546.3266524220521,-0.05581650544387262,0.07275143722491201
,,,1546.6399911560788,-0.07760304197018908,0.07270554559719614
,,,1546.9533298901056,-0.020958111930573398,0.0722123290546004
,,,1547.2666686241323,-0.0645311200543992,0.0723047824629115
,,,1547.580007358159,-0.19307139338003465,0.07228384676655653
,,,1547.8933460921858,-0.047101955762153036,0.07250708057403965
,,,1548.2066848262127,-0.11028274936645321,0.07224856357936989
,,,1548.5200235602395,-0.0645311200543992,0.07218069844052219
,,,1548.8333622942662,-0.042744648456889744,0.07226705423172228
,,,1549.146701028293,-0.05363788425564453,0.07169585032509726
,,,1549.4600397623196,-0.02967272654109998,0.07165423544975996
,,,1549.7733784963464,-0.1189973639769798,0.07154707996254946
,,,1550.086717230373,-0.2235725445168777,0.07146861839812163
,,,1550.4000559643998,-0.05799519156090782,0.07149917447341773
,,,1550.7133946984268,-0.05581650544387262,0.07167859483344032
,,,1551.0267334324535,-0.07324573466492579,0.07217961355994178
,,,1551.3400721664802,-0.07978166315841717,0.07697436380338105
,,,1551.653410900507,-0.08196028434664537,0.077033330800884
,,,1551.9667496345337,-0.07760304197018908,0.07706628543453717
,,,1552.2800883685604,-0.05581650544387262,0.07712985195498696
,,,1552.5934271025872,-0.0710670485478907,0.07704325828168487
,,,1552.9067658366139,-0.05799519156090782,0.07690670126397724
,,,1553.2201045706408,-0.09285358507420705,0.07694201632777366
,,,1553.5334433046676,-0.03838734115162645,0.07697385747893745
,,,1553.8467820386943,-0.05363788425564453,0.07699877240033969
,,,1554.160120772721,-0.05799519156090782,0.07701612259266076
,,,1554.4734595067478,-0.05799519156090782,0.07693798042841725
,,,1554.7867982407745,-0.06017381274913591,0.07750675868272196
,,,1555.1001369748012,-0.0710670485478907,0.07737101973058083
,,,1555.413475708828,0.11411808988855354,0.0767323465074104
,,,1555.726814442855,0.0008283596669360627,0.07658436935021613
,,,1556.0401531768816,-0.08849627776894375,0.0767215000904055
,,,1556.3534919109084,-0.06670974124262741,0.07662562287687726
,,,1556.666830644935,-0.0645311200543992,0.07659479529150723
,,,1556.9801693789618,-0.05145919813860933,0.07611883234919598
,,,1557.2935081129885,-0.05581650544387262,0.07622531103156217
,,,1557.6068468470153,-0.07324573466492579,0.07638813091965899
,,,1557.920185581042,-0.07760304197018908,0.07608117656370449
,,,1558.233524315069,-0.05363788425564453,0.07623906766420528
,,,1558.5468630490957,-0.05581650544387262,0.07625542776900097
,,,1558.8602017831224,-0.05581650544387262,0.07625542776900096
,,,1559.1735405171491,-0.04492326964511795,0.07621332280186044
,,,1559.4868792511759,-0.05145919813860933,0.07703250853934307
,,,1559.8002179852026,-0.08196028434664537,0.07629492065149147
,,,1560.1135567192293,-0.0710670485478907,0.076638765268494
,,,1560.4268954532563,-0.02967272654109998,0.07655734087538722
,,,1560.740234187283,-0.05799519156090782,0.07643913871093559
,,,1561.0535729213098,-0.05581650544387262,0.07672051895714052
,,,1561.3669116553365,-0.05581650544387262,0.07677621426220256
,,,1561.6802503893632,-0.036208655034591364,0.07695737589933253
,,,1561.99358912339,-0.0645311200543992,0.07679188179172308
,,,1562.3069278574167,-0.05581650544387262,0.07754195002355474
,,,1562.6202665914434,-0.07324573466492579,0.07754195002355474
,,,1562.9336053254704,-0.07978166315841717,0.07767046838014845
,,,1563.246944059497,-0.07978166315841717,0.07841963818938685
,,,1563.5602827935238,-0.05581650544387262,0.0783088467498484
,,,1563.8736215275505,-0.0710670485478907,0.07851436370423909
,,,1564.1869602615773,-0.07324573466492579,0.07845191900750986
,,,1564.500298995604,-0.08413897046368046,0.07654731328309003
,,,1564.8136377296307,-0.04492326964511795,0.07660204502561113
,,,1565.1269764636575,-0.05581650544387262,0.07672383606222023
,,,1565.4403151976844,-0.06670974124262741,0.07865322767696763
,,,1565.7536539317111,-0.05799519156090782,0.0787919592683706
,,,1566.0669926657379,-0.0710670485478907,0.07870868207199234
,,,1566.3803313997646,-0.03838734115162645,0.07884126199013851
,,,1566.6936701337913,-0.0645311200543992,0.0782465528300544
,,,1567.007008867818,-0.05581650544387262,0.07541094418265516
,,,1567.3203476018448,-0.05799519156090782,0.07542689530398203
,,,1567.6336863358715,-0.11028274936645321,0.0754918422554286
,,,1567.9470250698985,0.2840527501497867,0.07533768449377219
,,,1568.2603638039252,-0.07760304197018908,0.07512102050813176
,,,1568.573702537952,-0.0645311200543992,0.07523938409450866
,,,1568.8870412719787,-0.0645311200543992,0.07526067645426579
,,,1569.2003800060054,-0.07760304197018908,0.07520496851343966
,,,1569.5137187400321,-0.05581650544387262,0.07489984710824585
,,,1569.8270574740588,-0.0688884273596625,0.07491590705262093
,,,1570.1403962080858,-0.062352498866171,0.07457165899961343
,,,1570.4537349421125,-0.04928057695038124,0.07467447443857117
,,,1570.7670736761393,-0.06670974124262741,0.07525327424036465
,,,1571.080412410166,-0.05363788425564453,0.07532072623801125
,,,1571.3937511441927,0.10976084751209725,0.07523721493033866
,,,1571.7070898782194,-0.05581650544387262,0.07534545800713023
,,,1572.0204286122462,-0.05581650544387262,0.07512329013389556
,,,1572.333767346273,-0.08631759165190867,0.07446137240600556
,,,1572.6471060802999,-0.07324573466492579,0.07472220510955134
,,,1572.9604448143266,-0.05363788425564453,0.07449250877941874
,,,1573.2737835483533,-0.05581650544387262,0.07449250877941875
,,,1573.58712228238,-0.07324573466492579,0.07427115819062682
,,,1573.9004610164068,-0.0645311200543992,0.07430056173153075
,,,1574.2137997504335,-0.07760304197018908,0.07450465664263835
,,,1574.5271384844602,-0.03185141265813507,0.07432026118329327
,,,1574.840477218487,-0.07542435585315399,0.07432026118329327
,,,1575.153815952514,-0.062352498866171,0.07458401613453976
,,,1575.4671546865407,-0.0710670485478907,0.07466759245299379
,,,1575.7804934205674,-0.04928057695038124,0.07473319928015275
,,,1576.093832154594,0.1337259402978348,0.07481727317401032
,,,1576.4071708886208,-0.05581650544387262,0.07511104915113921
,,,1576.7205096226476,-0.07542435585315399,0.07488662162068997
,,,1577.0338483566743,-0.05581650544387262,0.07479735956730908
,,,1577.347187090701,-0.05581650544387262,0.0747973595673091
,,,1577.660525824728,-0.0710670485478907,0.07528660328405941
,,,1577.9738645587547,-0.07324573466492579,0.07610117705982158
,,,1578.2872032927814,-0.06017381274913591,0.07634418638908325
,,,1578.6005420268082,-0.02531541923583669,0.07642597698284065
,,,1578.913880760835,-0.1146400566717165,0.07642597698284065
,,,1579.2272194948616,-0.05581650544387262,0.07642597698284063
,,,1579.5405582288884,-0.07760304197018908,0.07635252924658469
,,,1579.853896962915,0.12501139061611521,0.07618439308713867
,,,1580.167235696942,-0.0645311200543992,0.07601588503569999
,,,1580.4805744309688,-0.062352498866171,0.07597364731292039
,,,1580.7939131649955,-0.05581650544387262,0.07597364731292038
,,,1581.1072518990222,-0.07542435585315399,0.07591736322242322
,,,1581.420590633049,-0.05581650544387262,0.07567298324451448
,,,1581.7339293670757,-0.1189973639769798,0.07563935149184356
,,,1582.0472681011024,0.19037087033745048,0.07563935149184356
,,,1582.3606068351294,-0.0645311200543992,0.07582449404025798
,,,1582.673945569156,-0.03838734115162645,0.07645559631076437
,,,1582.9872843031828,-0.05581650544387262,0.0765794968494489
,,,1583.3006230372096,-0.0645311200543992,0.07671041363438513
,,,1583.6139617712363,-0.05799519156090782,0.07671041363438515
,,,1583.927300505263,-0.06017381274913591,0.07656654380675433
,,,1584.2406392392897,-0.0645311200543992,0.07640550125026666
,,,1584.5539779733165,-0.05363788425564453,0.0758213857056535
,,,1584.8673167073434,-0.05363788425564453,0.07100710713845962
,,,1585.1806554413702,-0.09285358507420705,0.07102966820706232
,,,1585.493994175397,-0.07978166315841717,0.07106790374622081
,,,1585.8073329094236,-0.047101955762153036,0.07118996500452297
,,,1586.1206716434504,-0.012243562248853812,0.07089076402634738
,,,1586.434010377477,-0.06017381274913591,0.07106018882066781
,,,1586.7473491115038,-0.05581650544387262,0.07114408923034515
,,,1587.0606878455305,-0.05581650544387262,0.07107766594426237
,,,1587.3740265795575,-0.11028274936645321,0.07119168490587609
,,,1587.6873653135842,-0.06670974124262741,0.07117291487419289
,,,1588.000704047611,-0.04492326964511795,0.07204948939730013
,,,1588.3140427816377,-0.07324573466492579,0.0714840543813833
,,,1588.6273815156644,-0.03838734115162645,0.0715712507279959
,,,1588.9407202496911,-0.04928057695038124,0.0715126688043694
,,,1589.2540589837179,-0.0645311200543992,0.07104734206771922
,,,1589.5673977177446,-0.0645311200543992,0.07106864201970821
,,,1589.8807364517716,-0.06670974124262741,0.0712320392854282
,,,1590.1940751857983,-0.02531541923583669,0.07130080737748654
,,,1590.507413919825,-0.05581650544387262,0.07120393547253721
,,,1590.8207526538517,-0.07978166315841717,0.07120393547253721
,,,1591.1340913878785,-0.04928057695038124,0.07101291812334917
,,,1591.4474301219052,-0.07760304197018908,0.07120174164680734
,,,1591.760768855932,-0.08413897046368046,0.07103265448052047
,,,1592.0741075899587,-0.06670974124262741,0.07090954698344333
,,,1592.3874463239856,-0.0645311200543992,0.08324757215121743
,,,1592.7007850580123,-0.05799519156090782,0.0833946189861521
,,,1593.014123792039,0.08579568979755259,0.08346904195607677
,,,1593.3274625260658,-0.05581650544387262,0.0833244695077436
,,,1593.6408012600925,-0.06017381274913591,0.08318002889971364
,,,1593.9541399941193,-0.02967272654109998,0.0833244695077436
,,,1594.267478728146,-0.10592544206118992,0.08328593835104549
,,,1594.580817462173,-0.12771197858750638,0.08339969219064501
,,,1594.8941561961997,-0.08413897046368046,0.08318137353650984
,,,1595.2074949302264,-0.05145919813860933,0.08298341747741783
,,,1595.5208336642531,-0.0645311200543992,0.08308402432388966
,,,1595.8341723982799,-0.05581650544387262,0.08251815632306643
,,,1596.1475111323066,-0.0645311200543992,0.08251815632306643
,,,1596.4608498663333,-0.06017381274913591,0.082382059042584
,,,1596.77418860036,-0.06017381274913591,0.08166924547669761
,,,1597.087527334387,-0.04928057695038124,0.0818152036704481
,,,1597.4008660684137,-0.0710670485478907,0.08199728627040107
,,,1597.7142048024405,-0.06670974124262741,0.08228778058989294
,,,1598.0275435364672,-0.05581650544387262,0.08276745796357696
,,,1598.340882270494,-0.03838734115162645,0.08310077276239408
,,,1598.6542210045207,-0.05581650544387262,0.08274412935959854
,,,1598.9675597385474,-0.08631759165190867,0.0808379702415349
,,,1599.280898472574,-0.11681867785994471,0.080777321822716
,,,1599.594237206601,-0.08413897046368046,0.08071746366450139
,,,1599.9075759406278,-0.06017381274913591,0.08077815702497024
,,,1600.2209146746545,-0.0645311200543992,0.08064284240406636
,,,1600.5342534086813,-0.027494105352871778,0.08060137786365691
,,,1600.847592142708,0.026972138569708815,0.0806328742506376
,,,1601.1609308767347,-0.05145919813860933,0.08057207145157984
,,,1601.4742696107614,-0.0710670485478907,0.08055879069498359
,,,1601.7876083447882,-0.07978166315841717,0.08109560351496797
,,,1602.1009470788151,-0.0688884273596625,0.08080692743457144
,,,1602.4142858128419,-0.07760304197018908,0.08058859194143005
,,,1602.7276245468686,-0.03838734115162645,0.08073498728275087
,,,1603.0409632808953,-0.07542435585315399,0.08075729132688762
,,,1603.354302014922,-0.07760304197018908,0.0806644951588368
,,,1603.6676407489488,-0.05363788425564453,0.08072522834375047
,,,1603.9809794829755,-0.0645311200543992,0.08076992467867122
,,,1604.2943182170025,-0.0645311200543992,0.08028978401833368
,,,1604.6076569510292,-0.12771197858750638,0.08019817281495879
,,,1604.920995685056,-0.05799519156090782,0.08032312582614626
,,,1605.2343344190826,-0.06670974124262741,0.08019215419934271
,,,1605.5476731531094,-0.047101955762153036,0.08022387733180858
,,,1605.861011887136,-0.018779490742345195,0.08049432173391227
,,,1606.1743506211628,-0.07542435585315399,0.08029621529085353
,,,1606.4876893551896,-0.07324573466492579,0.08023515736953751
,,,1606.8010280892165,-0.0645311200543992,0.08017184019958969
,,,1607.1143668232432,-0.062352498866171,0.08031594595310797
,,,1607.42770555727,-0.0645311200543992,0.08025207328560603
,,,1607.7410442912967,-0.05581650544387262,0.07993207691618033
,,,1608.0543830253234,-0.062352498866171,0.07998671136326392
,,,1608.3677217593502,-0.05581650544387262,0.0798027537961113
,,,1608.681060493377,-0.04492326964511795,0.0795848682273532
,,,1608.9943992274036,-0.456687998382411,0.07950646106321223
,,,1609.3077379614306,-0.0710670485478907,0.07955853287935881
,,,1609.6210766954573,-0.13860521438626106,0.08177362705054834
,,,1609.934415429484,-0.023136798047608487,0.08140826638651753
,,,1610.2477541635108,-0.05581650544387262,0.08131396577056127
,,,1610.5610928975375,-0.07542435585315399,0.08129916971690225
,,,1610.8744316315642,-0.04928057695038124,0.08138810271540076
,,,1611.187770365591,-0.08413897046368046,0.08092143254391522
,,,1611.5011090996177,-0.03838734115162645,0.08020087262971658
,,,1611.8144478336446,-0.010064876131818612,0.07996958374936844
,,,1612.1277865676714,-0.04928057695038124,0.07999689281272837
,,,1612.441125301698,-0.05581650544387262,0.08054888479294506
,,,1612.7544640357248,-0.05581650544387262,0.0805781996380451
,,,1613.0678027697516,-0.06017381274913591,0.08059477926613542
,,,1613.3811415037783,-0.05581650544387262,0.08056547045375938
,,,1613.694480237805,-0.08196028434664537,0.08068532471833868
,,,1614.0078189718317,-0.08413897046368046,0.08083703255115864
,,,1614.3211577058587,-0.09067489895717196,0.08097566065775597
,,,1614.6344964398854,-0.1189973639769798,0.08112724181501382
,,,1614.9478351739122,-0.09503220626243525,0.08112724181501382
,,,1615.2611739079389,-0.08849627776894375,0.08136967606070221
,,,1615.5745126419656,-0.05363788425564453,0.08119414245221983
,,,1615.8878513759923,-0.05581650544387262,0.08090459056502959
,,,1616.201190110019,-0.020958111930573398,0.08029402892418865
,,,1616.514528844046,-0.0645311200543992,0.08012419826293629
,,,1616.8278675780728,-0.042744648456889744,0.07991638328956434
,,,1617.1412063120995,-0.05145919813860933,0.07984107972266108
,,,1617.4545450461262,-0.0645311200543992,0.0800403126721017
,,,1617.767883780153,-0.05581650544387262,0.0801044840791621
,,,1618.0812225141797,-0.05145919813860933,0.08007942790121822
,,,1618.3945612482064,-0.11028274936645321,0.08002769501782787
,,,1618.7078999822331,-0.06017381274913591,0.07983772029592309
,,,1619.02123871626,0.050937296284253364,0.08027064375715305
,,,1619.3345774502868,-0.0688884273596625,0.08027064375715304
,,,1619.6479161843135,-0.023136798047608487,0.08027064375715304
,,,1619.9612549183403,-0.04492326964511795,0.08012069793878532
,,,1620.274593652367,-0.0645311200543992,0.08010125069438069
,,,1620.5879323863937,-0.062352498866171,0.07993915840200073
,,,1620.9012711204205,-0.062352498866171,0.08012580195446396
,,,1621.2146098544472,-0.05363788425564453,0.08027456654351858
,,,1621.5279485884741,-0.0645311200543992,0.07951733710804208
,,,1621.8412873225009,-0.05581650544387262,0.07953246465080999
,,,1622.1546260565276,-0.04492326964511795,0.0795156635222514
,,,1622.4679647905543,-0.08413897046368046,0.0794369870900353
,,,1622.781303524581,-0.027494105352871778,0.07974567310573845
,,,1623.0946422586078,-0.05581650544387262,0.07967305860870845
,,,1623.4079809926345,-0.05799519156090782,0.07960260694622742
,,,1623.7213197266612,-0.05581650544387262,0.07957070275067603
,,,1624.0346584606882,-0.04492326964511795,0.07934524992717062
,,,1624.347997194715,-0.02967272654109998,0.0794545962199058
,,,1624.6613359287417,-0.05799519156090782,0.0797777767553758
,,,1624.9746746627684,-0.05363788425564453,0.07979396678009971
,,,1625.2880133967951,-0.05799519156090782,0.07982355886594618
,,,1625.6013521308219,-0.05581650544387262,0.0800008810749609
,,,1625.9146908648486,-0.0710670485478907,0.06688529248139466
,,,1626.2280295988753,-0.20396469410759632,0.06673326936691727
,,,1626.5413683329023,0.031329445874972106,0.0656141557492621
,,,1626.854707066929,-0.03838734115162645,0.06593493532299415
,,,1627.1680458009557,-0.05799519156090782,0.06597074436118586
,,,1627.4813845349825,-0.04928057695038124,0.065862666302693
,,,1627.7947232690092,-0.05581650544387262,0.06598569705741754
,,,1628.108062003036,-0.062352498866171,0.06574032237640785
,,,1628.4214007370626,-0.05581650544387262,0.06580816895449591
,,,1628.7347394710896,-0.05581650544387262,0.06609604167218773
,,,1629.0480782051163,-0.11681867785994471,0.06619912883046036
,,,1629.361416939143,-0.06017381274913591,0.06627311951185441
,,,1629.6747556731698,-0.06670974124262741,0.0663879601963333
,,,1629.9880944071965,-0.05581650544387262,0.06616363243025353
,,,1630.3014331412232,-0.07542435585315399,0.06646910980816009
,,,1630.61477187525,-0.0710670485478907,0.06628937066970417
,,,1630.9281106092767,-0.08631759165190867,0.06693692205430152
,,,1631.2414493433037,-0.08413897046368046,0.06657948374239155
,,,1631.5547880773304,-0.05581650544387262,0.06587416863226599
,,,1631.8681268113571,-0.07542435585315399,0.06545318752389095
,,,1632.1814655453838,-0.00788625494359052,0.06519084049815245
,,,1632.4948042794106,-0.04928057695038124,0.06524413916407096
,,,1632.8081430134373,-0.05581650544387262,0.06507492424746897
,,,1633.121481747464,-0.0645311200543992,0.06524974144065983
,,,1633.4348204814908,-0.00788625494359052,0.0651574896022608
,,,1633.7481592155177,-0.05363788425564453,0.06524982268705211
,,,1634.0614979495444,-0.0645311200543992,0.06842445747545395
,,,1634.3748366835712,-0.042744648456889744,0.06836974514895267
,,,1634.688175417598,-0.047101955762153036,0.06859148955627921
,,,1635.0015141516246,-0.0645311200543992,0.0685622260646986
,,,1635.3148528856514,-0.05581650544387262,0.06799593758497108
,,,1635.628191619678,-0.11028274936645321,0.06803326998210814
,,,1635.9415303537048,-0.07760304197018908,0.0680074383851468
,,,1636.2548690877318,-0.03838734115162645,0.06789533700124141
,,,1636.5682078217585,-0.05581650544387262,0.06788872473163587
,,,1636.8815465557852,-0.07542435585315399,0.06811870375120091
,,,1637.194885289812,-0.010064876131818612,0.06815857230033961
,,,1637.5082240238387,0.08579568979755259,0.06825976621645298
,,,1637.8215627578654,-0.08196028434664537,0.06827868740974664
,,,1638.1349014918922,-0.05799519156090782,0.06832957752542453
,,,1638.4482402259189,-0.06017381274913591,0.06825781605708135
,,,1638.7615789599458,-0.0645311200543992,0.06863373992756523
,,,1639.0749176939726,-0.02967272654109998,0.0687084140709778
,,,1639.3882564279993,0.07490245399879791,0.06875955426506851
,,,1639.701595162026,-0.06670974124262741,0.06897207024314483
,,,1640.0149338960528,-0.0645311200543992,0.0692401048464405
,,,1640.3282726300795,-0.06017381274913591,0.06922336842644174
,,,1640.6416113641062,0.007364288160427557,0.06935386976473247
,,,1640.9549500981332,-0.07760304197018908,0.06936737725906558
,,,1641.26828883216,-0.09285358507420705,0.0695882367818719
,,,1641.5816275661866,-0.0645311200543992,0.07177499479719787
,,,1641.8949663002134,-0.06017381274913591,0.07179051798825084
,,,1642.20830503424,-0.0710670485478907,0.07177437627857303
,,,1642.5216437682668,-0.04928057695038124,0.07180727334817624
,,,1642.8349825022935,-0.05363788425564453,0.07184879958390963
,,,1643.1483212363203,-0.05799519156090782,0.06922651792496279
,,,1643.4616599703472,-0.0710670485478907,0.06937041317602698
,,,1643.774998704374,-0.06017381274913591,0.06935693662339365
,,,1644.0883374384007,-0.0645311200543992,0.06939225833178965
,,,1644.4016761724274,-0.0645311200543992,0.06935174329961401
,,,1644.7150149064541,-0.06017381274913591,0.06950314558383183
,,,1645.0283536404809,-0.04928057695038124,0.06945119872687405
,,,1645.3416923745076,-0.0645311200543992,0.06929225840707545
,,,1645.6550311085343,-0.062352498866171,0.06929225840707545
,,,1645.9683698425613,-0.0645311200543992,0.06859528237699344
,,,1646.281708576588,-0.0688884273596625,0.06836239179131486
,,,1646.5950473106147,-0.020958111930573398,0.06840341531313132
,,,1646.9083860446415,-0.08631759165190867,0.0684750241943833
,,,1647.2217247786682,-0.0645311200543992,0.06813755937795872
,,,1647.535063512695,-0.12771197858750638,0.06794306698772173
,,,1647.8484022467217,-0.05581650544387262,0.06779946162563726
,,,1648.1617409807484,-0.0645311200543992,0.06759824748561268
,,,1648.4750797147753,-0.05581650544387262,0.06758176135794738
,,,1648.788418448802,-0.0645311200543992,0.0675376115382639
,,,1649.1017571828288,-0.06017381274913591,0.06782083822754137
,,,1649.4150959168555,-0.027494105352871778,0.06769755221767669
,,,1649.7284346508823,-0.05363788425564453,0.06769755221767669
,,,1650.041773384909,-0.05363788425564453,0.06762512006898333
,,,1650.3551121189357,-0.05581650544387262,0.06951974236794523
,,,1650.6684508529627,-0.2192152372116144,0.06977740881269184
,,,1650.9817895869894,-0.05799519156090782,0.06951650170129545
,,,1651.2951283210161,-0.07978166315841717,0.06969260232032033
,,,1651.6084670550429,-0.047101955762153036,0.06972139137151985
,,,1651.9218057890696,-0.062352498866171,0.06965106390328862
,,,1652.2351445230963,-0.0645311200543992,0.0706348455239513
,,,1652.548483257123,-0.047101955762153036,0.07003379074316442
,,,1652.8618219911498,-0.05581650544387262,0.06998992003728365
,,,1653.1751607251767,-0.020958111930573398,0.07016933393918029
,,,1653.4884994592035,-0.07324573466492579,0.07029807920924143
,,,1653.8018381932302,-0.0688884273596625,0.07016048278796692
,,,1654.115176927257,-0.07324573466492579,0.07037741569247363
,,,1654.4285156612837,-0.0645311200543992,0.07011149133806775
,,,1654.7418543953104,-0.06017381274913591,0.07004289843955049
,,,1655.055193129337,-0.05581650544387262,0.0700263538888753
,,,1655.3685318633638,-0.09285358507420705,0.06985945559715039
,,,1655.6818705973908,-0.05581650544387262,0.06985945559715039
,,,1655.9952093314175,-0.08849627776894375,0.07006032926318208
,,,1656.3085480654443,-0.062352498866171,0.0696887591283508
,,,1656.621886799471,-0.08413897046368046,0.06972900231554151
,,,1656.9352255334977,-0.05581650544387262,0.0698534031982973
,,,1657.2485642675244,-0.0710670485478907,0.06973330347430387
,,,1657.5619030015512,-0.047101955762153036,0.07081426366249974
,,,1657.875241735578,-0.0645311200543992,0.07071045150221693
,,,1658.1885804696049,-0.19089277219180656,0.07025999031214028
,,,1658.5019192036316,-0.05581650544387262,0.07066795517481948
,,,1658.8152579376583,-0.05581650544387262,0.07051505354216414
,,,1659.128596671685,-0.06017381274913591,0.07038670514389556
,,,1659.4419354057118,-0.07542435585315399,0.07050184156933126
,,,1659.7552741397385,-0.04492326964511795,0.07071000032480852
,,,1660.0686128737652,-0.05581650544387262,0.07071000032480852
,,,1660.381951607792,0.0356867531802354,0.07071000032480852
,,,1660.695290341819,-0.062352498866171,0.07066082461682227
,,,1661.0086290758456,-0.042744648456889744,0.07056048390540395
,,,1661.3219678098724,-0.07324573466492579,0.07034267707698101
,,,1661.635306543899,-0.05581650544387262,0.07030909473770029
,,,1661.9486452779258,-0.027494105352871778,0.07035473327763853
,,,1662.2619840119526,-0.05581650544387262,0.07028503953649744
,,,1662.5753227459793,-0.05799519156090782,0.07030341565756308
,,,1662.8886614800062,-0.014422183437081904,0.07031780870875155
,,,1663.202000214033,-0.0710670485478907,0.07029817374848557
,,,1663.5153389480597,-0.0645311200543992,0.07041635242093107
,,,1663.8286776820864,-0.027494105352871778,0.07034427321226397
,,,1664.1420164161132,-0.047101955762153036,0.070274569097512
,,,1664.45535515014,-0.07324573466492579,0.07327256681571563
,,,1664.7686938841666,-0.0645311200543992,0.07333942159360243
,,,1665.0820326181934,-0.05363788425564453,0.07337645355944174
,,,1665.3953713522203,-0.0710670485478907,0.0733065346968238
,,,1665.708710086247,-0.0645311200543992,0.07349212177408372
,,,1666.0220488202738,-0.02531541923583669,0.0734757506268457
,,,1666.3353875543005,-0.05581650544387262,0.07380991631216632
,,,1666.6487262883272,-0.05581650544387262,0.07394739248907407
,,,1666.962065022354,-0.166927614477262,0.07385865314297686
,,,1667.2754037563807,-0.08196028434664537,0.07374440281865507
,,,1667.5887424904074,-0.016600869554116993,0.0752070503205159
,,,1667.9020812244344,-0.06670974124262741,0.07525679203228156
,,,1668.215419958461,-0.05145919813860933,0.07503989448480099
,,,1668.5287586924878,-0.05581650544387262,0.07516095799986147
,,,1668.8420974265146,0.1337259402978348,0.0750005844576885
,,,1669.1554361605413,-0.05581650544387262,0.07493521173036222
,,,1669.468774894568,-0.07324573466492579,0.07505644409536792
,,,1669.7821136285947,-0.0645311200543992,0.07512171132343658
,,,1670.0954523626215,-0.0710670485478907,0.0752880010314025
,,,1670.4087910966484,-0.06017381274913591,0.07514825448373832
,,,1670.7221298306752,-0.05799519156090782,0.0751298819560126
,,,1671.035468564702,-0.05799519156090782,0.07511032372725607
,,,1671.3488072987286,-0.07542435585315399,0.07504504659531205
,,,1671.6621460327553,-0.05581650544387262,0.07501356945893883
,,,1671.975484766782,0.0335080670632002,0.07506166694404416
,,,1672.2888235008088,-0.0645311200543992,0.074733596351972
,,,1672.6021622348355,-0.062352498866171,0.07474909903498948
,,,1672.9155009688625,0.007364288160427557,0.07459473821786428
,,,1673.2288397028892,-0.0710670485478907,0.07454633946978302
,,,1673.542178436916,-0.07760304197018908,0.07426804526968152
,,,1673.8555171709427,-0.042744648456889744,0.07426804526968152
,,,1674.1688559049694,-0.12771197858750638,0.07417803885693121
,,,1674.4821946389961,-0.06670974124262741,0.07430050667274934
,,,1674.7955333730229,-0.042744648456889744,0.0741654075172674
,,,1675.1088721070498,-0.10156813475592663,0.0721216819659687
,,,1675.4222108410765,-0.036208655034591364,0.07224694820295816
,,,1675.7355495751033,-0.05581650544387262,0.07220250572458116
,,,1676.04888830913,-0.0645311200543992,0.07197751551810047
,,,1676.3622270431567,-0.07760304197018908,0.07182638868836358
,,,1676.6755657771835,-0.05799519156090782,0.07210864308481048
,,,1676.9889045112102,-0.0710670485478907,0.07236506099668095
,,,1677.302243245237,-0.05363788425564453,0.07260854592434271
,,,1677.6155819792639,-0.05145919813860933,0.07242339033835808
,,,1677.9289207132906,-0.02967272654109998,0.07263107387727223
,,,1678.2422594473173,-0.05581650544387262,0.07255378458174778
,,,1678.555598181344,-0.05581650544387262,0.07252022941660703
,,,1678.8689369153708,-0.05581650544387262,0.07273951688047424
,,,1679.1822756493975,-0.0645311200543992,0.0725673875019769
,,,1679.4956143834243,0.06618783938827133,0.07244559019910528
,,,1679.808953117451,-0.06670974124262741,0.07263288701907297
,,,1680.122291851478,-0.047101955762153036,0.07252426590133827
,,,1680.4356305855047,-0.07978166315841717,0.07245665899423855
,,,1680.7489693195314,-0.05581650544387262,0.07269452016502544
,,,1681.0623080535581,-0.24971629095524694,0.07280174197584206
,,,1681.3756467875849,-0.0645311200543992,0.0726897111212229
,,,1681.6889855216116,-0.0688884273596625,0.07260691286704456
,,,1682.0023242556383,-0.04492326964511795,0.07263821152678092
,,,1682.315662989665,-0.08413897046368046,0.07231315997798377
,,,1682.629001723692,-0.05799519156090782,0.07245523985121605
,,,1682.9423404577187,-0.07760304197018908,0.07319452542087
,,,1683.2556791917455,-0.0710670485478907,0.07331795869108038
,,,1683.5690179257722,-0.03838734115162645,0.07312559849300052
,,,1683.882356659799,-0.036208655034591364,0.07134584901561075
,,,1684.1956953938256,-0.2671454877118965,0.07095431372007649
,,,1684.5090341278524,-0.0645311200543992,0.07120995300738758
,,,1684.8223728618793,-0.05363788425564453,0.0711911877922114
,,,1685.135711595906,-0.0645311200543992,0.07130937984500284
,,,1685.4490503299328,-0.036208655034591364,0.0713967895205939
,,,1685.7623890639595,-0.05581650544387262,0.07053173572026224
,,,1686.0757277979862,-0.0645311200543992,0.07053173572026222
,,,1686.389066532013,-0.0645311200543992,0.07038254610598532
,,,1686.7024052660397,-0.05581650544387262,0.07044136284514294
,,,1687.0157440000664,-0.05581650544387262,0.07046221705135501
,,,1687.3290827340934,-0.06670974124262741,0.07062128930184225
,,,1687.6424214681201,-0.0710670485478907,0.07067425862173558
,,,1687.9557602021468,-0.05581650544387262,0.07074607656158659
,,,1688.2690989361736,-0.05581650544387262,0.07066421469058624
,,,1688.5824376702003,-0.062352498866171,0.07055555563607357
,,,1688.895776404227,-0.05799519156090782,0.07053125398563746
,,,1689.2091151382538,-0.05799519156090782,0.0704617348414432
,,,1689.5224538722805,-0.07324573466492579,0.07022176853021873
,,,1689.8357926063075,-0.05581650544387262,0.07028564115520099
,,,1690.1491313403342,-0.05145919813860933,0.07015687306000104
,,,1690.462470074361,-0.05581650544387262,0.07020316629609957
,,,1690.7758088083876,-0.06017381274913591,0.07020316629609957
,,,1691.0891475424144,-0.0645311200543992,0.06930324268946766
,,,1691.402486276441,-0.04492326964511795,0.06921318911382543
,,,1691.7158250104678,-0.06670974124262741,0.06954257734333434
,,,1692.0291637444946,-0.0710670485478907,0.06912797128243667
,,,1692.3425024785215,-0.04928057695038124,0.07157310510789733
,,,1692.6558412125482,-0.012243562248853812,0.07158929219952731
,,,1692.969179946575,-0.05799519156090782,0.0716471183003841
,,,1693.2825186806017,-0.07978166315841717,0.07179044193390749
,,,1693.5958574146284,-0.08413897046368046,0.07184254924585576
,,,1693.9091961486552,-0.0710670485478907,0.07186299683741552
,,,1694.2225348826819,-0.03185141265813507,0.07187850102317091
,,,1694.5358736167086,-0.0710670485478907,0.07190888292820212
,,,1694.8492123507356,-0.0645311200543992,0.07205397562015277
,,,1695.1625510847623,0.050937296284253364,0.07203850920019085
,,,1695.475889818789,-0.0645311200543992,0.07210650816470474
,,,1695.7892285528158,-0.020958111930573398,0.072252138148697
,,,1696.1025672868425,-0.03838734115162645,0.07235067218849763
,,,1696.4159060208692,-0.05581650544387262,0.07216265848071364
,,,1696.729244754896,-0.05799519156090782,0.07206071595641717
,,,1697.042583488923,-0.05581650544387262,0.07215159271228305
,,,1697.3559222229496,-0.06670974124262741,0.07174222278010702
,,,1697.6692609569764,-0.062352498866171,0.07174222278010702
,,,1697.982599691003,-0.06017381274913591,0.06797383256851683
,,,1698.2959384250298,-0.05363788425564453,0.06799348573283473
,,,1698.6092771590565,-0.05799519156090782,0.06789842852192518
,,,1698.9226158930833,0.003006980855164265,0.06797391046167098
,,,1699.23595462711,-0.07978166315841717,0.06888615381992794
,,,1699.549293361137,-0.11028274936645321,0.06892171680034646
,,,1699.8626320951637,-0.0710670485478907,0.06885580349806394
,,,1700.1759708291904,-0.010064876131818612,0.06869256601466793
,,,1700.4893095632171,-0.018779490742345195,0.06871661024074664
,,,1700.8026482972439,-0.027494105352871778,0.06883920554446565
,,,1701.1159870312706,-0.0645311200543992,0.06403884964368173
,,,1701.4293257652973,-0.0645311200543992,0.06392811601417273
,,,1701.742664499324,-0.06670974124262741,0.06391137674437328
,,,1702.056003233351,-0.06670974124262741,0.06391137674437328
,,,1702.3693419673777,-0.0688884273596625,0.06408003737434333
,,,1702.6826807014045,-0.05581650544387262,0.06408003737434333
,,,1702.9960194354312,-0.05581650544387262,0.06400351145036175
,,,1703.309358169458,-0.0710670485478907,0.06398332601157515
,,,1703.6226969034847,-0.07324573466492579,0.06403970837653057
,,,1703.9360356375114,-0.07760304197018908,0.06411619109766056
,,,1704.2493743715381,-0.0645311200543992,0.06409534907326186
,,,1704.562713105565,-0.06670974124262741,0.06401052647205986
,,,1704.8760518395918,-0.06670974124262741,0.06417453113644105
,,,1705.1893905736185,-0.03838734115162645,0.06425085336789459
,,,1705.5027293076453,-0.027494105352871778,0.06419465645250483
,,,1705.816068041672,-0.05581650544387262,0.06427371495550124
,,,1706.1294067756987,-0.016600869554116993,0.06402884844994314
,,,1706.4427455097255,-0.03185141265813507,0.06394116200378806
,,,1706.7560842437522,-0.05581650544387262,0.0637979496163546
,,,1707.0694229777791,-0.08196028434664537,0.06379794961635461
,,,1707.3827617118059,-0.042744648456889744,0.06396249934612222
,,,1707.6961004458326,-0.05363788425564453,0.06402305683931576
,,,1708.0094391798593,-0.05581650544387262,0.06402305683931578
,,,1708.322777913886,-0.08196028434664537,0.06426687064192796
,,,1708.6361166479128,-0.0645311200543992,0.06405007381272111
,,,1708.9494553819395,-0.19525007949706985,0.06373598285841056
,,,1709.2627941159665,-0.05799519156090782,0.06402394544603425
,,,1709.5761328499932,-0.0710670485478907,0.0643806320468013
,,,1709.88947158402,-0.09067489895717196,0.06434531688490507
,,,1710.2028103180467,-0.0645311200543992,0.06437090199792826
,,,1710.5161490520734,-0.07324573466492579,0.06396266545246473
,,,1710.8294877861001,-0.05581650544387262,0.06389788547881683
,,,1711.1428265201268,-0.05581650544387262,0.06405134659288302
,,,1711.4561652541536,-0.05581650544387262,0.06387583228950636
,,,1711.7695039881805,-0.05363788425564453,0.06373333592014677
,,,1712.0828427222073,-0.0645311200543992,0.06429697855931113
,,,1712.396181456234,-0.07324573466492579,0.06422071114473793
,,,1712.7095201902607,-0.07542435585315399,0.06441514827335718
,,,1713.0228589242874,-0.03838734115162645,0.06444078851455626
,,,1713.3361976583142,-0.05363788425564453,0.06453750168969088
,,,1713.649536392341,-0.06017381274913591,0.0646375017362295
,,,1713.9628751263676,-0.00788625494359052,0.06447572157031962
,,,1714.2762138603946,-0.05581650544387262,0.06441558963143788
,,,1714.5895525944213,-0.07760304197018908,0.06459504883452492
,,,1714.902891328448,-0.06670974124262741,0.0645412141466951
,,,1715.2162300624748,-0.05799519156090782,0.06474447412252908
,,,1715.5295687965015,-0.05581650544387262,0.06450216490414133
,,,1715.8429075305282,-0.14296252169152435,0.06491233658618405
,,,1716.156246264555,-0.062352498866171,0.06501781938333795
,,,1716.4695849985817,-0.0710670485478907,0.06444042980109524
,,,1716.7829237326087,-0.05145919813860933,0.06429995705993356
,,,1717.0962624666354,-0.042744648456889744,0.06451863598664147
,,,1717.409601200662,-0.05581650544387262,0.06471842915189707
,,,1717.7229399346888,-0.05581650544387262,0.0648885737347952
,,,1718.0362786687156,-0.05145919813860933,0.06466134902488248
,,,1718.3496174027423,-0.05145919813860933,0.06472536489536079
,,,1718.662956136769,-0.0645311200543992,0.06470471909211233
,,,1718.976294870796,-0.06017381274913591,0.06464480016475875
,,,1719.2896336048227,-0.05581650544387262,0.06471294546019281
,,,1719.6029723388494,-0.05581650544387262,0.0647129454601928
,,,1719.9163110728762,-0.062352498866171,0.0647129454601928
,,,1720.229649806903,-0.062352498866171,0.0645730655544036
,,,1720.5429885409296,-0.0645311200543992,0.0645730655544036
,,,1720.8563272749564,-0.0645311200543992,0.06439905530542411
,,,1721.169666008983,-0.062352498866171,0.06432290892295237
,,,1721.48300474301,-0.07324573466492579,0.06426263399412487
,,,1721.7963434770368,-0.0645311200543992,0.06418356184208653
,,,1722.1096822110635,-0.05581650544387262,0.06448972343287597
,,,1722.4230209450902,-0.06670974124262741,0.06467838696766368
,,,1722.736359679117,-0.0013502615212921398,0.06467838696766368
,,,1723.0496984131437,-0.0645311200543992,0.06495872930227438
,,,1723.3630371471704,-0.03403003384636316,0.06518491739800278
,,,1723.6763758811971,-0.05145919813860933,0.06526005798423026
,,,1723.989714615224,-0.07324573466492579,0.06486075653380005
,,,1724.3030533492508,-0.06670974124262741,0.06491987456023005
,,,1724.6163920832776,-0.0645311200543992,0.067066224806927
,,,1724.9297308173043,-0.07324573466492579,0.067066224806927
,,,1725.243069551331,-0.03838734115162645,0.06676672233452882
,,,1725.5564082853577,-0.027494105352871778,0.06685070266442371
,,,1725.8697470193845,-0.07978166315841717,0.06435718438978635
,,,1726.1830857534112,-0.0710670485478907,0.06433917779811751
,,,1726.4964244874382,-0.05363788425564453,0.06419848350776826
,,,1726.809763221465,-0.08196028434664537,0.06390245001498446
,,,1727.1231019554916,-0.03838734115162645,0.06403817058895957
,,,1727.4364406895183,-0.0645311200543992,0.06403817058895957
,,,1727.749779423545,-0.05581650544387262,0.06397269074483627
,,,1728.0631181575718,-0.05145919813860933,0.06399080046364199
,,,1728.3764568915985,-0.047101955762153036,0.06402769681551228
,,,1728.6897956256253,-0.10156813475592663,0.06420901417818618
,,,1729.0031343596522,-0.05581650544387262,0.06413264215525402
,,,1729.316473093679,-0.05581650544387262,0.06396853009458714
,,,1729.6298118277057,-0.042744648456889744,0.06396853009458713
,,,1729.9431505617324,-0.06670974124262741,0.06412519835997241
,,,1730.2564892957591,-0.0688884273596625,0.06416063467915961
,,,1730.5698280297859,-0.02967272654109998,0.06426467258106623
,,,1730.8831667638126,-0.06017381274913591,0.0645422481563159
,,,1731.1965054978396,-0.07978166315841717,0.0645422481563159
,,,1731.5098442318663,-0.05363788425564453,0.0643314535098323
,,,1731.823182965893,-0.07542435585315399,0.06437504583112318
,,,1732.1365216999197,-0.003528947638327229,0.06433972760303264
,,,1732.4498604339465,-0.07542435585315399,0.06443659246112823
,,,1732.7631991679732,-0.08849627776894375,0.06316786459766746
,,,1733.076537902,-0.0645311200543992,0.06318831053527486
,,,1733.3898766360267,-0.05581650544387262,0.06308249748371779
,,,1733.7032153700536,-0.05581650544387262,0.06315452033662101
,,,1734.0165541040803,-0.05581650544387262,0.06326364243269549
,,,1734.329892838107,-0.05581650544387262,0.06326364243269549
,,,1734.6432315721338,-0.03185141265813507,0.06309833987645203
,,,1734.9565703061605,-0.0710670485478907,0.06313294726058777
,,,1735.2699090401873,-0.0645311200543992,0.06311670042642686
,,,1735.583247774214,-0.06017381274913591,0.06291717852920992
,,,1735.8965865082407,-0.07542435585315399,0.06282856234884111
,,,1736.2099252422677,-0.05581650544387262,0.06281082432143864
,,,1736.5232639762944,-0.05581650544387262,0.06288880157754062
,,,1736.8366027103211,-0.05581650544387262,0.06459359235949813
,,,1737.1499414443479,-0.07324573466492579,0.06453769388859076
,,,1737.4632801783746,-0.06017381274913591,0.06449833824261143
,,,1737.7766189124013,-0.05581650544387262,0.06425092991304353
,,,1738.089957646428,-0.06017381274913591,0.06429181637823238
,,,1738.4032963804548,-0.05799519156090782,0.06390523681349078
,,,1738.7166351144817,-0.07542435585315399,0.06382850131616509
,,,1739.0299738485085,-0.05799519156090782,0.0638110412498033
,,,1739.3433125825352,-0.05581650544387262,0.06359269045018318
,,,1739.656651316562,-0.0645311200543992,0.06375537440058408
,,,1739.9699900505886,-0.0645311200543992,0.06366095709423801
,,,1740.2833287846154,-0.0645311200543992,0.06396900990831364
,,,1740.596667518642,-0.03403003384636316,0.06377594068711581
,,,1740.9100062526688,-0.05145919813860933,0.06364802493947683
,,,1741.2233449866958,-0.18217815758127998,0.06351557796386079
,,,1741.5366837207225,-0.05581650544387262,0.06343837113421678
,,,1741.8500224547493,-0.04928057695038124,0.06304596875318169
,,,1742.163361188776,-0.07324573466492579,0.06318588739261748
,,,1742.4766999228027,-0.05581650544387262,0.06332566431073162
,,,1742.7900386568294,-0.05581650544387262,0.06332566431073162
,,,1743.1033773908562,-0.05581650544387262,0.0635305519372972
,,,1743.4167161248831,-0.0645311200543992,0.06342724034371205
,,,1743.7300548589099,-0.07760304197018908,0.06330431048384572
,,,1744.0433935929366,-0.07324573466492579,0.06342539343636214
,,,1744.3567323269633,-0.047101955762153036,0.06353761745317789
,,,1744.67007106099,-0.05799519156090782,0.0636357032772913
,,,1744.9834097950168,-0.06017381274913591,0.06368821436563082
,,,1745.2967485290435,-0.07324573466492579,0.06375398638774496
,,,1745.6100872630702,-0.05581650544387262,0.06322400982601364
,,,1745.9234259970972,-0.05581650544387262,0.06334437865886182
,,,1746.236764731124,-0.07542435585315399,0.06334437865886182
,,,1746.5501034651506,-0.06017381274913591,0.06351655633786309
,,,1746.8634421991774,-0.05799519156090782,0.06343655422463479
,,,1747.176780933204,-0.0710670485478907,0.06345901068987929
,,,1747.4901196672308,-0.062352498866171,0.06408692988705356
,,,1747.8034584012576,-0.05581650544387262,0.06738279511074578
,,,1748.1167971352843,-0.05581650544387262,0.06729156859637696
,,,1748.4301358693112,-0.0710670485478907,0.06732533833474345
,,,1748.743474603338,-0.05363788425564453,0.06714649038406982
,,,1749.0568133373647,-0.06670974124262741,0.0674348066806545
,,,1749.3701520713914,-0.05581650544387262,0.0673290788069182
,,,1749.6834908054182,-0.0645311200543992,0.06683619632683055
,,,1749.996829539445,-0.06017381274913591,0.06701446884324644
,,,1750.3101682734716,-0.06017381274913591,0.06821168788788858
,,,1750.6235070074983,0.05747322477774486,0.06800165112503537
,,,1750.9368457415253,-0.05581650544387262,0.06801868815681618
,,,1751.250184475552,-0.02967272654109998,0.06811032108677285
,,,1751.5635232095788,-0.05581650544387262,0.06827128571430387
,,,1751.8768619436055,-0.04928057695038124,0.06810664727763091
,,,1752.1902006776322,-0.03838734115162645,0.06865321003284627
,,,1752.503539411659,-0.04928057695038124,0.06861880086603517
,,,1752.8168781456857,-0.05363788425564453,0.06851490008183288
,,,1753.1302168797124,-0.0645311200543992,0.06851490008183288
,,,1753.4435556137394,-0.1647489932890338,0.06869018521021207
,,,1753.756894347766,-0.05581650544387262,0.06891089849965432
,,,1754.0702330817928,-0.06017381274913591,0.06869721139487156
,,,1754.3835718158196,-0.027494105352871778,0.0689075253128032
,,,1754.6969105498463,-0.06670974124262741,0.06925294884288229
,,,1755.010249283873,-0.00788625494359052,0.06900824055129931
,,,1755.3235880178997,-0.05581650544387262,0.06880406382496917
,,,1755.6369267519267,-0.05363788425564453,0.06862906955394876
,,,1755.9502654859534,-0.03838734115162645,0.06850027005987176
,,,1756.2636042199802,-0.047101955762153036,0.06857177779667094
,,,1756.5769429540069,-0.05363788425564453,0.06853473873735043
,,,1756.8902816880336,-0.07324573466492579,0.06881084638758987
,,,1757.2036204220603,0.003006980855164265,0.06873958734714546
,,,1757.516959156087,-0.06017381274913591,0.06896302336592182
,,,1757.8302978901138,-0.05145919813860933,0.06933967843243026
,,,1758.1436366241408,-0.05581650544387262,0.06722015376219344
,,,1758.4569753581675,0.007364288160427557,0.06723738881497489
,,,1758.7703140921942,-0.05799519156090782,0.06725264018419615
,,,1759.083652826221,-0.05145919813860933,0.06713134945697655
,,,1759.3969915602477,-0.07978166315841717,0.06748586488009888
,,,1759.7103302942744,-0.08849627776894375,0.06748586488009886
,,,1760.0236690283011,-0.03838734115162645,0.06775977866061644
,,,1760.3370077623279,-0.0710670485478907,0.06791138549633269
,,,1760.6503464963548,-0.05581650544387262,0.06784449062885166
,,,1760.9636852303815,-0.07542435585315399,0.06768937849719536
,,,1761.2770239644083,-0.06670974124262741,0.06792852201816622
,,,1761.590362698435,-0.05799519156090782,0.06796458608846875
,,,1761.9037014324617,-0.05581650544387262,0.06808439244061101
,,,1762.2170401664885,-0.05581650544387262,0.06796458608846877
,,,1762.5303789005152,-0.0688884273596625,0.06796458608846877
,,,1762.843717634542,-0.05581650544387262,0.06796458608846875
,,,1763.1570563685689,-0.0645311200543992,0.06772556991226403
,,,1763.4703951025956,-0.05799519156090782,0.06769068920035788
,,,1763.7837338366223,-0.0710670485478907,0.06769068920035788
,,,1764.097072570649,-0.09721082745066334,0.06755697513491012
,,,1764.4104113046758,-0.2235725445168777,0.06750353063308091
,,,1764.7237500387025,-0.0710670485478907,0.06750353063308091
,,,1765.0370887727292,-0.05799519156090782,0.06753850800434379
,,,1765.3504275067562,-0.05581650544387262,0.06749695880838866
,,,1765.663766240783,-0.0645311200543992,0.06742423254173449
,,,1765.9771049748097,-0.0645311200543992,0.06733166590745249
,,,1766.2904437088364,-0.027494105352871778,0.06726939201915366
,,,1766.6037824428631,-0.08196028434664537,0.06719649835152071
,,,1766.9171211768899,-0.14296252169152435,0.06751570079533106
,,,1767.2304599109166,0.007364288160427557,0.06768169859531377
,,,1767.5437986449433,-0.05799519156090782,0.06768585969100063
,,,1767.8571373789703,-0.06670974124262741,0.06786328619437405
,,,1768.170476112997,-0.05799519156090782,0.06903355343307441
,,,1768.4838148470237,-0.05145919813860933,0.06912384103597129
,,,1768.7971535810505,-0.11028274936645321,0.0691541502472222
,,,1769.1104923150772,-0.05581650544387262,0.06911406039620219
,,,1769.423831049104,-0.0645311200543992,0.06907338218705965
,,,1769.7371697831306,-0.05581650544387262,0.06908951238533383
,,,1770.0505085171574,-0.07542435585315399,0.06901854105762122
,,,1770.3638472511843,-0.07978166315841717,0.06737217495546093
,,,1770.677185985211,-0.047101955762153036,0.06755042538148025
,,,1770.9905247192378,-0.08196028434664537,0.06764925031911291
,,,1771.3038634532645,-0.09067489895717196,0.06769880494855607
,,,1771.6172021872912,0.0008283596669360627,0.06767906621263477
,,,1771.930540921318,-0.018779490742345195,0.06816184462444673
,,,1772.2438796553447,-0.05581650544387262,0.06838426317818772
,,,1772.5572183893714,-0.03838734115162645,0.06833925602507686
,,,1772.8705571233984,-0.0645311200543992,0.06824868528810596
,,,1773.1838958574251,-0.06017381274913591,0.06840130901357257
,,,1773.4972345914518,-0.09067489895717196,0.06841759766064454
,,,1773.8105733254786,-0.05581650544387262,0.06823178282632052
,,,1774.1239120595053,-0.06670974124262741,0.0690590898923567
,,,1774.437250793532,-0.09067489895717196,0.06902488305849629
,,,1774.7505895275588,-0.047101955762153036,0.0690565204443649
,,,1775.0639282615855,-0.05799519156090782,0.06905652044436489
,,,1775.3772669956124,-0.05145919813860933,0.06910398610224923
,,,1775.6906057296392,-0.06017381274913591,0.06910398610224923
,,,1776.003944463666,-0.09067489895717196,0.06933177710290933
,,,1776.3172831976926,-0.05581650544387262,0.07541926765014564
,,,1776.6306219317194,-0.08413897046368046,0.07535020740254159
,,,1776.943960665746,-0.07978166315841717,0.07543719220281622
,,,1777.2572993997728,-0.0710670485478907,0.07531723210795822
,,,1777.5706381337998,-0.05581650544387262,0.07551857943725156
,,,1777.8839768678265,-0.07542435585315399,0.07535917879880843
,,,1778.1973156018532,-0.062352498866171,0.0763441370337891
,,,1778.51065433588,-0.07324573466492579,0.07613809991770698
,,,1778.8239930699067,-0.06017381274913591,0.0760830344283961
,,,1779.1373318039334,-0.05581650544387262,0.07626135334634611
,,,1779.4506705379601,-0.05581650544387262,0.0761766139170155
,,,1779.7640092719869,-0.047101955762153036,0.0760317340221516
,,,1780.0773480060138,-0.05581650544387262,0.07596724864370538
,,,1780.3906867400406,-0.05799519156090782,0.07593732210690464
,,,1780.7040254740673,-0.05581650544387262,0.07591855677582789
,,,1781.017364208094,-0.05581650544387262,0.07586756540554533
,,,1781.3307029421208,-0.05581650544387262,0.07292364205423749
,,,1781.6440416761475,-0.06017381274913591,0.07274194748676822
,,,1781.9573804101742,-0.06670974124262741,0.07285024403778718
,,,1782.270719144201,-0.042744648456889744,0.07279269142653624
,,,1782.584057878228,-0.05581650544387262,0.07266768251397625
,,,1782.8973966122546,-0.047101955762153036,0.0728316825073804
,,,1783.2107353462814,-0.05581650544387262,0.07305003503232112
,,,1783.524074080308,-0.09067489895717196,0.07278925385491311
,,,1783.8374128143348,-0.07760304197018908,0.0732999133639839
,,,1784.1507515483615,-0.05799519156090782,0.07357962359186364
,,,1784.4640902823883,-0.07542435585315399,0.0736304647343598
,,,1784.777429016415,-0.13424790708099776,0.07405887155285258
,,,1785.090767750442,-0.06670974124262741,0.07410938391836343
,,,1785.4041064844687,-0.05363788425564453,0.07428049721666548
,,,1785.7174452184954,-0.02967272654109998,0.07383174944060657
,,,1786.0307839525221,-0.042744648456889744,0.07389809833399745
,,,1786.3441226865489,-0.05581650544387262,0.0736400819852103
,,,1786.6574614205756,-0.05581650544387262,0.07361041461739361
,,,1786.9708001546023,-0.05581650544387262,0.07346264705275792
,,,1787.284138888629,-0.07542435585315399,0.07324043643574273
,,,1787.597477622656,-0.0710670485478907,0.07375526437070913
,,,1787.9108163566827,-0.03838734115162645,0.07348303017592561
,,,1788.2241550907095,-0.0645311200543992,0.07318985763517546
,,,1788.5374938247362,-0.08413897046368046,0.07811563707969159
,,,1788.850832558763,-0.07978166315841717,0.07849545875719767
,,,1789.1641712927897,-0.047101955762153036,0.07868867411082324
,,,1789.4775100268164,-0.012243562248853812,0.07880082247594067
,,,1789.7908487608433,-0.06670974124262741,0.0785984477042469
,,,1790.10418749487,-0.05581650544387262,0.07847068088957511
,,,1790.4175262288968,-0.05145919813860933,0.07828159678758383
,,,1790.7308649629235,-0.11028274936645321,0.07824058220566302
,,,1791.0442036969503,-0.05581650544387262,0.07822350360238714
,,,1791.357542430977,-0.05581650544387262,0.07785201814614788
,,,1791.6708811650037,-0.05581650544387262,0.07787779096783924
,,,1791.9842198990304,-0.027494105352871778,0.07801719652856653
,,,1792.2975586330574,-0.05799519156090782,0.07806003376673659
,,,1792.6108973670841,-0.07760304197018908,0.07809255513852258
,,,1792.9242361011109,-0.3172544243292138,0.07783277928232103
,,,1793.2375748351376,-0.08196028434664537,0.07781846140811906
,,,1793.5509135691643,-0.05363788425564453,0.07758007018820069
,,,1793.864252303191,-0.05581650544387262,0.07738408688218607
,,,1794.1775910372178,-0.07978166315841717,0.07729770891217058
,,,1794.4909297712445,-0.05581650544387262,0.07743357637628796
,,,1794.8042685052715,-0.14296252169152435,0.07732481478076941
,,,1795.1176072392982,-0.0013502615212921398,0.07727812587940217
,,,1795.430945973325,-0.047101955762153036,0.07711366453124285
,,,1795.7442847073517,-0.07760304197018908,0.076920623078423
,,,1796.0576234413784,-0.05799519156090782,0.076920623078423
,,,1796.370962175405,-0.027494105352871778,0.076920623078423
,,,1796.6843009094318,-0.05581650544387262,0.07697508938623615
,,,1796.9976396434586,-0.05363788425564453,0.07694670786573748
,,,1797.3109783774855,-0.0688884273596625,0.0769316480294811
,,,1797.6243171115123,-0.09285358507420705,0.07745050975632904
,,,1797.937655845539,-0.05581650544387262,0.07745050975632904
,,,1798.2509945795657,-0.047101955762153036,0.07742230251595028
,,,1798.5643333135924,-0.0710670485478907,0.07729259152485193
,,,1798.8776720476192,-0.047101955762153036,0.07717027350557845
,,,1799.191010781646,-0.047101955762153036,0.08092818686001033
,,,1799.5043495156729,-0.08196028434664537,0.08092818686001033
,,,1799.8176882496996,-0.0645311200543992,0.08107396899678941
,,,1800.1310269837263,-0.05145919813860933,0.08118542334639238
,,,1800.444365717753,0.16858433381113413,0.08095153363064436
,,,1800.7577044517798,-0.06670974124262741,0.08070900817967336
,,,1801.0710431858065,-0.0645311200543992,0.08075536100113756
,,,1801.3843819198332,-0.10592544206118992,0.08046941276029992
,,,1801.69772065386,-0.0645311200543992,0.07957160251957787
,,,1802.011059387887,-0.07324573466492579,0.07949318227096336
,,,1802.3243981219136,-0.0710670485478907,0.07937573094945646
,,,1802.6377368559404,-0.0645311200543992,0.07965829921256094
,,,1802.951075589967,0.009542974277462646,0.07976345628408049
,,,1803.2644143239938,-0.05145919813860933,0.08018418996430231
,,,1803.5777530580206,-0.05799519156090782,0.08006165804262164
,,,1803.8910917920473,-0.05363788425564453,0.08012284817986896
,,,1804.204430526074,-0.10156813475592663,0.07980651433033505
,,,1804.517769260101,-0.04928057695038124,0.07977135522533435
,,,1804.8311079941277,-0.06017381274913591,0.0799989804220056
,,,1805.1444467281544,-0.2823960308159146,0.08008798391537572
,,,1805.4577854621812,-0.08196028434664537,0.08000680929207467
,,,1805.771124196208,-0.07978166315841717,0.07987816258028618
,,,1806.0844629302346,-0.05799519156090782,0.07993061358734121
,,,1806.3978016642614,-0.027494105352871778,0.08025377671279288
,,,1806.711140398288,-0.03838734115162645,0.08036519871507909
,,,1807.024479132315,-0.0710670485478907,0.0803252480405844
,,,1807.3378178663418,-0.04928057695038124,0.08039733981216592
,,,1807.6511566003685,-0.0645311200543992,0.08016798969188396
,,,1807.9644953343952,-0.04492326964511795,0.080164609505005
,,,1808.277834068422,-0.05145919813860933,0.080164609505005
,,,1808.5911728024487,-0.07542435585315399,0.0799828379914252
,,,1808.9045115364754,-0.05799519156090782,0.08012057352895949
,,,1809.2178502705021,-0.0645311200543992,0.08021890945909702
,,,1809.531189004529,-0.062352498866171,0.08009448039578398
,,,1809.8445277385558,-0.05363788425564453,0.07417112774209257
,,,1810.1578664725826,-0.05581650544387262,0.07394384750409837
,,,1810.4712052066093,-0.05581650544387262,0.07391550234463809
,,,1810.784543940636,-0.06017381274913591,0.07405757513051561
,,,1811.0978826746627,-0.07324573466492579,0.0740359367657308
,,,1811.4112214086895,-0.062352498866171,0.07410210283588409
,,,1811.7245601427164,-0.05581650544387262,0.07291619105496819
,,,1812.0378988767432,-0.05145919813860933,0.07334530756838599
,,,1812.3512376107699,-0.020958111930573398,0.07345157939074512
,,,1812.6645763447966,-0.05581650544387262,0.07311577599372349
,,,1812.9779150788233,-0.05581650544387262,0.07309992692418488
,,,1813.29125381285,-0.05581650544387262,0.07325060577065559
,,,1813.6045925468768,-0.05145919813860933,0.07343580279503827
,,,1813.9179312809035,-0.05581650544387262,0.07340726146167419
,,,1814.2312700149305,-0.10810412817822501,0.07344667516951985
,,,1814.5446087489572,-0.05581650544387262,0.07309550800079752
,,,1814.857947482984,-0.05145919813860933,0.07319964603119371
,,,1815.1712862170107,-0.03838734115162645,0.07334196759228215
,,,1815.4846249510374,-0.04928057695038124,0.07320335443395469
,,,1815.7979636850641,0.25573028512997875,0.07338390659177257
,,,1816.1113024190909,-0.05581650544387262,0.07345677137445811
,,,1816.4246411531176,-0.0688884273596625,0.0732941700673089
,,,1816.7379798871445,-0.0710670485478907,0.07315721253732041
,,,1817.0513186211713,-0.0645311200543992,0.0732028938206527
,,,1817.364657355198,-0.042744648456889744,0.07156931263560459
,,,1817.6779960892247,-0.0645311200543992,0.07156931263560458
,,,1817.9913348232515,-0.027494105352871778,0.07139341701088463
,,,1818.3046735572782,-0.05145919813860933,0.07093008308015378
,,,1818.618012291305,-0.05581650544387262,0.07086095521397427
,,,1818.9313510253317,-0.02967272654109998,0.0707124601925651
,,,1819.2446897593586,-0.07542435585315399,0.07043635107497284
,,,1819.5580284933853,-0.06017381274913591,0.07259986416603842
,,,1819.871367227412,-0.10156813475592663,0.07279427056849491
,,,1820.1847059614388,-0.03185141265813507,0.0728242704202599
,,,1820.4980446954655,-0.0645311200543992,0.0728083578952304
,,,1820.8113834294923,-0.016600869554116993,0.07287320368785166
,,,1821.124722163519,-0.06670974124262741,0.07230396702228742
,,,1821.4380608975457,-0.07324573466492579,0.07262781589182149
,,,1821.7513996315727,-0.07542435585315399,0.07253753576217337
,,,1822.0647383655994,-0.07542435585315399,0.067455394581817
,,,1822.3780770996261,-0.0645311200543992,0.06964056160709692
,,,1822.6914158336529,-0.05581650544387262,0.06951195100919356
,,,1823.0047545676796,-0.07542435585315399,0.06949528005743515
,,,1823.3180933017063,-0.07978166315841717,0.06982618341781162
,,,1823.631432035733,-0.04928057695038124,0.06998756274415928
,,,1823.94477076976,-0.062352498866171,0.06989204417777867
,,,1824.2581095037867,-0.09067489895717196,0.07000799413639815
,,,1824.5714482378135,0.055294603589516655,0.06993795486773478
,,,1824.8847869718402,-0.05581650544387262,0.07010026632442044
,,,1825.198125705867,0.0008283596669360627,0.07007163293482141
,,,1825.5114644398936,-0.05581650544387262,0.07007163293482141
,,,1825.8248031739204,-0.0710670485478907,0.07053376298736702
,,,1826.138141907947,-0.062352498866171,0.07053376298736702
,,,1826.451480641974,-0.05363788425564453,0.07067502646688038
,,,1826.7648193760008,-0.05581650544387262,0.07074182781371573
,,,1827.0781581100275,-0.04928057695038124,0.07086953306933795
,,,1827.3914968440542,-0.07324573466492579,0.07083870540052299
,,,1827.704835578081,-0.07760304197018908,0.07127898799190031
,,,1828.0181743121077,-0.0645311200543992,0.07107242116708477
,,,1828.3315130461344,0.04222268167372678,0.07589636395035916
,,,1828.6448517801612,-0.08196028434664537,0.07589636395035915
,,,1828.9581905141881,-0.062352498866171,0.0757332620320637
,,,1829.2715292482148,-0.027494105352871778,0.07577760052955092
,,,1829.5848679822416,-0.05581650544387262,0.0756022729956549
,,,1829.8982067162683,-0.05581650544387262,0.0756022729956549
,,,1830.211545450295,-0.07760304197018908,0.0756022729956549
,,,1830.5248841843218,-0.04928057695038124,0.07564647777389645
,,,1830.8382229183485,-0.07324573466492579,0.07614548324260483
,,,1831.1515616523752,-0.05581650544387262,0.07561766741487441
,,,1831.4649003864022,-0.0688884273596625,0.07564889318944512
,,,1831.778239120429,-0.06670974124262741,0.07564889318944512
,,,1832.0915778544556,-0.05363788425564453,0.07581491647051336
,,,1832.4049165884824,-0.0710670485478907,0.07605716033997116
,,,1832.718255322509,-0.05799519156090782,0.07223466703790868
,,,1833.0315940565358,-0.0645311200543992,0.07240094704537521
,,,1833.3449327905626,-0.04492326964511795,0.07229565854095131
,,,1833.6582715245895,-0.05799519156090782,0.0724266758477152
,,,1833.9716102586162,-0.05581650544387262,0.07266290282208725
,,,1834.284948992643,-0.06670974124262741,0.07279530614952232
,,,1834.5982877266697,-0.03838734115162645,0.07289310595983496
,,,1834.9116264606964,-0.0645311200543992,0.07284474729454762
,,,1835.2249651947232,-0.05581650544387262,0.0730188242195269
,,,1835.5383039287499,-0.05581650544387262,0.07293632689530748
,,,1835.8516426627766,-0.02967272654109998,0.07303544377857987
,,,1836.1649813968036,-0.19307139338003465,0.0728706116136293
,,,1836.4783201308303,-0.05581650544387262,0.0728877277933018
,,,1836.791658864857,-0.05581650544387262,0.07254936261651196
,,,1837.1049975988838,-0.05581650544387262,0.07268455989933335
,,,1837.4183363329105,-0.062352498866171,0.07261710222694878
,,,1837.7316750669372,-0.03838734115162645,0.07286690817968362
,,,1838.045013800964,-0.08631759165190867,0.07279718257282035
,,,1838.3583525349907,-0.047101955762153036,0.07266859174383357
,,,1838.6716912690176,-0.06017381274913591,0.07239702623948079
,,,1838.9850300030444,0.19690679883094198,0.07241854240257893
,,,1839.298368737071,-0.06670974124262741,0.07299556525356958
,,,1839.6117074710978,-0.05581650544387262,0.0730998456625288
,,,1839.9250462051245,-0.07542435585315399,0.07302062259981713
,,,1840.2383849391513,-0.062352498866171,0.07286191857545389
,,,1840.551723673178,-0.06017381274913591,0.07299145683022022
,,,1840.8650624072047,-0.0645311200543992,0.07292671618732564
,,,1841.1784011412317,-0.05581650544387262,0.07274341896363033
,,,1841.4917398752584,-0.06670974124262741,0.07304356154350854
,,,1841.8050786092851,-0.047101955762153036,0.07311062573170174
,,,1842.1184173433119,-0.07542435585315399,0.07347328664077868
,,,1842.4317560773386,-0.10156813475592663,0.07347328664077868
,,,1842.7450948113653,-0.0645311200543992,0.07343509538855746
,,,1843.058433545392,-0.07760304197018908,0.07343509538855746
,,,1843.3717722794188,-0.062352498866171,0.07357327194471307
,,,1843.6851110134457,-0.0710670485478907,0.07360536502302138
,,,1843.9984497474725,-0.05145919813860933,0.07381205499709825
,,,1844.3117884814992,-0.10156813475592663,0.07351237516356601
,,,1844.625127215526,-0.047101955762153036,0.07334317145207392
,,,1844.9384659495527,-0.2823960308159146,0.07327632009542825
,,,1845.2518046835794,-0.05581650544387262,0.07337705272177318
,,,1845.5651434176061,-0.0013502615212921398,0.07325136960157687
,,,1845.878482151633,-0.03403003384636316,0.07377733028101771
,,,1846.1918208856598,-0.016600869554116993,0.07392662844226838
,,,1846.5051596196865,-0.05581650544387262,0.07375726951086573
,,,1846.8184983537133,-0.05581650544387262,0.07378928256339126
,,,1847.13183708774,-0.05799519156090782,0.07363705419391631
,,,1847.4451758217667,-0.10592544206118992,0.07362372790645882
,,,1847.7585145557935,-0.05581650544387262,0.0737559941009276
,,,1848.0718532898202,-0.06017381274913591,0.07382241108048908
,,,1848.3851920238471,-0.05145919813860933,0.07368951725921008
,,,1848.6985307578739,-0.0645311200543992,0.07360483037088213
,,,1849.0118694919006,-0.07978166315841717,0.07370463722710402
,,,1849.3252082259273,-0.0688884273596625,0.07358185261148584
,,,1849.638546959954,-0.07542435585315399,0.07345139858355822
,,,1849.9518856939808,-0.05581650544387262,0.07346958650985576
,,,1850.2652244280075,-0.08413897046368046,0.07440831672319054
,,,1850.5785631620342,-0.08849627776894375,0.07445859202708646
,,,1850.8919018960612,-0.062352498866171,0.07457993323741104
,,,1851.205240630088,-0.07542435585315399,0.07448129930958516
,,,1851.5185793641147,-0.0013502615212921398,0.07472504065517775
,,,1851.8319180981414,-0.07324573466492579,0.07451940707164562
,,,1852.1452568321681,-0.042744648456889744,0.07451940707164562
,,,1852.4585955661948,-0.04928057695038124,0.07458514424622557
,,,1852.7719343002216,-0.05581650544387262,0.07484594989682841
,,,1853.0852730342483,-0.062352498866171,0.07253803017162659
,,,1853.3986117682753,-0.0710670485478907,0.07270361636238945
,,,1853.711950502302,-0.05581650544387262,0.07275324098359519
,,,1854.0252892363287,-0.05581650544387262,0.07298422898436026
,,,1854.3386279703554,-0.0645311200543992,0.07293476152695615
,,,1854.6519667043822,-0.05799519156090782,0.07303988120004135
,,,1854.965305438409,-0.05799519156090782,0.07276199518562286
,,,1855.2786441724356,-0.03838734115162645,0.07281957205750957
,,,1855.5919829064624,-0.07760304197018908,0.07426877527932883
,,,1855.9053216404893,-0.1146400566717165,0.07183702306232434
,,,1856.218660374516,-0.0688884273596625,0.07180043331300587
,,,1856.5319991085428,-0.06670974124262741,0.07208202637453356
,,,1856.8453378425695,-0.062352498866171,0.07206102596147951
,,,1857.1586765765962,-0.06670974124262741,0.07192727098778624
,,,1857.472015310623,-0.05363788425564453,0.07189442882608443
,,,1857.7853540446497,-0.07324573466492579,0.07163682326066358
,,,1858.0986927786767,0.08797431098578079,0.07150902477125388
,,,1858.4120315127034,-0.0645311200543992,0.07142175245516391
,,,1858.72537024673,-0.07542435585315399,0.07142175245516393
,,,1859.0387089807568,-0.05581650544387262,0.07156180892682736
,,,1859.3520477147836,-0.06670974124262741,0.0710900635463976
,,,1859.6653864488103,-0.062352498866171,0.0709129791814447
,,,1859.978725182837,-0.0710670485478907,0.0706018486513615
,,,1860.2920639168638,-0.06017381274913591,0.07055071077985102
,,,1860.6054026508907,-0.07542435585315399,0.07049198527791832
,,,1860.9187413849174,-0.02531541923583669,0.07052296450849292
,,,1861.2320801189442,-0.05799519156090782,0.07021569035626544
,,,1861.545418852971,-0.05581650544387262,0.07051445887389077
,,,1861.8587575869976,-0.05799519156090782,0.06508814351937323
,,,1862.1720963210244,-0.0688884273596625,0.06502372102204167
,,,1862.485435055051,-0.11028274936645321,0.06524709888619079
,,,1862.7987737890778,-0.05581650544387262,0.0651955991541253
,,,1863.1121125231048,-0.020958111930573398,0.06539883186244268
,,,1863.4254512571315,-0.06017381274913591,0.06526977487288849
,,,1863.7387899911582,-0.06017381274913591,0.0652205781960326
,,,1864.052128725185,-0.047101955762153036,0.06523902093765001
,,,1864.3654674592117,-0.08631759165190867,0.06479559668133722
,,,1864.6788061932384,-0.0645311200543992,0.06489178106092948
,,,1864.9921449272651,-0.05145919813860933,0.06485537629015878
,,,1865.3054836612919,-0.05581650544387262,0.06488904659788113
,,,1865.6188223953188,-0.06670974124262741,0.06481347588627953
,,,1865.9321611293456,-0.05581650544387262,0.0648649513540686
,,,1866.2454998633723,-0.036208655034591364,0.06461705137155195
,,,1866.558838597399,-0.06670974124262741,0.064691397602684
,,,1866.8721773314257,-0.12989059977573447,0.06456092647084648
,,,1867.1855160654525,-0.0645311200543992,0.06423938859149718
,,,1867.4988547994792,-0.0710670485478907,0.06408333069914782
,,,1867.812193533506,-0.05363788425564453,0.0641034846476338
,,,1868.125532267533,-0.07324573466492579,0.06403469077130867
,,,1868.4388710015596,-0.02967272654109998,0.06419625462940151
,,,1868.7522097355863,-0.05581650544387262,0.06424408180894904
,,,1869.065548469613,-0.0645311200543992,0.06413674667915094
,,,1869.3788872036398,-0.0710670485478907,0.06418677407627152
,,,1869.6922259376665,-0.02967272654109998,0.06412144598394594
,,,1870.0055646716933,-0.07542435585315399,0.06386963289765962
,,,1870.3189034057202,-0.062352498866171,0.06374608124649235
,,,1870.632242139747,-0.08196028434664537,0.06374608124649235
,,,1870.9455808737737,-0.05581650544387262,0.06372859859906553
,,,1871.2589196078004,-0.05581650544387262,0.06342256951238101
,,,1871.5722583418271,-0.05581650544387262,0.06342256951238101
,,,1871.8855970758539,-0.05581650544387262,0.06356986619508795
,,,1872.1989358098806,-0.16257030717199872,0.06376734592802358
,,,1872.5122745439073,-0.027494105352871778,0.06367372621040704
,,,1872.8256132779343,-0.062352498866171,0.06286694125991014
,,,1873.138952011961,-0.08631759165190867,0.06312480727004123
,,,1873.4522907459877,-0.07324573466492579,0.06294451116027897
,,,1873.7656294800145,-0.042744648456889744,0.06305407354890466
,,,1874.0789682140412,-0.05581650544387262,0.06290407458510813
,,,1874.392306948068,-0.014422183437081904,0.0629217863247098
,,,1874.7056456820947,-0.03403003384636316,0.06281199318910553
,,,1875.0189844161214,-0.05581650544387262,0.06244920309508089
,,,1875.3323231501483,-0.047101955762153036,0.062352807959276564
,,,1875.645661884175,-0.08849627776894375,0.06215965451494023
,,,1875.9590006182018,-0.05581650544387262,0.06215965451494023
,,,1876.2723393522285,-0.03838734115162645,0.062059235811018826
,,,1876.5856780862553,-0.036208655034591364,0.06182296158025139
,,,1876.899016820282,-0.05581650544387262,0.061497496973989305
,,,1877.2123555543087,-0.0645311200543992,0.06147793182425292
,,,1877.5256942883354,-0.05581650544387262,0.06155606954007261
,,,1877.8390330223624,-0.07542435585315399,0.061619251081574164
,,,1878.1523717563891,-0.08196028434664537,0.06272107021424957
,,,1878.4657104904159,-0.03185141265813507,0.06272107021424957
,,,1878.7790492244426,-0.047101955762153036,0.06263571772344767
,,,1879.0923879584693,-0.05581650544387262,0.06270604641120116
,,,1879.405726692496,-0.020958111930573398,0.06204688616708959
,,,1879.7190654265228,-0.05581650544387262,0.06197930260809288
,,,1880.0324041605497,-0.036208655034591364,0.062113311034608744
,,,1880.3457428945765,-0.04928057695038124,0.06184440300768397
,,,1880.6590816286032,-0.06017381274913591,0.06180620331208927
,,,1880.97242036263,-0.0710670485478907,0.061873975943861396
,,,1881.2857590966566,-0.06670974124262741,0.06144779644018956
,,,1881.5990978306834,-0.05581650544387262,0.06121875653989204
,,,1881.91243656471,-0.05581650544387262,0.0613786573340593
,,,1882.2257752987368,-0.05581650544387262,0.0613786573340593
,,,1882.5391140327638,-0.08413897046368046,0.06133582898771609
,,,1882.8524527667905,-0.036208655034591364,0.061237594728951725
,,,1883.1657915008172,-0.08196028434664537,0.06141359882569459
,,,1883.479130234844,-0.036208655034591364,0.0613918393003086
,,,1883.7924689688707,-0.05145919813860933,0.06053467102181553
,,,1884.1058077028974,-0.07542435585315399,0.060384290610659315
,,,1884.4191464369242,-0.0645311200543992,0.06023435927701046
,,,1884.732485170951,-0.0688884273596625,0.060152852991130414
,,,1885.0458239049779,-0.047101955762153036,0.05982515317554174
,,,1885.3591626390046,-0.07760304197018908,0.060059596673739765
,,,1885.6725013730313,-0.018779490742345195,0.06005959667373977
,,,1885.985840107058,-0.05581650544387262,0.05997794128420585
,,,1886.2991788410848,-0.047101955762153036,0.059808363384793214
,,,1886.6125175751115,-0.020958111930573398,0.0600020472342265
,,,1886.9258563091382,-0.05799519156090782,0.05997088077621158
,,,1887.239195043165,-0.05581650544387262,0.05991066933048749
,,,1887.552533777192,-0.05363788425564453,0.059668652643779976
,,,1887.8658725112186,0.0008283596669360627,0.05986984315424391
,,,1888.1792112452454,-0.05799519156090782,0.05986984315424391
,,,1888.492549979272,-0.07324573466492579,0.059869843154243915
,,,1888.8058887132988,-0.0645311200543992,0.059930095617822414
,,,1889.1192274473256,-0.0688884273596625,0.05808383629192552
,,,1889.4325661813523,-0.047101955762153036,0.058505981354198176
,,,1889.745904915379,-0.09067489895717196,0.058649651522919635
,,,1890.059243649406,-0.04492326964511795,0.05812381063513187
,,,1890.3725823834327,-0.07324573466492579,0.057752077763056034
,,,1890.6859211174594,-0.04928057695038124,0.05789703628765987
,,,1890.9992598514862,-0.05581650544387262,0.05775121742335914
,,,1891.312598585513,-0.062352498866171,0.058070453444324585
,,,1891.6259373195396,-0.05363788425564453,0.05831186069997996
,,,1891.9392760535663,-0.05363788425564453,0.05831186069997996
,,,1892.2526147875933,-0.05581650544387262,0.05818529037640078
,,,1892.56595352162,-0.05581650544387262,0.05782533713629805
,,,1892.8792922556468,-0.05581650544387262,0.057910027860873785
,,,1893.1926309896735,-0.027494105352871778,0.05786214803203971
,,,1893.5059697237002,-0.027494105352871778,0.05787527162073616
,,,1893.819308457727,-0.05799519156090782,0.05791606409879305
,,,1894.1326471917537,-0.08196028434664537,0.05787220562840484
,,,1894.4459859257804,-0.03838734115162645,0.05787220562840484
,,,1894.7593246598074,-0.13424790708099776,0.05766404575909219
,,,1895.072663393834,-0.05581650544387262,0.05755433531745445
,,,1895.3860021278608,-0.047101955762153036,0.0584143795525971
,,,1895.6993408618875,-0.07542435585315399,0.05874514667253391
,,,1896.0126795959143,-0.05799519156090782,0.058874673220111556
,,,1896.326018329941,-0.047101955762153036,0.05908670522137484
,,,1896.6393570639677,-0.047101955762153036,0.05912666191693186
,,,1896.9526957979945,0.007364288160427557,0.05944618401382404
,,,1897.2660345320214,-0.05581650544387262,0.059500155340454115
,,,1897.5793732660482,-0.05581650544387262,0.05954281469612688
,,,1897.8927120000749,-0.042744648456889744,0.059473220686434736
,,,1898.2060507341016,-0.03403003384636316,0.05936825817596707
,,,1898.5193894681283,-0.0688884273596625,0.05933145493079014
,,,1898.832728202155,-0.05581650544387262,0.059701736392730756
,,,1899.1460669361818,-0.062352498866171,0.059762158342505346
,,,1899.4594056702085,-0.042744648456889744,0.05979118853608333
,,,1899.7727444042355,-0.06017381274913591,0.0600827299530618
,,,1900.0860831382622,-0.0645311200543992,0.060028632486271404
,,,1900.399421872289,-0.07542435585315399,0.0602503288547622
,,,1900.7127606063157,-0.047101955762153036,0.06021701196924889
,,,1901.0260993403424,-0.05581650544387262,0.060143772817411185
,,,1901.3394380743691,-0.042744648456889744,0.06021259180464085
,,,1901.6527768083959,-0.03403003384636316,0.060085949461042086
,,,1901.9661155424226,-0.062352498866171,0.06008594946104209
,,,1902.2794542764495,-0.05581650544387262,0.05961581327402815
,,,1902.5927930104763,-0.05581650544387262,0.060007406392777296
,,,1902.906131744503,-0.05363788425564453,0.05984357601522734
,,,1903.2194704785297,-0.05799519156090782,0.05984357601522734
,,,1903.5328092125565,0.07272376788176282,0.05987801949584944
,,,1903.8461479465832,-0.05581650544387262,0.060059219499522615
,,,1904.15948668061,-0.06017381274913591,0.05984236368015437
,,,1904.4728254146369,-0.07542435585315399,0.05964340474560007
,,,1904.7861641486636,-0.05581650544387262,0.059868333688948165
,,,1905.0995028826903,-0.05581650544387262,0.06055121429156632
,,,1905.412841616717,-0.062352498866171,0.06037736831654242
,,,1905.7261803507438,-0.05581650544387262,0.060335299024967856
,,,1906.0395190847705,-0.07760304197018908,0.06020891478207267
,,,1906.3528578187972,-0.07542435585315399,0.060278483312713786
,,,1906.666196552824,-0.02967272654109998,0.05984482548338626
,,,1906.979535286851,-0.027494105352871778,0.059930451732330844
,,,1907.2928740208777,-0.06017381274913591,0.05966892147328619
,,,1907.6062127549044,-0.036208655034591364,0.059652474804250254
,,,1907.9195514889311,-0.0645311200543992,0.059582175346537036
,,,1908.2328902229578,-0.0645311200543992,0.059603851297534156
,,,1908.5462289569846,-0.05581650544387262,0.05982388900240311
,,,1908.8595676910113,-0.02531541923583669,0.059924352330050966
,,,1909.172906425038,-0.05799519156090782,0.05992435233005096
,,,1909.486245159065,-0.0645311200543992,0.05974981207910526
,,,1909.7995838930917,-0.02967272654109998,0.05974981207910526
,,,1910.1129226271185,-0.03838734115162645,0.059934063544325324
,,,1910.4262613611452,-0.06017381274913591,0.059934063544325324
,,,1910.739600095172,-0.06017381274913591,0.06043987313172129
,,,1911.0529388291986,-0.05581650544387262,0.06117704776460757
,,,1911.3662775632254,-0.05581650544387262,0.061233927268051686
,,,1911.679616297252,-0.07324573466492579,0.06039305892550801
,,,1911.992955031279,-0.10810412817822501,0.06047415380392298
,,,1912.3062937653058,-0.07978166315841717,0.06054341755754094
,,,1912.6196324993325,-0.0688884273596625,0.06038359722704981
,,,1912.9329712333592,-0.05581650544387262,0.060490464706702274
,,,1913.246309967386,-0.06017381274913591,0.06091546091078199
,,,1913.5596487014127,-0.07324573466492579,0.06091546091078199
,,,1913.8729874354394,-0.05581650544387262,0.061149842082843596
,,,1914.1863261694664,-0.0645311200543992,0.0611498420828436
,,,1914.499664903493,-0.0645311200543992,0.061065925679157855
,,,1914.8130036375198,-0.05581650544387262,0.06765138568540346
,,,1915.1263423715466,-0.05145919813860933,0.06828103082224125
,,,1915.4396811055733,-0.08849627776894375,0.06810787142250328
,,,1915.7530198396,-0.062352498866171,0.06889699253634203
,,,1916.0663585736268,-0.08631759165190867,0.06891573877588376
,,,1916.3796973076535,-0.0710670485478907,0.06895650998068364
,,,1916.6930360416804,-0.07760304197018908,0.06907459591301547
,,,1917.0063747757072,-0.0645311200543992,0.06888130654692332
,,,1917.319713509734,-0.047101955762153036,0.06874087427537594
,,,1917.6330522437606,-0.0688884273596625,0.06869021124343026
,,,1917.9463909777874,-0.0710670485478907,0.06869021124343026
,,,1918.259729711814,-0.05581650544387262,0.06890914703528606
,,,1918.5730684458408,-0.047101955762153036,0.06923821383208967
,,,1918.8864071798675,0.0008283596669360627,0.06920281349810703
,,,1919.1997459138945,-0.07324573466492579,0.06920281349810703
,,,1919.5130846479212,-0.03185141265813507,0.06918670971487369
,,,1919.826423381948,-0.047101955762153036,0.06920281349810703
,,,1920.1397621159747,-0.02967272654109998,0.06927615688806425
,,,1920.4531008500014,-0.07542435585315399,0.0693256151779233
,,,1920.7664395840281,0.01825752395918223,0.06937765606623705
,,,1921.0797783180549,0.01825752395918223,0.06941424535096677
,,,1921.3931170520816,-0.05363788425564453,0.0693115369803265
,,,1921.7064557861086,-0.11028274936645321,0.06948481251010799
,,,1922.0197945201353,-0.05581650544387262,0.06955530807555603
,,,1922.333133254162,-0.06017381274913591,0.06955530807555602
,,,1922.6464719881888,-0.05581650544387262,0.06966473835939462
,,,1922.9598107222155,-0.05581650544387262,0.0694694888731676
,,,1923.2731494562422,-0.05145919813860933,0.06933024800785714
,,,1923.586488190269,-0.05581650544387262,0.07436109059144332
,,,1923.8998269242957,-0.04492326964511795,0.07469129540836349
,,,1924.2131656583226,-0.047101955762153036,0.07472528291133165
,,,1924.5265043923494,-0.047101955762153036,0.07473544538216699
,,,1924.839843126376,-0.0645311200543992,0.07468535644551347
,,,1925.1531818604028,-0.07542435585315399,0.0746197075541894
,,,1925.4665205944295,-0.0645311200543992,0.07506927545488666
,,,1925.7798593284563,-0.05581650544387262,0.0752882795831882
,,,1926.093198062483,-0.02967272654109998,0.07541240353618825
,,,1926.40653679651,-0.05581650544387262,0.0753473881112295
,,,1926.7198755305367,-0.05581650544387262,0.07555076813502686
,,,1927.0332142645634,-0.027494105352871778,0.0756375222864366
,,,1927.3465529985901,-0.09938951356769854,0.07576517256034841
,,,1927.6598917326169,-0.12771197858750638,0.075853295726807
,,,1927.9732304666436,-0.047101955762153036,0.07591787789802272
,,,1928.2865692006703,-0.08413897046368046,0.07586265255903502
,,,1928.599907934697,-0.0645311200543992,0.07568156588105425
,,,1928.913246668724,-0.05581650544387262,0.07539656535112106
,,,1929.2265854027507,-0.06017381274913591,0.07885528271463231
,,,1929.5399241367775,-0.0688884273596625,0.07887334935101827
,,,1929.8532628708042,0.08797431098578079,0.07887334935101827
,,,1930.166601604831,-0.047101955762153036,0.07887334935101825
,,,1930.4799403388577,-0.05581650544387262,0.078739966284575
,,,1930.7932790728844,-0.05581650544387262,0.07859981145682969
,,,1931.1066178069111,-0.04492326964511795,0.07856750005345749
,,,1931.419956540938,-0.3041825348778275,0.07856750005345749
,,,1931.7332952749648,-0.10156813475592663,0.07856750005345749
,,,1932.0466340089915,-0.047101955762153036,0.07853002414102306
,,,1932.3599727430183,-0.121175985165208,0.0782950007914586
,,,1932.673311477045,-0.0645311200543992,0.07824889077480225
,,,1932.9866502110717,-0.04928057695038124,0.08031442026184908
,,,1933.2999889450984,-0.07324573466492579,0.0802017555104396
,,,1933.6133276791252,-0.036208655034591364,0.08003221664162866
,,,1933.9266664131521,-0.06017381274913591,0.07982469771053849
,,,1934.2400051471789,-0.03838734115162645,0.07995522744507805
,,,1934.5533438812056,-0.05581650544387262,0.08001033381749172
,,,1934.8666826152323,-0.0710670485478907,0.07997526431663081
,,,1935.180021349259,-0.07760304197018908,0.08010659055200595
,,,1935.4933600832858,-0.05799519156090782,0.08030876659557566
,,,1935.8066988173125,-0.05581650544387262,0.080449913264697
,,,1936.1200375513392,-0.05363788425564453,0.0801817539562379
,,,1936.4333762853662,-0.05581650544387262,0.08030410262991741
,,,1936.746715019393,-0.06670974124262741,0.08035627561331184
,,,1937.0600537534197,-0.07760304197018908,0.0804861415967384
,,,1937.3733924874464,-0.062352498866171,0.08035101966362165
,,,1937.686731221473,-0.0645311200543992,0.08048552157005502
,,,1938.0000699554998,-0.0645311200543992,0.08064688796517674
,,,1938.3134086895266,-0.07542435585315399,0.08067506750040276
,,,1938.6267474235535,-0.0645311200543992,0.08009703383155456
,,,1938.9400861575803,-0.062352498866171,0.08009703383155456
,,,1939.253424891607,-0.0688884273596625,0.08005362464128711
,,,1939.5667636256337,-0.05581650544387262,0.08011482091428988
,,,1939.8801023596604,-0.06017381274913591,0.0802459187590279
,,,1940.1934410936872,0.2796954428445233,0.08031808173488691
,,,1940.506779827714,-0.07760304197018908,0.08031808173488691
,,,1940.8201185617406,-0.0645311200543992,0.08032974561163522
,,,1941.1334572957676,-0.03838734115162645,0.0803819019511
,,,1941.4467960297943,-0.05799519156090782,0.08049493154505523
,,,1941.760134763821,-0.05581650544387262,0.08046338116214105
,,,1942.0734734978478,-0.10156813475592663,0.08032822094318709
,,,1942.3868122318745,-0.0645311200543992,0.08026718736804493
,,,1942.7001509659012,-0.07324573466492579,0.08026718736804493
,,,1943.013489699928,-0.05581650544387262,0.08039719725627582
,,,1943.3268284339547,-0.0645311200543992,0.08026718736804493
,,,1943.6401671679816,-0.05363788425564453,0.08026718736804493
,,,1943.9535059020084,-0.07542435585315399,0.08074750543130262
,,,1944.266844636035,-0.0710670485478907,0.08041615304907573
,,,1944.5801833700618,-0.0645311200543992,0.07979656111865409
,,,1944.8935221040886,-0.047101955762153036,0.08043371353172736
,,,1945.2068608381153,-0.04928057695038124,0.0802030961184368
,,,1945.520199572142,-0.08413897046368046,0.08006680963819869
,,,1945.8335383061687,-0.25189494460787853,0.08067909084301943
,,,1946.1468770401957,-0.0710670485478907,0.08063599499510797
,,,1946.4602157742224,-0.05581650544387262,0.08057079008657662
,,,1946.7735545082492,-0.06017381274913591,0.0805540414330948
,,,1947.086893242276,-0.05581650544387262,0.08060605264154162
,,,1947.4002319763026,-0.027494105352871778,0.08068339124268431
,,,1947.7135707103293,-0.06017381274913591,0.08074411021455817
,,,1948.026909444356,-0.0645311200543992,0.08132906490535913
,,,1948.340248178383,-0.05581650544387262,0.07593914729753908
,,,1948.6535869124098,-0.04492326964511795,0.07545223017708419
,,,1948.9669256464365,-0.062352498866171,0.07545223017708419
,,,1949.2802643804632,-0.05581650544387262,0.07485325726304598
,,,1949.59360311449,-0.20614331529582453,0.07478775575565226
,,,1949.9069418485167,-0.05581650544387262,0.07478775575565226
,,,1950.2202805825434,-0.05581650544387262,0.07453403092950782
,,,1950.5336193165701,0.024793517381480612,0.07480799071359306
,,,1950.846958050597,-0.06670974124262741,0.07493705405253935
,,,1951.1602967846238,-0.07542435585315399,0.07510465091268348
,,,1951.4736355186506,-0.06670974124262741,0.07524447844239344
,,,1951.7869742526773,-0.07324573466492579,0.07568485038210984
,,,1952.100312986704,-0.07542435585315399,0.07566426304384585
,,,1952.4136517207307,-0.04928057695038124,0.07578777121988006
,,,1952.7269904547575,-0.027494105352871778,0.07560169544930478
,,,1953.0403291887842,-0.05581650544387262,0.0756164330664507
,,,1953.3536679228112,-0.05581650544387262,0.0756164330664507
,,,1953.6670066568379,-0.05581650544387262,0.07538065956443943
,,,1953.9803453908646,-0.05799519156090782,0.07526539484986985
,,,1954.2936841248913,-0.05145919813860933,0.07509572289628416
,,,1954.607022858918,-0.05581650544387262,0.07578032950602306
,,,1954.9203615929448,-0.05799519156090782,0.07573093166575968
,,,1955.2337003269715,-0.047101955762153036,0.07555723264579428
,,,1955.5470390609983,-0.05581650544387262,0.0755236195417801
,,,1955.8603777950252,-0.05363788425564453,0.07554072133071425
,,,1956.173716529052,-0.0645311200543992,0.07550475085640558
,,,1956.4870552630787,-0.07324573466492579,0.07550475085640557
,,,1956.8003939971054,-0.062352498866171,0.0755931776115209
,,,1957.1137327311321,-0.05581650544387262,0.07075244351429871
,,,1957.4270714651589,-0.047101955762153036,0.07062962614074161
,,,1957.7404101991856,-0.05581650544387262,0.07062962614074163
,,,1958.0537489332123,-0.0645311200543992,0.07107469855161808
,,,1958.3670876672393,-0.06017381274913591,0.07112733021336347
,,,1958.680426401266,-0.05799519156090782,0.07098034336767578
,,,1958.9937651352927,-0.05581650544387262,0.07050470752186876
,,,1959.3071038693195,-0.05581650544387262,0.07038957578427976
,,,1959.6204426033462,-0.05581650544387262,0.07015136516972469
,,,1959.933781337373,-0.02967272654109998,0.0701202217661365
,,,1960.2471200713996,-0.05581650544387262,0.07005029470752791
,,,1960.5604588054266,-0.09503220626243525,0.07000635865583124
,,,1960.8737975394533,-0.0645311200543992,0.06983437721680621
,,,1961.18713627348,-0.07542435585315399,0.06970477549076963
,,,1961.5004750075068,-0.1146400566717165,0.06963443124129004
,,,1961.8138137415335,-0.05581650544387262,0.0695735039259176
,,,1962.1271524755603,-0.042744648456889744,0.07077278764069345
,,,1962.440491209587,-0.11681867785994471,0.0705105795247346
,,,1962.7538299436137,-0.05363788425564453,0.0664272632836872
,,,1963.0671686776407,-0.06017381274913591,0.06629100083962916
,,,1963.3805074116674,-0.08631759165190867,0.06636488909235337
,,,1963.6938461456941,-0.05581650544387262,0.06638368271018426
,,,1964.0071848797209,-0.06670974124262741,0.06632051868705637
,,,1964.3205236137476,-0.0645311200543992,0.0666444752077679
,,,1964.6338623477743,-0.11028274936645321,0.06668256422872415
,,,1964.947201081801,-0.042744648456889744,0.0669942047027919
,,,1965.2605398158278,-0.04928057695038124,0.06682942117295908
,,,1965.5738785498547,-0.047101955762153036,0.06670746871310862
,,,1965.8872172838815,-0.0710670485478907,0.06643520142135104
,,,1966.2005560179082,-0.05581650544387262,0.06638686840153511
,,,1966.513894751935,-0.04928057695038124,0.0635917149859219
,,,1966.8272334859616,-0.036208655034591364,0.06366873586597564
,,,1967.1405722199884,-0.07542435585315399,0.06357410650058996
,,,1967.453910954015,-0.07542435585315399,0.06399538287437512
,,,1967.7672496880418,-0.0645311200543992,0.06399538287437512
,,,1968.0805884220688,-0.07324573466492579,0.06378973603460499
,,,1968.3939271560955,-0.11028274936645321,0.06390479175914152
,,,1968.7072658901222,-0.07542435585315399,0.06392847153981683
,,,1969.020604624149,-0.07324573466492579,0.06377713444447776
,,,1969.3339433581757,-0.010064876131818612,0.06396895406931644
,,,1969.6472820922024,-0.05581650544387262,0.06417789673782295
,,,1969.9606208262292,-0.05581650544387262,0.06436499390725024
,,,1970.273959560256,-0.02531541923583669,0.06433104931552462
,,,1970.5872982942828,-0.0645311200543992,0.06438712718769204
,,,1970.9006370283096,-0.03403003384636316,0.06423800329731884
,,,1971.2139757623363,-0.12335467128224309,0.0649264134124577
,,,1971.527314496363,-0.05799519156090782,0.0649264134124577
,,,1971.8406532303898,-0.05363788425564453,0.06484396382483075
,,,1972.1539919644165,-0.06017381274913591,0.06490856473349402
,,,1972.4673306984432,-0.0645311200543992,0.06521992086844121
,,,1972.7806694324702,-0.0645311200543992,0.06523700386260332
,,,1973.094008166497,-0.05581650544387262,0.06516183669179892
,,,1973.4073469005236,-0.0710670485478907,0.06518505982728406
,,,1973.7206856345504,-0.04928057695038124,0.06508036640574706
,,,1974.034024368577,-0.0645311200543992,0.06521915827842978
,,,1974.3473631026038,-0.0645311200543992,0.06535841529377642
,,,1974.6607018366306,-0.09067489895717196,0.06543335664349183
,,,1974.9740405706573,-0.0645311200543992,0.06535841529377642
,,,1975.2873793046842,-0.02967272654109998,0.06528882369554787
,,,1975.600718038711,-0.05581650544387262,0.06508609198889374
,,,1975.9140567727377,-0.04928057695038124,0.06508609198889374
,,,1976.2273955067644,0.04222268167372678,0.06490818251216654
,,,1976.5407342407912,-0.05145919813860933,0.06474707868579889
,,,1976.8540729748179,-0.05581650544387262,0.06490818251216655
,,,1977.1674117088446,-0.047101955762153036,0.0647781480131859
,,,1977.4807504428713,-0.05581650544387262,0.06434999707897147
,,,1977.7940891768983,-0.05581650544387262,0.06427379257631363
,,,1978.107427910925,-0.05581650544387262,0.06422736890293637
,,,1978.4207666449518,-0.036208655034591364,0.06368277594678888
,,,1978.7341053789785,-0.14296252169152435,0.06375968682647024
,,,1979.0474441130052,-0.05581650544387262,0.06393074601123648
,,,1979.360782847032,-0.06017381274913591,0.06325497997711868
,,,1979.6741215810587,-0.05581650544387262,0.06337108951847334
,,,1979.9874603150854,-0.0645311200543992,0.06331621416630386
,,,1980.3007990491124,-0.062352498866171,0.06299544962955425
,,,1980.614137783139,-0.047101955762153036,0.06340258257825163
,,,1980.9274765171658,-0.07324573466492579,0.06328653081611711
,,,1981.2408152511925,-0.0645311200543992,0.06298581871462212
,,,1981.5541539852193,-0.09285358507420705,0.062228674219461245
,,,1981.867492719246,-0.027494105352871778,0.062243014843680076
,,,1982.1808314532727,-0.016600869554116993,0.062373185749037774
,,,1982.4941701872997,0.003006980855164265,0.062213590806657185
,,,1982.8075089213264,-0.04928057695038124,0.06208674374502804
,,,1983.1208476553531,-0.06017381274913591,0.062086743745028046
,,,1983.4341863893799,-0.0645311200543992,0.0621384216133104
,,,1983.7475251234066,-0.042744648456889744,0.06220663153042286
,,,1984.0608638574333,-0.07978166315841717,0.06220663153042286
,,,1984.37420259146,-0.06670974124262741,0.062092001959131206
,,,1984.6875413254868,-0.05363788425564453,0.062051095162725535
,,,1985.0008800595137,-0.07760304197018908,0.061960609870001314
,,,1985.3142187935405,-0.07542435585315399,0.06125633864543157
,,,1985.6275575275672,-0.06017381274913591,0.06133475866161501
,,,1985.940896261594,-0.0710670485478907,0.061025125773834246
,,,1986.2542349956207,-0.06017381274913591,0.06125549679318369
,,,1986.5675737296474,-0.07542435585315399,0.06133545140699942
,,,1986.8809124636741,-0.05145919813860933,0.061317281449986015
,,,1987.1942511977009,-0.062352498866171,0.06154396504363633
,,,1987.5075899317278,-0.036208655034591364,0.06154396504363633
,,,1987.8209286657545,-0.11028274936645321,0.06145602665734839
,,,1988.1342673997813,-0.05581650544387262,0.0604441465334556
,,,1988.447606133808,-0.047101955762153036,0.0604249738710301
,,,1988.7609448678347,-0.05581650544387262,0.060390283742217304
,,,1989.0742836018615,-0.08631759165190867,0.06025132401467193
,,,1989.3876223358882,-0.05581650544387262,0.06032002029708642
,,,1989.700961069915,-0.05581650544387262,0.0663373200398758
,,,1990.0142998039419,-0.07542435585315399,0.06654176069549601
,,,1990.3276385379686,-0.04928057695038124,0.06644128849546485
,,,1990.6409772719953,-0.0710670485478907,0.06648958195589992
,,,1990.954316006022,-0.0645311200543992,0.06635269900692405
,,,1991.2676547400488,-0.0645311200543992,0.06629627694241957
,,,1991.5809934740755,-0.05581650544387262,0.06591846374758857
,,,1991.8943322081022,-0.05145919813860933,0.06582714908028382
,,,1992.207670942129,-0.023136798047608487,0.06616760178301233
,,,1992.521009676156,-0.05581650544387262,0.06616760178301233
,,,1992.8343484101827,-0.02531541923583669,0.06615277081273176
,,,1993.1476871442094,-0.02967272654109998,0.06614308157295555
,,,1993.4610258782361,-0.05581650544387262,0.06631259525649055
,,,1993.7743646122628,-0.036208655034591364,0.0666441000671017
,,,1994.0877033462896,-0.05581650544387262,0.06655961969018794
,,,1994.4010420803163,-0.05581650544387262,0.06654287624095359
,,,1994.7143808143433,-0.0710670485478907,0.0663342950606291
,,,1995.02771954837,-0.07542435585315399,0.06625694524716878
,,,1995.3410582823967,-0.0645311200543992,0.06645786787447724
,,,1995.6543970164234,-0.0645311200543992,0.06516418296121707
,,,1995.9677357504502,-0.06670974124262741,0.0650717283586348
,,,1996.281074484477,-0.06670974124262741,0.0651524466559456
,,,1996.5944132185036,-0.05363788425564453,0.06498299297361583
,,,1996.9077519525304,-0.05581650544387262,0.06498299297361583
,,,1997.2210906865573,-0.09285358507420705,0.0652386958536495
,,,1997.534429420584,-0.05363788425564453,0.06544122617258781
,,,1997.8477681546108,-0.010064876131818612,0.06537587502733035
,,,1998.1611068886375,-0.04492326964511795,0.06539630894505863
,,,1998.4744456226642,-0.04492326964511795,0.06493715645783253
,,,1998.787784356691,-0.0645311200543992,0.06531502204439345
,,,1999.1011230907177,0.009542974277462646,0.06559264346317288
,,,1999.4144618247444,-0.05799519156090782,0.06673454940039032
,,,1999.7278005587714,-0.05581650544387262,0.06685597570394533
,,,2000.041139292798,-0.05581650544387262,0.06675789047415134
,,,2000.3544780268248,-0.047101955762153036,0.0669363715438968
,,,2000.6678167608516,-0.07542435585315399,0.06722859980149343
,,,2000.9811554948783,-0.0645311200543992,0.06683758159902335
,,,2001.294494228905,-0.06017381274913591,0.06657072329998377
,,,2001.6078329629318,-0.0645311200543992,0.06653923732530939
,,,2001.9211716969585,-0.05363788425564453,0.06684010457277126
,,,2002.2345104309854,-0.08196028434664537,0.06667733461343882
,,,2002.5478491650122,-0.036208655034591364,0.06679944972065814
,,,2002.861187899039,-0.05581650544387262,0.06673742338345706
,,,2003.1745266330656,-0.0645311200543992,0.06733282869950147
,,,2003.4878653670924,-0.05363788425564453,0.06731034658236784
,,,2003.801204101119,-0.06017381274913591,0.0673427894557567
,,,2004.1145428351458,-0.0645311200543992,0.06728917483692905
,,,2004.4278815691725,0.0008283596669360627,0.06722860373462017
,,,2004.7412203031995,-0.04492326964511795,0.06667036309854711
,,,2005.0545590372262,-0.05581650544387262,0.06818913940240104
,,,2005.367897771253,-0.04928057695038124,0.06813806613754249
,,,2005.6812365052797,-0.042744648456889744,0.06802537210660389
,,,2005.9945752393064,-0.0710670485478907,0.06824515508798266
,,,2006.3079139733331,0.2927673647603133,0.07247384177284469
,,,2006.6212527073599,-0.07760304197018908,0.07259850037263794
,,,2006.9345914413868,-0.06017381274913591,0.07224110026943077
,,,2007.2479301754136,-0.05581650544387262,0.07274951286242123
,,,2007.5612689094403,-0.047101955762153036,0.07265762535481411
,,,2007.874607643467,-0.05799519156090782,0.07250715758362661
,,,2008.1879463774937,-0.05363788425564453,0.07250715758362661
,,,2008.5012851115205,-0.05363788425564453,0.07250715758362661
,,,2008.8146238455472,-0.07542435585315399,0.07249301168918297
,,,2009.127962579574,-0.05581650544387262,0.07248123762584394
,,,2009.441301313601,-0.047101955762153036,0.07251381401702417
,,,2009.7546400476276,-0.040565962339854655,0.07252122797638465
,,,2010.0679787816543,-0.0710670485478907,0.0726073986219326
,,,2010.381317515681,-0.08849627776894375,0.07277282697294311
,,,2010.6946562497078,-0.03185141265813507,0.07314228385940098
,,,2011.0079949837345,-0.05363788425564453,0.07314228385940097
,,,2011.3213337177613,-0.012243562248853812,0.07308496122269591
,,,2011.634672451788,-0.04492326964511795,0.07439513124294997
,,,2011.948011185815,-0.0645311200543992,0.07423331827195963
,,,2012.2613499198417,-0.047101955762153036,0.0743088606903455
,,,2012.5746886538684,-0.042744648456889744,0.07408696141577482
,,,2012.8880273878951,-0.0688884273596625,0.08611111682248827
,,,2013.2013661219219,-0.027494105352871778,0.08603865724456149
,,,2013.5147048559486,-0.0645311200543992,0.08866394461297834
,,,2013.8280435899753,-0.08631759165190867,0.0887994655689041
,,,2014.141382324002,-0.0710670485478907,0.0887994655689041
,,,2014.454721058029,-0.06670974124262741,0.0888671783738362
,,,2014.7680597920557,-0.06670974124262741,0.08908056474739773
,,,2015.0813985260825,-0.047101955762153036,0.08913811150916087
,,,2015.3947372601092,-0.07760304197018908,0.08936570493729853
,,,2015.708075994136,-0.0645311200543992,0.08929837015386152
,,,2016.0214147281627,0.12719001180434342,0.08942060596459486
,,,2016.3347534621894,-0.0645311200543992,0.08940764725811856
,,,2016.648092196216,-0.047101955762153036,0.08940764725811856
,,,2016.961430930243,-0.08196028434664537,0.08950872529129626
,,,2017.2747696642698,-0.07760304197018908,0.08953114262576495
,,,2017.5881083982965,-0.027494105352871778,0.08945153548601621
,,,2017.9014471323233,-0.02531541923583669,0.08986837622445668
,,,2018.21478586635,-0.04928057695038124,0.08989662586337499
,,,2018.5281246003767,-0.10156813475592663,0.09016571661459931
,,,2018.8414633344034,-0.05799519156090782,0.0902042596723089
,,,2019.1548020684304,-0.07324573466492579,0.08992375191900287
,,,2019.4681408024571,-0.0645311200543992,0.09036785119881627
,,,2019.7814795364839,-0.11028274936645321,0.09026657580271698
,,,2020.0948182705106,-0.07324573466492579,0.0904173580721521
,,,2020.4081570045373,-0.05581650544387262,0.0904695831596395
,,,2020.721495738564,-0.05581650544387262,0.09044347440007716
,,,2021.0348344725908,-0.020958111930573398,0.09038927120868254
,,,2021.3481732066175,-0.0645311200543992,0.09052602973134428
,,,2021.6615119406445,-0.1582130647955423,0.09063674574114605
,,,2021.9748506746712,-0.03838734115162645,0.0906495287433329
,,,2022.288189408698,-0.03838734115162645,0.09068493123513453
,,,2022.6015281427246,0.10322485408979876,0.09080528274535983
,,,2022.9148668767514,-0.2584309055657734,0.09068156551791694
,,,2023.228205610778,-0.0710670485478907,0.08632038827199298
,,,2023.5415443448048,-0.012243562248853812,0.08604708074563813
,,,2023.8548830788316,-0.10156813475592663,0.08598230630537955
,,,2024.1682218128585,-0.06017381274913591,0.0858841853927579
,,,2024.4815605468852,-0.042744648456889744,0.08607279153608025
,,,2024.794899280912,-0.0645311200543992,0.08611625730308414
,,,2025.1082380149387,-0.05581650544387262,0.08604006950283333
,,,2025.4215767489654,-0.04928057695038124,0.0861254669357738
,,,2025.7349154829922,-0.018779490742345195,0.08843279118673532
,,,2026.048254217019,-0.06017381274913591,0.08844589272498703
,,,2026.3615929510456,-0.027494105352871778,0.0883569144144799
,,,2026.6749316850726,-0.047101955762153036,0.08832926061350035
,,,2026.9882704190993,-0.07542435585315399,0.09917866901950849
,,,2027.301609153126,-0.08413897046368046,0.09909338267897724
,,,2027.6149478871528,-0.05581650544387262,0.0993619511145203
,,,2027.9282866211795,-0.047101955762153036,0.09938482432952776
,,,2028.2416253552062,-0.16039168598377052,0.09957339351533626
,,,2028.554964089233,-0.05581650544387262,0.09959265491054822
,,,2028.86830282326,-0.07324573466492579,0.09954343373729328
,,,2029.1816415572866,-0.02531541923583669,0.09947474755941978
,,,2029.4949802913134,-0.4588666195706391,0.09958447681920087
,,,2029.80831902534,-0.05581650544387262,0.09966044110866146
,,,2030.1216577593668,-0.22792978689333399,0.09978262791820525
,,,2030.4349964933936,-0.07542435585315399,0.09975717787640076
,,,2030.7483352274203,-0.09285358507420705,0.09953195316528461
,,,2031.061673961447,-0.0645311200543992,0.09933012260341269
,,,2031.375012695474,-0.0645311200543992,0.09940405043469634
,,,2031.6883514295007,-0.05581650544387262,0.09934128720151841
,,,2032.0016901635274,-0.07978166315841717,0.09923690457774983
,,,2032.3150288975542,-0.05363788425564453,0.09911162760560872
,,,2032.6283676315809,-0.04928057695038124,0.09898468673481783
,,,2032.9417063656076,-0.05581650544387262,0.09840281192638085
,,,2033.2550450996343,-0.05581650544387262,0.09827495548905552
,,,2033.568383833661,-0.0710670485478907,0.0982953736092303
,,,2033.881722567688,-0.05145919813860933,0.09813579494250245
,,,2034.1950613017148,-0.0645311200543992,0.0980609109818088
,,,2034.5084000357415,-0.11028274936645321,0.09829569778489168
,,,2034.8217387697682,-0.0645311200543992,0.0983520742381662
,,,2035.135077503795,0.09668892559630737,0.09828486641891956
,,,2035.4484162378217,-0.06017381274913591,0.09796602993210185
,,,2035.7617549718484,-0.036208655034591364,0.09795420173639463
,,,2036.0750937058751,-0.09938951356769854,0.09789690701132074
,,,2036.388432439902,-0.03403003384636316,0.09827793367179459
,,,2036.7017711739288,-0.08413897046368046,0.09825530867818688
,,,2037.0151099079555,-0.062352498866171,0.09806232221949222
,,,2037.3284486419823,-0.05581650544387262,0.09807413737536874
,,,2037.641787376009,-0.05581650544387262,0.0979465406983829
,,,2037.9551261100357,-0.05145919813860933,0.09799397756823244
,,,2038.2684648440625,-0.0645311200543992,0.09794395299211991
,,,2038.5818035780892,-0.05799519156090782,0.09683976767459919
,,,2038.8951423121161,-0.05581650544387262,0.09689642343940585
,,,2039.2084810461429,-0.0645311200543992,0.09695304609669018
,,,2039.5218197801696,-0.05145919813860933,0.09657742131305283
,,,2039.8351585141963,-0.05581650544387262,0.09329312056885085
,,,2040.148497248223,0.031329445874972106,0.09319614707933778
,,,2040.4618359822498,-0.04928057695038124,0.09335713625912595
,,,2040.7751747162765,-0.036208655034591364,0.09302141121364278
,,,2041.0885134503035,-0.07542435585315399,0.0929960188860583
,,,2041.4018521843302,-0.0645311200543992,0.0931133833022932
,,,2041.715190918357,-0.03838734115162645,0.09294217830797971
,,,2042.0285296523837,-0.06670974124262741,0.09308820760448683
,,,2042.3418683864104,0.22087195654548641,0.09311071631055792
,,,2042.6552071204371,-0.05799519156090782,0.09322584212295254
,,,2042.9685458544639,-0.023136798047608487,0.09320050549225663
,,,2043.2818845884906,0.0335080670632002,0.09338554520603323
,,,2043.5952233225175,-0.47193854148642894,0.09349714479407054
,,,2043.9085620565443,-0.07760304197018908,0.093368442600558
,,,2044.221900790571,-0.08196028434664537,0.09310520672180428
,,,2044.5352395245977,-0.05799519156090782,0.09298670651906689
,,,2044.8485782586245,-0.0645311200543992,0.09309878420515699
,,,2045.1619169926512,-0.04928057695038124,0.09195691985764323
,,,2045.475255726678,-0.05581650544387262,0.09183693799478611
,,,2045.7885944607046,-0.027494105352871778,0.09172240856468186
,,,2046.1019331947316,-0.0645311200543992,0.0918483938142657
,,,2046.4152719287583,-0.07978166315841717,0.08083596107685244
,,,2046.728610662785,-0.05799519156090782,0.08098458257105544
,,,2047.0419493968118,-0.06017381274913591,0.07803608959092255
,,,2047.3552881308385,-0.05145919813860933,0.07833937171530594
,,,2047.6686268648652,-0.027494105352871778,0.0784142846123912
,,,2047.981965598892,-0.07760304197018908,0.07835176015478172
,,,2048.295304332919,-0.05581650544387262,0.07828918576298895
,,,2048.6086430669457,0.0008283596669360627,0.08321751845723643
,,,2048.9219818009724,-0.05799519156090782,0.08309384274592621
,,,2049.235320534999,-0.03838734115162645,0.08306861985994204
,,,2049.548659269026,-0.062352498866171,0.08310725177244342
,,,2049.8619980030526,-0.03838734115162645,0.08310725177244342
,,,2050.1753367370793,-0.05145919813860933,0.08313566450501143
,,,2050.488675471106,-0.05799519156090782,0.08308583459031921
,,,2050.8020142051328,-0.06670974124262741,0.0831710656186058
,,,2051.1153529391595,-0.07542435585315399,0.08315553310310356
,,,2051.428691673186,-0.042744648456889744,0.08264558747644202
,,,2051.742030407213,-0.03185141265813507,0.08248410586525794
,,,2052.05536914124,-0.06017381274913591,0.09318848311904548
,,,2052.368707875267,-0.05581650544387262,0.09316313632820178
,,,2052.6820466092936,-0.0645311200543992,0.0932191717179941
,,,2052.9953853433203,-0.11028274936645321,0.09279690455494816
,,,2053.308724077347,-0.10810412817822501,0.09294816313432211
,,,2053.622062811374,-0.036208655034591364,0.09276115979960023
,,,2053.9354015454005,-0.05799519156090782,0.09256513534799177
,,,2054.2487402794272,-0.020958111930573398,0.09253045223200465
,,,2054.562079013454,0.03786537436846349,0.09237434304243142
,,,2054.8754177474807,-0.05581650544387262,0.0923979858393282
,,,2055.1887564815074,-0.04492326964511795,0.0923449298838006
,,,2055.502095215534,-0.05145919813860933,0.09253277439870498
,,,2055.815433949561,-0.05145919813860933,0.09249807914864444
,,,2056.1287726835876,-0.05363788425564453,0.092433026237296
,,,2056.4421114176143,-0.00788625494359052,0.09229909333303978
,,,2056.755450151641,-0.05581650544387262,0.09235217562148623
,,,2057.0687888856683,-0.05799519156090782,0.09249911363719607
,,,2057.382127619695,-0.06017381274913591,0.09258675621988438
,,,2057.6954663537217,-0.05581650544387262,0.0926777811793895
,,,2058.0088050877484,-0.0645311200543992,0.09260087918192655
,,,2058.322143821775,-0.027494105352871778,0.09260087918192655
,,,2058.635482555802,-0.07760304197018908,0.09269619741300682
,,,2058.9488212898286,-0.05363788425564453,0.09262888920235439
,,,2059.2621600238554,-0.05145919813860933,0.09028327645149516
,,,2059.575498757882,-0.05581650544387262,0.09029660037617934
,,,2059.888837491909,-0.06670974124262741,0.09039452469083015
,,,2060.2021762259355,-0.06670974124262741,0.09055161562954031
,,,2060.5155149599623,-0.05581650544387262,0.07838961586359695
,,,2060.828853693989,-0.042744648456889744,0.07815056033806964
,,,2061.1421924280157,-0.027494105352871778,0.07789368897797216
,,,2061.4555311620425,-0.06670974124262741,0.07795885645469004
,,,2061.768869896069,-0.05581650544387262,0.07795885645469004
,,,2062.0822086300964,-0.027494105352871778,0.07800001917599578
,,,2062.395547364123,-0.05581650544387262,0.07811585950686513
,,,2062.70888609815,-0.05581650544387262,0.07828705417541677
,,,2063.0222248321766,-0.08413897046368046,0.07808334784124692
,,,2063.3355635662033,-0.07542435585315399,0.0778743232869291
,,,2063.64890230023,0.04222268167372678,0.07799433179344337
,,,2063.9622410342567,-0.10374682087296183,0.07804400218052188
,,,2064.2755797682835,-0.09938951356769854,0.07813473314037651
,,,2064.58891850231,-0.05581650544387262,0.07833830585534342
,,,2064.902257236337,-0.05581650544387262,0.07812364933980517
,,,2065.2155959703637,0.29712467206557647,0.07812364933980517
,,,2065.5289347043904,-0.0645311200543992,0.07819284498566641
,,,2065.842273438417,-0.04928057695038124,0.07812439755200068
,,,2066.155612172444,-0.05581650544387262,0.07822254342314139
,,,2066.4689509064706,-0.05581650544387262,0.07823905527329889
,,,2066.7822896404978,-0.06017381274913591,0.07822934794414439
,,,2067.0956283745245,-0.0645311200543992,0.07825726429162923
,,,2067.408967108551,-0.0645311200543992,0.07818887325138085
,,,2067.722305842578,-0.062352498866171,0.07809479755699367
,,,2068.0356445766047,-0.05581650544387262,0.0779555307680046
,,,2068.3489833106314,-0.036208655034591364,0.0780327218975753
,,,2068.662322044658,-0.4588666195706391,0.07815843472359182
,,,2068.975660778685,-0.05581650544387262,0.07834335396027481
,,,2069.2889995127116,-0.04928057695038124,0.07851653963419845
,,,2069.6023382467383,-0.03838734115162645,0.07856926752394087
,,,2069.915676980765,-0.0645311200543992,0.07804420302467474
,,,2070.229015714792,-0.05799519156090782,0.07774611398390183
,,,2070.5423544488185,0.0008283596669360627,0.07780064142001744
,,,2070.8556931828452,-0.04928057695038124,0.07786588677008718
,,,2071.169031916872,0.005185666972199354,0.07791818922831985
,,,2071.4823706508987,-0.05581650544387262,0.07794177368700753
,,,2071.795709384926,-0.05581650544387262,0.0781790619731234
,,,2072.1090481189526,-0.08413897046368046,0.07824462689988207
,,,2072.4223868529793,-0.04928057695038124,0.0782725377980403
,,,2072.735725587006,-0.05363788425564453,0.07814056002388786
,,,2073.049064321033,0.0008283596669360627,0.0780777484710426
,,,2073.3624030550595,-0.0645311200543992,0.07811925684831372
,,,2073.6757417890863,-0.062352498866171,0.07809129116546167
,,,2073.989080523113,-0.0645311200543992,0.0780107458324906
,,,2074.3024192571397,-0.05581650544387262,0.07804328774302492
,,,2074.6157579911664,-0.0645311200543992,0.07847324463528625
,,,2074.929096725193,-0.0645311200543992,0.07842554299787803
,,,2075.24243545922,-0.05799519156090782,0.07856600870579368
,,,2075.5557741932466,-0.05581650544387262,0.07854617653689322
,,,2075.8691129272734,-0.05363788425564453,0.07873307011562632
,,,2076.1824516613,-0.06017381274913591,0.07879078804021157
,,,2076.4957903953273,-0.04928057695038124,0.07883273896357676
,,,2076.809129129354,-0.0645311200543992,0.07864644388347031
,,,2077.1224678633807,-0.05363788425564453,0.07851373831566377
,,,2077.4358065974075,-0.04492326964511795,0.07851373831566377
,,,2077.749145331434,-0.04928057695038124,0.07859038117812858
,,,2078.062484065461,-0.06670974124262741,0.07879277666823925
,,,2078.3758227994877,-0.0645311200543992,0.07874357859942267
,,,2078.6891615335144,-0.05581650544387262,0.07866708499252047
,,,2079.002500267541,-0.0710670485478907,0.0788071201774768
,,,2079.315839001568,-0.06017381274913591,0.07886928364444501
,,,2079.6291777355946,-0.027494105352871778,0.078869283644445
,,,2079.9425164696213,-0.05363788425564453,0.07878685339608917
,,,2080.255855203648,-0.07324573466492579,0.07876764059192656
,,,2080.5691939376748,-0.06670974124262741,0.07897986799389906
,,,2080.8825326717015,-0.0645311200543992,0.07847268011219838
,,,2081.195871405728,-0.0645311200543992,0.07806893011886926
,,,2081.5092101397554,-0.04928057695038124,0.07855254845361859
,,,2081.822548873782,-0.05581650544387262,0.07858260802543786
,,,2082.135887607809,-0.03403003384636316,0.07328632465941166
,,,2082.4492263418356,-0.047101955762153036,0.07321942140009058
,,,2082.7625650758623,-0.05581650544387262,0.07320601908757612
,,,2083.075903809889,-0.0645311200543992,0.07320601908757612
,,,2083.3892425439158,-0.036208655034591364,0.07320601908757611
,,,2083.7025812779425,-0.05581650544387262,0.07317375086141917
,,,2084.0159200119692,-0.047101955762153036,0.07313904236951636
,,,2084.329258745996,-0.05363788425564453,0.07323638315618103
,,,2084.6425974800227,-0.05799519156090782,0.07318708613103399
,,,2084.9559362140494,-0.05581650544387262,0.07321934848025419
,,,2085.269274948076,-0.05581650544387262,0.07340121525429981
,,,2085.582613682103,-0.08196028434664537,0.058907052715248064
,,,2085.8959524161296,-0.07760304197018908,0.05869437172723029
,,,2086.209291150157,-0.0710670485478907,0.05857099116029488
,,,2086.5226298841835,-0.05799519156090782,0.05890633092640576
,,,2086.8359686182102,-0.08196028434664537,0.05919653617732468
,,,2087.149307352237,-0.047101955762153036,0.059176959304700065
,,,2087.4626460862637,-0.06670974124262741,0.0594036544464556
,,,2087.7759848202904,-0.036208655034591364,0.05943892040105589
,,,2088.089323554317,-0.042744648456889744,0.0629450462445093
,,,2088.402662288344,-0.08413897046368046,0.06302285743001552
,,,2088.7160010223706,-0.05581650544387262,0.06302285743001552
,,,2089.0293397563973,-0.05581650544387262,0.06272826247492667
,,,2089.342678490424,-0.020958111930573398,0.06281702014882234
,,,2089.656017224451,-0.042744648456889744,0.06276802118925622
,,,2089.9693559584775,-0.027494105352871778,0.06294851099279108
,,,2090.2826946925043,-0.05145919813860933,0.06290816115426047
,,,2090.596033426531,-0.04492326964511795,0.06288832891629696
,,,2090.9093721605577,-0.0645311200543992,0.06267596433202444
,,,2091.222710894585,-0.10156813475592663,0.06265818310536632
,,,2091.5360496286116,-0.05799519156090782,0.06257991848944007
,,,2091.8493883626384,-0.05581650544387262,0.0625393308386477
,,,2092.162727096665,-0.07542435585315399,0.06252080068987159
,,,2092.476065830692,-0.07760304197018908,0.06259913921791015
,,,2092.7894045647186,-0.06017381274913591,0.06265464261511992
,,,2093.1027432987453,0.06183053208300804,0.06256565458759415
,,,2093.416082032772,-0.036208655034591364,0.06256565458759415
,,,2093.7294207667987,-0.047101955762153036,0.0624872740808358
,,,2094.0427595008255,-0.05581650544387262,0.062337789969242496
,,,2094.356098234852,-0.05581650544387262,0.06241999652317893
,,,2094.669436968879,-0.0645311200543992,0.0625091919097338
,,,2094.9827757029057,-0.06017381274913591,0.06240933562568055
,,,2095.2961144369324,-0.042744648456889744,0.06280385376105835
,,,2095.609453170959,-0.05581650544387262,0.06263733781501823
,,,2095.922791904986,-0.0645311200543992,0.06235774111124958
,,,2096.236130639013,-0.05581650544387262,0.06216212053395921
,,,2096.5494693730398,-0.07542435585315399,0.06233924252607908
,,,2096.8628081070665,-0.07324573466492579,0.06235711469919768
,,,2097.176146841093,-0.07324573466492579,0.06218831728111905
,,,2097.48948557512,-0.047101955762153036,0.062166828921931434
,,,2097.8028243091467,-0.05581650544387262,0.06214604691962
,,,2098.1161630431734,-0.10592544206118992,0.062125257965360045
,,,2098.4295017772,-0.06017381274913591,0.06217690382284465
,,,2098.742840511227,-0.047101955762153036,0.06210946174093807
,,,2099.0561792452536,-0.05581650544387262,0.062256558376550176
,,,2099.3695179792803,-0.047101955762153036,0.06321513028499032
,,,2099.682856713307,-0.05581650544387262,0.06321513028499032
,,,2099.996195447334,-0.05581650544387262,0.06330382241523347
,,,2100.3095341813605,-0.05581650544387262,0.06335599199515102
,,,2100.6228729153872,-0.06017381274913591,0.06349855302863383
,,,2100.9362116494144,-0.07542435585315399,0.06364157508969351
,,,2101.249550383441,-0.05581650544387262,0.06362476043284394
,,,2101.562889117468,-0.06017381274913591,0.06360654649714605
,,,2101.8762278514946,-0.0645311200543992,0.063556062382442
,,,2102.1895665855213,-0.07324573466492579,0.06346126500581156
,,,2102.502905319548,-0.020958111930573398,0.06333840118248935
,,,2102.816244053575,-0.02967272654109998,0.06328988959796016
,,,2103.1295827876015,-0.07542435585315399,0.06333700041264266
,,,2103.4429215216283,-0.08849627776894375,0.06346134850023671
,,,2103.756260255655,-0.05581650544387262,0.06375856836331975
,,,2104.0695989896817,-0.05363788425564453,0.06364283115663796
,,,2104.3829377237084,-0.05363788425564453,0.06356298797654514
,,,2104.696276457735,0.21433596312318814,0.0635221631249605
,,,2105.009615191762,-0.0645311200543992,0.06359935158956828
,,,2105.3229539257886,-0.05581650544387262,0.06313303372756547
,,,2105.6362926598154,-0.05581650544387262,0.06315138423256535
,,,2105.9496313938425,-0.06017381274913591,0.06325006901544211
,,,2106.2629701278693,-0.047101955762153036,0.06341304505349839
,,,2106.576308861896,-0.04928057695038124,0.06354509113929689
,,,2106.8896475959227,-0.06017381274913591,0.0637183689162582
,,,2107.2029863299495,-0.06017381274913591,0.06365813508554317
,,,2107.516325063976,-0.036208655034591364,0.06359497029742048
,,,2107.829663798003,-0.05363788425564453,0.06353609932984812
,,,2108.1430025320296,-0.05581650544387262,0.06327087926548743
,,,2108.4563412660564,-0.06017381274913591,0.06330959659982263
,,,2108.769680000083,-0.05581650544387262,0.06349925222096689
,,,2109.08301873411,-0.0645311200543992,0.06907243677888288
,,,2109.3963574681366,-0.06017381274913591,0.06882888888000649
,,,2109.7096962021633,-0.04928057695038124,0.0688114082967203
,,,2110.02303493619,-0.04928057695038124,0.06868872943628947
,,,2110.3363736702167,-0.05581650544387262,0.06876471156671524
,,,2110.649712404244,-0.02967272654109998,0.06887805114510236
,,,2110.9630511382707,-0.05581650544387262,0.06872625386895204
,,,2111.2763898722974,-0.06017381274913591,0.06881694464903781
,,,2111.589728606324,-0.05581650544387262,0.06881694464903781
,,,2111.903067340351,-0.09721082745066334,0.06897981111666635
,,,2112.2164060743776,-0.02967272654109998,0.0690670344745884
,,,2112.5297448084043,-0.036208655034591364,0.06906703447458838
,,,2112.843083542431,-0.03185141265813507,0.06899604002544879
,,,2113.1564222764578,-0.05581650544387262,0.06921577802069233
,,,2113.4697610104845,-0.05581650544387262,0.06904182729346074
,,,2113.783099744511,-0.05581650544387262,0.0689236852191597
,,,2114.096438478538,-0.0645311200543992,0.06882346749681839
,,,2114.4097772125647,-0.062352498866171,0.06888433645998082
,,,2114.7231159465914,-0.062352498866171,0.06891861305230511
,,,2115.036454680618,-0.05581650544387262,0.06820541237287056
,,,2115.349793414645,-0.047101955762153036,0.06817077718078186
,,,2115.663132148672,-0.05581650544387262,0.06817077718078186
,,,2115.976470882699,0.12283270449908013,0.0684419499061254
,,,2116.2898096167255,-0.05581650544387262,0.06847126480177582
,,,2116.6031483507522,-0.07324573466492579,0.06847126480177582
,,,2116.916487084779,-0.04492326964511795,0.06839633174264995
,,,2117.2298258188057,-0.0710670485478907,0.06838003802987416
,,,2117.5431645528324,-0.0645311200543992,0.06816885241169246
,,,2117.856503286859,-0.05145919813860933,0.06814664610594698
,,,2118.169842020886,-0.05581650544387262,0.06811458610932962
,,,2118.4831807549126,-0.04928057695038124,0.06817145535554343
,,,2118.7965194889393,-0.042744648456889744,0.06837098257954885
,,,2119.109858222966,-0.0710670485478907,0.06816999794490583
,,,2119.423196956993,-0.07324573466492579,0.06842486330912059
,,,2119.7365356910195,-0.07542435585315399,0.06861175768832223
,,,2120.0498744250463,-0.0710670485478907,0.0684532005455883
,,,2120.3632131590734,-0.10374682087296183,0.06816515456120756
,,,2120.6765518931,-0.02531541923583669,0.06816515456120756
,,,2120.989890627127,-0.05799519156090782,0.0681200026423273
,,,2121.3032293611536,-0.027494105352871778,0.06815336189592888
,,,2121.6165680951804,-0.05363788425564453,0.06493794584021985
,,,2121.929906829207,-0.027494105352871778,0.0646762812142772
,,,2122.243245563234,-0.05799519156090782,0.06469419397868288
,,,2122.5565842972605,-0.06670974124262741,0.06469419397868288
,,,2122.8699230312873,-0.05145919813860933,0.06462388710365567
,,,2123.183261765314,-0.06017381274913591,0.0645699938741678
,,,2123.4966004993407,-0.05581650544387262,0.06461968585998239
,,,2123.8099392333675,-0.042744648456889744,0.06458312771243967
,,,2124.123277967394,-0.03403003384636316,0.06442757300160844
,,,2124.436616701421,-0.05799519156090782,0.06440606049273975
,,,2124.7499554354476,-0.08196028434664537,0.06446000805615491
,,,2125.0632941694744,-0.062352498866171,0.06426413577597066
,,,2125.3766329035016,-0.07542435585315399,0.0642273752500511
,,,2125.6899716375283,-0.2911106454264411,0.06413357016483535
,,,2126.003310371555,-0.04928057695038124,0.0639916477278167
,,,2126.3166491055817,-0.05799519156090782,0.06411887795923472
,,,2126.6299878396085,-0.04492326964511795,0.06410357299899713
,,,2126.943326573635,-0.04928057695038124,0.06411956977652453
,,,2127.256665307662,-0.062352498866171,0.06403954497513484
,,,2127.5700040416887,-0.02967272654109998,0.06418506589874642
,,,2127.8833427757154,-0.06670974124262741,0.06424127120375181
,,,2128.196681509742,-0.0645311200543992,0.06397739652740732
,,,2128.510020243769,-0.07760304197018908,0.06456664994467586
,,,2128.8233589777956,-0.05581650544387262,0.0641246370905854
,,,2129.1366977118223,-0.05581650544387262,0.06419358325614762
,,,2129.450036445849,-0.05581650544387262,0.06446521808943984
,,,2129.7633751798758,-0.07978166315841717,0.06465387065395384
,,,2130.0767139139025,-0.05581650544387262,0.0647296277021492
,,,2130.3900526479297,-0.06017381274913591,0.06462342810204857
,,,2130.7033913819564,-0.062352498866171,0.06480923908402518
,,,2131.016730115983,-0.05581650544387262,0.06501908492320124
,,,2131.33006885001,-0.06017381274913591,0.0656110716201009
,,,2131.6434075840366,-0.027494105352871778,0.06555604074141787
,,,2131.9567463180633,-0.05581650544387262,0.06563075643028266
,,,2132.27008505209,-0.047101955762153036,0.06571221883105527
,,,2132.583423786117,-0.08413897046368046,0.06574814916955465
,,,2132.8967625201435,-0.05145919813860933,0.06489166059219577
,,,2133.2101012541702,-0.05581650544387262,0.06466697279512448
,,,2133.523439988197,-0.04492326964511795,0.0646008384086669
,,,2133.8367787222237,-0.05363788425564453,0.06468016875988321
,,,2134.1501174562504,-0.023136798047608487,0.06454021781622982
,,,2134.463456190277,-0.07324573466492579,0.06450086371024233
,,,2134.776794924304,-0.05145919813860933,0.06448496152032979
,,,2135.090133658331,-0.06670974124262741,0.06446767924623024
,,,2135.403472392358,-0.08413897046368046,0.06451745003584354
,,,2135.7168111263845,-0.04928057695038124,0.06454579875797
,,,2136.0301498604113,-0.0645311200543992,0.06440555583382365
,,,2136.343488594438,-0.06017381274913591,0.0641483574652461
,,,2136.6568273284647,-0.05799519156090782,0.06396062659558066
,,,2136.9701660624914,-0.06017381274913591,0.06381909776437393
,,,2137.283504796518,-0.05581650544387262,0.06349623401571987
,,,2137.596843530545,-0.047101955762153036,0.06377087601667562
,,,2137.9101822645716,-0.05799519156090782,0.06378973789421422
,,,2138.2235209985984,-0.012243562248853812,0.063896795372015
,,,2138.536859732625,-0.023136798047608487,0.06388004789488534
,,,2138.850198466652,-0.05799519156090782,0.0638697175853048
,,,2139.1635372006785,-0.05581650544387262,0.06380128329313343
,,,2139.4768759347053,-0.05145919813860933,0.06374051510148859
,,,2139.790214668732,-0.03838734115162645,0.06381179526990688
,,,2140.103553402759,-0.05581650544387262,0.06406455685921635
,,,2140.416892136786,-0.05581650544387262,0.06408264061671418
,,,2140.7302308708126,-0.03838734115162645,0.06398837387772525
,,,2141.0435696048394,-0.03185141265813507,0.0639590015964326
,,,2141.356908338866,-0.06017381274913591,0.06415296087284697
,,,2141.670247072893,0.02043621007621732,0.06392700679251369
,,,2141.9835858069196,-0.05581650544387262,0.06392700679251369
,,,2142.2969245409463,-0.042744648456889744,0.06357455644967337
,,,2142.610263274973,-0.047101955762153036,0.057470668499869565
,,,2142.9236020089998,-0.07324573466492579,0.057611623319216515
,,,2143.2369407430265,-0.047101955762153036,0.05763250102289181
,,,2143.550279477053,-0.05145919813860933,0.057721409215800545
,,,2143.86361821108,-0.04492326964511795,0.057739174214278016
,,,2144.1769569451067,-0.05363788425564453,0.057676633028455965
,,,2144.4902956791334,-0.062352498866171,0.05785742783936103
,,,2144.8036344131606,0.0008283596669360627,0.057676909807751975
,,,2145.1169731471873,-0.10592544206118992,0.05753611493069518
,,,2145.430311881214,-0.05799519156090782,0.05729955178650542
,,,2145.7436506152408,-0.042744648456889744,0.057280101606498816
,,,2146.0569893492675,-0.0710670485478907,0.057343075270675864
,,,2146.370328083294,-0.06017381274913591,0.057343075270675864
,,,2146.683666817321,-0.0645311200543992,0.05716344641116929
,,,2146.9970055513477,-0.040565962339854655,0.057713631662624956
,,,2147.3103442853744,-0.07542435585315399,0.05761701287323812
,,,2147.623683019401,-0.08413897046368046,0.05755433894145009
,,,2147.937021753428,-0.11028274936645321,0.05753497489443903
,,,2148.2503604874546,-0.05581650544387262,0.0573228984689764
,,,2148.5636992214813,-0.0645311200543992,0.05824531032337738
,,,2148.877037955508,-0.05799519156090782,0.05824531032337738
,,,2149.190376689535,-0.06017381274913591,0.05826215421849775
,,,2149.5037154235615,-0.05581650544387262,0.05823312266643191
,,,2149.8170541575887,0.0008283596669360627,0.05827061961338325
,,,2150.1303928916154,-0.06670974124262741,0.058101892210408845
,,,2150.443731625642,-0.05581650544387262,0.05796779367736773
,,,2150.757070359669,-0.05581650544387262,0.05798701319007094
,,,2151.0704090936956,-0.06017381274913591,0.05800478872969922
,,,2151.3837478277223,-0.04928057695038124,0.05790798114375881
,,,2151.697086561749,-0.05363788425564453,0.05787331581604427
,,,2152.010425295776,-0.05581650544387262,0.05776544627694407
,,,2152.3237640298025,-0.047101955762153036,0.06213879897071464
,,,2152.6371027638293,-0.05581650544387262,0.06219043358311332
,,,2152.950441497856,-0.042744648456889744,0.062111579575269055
,,,2153.2637802318827,-0.05581650544387262,0.06521773648598457
,,,2153.5771189659094,-0.05581650544387262,0.06525529871941212
,,,2153.890457699936,-0.07978166315841717,0.06583033942204346
,,,2154.203796433963,0.06618783938827133,0.06583033942204344
,,,2154.51713516799,-0.06017381274913591,0.06583033942204346
,,,2154.830473902017,-0.047101955762153036,0.06576394539446005
,,,2155.1438126360435,-0.05145919813860933,0.06597432978874275
,,,2155.4571513700703,0.024793517381480612,0.06621135989269342
,,,2155.770490104097,-0.04928057695038124,0.06619385769085065
,,,2156.0838288381237,-0.06017381274913591,0.06628801321480132
,,,2156.3971675721505,-0.06017381274913591,0.0663753528959142
,,,2156.710506306177,-0.08413897046368046,0.06633358365180977
,,,2157.023845040204,-0.05799519156090782,0.06683890844366434
,,,2157.3371837742307,-0.023136798047608487,0.06662137441672328
,,,2157.6505225082574,-0.027494105352871778,0.0667718185420836
,,,2157.963861242284,-0.07760304197018908,0.06701182644193235
,,,2158.277199976311,-0.06017381274913591,0.06699387173768456
,,,2158.5905387103376,-0.062352498866171,0.06709211155232392
,,,2158.9038774443643,-0.02967272654109998,0.0669663179183011
,,,2159.217216178391,-0.07542435585315399,0.06699363039656656
,,,2159.530554912418,-0.0645311200543992,0.06723524861222487
,,,2159.843893646445,-0.06017381274913591,0.06721339318645134
,,,2160.1572323804717,-0.05581650544387262,0.0674317825823587
,,,2160.4705711144984,-0.05145919813860933,0.06744764815762522
,,,2160.783909848525,-0.05581650544387262,0.06737808188128724
,,,2161.097248582552,-0.05581650544387262,0.06742965170017233
,,,2161.4105873165786,-0.047101955762153036,0.06719691913057153
,,,2161.7239260506053,-0.04928057695038124,0.06744819938359697
,,,2162.037264784632,-0.05581650544387262,0.06688433734018936
,,,2162.3506035186588,-0.05363788425564453,0.06688433734018936
,,,2162.6639422526855,-0.062352498866171,0.06695765001831887
,,,2162.9772809867122,-0.05581650544387262,0.06682246913228435
,,,2163.290619720739,-0.0645311200543992,0.06686045675385585
,,,2163.6039584547657,-0.09938951356769854,0.06662182101959346
,,,2163.9172971887924,-0.04928057695038124,0.06735542914346303
,,,2164.230635922819,-0.05581650544387262,0.06767569124847764
,,,2164.5439746568463,-0.05363788425564453,0.06749390669095687
,,,2164.857313390873,-0.03185141265813507,0.06680191429013277
,,,2165.1706521249,-0.11028274936645321,0.06691584746548192
,,,2165.4839908589265,-0.05581650544387262,0.06695643224739795
,,,2165.7973295929532,-0.04928057695038124,0.06693912485577631
,,,2166.11066832698,-0.08196028434664537,0.06673882746564298
,,,2166.4240070610067,-0.05581650544387262,0.0665226193595855
,,,2166.7373457950334,-0.03185141265813507,0.06657565021042477
,,,2167.05068452906,-0.018779490742345195,0.06646513902857766
,,,2167.364023263087,-0.05581650544387262,0.06646513902857766
,,,2167.6773619971136,-0.027494105352871778,0.06648256981293173
,,,2167.9907007311404,-0.0645311200543992,0.06644703660367274
,,,2168.304039465167,-0.047101955762153036,0.06653083330805411
,,,2168.617378199194,-0.05581650544387262,0.06654757978730459
,,,2168.9307169332205,0.25137304275352257,0.06675137647967583
,,,2169.2440556672477,-0.05581650544387262,0.06686812869091832
,,,2169.5573944012745,-0.05581650544387262,0.06685146251011735
,,,2169.870733135301,0.21433596312318814,0.06694145912037354
,,,2170.184071869328,-0.062352498866171,0.06695876590863832
,,,2170.4974106033546,-0.10810412817822501,0.0669587659086383
,,,2170.8107493373814,-0.05581650544387262,0.06688892951410694
,,,2171.124088071408,-0.047101955762153036,0.06671028632616571
,,,2171.437426805435,-0.04928057695038124,0.06667487447455372
,,,2171.7507655394616,-0.05581650544387262,0.06673770311783078
,,,2172.0641042734883,-0.062352498866171,0.06668019678033803
,,,2172.377443007515,-0.05581650544387262,0.06692848406066237
,,,2172.6907817415417,-0.06670974124262741,0.06704955915076347
,,,2173.0041204755685,-0.062352498866171,0.06701432657865192
,,,2173.317459209595,-0.02967272654109998,0.0670329381178855
,,,2173.630797943622,-0.10156813475592663,0.06672331386068589
,,,2173.9441366776487,0.003006980855164265,0.06698304916342034
,,,2174.257475411676,-0.06017381274913591,0.0669703063994426
,,,2174.5708141457026,-0.06670974124262741,0.06720770477112503
,,,2174.8841528797293,-0.05799519156090782,0.06700529601620273
,,,2175.197491613756,-0.042744648456889744,0.06689342546912334
,,,2175.5108303477828,-0.036208655034591364,0.06674931625209783
,,,2175.8241690818095,-0.047101955762153036,0.0669788092662964
,,,2176.137507815836,-0.07542435585315399,0.0669342617407692
,,,2176.450846549863,-0.0710670485478907,0.06686100270607039
,,,2176.7641852838897,-0.07324573466492579,0.06698278297212949
,,,2177.0775240179164,-0.05363788425564453,0.06693484535694885
,,,2177.390862751943,-0.03185141265813507,0.06704061283672164
,,,2177.70420148597,-0.06017381274913591,0.06704061283672164
,,,2178.0175402199966,-0.023136798047608487,0.06709442607974805
,,,2178.3308789540233,-0.06017381274913591,0.06717411350408863
,,,2178.64421768805,-0.05581650544387262,0.06722188049134689
,,,2178.9575564220772,-0.05799519156090782,0.06727554873979472
,,,2179.270895156104,-0.05363788425564453,0.06729210988759442
,,,2179.5842338901307,-0.05581650544387262,0.06716214636216024
,,,2179.8975726241574,-0.0645311200543992,0.06751650007718477
,,,2180.210911358184,-0.027494105352871778,0.06726486693983295
,,,2180.524250092211,-0.11028274936645321,0.0667306265450931
,,,2180.8375888262376,-0.10156813475592663,0.06683273488554091
,,,2181.1509275602643,-0.06670974124262741,0.06690602487221645
,,,2181.464266294291,-0.047101955762153036,0.06714920064231338
,,,2181.777605028318,-0.0688884273596625,0.06749678707155654
,,,2182.0909437623445,-0.0688884273596625,0.06686753104944072
,,,2182.4042824963713,-0.05581650544387262,0.06746383995616595
,,,2182.717621230398,-0.027494105352871778,0.06752856266948896
,,,2183.0309599644247,-0.00570756882655532,0.06726228196024167
,,,2183.3442986984514,-0.027494105352871778,0.06713680717374448
,,,2183.657637432478,-0.05363788425564453,0.06720662319651172
,,,2183.9709761665054,-0.05581650544387262,0.06733623654871168
,,,2184.284314900532,-0.05799519156090782,0.06721089982681047
,,,2184.597653634559,-0.05581650544387262,0.06734232287597812
,,,2184.9109923685855,-0.06017381274913591,0.06730460722664795
,,,2185.2243311026123,-0.05581650544387262,0.06736684856203069
,,,2185.537669836639,-0.07760304197018908,0.06736684856203069
,,,2185.8510085706657,-0.062352498866171,0.06306237456447729
,,,2186.1643473046925,-0.05363788425564453,0.06314004115956119
,,,2186.477686038719,-0.05581650544387262,0.06314004115956119
,,,2186.791024772746,-0.05799519156090782,0.06006213028557169
,,,2187.1043635067726,-0.05581650544387262,0.05987400476226078
,,,2187.4177022407994,-0.07324573466492579,0.06027731746878879
,,,2187.731040974826,-0.042744648456889744,0.06035856785207714
,,,2188.044379708853,-0.05581650544387262,0.06057741624929712
,,,2188.3577184428796,-0.05581650544387262,0.06063038059564981
,,,2188.6710571769063,-0.042744648456889744,0.06064948832444122
,,,2188.9843959109335,-0.0645311200543992,0.0605207407532553
,,,2189.29773464496,-0.0645311200543992,0.06045145101713037
,,,2189.611073378987,-0.05581650544387262,0.06042934504053534
,,,2189.9244121130137,-0.062352498866171,0.07160555374762256
,,,2190.2377508470404,-0.05145919813860933,0.07169282498929115
,,,2190.551089581067,-0.08413897046368046,0.0711499113519613
,,,2190.864428315094,-0.018779490742345195,0.0712253340814595
,,,2191.1777670491206,-0.0645311200543992,0.07119216810502402
,,,2191.4911057831473,-0.05581650544387262,0.07127342359192944
,,,2191.804444517174,-0.04492326964511795,0.07125716474623041
,,,2192.1177832512008,-0.042744648456889744,0.07141026641187588
,,,2192.4311219852275,-0.0645311200543992,0.07169616347489792
,,,2192.744460719254,-0.0710670485478907,0.07158636910716383
,,,2193.057799453281,-0.05581650544387262,0.07143441477187719
,,,2193.3711381873077,-0.07324573466492579,0.07130772117211434
,,,2193.684476921335,-0.04928057695038124,0.07130772117211434
,,,2193.9978156553616,-0.0645311200543992,0.07132334606314816
,,,2194.3111543893883,-0.05581650544387262,0.07146086289250381
,,,2194.624493123415,-0.062352498866171,0.0712303418365535
,,,2194.937831857442,-0.05799519156090782,0.07144993762011444
,,,2195.2511705914685,-0.05581650544387262,0.07148546623137726
,,,2195.5645093254952,-0.062352498866171,0.07148546623137726
,,,2195.877848059522,-0.05581650544387262,0.07146925562417868
,,,2196.1911867935487,-0.04492326964511795,0.07143992862975888
,,,2196.5045255275754,-0.09067489895717196,0.07143992862975888
,,,2196.817864261602,-0.023136798047608487,0.07132630650027835
,,,2197.131202995629,-0.047101955762153036,0.07158721127139876
,,,2197.4445417296556,-0.062352498866171,0.0709351614506835
,,,2197.7578804636823,-0.0645311200543992,0.07049273142464514
,,,2198.071219197709,-0.07978166315841717,0.070553343160263
,,,2198.384557931736,-0.07760304197018908,0.07058178113148007
,,,2198.697896665763,-0.05581650544387262,0.07058178113148006
,,,2199.0112353997897,-0.10810412817822501,0.07049021436581066
,,,2199.3245741338164,-0.05799519156090782,0.07055970545048064
,,,2199.637912867843,-0.05363788425564453,0.07065650593865505
,,,2199.95125160187,-0.036208655034591364,0.07091101661896639
,,,2200.2645903358966,-0.04492326964511795,0.0710506552573484
,,,2200.5779290699234,-0.047101955762153036,0.07106633666780748
,,,2200.89126780395,-0.036208655034591364,0.070903434289378
,,,2201.204606537977,-0.05145919813860933,0.07088709058203023
,,,2201.5179452720035,-0.06017381274913591,0.07095619298627576
,,,2201.8312840060303,-0.05581650544387262,0.07093923660730551
,,,2202.144622740057,-0.05581650544387262,0.07078363766422607
,,,2202.4579614740837,-0.05581650544387262,0.07042047804636292
,,,2202.7713002081105,-0.0645311200543992,0.0703692083714938
,,,2203.084638942137,-0.05581650544387262,0.07095179402028927
,,,2203.3979776761644,-0.07324573466492579,0.0709065397757133
,,,2203.711316410191,-0.03838734115162645,0.07081782326799768
,,,2204.024655144218,-0.12989059977573447,0.07081782326799767
,,,2204.3379938782446,-0.0645311200543992,0.07077694564095702
,,,2204.6513326122713,-0.0710670485478907,0.07145604593049579
,,,2204.964671346298,-0.05581650544387262,0.07145604593049579
,,,2205.2780100803247,-0.05799519156090782,0.07309215862598371
,,,2205.5913488143515,-0.047101955762153036,0.07319031319014944
,,,2205.904687548378,-0.047101955762153036,0.07312332208640084
,,,2206.218026282405,-0.0645311200543992,0.07415601021632127
,,,2206.5313650164317,-0.4022217544598304,0.07445259992307775
,,,2206.8447037504584,-0.047101955762153036,0.07482763572333972
,,,2207.158042484485,-0.04492326964511795,0.07480081196980753
,,,2207.471381218512,-0.03403003384636316,0.0745234680565648
,,,2207.7847199525386,-0.05581650544387262,0.07468158661013183
,,,2208.0980586865653,-0.07542435585315399,0.07461593440201611
,,,2208.4113974205925,-0.05581650544387262,0.07461593440201611
,,,2208.724736154619,-0.0645311200543992,0.07475021930610572
,,,2209.038074888646,-0.07542435585315399,0.07517377866847075
,,,2209.3514136226727,-0.023136798047608487,0.07522884953537547
,,,2209.6647523566994,-0.05799519156090782,0.07510855668547743
,,,2209.978091090726,-0.05581650544387262,0.07519154997301668
,,,2210.291429824753,-0.07324573466492579,0.07517200778902666
,,,2210.6047685587796,-0.05581650544387262,0.07518564964221781
,,,2210.9181072928063,-0.05581650544387262,0.07538963126667504
,,,2211.231446026833,-0.010064876131818612,0.07542095145280749
,,,2211.54478476086,-0.062352498866171,0.07522665582858473
,,,2211.8581234948865,-0.0645311200543992,0.07527638458527222
,,,2212.1714622289132,-0.05581650544387262,0.07527638458527222
,,,2212.48480096294,-0.05581650544387262,0.07521361073568168
,,,2212.7981396969667,-0.04928057695038124,0.07519879417261331
,,,2213.111478430994,-0.05581650544387262,0.07522429701224599
,,,2213.4248171650206,-0.04928057695038124,0.07487724919922234
,,,2213.7381558990473,-0.0688884273596625,0.07503809828321113
,,,2214.051494633074,-0.047101955762153036,0.07514197606301454
,,,2214.364833367101,-0.06017381274913591,0.07523377747101925
,,,2214.6781721011275,-0.07324573466492579,0.07528880445111862
,,,2214.9915108351543,-0.05145919813860933,0.07531067185125104
,,,2215.304849569181,-0.0688884273596625,0.07519529985460338
,,,2215.6181883032077,-0.05799519156090782,0.0753550471515572
,,,2215.9315270372344,-0.0645311200543992,0.07483713998459145
,,,2216.244865771261,-0.047101955762153036,0.07490496671249006
,,,2216.558204505288,-0.062352498866171,0.07473160456871901
,,,2216.8715432393146,-0.05363788425564453,0.07464962273516539
,,,2217.1848819733414,-0.05581650544387262,0.07474988627234369
,,,2217.498220707368,-0.02531541923583669,0.07466618826675733
,,,2217.811559441395,-0.05581650544387262,0.07469847694483694
,,,2218.124898175422,-0.0645311200543992,0.07464710364842844
,,,2218.4382369094487,-0.05799519156090782,0.07447535638645855
,,,2218.7515756434755,-0.027494105352871778,0.07450706090305487
,,,2219.064914377502,-0.023136798047608487,0.07449210380656422
,,,2219.378253111529,-0.05581650544387262,0.07449210380656421
,,,2219.6915918455556,-0.10810412817822501,0.07442628445386273
,,,2220.0049305795824,-0.04928057695038124,0.07445800986548597
,,,2220.318269313609,-0.04492326964511795,0.07440057920302859
,,,2220.631608047636,-0.05581650544387262,0.07435549114235941
,,,2220.9449467816626,-0.0688884273596625,0.07347073512761881
,,,2221.2582855156893,-0.11028274936645321,0.07336025842743012
,,,2221.571624249716,-0.05581650544387262,0.07330378375922622
,,,2221.8849629837428,0.16858433381113413,0.07337061009246172
,,,2222.1983017177695,-0.05799519156090782,0.07338700469441697
,,,2222.511640451796,-0.05581650544387262,0.0734932162223982
,,,2222.824979185823,-0.14296252169152435,0.07355022067919577
,,,2223.13831791985,-0.08849627776894375,0.07348355768495254
,,,2223.451656653877,-0.09938951356769854,0.06258566467742104
,,,2223.7649953879036,-0.047101955762153036,0.06255642768683163
,,,2224.0783341219303,-0.05145919813860933,0.06243837734518211
,,,2224.391672855957,-0.05363788425564453,0.0625497901994819
,,,2224.7050115899838,-0.05581650544387262,0.06245346543288198
,,,2225.0183503240105,-0.05581650544387262,0.0622427243836812
,,,2225.331689058037,-0.0645311200543992,0.062224819355457456
,,,2225.645027792064,-0.09285358507420705,0.06211085168676055
,,,2225.9583665260907,-0.0710670485478907,0.06199604502051498
,,,2226.2717052601174,-0.05581650544387262,0.062190219042098024
,,,2226.585043994144,-0.06670974124262741,0.06199398383887034
,,,2226.898382728171,-0.0710670485478907,0.062052173802870814
,,,2227.2117214621976,-0.05145919813860933,0.061882544601122545
,,,2227.5250601962243,-0.08631759165190867,0.06181478136387523
,,,2227.8383989302515,-0.06017381274913591,0.061814781363875235
,,,2228.1517376642782,-0.027494105352871778,0.061974631709151136
,,,2228.465076398305,-0.0645311200543992,0.062271281648445954
,,,2228.7784151323317,-0.05581650544387262,0.06199836336469714
,,,2229.0917538663584,-0.05363788425564453,0.06182026472326197
,,,2229.405092600385,-0.05363788425564453,0.06199006434749002
,,,2229.718431334412,-0.04928057695038124,0.062041822745134555
,,,2230.0317700684386,-0.05145919813860933,0.062041822745134555
,,,2230.3451088024653,-0.05581650544387262,0.062093537999307453
,,,2230.658447536492,-0.062352498866171,0.061792561385875626
,,,2230.971786270519,-0.07324573466492579,0.06189851524386468
,,,2231.2851250045455,-0.0710670485478907,0.061860348963398454
,,,2231.5984637385723,-0.08196028434664537,0.06198972069659965
,,,2231.911802472599,-0.0645311200543992,0.062043624890310185
,,,2232.2251412066257,-0.07542435585315399,0.06195885663772077
,,,2232.5384799406525,-0.05799519156090782,0.0621848287030436
,,,2232.8518186746796,-0.06670974124262741,0.06210596757885853
,,,2233.1651574087064,-0.010064876131818612,0.06210596757885853
,,,2233.478496142733,0.0008283596669360627,0.062148265200468344
,,,2233.79183487676,-0.06017381274913591,0.06220417090382966
,,,2234.1051736107866,-0.02967272654109998,0.06218625477506473
,,,2234.4185123448133,-0.042744648456889744,0.06237192875247066
,,,2234.73185107884,-0.042744648456889744,0.06237192875247066
,,,2235.0451898128667,-0.02967272654109998,0.06229330449079281
,,,2235.3585285468935,-0.06017381274913591,0.06227470113568948
,,,2235.67186728092,-0.05363788425564453,0.0624515038328644
,,,2235.985206014947,-0.05581650544387262,0.06256235425238096
,,,2236.2985447489737,-0.05581650544387262,0.06283081868338872
,,,2236.6118834830004,-0.06017381274913591,0.062290309707134235
,,,2236.925222217027,-0.06670974124262741,0.062420381984285324
,,,2237.238560951054,-0.027494105352871778,0.0626945771638829
,,,2237.551899685081,-0.05363788425564453,0.06281596051128618
,,,2237.8652384191078,-0.04928057695038124,0.0626127311179906
,,,2238.1785771531345,-0.0645311200543992,0.061933872329434286
,,,2238.491915887161,-0.0645311200543992,0.061933872329434286
,,,2238.805254621188,-0.06017381274913591,0.060098097216991095
,,,2239.1185933552147,-0.062352498866171,0.06004244641598001
,,,2239.4319320892414,-0.05581650544387262,0.05984954601550303
,,,2239.745270823268,-0.05581650544387262,0.058587940124727254
,,,2240.058609557295,-0.05581650544387262,0.05821057415930455
,,,2240.3719482913216,-0.042744648456889744,0.0575187236719911
,,,2240.6852870253483,-0.020958111930573398,0.057338347435106976
,,,2240.998625759375,-0.05145919813860933,0.05737642914327222
,,,2241.311964493402,-0.042744648456889744,0.057322779807597445
,,,2241.6253032274285,-0.05363788425564453,0.057322779807597445
,,,2241.9386419614552,-0.05363788425564453,0.057322779807597445
,,,2242.251980695482,-0.05145919813860933,0.05718111297637455
,,,2242.565319429509,-0.0645311200543992,0.056914337604916085
,,,2242.878658163536,-0.05581650544387262,0.06012299003772465
,,,2243.1919968975626,-0.027494105352871778,0.06029756942388393
,,,2243.5053356315893,-0.062352498866171,0.06019404437698978
,,,2243.818674365616,-0.05581650544387262,0.061283502282186236
,,,2244.132013099643,-0.047101955762153036,0.06146641930074672
,,,2244.4453518336695,-0.05581650544387262,0.06115489990323622
,,,2244.7586905676962,-0.047101955762153036,0.062116945212174556
,,,2245.072029301723,-0.08849627776894375,0.062276305422331694
,,,2245.3853680357497,-0.023136798047608487,0.0622763054223317
,,,2245.6987067697764,-0.027494105352871778,0.0622763054223317
,,,2246.012045503803,-0.07324573466492579,0.0621363949730067
,,,2246.32538423783,-0.05581650544387262,0.0621363949730067
,,,2246.6387229718566,-0.05581650544387262,0.06228824264613124
,,,2246.9520617058834,-0.05581650544387262,0.062226624504019216
,,,2247.2654004399105,-0.027494105352871778,0.06199631431287269
,,,2247.5787391739373,-0.06017381274913591,0.062017146490737404
,,,2247.892077907964,-0.05581650544387262,0.06190574894910316
,,,2248.2054166419907,-0.08413897046368046,0.061953912296952636
,,,2248.5187553760175,-0.05799519156090782,0.06168163131819748
,,,2248.832094110044,-0.06017381274913591,0.061566658147974
,,,2249.145432844071,-0.07978166315841717,0.06145083479042776
,,,2249.4587715780976,-0.05581650544387262,0.06149069811804737
,,,2249.7721103121244,-0.047101955762153036,0.06151314448370482
,,,2250.085449046151,-0.06670974124262741,0.06284940377818284
,,,2250.398787780178,-0.06017381274913591,0.06291478236879419
,,,2250.7121265142046,-0.05363788425564453,0.06354601467697517
,,,2251.0254652482313,-0.05581650544387262,0.06351356038572638
,,,2251.338803982258,-0.05581650544387262,0.06360827982499076
,,,2251.6521427162847,-0.05581650544387262,0.06436306182937901
,,,2251.9654814503115,-0.05581650544387262,0.06456171545321324
,,,2252.2788201843387,-0.05581650544387262,0.06452512446125275
,,,2252.5921589183654,-0.04492326964511795,0.06447742357118126
,,,2252.905497652392,-0.08196028434664537,0.06473794681021308
,,,2253.218836386419,-0.06670974124262741,0.0648342167159523
,,,2253.5321751204456,-0.0645311200543992,0.06479777960431632
,,,2253.8455138544723,-0.07542435585315399,0.06477715688111907
,,,2254.158852588499,-0.0688884273596625,0.06504310788251921
,,,2254.4721913225258,-0.04492326964511795,0.06489730042304713
,,,2254.7855300565525,-0.05581650544387262,0.0649467419808875
,,,2255.098868790579,-0.05581650544387262,0.06485405914148888
,,,2255.412207524606,-0.06670974124262741,0.06491788497977788
,,,2255.7255462586327,-0.05145919813860933,0.06465685390748686
,,,2256.0388849926594,-0.02531541923583669,0.06445926382315252
,,,2256.352223726686,-0.06670974124262741,0.06457733024692318
,,,2256.665562460713,-0.05581650544387262,0.06442512204196855
,,,2256.9789011947396,-0.036208655034591364,0.06420612461794509
,,,2257.292239928767,-0.0013502615212921398,0.06433654298607927
,,,2257.6055786627935,-0.05581650544387262,0.06451336106310662
,,,2257.9189173968202,-0.047101955762153036,0.06445387017766771
,,,2258.232256130847,-0.05581650544387262,0.06442823514252481
,,,2258.5455948648737,-0.05581650544387262,0.06427421060594385
,,,2258.8589335989004,-0.04928057695038124,0.06424159907854156
,,,2259.172272332927,-0.07324573466492579,0.06435179328295847
,,,2259.485611066954,-0.21267924378931602,0.0691195472589766
,,,2259.7989498009806,-0.07324573466492579,0.06908793873493405
,,,2260.1122885350073,-0.05581650544387262,0.06928144501676006
,,,2260.425627269034,-0.13860521438626106,0.06930008725884425
,,,2260.738966003061,-0.0710670485478907,0.06914079956607816
,,,2261.0523047370875,-0.05799519156090782,0.06912724779837934
,,,2261.3656434711143,-0.12771197858750638,0.07352281301571016
,,,2261.678982205141,-0.05363788425564453,0.07343576301290751
,,,2261.992320939168,-0.0645311200543992,0.0731350497722206
,,,2262.305659673195,-0.05581650544387262,0.07324252262352363
,,,2262.6189984072216,-0.03185141265813507,0.07320384807150468
,,,2262.9323371412484,-0.05363788425564453,0.07373060503441435
,,,2263.245675875275,-0.06670974124262741,0.0737463185629221
,,,2263.559014609302,-0.042744648456889744,0.07377833636715798
,,,2263.8723533433285,0.007364288160427557,0.07377833636715798
,,,2264.1856920773553,-0.0645311200543992,0.07388420098248066
,,,2264.499030811382,-0.062352498866171,0.07379545790935818
,,,2264.8123695454087,-0.07542435585315399,0.07397929098359625
,,,2265.1257082794355,-0.05581650544387262,0.07374420134327864
,,,2265.439047013462,-0.05145919813860933,0.07368493846901206
,,,2265.752385747489,-0.0645311200543992,0.07379545845790472
,,,2266.0657244815156,-0.062352498866171,0.07379545845790472
,,,2266.3790632155424,-0.0688884273596625,0.07371383031419088
,,,2266.692401949569,0.1337259402978348,0.07375555786482779
,,,2267.0057406835963,-0.02967272654109998,0.07365582000832852
,,,2267.319079417623,-0.11028274936645321,0.07362374892368474
,,,2267.6324181516497,-0.020958111930573398,0.07360921454422305
,,,2267.9457568856765,-0.05581650544387262,0.07367576384224399
,,,2268.259095619703,-0.11028274936645321,0.0736914890647576
,,,2268.57243435373,-0.06017381274913591,0.0736914890647576
,,,2268.8857730877567,-0.05581650544387262,0.07387558085703988
,,,2269.1991118217834,-0.047101955762153036,0.07380613483485475
,,,2269.51245055581,-0.08196028434664537,0.07389126355536371
,,,2269.825789289837,-0.06670974124262741,0.07367884775040218
,,,2270.1391280238636,-0.05581650544387262,0.0735505201485694
,,,2270.4524667578903,-0.0645311200543992,0.07348385742599843
,,,2270.765805491917,-0.06670974124262741,0.07327624171231784
,,,2271.0791442259438,0.029150824686743904,0.07725214200739274
,,,2271.3924829599705,-0.05581650544387262,0.07738185229338533
,,,2271.7058216939977,-0.05363788425564453,0.07738185229338532
,,,2272.0191604280244,-0.0710670485478907,0.07738185229338532
,,,2272.332499162051,-0.0013502615212921398,0.07736458412159186
,,,2272.645837896078,-0.03403003384636316,0.0772745338892899
,,,2272.9591766301046,-0.0688884273596625,0.07748730549633068
,,,2273.2725153641313,-0.03185141265813507,0.0795301815834736
,,,2273.585854098158,-0.010064876131818612,0.07934691629722085
,,,2273.899192832185,-0.06017381274913591,0.07926966737706526
,,,2274.2125315662115,-0.05363788425564453,0.07926955990013133
,,,2274.5258703002382,-0.042744648456889744,0.07908569067750751
,,,2274.839209034265,-0.03838734115162645,0.078954492870023
,,,2275.1525477682917,-0.027494105352871778,0.07876988820317318
,,,2275.4658865023184,-0.04928057695038124,0.07858484988035729
,,,2275.779225236345,-0.0645311200543992,0.0784403063840837
,,,2276.092563970372,0.26880220704576874,0.07812004903643523
,,,2276.4059027043986,-0.05145919813860933,0.07536583299826506
,,,2276.719241438426,-0.06017381274913591,0.07503245417383403
,,,2277.0325801724525,-0.0645311200543992,0.07483817556919993
,,,2277.3459189064793,-0.027494105352871778,0.07362884405687752
,,,2277.659257640506,-0.04492326964511795,0.07330760878168986
,,,2277.9725963745327,-0.2649668665236684,0.07309289613651931
,,,2278.2859351085594,0.029150824686743904,0.07204261442342941
,,,2278.599273842586,-0.05581650544387262,0.07185575990151656
,,,2278.912612576613,-0.047101955762153036,0.07158443868803915
,,,2279.2259513106396,-0.012243562248853812,0.0713807761617897
,,,2279.5392900446664,-0.11681867785994471,0.07131433082021489
,,,2279.852628778693,-0.05799519156090782,0.07112556304449567
,,,2280.16596751272,-0.06017381274913591,0.07083258545052079
,,,2280.4793062467465,-0.05581650544387262,0.07071194675729296
,,,2280.7926449807733,-0.04928057695038124,0.07070836277391682
,,,2281.1059837148,-0.047101955762153036,0.0704326216850194
,,,2281.419322448827,-0.07760304197018908,0.0701742067939167
,,,2281.732661182854,-0.05799519156090782,0.06979435959548293
,,,2282.0459999168806,-0.04928057695038124,0.06958545806791437
,,,2282.3593386509074,-0.07324573466492579,0.0694074048812031
,,,2282.672677384934,-0.07978166315841717,0.06912647454919495
,,,2282.986016118961,-0.042744648456889744,0.06886315840368357
,,,2283.2993548529876,-0.05363788425564453,0.06854037524927412
,,,2283.6126935870143,-0.05363788425564453,0.0673101454697338
,,,2283.926032321041,-0.05581650544387262,0.06724899244614975
,,,2284.2393710550677,-0.05145919813860933,0.06639849977119266
,,,2284.5527097890945,-0.0645311200543992,0.06636758020438659
,,,2284.866048523121,-0.05799519156090782,0.06614785745104354
,,,2285.179387257148,-0.05581650544387262,0.06528302101010908
,,,2285.4927259911747,-0.07760304197018908,0.06502332473707197
,,,2285.8060647252014,-0.04492326964511795,0.06479904399789092
,,,2286.119403459228,-0.05799519156090782,0.06463885501356532
,,,2286.4327421932553,-0.05799519156090782,0.06415139370129186
,,,2286.746080927282,-0.04928057695038124,0.06382641112444713
,,,2287.0594196613088,-0.05581650544387262,0.06359790955845042
,,,2287.3727583953355,-0.04928057695038124,0.06329119789877641
,,,2287.686097129362,0.26226627855227713,0.06296177550443506
,,,2287.999435863389,-0.0645311200543992,0.06289867561046224
,,,2288.3127745974157,-0.05581650544387262,0.0626667913390182
,,,2288.6261133314424,-0.05581650544387262,0.06245189088241864
,,,2288.939452065469,-0.0645311200543992,0.06207284030014117
,,,2289.252790799496,-0.03403003384636316,0.06207270304744893
,,,2289.5661295335226,-0.0645311200543992,0.061985463053351585
,,,2289.8794682675493,0.19690679883094198,0.061626666986937605
