EMG_time_ms,EMG_value,FORCE_time_ms,FORCE_newtons
0.0,0.0,0.467,0.4077515810705803
0.4655172734839499,0.0,0.933,0.08531148976916736
0.9310345469678998,0.0,1.4,0.0722395029245706
1.3965518204518497,0.0,1.863,0.10709796136667737
1.8620690939357996,0.0,2.326,0.20731583460131198
2.3275863674197494,0.0,2.796,0.2116730769777675
2.7931036409036993,0.0,3.259,0.1288844329641865
3.2586209143876492,0.0,3.722,0.16810013378274924
3.724138187871599,0.0,4.187,0.27267524939384025
4.189655461355549,0.0,4.651,0.1375989177170993
4.655172734839499,0.0,5.117,-0.0715513135050827
5.120690008323448,0.0,5.581,0.0264878086837097
5.586207281807399,0.0,6.047,0.24435278437403163
6.051724555291348,0.0,6.515,0.18117212062734556
6.5172418287752985,0.0,6.981,0.3162481925888585
6.982759102259248,0.0,7.445,0.46439625139496865
7.448276375743198,0.0,7.911,0.04391703790476287
7.913793649227148,0.0,8.374,0.015594572884955138
8.379310922711097,0.0,8.836,0.37942911605077256
8.844828196195047,0.0,9.304,0.2399955419975761
9.310345469678998,0.0,9.767,0.10927671241251868
9.775862743162946,0.0,10.23,0.24871002675048803
10.241380016646897,0.0,10.7,-0.041050097439432776
10.706897290130847,0.0,11.166,0.04173854657414866
11.172414563614797,0.0,11.625,0.2160303193542239
11.637931837098746,0.0,12.091,0.1354204263864851
12.103449110582696,0.0,12.555,0.03520255315185006
12.568966384066647,0.0,13.021,-0.04758609086173138
13.034483657550597,0.0,13.486,0.04827453999644682
13.500000931034545,0.0,13.952,0.23781679095173391
13.965518204518496,0.0,14.415,0.017773323930797336
14.431035478002446,0.0,14.884,0.27267524939384025
14.896552751486396,0.0,15.345,-0.10640977194718904
15.362070024970345,0.0,15.815,-0.04540759953111717
15.827587298454295,0.0,16.278,0.1245271905877301
16.293104571938244,0.0,16.74,0.26178201359508524
16.758621845422194,0.0,17.206,0.05481027370351743
17.224139118906145,0.0,17.676,0.24217429304341742
17.689656392390095,0.0,18.142,0.061346267125816034
18.155173665874045,0.0,18.6,0.046095788950605066
18.620690939357996,0.0,19.066,-0.03669285506297637
19.086208212841946,0.0,19.531,-0.15433995751866414
19.551725486325893,0.0,19.996,0.1267056819183443
20.017242759809843,0.0,20.463,-0.1260174924988564
20.482760033293793,0.0,20.929,-0.03669285506297637
20.948277306777744,0.0,21.393,0.3881436008036854
21.413794580261694,0.0,21.855,-0.019263625841923204
21.879311853745644,0.0,22.326,0.07006101159395639
22.344829127229595,0.0,22.788,0.0722395029245706
22.810346400713545,0.0,23.252,0.011237330508498733
23.275863674197492,0.0,23.715,0.27921124281613796
23.741380947681442,0.0,24.18,0.1179911971654315
24.206898221165392,0.0,24.652,0.38596510947307117
24.672415494649343,0.0,25.11,0.3227841860111571
25.137932768133293,0.0,25.581,0.076596745301027
25.603450041617243,0.0,26.04,0.05481027370351743
26.068967315101194,0.0,26.512,0.2247450638223647
26.53448458858514,0.0,26.97,0.2356382996211197
27.00000186206909,0.0,27.437,-0.09769502747904868
27.46551913555304,0.0,27.903,-0.0693725624592405
27.93103640903699,0.0,28.371,-0.05194333323818778
28.396553682520942,0.0,28.833,0.18335061195795976
28.862070956004892,0.0,29.3,0.11363395478897509
29.327588229488843,0.0,29.763,-0.04322884848527497
29.793105502972793,0.0,30.226,-0.1260174924988564
30.25862277645674,0.0,30.696,-0.09115903405675008
30.72414004994069,0.0,31.162,-0.1260174924988564
31.18965732342464,0.0,31.621,0.2160303193542239
31.65517459690859,0.0,32.086,-0.09769502747904868
32.12069187039254,0.0,32.551,0.2988189633678058
32.58620914387649,0.0,33.017,0.4099300724011954
33.05172641736044,0.0,33.482,0.2160303193542239
33.51724369084439,0.0,33.948,0.03520255315185006
33.98276096432834,0.0,34.411,0.002522845755585923
34.44827823781229,0.0,34.881,0.18117212062734556
34.91379551129624,0.0,35.342,-0.021442376887765402
35.37931278478019,0.0,35.812,0.25306752884217243
35.84483005826414,0.0,36.274,-0.021442376887765402
36.31034733174809,0.0,36.736,-0.017085134511308997
36.77586460523204,0.0,37.202,0.28138999386198016
37.24138187871599,0.0,37.665,-0.0671940711286263
37.70689915219994,0.0,38.13,-0.09115903405675008
38.17241642568389,0.0,38.596,0.05481027370351743
38.63793369916784,0.0,39.062,0.1267056819183443
39.103450972651785,0.0,39.527,0.2094945856471533
39.56896824613574,0.0,39.992,0.18117212062734556
40.034485519619686,0.0,40.46,0.015594572884955138
40.50000279310364,0.0,40.925,0.46439625139496865
40.96552006658759,0.0,41.386,0.00470133708620013
41.43103734007154,0.0,41.855,-0.04758609086173138
41.89655461355549,0.0,42.318,0.06570350950227244
42.36207188703944,0.0,42.781,-0.017085134511308997
42.82758916052339,0.0,43.245,0.1397776687629415
43.293106434007335,0.0,43.715,0.20295859222485557
43.75862370749129,0.0,44.18,0.37071463129785975
44.224140980975235,0.0,44.644,0.23781679095173391
44.68965825445919,0.0,45.109,0.2291023061988211
45.155175527943136,0.0,45.574,-0.21316337888889425
45.62069280142709,0.0,46.039,0.19206535642610056
46.08621007491104,0.0,46.504,-0.04976484190757313
46.551727348394984,0.0,46.97,0.26613925597154164
47.01724462187894,0.0,47.43,0.01341608155434093
47.482761895362884,0.0,47.896,0.23781679095173391
47.94827916884684,0.0,48.367,0.0722395029245706
48.413796442330785,0.0,48.829,0.033023802106008304
48.87931371581474,0.0,49.297,-0.1260174924988564
49.344830989298686,0.0,49.759,0.19642259880255697
49.81034826278263,0.0,50.23,0.35328540207680703
50.275865536266586,0.0,50.685,0.10927671241251868
50.74138280975053,0.0,51.15,0.03955979552830646
51.20690008323449,0.0,51.615,0.05481027370351743
51.672417356718434,0.0,52.08,0.17463612720504695
52.13793463020239,0.0,52.545,0.2094945856471533
52.603451903686334,0.0,53.011,0.27049675806322604
53.06896917717028,0.0,53.477,0.2094945856471533
53.534486450654235,0.0,53.943,0.3314989304792979
54.00000372413818,0.0,54.412,0.27921124281613796
54.465520997622136,0.0,54.875,0.25088877779633023
54.93103827110608,0.0,55.338,0.1332416753406429
55.396555544590036,0.0,55.8,0.15067090456169563
55.86207281807398,0.0,56.271,0.00034409470974416934
56.32759009155794,0.0,56.733,-0.11076701432364544
56.793107365041884,0.0,57.199,0.18552936300380196
57.25862463852583,0.0,57.662,-0.014906383465467243
57.724141912009785,0.0,58.127,-0.19137690729138468
58.18965918549373,0.0,58.592,0.2399955419975761
58.655176458977685,0.0,59.058,0.04173854657414866
59.12069373246163,0.0,59.523,0.0809542473927114
59.586211005945586,0.0,59.988,0.0722395029245706
60.05172827942953,0.0,60.455,0.00470133708620013
60.51724555291348,0.0,60.921,-0.03669285506297637
60.98276282639743,0.0,61.381,0.061346267125816034
61.44828009988138,0.0,61.851,0.3968583452718262
61.913797373365334,0.0,62.311,0.0787754963468692
62.37931464684928,0.0,62.781,-0.017085134511308997
62.844831920333235,0.0,63.245,0.1267056819183443
63.31034919381718,0.0,63.707,-0.030156861640678212
63.77586646730113,0.0,64.173,0.15284965560753783
64.24138374078508,0.0,64.637,0.030845310775394097
64.70690101426904,0.0,65.103,-0.10858826327780324
65.17241828775298,0.0,65.567,-0.08026579825799551
65.63793556123693,0.0,66.032,0.5036122119287585
66.10345283472088,0.0,66.497,0.4905402250841622
66.56897010820484,0.0,66.963,-0.04540759953111717
67.03448738168878,0.0,67.43,0.24435278437403163
67.50000465517273,0.0,67.896,-0.0671940711286263
67.96552192865668,0.0,68.356,0.2312810572446633
68.43103920214062,0.0,68.825,0.10927671241251868
68.89655647562458,0.0,69.289,0.00470133708620013
69.36207374910853,0.0,69.751,0.23781679095173391
69.82759102259249,0.0,70.218,0.37942911605077256
70.29310829607643,0.0,70.683,-0.09551653614843403
70.75862556956038,0.0,71.149,-0.10858826327780324
71.22414284304433,0.0,71.616,0.11145520374313289
71.68966011652827,0.0,72.081,0.1223484395418879
72.15517739001223,0.0,72.541,0.015594572884955138
72.62069466349618,0.0,73.006,0.24435278437403163
73.08621193698013,0.0,73.471,0.27267524939384025
73.55172921046407,0.0,73.938,0.03955979552830646
74.01724648394803,0.0,74.4,0.17463612720504695
74.48276375743198,0.0,74.87,0.18117212062734556
74.94828103091592,0.0,75.334,0.08966873214562376
75.41379830439988,0.0,75.796,0.052631782372903224
75.87931557788383,0.0,76.267,0.27921124281613796
76.34483285136778,0.0,76.729,-0.09333778510259227
76.81035012485172,0.0,77.195,-0.16305444227157695
77.27586739833568,0.0,77.658,0.05481027370351743
77.74138467181963,0.0,78.123,0.2094945856471533
78.20690194530357,0.0,78.588,-0.03669285506297637
78.67241921878752,0.0,79.054,0.27703249177029665
79.13793649227148,0.0,79.519,0.18988660538025837
79.60345376575543,0.0,79.985,0.2944617209913494
80.06897103923937,0.0,80.445,0.48836173375354797
80.53448831272333,0.0,80.91,0.01341608155434093
81.00000558620728,0.0,81.381,0.017773323930797336
81.46552285969122,0.0,81.843,0.27921124281613796
81.93104013317517,0.0,82.311,0.19424384775671477
82.39655740665913,0.0,82.773,-0.027978370310064005
82.86207468014308,0.0,83.237,0.15067090456169563
83.32759195362702,0.0,83.7,0.1267056819183443
83.79310922711097,0.0,84.165,0.05481027370351743
84.25862650059493,0.0,84.637,-0.08680179168029367
84.72414377407888,0.0,85.095,-0.019263625841923204
85.18966104756282,0.0,85.56,-0.014906383465467243
85.65517832104678,0.0,86.026,0.10491921032083518
86.12069559453073,0.0,86.493,0.2094945856471533
86.58621286801467,0.0,86.958,0.37942911605077256
87.05173014149862,0.0,87.426,0.1267056819183443
87.51724741498258,0.0,87.892,-0.014906383465467243
87.98276468846653,0.0,88.355,0.3249629370569993
88.44828196195047,0.0,88.818,-0.027978370310064005
88.91379923543442,0.0,89.281,0.29664047203719157
89.37931650891838,0.0,89.751,0.11145520374313289
89.84483378240232,0.0,90.217,0.342392166278052
90.31035105588627,0.0,90.676,0.07006101159395639
90.77586832937023,0.0,91.141,0.015594572884955138
91.24138560285418,0.0,91.608,-0.08898054272613587
91.70690287633812,0.0,92.074,0.1332416753406429
92.17242014982207,0.0,92.541,-0.019263625841923204
92.63793742330603,0.0,93.007,0.15938564902983643
93.10345469678997,0.0,93.467,0.061346267125816034
93.56897197027392,0.0,93.933,0.0787754963468692
94.03448924375787,0.0,94.396,0.04173854657414866
94.50000651724183,0.0,94.866,0.18117212062734556
94.96552379072577,0.0,95.326,0.18117212062734556
95.43104106420972,0.0,95.796,0.2399955419975761
95.89655833769368,0.0,96.259,-0.09769502747904868
96.36207561117762,0.0,96.722,0.20295859222485557
96.82759288466157,0.0,97.188,0.20513708355546978
97.29311015814552,0.0,97.652,0.017773323930797336
97.75862743162948,0.0,98.118,-0.0236211279336076
98.22414470511342,0.0,98.585,0.06352501817165823
98.68966197859737,0.0,99.051,0.4164660658234931
99.15517925208133,0.0,99.511,0.011237330508498733
99.62069652556526,0.0,99.977,0.551542657215462
100.08621379904922,0.0,100.441,-0.04540759953111717
100.55173107253317,0.0,100.907,0.1223484395418879
101.01724834601713,0.0,101.37,-0.18048367149263012
101.48276561950107,0.0,101.84,0.1288844329641865
101.94828289298502,0.0,102.304,0.05481027370351743
102.41380016646897,0.0,102.766,0.1267056819183443
102.87931743995291,0.0,103.23,0.024309317353095494
103.34483471343687,0.0,103.699,0.04173854657414866
103.81035198692082,0.0,104.165,0.06352501817165823
104.27586926040478,0.0,104.629,0.3184269436347007
104.74138653388871,0.0,105.095,-0.08898054272613587
105.20690380737267,0.0,105.559,-0.017085134511308997
105.67242108085662,0.0,106.025,-0.014906383465467243
106.13793835434056,0.0,106.485,0.14631366218523922
106.60345562782452,0.0,106.951,0.0831327387233256
107.06897290130847,0.0,107.422,-0.1260174924988564
107.53449017479242,0.0,107.881,-0.09769502747904868
108.00000744827636,0.0,108.349,-0.1674119443632609
108.46552472176032,0.0,108.811,0.18552936300380196
108.93104199524427,0.0,109.281,0.15720689798399423
109.39655926872823,0.0,109.744,0.0722395029245706
109.86207654221217,0.0,110.21,-0.08026579825799551
110.32759381569612,0.0,110.673,0.2116730769777675
110.79311108918007,0.0,111.138,0.0264878086837097
111.25862836266401,0.0,111.604,0.002522845755585923
111.72414563614797,0.0,112.069,0.3968583452718262
112.18966290963192,0.0,112.534,0.11145520374313289
112.65518018311587,0.0,113.0,-0.1194814990765578
113.12069745659981,0.0,113.46,0.46439625139496865
113.58621473008377,0.0,113.925,-0.03669285506297637
114.05173200356772,0.0,114.393,0.009058839177884526
114.51724927705166,0.0,114.856,0.10709796136667737
114.98276655053562,0.0,115.326,0.06352501817165823
115.44828382401957,0.0,115.789,0.1397776687629415
115.91380109750352,0.0,116.252,0.0722395029245706
116.37931837098746,0.0,116.715,-0.14344672171990958
116.84483564447142,0.0,117.18,0.1354204263864851
117.31035291795537,0.0,117.651,0.14413491113939791
117.77587019143931,0.0,118.11,0.04391703790476287
118.24138746492326,0.0,118.581,-0.10858826327780324
118.70690473840722,0.0,119.04,-0.021442376887765402
119.17242201189117,0.0,119.505,0.2312810572446633
119.63793928537511,0.0,119.97,0.17245737615920564
120.10345655885907,0.0,120.438,-0.10205226985550464
120.56897383234302,0.0,120.903,0.2160303193542239
121.03449110582696,0.0,121.371,0.25306752884217243
121.50000837931091,0.0,121.833,0.2116730769777675
121.96552565279487,0.0,122.296,0.16156414036045064
122.43104292627882,0.0,122.766,0.26613925597154164
122.89656019976276,0.0,123.23,-0.014906383465467243
123.36207747324671,0.0,123.692,0.2094945856471533
123.82759474673067,0.0,124.158,0.4251808102916339
124.29311202021461,0.0,124.626,0.1267056819183443
124.75862929369856,0.0,125.091,0.2312810572446633
125.22414656718252,0.0,125.556,0.2944617209913494
125.68966384066647,0.0,126.021,-0.04758609086173138
126.15518111415041,0.0,126.486,-0.0693725624592405
126.62069838763436,0.0,126.951,-0.025799619264221807
127.08621566111832,0.0,127.415,0.23781679095173391
127.55173293460226,0.0,127.877,0.06352501817165823
128.0172502080862,0.0,128.341,0.0722395029245706
128.48276748157016,0.0,128.81,0.342392166278052
128.94828475505412,0.0,129.274,0.18335061195795976
129.41380202853807,0.0,129.737,0.5036122119287585
129.87931930202203,0.0,130.202,0.00034409470974416934
130.34483657550595,0.0,130.665,-0.15216120647282194
130.8103538489899,0.0,131.131,-0.014906383465467243
131.27587112247386,0.0,131.596,0.05698902474935963
131.7413883959578,0.0,132.062,-0.09769502747904868
132.20690566944177,0.0,132.529,0.2944617209913494
132.67242294292572,0.0,132.995,0.11145520374313289
133.13794021640967,0.0,133.459,0.09838347661376456
133.6034574898936,0.0,133.925,0.07006101159395639
134.06897476337755,0.0,134.385,-0.07372980483569691
134.5344920368615,0.0,134.855,0.09184748319146596
135.00000931034546,0.0,135.315,0.26831800701738384
135.46552658382942,0.0,135.785,0.0787754963468692
135.93104385731337,0.0,136.248,0.04173854657414866
136.39656113079732,0.0,136.711,-0.014906383465467243
136.86207840428125,0.0,137.177,0.36199988682971984
137.3275956777652,0.0,137.64,-0.07590855588153911
137.79311295124916,0.0,138.106,0.25960352226447103
138.2586302247331,0.0,138.571,0.08966873214562376
138.72414749821706,0.0,139.036,0.10274071899022097
139.18966477170102,0.0,139.504,-0.032335612686519966
139.65518204518497,0.0,139.969,0.0286665597295519
140.1206993186689,0.0,140.434,-0.04758609086173138
140.58621659215285,0.0,140.9,0.27049675806322604
141.0517338656368,0.0,141.363,0.26613925597154164
141.51725113912076,0.0,141.825,0.2203878214459083
141.9827684126047,0.0,142.296,0.16156414036045064
142.44828568608867,0.0,142.759,0.009058839177884526
142.91380295957262,0.0,143.23,0.04173854657414866
143.37932023305655,0.0,143.685,0.0722395029245706
143.8448375065405,0.0,144.151,0.2247450638223647
144.31035478002445,0.0,144.616,0.1375989177170993
144.7758720535084,0.0,145.082,0.052631782372903224
145.24138932699236,0.0,145.548,-0.09333778510259227
145.70690660047632,0.0,146.014,-0.041050097439432776
146.17242387396027,0.0,146.479,-0.03669285506297637
146.6379411474442,0.0,146.945,0.2944617209913494
147.10345842092815,0.0,147.407,0.48400423166186357
147.5689756944121,0.0,147.877,0.23781679095173391
148.03449296789606,0.0,148.337,0.015594572884955138
148.50001024138,0.0,148.8,0.2399955419975761
148.96552751486396,0.0,149.271,0.24435278437403163
149.43104478834792,0.0,149.733,0.10056196794437877
149.89656206183184,0.0,150.199,-0.08462330034967946
150.3620793353158,0.0,150.661,0.2160303193542239
150.82759660879975,0.0,151.127,0.20295859222485557
151.2931138822837,0.0,151.592,0.05481027370351743
151.75863115576766,0.0,152.059,0.04173854657414866
152.2241484292516,0.0,152.526,0.10927671241251868
152.68966570273557,0.0,152.985,0.0286665597295519
153.1551829762195,0.0,153.457,0.39032235184952757
153.62070024970345,0.0,153.915,0.06352501817165823
154.0862175231874,0.0,154.385,0.24435278437403163
154.55173479667135,0.0,154.848,-0.0236211279336076
155.0172520701553,0.0,155.311,-0.06065807770632814
155.48276934363926,0.0,155.781,0.2203878214459083
155.94828661712322,0.0,156.244,0.29664047203719157
156.41380389060714,0.0,156.707,0.1332416753406429
156.8793211640911,0.0,157.173,0.10274071899022097
157.34483843757505,0.0,157.637,0.2334595485752775
157.810355711059,0.0,158.103,0.46221776006435444
158.27587298454296,0.0,158.567,0.4861827229924778
158.7413902580269,0.0,159.033,0.00470133708620013
159.20690753151086,0.0,159.5,0.2399955419975761
159.6724248049948,0.0,159.966,0.046095788950605066
160.13794207847874,0.0,160.426,0.26178201359508524
160.6034593519627,0.0,160.892,-0.04322884848527497
161.06897662544665,0.0,161.359,-0.10205226985550464
161.5344938989306,0.0,161.822,-0.15869719989512054
162.00001117241456,0.0,162.289,-0.0693725624592405
162.4655284458985,0.0,162.751,0.15720689798399423
162.93104571938244,0.0,163.218,-0.017085134511308997
163.3965629928664,0.0,163.683,0.06788226054811419
163.86208026635035,0.0,164.149,0.4426097797974595
164.3275975398343,0.0,164.615,0.11363395478897509
164.79311481331825,0.0,165.081,0.36199988682971984
165.2586320868022,0.0,165.541,-0.09769502747904868
165.72414936028616,0.0,166.006,-0.1717691867397173
166.1896666337701,0.0,166.471,0.009058839177884526
166.65518390725404,0.0,166.937,-0.06283656903694235
167.120701180738,0.0,167.4,0.2356382996211197
167.58621845422195,0.0,167.87,0.009058839177884526
168.0517357277059,0.0,168.334,0.25960352226447103
168.51725300118986,0.0,168.796,0.015594572884955138
168.9827702746738,0.0,169.267,0.017773323930797336
169.44828754815777,0.0,169.729,-0.0236211279336076
169.9138048216417,0.0,170.195,0.24871002675048803
170.37932209512564,0.0,170.658,0.15284965560753783
170.8448393686096,0.0,171.124,0.2399955419975761
171.31035664209355,0.0,171.588,0.47528974690895076
171.7758739155775,0.0,172.054,-0.03451436373236216
172.24139118906146,0.0,172.519,-0.014906383465467243
172.7069084625454,0.0,172.985,-0.1173030077459436
173.17242573602934,0.0,173.445,0.11363395478897509
173.6379430095133,0.0,173.911,-0.08026579825799551
174.10346028299725,0.0,174.381,0.3227841860111571
174.5689775564812,0.0,174.844,0.1179911971654315
175.03449482996515,0.0,175.312,0.4251808102916339
175.5000121034491,0.0,175.774,0.04173854657414866
175.96552937693306,0.0,176.237,-0.19573440938306863
176.431046650417,0.0,176.7,0.05916777579520183
176.89656392390094,0.0,177.166,0.2160303193542239
177.3620811973849,0.0,177.63,0.2094945856471533
177.82759847086885,0.0,178.096,0.25306752884217243
178.2931157443528,0.0,178.563,0.09838347661376456
178.75863301783676,0.0,179.029,0.27049675806322604
179.2241502913207,0.0,179.493,0.2247450638223647
179.68966756480464,0.0,179.959,0.03520255315185006
180.1551848382886,0.0,180.426,0.017773323930797336
180.62070211177254,0.0,180.892,0.1397776687629415
181.0862193852565,0.0,181.352,0.011237330508498733
181.55173665874045,0.0,181.822,-0.0693725624592405
182.0172539322244,0.0,182.285,-0.09115903405675008
182.48277120570836,0.0,182.748,0.017773323930797336
182.94828847919229,0.0,183.214,0.20295859222485557
183.41380575267624,0.0,183.677,0.19642259880255697
183.8793230261602,0.0,184.143,0.015594572884955138
184.34484029964415,0.0,184.608,0.16592138273690704
184.8103575731281,0.0,185.074,-0.04758609086173138
185.27587484661206,0.0,185.541,-0.05412208428402954
185.741392120096,0.0,186.006,0.024309317353095494
186.20690939357993,0.0,186.471,-0.13473223696699677
186.6724266670639,0.0,186.937,0.2160303193542239
187.13794394054784,0.0,187.4,-0.04540759953111717
187.6034612140318,0.0,187.862,0.24435278437403163
188.06897848751575,0.0,188.326,-0.0693725624592405
188.5344957609997,0.0,188.796,0.015594572884955138
189.00001303448366,0.0,189.259,0.28356848519259437
189.46553030796758,0.0,189.722,0.10491921032083518
189.93104758145154,0.0,190.188,-0.09769502747904868
190.3965648549355,0.0,190.652,0.27267524939384025
190.86208212841944,0.0,191.117,0.17463612720504695
191.3275994019034,0.0,191.582,0.26178201359508524
191.79311667538735,0.0,192.048,-0.04758609086173138
192.2586339488713,0.0,192.514,0.26178201359508524
192.72415122235523,0.0,192.98,0.03955979552830646
193.1896684958392,0.0,193.445,0.09402597452208017
193.65518576932314,0.0,193.911,-0.05412208428402954
194.1207030428071,0.0,194.374,0.009058839177884526
194.58622031629105,0.0,194.836,0.2312810572446633
195.051737589775,0.0,195.304,0.15284965560753783
195.51725486325896,0.0,195.766,0.15502814693815203
195.98277213674288,0.0,196.23,0.076596745301027
196.44828941022683,0.0,196.7,-0.03669285506297637
196.9138066837108,0.0,197.165,0.076596745301027
197.37932395719474,0.0,197.63,0.26613925597154164
197.8448412306787,0.0,198.096,0.48400423166186357
198.31035850416265,0.0,198.556,-0.09115903405675008
198.7758757776466,0.0,199.022,-0.04976484190757313
199.24139305113053,0.0,199.486,-0.1260174924988564
199.70691032461448,0.0,199.952,0.18117212062734556
200.17242759809844,0.0,200.426,0.1179911971654315
200.6379448715824,0.0,200.884,0.0722395029245706
201.10346214506635,0.0,201.348,0.1354204263864851
201.5689794185503,0.0,201.811,0.015594572884955138
202.03449669203425,0.0,202.281,0.06352501817165823
202.50001396551818,0.0,202.744,0.16810013378274924
202.96553123900213,0.0,203.209,-0.05412208428402954
203.4310485124861,0.0,203.672,0.16810013378274924
203.89656578597004,0.0,204.137,0.009058839177884526
204.362083059454,0.0,204.604,0.48836173375354797
204.82760033293795,0.0,205.069,-0.014906383465467243
205.2931176064219,0.0,205.53,0.3968583452718262
205.75863487990583,0.0,205.995,0.00034409470974416934
206.22415215338978,0.0,206.46,-0.056300835329871735
206.68966942687373,0.0,206.926,0.009058839177884526
207.1551867003577,0.0,207.396,0.19642259880255697
207.62070397384164,0.0,207.859,0.1179911971654315
208.0862212473256,0.0,208.326,0.09838347661376456
208.55173852080955,0.0,208.789,0.00034409470974416934
209.01725579429348,0.0,209.252,0.05045303132706147
209.48277306777743,0.0,209.722,0.011237330508498733
209.94829034126138,0.0,210.18,0.05698902474935963
210.41380761474534,0.0,210.651,0.015594572884955138
210.8793248882293,0.0,211.117,-0.03669285506297637
211.34484216171325,0.0,211.581,0.04173854657414866
211.8103594351972,0.0,212.04,-0.16305444227157695
212.27587670868112,0.0,212.511,0.18552936300380196
212.74139398216508,0.0,212.977,-0.0236211279336076
213.20691125564903,0.0,213.442,0.17027888482859144
213.672428529133,0.0,213.9,0.09838347661376456
214.13794580261694,0.0,214.37,-0.001834396620870482
214.6034630761009,0.0,214.833,0.15284965560753783
215.06898034958485,0.0,215.296,0.18988660538025837
215.5344976230688,0.0,215.766,-0.14562547276575133
216.00001489655273,0.0,216.226,0.015594572884955138
216.46553217003668,0.0,216.696,0.47093224481726725
216.93104944352064,0.0,217.162,0.00034409470974416934
217.3965667170046,0.0,217.622,0.3380346641863685
217.86208399048854,0.0,218.088,0.06352501817165823
218.3276012639725,0.0,218.552,0.1267056819183443
218.79311853745645,0.0,219.018,0.0809542473927114
219.25863581094038,0.0,219.485,0.1245271905877301
219.72415308442433,0.0,219.951,0.2116730769777675
220.18967035790828,0.0,220.414,0.10274071899022097
220.65518763139224,0.0,220.877,0.15284965560753783
221.1207049048762,0.0,221.341,0.29228322966073517
221.58622217836015,0.0,221.811,-0.12383874145301421
222.0517394518441,0.0,222.274,0.4317168037139325
222.51725672532802,0.0,222.737,0.006880088132042328
222.98277399881198,0.0,223.202,0.009058839177884526
223.44829127229593,0.0,223.666,0.022130566307253297
223.9138085457799,0.0,224.131,0.17463612720504695
224.37932581926384,0.0,224.596,0.3184269436347007
224.8448430927478,0.0,225.062,0.3402134152322107
225.31036036623175,0.0,225.527,0.2138518280236097
225.77587763971567,0.0,225.992,-0.0671940711286263
226.24139491319963,0.0,226.46,0.0264878086837097
226.70691218668358,0.0,226.925,0.20513708355546978
227.17242946016754,0.0,227.386,0.06788226054811419
227.6379467336515,0.0,227.855,-0.1173030077459436
228.10346400713544,0.0,228.318,0.015594572884955138
228.5689812806194,0.0,228.781,0.015594572884955138
229.03449855410332,0.0,229.249,-0.09333778510259227
229.50001582758728,0.0,229.711,0.45350327531144163
229.96553310107123,0.0,230.177,0.022130566307253297
230.43105037455518,0.0,230.64,0.20295859222485557
230.89656764803914,0.0,231.106,-0.04540759953111717
231.3620849215231,0.0,231.571,0.2203878214459083
231.82760219500705,0.0,232.037,0.18335061195795976
232.29311946849097,0.0,232.504,0.27921124281613796
232.75863674197493,0.0,232.969,0.18335061195795976
233.22415401545888,0.0,233.433,-0.1260174924988564
233.68967128894283,0.0,233.899,0.24871002675048803
234.1551885624268,0.0,234.36,-0.18919841596077047
234.62070583591074,0.0,234.829,0.0264878086837097
235.0862231093947,0.0,235.293,0.39032235184952757
235.55174038287862,0.0,235.755,0.05698902474935963
236.01725765636257,0.0,236.226,0.002522845755585923
236.48277492984653,0.0,236.688,0.2312810572446633
236.94829220333048,0.0,237.154,0.1267056819183443
237.41380947681444,0.0,237.618,0.017773323930797336
237.8793267502984,0.0,238.084,0.18988660538025837
238.34484402378234,0.0,238.549,-0.041050097439432776
238.81036129726627,0.0,239.014,0.17899336958150336
239.27587857075022,0.0,239.479,0.04827453999644682
239.74139584423418,0.0,239.944,0.1245271905877301
240.20691311771813,0.0,240.407,0.14413491113939791
240.67243039120208,0.0,240.87,-0.09115903405675008
241.13794766468604,0.0,241.341,0.2944617209913494
241.60346493817,0.0,241.803,0.4360740460903889
242.06898221165392,0.0,242.267,0.20295859222485557
242.53449948513787,0.0,242.736,0.061346267125816034
243.00001675862183,0.0,243.195,0.18335061195795976
243.46553403210578,0.0,243.665,0.27703249177029665
243.93105130558973,0.0,244.131,0.1179911971654315
244.3965685790737,0.0,244.596,-0.041050097439432776
244.86208585255764,0.0,245.055,0.16156414036045064
245.32760312604157,0.0,245.522,0.2247450638223647
245.79312039952552,0.0,245.988,0.4970762185064608
246.25863767300947,0.0,246.456,0.5166841987733557
246.72415494649343,0.0,246.921,-0.014906383465467243
247.18967221997738,0.0,247.382,0.45786025797267005
247.65518949346134,0.0,247.851,0.26396076464092744
248.1207067669453,0.0,248.312,-0.021442376887765402
248.58622404042922,0.0,248.775,-0.19355565833722688
249.05174131391317,0.0,249.245,0.06352501817165823
249.51725858739712,0.0,249.707,0.06352501817165823
249.98277586088108,0.0,250.172,0.44043128846684443
250.44829313436503,0.0,250.637,0.17245737615920564
250.91381040784898,0.0,251.103,0.03955979552830646
251.37932768133294,0.0,251.566,0.3249629370569993
251.84484495481686,0.0,252.032,0.10274071899022097
252.31036222830082,0.0,252.497,0.2138518280236097
252.77587950178477,0.0,252.963,0.17245737615920564
253.24139677526873,0.0,253.43,0.10056196794437877
253.70691404875268,0.0,253.895,0.2116730769777675
254.17243132223663,0.0,254.356,0.18117212062734556
254.6379485957206,0.0,254.826,-0.001834396620870482
255.1034658692045,0.0,255.289,0.024309317353095494
255.56898314268847,0.0,255.752,-0.021442376887765402
256.0345004161724,0.0,256.218,0.26613925597154164
256.5000176896564,0.0,256.683,0.4338952950445467
256.9655349631403,0.0,257.149,0.015594572884955138
257.4310522366243,0.0,257.616,0.4382525374210031
257.89656951010824,0.0,258.082,0.01341608155434093
258.3620867835922,0.0,258.541,0.26178201359508524
258.82760405707614,0.0,259.007,0.0831327387233256
259.2931213305601,0.0,259.474,0.28792572756905077
259.75863860404405,0.0,259.941,0.2225663127765225
260.22415587752795,0.0,260.404,0.16810013378274924
260.6896731510119,0.0,260.866,0.015594572884955138
261.15519042449586,0.0,261.333,-0.027978370310064005
261.6207076979798,0.0,261.796,0.009058839177884526
262.08622497146376,0.0,262.267,0.23781679095173391
262.5517422449477,0.0,262.729,0.3402134152322107
263.0172595184317,0.0,263.195,-0.014906383465467243
263.4827767919156,0.0,263.658,-0.03451436373236216
263.9482940653996,0.0,264.123,0.26613925597154164
264.41381133888353,0.0,264.589,-0.030156861640678212
264.8793286123675,0.0,265.054,0.015594572884955138
265.34484588585144,0.0,265.519,-0.08244454930383727
265.8103631593354,0.0,265.985,0.28792572756905077
266.27588043281935,0.0,266.445,0.18117212062734556
266.74139770630325,0.0,266.911,0.25960352226447103
267.2069149797872,0.0,267.379,0.405572830024739
267.67243225327115,0.0,267.841,-0.09769502747904868
268.1379495267551,0.0,268.311,0.1223484395418879
268.60346680023906,0.0,268.773,0.015594572884955138
269.068984073723,0.0,269.237,0.27049675806322604
269.53450134720697,0.0,269.7,0.06788226054811419
270.0000186206909,0.0,270.165,-0.027978370310064005
270.4655358941749,0.0,270.63,0.16374289140629283
270.93105316765883,0.0,271.096,-0.014906383465467243
271.3965704411428,0.0,271.563,0.45786025797267005
271.86208771462674,0.0,272.029,-0.0236211279336076
272.3276049881107,0.0,272.493,0.0787754963468692
272.79312226159465,0.0,272.959,-0.05412208428402954
273.25863953507854,0.0,273.426,-0.0671940711286263
273.7241568085625,0.0,273.891,0.015594572884955138
274.18967408204645,0.0,274.352,-0.030156861640678212
274.6551913555304,0.0,274.822,0.5057907032593736
275.12070862901436,0.0,275.282,-0.1260174924988564
275.5862259024983,0.0,275.752,0.015594572884955138
276.05174317598227,0.0,276.21,0.09838347661376456
276.5172604494662,0.0,276.681,0.037381304197692256
276.9827777229502,0.0,277.146,0.09838347661376456
277.44829499643413,0.0,277.611,0.18117212062734556
277.9138122699181,0.0,278.077,0.2116730769777675
278.37932954340204,0.0,278.541,0.3968583452718262
278.844846816886,0.0,279.0,0.10056196794437877
279.31036409036994,0.0,279.467,-0.0693725624592405
279.77588136385384,0.0,279.932,0.5166841987733557
280.2413986373378,0.0,280.4,0.37071463129785975
280.70691591082175,0.0,280.862,0.20077984117901337
281.1724331843057,0.0,281.326,0.47528974690895076
281.63795045778966,0.0,281.795,0.2094945856471533
282.1034677312736,0.0,282.259,0.015594572884955138
282.56898500475756,0.0,282.722,0.08531148976916736
283.0345022782415,0.0,283.188,0.4861827229924778
283.5000195517255,0.0,283.651,-0.014906383465467243
283.9655368252094,0.0,284.117,0.2312810572446633
284.4310540986934,0.0,284.581,0.14849241323108142
284.89657137217733,0.0,285.047,0.061346267125816034
285.3620886456613,0.0,285.512,-0.0780873069273813
285.82760591914524,0.0,285.978,-0.0671940711286263
286.29312319262914,0.0,286.445,0.18552936300380196
286.7586404661131,0.0,286.91,0.2116730769777675
287.22415773959705,0.0,287.371,0.15284965560753783
287.689675013081,0.0,287.84,-0.03669285506297637
288.15519228656495,0.0,288.304,-0.11076701432364544
288.6207095600489,0.0,288.766,0.18117212062734556
289.08622683353286,0.0,289.23,-0.37874092663128467
289.5517441070168,0.0,289.699,-0.03451436373236216
290.01726138050077,0.0,290.165,0.002522845755585923
290.4827786539847,0.0,290.63,0.342392166278052
290.9482959274687,0.0,291.097,0.006880088132042328
291.41381320095263,0.0,291.556,0.076596745301027
291.8793304744366,0.0,292.022,-0.09333778510259227
292.34484774792054,0.0,292.489,0.35328540207680703
292.8103650214045,0.0,292.955,0.00470133708620013
293.2758822948884,0.0,293.415,0.05481027370351743
293.74139956837234,0.0,293.884,-0.10205226985550464
294.2069168418563,0.0,294.345,0.061346267125816034
294.67243411534025,0.0,294.816,0.2160303193542239
295.1379513888242,0.0,295.278,0.09838347661376456
295.60346866230816,0.0,295.741,0.16156414036045064
296.0689859357921,0.0,296.207,-0.03669285506297637
296.53450320927607,0.0,296.677,0.37942911605077256
297.00002048276,0.0,297.135,0.48182574033124936
297.465537756244,0.0,297.6,0.35110665103096483
297.93105502972793,0.0,298.065,0.04391703790476287
298.3965723032119,0.0,298.53,0.076596745301027
298.86208957669584,0.0,298.996,0.06352501817165823
299.3276068501798,0.0,299.463,-0.04976484190757313
299.7931241236637,0.0,299.928,0.10491921032083518
300.25864139714764,0.0,300.397,0.5036122119287585
300.7241586706316,0.0,300.859,0.009058839177884526
301.18967594411555,0.0,301.322,-0.06283656903694235
301.6551932175995,0.0,301.785,0.061346267125816034
302.12071049108346,0.0,302.256,0.1375989177170993
302.5862277645674,0.0,302.718,0.2094945856471533
303.05174503805137,0.0,303.184,0.17245737615920564
303.5172623115353,0.0,303.65,0.04173854657414866
303.9827795850193,0.0,304.115,0.2094945856471533
304.4482968585032,0.0,304.577,-0.09769502747904868
304.9138141319872,0.0,305.043,0.1267056819183443
305.37933140547113,0.0,305.507,0.3249629370569993
305.8448486789551,0.0,305.973,-0.03887160610881857
306.310365952439,0.0,306.438,0.1288844329641865
306.77588322592294,0.0,306.904,0.08966873214562376
307.2414004994069,0.0,307.367,-0.04540759953111717
307.70691777289085,0.0,307.837,0.4033943386941248
308.1724350463748,0.0,308.3,0.25306752884217243
308.63795231985875,0.0,308.763,0.37725036500493037
309.1034695933427,0.0,309.226,0.2094945856471533
309.56898686682666,0.0,309.696,0.0264878086837097
310.0345041403106,0.0,310.162,0.17681461853566205
310.50002141379457,0.0,310.626,-0.025799619264221807
310.9655386872785,0.0,311.085,-0.08680179168029367
311.4310559607625,0.0,311.551,-0.04758609086173138
311.89657323424643,0.0,312.017,-0.09769502747904868
312.3620905077304,0.0,312.481,0.05045303132706147
312.8276077812143,0.0,312.947,0.4338952950445467
313.29312505469824,0.0,313.415,-0.056300835329871735
313.7586423281822,0.0,313.878,0.18552936300380196
314.22415960166614,0.0,314.341,0.39250110289536977
314.6896768751501,0.0,314.811,0.18117212062734556
315.15519414863405,0.0,315.274,-0.056300835329871735
315.620711422118,0.0,315.737,0.18988660538025837
316.08622869560196,0.0,316.203,0.4251808102916339
316.5517459690859,0.0,316.665,-0.0693725624592405
317.01726324256987,0.0,317.131,-0.1281962435446986
317.4827805160538,0.0,317.596,-0.10205226985550464
317.9482977895378,0.0,318.061,0.11145520374313289
318.41381506302173,0.0,318.526,0.17245737615920564
318.8793323365057,0.0,318.992,-0.14780396409636598
319.3448496099896,0.0,319.456,-0.0236211279336076
319.81036688347353,0.0,319.922,-0.09769502747904868
320.2758841569575,0.0,320.385,-0.041050097439432776
320.74140143044144,0.0,320.854,-0.1717691867397173
321.2069187039254,0.0,321.315,0.1397776687629415
321.67243597740935,0.0,321.785,-0.09987377852489043
322.1379532508933,0.0,322.248,0.006880088132042328
322.60347052437726,0.0,322.711,-0.09987377852489043
323.0689877978612,0.0,323.176,0.04827453999644682
323.53450507134517,0.0,323.641,-0.18048367149263012
324.0000223448291,0.0,324.106,-0.226235365733491
324.4655396183131,0.0,324.574,-0.04540759953111717
324.931056891797,0.0,325.04,0.17463612720504695
325.396574165281,0.0,325.504,0.0722395029245706
325.8620914387649,0.0,325.97,-0.014906383465467243
326.32760871224883,0.0,326.43,0.2116730769777675
326.7931259857328,0.0,326.896,-0.15869719989512054
327.25864325921674,0.0,327.363,-0.06501532008278454
327.7241605327007,0.0,327.825,-0.04322884848527497
328.18967780618465,0.0,328.296,-0.12383874145301421
328.6551950796686,0.0,328.758,-0.1260174924988564
329.12071235315256,0.0,329.227,-0.2654510665520533
329.5862296266365,0.0,329.689,0.15284965560753783
330.05174690012046,0.0,330.154,0.061346267125816034
330.5172641736044,0.0,330.619,-0.0236211279336076
330.98278144708837,0.0,331.085,-0.1739476780703315
331.4482987205723,0.0,331.552,-0.18266242253847187
331.9138159940563,0.0,332.01,-0.1695904356938751
332.3793332675402,0.0,332.475,-0.027978370310064005
332.84485054102413,0.0,332.941,0.0722395029245706
333.3103678145081,0.0,333.411,-0.14780396409636598
333.77588508799204,0.0,333.874,-0.1260174924988564
334.241402361476,0.0,334.337,-0.18266242253847187
334.70691963495995,0.0,334.807,-0.1783051801620159
335.1724369084439,0.0,335.267,0.04173854657414866
335.63795418192785,0.0,335.737,-0.041050097439432776
336.1034714554118,0.0,336.195,-0.017085134511308997
336.56898872889576,0.0,336.665,-0.004013147666712236
337.0345060023797,0.0,337.131,-0.19137690729138468
337.50002327586367,0.0,337.596,-0.09769502747904868
337.9655405493476,0.0,338.061,-0.10205226985550464
338.4310578228316,0.0,338.526,-0.20880613651243785
338.89657509631553,0.0,338.985,0.0286665597295519
339.3620923697994,0.0,339.452,-0.15433995751866414
339.8276096432834,0.0,339.918,-0.09551653614843403
340.29312691676733,0.0,340.386,-0.1260174924988564
340.7586441902513,0.0,340.848,0.1267056819183443
341.22416146373524,0.0,341.311,-0.14998271514220773
341.6896787372192,0.0,341.781,-0.226235365733491
342.15519601070315,0.0,342.244,-0.09769502747904868
342.6207132841871,0.0,342.707,0.0831327387233256
343.08623055767106,0.0,343.173,-0.19791290071368328
343.551747831155,0.0,343.637,-0.18484091386908652
344.01726510463897,0.0,344.103,-0.06283656903694235
344.4827823781229,0.0,344.567,-0.18919841596077047
344.9482996516069,0.0,345.033,0.10274071899022097
345.4138169250908,0.0,345.5,-0.041050097439432776
345.8793341985747,0.0,345.965,-0.027978370310064005
346.3448514720587,0.0,346.43,-0.04976484190757313
346.81036874554263,0.0,346.896,-0.215342129934736
347.2758860190266,0.0,347.359,0.09838347661376456
347.74140329251054,0.0,347.822,-0.041050097439432776
348.2069205659945,0.0,348.289,-0.1783051801620159
348.67243783947845,0.0,348.752,-0.03887160610881857
349.1379551129624,0.0,349.218,-0.25891507312975515
349.60347238644636,0.0,349.683,-0.1783051801620159
350.0689896599303,0.0,350.149,0.07006101159395639
350.53450693341426,0.0,350.615,0.076596745301027
351.0000242068982,0.0,351.081,-0.22841411677933277
351.46554148038217,0.0,351.545,-0.19791290071368328
351.9310587538661,0.0,352.011,-0.1260174924988564
352.39657602735,0.0,352.47,0.04827453999644682
352.862093300834,0.0,352.936,-0.11512425670010185
353.32761057431793,0.0,353.404,-0.1695904356938751
353.7931278478019,0.0,353.866,-0.13473223696699677
354.25864512128584,0.0,354.334,0.024309317353095494
354.7241623947698,0.0,354.797,-0.06501532008278454
355.18967966825375,0.0,355.26,-0.19355565833722688
355.6551969417377,0.0,355.729,-0.1173030077459436
356.12071421522165,0.0,356.195,0.1179911971654315
356.5862314887056,0.0,356.658,0.2094945856471533
357.05174876218956,0.0,357.124,-0.09987377852489043
357.5172660356735,0.0,357.589,0.18117212062734556
357.98278330915747,0.0,358.054,0.017773323930797336
358.4483005826414,0.0,358.519,0.2160303193542239
358.9138178561253,0.0,358.985,-0.09769502747904868
359.3793351296093,0.0,359.445,-0.14780396409636598
359.8448524030932,0.0,359.91,0.04173854657414866
360.3103696765772,0.0,360.382,0.011237330508498733
360.77588695006114,0.0,360.844,0.04173854657414866
361.2414042235451,0.0,361.311,0.05481027370351743
361.70692149702904,0.0,361.774,-0.08680179168029367
362.172438770513,0.0,362.237,-0.041050097439432776
362.63795604399695,0.0,362.7,-0.11076701432364544
363.1034733174809,0.0,363.165,0.36199988682971984
363.56899059096486,0.0,363.63,0.16156414036045064
364.0345078644488,0.0,364.096,0.0831327387233256
364.50002513793277,0.0,364.563,0.015594572884955138
364.9655424114167,0.0,365.029,0.0722395029245706
365.4310596849006,0.0,365.496,0.25306752884217243
365.89657695838457,0.0,365.955,-0.09769502747904868
366.3620942318685,0.0,366.427,0.4861827229924778
366.8276115053525,0.0,366.885,0.5471851551237776
367.29312877883643,0.0,367.355,-0.027978370310064005
367.7586460523204,0.0,367.818,0.34457065760866623
368.22416332580434,0.0,368.286,0.29664047203719157
368.6896805992883,0.0,368.748,-0.00837039004316864
369.15519787277225,0.0,369.213,0.18117212062734556
369.6207151462562,0.0,369.678,0.2094945856471533
370.08623241974016,0.0,370.143,0.2116730769777675
370.5517496932241,0.0,370.608,0.3249629370569993
371.01726696670806,0.0,371.074,0.2247450638223647
371.482784240192,0.0,371.542,0.2399955419975761
371.9483015136759,0.0,372.0,-0.025799619264221807
372.41381878715987,0.0,372.467,0.4251808102916339
372.8793360606438,0.0,372.933,0.18117212062734556
373.3448533341278,0.0,373.396,0.342392166278052
373.81037060761173,0.0,373.866,-0.027978370310064005
374.2758878810957,0.0,374.326,0.06352501817165823
374.74140515457964,0.0,374.796,0.24435278437403163
375.2069224280636,0.0,375.256,0.4338952950445467
375.67243970154755,0.0,375.726,0.1267056819183443
376.1379569750315,0.0,376.192,0.3162481925888585
376.60347424851545,0.0,376.655,0.39250110289536977
377.0689915219994,0.0,377.121,0.24435278437403163
377.53450879548336,0.0,377.586,0.0722395029245706
378.0000260689673,0.0,378.052,0.28792572756905077
378.4655433424512,0.0,378.511,0.3358561728557543
378.93106061593517,0.0,378.977,0.26831800701738384
379.3965778894191,0.0,379.442,0.5689716267212876
379.8620951629031,0.0,379.908,0.2988189633678058
380.327612436387,0.0,380.371,0.04391703790476287
380.793129709871,0.0,380.84,0.030845310775394097
381.25864698335494,0.0,381.304,0.6060085764940082
381.7241642568389,0.0,381.766,0.11145520374313289
382.18968153032284,0.0,382.23,0.4426097797974595
382.6551988038068,0.0,382.699,0.48836173375354797
383.12071607729075,0.0,383.165,0.300997714413648
383.5862333507747,0.0,383.63,0.09838347661376456
384.05175062425866,0.0,384.096,0.3075337078359457
384.5172678977426,0.0,384.556,0.47746823823956497
384.98278517122657,0.0,385.021,0.15284965560753783
385.44830244471046,0.0,385.486,0.14195641980878282
385.9138197181944,0.0,385.952,0.3227841860111571
386.3793369916784,0.0,386.415,0.05481027370351743
386.8448542651623,0.0,386.884,0.017773323930797336
387.3103715386463,0.0,387.348,0.11145520374313289
387.77588881213023,0.0,387.811,0.16374289140629283
388.2414060856142,0.0,388.281,-0.09769502747904868
388.70692335909814,0.0,388.744,0.3249629370569993
389.1724406325821,0.0,389.21,0.14195641980878282
389.63795790606605,0.0,389.673,0.1375989177170993
390.10347517955,0.0,390.139,0.35982139549910563
390.56899245303396,0.0,390.603,0.1267056819183443
391.0345097265179,0.0,391.069,-0.03451436373236216
391.50002700000186,0.0,391.534,0.2116730769777675
391.96554427348576,0.0,392.0,0.05481027370351743
392.4310615469697,0.0,392.464,0.27921124281613796
392.89657882045367,0.0,392.93,0.4142875744928789
393.3620960939376,0.0,393.393,0.5275771748568827
393.8276133674216,0.0,393.855,0.2399955419975761
394.29313064090553,0.0,394.326,0.18335061195795976
394.7586479143895,0.0,394.788,0.4338952950445467
395.22416518787344,0.0,395.252,0.12016994821127369
395.6896824613574,0.0,395.722,0.36199988682971984
396.15519973484135,0.0,396.18,0.06570350950227244
396.6207170083253,0.0,396.651,0.35546389340742124
397.08623428180925,0.0,397.116,0.23781679095173391
397.5517515552932,0.0,397.581,0.17027888482859144
398.01726882877716,0.0,398.04,0.15938564902983643
398.48278610226106,0.0,398.505,0.1267056819183443
398.948303375745,0.0,398.97,0.04391703790476287
399.41382064922897,0.0,399.437,0.47746823823956497
399.8793379227129,0.0,399.903,0.01995207497663909
400.3448551961969,0.0,400.371,-0.09769502747904868
400.81037246968083,0.0,400.833,0.45568176664205584
401.2758897431648,0.0,401.296,0.2399955419975761
401.74140701664874,0.0,401.766,0.2116730769777675
402.2069242901327,0.0,402.23,0.5188626901039699
402.67244156361664,0.0,402.692,0.20295859222485557
403.1379588371006,0.0,403.157,0.4338952950445467
403.60347611058455,0.0,403.622,0.2944617209913494
404.0689933840685,0.0,404.088,0.6474030283584122
404.53451065755246,0.0,404.552,-0.05412208428402954
405.00002793103636,0.0,405.018,0.11145520374313289
405.4655452045203,0.0,405.482,0.1310631840100287
405.93106247800426,0.0,405.949,0.0722395029245706
406.3965797514882,0.0,406.411,0.20295859222485557
406.8620970249722,0.0,406.881,0.1223484395418879
407.3276142984561,0.0,407.344,0.18335061195795976
407.7931315719401,0.0,407.807,0.015594572884955138
408.25864884542403,0.0,408.275,-0.05412208428402954
408.724166118908,0.0,408.738,0.1179911971654315
409.18968339239194,0.0,409.203,0.3075337078359457
409.6552006658759,0.0,409.666,0.5471851551237776
410.12071793935985,0.0,410.132,0.2160303193542239
410.5862352128438,0.0,410.596,0.2247450638223647
411.05175248632776,0.0,411.062,0.4338952950445467
411.51726975981165,0.0,411.529,0.01995207497663909
411.9827870332956,0.0,411.995,-0.05412208428402954
412.44830430677956,0.0,412.46,0.3249629370569993
412.9138215802635,0.0,412.926,0.14849241323108142
413.37933885374747,0.0,413.389,-0.017085134511308997
413.8448561272314,0.0,413.851,0.4208235679151775
414.3103734007154,0.0,414.319,0.27921124281613796
414.77589067419933,0.0,414.781,0.15502814693815203
415.2414079476833,0.0,415.249,0.14849241323108142
415.70692522116724,0.0,415.711,0.3227841860111571
416.1724424946512,0.0,416.176,-0.041050097439432776
416.63795976813515,0.0,416.641,0.3075337078359457
417.1034770416191,0.0,417.106,0.5864005962271124
417.56899431510305,0.0,417.571,0.4905402250841622
418.03451158858695,0.0,418.037,0.3053549567901044
418.5000288620709,0.0,418.504,0.35764264445326344
418.96554613555486,0.0,418.969,0.16810013378274924
419.4310634090388,0.0,419.434,0.2116730769777675
419.89658068252277,0.0,419.899,0.0722395029245706
420.3620979560067,0.0,420.363,0.18988660538025837
420.8276152294907,0.0,420.826,0.18988660538025837
421.29313250297463,0.0,421.296,0.04391703790476287
421.7586497764586,0.0,421.759,0.5580781312073047
422.22416704994254,0.0,422.23,0.2225663127765225
422.6896843234265,0.0,422.685,0.6909759715534314
423.15520159691044,0.0,423.15,0.15502814693815203
423.6207188703944,0.0,423.615,0.1267056819183443
424.08623614387835,0.0,424.08,0.46875375348665305
424.55175341736225,0.0,424.545,0.3075337078359457
425.0172706908462,0.0,425.011,0.6212590546692187
425.48278796433016,0.0,425.478,-0.014906383465467243
425.9483052378141,0.0,425.944,0.3227841860111571
426.41382251129806,0.0,426.411,0.405572830024739
426.879339784782,0.0,426.874,0.3031764654594902
427.344857058266,0.0,427.337,0.48836173375354797
427.8103743317499,0.0,427.807,0.29664047203719157
428.2758916052339,0.0,428.267,0.1267056819183443
428.74140887871783,0.0,428.737,0.35328540207680703
429.2069261522018,0.0,429.195,0.4273593016222481
429.67244342568574,0.0,429.665,0.1267056819183443
430.1379606991697,0.0,430.131,0.5711501180519019
430.60347797265365,0.0,430.596,0.24435278437403163
431.0689952461376,0.0,431.062,0.18117212062734556
431.5345125196215,0.0,431.526,0.29010447861489297
432.00002979310545,0.0,431.985,0.2988189633678058
432.4655470665894,0.0,432.457,0.0722395029245706
432.93106434007336,0.0,432.915,0.5842221048964982
433.3965816135573,0.0,433.385,0.061346267125816034
433.86209888704127,0.0,433.848,0.0264878086837097
434.3276161605252,0.0,434.311,0.3358561728557543
434.7931334340092,0.0,434.781,0.09838347661376456
435.25865070749313,0.0,435.245,0.5341131682791813
435.7241679809771,0.0,435.707,0.11363395478897509
436.18968525446104,0.0,436.173,0.00470133708620013
436.655202527945,0.0,436.64,0.35328540207680703
437.12071980142895,0.0,437.107,0.25306752884217243
437.5862370749129,0.0,437.567,0.09620472556792237
438.0517543483968,0.0,438.033,0.3162481925888585
438.51727162188075,0.0,438.497,0.23781679095173391
438.9827888953647,0.0,438.963,0.16156414036045064
439.44830616884866,0.0,439.43,0.0831327387233256
439.9138234423326,0.0,439.895,0.26613925597154164
440.37934071581657,0.0,440.356,0.0809542473927114
440.8448579893005,0.0,440.826,0.022130566307253297
441.3103752627845,0.0,441.289,0.0264878086837097
441.77589253626843,0.0,441.751,-0.1739476780703315
442.2414098097524,0.0,442.218,0.45786025797267005
442.70692708323634,0.0,442.682,0.06352501817165823
443.1724443567203,0.0,443.148,0.300997714413648
443.63796163020425,0.0,443.615,-0.021442376887765402
444.1034789036882,0.0,444.081,-0.03887160610881857
444.5689961771721,0.0,444.545,-0.08244454930383727
445.03451345065605,0.0,445.011,-1.9212244662541382
445.50003072414,0.0,445.471,-2.5356035626489284
445.96554799762396,0.0,445.937,-2.4920306194539097
446.4310652711079,0.0,446.4,-2.5356035626489284
446.89658254459187,0.0,446.87,-2.407063224394486
447.3620998180758,0.0,447.333,-2.4571721610118034
447.8276170915598,0.0,447.796,-2.483316004843383
448.2931343650437,0.0,448.263,-2.483316004843383
448.7586516385277,0.0,448.726,-2.600963107299071
449.22416891201163,0.0,449.191,-2.5290675692266302
449.6896861854956,0.0,449.655,-2.836257182352832
450.15520345897954,0.0,450.12,-2.5334249414607006
450.6207207324635,0.0,450.586,-2.483316004843383
451.0862380059474,0.0,451.051,-2.4898519982656815
451.55175527943135,0.0,451.516,-2.4920306194539097
452.0172725529153,0.0,451.981,-2.5356035626489284
452.48278982639926,0.0,452.448,-2.494209240642138
452.9483070998832,0.0,452.914,-2.531246320272472
453.41382437336716,0.0,453.381,-2.539960805025385
453.8793416468511,0.0,453.844,-2.5072810976291207
454.34485892033507,0.0,454.312,-2.5007452340644365
454.810376193819,0.0,454.774,-2.4920306194539097
455.275893467303,0.0,455.241,-2.4876732472198393
455.74141074078693,0.0,455.703,-2.4920306194539097
456.2069280142709,0.0,456.169,-2.5508541706817534
456.67244528775484,0.0,456.633,-2.5181743334278757
457.1379625612388,0.0,457.098,-2.5290675692266302
457.6034798347227,0.0,457.563,-2.531246320272472
458.06899710820664,0.0,458.029,-2.494209240642138
458.5345143816906,0.0,458.492,-2.511638469863191
459.00003165517455,0.0,458.958,-2.4854946260316115
459.4655489286585,0.0,459.423,-2.494209240642138
459.93106620214246,0.0,459.889,-2.5225317056619456
460.3965834756264,0.0,460.352,-2.483316004843383
460.86210074911037,0.0,460.822,-2.5552114130582098
461.3276180225943,0.0,461.281,-2.483316004843383
461.7931352960783,0.0,461.751,-2.5225317056619456
462.25865256956223,0.0,462.21,-2.483316004843383
462.7241698430462,0.0,462.68,-2.531246320272472
463.18968711653014,0.0,463.145,-2.330810573803203
463.6552043900141,0.0,463.607,-2.4876732472198393
464.120721663498,0.0,464.073,-2.496387861830366
464.58623893698194,0.0,464.537,-2.4854946260316115
465.0517562104659,0.0,465.003,-2.539960805025385
465.51727348394985,0.0,465.467,-2.509459718817349
465.9827907574338,0.0,465.932,-2.5225317056619456
466.44830803091776,0.0,466.4,-2.5334249414607006
466.9138253044017,0.0,466.862,-2.478958632609313
467.37934257788567,0.0,467.326,-2.539960805025385
467.8448598513696,0.0,467.796,-2.5007452340644365
468.3103771248536,0.0,468.256,-2.4920306194539097
468.7758943983375,0.0,468.726,-2.5290675692266302
469.2414116718215,0.0,469.185,-2.5290675692266302
469.70692894530544,0.0,469.651,-2.5072810976291207
470.1724462187894,0.0,470.116,-2.5464967984476834
470.6379634922733,0.0,470.585,-2.5290675692266302
471.10348076575724,0.0,471.05,-2.4854946260316115
471.5689980392412,0.0,471.515,-2.483316004843383
472.03451531272515,0.0,471.981,-2.537782183837157
472.5000325862091,0.0,472.44,-2.5072810976291207
472.96554985969306,0.0,472.906,-2.509459718817349
473.431067133177,0.0,473.374,-2.483316004843383
473.89658440666096,0.0,473.837,-2.5356035626489284
474.3621016801449,0.0,474.3,-2.5007452340644365
474.82761895362887,0.0,474.77,-2.4746013902328565
475.2931362271128,0.0,475.233,-2.5356035626489284
475.7586535005968,0.0,475.696,-2.4746013902328565
476.22417077408073,0.0,476.162,-2.4506362974471187
476.6896880475647,0.0,476.63,-2.509459718817349
477.1552053210486,0.0,477.095,-2.5203530844737174
477.62072259453254,0.0,477.56,-2.5813552568897897
478.0862398680165,0.0,478.025,-2.4920306194539097
478.55175714150045,0.0,478.485,-2.539960805025385
479.0172744149844,0.0,478.95,-2.5334249414607006
479.48279168846835,0.0,479.422,-2.4854946260316115
479.9483089619523,0.0,479.881,-2.4876732472198393
480.41382623543626,0.0,480.349,-2.483316004843383
480.8793435089202,0.0,480.81,-2.4876732472198393
481.34486078240417,0.0,481.278,-2.4876732472198393
481.8103780558881,0.0,481.741,-2.5203530844737174
482.2758953293721,0.0,482.207,-2.4767800114210847
482.74141260285603,0.0,482.677,-2.524710326850174
483.20692987634,0.0,483.135,-2.5356035626489284
483.67244714982394,0.0,483.6,-2.483316004843383
484.13796442330784,0.0,484.066,-2.5029238552526643
484.6034816967918,0.0,484.53,-2.4876732472198393
485.06899897027574,0.0,484.996,-2.5356035626489284
485.5345162437597,0.0,485.464,-2.537782183837157
486.00003351724365,0.0,485.929,-2.3482396731666424
486.4655507907276,0.0,486.392,-2.496387861830366
486.93106806421156,0.0,486.855,-2.559568655434666
487.3965853376955,0.0,487.326,-2.537782183837157
487.86210261117947,0.0,487.788,-2.494209240642138
488.3276198846634,0.0,488.252,-2.5290675692266302
488.7931371581474,0.0,488.722,-2.5007452340644365
489.2586544316313,0.0,489.18,-2.494209240642138
489.7241717051153,0.0,489.651,-2.494209240642138
490.18968897859924,0.0,490.116,-2.5334249414607006
490.65520625208313,0.0,490.581,-2.5290675692266302
491.1207235255671,0.0,491.04,-2.5290675692266302
491.58624079905104,0.0,491.505,-2.5203530844737174
492.051758072535,0.0,491.97,-2.478958632609313
492.51727534601895,0.0,492.437,-2.468065396810558
492.9827926195029,0.0,492.903,-2.4876732472198393
493.44830989298686,0.0,493.371,-2.4920306194539097
493.9138271664708,0.0,493.833,-2.5356035626489284
494.37934443995476,0.0,494.296,-2.483316004843383
494.8448617134387,0.0,494.766,-2.524710326850174
495.3103789869227,0.0,495.23,-2.5290675692266302
495.7758962604066,0.0,495.692,-2.511638469863191
496.2414135338906,0.0,496.158,-2.4898519982656815
496.70693080737453,0.0,496.623,-2.537782183837157
497.17244808085843,0.0,497.089,-2.5203530844737174
497.6379653543424,0.0,497.556,-0.0780873069273813
498.10348262782634,0.0,498.015,0.09838347661376456
498.5689999013103,0.0,498.481,-0.14344672171990958
499.03451717479425,0.0,498.947,-0.004013147666712236
499.5000344482782,0.0,499.415,-0.0780873069273813
499.96555172176215,0.0,499.878,0.15067090456169563
500.4310689952461,0.0,500.341,-0.014906383465467243
500.89658626873006,0.0,500.811,-0.08026579825799551
501.362103542214,0.0,501.274,-0.1260174924988564
501.82762081569797,0.0,501.737,-0.09115903405675008
502.2931380891819,0.0,502.203,0.01341608155434093
502.7586553626659,0.0,502.665,0.16374289140629283
503.22417263614983,0.0,503.131,-0.215342129934736
503.6896899096337,0.0,503.596,-0.04976484190757313
504.1552071831177,0.0,504.062,-0.13037473487531281
504.62072445660164,0.0,504.526,-0.16305444227157695
505.0862417300856,0.0,504.992,0.08966873214562376
505.55175900356954,0.0,505.456,-0.0693725624592405
506.0172762770535,0.0,505.921,-0.15433995751866414
506.48279355053745,0.0,506.389,-0.15433995751866414
506.9483108240214,0.0,506.852,0.06352501817165823
507.41382809750536,0.0,507.315,-0.06283656903694235
507.8793453709893,0.0,507.785,-0.041050097439432776
508.34486264447327,0.0,508.248,-0.1194814990765578
508.8103799179572,0.0,508.711,-0.05847932666048594
509.2758971914412,0.0,509.176,-0.09987377852489043
509.7414144649251,0.0,509.64,-0.07372980483569691
510.206931738409,0.0,510.106,-0.18048367149263012
510.672449011893,0.0,510.571,-0.1761264291161737
511.13796628537693,0.0,511.037,-0.10858826327780324
511.6034835588609,0.0,511.505,-0.06283656903694235
512.0690008323448,0.0,511.971,-0.09769502747904868
512.5345181058289,0.0,512.43,0.03520255315185006
513.0000353793127,0.0,512.896,0.15284965560753783
513.4655526527966,0.0,513.363,0.2116730769777675
513.9310699262807,0.0,513.826,-0.18919841596077047
514.3965871997646,0.0,514.296,0.17681461853566205
514.8621044732486,0.0,514.759,-0.03669285506297637
515.3276217467325,0.0,515.23,-0.20880613651243785
515.7931390202165,0.0,515.685,-0.13473223696699677
516.2586562937004,0.0,516.151,-0.04976484190757313
516.7241735671844,0.0,516.618,-0.1783051801620159
517.1896908406683,0.0,517.084,-0.0780873069273813
517.6552081141523,0.0,517.551,0.14413491113939791
518.1207253876362,0.0,518.01,0.076596745301027
518.5862426611202,0.0,518.477,0.1354204263864851
519.0517599346041,0.0,518.943,-0.15433995751866414
519.5172772080881,0.0,519.411,-0.06283656903694235
519.982794481572,0.0,519.874,0.15938564902983643
520.4483117550559,0.0,520.337,-0.15433995751866414
520.9138290285399,0.0,520.807,0.046095788950605066
521.3793463020238,0.0,521.268,-0.1260174924988564
521.8448635755078,0.0,521.73,-0.14344672171990958
522.3103808489917,0.0,522.196,-0.0236211279336076
522.7758981224757,0.0,522.666,-0.18484091386908652
523.2414153959596,0.0,523.131,0.01341608155434093
523.7069326694436,0.0,523.596,0.01341608155434093
524.1724499429275,0.0,524.062,0.0264878086837097
524.6379672164115,0.0,524.527,0.25742477121862883
525.1034844898954,0.0,524.985,0.06352501817165823
525.5690017633794,0.0,525.452,-0.1260174924988564
526.0345190368633,0.0,525.918,-0.10423102090134684
526.5000363103474,0.0,526.385,0.06352501817165823
526.9655535838313,0.0,526.847,-0.15216120647282194
527.4310708573151,0.0,527.311,0.17245737615920564
527.8965881307992,0.0,527.781,0.017773323930797336
528.362105404283,0.0,528.241,-0.14344672171990958
528.8276226777671,0.0,528.711,-0.03669285506297637
529.293139951251,0.0,529.177,-0.09987377852489043
529.758657224735,0.0,529.64,0.18770785433441617
530.2241744982189,0.0,530.106,-0.2654510665520533
530.6896917717029,0.0,530.571,-0.04322884848527497
531.1552090451868,0.0,531.037,-0.30030952499415964
531.6207263186708,0.0,531.496,-0.18701966491492827
532.0862435921547,0.0,531.962,-0.04540759953111717
532.5517608656387,0.0,532.426,-0.15433995751866414
533.0172781391226,0.0,532.892,-0.25673658179914094
533.4827954126065,0.0,533.355,-0.14998271514220773
533.9483126860905,0.0,533.826,-0.19791290071368328
534.4138299595744,0.0,534.289,-0.13691072829761097
534.8793472330584,0.0,534.751,0.04391703790476287
535.3448645065423,0.0,535.218,-0.18919841596077047
535.8103817800263,0.0,535.683,-0.21316337888889425
536.2758990535102,0.0,536.149,-0.09551653614843403
536.7414163269942,0.0,536.616,-0.004013147666712236
537.2069336004781,0.0,537.081,-0.11294550565425965
537.6724508739621,0.0,537.541,-0.22405661468764881
538.137968147446,0.0,538.007,-0.15869719989512054
538.60348542093,0.0,538.473,-0.15433995751866414
539.0690026944139,0.0,538.939,0.0722395029245706
539.534519967898,0.0,539.4,0.0809542473927114
540.0000372413818,0.0,539.87,0.017773323930797336
540.4655545148657,0.0,540.334,-0.15433995751866414
540.9310717883498,0.0,540.796,-0.16305444227157695
541.3965890618337,0.0,541.267,-0.04540759953111717
541.8621063353177,0.0,541.729,-0.05194333323818778
542.3276236088016,0.0,542.195,-0.19791290071368328
542.7931408822856,0.0,542.658,-0.14780396409636598
543.2586581557695,0.0,543.124,0.0809542473927114
543.7241754292535,0.0,543.589,-0.09115903405675008
544.1896927027374,0.0,544.055,-0.017085134511308997
544.6552099762214,0.0,544.519,-0.13473223696699677
545.1207272497053,0.0,544.985,0.15067090456169563
545.5862445231893,0.0,545.445,-0.1260174924988564
546.0517617966732,0.0,545.91,-0.04540759953111717
546.5172790701571,0.0,546.382,-0.03887160610881857
546.9827963436411,0.0,546.844,-0.14344672171990958
547.448313617125,0.0,547.305,0.19860134984839917
547.913830890609,0.0,547.774,-0.041050097439432776
548.3793481640929,0.0,548.237,0.20077984117901337
548.8448654375769,0.0,548.7,-0.1695904356938751
549.3103827110608,0.0,549.166,-0.2937735315718615
549.7758999845448,0.0,549.633,-0.06283656903694235
550.2414172580287,0.0,550.099,0.0809542473927114
550.7069345315127,0.0,550.564,0.076596745301027
551.1724518049966,0.0,551.029,-0.0715513135050827
551.6379690784806,0.0,551.497,-0.041050097439432776
552.1034863519645,0.0,551.955,0.009058839177884526
552.5690036254485,0.0,552.427,-0.04322884848527497
553.0345208989324,0.0,552.885,-0.10640977194718904
553.5000381724163,0.0,553.355,-0.1761264291161737
553.9655554459003,0.0,553.818,-0.23494985048640338
554.4310727193842,0.0,554.281,-0.14780396409636598
554.8965899928683,0.0,554.752,-0.1194814990765578
555.3621072663522,0.0,555.21,-0.20662764518182364
555.8276245398362,0.0,555.681,0.009058839177884526
556.2931418133201,0.0,556.146,-0.056300835329871735
556.7586590868041,0.0,556.612,-0.13908947934345317
557.224176360288,0.0,557.07,-0.2654510665520533
557.689693633772,0.0,557.537,0.015594572884955138
558.1552109072559,0.0,558.002,-0.08244454930383727
558.6207281807399,0.0,558.467,-0.014906383465467243
559.0862454542238,0.0,558.933,0.592936589649411
559.5517627277077,0.0,559.4,0.7737648752822404
560.0172800011917,0.0,559.863,0.3293201794334557
560.4827972746756,0.0,560.326,0.6670110086253072
560.9483145481596,0.0,560.796,0.37942911605077256
561.4138318216435,0.0,561.26,0.16374289140629283
561.8793490951275,0.0,561.722,0.24871002675048803
562.3448663686114,0.0,562.187,0.18335061195795976
562.8103836420954,0.0,562.651,0.16592138273690704
563.2759009155793,0.0,563.117,0.0722395029245706
563.7414181890633,0.0,563.581,0.0264878086837097
564.2069354625472,0.0,564.047,-0.03887160610881857
564.6724527360312,0.0,564.511,0.2247450638223647
565.1379700095151,0.0,564.977,0.009058839177884526
565.6034872829991,0.0,565.442,0.26613925597154164
566.069004556483,0.0,565.907,0.0722395029245706
566.5345218299669,0.0,566.37,0.15502814693815203
567.000039103451,0.0,566.84,0.8609107616722786
567.4655563769348,0.0,567.3,0.45786025797267005
567.9310736504189,0.0,567.77,0.2334595485752775
568.3965909239027,0.0,568.233,0.2399955419975761
568.8621081973868,0.0,568.696,0.2944617209913494
569.3276254708707,0.0,569.161,0.0722395029245706
569.7931427443547,0.0,569.626,0.4142875744928789
570.2586600178386,0.0,570.092,0.2988189633678058
570.7241772913226,0.0,570.559,0.06352501817165823
571.1896945648065,0.0,571.025,0.36417863787556204
571.6552118382905,0.0,571.49,0.27049675806322604
572.1207291117744,0.0,571.955,0.03520255315185006
572.5862463852583,0.0,572.423,0.14195641980878282
573.0517636587423,0.0,572.881,0.1267056819183443
573.5172809322262,0.0,573.349,0.015594572884955138
573.9827982057102,0.0,573.811,0.1397776687629415
574.4483154791941,0.0,574.281,-0.08462330034967946
574.9138327526781,0.0,574.744,-0.13908947934345317
575.379350026162,0.0,575.209,0.10491921032083518
575.844867299646,0.0,575.673,0.24435278437403163
576.3103845731299,0.0,576.139,0.2988189633678058
576.7759018466139,0.0,576.603,0.29010447861489297
577.2414191200978,0.0,577.069,-0.1173030077459436
577.7069363935818,0.0,577.537,-0.0671940711286263
578.1724536670657,0.0,577.995,-0.10640977194718904
578.6379709405497,0.0,578.463,0.0722395029245706
579.1034882140336,0.0,578.928,0.017773323930797336
579.5690054875175,0.0,579.396,0.0286665597295519
580.0345227610015,0.0,579.859,0.1267056819183443
580.5000400344854,0.0,580.326,0.4970762185064608
580.9655573079694,0.0,580.788,0.15284965560753783
581.4310745814533,0.0,581.256,-0.0715513135050827
581.8965918549374,0.0,581.719,-0.15433995751866414
582.3621091284213,0.0,582.185,0.19860134984839917
582.8276264019053,0.0,582.65,-0.0693725624592405
583.2931436753892,0.0,583.116,-0.14344672171990958
583.7586609488732,0.0,583.581,0.017773323930797336
584.2241782223571,0.0,584.04,0.0722395029245706
584.6896954958411,0.0,584.505,0.1179911971654315
585.155212769325,0.0,584.971,-0.03669285506297637
585.620730042809,0.0,585.438,-0.0715513135050827
586.0862473162929,0.0,585.903,-0.030156861640678212
586.5517645897768,0.0,586.367,-0.0715513135050827
587.0172818632608,0.0,586.83,-0.1674119443632609
587.4827991367447,0.0,587.3,0.0264878086837097
587.9483164102287,0.0,587.763,0.16810013378274924
588.4138336837126,0.0,588.23,-0.2654510665520533
588.8793509571966,0.0,588.692,0.09838347661376456
589.3448682306805,0.0,589.158,-0.18919841596077047
589.8103855041645,0.0,589.623,-0.20444889413598144
590.2759027776484,0.0,590.088,-0.03669285506297637
590.7414200511324,0.0,590.556,0.04827453999644682
591.2069373246163,0.0,591.021,0.04391703790476287
591.6724545981003,0.0,591.486,0.17899336958150336
592.1379718715842,0.0,591.952,-0.12383874145301421
592.6034891450681,0.0,592.415,0.2356382996211197
593.0690064185521,0.0,592.877,0.16374289140629283
593.534523692036,0.0,593.341,-0.09769502747904868
594.00004096552,0.0,593.811,0.04173854657414866
594.4655582390039,0.0,594.274,0.16156414036045064
594.931075512488,0.0,594.737,-0.0715513135050827
595.3965927859718,0.0,595.203,0.14631366218523922
595.8621100594559,0.0,595.666,-0.041050097439432776
596.3276273329398,0.0,596.131,-0.18048367149263012
596.7931446064238,0.0,596.596,-0.14562547276575133
597.2586618799077,0.0,597.061,0.2399955419975761
597.7241791533917,0.0,597.526,0.006880088132042328
598.1896964268756,0.0,597.992,-0.13691072829761097
598.6552137003596,0.0,598.456,-0.13255348592115457
599.1207309738435,0.0,598.922,0.022130566307253297
599.5862482473274,0.0,599.385,-0.14126797067406738
600.0517655208114,0.0,599.855,0.27049675806322604
600.5172827942953,0.0,600.318,-0.11294550565425965
600.9828000677793,0.0,600.781,0.03520255315185006
601.4483173412632,0.0,601.245,0.04827453999644682
601.9138346147472,0.0,601.714,-0.03669285506297637
602.3793518882311,0.0,602.18,0.0264878086837097
602.8448691617151,0.0,602.644,-0.04322884848527497
603.310386435199,0.0,603.109,-0.16305444227157695
603.775903708683,0.0,603.574,0.0264878086837097
604.2414209821669,0.0,604.04,0.09838347661376456
604.7069382556509,0.0,604.505,0.2312810572446633
605.1724555291348,0.0,604.97,-0.1216602501224
605.6379728026187,0.0,605.43,-0.09115903405675008
606.1034900761027,0.0,605.896,0.0831327387233256
606.5690073495866,0.0,606.363,0.19642259880255697
607.0345246230706,0.0,606.825,-0.10423102090134684
607.5000418965545,0.0,607.293,-0.0780873069273813
607.9655591700385,0.0,607.755,0.076596745301027
608.4310764435224,0.0,608.226,-0.1260174924988564
608.8965937170065,0.0,608.689,0.017773323930797336
609.3621109904904,0.0,609.155,-0.07372980483569691
609.8276282639744,0.0,609.615,-0.15216120647282194
610.2931455374583,0.0,610.08,-0.032335612686519966
610.7586628109423,0.0,610.552,-0.07372980483569691
611.2241800844262,0.0,611.01,-0.03669285506297637
611.6896973579102,0.0,611.475,-0.13691072829761097
612.1552146313941,0.0,611.941,-0.16087595094096274
612.620731904878,0.0,612.411,0.2399955419975761
613.086249178362,0.0,612.874,0.3206056946805429
613.5517664518459,0.0,613.337,0.0831327387233256
614.0172837253299,0.0,613.807,-0.0715513135050827
614.4828009988138,0.0,614.267,0.04827453999644682
614.9483182722978,0.0,614.737,-0.056300835329871735
615.4138355457817,0.0,615.196,0.03520255315185006
615.8793528192657,0.0,615.666,-0.10205226985550464
616.3448700927496,0.0,616.131,0.11145520374313289
616.8103873662336,0.0,616.596,-0.07590855588153911
617.2759046397175,0.0,617.061,0.3249629370569993
617.7414219132015,0.0,617.526,0.04827453999644682
618.2069391866854,0.0,617.991,-0.0236211279336076
618.6724564601693,0.0,618.456,0.15502814693815203
619.1379737336533,0.0,618.921,-0.14126797067406738
619.6034910071372,0.0,619.382,0.1267056819183443
620.0690082806212,0.0,619.852,-0.13908947934345317
620.5345255541051,0.0,620.315,-0.07590855588153911
621.0000428275891,0.0,620.778,-0.1717691867397173
621.465560101073,0.0,621.241,-0.0693725624592405
621.931077374557,0.0,621.711,0.18117212062734556
622.396594648041,0.0,622.177,-0.10858826327780324
622.862111921525,0.0,622.641,-0.07590855588153911
623.3276291950089,0.0,623.107,0.022130566307253297
623.7931464684929,0.0,623.566,0.1245271905877301
624.2586637419768,0.0,624.032,0.1375989177170993
624.7241810154608,0.0,624.5,-0.1260174924988564
625.1896982889447,0.0,624.965,-0.1739476780703315
625.6552155624286,0.0,625.43,-0.1652331933174187
626.1207328359126,0.0,625.896,0.07006101159395639
626.5862501093965,0.0,626.356,-0.18048367149263012
627.0517673828805,0.0,626.825,-0.10423102090134684
627.5172846563644,0.0,627.286,0.015594572884955138
627.9828019298484,0.0,627.755,-0.032335612686519966
628.4483192033323,0.0,628.222,-0.09769502747904868
628.9138364768163,0.0,628.685,-0.09769502747904868
629.3793537503002,0.0,629.151,0.1310631840100287
629.8448710237842,0.0,629.611,0.1267056819183443
630.3103882972681,0.0,630.076,0.024309317353095494
630.7759055707521,0.0,630.541,-0.14344672171990958
631.241422844236,0.0,631.006,-0.1194814990765578
631.70694011772,0.0,631.475,-0.0693725624592405
632.1724573912039,0.0,631.94,-0.09115903405675008
632.6379746646878,0.0,632.404,-0.11076701432364544
633.1034919381718,0.0,632.866,0.18117212062734556
633.5690092116557,0.0,633.337,0.0264878086837097
634.0345264851397,0.0,633.799,0.017773323930797336
634.5000437586236,0.0,634.26,-0.019263625841923204
634.9655610321076,0.0,634.73,-0.1260174924988564
635.4310783055915,0.0,635.196,-0.18048367149263012
635.8965955790756,0.0,635.659,-0.056300835329871735
636.3621128525594,0.0,636.124,-0.014906383465467243
636.8276301260435,0.0,636.589,-0.014906383465467243
637.2931473995274,0.0,637.055,0.08749024081500956
637.7586646730114,0.0,637.522,0.015594572884955138
638.2241819464953,0.0,637.98,-0.13473223696699677
638.6896992199792,0.0,638.445,0.046095788950605066
639.1552164934632,0.0,638.911,-0.09115903405675008
639.6207337669471,0.0,639.381,0.3249629370569993
640.0862510404311,0.0,639.844,-0.07590855588153911
640.551768313915,0.0,640.311,-0.11076701432364544
641.017285587399,0.0,640.774,0.01341608155434093
641.4828028608829,0.0,641.237,0.01995207497663909
641.9483201343669,0.0,641.7,0.1267056819183443
642.4138374078508,0.0,642.165,0.05916777579520183
642.8793546813348,0.0,642.631,0.1310631840100287
643.3448719548187,0.0,643.097,0.04827453999644682
643.8103892283027,0.0,643.564,-0.04540759953111717
644.2759065017866,0.0,644.03,-0.09987377852489043
644.7414237752706,0.0,644.496,0.04391703790476287
645.2069410487545,0.0,644.955,0.07006101159395639
645.6724583222384,0.0,645.423,0.08966873214562376
646.1379755957224,0.0,645.889,0.1158124461195893
646.6034928692063,0.0,646.352,-0.1695904356938751
647.0690101426903,0.0,646.822,-0.04322884848527497
647.5345274161742,0.0,647.285,-0.03669285506297637
648.0000446896582,0.0,647.749,-0.13255348592115457
648.4655619631421,0.0,648.214,0.16156414036045064
648.9310792366261,0.0,648.678,-0.09769502747904868
649.39659651011,0.0,649.143,-0.12383874145301421
649.862113783594,0.0,649.611,0.09838347661376456
650.327631057078,0.0,650.076,-0.20880613651243785
650.793148330562,0.0,650.541,0.28792572756905077
651.2586656040459,0.0,651.0,0.1288844329641865
651.7241828775298,0.0,651.468,0.14631366218523922
652.1897001510138,0.0,651.933,-0.14344672171990958
652.6552174244977,0.0,652.396,0.05481027370351743
653.1207346979817,0.0,652.866,0.022130566307253297
653.5862519714656,0.0,653.326,-0.056300835329871735
654.0517692449496,0.0,653.796,-0.18919841596077047
654.5172865184335,0.0,654.259,-0.14998271514220773
654.9828037919175,0.0,654.722,-0.25891507312975515
655.4483210654014,0.0,655.188,-0.021442376887765402
655.9138383388854,0.0,655.652,0.3380346641863685
656.3793556123693,0.0,656.118,0.0831327387233256
656.8448728858533,0.0,656.585,-0.056300835329871735
657.3103901593372,0.0,657.051,0.10056196794437877
657.7759074328212,0.0,657.514,-0.06283656903694235
658.2414247063051,0.0,657.98,-0.1739476780703315
658.706941979789,0.0,658.445,0.046095788950605066
659.172459253273,0.0,658.911,-0.11076701432364544
659.6379765267569,0.0,659.374,0.061346267125816034
660.1034938002409,0.0,659.836,0.030845310775394097
660.5690110737248,0.0,660.304,0.15284965560753783
661.0345283472088,0.0,660.766,0.04827453999644682
661.5000456206927,0.0,661.23,0.015594572884955138
661.9655628941767,0.0,661.699,-0.08462330034967946
662.4310801676606,0.0,662.165,0.04827453999644682
662.8965974411446,0.0,662.63,0.2094945856471533
663.3621147146285,0.0,663.096,-0.13691072829761097
663.8276319881126,0.0,663.556,-0.10423102090134684
664.2931492615965,0.0,664.02,0.030845310775394097
664.7586665350804,0.0,664.485,-0.032335612686519966
665.2241838085644,0.0,664.951,0.1267056819183443
665.6897010820483,0.0,665.422,-0.027978370310064005
666.1552183555323,0.0,665.881,0.07006101159395639
666.6207356290162,0.0,666.345,-0.1216602501224
667.0862529025002,0.0,666.815,0.16374289140629283
667.5517701759841,0.0,667.278,-0.16305444227157695
668.0172874494681,0.0,667.741,0.06570350950227244
668.482804722952,0.0,668.207,-0.10640977194718904
668.948321996436,0.0,668.67,0.07006101159395639
669.4138392699199,0.0,669.136,0.00470133708620013
669.8793565434039,0.0,669.6,0.1288844329641865
670.3448738168878,0.0,670.065,-0.056300835329871735
670.8103910903718,0.0,670.537,0.05481027370351743
671.2759083638557,0.0,670.995,-0.004013147666712236
671.7414256373396,0.0,671.467,-0.04976484190757313
672.2069429108236,0.0,671.925,0.022130566307253297
672.6724601843075,0.0,672.393,-0.22841411677933277
673.1379774577915,0.0,672.855,0.0831327387233256
673.6034947312754,0.0,673.322,0.076596745301027
674.0690120047594,0.0,673.785,-0.08680179168029367
674.5345292782433,0.0,674.256,-0.05412208428402954
675.0000465517273,0.0,674.719,-0.041050097439432776
675.4655638252112,0.0,675.184,0.35110665103096483
675.9310810986952,0.0,675.65,-0.09769502747904868
676.3965983721791,0.0,676.116,-0.10423102090134684
676.8621156456632,0.0,676.575,0.09838347661376456
677.327632919147,0.0,677.04,-0.09551653614843403
677.7931501926311,0.0,677.507,0.14413491113939791
678.258667466115,0.0,677.973,-0.09769502747904868
678.7241847395989,0.0,678.441,0.1310631840100287
679.1897020130829,0.0,678.906,-0.09769502747904868
679.6552192865668,0.0,679.367,0.03520255315185006
680.1207365600508,0.0,679.83,0.2356382996211197
680.5862538335347,0.0,680.3,-0.1281962435446986
681.0517711070187,0.0,680.763,-0.11294550565425965
681.5172883805026,0.0,681.226,-0.08898054272613587
681.9828056539866,0.0,681.696,0.017773323930797336
682.4483229274705,0.0,682.162,-0.03669285506297637
682.9138402009545,0.0,682.626,-0.13691072829761097
683.3793574744384,0.0,683.085,-0.1739476780703315
683.8448747479224,0.0,683.551,-0.18048367149263012
684.3103920214063,0.0,684.017,-0.09769502747904868
684.7759092948902,0.0,684.482,0.09838347661376456
685.2414265683742,0.0,684.948,-0.08898054272613587
685.7069438418581,0.0,685.411,-0.041050097439432776
686.1724611153421,0.0,685.881,-0.014906383465467243
686.637978388826,0.0,686.344,0.1179911971654315
687.10349566231,0.0,686.807,-0.04540759953111717
687.5690129357939,0.0,687.271,0.011237330508498733
688.0345302092779,0.0,687.741,0.01995207497663909
688.5000474827618,0.0,688.207,-0.07590855588153911
688.9655647562458,0.0,688.669,-0.1260174924988564
689.4310820297297,0.0,689.135,0.15720689798399423
689.8965993032137,0.0,689.6,-0.10205226985550464
690.3621165766976,0.0,690.066,0.024309317353095494
690.8276338501817,0.0,690.53,0.1397776687629415
691.2931511236656,0.0,690.996,0.052631782372903224
691.7586683971494,0.0,691.455,-0.15651870856450634
692.2241856706335,0.0,691.921,0.046095788950605066
692.6897029441174,0.0,692.389,0.1267056819183443
693.1552202176014,0.0,692.851,0.015594572884955138
693.6207374910853,0.0,693.319,-0.041050097439432776
694.0862547645693,0.0,693.781,0.2399955419975761
694.5517720380532,0.0,694.245,-0.1281962435446986
695.0172893115372,0.0,694.715,-0.04976484190757313
695.4828065850211,0.0,695.18,0.015594572884955138
695.9483238585051,0.0,695.644,0.0722395029245706
696.413841131989,0.0,696.11,0.16374289140629283
696.879358405473,0.0,696.575,0.15720689798399423
697.3448756789569,0.0,697.041,-0.16305444227157695
697.8103929524408,0.0,697.5,-0.1674119443632609
698.2759102259248,0.0,697.966,0.1179911971654315
698.7414274994087,0.0,698.431,-0.09987377852489043
699.2069447728927,0.0,698.896,0.1179911971654315
699.6724620463766,0.0,699.367,-0.14562547276575133
700.1379793198606,0.0,699.829,-0.014906383465467243
700.6034965933445,0.0,700.297,0.06352501817165823
701.0690138668285,0.0,700.759,-0.26109382417559734
701.5345311403124,0.0,701.23,-0.021442376887765402
702.0000484137964,0.0,701.685,-0.10423102090134684
702.4655656872803,0.0,702.15,0.18117212062734556
702.9310829607643,0.0,702.615,0.19424384775671477
703.3966002342482,0.0,703.08,-0.06501532008278454
703.8621175077323,0.0,703.549,0.10927671241251868
704.3276347812161,0.0,704.015,0.017773323930797336
704.7931520547,0.0,704.475,-0.014906383465467243
705.258669328184,0.0,704.94,-0.004013147666712236
705.724186601668,0.0,705.411,-0.11512425670010185
706.189703875152,0.0,705.874,-0.15651870856450634
706.6552211486359,0.0,706.337,-0.24802183733100058
707.1207384221199,0.0,706.8,0.04391703790476287
707.5862556956038,0.0,707.271,0.04827453999644682
708.0517729690878,0.0,707.733,-0.15433995751866414
708.5172902425717,0.0,708.199,-0.18048367149263012
708.9828075160557,0.0,708.661,0.09838347661376456
709.4483247895396,0.0,709.127,-0.056300835329871735
709.9138420630236,0.0,709.592,-0.2654510665520533
710.3793593365075,0.0,710.058,0.1267056819183443
710.8448766099914,0.0,710.522,-0.006191898712554433
711.3103938834754,0.0,710.988,-0.04758609086173138
711.7759111569593,0.0,711.453,-0.1652331933174187
712.2414284304433,0.0,711.919,-0.08462330034967946
712.7069457039272,0.0,712.382,0.017773323930797336
713.1724629774112,0.0,712.851,0.006880088132042328
713.6379802508951,0.0,713.311,0.00034409470974416934
714.1034975243791,0.0,713.781,0.1179911971654315
714.569014797863,0.0,714.244,-0.13037473487531281
715.034532071347,0.0,714.707,0.046095788950605066
715.5000493448309,0.0,715.173,-0.08898054272613587
715.9655666183149,0.0,715.637,-0.1260174924988564
716.4310838917988,0.0,716.103,-0.14998271514220773
716.8966011652828,0.0,716.57,0.076596745301027
717.3621184387667,0.0,717.036,0.17463612720504695
717.8276357122506,0.0,717.501,-0.05194333323818778
718.2931529857347,0.0,717.966,-0.06501532008278454
718.7586702592185,0.0,718.426,0.04827453999644682
719.2241875327026,0.0,718.891,0.1375989177170993
719.6897048061865,0.0,719.359,0.18335061195795976
720.1552220796705,0.0,719.822,-0.0693725624592405
720.6207393531544,0.0,720.285,0.1245271905877301
721.0862566266384,0.0,720.755,-0.041050097439432776
721.5517739001223,0.0,721.222,-0.09987377852489043
722.0172911736063,0.0,721.685,-0.18048367149263012
722.4828084470902,0.0,722.15,-0.1260174924988564
722.9483257205742,0.0,722.615,-0.13255348592115457
723.4138429940581,0.0,723.081,0.017773323930797336
723.8793602675421,0.0,723.541,-0.08462330034967946
724.344877541026,0.0,724.007,-0.04540759953111717
724.8103948145099,0.0,724.471,0.009058839177884526
725.2759120879939,0.0,724.937,0.01995207497663909
725.7414293614778,0.0,725.4,-0.18701966491492827
726.2069466349618,0.0,725.87,0.10709796136667737
726.6724639084457,0.0,726.333,-0.03887160610881857
727.1379811819297,0.0,726.796,0.17027888482859144
727.6034984554136,0.0,727.267,-0.021442376887765402
728.0690157288976,0.0,727.729,-0.18919841596077047
728.5345330023815,0.0,728.195,-0.15433995751866414
729.0000502758655,0.0,728.658,-0.056300835329871735
729.4655675493494,0.0,729.124,-0.11294550565425965
729.9310848228334,0.0,729.589,-0.056300835329871735
730.3966020963173,0.0,730.054,-0.03669285506297637
730.8621193698012,0.0,730.519,0.0722395029245706
731.3276366432852,0.0,730.985,-0.027978370310064005
731.7931539167691,0.0,731.445,-0.041050097439432776
732.2586711902532,0.0,731.911,-0.15433995751866414
732.724188463737,0.0,732.382,-0.13255348592115457
733.1897057372211,0.0,732.844,0.01341608155434093
733.655223010705,0.0,733.307,-0.18484091386908652
734.120740284189,0.0,733.77,0.076596745301027
734.5862575576729,0.0,734.241,0.05481027370351743
735.0517748311569,0.0,734.703,0.002522845755585923
735.5172921046408,0.0,735.169,-0.08462330034967946
735.9828093781248,0.0,735.633,0.076596745301027
736.4483266516087,0.0,736.099,-0.2175208809805782
736.9138439250927,0.0,736.564,-0.041050097439432776
737.3793611985766,0.0,737.03,0.15938564902983643
737.8448784720605,0.0,737.497,-0.0715513135050827
738.3103957455445,0.0,737.955,0.04173854657414866
738.7759130190284,0.0,738.427,0.15067090456169563
739.2414302925124,0.0,738.885,0.0722395029245706
739.7069475659963,0.0,739.356,0.17245737615920564
740.1724648394803,0.0,739.818,-0.13255348592115457
740.6379821129642,0.0,740.281,-0.11076701432364544
741.1034993864482,0.0,740.752,0.0264878086837097
741.5690166599321,0.0,741.21,-0.215342129934736
742.0345339334161,0.0,741.681,-0.15433995751866414
742.5000512069,0.0,742.14,-0.18919841596077047
742.965568480384,0.0,742.611,-0.04540759953111717
743.4310857538679,0.0,743.077,-0.08026579825799551
743.8966030273518,0.0,743.542,-0.0236211279336076
744.3621203008358,0.0,744.0,-0.18048367149263012
744.8276375743197,0.0,744.467,0.07006101159395639
745.2931548478037,0.0,744.933,-0.16305444227157695
745.7586721212876,0.0,745.4,-0.13473223696699677
746.2241893947717,0.0,745.863,-0.09551653614843403
746.6897066682556,0.0,746.326,-0.14344672171990958
747.1552239417396,0.0,746.796,0.26178201359508524
747.6207412152235,0.0,747.259,0.0831327387233256
748.0862584887075,0.0,747.722,0.18335061195795976
748.5517757621914,0.0,748.187,-0.13255348592115457
749.0172930356754,0.0,748.651,0.0722395029245706
749.4828103091593,0.0,749.117,-0.027978370310064005
749.9483275826433,0.0,749.582,0.011237330508498733
750.4138448561272,0.0,750.048,0.29228322966073517
750.8793621296111,0.0,750.515,0.05481027370351743
751.3448794030951,0.0,750.98,-0.03887160610881857
751.810396676579,0.0,751.445,-0.021442376887765402
752.275913950063,0.0,751.91,-0.08026579825799551
752.7414312235469,0.0,752.371,-0.04976484190757313
753.2069484970309,0.0,752.84,-0.15433995751866414
753.6724657705148,0.0,753.304,0.08531148976916736
754.1379830439988,0.0,753.766,-0.1260174924988564
754.6035003174827,0.0,754.23,0.0722395029245706
755.0690175909667,0.0,754.7,-0.18048367149263012
755.5345348644506,0.0,755.166,-0.1281962435446986
756.0000521379346,0.0,755.626,-0.20662764518182364
756.4655694114185,0.0,756.092,-0.0715513135050827
756.9310866849024,0.0,756.556,-0.1281962435446986
757.3966039583864,0.0,757.022,-0.1674119443632609
757.8621212318703,0.0,757.489,-0.13255348592115457
758.3276385053543,0.0,757.955,0.00470133708620013
758.7931557788382,0.0,758.415,0.01995207497663909
759.2586730523223,0.0,758.885,0.27921124281613796
759.7241903258061,0.0,759.348,-0.032335612686519966
760.1897075992902,0.0,759.81,-0.15433995751866414
760.655224872774,0.0,760.278,-0.2654510665520533
761.1207421462581,0.0,760.74,0.0722395029245706
761.586259419742,0.0,761.206,-0.027978370310064005
762.051776693226,0.0,761.676,-0.0715513135050827
762.5172939667099,0.0,762.135,-0.08244454930383727
762.9828112401939,0.0,762.6,-0.11076701432364544
763.4483285136778,0.0,763.065,-0.16305444227157695
763.9138457871617,0.0,763.537,-0.18048367149263012
764.3793630606457,0.0,763.995,-0.041050097439432776
764.8448803341296,0.0,764.467,0.04827453999644682
765.3103976076136,0.0,764.925,-0.014906383465467243
765.7759148810975,0.0,765.393,-0.14562547276575133
766.2414321545815,0.0,765.856,0.0264878086837097
766.7069494280654,0.0,766.326,-0.08462330034967946
767.1724667015494,0.0,766.789,-0.20880613651243785
767.6379839750333,0.0,767.252,-0.15433995751866414
768.1035012485173,0.0,767.722,0.00034409470974416934
768.5690185220012,0.0,768.18,0.1354204263864851
769.0345357954852,0.0,768.651,0.15502814693815203
769.5000530689691,0.0,769.11,0.0722395029245706
769.9655703424531,0.0,769.581,-0.12383874145301421
770.431087615937,0.0,770.047,-0.08026579825799551
770.8966048894209,0.0,770.511,-0.03887160610881857
771.3621221629049,0.0,770.97,-0.15433995751866414
771.8276394363888,0.0,771.442,0.25742477121862883
772.2931567098728,0.0,771.9,0.08749024081500956
772.7586739833567,0.0,772.37,-0.19137690729138468
773.2241912568408,0.0,772.832,0.24217429304341742
773.6897085303247,0.0,773.3,0.24653153541987383
774.1552258038087,0.0,773.763,-0.1717691867397173
774.6207430772926,0.0,774.226,0.1245271905877301
775.0862603507766,0.0,774.696,-0.06283656903694235
775.5517776242605,0.0,775.155,-0.14562547276575133
776.0172948977445,0.0,775.626,0.2399955419975761
776.4828121712284,0.0,776.085,0.08966873214562376
776.9483294447123,0.0,776.552,-0.2698083089285097
777.4138467181963,0.0,777.017,0.05481027370351743
777.8793639916802,0.0,777.483,-0.14998271514220773
778.3448812651642,0.0,777.948,-0.16087595094096274
778.8103985386481,0.0,778.411,-0.1281962435446986
779.2759158121321,0.0,778.881,-0.027978370310064005
779.741433085616,0.0,779.345,-0.08462330034967946
780.2069503591,0.0,779.807,-0.20880613651243785
780.6724676325839,0.0,780.275,-0.19573440938306863
781.1379849060679,0.0,780.737,0.10927671241251868
781.6035021795518,0.0,781.203,-0.1260174924988564
782.0690194530358,0.0,781.665,-0.19137690729138468
782.5345367265197,0.0,782.131,0.046095788950605066
783.0000540000037,0.0,782.596,-0.11076701432364544
783.4655712734876,0.0,783.062,0.03955979552830646
783.9310885469715,0.0,783.527,-0.16305444227157695
784.3966058204555,0.0,783.992,0.10491921032083518
784.8621230939394,0.0,784.459,-0.3220959965916692
785.3276403674234,0.0,784.925,-0.056300835329871735
785.7931576409073,0.0,785.385,-0.14998271514220773
786.2586749143913,0.0,785.855,-0.15433995751866414
786.7241921878752,0.0,786.315,0.18335061195795976
787.1897094613593,0.0,786.785,-0.14344672171990958
787.6552267348432,0.0,787.248,-0.09769502747904868
788.1207440083272,0.0,787.711,0.05481027370351743
788.5862612818111,0.0,788.177,-0.004013147666712236
789.0517785552951,0.0,788.64,-0.15651870856450634
789.517295828779,0.0,789.106,0.18552936300380196
789.9828131022629,0.0,789.571,0.1288844329641865
790.4483303757469,0.0,790.037,-0.15433995751866414
790.9138476492308,0.0,790.504,-0.14126797067406738
791.3793649227148,0.0,790.97,-0.20444889413598144
791.8448821961987,0.0,791.43,-0.03451436373236216
792.3103994696827,0.0,791.896,-0.1739476780703315
792.7759167431666,0.0,792.367,-0.10205226985550464
793.2414340166506,0.0,792.829,0.0809542473927114
793.7069512901345,0.0,793.293,0.04827453999644682
794.1724685636185,0.0,793.755,0.10927671241251868
794.6379858371024,0.0,794.222,-0.2175208809805782
795.1035031105864,0.0,794.685,0.015594572884955138
795.5690203840703,0.0,795.15,-0.19791290071368328
796.0345376575543,0.0,795.616,-0.03451436373236216
796.5000549310382,0.0,796.081,0.017773323930797336
796.9655722045221,0.0,796.548,-0.13908947934345317
797.4310894780061,0.0,797.014,0.08966873214562376
797.89660675149,0.0,797.478,0.2269235551529789
798.362124024974,0.0,797.944,-0.18701966491492827
798.8276412984579,0.0,798.407,-0.021442376887765402
799.293158571942,0.0,798.87,-0.09987377852489043
799.7586758454258,0.0,799.337,-0.15216120647282194
800.2241931189099,0.0,799.8,0.04173854657414866
800.6897103923937,0.0,800.27,-0.0236211279336076
801.1552276658778,0.0,800.733,-0.2196993723111924
801.6207449393617,0.0,801.199,-0.08462330034967946
802.0862622128457,0.0,801.662,0.0264878086837097
802.5517794863296,0.0,802.127,-0.041050097439432776
803.0172967598135,0.0,802.592,0.10056196794437877
803.4828140332975,0.0,803.058,-0.15433995751866414
803.9483313067814,0.0,803.522,-0.04322884848527497
804.4138485802654,0.0,803.987,-0.030156861640678212
804.8793658537493,0.0,804.453,-0.2196993723111924
805.3448831272333,0.0,804.919,-0.06283656903694235
805.8104004007172,0.0,805.381,0.017773323930797336
806.2759176742012,0.0,805.851,0.009058839177884526
806.7414349476851,0.0,806.312,-0.03669285506297637
807.2069522211691,0.0,806.781,-0.19791290071368328
807.672469494653,0.0,807.245,0.1267056819183443
808.137986768137,0.0,807.707,-0.10858826327780324
808.6035040416209,0.0,808.173,-0.20880613651243785
809.0690213151049,0.0,808.637,0.05481027370351743
809.5345385885888,0.0,809.103,0.19860134984839917
810.0000558620727,0.0,809.567,-0.00837039004316864
810.4655731355567,0.0,810.033,-0.09987377852489043
810.9310904090406,0.0,810.5,0.07006101159395639
811.3966076825246,0.0,810.965,-0.1260174924988564
811.8621249560085,0.0,811.43,-0.09115903405675008
812.3276422294925,0.0,811.896,0.015594572884955138
812.7931595029764,0.0,812.359,-0.1173030077459436
813.2586767764604,0.0,812.822,-0.15433995751866414
813.7241940499443,0.0,813.29,-0.19573440938306863
814.1897113234284,0.0,813.752,0.09838347661376456
814.6552285969123,0.0,814.219,-0.15433995751866414
815.1207458703963,0.0,814.682,-0.09551653614843403
815.5862631438802,0.0,815.148,-0.04540759953111717
816.0517804173642,0.0,815.616,-0.08244454930383727
816.5172976908481,0.0,816.081,0.03520255315185006
816.982814964332,0.0,816.541,-0.19791290071368328
817.448332237816,0.0,817.007,-0.3329892323904238
817.9138495112999,0.0,817.471,-0.20662764518182364
818.3793667847839,0.0,817.937,-0.1260174924988564
818.8448840582678,0.0,818.4,-0.08026579825799551
819.3104013317518,0.0,818.87,-0.11076701432364544
819.7759186052357,0.0,819.333,-0.030156861640678212
820.2414358787197,0.0,819.796,-0.1173030077459436
820.7069531522036,0.0,820.267,-0.08026579825799551
821.1724704256876,0.0,820.729,0.017773323930797336
821.6379876991715,0.0,821.195,-0.04976484190757313
822.1035049726555,0.0,821.657,-0.1173030077459436
822.5690222461394,0.0,822.123,-0.04322884848527497
823.0345395196233,0.0,822.588,-0.021442376887765402
823.5000567931073,0.0,823.054,-0.09769502747904868
823.9655740665912,0.0,823.518,0.07006101159395639
824.4310913400752,0.0,823.984,-0.056300835329871735
824.8966086135591,0.0,824.449,0.01341608155434093
825.3621258870431,0.0,824.915,0.1310631840100287
825.827643160527,0.0,825.378,0.0264878086837097
826.293160434011,0.0,825.84,-0.13908947934345317
826.7586777074949,0.0,826.311,0.05481027370351743
827.224194980979,0.0,826.773,-0.004013147666712236
827.6897122544628,0.0,827.241,0.16810013378274924
828.1552295279469,0.0,827.704,-0.1260174924988564
828.6207468014308,0.0,828.17,-0.1260174924988564
829.0862640749148,0.0,828.63,-0.1652331933174187
829.5517813483987,0.0,829.096,-0.1281962435446986
830.0172986218826,0.0,829.563,-0.05412208428402954
830.4828158953666,0.0,830.029,0.3053549567901044
830.9483331688505,0.0,830.492,-0.13908947934345317
831.4138504423345,0.0,830.958,0.0809542473927114
831.8793677158184,0.0,831.423,-0.10858826327780324
832.3448849893024,0.0,831.889,0.09838347661376456
832.8104022627863,0.0,832.352,0.09838347661376456
833.2759195362703,0.0,832.815,-0.2175208809805782
833.7414368097542,0.0,833.282,-0.2218781233570346
834.2069540832382,0.0,833.752,-0.017085134511308997
834.6724713567221,0.0,834.21,0.015594572884955138
835.1379886302061,0.0,834.68,0.00470133708620013
835.60350590369,0.0,835.145,-0.041050097439432776
836.0690231771739,0.0,835.612,-0.001834396620870482
836.5345404506579,0.0,836.07,-0.1194814990765578
837.0000577241418,0.0,836.537,-0.0671940711286263
837.4655749976258,0.0,837.002,-0.06501532008278454
837.9310922711097,0.0,837.468,0.0264878086837097
838.3966095445937,0.0,837.933,0.3075337078359457
838.8621268180776,0.0,838.396,-0.14780396409636598
839.3276440915616,0.0,838.866,0.1288844329641865
839.7931613650455,0.0,839.326,-0.1739476780703315
840.2586786385295,0.0,839.796,-0.1260174924988564
840.7241959120134,0.0,840.259,0.2203878214459083
841.1897131854975,0.0,840.722,-0.11512425670010185
841.6552304589814,0.0,841.188,-0.05412208428402954
842.1207477324654,0.0,841.651,-0.14126797067406738
842.5862650059493,0.0,842.117,-0.16305444227157695
843.0517822794332,0.0,842.581,-0.014906383465467243
843.5172995529172,0.0,843.047,0.10056196794437877
843.9828168264011,0.0,843.511,-0.1260174924988564
844.4483340998851,0.0,843.977,-0.027978370310064005
844.913851373369,0.0,844.441,0.011237330508498733
845.379368646853,0.0,844.906,0.1267056819183443
845.8448859203369,0.0,845.374,-0.04540759953111717
846.3104031938209,0.0,845.837,0.09838347661376456
846.7759204673048,0.0,846.304,0.09838347661376456
847.2414377407888,0.0,846.766,-0.18048367149263012
847.7069550142727,0.0,847.23,-0.05194333323818778
848.1724722877567,0.0,847.699,0.006880088132042328
848.6379895612406,0.0,848.165,-0.09987377852489043
849.1035068347245,0.0,848.629,-0.09987377852489043
849.5690241082085,0.0,849.095,0.024309317353095494
850.0345413816924,0.0,849.56,0.14631366218523922
850.5000586551764,0.0,850.025,0.00470133708620013
850.9655759286603,0.0,850.485,-0.14998271514220773
851.4310932021443,0.0,850.951,-0.025799619264221807
851.8966104756282,0.0,851.422,0.00470133708620013
852.3621277491122,0.0,851.881,-0.021442376887765402
852.8276450225961,0.0,852.349,0.2116730769777675
853.2931622960801,0.0,852.811,-0.03669285506297637
853.758679569564,0.0,853.282,-0.04976484190757313
854.224196843048,0.0,853.744,-0.18919841596077047
854.689714116532,0.0,854.209,-0.15433995751866414
855.155231390016,0.0,854.672,0.14631366218523922
855.6207486634999,0.0,855.138,-0.19791290071368328
856.0862659369838,0.0,855.604,0.24217429304341742
856.5517832104678,0.0,856.07,-0.1173030077459436
857.0173004839517,0.0,856.53,0.015594572884955138
857.4828177574357,0.0,856.996,-0.1173030077459436
857.9483350309196,0.0,857.463,-0.09987377852489043
858.4138523044036,0.0,857.929,0.0722395029245706
858.8793695778875,0.0,858.392,-0.14344672171990958
859.3448868513715,0.0,858.862,-0.22841411677933277
859.8104041248554,0.0,859.322,-0.0780873069273813
860.2759213983394,0.0,859.785,0.009058839177884526
860.7414386718233,0.0,860.256,-0.2937735315718615
861.2069559453073,0.0,860.718,-0.04976484190757313
861.6724732187912,0.0,861.184,0.04173854657414866
862.1379904922752,0.0,861.65,0.0831327387233256
862.6035077657591,0.0,862.116,-0.08026579825799551
863.069025039243,0.0,862.575,-0.0715513135050827
863.534542312727,0.0,863.041,-0.0780873069273813
864.0000595862109,0.0,863.508,-0.15433995751866414
864.4655768596949,0.0,863.974,-0.13473223696699677
864.9310941331788,0.0,864.441,0.2399955419975761
865.3966114066628,0.0,864.906,-0.09987377852489043
865.8621286801467,0.0,865.37,0.10056196794437877
866.3276459536307,0.0,865.833,-0.1652331933174187
866.7931632271146,0.0,866.296,0.24871002675048803
867.2586805005986,0.0,866.767,-0.1260174924988564
867.7241977740825,0.0,867.23,-0.0671940711286263
868.1897150475666,0.0,867.692,0.0831327387233256
868.6552323210504,0.0,868.157,-0.014906383465467243
869.1207495945343,0.0,868.623,0.1288844329641865
869.5862668680184,0.0,869.088,-0.18048367149263012
870.0517841415023,0.0,869.556,-0.05412208428402954
870.5173014149863,0.0,870.021,0.04173854657414866
870.9828186884702,0.0,870.486,0.0722395029245706
871.4483359619542,0.0,870.945,-0.18048367149263012
871.9138532354381,0.0,871.415,-0.22405661468764881
872.3793705089221,0.0,871.877,-0.021442376887765402
872.844887782406,0.0,872.341,-0.032335612686519966
873.31040505589,0.0,872.81,0.1397776687629415
873.7759223293739,0.0,873.271,-0.15433995751866414
874.2414396028579,0.0,873.741,-0.18266242253847187
874.7069568763418,0.0,874.206,-0.2872375381495629
875.1724741498258,0.0,874.669,-0.14344672171990958
875.6379914233097,0.0,875.135,0.14631366218523922
876.1035086967936,0.0,875.6,-0.23059260810994742
876.5690259702776,0.0,876.066,0.1267056819183443
877.0345432437615,0.0,876.529,-0.15433995751866414
877.5000605172455,0.0,876.995,0.037381304197692256
877.9655777907294,0.0,877.46,0.09838347661376456
878.4310950642134,0.0,877.926,-0.04540759953111717
878.8966123376973,0.0,878.389,0.09838347661376456
879.3621296111813,0.0,878.851,-0.18919841596077047
879.8276468846652,0.0,879.319,-0.10858826327780324
880.2931641581492,0.0,879.781,0.033023802106008304
880.7586814316331,0.0,880.245,-0.13255348592115457
881.2241987051171,0.0,880.714,0.29664047203719157
881.689715978601,0.0,881.18,0.0264878086837097
882.1552332520849,0.0,881.644,0.29664047203719157
882.620750525569,0.0,882.11,-0.16305444227157695
883.0862677990528,0.0,882.574,-0.09769502747904868
883.5517850725369,0.0,883.04,0.1310631840100287
884.0173023460208,0.0,883.5,-0.1695904356938751
884.4828196195048,0.0,883.965,0.09838347661376456
884.9483368929887,0.0,884.43,-0.056300835329871735
885.4138541664727,0.0,884.896,0.006880088132042328
885.8793714399566,0.0,885.363,0.009058839177884526
886.3448887134406,0.0,885.826,-0.014906383465467243
886.8104059869245,0.0,886.296,0.10491921032083518
887.2759232604085,0.0,886.759,-0.18048367149263012
887.7414405338924,0.0,887.23,-0.0715513135050827
888.2069578073764,0.0,887.685,-0.027978370310064005
888.6724750808603,0.0,888.151,0.25742477121862883
889.1379923543442,0.0,888.618,-0.13908947934345317
889.6035096278282,0.0,889.084,0.29664047203719157
890.0690269013121,0.0,889.549,0.09838347661376456
890.5345441747961,0.0,890.014,-0.19791290071368328
891.00006144828,0.0,890.479,-0.1652331933174187
891.465578721764,0.0,890.944,-0.15433995751866414
891.9310959952479,0.0,891.407,-0.06065807770632814
892.3966132687319,0.0,891.877,-0.1674119443632609
892.8621305422158,0.0,892.337,0.017773323930797336
893.3276478156998,0.0,892.8,-0.1260174924988564
893.7931650891837,0.0,893.27,-0.12383874145301421
894.2586823626677,0.0,893.733,0.1179911971654315
894.7241996361516,0.0,894.198,-0.1194814990765578
895.1897169096355,0.0,894.662,0.017773323930797336
895.6552341831195,0.0,895.127,-0.056300835329871735
896.1207514566034,0.0,895.592,-0.20662764518182364
896.5862687300875,0.0,896.059,0.20077984117901337
897.0517860035714,0.0,896.526,-0.14998271514220773
897.5173032770554,0.0,896.992,0.05481027370351743
897.9828205505393,0.0,897.456,-0.00837039004316864
898.4483378240233,0.0,897.921,0.09838347661376456
898.9138550975072,0.0,898.381,-0.08026579825799551
899.3793723709912,0.0,898.851,-0.20880613651243785
899.8448896444751,0.0,899.311,0.25088877779633023
900.3104069179591,0.0,899.781,-0.2654510665520533
900.775924191443,0.0,900.244,-0.15433995751866414
901.241441464927,0.0,900.707,0.10491921032083518
901.7069587384109,0.0,901.173,0.024309317353095494
902.1724760118948,0.0,901.637,-0.24366459495454418
902.6379932853788,0.0,902.103,-0.0780873069273813
903.1035105588627,0.0,902.567,-0.0780873069273813
903.5690278323467,0.0,903.033,-0.027978370310064005
904.0345451058306,0.0,903.5,-0.11512425670010185
904.5000623793146,0.0,903.966,-0.10205226985550464
904.9655796527985,0.0,904.431,-0.20662764518182364
905.4310969262825,0.0,904.896,0.0831327387233256
905.8966141997664,0.0,905.359,0.07006101159395639
906.3621314732504,0.0,905.822,0.07006101159395639
906.8276487467343,0.0,906.289,0.0722395029245706
907.2931660202183,0.0,906.752,-0.09987377852489043
907.7586832937022,0.0,907.218,-0.08026579825799551
908.2242005671862,0.0,907.683,-0.1739476780703315
908.6897178406701,0.0,908.149,-0.0780873069273813
909.155235114154,0.0,908.616,0.24435278437403163
909.620752387638,0.0,909.082,-0.16305444227157695
910.086269661122,0.0,909.542,0.022130566307253297
910.551786934606,0.0,910.007,-0.1281962435446986
911.0173042080899,0.0,910.474,0.015594572884955138
911.4828214815739,0.0,910.94,-0.09333778510259227
911.9483387550578,0.0,911.4,0.04173854657414866
912.4138560285418,0.0,911.87,-0.04322884848527497
912.8793733020257,0.0,912.333,-0.0715513135050827
913.3448905755097,0.0,912.796,0.015594572884955138
913.8104078489936,0.0,913.267,0.01995207497663909
914.2759251224776,0.0,913.729,-0.04540759953111717
914.7414423959615,0.0,914.195,-0.14562547276575133
915.2069596694454,0.0,914.658,-0.14562547276575133
915.6724769429294,0.0,915.124,0.20513708355546978
916.1379942164133,0.0,915.589,-0.13255348592115457
916.6035114898973,0.0,916.055,0.03955979552830646
917.0690287633812,0.0,916.515,-0.16305444227157695
917.5345460368652,0.0,916.98,0.009058839177884526
918.0000633103491,0.0,917.445,-0.07590855588153911
918.4655805838331,0.0,917.91,-0.14998271514220773
918.931097857317,0.0,918.378,-0.14998271514220773
919.396615130801,0.0,918.841,-0.0693725624592405
919.8621324042849,0.0,919.311,0.18770785433441617
920.3276496777689,0.0,919.774,0.1158124461195893
920.7931669512528,0.0,920.237,0.20077984117901337
921.2586842247368,0.0,920.7,0.015594572884955138
921.7242014982207,0.0,921.166,-0.04540759953111717
922.1897187717046,0.0,921.633,0.11145520374313289
922.6552360451886,0.0,922.099,0.09838347661376456
923.1207533186725,0.0,922.564,0.09402597452208017
923.5862705921566,0.0,923.029,0.00034409470974416934
924.0517878656404,0.0,923.497,-0.10423102090134684
924.5173051391245,0.0,923.962,-0.16305444227157695
924.9828224126084,0.0,924.426,-0.09769502747904868
925.4483396860924,0.0,924.892,-0.06501532008278454
925.9138569595763,0.0,925.352,-0.20444889413598144
926.3793742330603,0.0,925.815,-0.19791290071368328
926.8448915065442,0.0,926.285,0.06788226054811419
927.3104087800282,0.0,926.748,0.09838347661376456
927.7759260535121,0.0,927.214,-0.1717691867397173
928.241443326996,0.0,927.678,0.024309317353095494
928.70696060048,0.0,928.143,-0.04322884848527497
929.1724778739639,0.0,928.608,-0.014906383465467243
929.6379951474479,0.0,929.074,0.09838347661376456
930.1035124209318,0.0,929.541,-0.04322884848527497
930.5690296944158,0.0,930.006,0.18552936300380196
931.0345469678997,0.0,930.471,0.14849241323108142
931.5000642413837,0.0,930.937,-0.0780873069273813
931.9655815148676,0.0,931.4,0.03520255315185006
932.4310987883516,0.0,931.863,-0.15433995751866414
932.8966160618355,0.0,932.326,-0.032335612686519966
933.3621333353195,0.0,932.796,0.0264878086837097
933.8276506088034,0.0,933.259,-0.19355565833722688
934.2931678822874,0.0,933.722,0.0809542473927114
934.7586851557713,0.0,934.188,0.20731583460131198
935.2242024292552,0.0,934.652,-0.13037473487531281
935.6897197027392,0.0,935.117,0.08966873214562376
936.1552369762231,0.0,935.581,0.06788226054811419
936.6207542497071,0.0,936.047,-0.0715513135050827
937.086271523191,0.0,936.512,-0.03669285506297637
937.551788796675,0.0,936.978,-0.13255348592115457
938.017306070159,0.0,937.445,-0.20662764518182364
938.482823343643,0.0,937.91,-0.18048367149263012
938.9483406171269,0.0,938.371,0.03520255315185006
939.4138578906109,0.0,938.841,-0.0715513135050827
939.8793751640948,0.0,939.304,-0.1281962435446986
940.3448924375788,0.0,939.766,0.27921124281613796
940.8104097110627,0.0,940.23,-0.15433995751866414
941.2759269845466,0.0,940.7,-0.13473223696699677
941.7414442580306,0.0,941.165,-0.08898054272613587
942.2069615315145,0.0,941.63,-0.1717691867397173
942.6724788049985,0.0,942.096,0.3031764654594902
943.1379960784824,0.0,942.556,0.04827453999644682
943.6035133519664,0.0,943.021,-0.041050097439432776
944.0690306254503,0.0,943.485,-0.09987377852489043
944.5345478989343,0.0,943.951,0.1267056819183443
945.0000651724182,0.0,944.423,-0.06501532008278454
945.4655824459022,0.0,944.882,0.09838347661376456
945.9310997193861,0.0,945.345,0.08966873214562376
946.3966169928701,0.0,945.815,-0.1194814990765578
946.862134266354,0.0,946.278,-0.1173030077459436
947.327651539838,0.0,946.74,-0.1260174924988564
947.7931688133219,0.0,947.206,0.29010447861489297
948.2586860868058,0.0,947.676,0.1179911971654315
948.7242033602898,0.0,948.141,0.030845310775394097
949.1897206337737,0.0,948.6,0.2399955419975761
949.6552379072577,0.0,949.065,-0.11076701432364544
950.1207551807416,0.0,949.537,-0.18048367149263012
950.5862724542257,0.0,949.995,-0.014906383465467243
951.0517897277095,0.0,950.46,0.1267056819183443
951.5173070011936,0.0,950.926,-0.05412208428402954
951.9828242746775,0.0,951.396,-0.1281962435446986
952.4483415481615,0.0,951.859,0.0722395029245706
952.9138588216454,0.0,952.322,-0.23494985048640338
953.3793760951294,0.0,952.785,-0.08026579825799551
953.8448933686133,0.0,953.256,0.08749024081500956
954.3104106420972,0.0,953.719,-0.014906383465467243
954.7759279155812,0.0,954.184,0.08966873214562376
955.2414451890651,0.0,954.65,-0.15869719989512054
955.7069624625491,0.0,955.116,0.0264878086837097
956.172479736033,0.0,955.581,-0.030156861640678212
956.637997009517,0.0,956.047,-0.014906383465467243
957.1035142830009,0.0,956.511,0.09838347661376456
957.5690315564849,0.0,956.97,-0.09987377852489043
958.0345488299688,0.0,957.441,-0.18919841596077047
958.5000661034528,0.0,957.907,-0.14562547276575133
958.9655833769367,0.0,958.371,-0.1695904356938751
959.4311006504207,0.0,958.833,-0.13473223696699677
959.8966179239046,0.0,959.296,-0.11076701432364544
960.3621351973886,0.0,959.766,0.20077984117901337
960.8276524708725,0.0,960.23,-0.1260174924988564
961.2931697443564,0.0,960.692,0.18335061195795976
961.7586870178404,0.0,961.158,-0.13473223696699677
962.2242042913243,0.0,961.623,-0.017085134511308997
962.6897215648083,0.0,962.089,0.18335061195795976
963.1552388382922,0.0,962.556,0.07006101159395639
963.6207561117762,0.0,963.021,0.09402597452208017
964.0862733852601,0.0,963.486,0.26178201359508524
964.5517906587442,0.0,963.952,-0.13473223696699677
965.017307932228,0.0,964.415,0.10491921032083518
965.4828252057121,0.0,964.877,-0.10858826327780324
965.948342479196,0.0,965.341,-0.18048367149263012
966.41385975268,0.0,965.811,0.076596745301027
966.8793770261639,0.0,966.274,-0.056300835329871735
967.3448942996479,0.0,966.737,0.009058839177884526
967.8104115731318,0.0,967.203,0.009058839177884526
968.2759288466157,0.0,967.666,-0.16087595094096274
968.7414461200997,0.0,968.131,-0.15651870856450634
969.2069633935836,0.0,968.596,-0.14780396409636598
969.6724806670676,0.0,969.061,0.1288844329641865
970.1379979405515,0.0,969.526,0.1267056819183443
970.6035152140355,0.0,969.991,-0.09769502747904868
971.0690324875194,0.0,970.456,0.01341608155434093
971.5345497610034,0.0,970.921,0.03520255315185006
972.0000670344873,0.0,971.385,-0.09987377852489043
972.4655843079713,0.0,971.855,-0.15433995751866414
972.9311015814552,0.0,972.315,-0.03669285506297637
973.3966188549392,0.0,972.785,-0.10640977194718904
973.8621361284231,0.0,973.248,-0.20880613651243785
974.327653401907,0.0,973.711,0.037381304197692256
974.793170675391,0.0,974.176,-0.09115903405675008
975.2586879488749,0.0,974.64,-0.15433995751866414
975.7242052223589,0.0,975.106,0.1332416753406429
976.1897224958428,0.0,975.571,-0.15433995751866414
976.6552397693268,0.0,976.036,0.024309317353095494
977.1207570428107,0.0,976.504,0.015594572884955138
977.5862743162947,0.0,976.97,-0.0715513135050827
978.0517915897786,0.0,977.43,-0.1260174924988564
978.5173088632627,0.0,977.896,-0.0715513135050827
978.9828261367466,0.0,978.367,-0.09333778510259227
979.4483434102306,0.0,978.83,-0.15651870856450634
979.9138606837145,0.0,979.293,-0.0715513135050827
980.3793779571985,0.0,979.756,-0.18048367149263012
980.8448952306824,0.0,980.226,0.05481027370351743
981.3104125041663,0.0,980.689,0.15284965560753783
981.7759297776503,0.0,981.154,-0.09769502747904868
982.2414470511342,0.0,981.621,-0.004013147666712236
982.7069643246182,0.0,982.087,-0.1216602501224
983.1724815981021,0.0,982.552,-0.19355565833722688
983.6379988715861,0.0,983.01,-0.1260174924988564
984.10351614507,0.0,983.475,0.10927671241251868
984.569033418554,0.0,983.941,-0.00837039004316864
985.0345506920379,0.0,984.411,0.10927671241251868
985.5000679655219,0.0,984.874,0.09838347661376456
985.9655852390058,0.0,985.337,-0.1194814990765578
986.4311025124898,0.0,985.8,0.10056196794437877
986.8966197859737,0.0,986.267,0.1223484395418879
987.3621370594576,0.0,986.73,-0.11294550565425965
987.8276543329416,0.0,987.195,-0.1173030077459436
988.2931716064255,0.0,987.666,-0.10640977194718904
988.7586888799095,0.0,988.131,-0.25891507312975515
989.2242061533934,0.0,988.596,-0.23712860153224558
989.6897234268774,0.0,989.061,0.1179911971654315
990.1552407003613,0.0,989.526,0.17899336958150336
990.6207579738453,0.0,989.991,-0.0693725624592405
991.0862752473292,0.0,990.456,-0.12383874145301421
991.5517925208133,0.0,990.921,0.017773323930797336
992.0173097942971,0.0,991.382,-0.16087595094096274
992.4828270677812,0.0,991.851,-0.041050097439432776
992.948344341265,0.0,992.315,-0.19355565833722688
993.4138616147491,0.0,992.777,-0.20880613651243785
993.879378888233,0.0,993.245,-0.15651870856450634
994.3448961617169,0.0,993.707,0.2225663127765225
994.8104134352009,0.0,994.173,-0.15433995751866414
995.2759307086848,0.0,994.637,-0.0780873069273813
995.7414479821688,0.0,995.103,0.0264878086837097
996.2069652556527,0.0,995.567,-0.004013147666712236
996.6724825291367,0.0,996.033,0.04391703790476287
997.1379998026206,0.0,996.5,-0.04540759953111717
997.6035170761046,0.0,996.966,-0.14126797067406738
998.0690343495885,0.0,997.426,0.1179911971654315
998.5345516230725,0.0,997.891,0.015594572884955138
999.0000688965564,0.0,998.359,0.15067090456169563
999.4655861700404,0.0,998.822,-0.20662764518182364
999.9311034435243,0.0,999.285,0.009058839177884526
1000.3966207170082,0.0,999.755,0.015594572884955138
1000.8621379904922,0.0,1000.222,-0.05847932666048594
1001.3276552639761,0.0,1000.685,-0.22405661468764881
1001.7931725374601,0.0,1001.151,-0.0715513135050827
1002.258689810944,0.0,1001.611,-0.1194814990765578
1002.724207084428,0.0,1002.076,0.11145520374313289
1003.1897243579119,0.0,1002.541,0.10056196794437877
1003.6552416313959,0.0,1003.007,-0.18048367149263012
1004.1207589048798,0.0,1003.474,-0.11076701432364544
1004.5862761783638,0.0,1003.94,-0.014906383465467243
1005.0517934518477,0.0,1004.4,-0.2175208809805782
1005.5173107253318,0.0,1004.87,0.2269235551529789
1005.9828279988157,0.0,1005.333,0.15284965560753783
1006.4483452722997,0.0,1005.796,-0.09769502747904868
1006.9138625457836,0.0,1006.267,-0.15433995751866414
1007.3793798192675,0.0,1006.729,-0.08462330034967946
1007.8448970927515,0.0,1007.195,0.05481027370351743
1008.3104143662354,0.0,1007.658,0.09838347661376456
1008.7759316397194,0.0,1008.123,0.0809542473927114
1009.2414489132033,0.0,1008.589,0.0264878086837097
1009.7069661866873,0.0,1009.054,-0.041050097439432776
1010.1724834601712,0.0,1009.519,0.08749024081500956
1010.6380007336552,0.0,1009.985,-0.056300835329871735
1011.1035180071391,0.0,1010.445,-0.1783051801620159
1011.5690352806231,0.0,1010.911,-0.06065807770632814
1012.034552554107,0.0,1011.378,0.1267056819183443
1012.500069827591,0.0,1011.841,-0.15433995751866414
1012.9655871010749,0.0,1012.311,-0.05194333323818778
1013.4311043745589,0.0,1012.774,-0.1260174924988564
1013.8966216480428,0.0,1013.237,-0.12383874145301421
1014.3621389215267,0.0,1013.7,-0.11076701432364544
1014.8276561950107,0.0,1014.165,0.28574723623843656
1015.2931734684946,0.0,1014.63,0.14631366218523922
1015.7586907419786,0.0,1015.096,-0.20662764518182364
1016.2242080154625,0.0,1015.563,-0.08680179168029367
1016.6897252889465,0.0,1016.029,0.09620472556792237
1017.1552425624304,0.0,1016.496,0.11145520374313289
1017.6207598359144,0.0,1016.955,0.1179911971654315
1018.0862771093983,0.0,1017.427,-0.15216120647282194
1018.5517943828823,0.0,1017.885,0.1267056819183443
1019.0173116563662,0.0,1018.356,-0.1717691867397173
1019.4828289298503,0.0,1018.818,0.1332416753406429
1019.9483462033342,0.0,1019.281,-0.11294550565425965
1020.413863476818,0.0,1019.752,-0.041050097439432776
1020.8793807503021,0.0,1020.21,0.09838347661376456
1021.344898023786,0.0,1020.68,-0.1260174924988564
1021.81041529727,0.0,1021.146,-0.12383874145301421
1022.2759325707539,0.0,1021.611,-0.08898054272613587
1022.7414498442379,0.0,1022.076,0.08749024081500956
1023.2069671177218,0.0,1022.541,0.27485400043968156
1023.6724843912058,0.0,1023.006,-0.09769502747904868
1024.1380016646897,0.0,1023.471,-0.1216602501224
1024.6035189381737,0.0,1023.937,-0.019263625841923204
1025.0690362116577,0.0,1024.4,0.0831327387233256
1025.5345534851415,0.0,1024.862,-0.15216120647282194
1026.0000707586255,0.0,1025.33,-0.09769502747904868
1026.4655880321095,0.0,1025.793,0.015594572884955138
1026.9311053055933,0.0,1026.256,-0.019263625841923204
1027.3966225790773,0.0,1026.726,0.1288844329641865
1027.8621398525613,0.0,1027.191,-0.05194333323818778
1028.3276571260453,0.0,1027.654,0.024309317353095494
1028.793174399529,0.0,1028.12,-0.04758609086173138
1029.2586916730131,0.0,1028.585,-0.09115903405675008
1029.7242089464971,0.0,1029.051,-0.1739476780703315
1030.1897262199811,0.0,1029.515,-0.16087595094096274
1030.655243493465,0.0,1029.981,0.0831327387233256
1031.120760766949,0.0,1030.441,0.09838347661376456
1031.586278040433,0.0,1030.906,0.017773323930797336
1032.051795313917,0.0,1031.374,-0.13037473487531281
1032.5173125874007,0.0,1031.836,0.15067090456169563
1032.9828298608847,0.0,1032.304,0.2182090704000661
1033.4483471343688,0.0,1032.766,-0.041050097439432776
1033.9138644078525,0.0,1033.23,0.3336774218099121
1034.3793816813366,0.0,1033.7,-0.13908947934345317
1034.8448989548206,0.0,1034.165,0.29010447861489297
1035.3104162283046,0.0,1034.631,-0.056300835329871735
1035.7759335017884,0.0,1035.096,-0.06283656903694235
1036.2414507752724,0.0,1035.556,0.011237330508498733
1036.7069680487564,0.0,1036.021,-0.06065807770632814
1037.1724853222404,0.0,1036.486,-0.04322884848527497
1037.6380025957242,0.0,1036.951,0.006880088132042328
1038.1035198692082,0.0,1037.415,-0.1194814990765578
1038.5690371426922,0.0,1037.885,-0.1281962435446986
1039.0345544161762,0.0,1038.348,-0.1260174924988564
1039.50007168966,0.0,1038.81,-0.1739476780703315
1039.965588963144,0.0,1039.282,-0.3220959965916692
1040.431106236628,0.0,1039.744,0.08966873214562376
1040.8966235101118,0.0,1040.209,-0.15433995751866414
1041.3621407835958,0.0,1040.672,-0.15433995751866414
1041.8276580570798,0.0,1041.138,0.1267056819183443
1042.2931753305638,0.0,1041.604,-0.18048367149263012
1042.7586926040476,0.0,1042.07,0.04173854657414866
1043.2242098775316,0.0,1042.537,-0.15433995751866414
1043.6897271510156,0.0,1042.995,0.00470133708620013
1044.1552444244996,0.0,1043.467,0.10927671241251868
1044.6207616979834,0.0,1043.925,0.033023802106008304
1045.0862789714674,0.0,1044.392,0.0264878086837097
1045.5517962449514,0.0,1044.855,-0.06501532008278454
1046.0173135184355,0.0,1045.326,-0.09769502747904868
1046.4828307919192,0.0,1045.788,0.076596745301027
1046.9483480654033,0.0,1046.252,-0.04322884848527497
1047.4138653388873,0.0,1046.715,0.11145520374313289
1047.879382612371,0.0,1047.18,0.01995207497663909
1048.344899885855,0.0,1047.651,0.11145520374313289
1048.810417159339,0.0,1048.11,0.2988189633678058
1049.275934432823,0.0,1048.581,-0.09769502747904868
1049.7414517063069,0.0,1049.04,-0.0780873069273813
1050.2069689797909,0.0,1049.505,-0.0693725624592405
1050.6724862532749,0.0,1049.97,-0.14562547276575133
1051.138003526759,0.0,1050.437,-0.10640977194718904
1051.6035208002427,0.0,1050.903,0.046095788950605066
1052.0690380737267,0.0,1051.366,-0.16305444227157695
1052.5345553472107,0.0,1051.836,0.01341608155434093
1053.0000726206947,0.0,1052.3,-0.25237907970745654
1053.4655898941785,0.0,1052.763,-0.041050097439432776
1053.9311071676625,0.0,1053.226,-0.13691072829761097
1054.3966244411465,0.0,1053.696,0.1332416753406429
1054.8621417146303,0.0,1054.162,0.030845310775394097
1055.3276589881143,0.0,1054.626,-0.030156861640678212
1055.7931762615983,0.0,1055.085,0.09402597452208017
1056.2586935350823,0.0,1055.551,0.1332416753406429
1056.724210808566,0.0,1056.017,0.3075337078359457
1057.1897280820501,0.0,1056.481,0.061346267125816034
1057.6552453555341,0.0,1056.947,-0.07590855588153911
1058.1207626290181,0.0,1057.415,0.07006101159395639
1058.586279902502,0.0,1057.878,-0.1173030077459436
1059.051797175986,0.0,1058.341,-0.14780396409636598
1059.51731444947,0.0,1058.81,-0.19355565833722688
1059.9828317229537,0.0,1059.274,-0.12383874145301421
1060.4483489964377,0.0,1059.737,-0.03887160610881857
1060.9138662699218,0.0,1060.203,0.00034409470974416934
1061.3793835434058,0.0,1060.666,-0.10205226985550464
1061.8449008168895,0.0,1061.131,0.25088877779633023
1062.3104180903736,0.0,1061.596,0.1288844329641865
1062.7759353638576,0.0,1062.061,0.06352501817165823
1063.2414526373416,0.0,1062.526,-0.014906383465467243
1063.7069699108254,0.0,1062.992,-0.1260174924988564
1064.1724871843094,0.0,1063.46,0.05481027370351743
1064.6380044577934,0.0,1063.926,-0.09987377852489043
1065.1035217312774,0.0,1064.389,0.011237330508498733
1065.5690390047612,0.0,1064.851,0.0831327387233256
1066.0345562782452,0.0,1065.318,0.03520255315185006
1066.5000735517292,0.0,1065.781,-0.09987377852489043
1066.965590825213,0.0,1066.252,-0.11076701432364544
1067.431108098697,0.0,1066.714,0.15284965560753783
1067.896625372181,0.0,1067.18,0.300997714413648
1068.362142645665,0.0,1067.644,0.0722395029245706
1068.8276599191488,0.0,1068.11,0.15067090456169563
1069.2931771926328,0.0,1068.574,0.033023802106008304
1069.7586944661168,0.0,1069.04,-0.030156861640678212
1070.2242117396008,0.0,1069.504,-0.09769502747904868
1070.6897290130846,0.0,1069.97,-0.09769502747904868
1071.1552462865686,0.0,1070.43,0.1397776687629415
1071.6207635600526,0.0,1070.896,0.046095788950605066
1072.0862808335366,0.0,1071.367,0.00034409470974416934
1072.5517981070204,0.0,1071.829,0.01995207497663909
1073.0173153805044,0.0,1072.293,0.14631366218523922
1073.4828326539885,0.0,1072.756,0.34892789998512264
1073.9483499274722,0.0,1073.226,-0.041050097439432776
1074.4138672009562,0.0,1073.688,-0.08462330034967946
1074.8793844744403,0.0,1074.154,0.10927671241251868
1075.3449017479243,0.0,1074.619,0.1397776687629415
1075.810419021408,0.0,1075.085,0.18552936300380196
1076.275936294892,0.0,1075.551,0.15284965560753783
1076.741453568376,0.0,1076.01,0.09838347661376456
1077.20697084186,0.0,1076.482,0.04827453999644682
1077.6724881153439,0.0,1076.94,0.26396076464092744
1078.1380053888279,0.0,1077.408,0.03520255315185006
1078.603522662312,0.0,1077.87,-0.0780873069273813
1079.069039935796,0.0,1078.34,0.1332416753406429
1079.5345572092797,0.0,1078.803,-0.1695904356938751
1080.0000744827637,0.0,1079.267,-0.03669285506297637
1080.4655917562477,0.0,1079.737,0.033023802106008304
1080.9311090297315,0.0,1080.195,0.01995207497663909
1081.3966263032155,0.0,1080.665,0.0722395029245706
1081.8621435766995,0.0,1081.131,0.1332416753406429
1082.3276608501835,0.0,1081.596,0.1223484395418879
1082.7931781236673,0.0,1082.062,-0.18701966491492827
1083.2586953971513,0.0,1082.527,0.10056196794437877
1083.7242126706353,0.0,1082.985,0.1375989177170993
1084.1897299441193,0.0,1083.452,-0.14344672171990958
1084.6552472176031,0.0,1083.918,-0.10205226985550464
1085.1207644910871,0.0,1084.386,-0.09769502747904868
1085.5862817645711,0.0,1084.848,0.04391703790476287
1086.051799038055,0.0,1085.311,0.01341608155434093
1086.517316311539,0.0,1085.781,-0.08026579825799551
1086.982833585023,0.0,1086.245,0.04391703790476287
1087.448350858507,0.0,1086.707,-0.09115903405675008
1087.9138681319907,0.0,1087.173,0.01341608155434093
1088.3793854054747,0.0,1087.641,0.0722395029245706
1088.8449026789588,0.0,1088.107,0.2138518280236097
1089.3104199524428,0.0,1088.566,0.04173854657414866
1089.7759372259266,0.0,1089.032,0.0831327387233256
1090.2414544994106,0.0,1089.497,0.28792572756905077
1090.7069717728946,0.0,1089.963,-0.1216602501224
1091.1724890463786,0.0,1090.43,0.09838347661376456
1091.6380063198624,0.0,1090.896,0.037381304197692256
1092.1035235933464,0.0,1091.356,0.04827453999644682
1092.5690408668304,0.0,1091.825,0.18117212062734556
1093.0345581403142,0.0,1092.286,-0.1260174924988564
1093.5000754137982,0.0,1092.755,0.0286665597295519
1093.9655926872822,0.0,1093.226,-0.1652331933174187
1094.4311099607662,0.0,1093.681,0.046095788950605066
1094.89662723425,0.0,1094.147,-0.0236211279336076
1095.362144507734,0.0,1094.612,-0.030156861640678212
1095.827661781218,0.0,1095.077,-0.03669285506297637
1096.293179054702,0.0,1095.544,-0.1216602501224
1096.7586963281858,0.0,1096.01,-0.041050097439432776
1097.2242136016698,0.0,1096.475,-0.0715513135050827
1097.6897308751538,0.0,1096.94,0.15284965560753783
1098.1552481486378,0.0,1097.404,0.09184748319146596
1098.6207654221216,0.0,1097.866,0.2203878214459083
1099.0862826956056,0.0,1098.334,0.29664047203719157
1099.5517999690896,0.0,1098.797,0.05481027370351743
1100.0173172425734,0.0,1099.26,0.0722395029245706
1100.4828345160574,0.0,1099.729,-0.027978370310064005
1100.9483517895414,0.0,1100.195,-0.23712860153224558
1101.4138690630255,0.0,1100.658,-0.13908947934345317
1101.8793863365092,0.0,1101.124,0.11145520374313289
1102.3449036099933,0.0,1101.589,-0.1216602501224
1102.8104208834773,0.0,1102.054,0.15067090456169563
1103.2759381569613,0.0,1102.519,-0.041050097439432776
1103.741455430445,0.0,1102.985,0.03520255315185006
1104.206972703929,0.0,1103.445,0.11145520374313289
1104.672489977413,0.0,1103.911,-0.10640977194718904
1105.138007250897,0.0,1104.379,0.03520255315185006
1105.6035245243809,0.0,1104.841,0.0264878086837097
1106.0690417978649,0.0,1105.311,0.09838347661376456
1106.534559071349,0.0,1105.773,0.05481027370351743
1107.0000763448327,0.0,1106.237,0.15284965560753783
1107.4655936183167,0.0,1106.7,0.28356848519259437
1107.9311108918007,0.0,1107.165,-0.09333778510259227
1108.3966281652847,0.0,1107.63,0.015594572884955138
1108.8621454387685,0.0,1108.096,-0.07372980483569691
1109.3276627122525,0.0,1108.56,0.15284965560753783
1109.7931799857365,0.0,1109.026,0.25742477121862883
1110.2586972592205,0.0,1109.493,0.1179911971654315
1110.7242145327043,0.0,1109.958,0.015594572884955138
1111.1897318061883,0.0,1110.422,-0.08680179168029367
1111.6552490796723,0.0,1110.888,0.05481027370351743
1112.1207663531563,0.0,1111.356,0.15067090456169563
1112.5862836266401,0.0,1111.818,-0.07372980483569691
1113.0518009001241,0.0,1112.281,0.24435278437403163
1113.5173181736081,0.0,1112.752,-0.20662764518182364
1113.982835447092,0.0,1113.21,0.35328540207680703
1114.448352720576,0.0,1113.681,-0.15433995751866414
1114.91386999406,0.0,1114.146,0.3206056946805429
1115.379387267544,0.0,1114.611,0.3336774218099121
1115.8449045410277,0.0,1115.077,-0.16305444227157695
1116.3104218145118,0.0,1115.541,-0.09551653614843403
1116.7759390879958,0.0,1116.007,-0.09769502747904868
1117.2414563614798,0.0,1116.467,-0.09115903405675008
1117.7069736349636,0.0,1116.933,-0.18048367149263012
1118.1724909084476,0.0,1117.396,0.15502814693815203
1118.6380081819316,0.0,1117.866,0.2356382996211197
1119.1035254554154,0.0,1118.33,-0.09551653614843403
1119.5690427288994,0.0,1118.792,0.14631366218523922
1120.0345600023834,0.0,1119.256,-0.09987377852489043
1120.5000772758674,0.0,1119.726,0.061346267125816034
1120.9655945493512,0.0,1120.192,-0.15651870856450634
1121.4311118228352,0.0,1120.655,-0.08680179168029367
1121.8966290963192,0.0,1121.121,-0.11076701432364544
1122.3621463698032,0.0,1121.585,-0.1173030077459436
1122.827663643287,0.0,1122.051,0.342392166278052
1123.293180916771,0.0,1122.515,0.015594572884955138
1123.758698190255,0.0,1122.981,-0.0715513135050827
1124.224215463739,0.0,1123.445,-0.07590855588153911
1124.6897327372228,0.0,1123.911,0.1397776687629415
1125.1552500107068,0.0,1124.374,0.14631366218523922
1125.6207672841908,0.0,1124.836,-0.030156861640678212
1126.0862845576746,0.0,1125.304,-0.1216602501224
1126.5518018311586,0.0,1125.767,-0.14562547276575133
1127.0173191046426,0.0,1126.23,-0.08026579825799551
1127.4828363781266,0.0,1126.7,0.18770785433441617
1127.9483536516104,0.0,1127.166,-0.09115903405675008
1128.4138709250944,0.0,1127.625,0.0722395029245706
1128.8793881985785,0.0,1128.091,0.006880088132042328
1129.3449054720625,0.0,1128.556,-0.08680179168029367
1129.8104227455462,0.0,1129.022,0.015594572884955138
1130.2759400190303,0.0,1129.489,0.01995207497663909
1130.7414572925143,0.0,1129.955,0.05481027370351743
1131.2069745659983,0.0,1130.415,-0.15433995751866414
1131.672491839482,0.0,1130.885,0.1245271905877301
1132.138009112966,0.0,1131.348,-0.1281962435446986
1132.60352638645,0.0,1131.811,0.0831327387233256
1133.0690436599339,0.0,1132.281,0.2116730769777675
1133.5345609334179,0.0,1132.744,-0.04540759953111717
1134.000078206902,0.0,1133.21,-0.16305444227157695
1134.465595480386,0.0,1133.672,0.18335061195795976
1134.9311127538697,0.0,1134.138,-0.1260174924988564
1135.3966300273537,0.0,1134.604,-0.23059260810994742
1135.8621473008377,0.0,1135.07,-0.05412208428402954
1136.3276645743217,0.0,1135.53,-0.13255348592115457
1136.7931818478055,0.0,1135.995,0.25524602017278664
1137.2586991212895,0.0,1136.46,0.1397776687629415
1137.7242163947735,0.0,1136.925,0.10056196794437877
1138.1897336682575,0.0,1137.393,-0.1173030077459436
1138.6552509417413,0.0,1137.855,0.0744182539704128
1139.1207682152253,0.0,1138.326,-0.14344672171990958
1139.5862854887093,0.0,1138.788,-0.24366459495454418
1140.0518027621931,0.0,1139.256,-0.1216602501224
1140.5173200356771,0.0,1139.718,0.3162481925888585
1140.9828373091611,0.0,1140.184,-0.0693725624592405
1141.4483545826452,0.0,1140.65,0.01995207497663909
1141.913871856129,0.0,1141.116,-0.09769502747904868
1142.379389129613,0.0,1141.581,-0.16305444227157695
1142.844906403097,0.0,1142.047,-0.13255348592115457
1143.310423676581,0.0,1142.512,0.017773323930797336
1143.7759409500648,0.0,1142.97,0.0722395029245706
1144.2414582235488,0.0,1143.437,-0.23494985048640338
1144.7069754970328,0.0,1143.903,-0.03887160610881857
1145.1724927705166,0.0,1144.366,-0.10205226985550464
1145.6380100440006,0.0,1144.837,0.01341608155434093
1146.1035273174846,0.0,1145.3,0.16156414036045064
1146.5690445909686,0.0,1145.762,-0.1194814990765578
1147.0345618644524,0.0,1146.23,-0.021442376887765402
1147.5000791379364,0.0,1146.693,-0.041050097439432776
1147.9655964114204,0.0,1147.159,-0.1194814990765578
1148.4311136849044,0.0,1147.626,0.1267056819183443
1148.8966309583882,0.0,1148.091,-0.10423102090134684
1149.3621482318722,0.0,1148.555,-0.014906383465467243
1149.8276655053562,0.0,1149.021,0.0722395029245706
1150.2931827788402,0.0,1149.486,-0.056300835329871735
1150.758700052324,0.0,1149.951,-0.1783051801620159
1151.224217325808,0.0,1150.415,0.015594572884955138
1151.689734599292,0.0,1150.877,0.17463612720504695
1152.1552518727758,0.0,1151.345,0.08749024081500956
1152.6207691462598,0.0,1151.807,0.2356382996211197
1153.0862864197438,0.0,1152.27,0.05916777579520183
1153.5518036932278,0.0,1152.74,0.10491921032083518
1154.0173209667116,0.0,1153.206,0.10274071899022097
1154.4828382401956,0.0,1153.669,0.24653153541987383
1154.9483555136796,0.0,1154.135,0.017773323930797336
1155.4138727871637,0.0,1154.601,0.04827453999644682
1155.8793900606474,0.0,1155.066,-0.09987377852489043
1156.3449073341314,0.0,1155.526,0.16810013378274924
1156.8104246076155,0.0,1155.991,-0.09769502747904868
1157.2759418810995,0.0,1156.456,-0.16087595094096274
1157.7414591545833,0.0,1156.921,0.017773323930797336
1158.2069764280673,0.0,1157.385,0.00470133708620013
1158.6724937015513,0.0,1157.855,-0.021442376887765402
1159.138010975035,0.0,1158.318,0.03520255315185006
1159.603528248519,0.0,1158.781,-0.12383874145301421
1160.069045522003,0.0,1159.249,-0.09769502747904868
1160.534562795487,0.0,1159.711,-0.07372980483569691
1161.0000800689709,0.0,1160.176,0.18988660538025837
1161.4655973424549,0.0,1160.64,-0.1739476780703315
1161.931114615939,0.0,1161.106,0.04173854657414866
1162.396631889423,0.0,1161.57,0.2334595485752775
1162.8621491629067,0.0,1162.036,-0.18048367149263012
1163.3276664363907,0.0,1162.5,-0.04322884848527497
1163.7931837098747,0.0,1162.966,0.05916777579520183
1164.2587009833587,0.0,1163.433,0.05481027370351743
1164.7242182568425,0.0,1163.899,-0.2654510665520533
1165.1897355303265,0.0,1164.367,-0.25237907970745654
1165.6552528038105,0.0,1164.83,-0.09115903405675008
1166.1207700772943,0.0,1165.293,-0.14998271514220773
1166.5862873507783,0.0,1165.755,0.16592138273690704
1167.0518046242623,0.0,1166.226,0.006880088132042328
1167.5173218977463,0.0,1166.689,-0.13473223696699677
1167.9828391712301,0.0,1167.154,-0.12383874145301421
1168.4483564447141,0.0,1167.619,-0.07372980483569691
1168.9138737181981,0.0,1168.085,0.024309317353095494
1169.3793909916822,0.0,1168.551,0.04391703790476287
1169.844908265166,0.0,1169.017,0.16156414036045064
1170.31042553865,0.0,1169.481,0.15284965560753783
1170.775942812134,0.0,1169.94,0.18552936300380196
1171.241460085618,0.0,1170.408,-0.03669285506297637
1171.7069773591018,0.0,1170.87,0.01995207497663909
1172.1724946325858,0.0,1171.341,-0.10858826327780324
1172.6380119060698,0.0,1171.803,-0.18048367149263012
1173.1035291795536,0.0,1172.267,-0.041050097439432776
1173.5690464530376,0.0,1172.737,0.18117212062734556
1174.0345637265216,0.0,1173.195,0.06352501817165823
1174.5000810000056,0.0,1173.665,0.09838347661376456
1174.9655982734894,0.0,1174.131,-0.041050097439432776
1175.4311155469734,0.0,1174.596,-0.017085134511308997
1175.8966328204574,0.0,1175.055,0.0722395029245706
1176.3621500939414,0.0,1175.522,-0.1260174924988564
1176.8276673674252,0.0,1175.988,0.01341608155434093
1177.2931846409092,0.0,1176.453,0.04391703790476287
1177.7587019143932,0.0,1176.918,0.16156414036045064
1178.224219187877,0.0,1177.381,-0.09987377852489043
1178.689736461361,0.0,1177.851,-0.032335612686519966
1179.155253734845,0.0,1178.311,0.0722395029245706
1179.620771008329,0.0,1178.781,-0.041050097439432776
1180.0862882818128,0.0,1179.241,0.15284965560753783
1180.5518055552968,0.0,1179.711,-0.1173030077459436
1181.0173228287808,0.0,1180.176,0.3206056946805429
1181.4828401022648,0.0,1180.641,0.11145520374313289
1181.9483573757486,0.0,1181.106,-0.09769502747904868
1182.4138746492326,0.0,1181.566,-0.08026579825799551
1182.8793919227166,0.0,1182.032,0.3140697012582443
1183.3449091962007,0.0,1182.497,-0.09115903405675008
1183.8104264696844,0.0,1182.963,0.022130566307253297
1184.2759437431685,0.0,1183.43,0.01341608155434093
1184.7414610166525,0.0,1183.896,0.015594572884955138
1185.2069782901362,0.0,1184.359,0.03520255315185006
1185.6724955636203,0.0,1184.822,-0.0236211279336076
1186.1380128371043,0.0,1185.29,0.03520255315185006
1186.6035301105883,0.0,1185.752,-0.0236211279336076
1187.069047384072,0.0,1186.219,-0.06283656903694235
1187.534564657556,0.0,1186.684,0.046095788950605066
1188.00008193104,0.0,1187.149,-0.0671940711286263
1188.465599204524,0.0,1187.615,-0.1260174924988564
1188.9311164780079,0.0,1188.081,0.18988660538025837
1189.396633751492,0.0,1188.541,0.1397776687629415
1189.862151024976,0.0,1189.006,0.0722395029245706
1190.32766829846,0.0,1189.471,-0.0780873069273813
1190.7931855719437,0.0,1189.936,0.14631366218523922
1191.2587028454277,0.0,1190.4,-0.017085134511308997
1191.7242201189117,0.0,1190.87,0.07006101159395639
1192.1897373923955,0.0,1191.333,0.1332416753406429
1192.6552546658795,0.0,1191.796,0.076596745301027
1193.1207719393635,0.0,1192.267,0.024309317353095494
1193.5862892128475,0.0,1192.729,0.1179911971654315
1194.0518064863313,0.0,1193.194,0.061346267125816034
1194.5173237598153,0.0,1193.657,-0.1717691867397173
1194.9828410332993,0.0,1194.123,-0.10858826327780324
1195.4483583067833,0.0,1194.585,-0.18484091386908652
1195.9138755802671,0.0,1195.05,0.15720689798399423
1196.3793928537511,0.0,1195.515,-0.021442376887765402
1196.8449101272352,0.0,1195.981,0.09402597452208017
1197.3104274007192,0.0,1196.448,0.0744182539704128
1197.775944674203,0.0,1196.913,0.0264878086837097
1198.241461947687,0.0,1197.382,-0.23712860153224558
1198.706979221171,0.0,1197.844,0.0809542473927114
1199.1724964946548,0.0,1198.308,-0.15869719989512054
1199.6380137681388,0.0,1198.771,-0.0693725624592405
1200.1035310416228,0.0,1199.241,0.10491921032083518
1200.5690483151068,0.0,1199.703,-0.11076701432364544
1201.0345655885906,0.0,1200.169,-0.15433995751866414
1201.5000828620746,0.0,1200.636,-0.09769502747904868
1201.9656001355586,0.0,1201.101,-0.09987377852489043
1202.4311174090426,0.0,1201.567,0.061346267125816034
1202.8966346825264,0.0,1202.025,0.16810013378274924
1203.3621519560104,0.0,1202.496,0.15720689798399423
1203.8276692294944,0.0,1202.955,0.09402597452208017
1204.2931865029784,0.0,1203.427,-0.1173030077459436
1204.7587037764622,0.0,1203.885,-0.08244454930383727
1205.2242210499462,0.0,1204.352,-0.06283656903694235
1205.6897383234302,0.0,1204.815,-0.30684551841645824
1206.155255596914,0.0,1205.286,0.16374289140629283
1206.620772870398,0.0,1205.748,0.25306752884217243
1207.086290143882,0.0,1206.214,-0.06283656903694235
1207.551807417366,0.0,1206.677,0.07006101159395639
1208.0173246908498,0.0,1207.143,-0.08462330034967946
1208.4828419643338,0.0,1207.608,-0.1717691867397173
1208.9483592378178,0.0,1208.073,-0.10858826327780324
1209.4138765113019,0.0,1208.541,0.0787754963468692
1209.8793937847856,0.0,1209.0,-0.1173030077459436
1210.3449110582696,0.0,1209.466,-0.03669285506297637
1210.8104283317537,0.0,1209.932,0.1245271905877301
1211.2759456052374,0.0,1210.4,-0.1260174924988564
1211.7414628787214,0.0,1210.862,0.16810013378274924
1212.2069801522055,0.0,1211.33,0.27485400043968156
1212.6724974256895,0.0,1211.792,-0.07372980483569691
1213.1380146991733,0.0,1212.26,-0.03887160610881857
1213.6035319726573,0.0,1212.722,0.0722395029245706
1214.0690492461413,0.0,1213.187,-0.1216602501224
1214.5345665196253,0.0,1213.651,0.076596745301027
1215.000083793109,0.0,1214.117,0.0264878086837097
1215.465601066593,0.0,1214.582,0.35328540207680703
1215.931118340077,0.0,1215.048,-0.041050097439432776
1216.396635613561,0.0,1215.515,0.1332416753406429
1216.8621528870449,0.0,1215.98,-0.18048367149263012
1217.327670160529,0.0,1216.445,0.18988660538025837
1217.793187434013,0.0,1216.911,0.046095788950605066
1218.2587047074967,0.0,1217.374,-0.08680179168029367
1218.7242219809807,0.0,1217.836,-0.027978370310064005
1219.1897392544647,0.0,1218.304,0.06570350950227244
1219.6552565279487,0.0,1218.767,0.27921124281613796
1220.1207738014325,0.0,1219.23,0.04173854657414866
1220.5862910749165,0.0,1219.7,-0.014906383465467243
1221.0518083484005,0.0,1220.166,0.10927671241251868
1221.5173256218845,0.0,1220.631,-0.1216602501224
1221.9828428953683,0.0,1221.096,0.15502814693815203
1222.4483601688523,0.0,1221.556,0.006880088132042328
1222.9138774423363,0.0,1222.021,-0.16087595094096274
1223.3793947158204,0.0,1222.485,0.09838347661376456
1223.8449119893041,0.0,1222.95,-0.13473223696699677
1224.3104292627881,0.0,1223.422,0.16156414036045064
1224.7759465362722,0.0,1223.881,0.14631366218523922
1225.241463809756,0.0,1224.348,0.0722395029245706
1225.70698108324,0.0,1224.811,-0.14780396409636598
1226.172498356724,0.0,1225.281,-0.11512425670010185
1226.638015630208,0.0,1225.744,0.18770785433441617
1227.1035329036918,0.0,1226.21,0.18117212062734556
1227.5690501771758,0.0,1226.673,0.006880088132042328
1228.0345674506598,0.0,1227.138,0.002522845755585923
1228.5000847241438,0.0,1227.603,0.10927671241251868
1228.9656019976276,0.0,1228.069,-0.0236211279336076
1229.4311192711116,0.0,1228.533,-0.041050097439432776
1229.8966365445956,0.0,1228.999,-0.0715513135050827
1230.3621538180796,0.0,1229.467,0.1267056819183443
1230.8276710915634,0.0,1229.925,0.16156414036045064
1231.2931883650474,0.0,1230.393,0.1267056819183443
1231.7587056385314,0.0,1230.855,0.0831327387233256
1232.2242229120152,0.0,1231.326,-0.15433995751866414
1232.6897401854992,0.0,1231.788,-0.07372980483569691
1233.1552574589832,0.0,1232.252,-0.14998271514220773
1233.6207747324672,0.0,1232.722,-0.032335612686519966
1234.086292005951,0.0,1233.18,-0.10640977194718904
1234.551809279435,0.0,1233.651,0.07006101159395639
1235.017326552919,0.0,1234.11,0.10927671241251868
1235.482843826403,0.0,1234.581,-0.09115903405675008
1235.9483610998868,0.0,1235.047,0.14631366218523922
1236.4138783733708,0.0,1235.505,0.05481027370351743
1236.8793956468548,0.0,1235.97,0.006880088132042328
1237.3449129203386,0.0,1236.438,0.14631366218523922
1237.8104301938226,0.0,1236.903,-0.1652331933174187
1238.2759474673067,0.0,1237.366,0.2356382996211197
1238.7414647407907,0.0,1237.836,-0.09769502747904868
1239.2069820142744,0.0,1238.297,-0.18048367149263012
1239.6724992877585,0.0,1238.766,-0.3220959965916692
1240.1380165612425,0.0,1239.226,0.017773323930797336
1240.6035338347265,0.0,1239.696,-0.04976484190757313
1241.0690511082103,0.0,1240.155,0.01341608155434093
1241.5345683816943,0.0,1240.622,0.1179911971654315
1242.0000856551783,0.0,1241.088,-0.1783051801620159
1242.4656029286623,0.0,1241.552,-0.1260174924988564
1242.931120202146,0.0,1242.018,-0.20880613651243785
1243.39663747563,0.0,1242.485,-0.056300835329871735
1243.862154749114,0.0,1242.95,-0.13908947934345317
1244.3276720225979,0.0,1243.411,0.15067090456169563
1244.793189296082,0.0,1243.875,-0.03669285506297637
1245.258706569566,0.0,1244.345,0.00470133708620013
1245.72422384305,0.0,1244.807,-0.03669285506297637
1246.1897411165337,0.0,1245.27,0.04391703790476287
1246.6552583900177,0.0,1245.74,0.052631782372903224
1247.1207756635017,0.0,1246.206,0.27049675806322604
1247.5862929369857,0.0,1246.669,-0.1173030077459436
1248.0518102104695,0.0,1247.135,-0.2654510665520533
1248.5173274839535,0.0,1247.6,0.05481027370351743
1248.9828447574375,0.0,1248.065,-0.09115903405675008
1249.4483620309215,0.0,1248.53,-0.06283656903694235
1249.9138793044053,0.0,1248.996,-0.04540759953111717
1250.3793965778893,0.0,1249.455,0.20295859222485557
1250.8449138513733,0.0,1249.921,-0.09769502747904868
1251.3104311248571,0.0,1250.389,-0.09551653614843403
1251.7759483983411,0.0,1250.851,-0.1260174924988564
1252.2414656718252,0.0,1251.315,-0.001834396620870482
1252.7069829453092,0.0,1251.785,0.10056196794437877
1253.172500218793,0.0,1252.245,0.12016994821127369
1253.638017492277,0.0,1252.716,-0.001834396620870482
1254.103534765761,0.0,1253.181,-0.12383874145301421
1254.569052039245,0.0,1253.644,-0.15433995751866414
1255.0345693127288,0.0,1254.11,-0.16087595094096274
1255.5000865862128,0.0,1254.575,-0.18919841596077047
1255.9656038596968,0.0,1255.041,0.0264878086837097
1256.4311211331808,0.0,1255.5,-0.04976484190757313
1256.8966384066646,0.0,1255.966,-0.017085134511308997
1257.3621556801486,0.0,1256.43,0.1223484395418879
1257.8276729536326,0.0,1256.896,-0.07590855588153911
1258.2931902271164,0.0,1257.366,0.18988660538025837
1258.7587075006004,0.0,1257.829,-0.15216120647282194
1259.2242247740844,0.0,1258.293,0.18117212062734556
1259.6897420475684,0.0,1258.755,-0.1260174924988564
1260.1552593210522,0.0,1259.226,-0.08680179168029367
1260.6207765945362,0.0,1259.688,-0.09769502747904868
1261.0862938680202,0.0,1260.154,0.15720689798399423
1261.5518111415042,0.0,1260.619,0.0264878086837097
1262.017328414988,0.0,1261.085,0.10491921032083518
1262.482845688472,0.0,1261.551,-0.017085134511308997
1262.948362961956,0.0,1262.01,0.002522845755585923
1263.41388023544,0.0,1262.475,-0.19137690729138468
1263.8793975089238,0.0,1262.941,-0.10858826327780324
1264.3449147824078,0.0,1263.411,0.36417863787556204
1264.8104320558919,0.0,1263.874,0.38378635842722897
1265.2759493293756,0.0,1264.337,0.18552936300380196
1265.7414666028596,0.0,1264.8,0.1332416753406429
1266.2069838763437,0.0,1265.271,0.07006101159395639
1266.6725011498277,0.0,1265.733,-0.08462330034967946
1267.1380184233115,0.0,1266.199,0.0744182539704128
1267.6035356967955,0.0,1266.662,0.2988189633678058
1268.0690529702795,0.0,1267.127,-0.15869719989512054
1268.5345702437635,0.0,1267.593,0.18117212062734556
1269.0000875172473,0.0,1268.059,0.18335061195795976
1269.4656047907313,0.0,1268.526,0.2225663127765225
1269.9311220642153,0.0,1268.992,-0.0715513135050827
1270.396639337699,0.0,1269.457,-0.032335612686519966
1270.862156611183,0.0,1269.915,-0.0671940711286263
1271.327673884667,0.0,1270.385,0.04173854657414866
1271.793191158151,0.0,1270.848,0.052631782372903224
1272.258708431635,0.0,1271.311,0.006880088132042328
1272.724225705119,0.0,1271.781,-0.03451436373236216
1273.189742978603,0.0,1272.244,-0.03669285506297637
1273.655260252087,0.0,1272.707,-0.07590855588153911
1274.1207775255707,0.0,1273.172,0.18988660538025837
1274.5862947990547,0.0,1273.637,0.24435278437403163
1275.0518120725387,0.0,1274.102,-0.09769502747904868
1275.5173293460227,0.0,1274.566,0.0809542473927114
1275.9828466195065,0.0,1275.032,-0.014906383465467243
1276.4483638929905,0.0,1275.497,-0.05412208428402954
1276.9138811664745,0.0,1275.963,0.3227841860111571
1277.3793984399583,0.0,1276.43,-0.20662764518182364
1277.8449157134423,0.0,1276.896,0.15067090456169563
1278.3104329869263,0.0,1277.359,-0.09769502747904868
1278.7759502604104,0.0,1277.822,0.16374289140629283
1279.2414675338941,0.0,1278.285,-0.24148584390870198
1279.7069848073781,0.0,1278.756,-0.09115903405675008
1280.1725020808622,0.0,1279.226,-0.11294550565425965
1280.6380193543462,0.0,1279.681,-0.1652331933174187
1281.10353662783,0.0,1280.147,-0.041050097439432776
1281.569053901314,0.0,1280.612,0.015594572884955138
1282.034571174798,0.0,1281.077,-0.08680179168029367
1282.500088448282,0.0,1281.544,0.1288844329641865
1282.9656057217658,0.0,1282.01,-0.0715513135050827
1283.4311229952498,0.0,1282.475,-0.08026579825799551
1283.8966402687338,0.0,1282.94,-0.0715513135050827
1284.3621575422176,0.0,1283.404,-0.11512425670010185
1284.8276748157016,0.0,1283.866,0.11145520374313289
1285.2931920891856,0.0,1284.334,0.01341608155434093
1285.7587093626696,0.0,1284.796,-0.1260174924988564
1286.2242266361534,0.0,1285.267,-0.08026579825799551
1286.6897439096374,0.0,1285.729,0.15067090456169563
1287.1552611831214,0.0,1286.195,-0.05194333323818778
1287.6207784566054,0.0,1286.658,0.01995207497663909
1288.0862957300892,0.0,1287.123,-0.056300835329871735
1288.5518130035732,0.0,1287.589,-0.027978370310064005
1289.0173302770572,0.0,1288.054,-0.03451436373236216
1289.4828475505412,0.0,1288.519,-0.18701966491492827
1289.948364824025,0.0,1288.985,-0.0780873069273813
1290.413882097509,0.0,1289.445,-0.03451436373236216
1290.879399370993,0.0,1289.911,-0.0780873069273813
1291.3449166444768,0.0,1290.381,0.27049675806322604
1291.8104339179608,0.0,1290.843,-0.06283656903694235
1292.2759511914448,0.0,1291.311,-0.06283656903694235
1292.7414684649289,0.0,1291.773,-0.10858826327780324
1293.2069857384126,0.0,1292.237,0.01341608155434093
1293.6725030118967,0.0,1292.7,-0.00837039004316864
1294.1380202853807,0.0,1293.165,-0.18048367149263012
1294.6035375588647,0.0,1293.63,0.04391703790476287
1295.0690548323485,0.0,1294.096,-0.032335612686519966
1295.5345721058325,0.0,1294.563,0.17463612720504695
1296.0000893793165,0.0,1295.029,-0.16305444227157695
1296.4656066528005,0.0,1295.493,-0.1652331933174187
1296.9311239262843,0.0,1295.959,-0.1717691867397173
1297.3966411997683,0.0,1296.426,-0.13037473487531281
1297.8621584732523,0.0,1296.892,-0.15216120647282194
1298.327675746736,0.0,1297.355,0.16156414036045064
1298.79319302022,0.0,1297.818,0.07006101159395639
1299.258710293704,0.0,1298.286,0.06570350950227244
1299.724227567188,0.0,1298.748,-0.09551653614843403
1300.189744840672,0.0,1299.213,0.1267056819183443
1300.655262114156,0.0,1299.677,-0.04322884848527497
1301.12077938764,0.0,1300.143,0.20295859222485557
1301.586296661124,0.0,1300.608,-0.11076701432364544
1302.0518139346077,0.0,1301.074,0.18117212062734556
1302.5173312080917,0.0,1301.541,-0.226235365733491
1302.9828484815757,0.0,1302.006,0.017773323930797336
1303.4483657550595,0.0,1302.471,-0.032335612686519966
1303.9138830285435,0.0,1302.937,-0.09115903405675008
1304.3794003020275,0.0,1303.4,0.15067090456169563
1304.8449175755115,0.0,1303.862,-0.15216120647282194
1305.3104348489953,0.0,1304.326,0.2356382996211197
1305.7759521224793,0.0,1304.796,0.0722395029245706
1306.2414693959633,0.0,1305.259,-0.14126797067406738
1306.7069866694474,0.0,1305.722,-0.06501532008278454
1307.1725039429311,0.0,1306.188,-0.0715513135050827
1307.6380212164152,0.0,1306.652,0.0787754963468692
1308.1035384898992,0.0,1307.117,-0.0715513135050827
1308.5690557633832,0.0,1307.581,0.16374289140629283
1309.034573036867,0.0,1308.047,0.04827453999644682
1309.500090310351,0.0,1308.514,-0.1260174924988564
1309.965607583835,0.0,1308.98,-0.1674119443632609
1310.4311248573188,0.0,1309.44,-0.017085134511308997
1310.8966421308028,0.0,1309.906,-0.08026579825799551
1311.3621594042868,0.0,1310.374,-0.09333778510259227
1311.8276766777708,0.0,1310.836,0.0809542473927114
1312.2931939512546,0.0,1311.304,0.14631366218523922
1312.7587112247386,0.0,1311.766,0.08966873214562376
1313.2242284982226,0.0,1312.234,-0.041050097439432776
1313.6897457717066,0.0,1312.696,-0.027978370310064005
1314.1552630451904,0.0,1313.162,0.06352501817165823
1314.6207803186744,0.0,1313.626,-0.13473223696699677
1315.0862975921584,0.0,1314.092,-0.10640977194718904
1315.5518148656424,0.0,1314.559,0.05916777579520183
1316.0173321391262,0.0,1315.025,-0.09115903405675008
1316.4828494126102,0.0,1315.49,-0.18048367149263012
1316.9483666860942,0.0,1315.956,-0.18048367149263012
1317.413883959578,0.0,1316.423,0.01995207497663909
1317.879401233062,0.0,1316.881,0.16156414036045064
1318.344918506546,0.0,1317.352,-0.15433995751866414
1318.81043578003,0.0,1317.814,-0.15433995751866414
1319.2759530535138,0.0,1318.282,-0.0780873069273813
1319.7414703269978,0.0,1318.744,0.1223484395418879
1320.2069876004819,0.0,1319.209,-0.07372980483569691
1320.6725048739659,0.0,1319.672,0.04173854657414866
1321.1380221474496,0.0,1320.138,0.27267524939384025
1321.6035394209337,0.0,1320.604,0.037381304197692256
1322.0690566944177,0.0,1321.07,0.04391703790476287
1322.5345739679017,0.0,1321.537,0.17463612720504695
1323.0000912413855,0.0,1321.995,0.09620472556792237
1323.4656085148695,0.0,1322.46,-0.15433995751866414
1323.9311257883535,0.0,1322.926,0.17463612720504695
1324.3966430618373,0.0,1323.396,0.08749024081500956
1324.8621603353213,0.0,1323.858,-0.056300835329871735
1325.3276776088053,0.0,1324.326,-0.056300835329871735
1325.7931948822893,0.0,1324.788,-0.13691072829761097
1326.258712155773,0.0,1325.252,0.16374289140629283
1326.724229429257,0.0,1325.715,0.0264878086837097
1327.189746702741,0.0,1326.18,0.046095788950605066
1327.6552639762251,0.0,1326.652,0.18335061195795976
1328.120781249709,0.0,1327.11,0.06570350950227244
1328.586298523193,0.0,1327.581,0.15284965560753783
1329.051815796677,0.0,1328.04,0.18117212062734556
1329.5173330701607,0.0,1328.511,-0.08244454930383727
1329.9828503436447,0.0,1328.977,0.1310631840100287
1330.4483676171287,0.0,1329.442,-0.08026579825799551
1330.9138848906127,0.0,1329.9,-0.041050097439432776
1331.3794021640965,0.0,1330.37,0.0831327387233256
1331.8449194375805,0.0,1330.833,-0.18048367149263012
1332.3104367110645,0.0,1331.296,0.07006101159395639
1332.7759539845486,0.0,1331.766,-0.09769502747904868
1333.2414712580323,0.0,1332.23,0.3162481925888585
1333.7069885315163,0.0,1332.692,-0.0715513135050827
1334.1725058050004,0.0,1333.158,0.07006101159395639
1334.6380230784844,0.0,1333.622,-0.15216120647282194
1335.1035403519681,0.0,1334.088,-0.2654510665520533
1335.5690576254522,0.0,1334.552,-0.11294550565425965
1336.0345748989362,0.0,1335.018,0.16156414036045064
1336.50009217242,0.0,1335.485,0.05916777579520183
1336.965609445904,0.0,1335.951,-0.04322884848527497
1337.431126719388,0.0,1336.412,-0.06501532008278454
1337.896643992872,0.0,1336.875,0.04173854657414866
1338.3621612663558,0.0,1337.345,0.00034409470974416934
1338.8276785398398,0.0,1337.807,0.09838347661376456
1339.2931958133238,0.0,1338.27,-0.014906383465467243
1339.7587130868078,0.0,1338.74,0.0722395029245706
1340.2242303602916,0.0,1339.206,-0.09333778510259227
1340.6897476337756,0.0,1339.669,0.03955979552830646
1341.1552649072596,0.0,1340.134,0.06788226054811419
1341.6207821807436,0.0,1340.6,-0.04758609086173138
1342.0862994542274,0.0,1341.066,0.16810013378274924
1342.5518167277114,0.0,1341.53,0.1397776687629415
1343.0173340011954,0.0,1341.996,0.2116730769777675
1343.4828512746792,0.0,1342.456,0.05698902474935963
1343.9483685481632,0.0,1342.921,-0.027978370310064005
1344.4138858216472,0.0,1343.389,-0.15433995751866414
1344.8794030951312,0.0,1343.852,0.17245737615920564
1345.344920368615,0.0,1344.315,0.1332416753406429
1345.810437642099,0.0,1344.785,-0.08026579825799551
1346.275954915583,0.0,1345.245,0.2291023061988211
1346.741472189067,0.0,1345.714,-0.030156861640678212
1347.2069894625508,0.0,1346.18,-0.06283656903694235
1347.6725067360348,0.0,1346.644,0.00034409470974416934
1348.1380240095189,0.0,1347.11,0.061346267125816034
1348.6035412830029,0.0,1347.574,-0.19573440938306863
1349.0690585564867,0.0,1348.04,-0.06283656903694235
1349.5345758299707,0.0,1348.504,-0.0780873069273813
1350.0000931034547,0.0,1348.97,0.16156414036045064
1350.4656103769385,0.0,1349.43,0.11145520374313289
1350.9311276504225,0.0,1349.896,-0.1260174924988564
1351.3966449239065,0.0,1350.364,-0.017085134511308997
1351.8621621973905,0.0,1350.826,-0.1260174924988564
1352.3276794708743,0.0,1351.296,0.10491921032083518
1352.7931967443583,0.0,1351.759,0.15720689798399423
1353.2587140178423,0.0,1352.23,0.04827453999644682
1353.7242312913263,0.0,1352.685,0.037381304197692256
1354.18974856481,0.0,1353.15,-0.03669285506297637
1354.655265838294,0.0,1353.615,-0.08244454930383727
1355.120783111778,0.0,1354.081,-0.06283656903694235
1355.5863003852621,0.0,1354.548,-0.03669285506297637
1356.051817658746,0.0,1355.014,0.006880088132042328
1356.51733493223,0.0,1355.479,0.033023802106008304
1356.982852205714,0.0,1355.944,0.18117212062734556
1357.4483694791977,0.0,1356.407,0.0787754963468692
1357.9138867526817,0.0,1356.87,0.29228322966073517
1358.3794040261657,0.0,1357.341,0.35328540207680703
1358.8449212996497,0.0,1357.803,-0.10205226985550464
1359.3104385731335,0.0,1358.271,-0.11512425670010185
1359.7759558466175,0.0,1358.733,0.15284965560753783
1360.2414731201015,0.0,1359.199,0.27921124281613796
1360.7069903935856,0.0,1359.662,-0.0671940711286263
1361.1725076670693,0.0,1360.127,-0.04758609086173138
1361.6380249405534,0.0,1360.592,0.015594572884955138
1362.1035422140374,0.0,1361.058,0.00470133708620013
1362.5690594875211,0.0,1361.523,-0.041050097439432776
1363.0345767610052,0.0,1361.989,0.1397776687629415
1363.5000940344892,0.0,1362.456,-0.09333778510259227
1363.9656113079732,0.0,1362.921,-0.1260174924988564
1364.431128581457,0.0,1363.382,-0.032335612686519966
1364.896645854941,0.0,1363.851,0.2399955419975761
1365.362163128425,0.0,1364.312,-0.1173030077459436
1365.827680401909,0.0,1364.782,0.17245737615920564
1366.2931976753928,0.0,1365.245,-0.014906383465467243
1366.7587149488768,0.0,1365.707,-0.014906383465467243
1367.2242322223608,0.0,1366.173,0.16810013378274924
1367.6897494958448,0.0,1366.637,-0.10423102090134684
1368.1552667693286,0.0,1367.102,0.011237330508498733
1368.6207840428126,0.0,1367.566,-0.041050097439432776
1369.0863013162966,0.0,1368.032,0.076596745301027
1369.5518185897804,0.0,1368.496,0.0722395029245706
1370.0173358632644,0.0,1368.962,0.15720689798399423
1370.4828531367484,0.0,1369.43,0.2225663127765225
1370.9483704102324,0.0,1369.895,-0.06501532008278454
1371.4138876837162,0.0,1370.356,0.18988660538025837
1371.8794049572002,0.0,1370.825,0.046095788950605066
1372.3449222306842,0.0,1371.289,0.002522845755585923
1372.8104395041682,0.0,1371.751,0.15938564902983643
1373.275956777652,0.0,1372.218,0.09838347661376456
1373.741474051136,0.0,1372.682,0.05481027370351743
1374.20699132462,0.0,1373.148,-0.06283656903694235
1374.672508598104,0.0,1373.615,-0.07590855588153911
1375.1380258715878,0.0,1374.081,-0.0780873069273813
1375.6035431450719,0.0,1374.541,0.15720689798399423
1376.0690604185559,0.0,1375.006,-0.05847932666048594
1376.5345776920396,0.0,1375.47,-0.11294550565425965
1377.0000949655237,0.0,1375.936,-0.15433995751866414
1377.4656122390077,0.0,1376.4,-0.09115903405675008
1377.9311295124917,0.0,1376.869,0.061346267125816034
1378.3966467859755,0.0,1377.33,-0.08026579825799551
1378.8621640594595,0.0,1377.8,-0.014906383465467243
1379.3276813329435,0.0,1378.263,0.0722395029245706
1379.7931986064275,0.0,1378.726,-0.027978370310064005
1380.2587158799113,0.0,1379.192,-0.05412208428402954
1380.7242331533953,0.0,1379.655,0.00470133708620013
1381.1897504268793,0.0,1380.121,0.1375989177170993
1381.6552677003633,0.0,1380.589,-0.1216602501224
1382.120784973847,0.0,1381.055,0.1267056819183443
1382.586302247331,0.0,1381.519,0.11145520374313289
1383.0518195208151,0.0,1381.985,-0.1652331933174187
1383.517336794299,0.0,1382.445,0.2988189633678058
1383.982854067783,0.0,1382.911,-0.021442376887765402
1384.448371341267,0.0,1383.382,0.022130566307253297
1384.913888614751,0.0,1383.844,0.18117212062734556
1385.3794058882347,0.0,1384.305,0.015594572884955138
1385.8449231617187,0.0,1384.774,0.24217429304341742
1386.3104404352027,0.0,1385.237,-0.14344672171990958
1386.7759577086867,0.0,1385.7,-0.35041846161147694
1387.2414749821705,0.0,1386.166,0.1375989177170993
1387.7069922556545,0.0,1386.633,0.17245737615920564
1388.1725095291386,0.0,1387.099,-0.14780396409636598
1388.6380268026226,0.0,1387.564,0.11145520374313289
1389.1035440761063,0.0,1388.029,0.05045303132706147
1389.5690613495904,0.0,1388.496,-0.014906383465467243
1390.0345786230744,0.0,1388.955,-0.13255348592115457
1390.5000958965582,0.0,1389.427,0.15284965560753783
1390.9656131700422,0.0,1389.885,-0.0780873069273813
1391.4311304435262,0.0,1390.356,0.3206056946805429
1391.8966477170102,0.0,1390.818,-0.08244454930383727
1392.362164990494,0.0,1391.282,0.3075337078359457
1392.827682263978,0.0,1391.751,0.16156414036045064
1393.293199537462,0.0,1392.21,0.1267056819183443
1393.758716810946,0.0,1392.68,-0.09769502747904868
1394.2242340844298,0.0,1393.145,0.08966873214562376
1394.6897513579138,0.0,1393.607,-0.09115903405675008
1395.1552686313978,0.0,1394.073,0.006880088132042328
1395.6207859048816,0.0,1394.539,-0.09769502747904868
1396.0863031783656,0.0,1395.005,0.17463612720504695
1396.5518204518496,0.0,1395.47,-0.041050097439432776
1397.0173377253336,0.0,1395.936,0.0809542473927114
1397.4828549988174,0.0,1396.396,-0.0715513135050827
1397.9483722723014,0.0,1396.866,0.17899336958150336
1398.4138895457854,0.0,1397.329,0.09838347661376456
1398.8794068192694,0.0,1397.792,0.10491921032083518
1399.3449240927532,0.0,1398.256,0.14631366218523922
1399.8104413662372,0.0,1398.726,-0.05847932666048594
1400.2759586397212,0.0,1399.191,0.09402597452208017
1400.7414759132052,0.0,1399.655,-0.04322884848527497
1401.206993186689,0.0,1400.12,0.1332416753406429
1401.672510460173,0.0,1400.585,0.1223484395418879
1402.138027733657,0.0,1401.051,0.3271414283876135
1402.6035450071408,0.0,1401.511,0.0831327387233256
1403.0690622806248,0.0,1401.977,0.05481027370351743
1403.5345795541089,0.0,1402.441,-0.09769502747904868
1404.0000968275929,0.0,1402.906,0.18117212062734556
1404.4656141010767,0.0,1403.37,-0.2807015447272647
1404.9311313745607,0.0,1403.84,0.07006101159395639
1405.3966486480447,0.0,1404.304,0.04173854657414866
1405.8621659215287,0.0,1404.766,0.11145520374313289
1406.3276831950125,0.0,1405.23,-0.1194814990765578
1406.7932004684965,0.0,1405.7,0.2116730769777675
1407.2587177419805,0.0,1406.165,-0.05847932666048594
1407.7242350154645,0.0,1406.63,-0.09769502747904868
1408.1897522889483,0.0,1407.096,0.07006101159395639
1408.6552695624323,0.0,1407.555,0.18988660538025837
1409.1207868359163,0.0,1408.021,-0.03887160610881857
1409.5863041094,0.0,1408.485,-0.1281962435446986
1410.051821382884,0.0,1408.951,0.1375989177170993
1410.517338656368,0.0,1409.426,0.024309317353095494
1410.9828559298521,0.0,1409.885,0.2399955419975761
1411.448373203336,0.0,1410.348,0.11145520374313289
1411.91389047682,0.0,1410.81,0.04391703790476287
1412.379407750304,0.0,1411.278,0.15067090456169563
1412.844925023788,0.0,1411.741,-0.030156861640678212
1413.3104422972717,0.0,1412.206,0.09838347661376456
1413.7759595707557,0.0,1412.676,0.0264878086837097
1414.2414768442397,0.0,1413.135,0.09838347661376456
1414.7069941177238,0.0,1413.6,0.17899336958150336
1415.1725113912075,0.0,1414.066,0.0809542473927114
1415.6380286646915,0.0,1414.53,-0.13255348592115457
1416.1035459381756,0.0,1414.995,0.35546389340742124
1416.5690632116593,0.0,1415.46,0.05481027370351743
1417.0345804851434,0.0,1415.926,-0.0693725624592405
1417.5000977586274,0.0,1416.396,-0.06283656903694235
1417.9656150321114,0.0,1416.859,0.05045303132706147
1418.4311323055952,0.0,1417.327,-0.05412208428402954
1418.8966495790792,0.0,1417.789,0.27049675806322604
1419.3621668525632,0.0,1418.252,-0.05847932666048594
1419.8276841260472,0.0,1418.722,0.17463612720504695
1420.293201399531,0.0,1419.18,0.07006101159395639
1420.758718673015,0.0,1419.651,-0.030156861640678212
1421.224235946499,0.0,1420.117,-0.056300835329871735
1421.6897532199828,0.0,1420.581,-0.13473223696699677
1422.1552704934668,0.0,1421.04,0.017773323930797336
1422.6207877669508,0.0,1421.505,0.15284965560753783
1423.0863050404348,0.0,1421.971,0.29010447861489297
1423.5518223139186,0.0,1422.437,-0.1173030077459436
1424.0173395874026,0.0,1422.903,0.35328540207680703
1424.4828568608866,0.0,1423.371,0.16592138273690704
1424.9483741343706,0.0,1423.834,-0.041050097439432776
1425.4138914078544,0.0,1424.296,0.052631782372903224
1425.8794086813384,0.0,1424.766,0.024309317353095494
1426.3449259548224,0.0,1425.23,-0.1216602501224
1426.8104432283064,0.0,1425.692,0.15284965560753783
1427.2759605017902,0.0,1426.158,0.23781679095173391
1427.7414777752742,0.0,1426.626,0.052631782372903224
1428.2069950487582,0.0,1427.091,-0.04540759953111717
1428.672512322242,0.0,1427.551,0.00034409470974416934
1429.138029595726,0.0,1428.017,-0.021442376887765402
1429.60354686921,0.0,1428.482,-0.041050097439432776
1430.069064142694,0.0,1428.948,-0.08680179168029367
1430.5345814161778,0.0,1429.411,0.017773323930797336
1431.0000986896619,0.0,1429.881,0.34674940865450843
1431.4656159631459,0.0,1430.344,0.0264878086837097
1431.9311332366299,0.0,1430.807,0.10927671241251868
1432.3966505101137,0.0,1431.275,0.24435278437403163
1432.8621677835977,0.0,1431.737,-0.0693725624592405
1433.3276850570817,0.0,1432.203,0.01341608155434093
1433.7932023305657,0.0,1432.666,0.17245737615920564
1434.2587196040495,0.0,1433.131,-0.09115903405675008
1434.7242368775335,0.0,1433.596,-0.11076701432364544
1435.1897541510175,0.0,1434.062,-0.22405661468764881
1435.6552714245013,0.0,1434.53,-0.0715513135050827
1436.1207886979853,0.0,1434.995,0.18552936300380196
1436.5863059714693,0.0,1435.456,-0.017085134511308997
1437.0518232449533,0.0,1435.921,0.27921124281613796
1437.517340518437,0.0,1436.389,0.17899336958150336
1437.982857791921,0.0,1436.851,-0.0671940711286263
1438.4483750654051,0.0,1437.315,0.1267056819183443
1438.9138923388891,0.0,1437.785,0.14631366218523922
1439.379409612373,0.0,1438.245,-0.04758609086173138
1439.844926885857,0.0,1438.715,0.37942911605077256
1440.310444159341,0.0,1439.181,-0.12383874145301421
1440.775961432825,0.0,1439.644,0.24435278437403163
1441.2414787063087,0.0,1440.11,-0.032335612686519966
1441.7069959797927,0.0,1440.574,0.18117212062734556
1442.1725132532767,0.0,1441.04,-0.03887160610881857
1442.6380305267605,0.0,1441.504,0.1288844329641865
1443.1035478002445,0.0,1441.97,-0.0693725624592405
1443.5690650737286,0.0,1442.43,-0.13473223696699677
1444.0345823472126,0.0,1442.896,-0.13473223696699677
1444.5000996206963,0.0,1443.367,-0.13255348592115457
1444.9656168941804,0.0,1443.829,0.18552936300380196
1445.4311341676644,0.0,1444.297,0.1267056819183443
1445.8966514411484,0.0,1444.759,-0.027978370310064005
1446.3621687146322,0.0,1445.226,-0.017085134511308997
1446.8276859881162,0.0,1445.689,-0.03669285506297637
1447.2932032616002,0.0,1446.155,0.06788226054811419
1447.7587205350842,0.0,1446.619,-0.24802183733100058
1448.224237808568,0.0,1447.085,0.00034409470974416934
1448.689755082052,0.0,1447.552,0.06788226054811419
1449.155272355536,0.0,1448.01,-0.041050097439432776
1449.6207896290198,0.0,1448.481,0.14631366218523922
1450.0863069025038,0.0,1448.94,-0.04322884848527497
1450.5518241759878,0.0,1449.408,0.006880088132042328
1451.0173414494718,0.0,1449.87,-0.14126797067406738
1451.4828587229556,0.0,1450.341,0.04391703790476287
1451.9483759964396,0.0,1450.803,0.0787754963468692
1452.4138932699236,0.0,1451.267,-0.05847932666048594
1452.8794105434076,0.0,1451.737,0.29010447861489297
1453.3449278168914,0.0,1452.195,0.16374289140629283
1453.8104450903754,0.0,1452.665,0.046095788950605066
1454.2759623638594,0.0,1453.131,0.009058839177884526
1454.7414796373432,0.0,1453.596,-0.017085134511308997
1455.2069969108272,0.0,1454.062,0.0722395029245706
1455.6725141843112,0.0,1454.527,-0.017085134511308997
1456.1380314577953,0.0,1454.985,0.076596745301027
1456.603548731279,0.0,1455.452,0.10927671241251868
1457.069066004763,0.0,1455.918,0.0722395029245706
1457.534583278247,0.0,1456.385,0.09402597452208017
1458.000100551731,0.0,1456.848,-0.08898054272613587
1458.4656178252148,0.0,1457.311,-0.14998271514220773
1458.9311350986989,0.0,1457.781,-0.04976484190757313
1459.3966523721829,0.0,1458.241,0.06352501817165823
1459.8621696456669,0.0,1458.711,0.1267056819183443
1460.3276869191507,0.0,1459.176,0.1267056819183443
1460.7932041926347,0.0,1459.641,-0.041050097439432776
1461.2587214661187,0.0,1460.106,0.18988660538025837
1461.7242387396025,0.0,1460.571,0.04827453999644682
1462.1897560130865,0.0,1461.037,0.08966873214562376
1462.6552732865705,0.0,1461.496,0.16156414036045064
1463.1207905600545,0.0,1461.962,0.10709796136667737
1463.5863078335383,0.0,1462.427,-0.09115903405675008
1464.0518251070223,0.0,1462.892,-0.03451436373236216
1464.5173423805063,0.0,1463.355,-0.07590855588153911
1464.9828596539903,0.0,1463.825,0.26613925597154164
1465.448376927474,0.0,1464.289,0.11145520374313289
1465.913894200958,0.0,1464.751,0.05481027370351743
1466.3794114744421,0.0,1465.218,-0.07590855588153911
1466.8449287479261,0.0,1465.683,0.18117212062734556
1467.31044602141,0.0,1466.148,0.0722395029245706
1467.775963294894,0.0,1466.615,0.2094945856471533
1468.241480568378,0.0,1467.081,0.09838347661376456
1468.7069978418617,0.0,1467.545,0.052631782372903224
1469.1725151153457,0.0,1468.011,-0.030156861640678212
1469.6380323888297,0.0,1468.47,0.11145520374313289
1470.1035496623138,0.0,1468.936,0.20731583460131198
1470.5690669357975,0.0,1469.4,-0.041050097439432776
1471.0345842092815,0.0,1469.87,-0.07590855588153911
1471.5001014827656,0.0,1470.333,0.27921124281613796
1471.9656187562496,0.0,1470.796,-0.0693725624592405
1472.4311360297334,0.0,1471.267,0.046095788950605066
1472.8966533032174,0.0,1471.729,-0.03887160610881857
1473.3621705767014,0.0,1472.195,0.20731583460131198
1473.8276878501854,0.0,1472.658,0.11145520374313289
1474.2932051236692,0.0,1473.124,0.06570350950227244
1474.7587223971532,0.0,1473.588,0.4360740460903889
1475.2242396706372,0.0,1474.054,-0.12383874145301421
1475.689756944121,0.0,1474.522,-0.08244454930383727
1476.155274217605,0.0,1474.98,0.00034409470974416934
1476.620791491089,0.0,1475.445,0.05481027370351743
1477.086308764573,0.0,1475.911,-0.10858826327780324
1477.5518260380568,0.0,1476.382,-0.09769502747904868
1478.0173433115408,0.0,1476.844,0.04173854657414866
1478.4828605850248,0.0,1477.307,0.0264878086837097
1478.9483778585088,0.0,1477.77,0.2225663127765225
1479.4138951319926,0.0,1478.238,0.24435278437403163
1479.8794124054766,0.0,1478.7,-0.017085134511308997
1480.3449296789606,0.0,1479.165,0.0722395029245706
1480.8104469524444,0.0,1479.633,-0.10858826327780324
1481.2759642259284,0.0,1480.098,-0.15433995751866414
1481.7414814994124,0.0,1480.563,-0.15433995751866414
1482.2069987728964,0.0,1481.029,0.2399955419975761
1482.6725160463802,0.0,1481.493,0.1267056819183443
1483.1380333198642,0.0,1481.959,0.0722395029245706
1483.6035505933482,0.0,1482.426,-0.030156861640678212
1484.0690678668323,0.0,1482.892,0.01995207497663909
1484.534585140316,0.0,1483.352,-0.10423102090134684
1485.0001024138,0.0,1483.822,-0.2218781233570346
1485.465619687284,0.0,1484.282,0.0831327387233256
1485.931136960768,0.0,1484.752,0.28356848519259437
1486.3966542342519,0.0,1485.21,0.09838347661376456
1486.8621715077359,0.0,1485.68,0.03520255315185006
1487.3276887812199,0.0,1486.146,-0.017085134511308997
1487.7932060547037,0.0,1486.611,-0.041050097439432776
1488.2587233281877,0.0,1487.076,0.1375989177170993
1488.7242406016717,0.0,1487.542,-0.2654510665520533
1489.1897578751557,0.0,1488.0,-0.09769502747904868
1489.6552751486395,0.0,1488.467,0.08966873214562376
1490.1207924221235,0.0,1488.932,0.1158124461195893
1490.5863096956075,0.0,1489.4,0.07006101159395639
1491.0518269690915,0.0,1489.863,-0.06283656903694235
1491.5173442425753,0.0,1490.326,-0.09769502747904868
1491.9828615160593,0.0,1490.796,-0.13691072829761097
1492.4483787895433,0.0,1491.259,0.17463612720504695
1492.9138960630273,0.0,1491.722,-0.18048367149263012
1493.379413336511,0.0,1492.187,-0.07590855588153911
1493.8449306099951,0.0,1492.651,0.0264878086837097
1494.3104478834791,0.0,1493.117,0.033023802106008304
1494.775965156963,0.0,1493.581,-0.08026579825799551
1495.241482430447,0.0,1494.047,0.29664047203719157
1495.706999703931,0.0,1494.512,0.1310631840100287
1496.172516977415,0.0,1494.978,-0.08680179168029367
1496.6380342508987,0.0,1495.445,-0.0671940711286263
1497.1035515243827,0.0,1495.91,0.1267056819183443
1497.5690687978667,0.0,1496.371,0.04391703790476287
1498.0345860713508,0.0,1496.84,0.0722395029245706
1498.5001033448345,0.0,1497.304,0.0831327387233256
1498.9656206183186,0.0,1497.766,0.0264878086837097
1499.4311378918026,0.0,1498.23,0.09838347661376456
1499.8966551652866,0.0,1498.7,-0.08680179168029367
1500.3621724387704,0.0,1499.165,0.10491921032083518
1500.8276897122544,0.0,1499.63,-0.08026579825799551
1501.2932069857384,0.0,1500.096,0.09838347661376456
1501.7587242592222,0.0,1500.556,0.18117212062734556
1502.2242415327062,0.0,1501.022,0.2944617209913494
1502.6897588061902,0.0,1501.489,-0.10858826327780324
1503.1552760796742,0.0,1501.955,-0.001834396620870482
1503.620793353158,0.0,1502.419,-0.04976484190757313
1504.086310626642,0.0,1502.885,-0.056300835329871735
1504.551827900126,0.0,1503.348,0.24435278437403163
1505.01734517361,0.0,1503.811,-0.11294550565425965
1505.4828624470938,0.0,1504.281,-0.030156861640678212
1505.9483797205778,0.0,1504.744,0.10491921032083518
1506.4138969940618,0.0,1505.21,-0.09333778510259227
1506.8794142675458,0.0,1505.673,0.11145520374313289
1507.3449315410296,0.0,1506.138,-0.2218781233570346
1507.8104488145136,0.0,1506.603,0.3140697012582443
1508.2759660879976,0.0,1507.069,0.033023802106008304
1508.7414833614814,0.0,1507.534,0.017773323930797336
1509.2070006349654,0.0,1508.0,-0.1173030077459436
1509.6725179084494,0.0,1508.46,-0.08026579825799551
1510.1380351819334,0.0,1508.925,0.14849241323108142
1510.6035524554172,0.0,1509.393,0.18117212062734556
1511.0690697289012,0.0,1509.855,-0.15433995751866414
1511.5345870023853,0.0,1510.326,-0.09987377852489043
1512.0001042758693,0.0,1510.788,0.1375989177170993
1512.465621549353,0.0,1511.252,-0.09769502747904868
1512.931138822837,0.0,1511.722,-0.030156861640678212
1513.396656096321,0.0,1512.187,0.1267056819183443
1513.8621733698049,0.0,1512.651,-0.0780873069273813
1514.3276906432889,0.0,1513.11,0.09838347661376456
1514.7932079167729,0.0,1513.581,-0.13908947934345317
1515.2587251902569,0.0,1514.047,0.15720689798399423
1515.7242424637407,0.0,1514.505,0.14631366218523922
1516.1897597372247,0.0,1514.97,0.00034409470974416934
1516.6552770107087,0.0,1515.437,0.25306752884217243
1517.1207942841927,0.0,1515.903,-0.1194814990765578
1517.5863115576765,0.0,1516.367,0.09838347661376456
1518.0518288311605,0.0,1516.837,-0.25237907970745654
1518.5173461046445,0.0,1517.3,-0.0693725624592405
1518.9828633781285,0.0,1517.762,0.04173854657414866
1519.4483806516123,0.0,1518.226,-0.041050097439432776
1519.9138979250963,0.0,1518.696,0.1354204263864851
1520.3794151985803,0.0,1519.155,0.01341608155434093
1520.844932472064,0.0,1519.623,-0.014906383465467243
1521.310449745548,0.0,1520.088,0.1332416753406429
1521.7759670190321,0.0,1520.556,-0.1194814990765578
1522.2414842925161,0.0,1521.021,0.05045303132706147
1522.707001566,0.0,1521.485,0.037381304197692256
1523.172518839484,0.0,1521.951,0.2988189633678058
1523.638036112968,0.0,1522.415,0.29664047203719157
1524.103553386452,0.0,1522.877,0.18988660538025837
1524.5690706599357,0.0,1523.34,0.18117212062734556
1525.0345879334197,0.0,1523.81,-0.08898054272613587
1525.5001052069038,0.0,1524.271,0.3162481925888585
1525.9656224803878,0.0,1524.74,0.08966873214562376
1526.4311397538715,0.0,1525.206,-0.20880613651243785
1526.8966570273556,0.0,1525.668,0.076596745301027
1527.3621743008396,0.0,1526.134,0.01995207497663909
1527.8276915743234,0.0,1526.6,-0.03669285506297637
1528.2932088478074,0.0,1527.066,-0.027978370310064005
1528.7587261212914,0.0,1527.529,0.25306752884217243
1529.2242433947754,0.0,1527.995,-0.08680179168029367
1529.6897606682592,0.0,1528.46,0.04173854657414866
1530.1552779417432,0.0,1528.926,0.04391703790476287
1530.6207952152272,0.0,1529.389,-0.0671940711286263
1531.0863124887112,0.0,1529.851,0.15284965560753783
1531.551829762195,0.0,1530.319,0.12016994821127369
1532.017347035679,0.0,1530.781,0.0744182539704128
1532.482864309163,0.0,1531.252,-0.09769502747904868
1532.948381582647,0.0,1531.715,-0.032335612686519966
1533.4138988561308,0.0,1532.18,-0.15216120647282194
1533.8794161296148,0.0,1532.644,-0.03669285506297637
1534.3449334030988,0.0,1533.11,0.10491921032083518
1534.8104506765826,0.0,1533.574,-0.13473223696699677
1535.2759679500666,0.0,1534.039,-0.1674119443632609
1535.7414852235506,0.0,1534.505,0.06788226054811419
1536.2070024970346,0.0,1534.97,0.1179911971654315
1536.6725197705184,0.0,1535.43,-0.0715513135050827
1537.1380370440024,0.0,1535.896,0.18117212062734556
1537.6035543174864,0.0,1536.363,0.2399955419975761
1538.0690715909705,0.0,1536.825,0.0744182539704128
1538.5345888644542,0.0,1537.296,-0.03669285506297637
1539.0001061379382,0.0,1537.759,0.06352501817165823
1539.4656234114223,0.0,1538.23,0.1332416753406429
1539.9311406849063,0.0,1538.685,0.18117212062734556
1540.39665795839,0.0,1539.15,0.0722395029245706
1540.862175231874,0.0,1539.616,0.1179911971654315
1541.327692505358,0.0,1540.081,-0.001834396620870482
1541.7932097788419,0.0,1540.548,-0.0715513135050827
1542.2587270523259,0.0,1541.014,0.14631366218523922
1542.7242443258099,0.0,1541.482,0.10491921032083518
1543.189761599294,0.0,1541.94,0.15284965560753783
1543.6552788727777,0.0,1542.411,-0.004013147666712236
1544.1207961462617,0.0,1542.874,0.0831327387233256
1544.5863134197457,0.0,1543.337,-0.0780873069273813
1545.0518306932297,0.0,1543.807,0.1288844329641865
1545.5173479667135,0.0,1544.267,-0.13908947934345317
1545.9828652401975,0.0,1544.737,0.1158124461195893
1546.4483825136815,0.0,1545.195,0.04391703790476287
1546.9138997871653,0.0,1545.665,0.15938564902983643
1547.3794170606493,0.0,1546.131,0.037381304197692256
1547.8449343341333,0.0,1546.596,0.0787754963468692
1548.3104516076173,0.0,1547.061,0.24871002675048803
1548.775968881101,0.0,1547.527,0.1288844329641865
1549.2414861545851,0.0,1547.985,0.01995207497663909
1549.7070034280691,0.0,1548.452,0.4295380526680903
1550.1725207015531,0.0,1548.918,-0.05412208428402954
1550.638037975037,0.0,1549.382,0.25524602017278664
1551.103555248521,0.0,1549.851,-0.08026579825799551
1551.569072522005,0.0,1550.315,-0.11076701432364544
1552.034589795489,0.0,1550.778,-0.10423102090134684
1552.5001070689727,0.0,1551.245,0.1332416753406429
1552.9656243424567,0.0,1551.707,-0.03451436373236216
1553.4311416159408,0.0,1552.172,0.26831800701738384
1553.8966588894245,0.0,1552.637,0.27049675806322604
1554.3621761629086,0.0,1553.103,-0.0671940711286263
1554.8276934363926,0.0,1553.566,0.19206535642610056
1555.2932107098766,0.0,1554.032,-0.06501532008278454
1555.7587279833604,0.0,1554.496,-0.041050097439432776
1556.2242452568444,0.0,1554.962,-0.1281962435446986
1556.6897625303284,0.0,1555.43,-0.15433995751866414
1557.1552798038124,0.0,1555.896,0.0722395029245706
1557.6207970772962,0.0,1556.356,0.017773323930797336
1558.0863143507802,0.0,1556.826,0.017773323930797336
1558.5518316242642,0.0,1557.289,0.061346267125816034
1559.0173488977482,0.0,1557.752,0.10709796136667737
1559.482866171232,0.0,1558.218,0.17899336958150336
1559.948383444716,0.0,1558.682,-0.20662764518182364
1560.4139007182,0.0,1559.148,-0.1260174924988564
1560.8794179916838,0.0,1559.615,0.26178201359508524
1561.3449352651678,0.0,1560.081,-0.06501532008278454
1561.8104525386518,0.0,1560.542,0.1354204263864851
1562.2759698121358,0.0,1561.007,-0.15433995751866414
1562.7414870856196,0.0,1561.474,0.10927671241251868
1563.2070043591036,0.0,1561.94,-0.19791290071368328
1563.6725216325876,0.0,1562.4,0.17899336958150336
1564.1380389060716,0.0,1562.87,-0.20880613651243785
1564.6035561795554,0.0,1563.334,0.017773323930797336
1565.0690734530394,0.0,1563.796,-0.2196993723111924
1565.5345907265234,0.0,1564.267,0.0744182539704128
1566.0001080000075,0.0,1564.729,0.1397776687629415
1566.4656252734912,0.0,1565.195,-0.13691072829761097
1566.9311425469753,0.0,1565.658,0.0809542473927114
1567.3966598204593,0.0,1566.123,-0.08026579825799551
1567.862177093943,0.0,1566.589,-0.05847932666048594
1568.327694367427,0.0,1567.054,0.14849241323108142
1568.793211640911,0.0,1567.518,0.1179911971654315
1569.258728914395,0.0,1567.984,-0.1260174924988564
1569.7242461878789,0.0,1568.448,0.10927671241251868
1570.1897634613629,0.0,1568.914,0.16810013378274924
1570.6552807348469,0.0,1569.381,0.08966873214562376
1571.120798008331,0.0,1569.843,0.017773323930797336
1571.5863152818147,0.0,1570.311,0.011237330508498733
1572.0518325552987,0.0,1570.773,-0.11294550565425965
1572.5173498287827,0.0,1571.237,0.037381304197692256
1572.9828671022665,0.0,1571.7,0.1354204263864851
1573.4483843757505,0.0,1572.165,0.03520255315185006
1573.9139016492345,0.0,1572.63,0.2944617209913494
1574.3794189227185,0.0,1573.096,-0.11076701432364544
1574.8449361962023,0.0,1573.563,0.2116730769777675
1575.3104534696863,0.0,1574.029,-0.14780396409636598
1575.7759707431703,0.0,1574.493,0.04391703790476287
1576.2414880166543,0.0,1574.959,-0.04758609086173138
1576.707005290138,0.0,1575.426,0.19424384775671477
1577.1725225636221,0.0,1575.885,0.03520255315185006
1577.6380398371061,0.0,1576.355,0.10491921032083518
1578.1035571105901,0.0,1576.818,0.29010447861489297
1578.569074384074,0.0,1577.281,0.10056196794437877
1579.034591657558,0.0,1577.751,-0.027978370310064005
1579.500108931042,0.0,1578.21,-0.12383874145301421
1579.9656262045257,0.0,1578.68,0.18117212062734556
1580.4311434780097,0.0,1579.146,0.06352501817165823
1580.8966607514938,0.0,1579.611,0.11145520374313289
1581.3621780249778,0.0,1580.076,0.05916777579520183
1581.8276952984615,0.0,1580.541,-0.18919841596077047
1582.2932125719456,0.0,1581.006,-0.0780873069273813
1582.7587298454296,0.0,1581.465,-0.15433995751866414
1583.2242471189136,0.0,1581.931,-0.08244454930383727
1583.6897643923974,0.0,1582.4,0.18552936300380196
1584.1552816658814,0.0,1582.862,-0.15869719989512054
1584.6207989393654,0.0,1583.326,0.38378635842722897
1585.0863162128494,0.0,1583.796,-0.13037473487531281
1585.5518334863332,0.0,1584.259,0.08749024081500956
1586.0173507598172,0.0,1584.722,0.0722395029245706
1586.4828680333012,0.0,1585.188,0.18117212062734556
1586.948385306785,0.0,1585.652,0.2116730769777675
1587.413902580269,0.0,1586.117,-0.09115903405675008
1587.879419853753,0.0,1586.582,-0.06283656903694235
1588.344937127237,0.0,1587.048,-0.05412208428402954
1588.8104544007208,0.0,1587.515,0.052631782372903224
1589.2759716742048,0.0,1587.98,-0.15433995751866414
1589.7414889476888,0.0,1588.445,0.061346267125816034
1590.2070062211728,0.0,1588.911,-0.09115903405675008
1590.6725234946566,0.0,1589.374,-0.1281962435446986
1591.1380407681406,0.0,1589.837,0.17463612720504695
1591.6035580416246,0.0,1590.3,-0.04540759953111717
1592.0690753151086,0.0,1590.77,0.0722395029245706
1592.5345925885924,0.0,1591.234,0.18552936300380196
1593.0001098620764,0.0,1591.696,-0.14126797067406738
1593.4656271355605,0.0,1592.162,-0.1173030077459436
1593.9311444090442,0.0,1592.63,-0.15433995751866414
1594.3966616825282,0.0,1593.095,0.15067090456169563
1594.8621789560123,0.0,1593.559,-0.1674119443632609
1595.3276962294963,0.0,1594.025,-0.030156861640678212
1595.79321350298,0.0,1594.49,-0.0671940711286263
1596.258730776464,0.0,1594.955,0.017773323930797336
1596.724248049948,0.0,1595.422,-0.14344672171990958
1597.189765323432,0.0,1595.881,-0.056300835329871735
1597.6552825969159,0.0,1596.348,-0.15216120647282194
1598.1207998703999,0.0,1596.811,-0.06501532008278454
1598.586317143884,0.0,1597.281,0.1332416753406429
1599.051834417368,0.0,1597.744,0.15284965560753783
1599.5173516908517,0.0,1598.21,0.09402597452208017
1599.9828689643357,0.0,1598.673,0.2356382996211197
1600.4483862378197,0.0,1599.139,-0.06065807770632814
1600.9139035113035,0.0,1599.603,-0.06065807770632814
1601.3794207847875,0.0,1600.069,0.05481027370351743
1601.8449380582715,0.0,1600.533,-0.056300835329871735
1602.3104553317555,0.0,1600.999,-0.1674119443632609
1602.7759726052393,0.0,1601.464,0.04827453999644682
1603.2414898787233,0.0,1601.929,0.1332416753406429
1603.7070071522073,0.0,1602.392,-0.04322884848527497
1604.1725244256913,0.0,1602.862,0.009058839177884526
1604.6380416991751,0.0,1603.322,0.25742477121862883
1605.1035589726591,0.0,1603.786,0.1179911971654315
1605.5690762461431,0.0,1604.256,-0.08026579825799551
1606.034593519627,0.0,1604.718,0.09620472556792237
1606.500110793111,0.0,1605.184,0.2334595485752775
1606.965628066595,0.0,1605.65,-0.09987377852489043
1607.431145340079,0.0,1606.116,-0.1216602501224
1607.8966626135627,0.0,1606.577,0.0809542473927114
1608.3621798870468,0.0,1607.043,-0.014906383465467243
1608.8276971605308,0.0,1607.507,0.29664047203719157
1609.2932144340148,0.0,1607.973,0.006880088132042328
1609.7587317074986,0.0,1608.438,0.20295859222485557
1610.2242489809826,0.0,1608.904,0.0264878086837097
1610.6897662544666,0.0,1609.367,-0.0780873069273813
1611.1552835279506,0.0,1609.837,0.17245737615920564
1611.6208008014344,0.0,1610.297,-0.13473223696699677
1612.0863180749184,0.0,1610.76,0.017773323930797336
1612.5518353484024,0.0,1611.23,0.06788226054811419
1613.0173526218862,0.0,1611.692,0.09838347661376456
1613.4828698953702,0.0,1612.158,0.06788226054811419
1613.9483871688542,0.0,1612.623,0.006880088132042328
1614.4139044423382,0.0,1613.089,0.27267524939384025
1614.879421715822,0.0,1613.556,0.046095788950605066
1615.344938989306,0.0,1614.021,-0.09551653614843403
1615.81045626279,0.0,1614.486,0.017773323930797336
1616.275973536274,0.0,1614.951,-0.14126797067406738
1616.7414908097578,0.0,1615.415,-0.06501532008278454
1617.2070080832418,0.0,1615.877,-0.08244454930383727
1617.6725253567258,0.0,1616.345,-0.06283656903694235
1618.1380426302098,0.0,1616.807,0.1267056819183443
1618.6035599036936,0.0,1617.275,-0.027978370310064005
1619.0690771771776,0.0,1617.737,-0.15216120647282194
1619.5345944506616,0.0,1618.203,-0.027978370310064005
1620.0001117241454,0.0,1618.666,0.030845310775394097
1620.4656289976294,0.0,1619.132,0.28574723623843656
1620.9311462711134,0.0,1619.597,-0.027978370310064005
1621.3966635445975,0.0,1620.062,0.006880088132042328
1621.8621808180812,0.0,1620.529,0.009058839177884526
1622.3276980915653,0.0,1620.995,0.1397776687629415
1622.7932153650493,0.0,1621.459,0.0722395029245706
1623.2587326385333,0.0,1621.925,0.1288844329641865
1623.724249912017,0.0,1622.385,0.04827453999644682
1624.189767185501,0.0,1622.855,0.024309317353095494
1624.655284458985,0.0,1623.318,-0.1173030077459436
1625.120801732469,0.0,1623.781,0.19642259880255697
1625.5863190059529,0.0,1624.245,-0.0715513135050827
1626.0518362794369,0.0,1624.715,0.10491921032083518
1626.517353552921,0.0,1625.181,0.14413491113939791
1626.9828708264047,0.0,1625.644,0.2094945856471533
1627.4483880998887,0.0,1626.11,0.37071463129785975
1627.9139053733727,0.0,1626.575,0.25960352226447103
1628.3794226468567,0.0,1627.04,-0.014906383465467243
1628.8449399203405,0.0,1627.5,-0.11512425670010185
1629.3104571938245,0.0,1627.966,0.18335061195795976
1629.7759744673085,0.0,1628.43,-0.014906383465467243
1630.2414917407925,0.0,1628.896,0.0722395029245706
1630.7070090142763,0.0,1629.367,-0.017085134511308997
1631.1725262877603,0.0,1629.829,-0.09769502747904868
1631.6380435612443,0.0,1630.297,-0.06501532008278454
1632.1035608347283,0.0,1630.76,-0.041050097439432776
1632.5690781082121,0.0,1631.23,0.06788226054811419
1633.0345953816961,0.0,1631.685,0.0722395029245706
1633.5001126551801,0.0,1632.151,-0.07372980483569691
1633.965629928664,0.0,1632.615,-0.06065807770632814
1634.431147202148,0.0,1633.081,-0.1652331933174187
1634.896664475632,0.0,1633.548,-0.12383874145301421
1635.362181749116,0.0,1634.014,-0.09769502747904868
1635.8276990225997,0.0,1634.477,-0.0780873069273813
1636.2932162960838,0.0,1634.943,-0.11512425670010185
1636.7587335695678,0.0,1635.411,-0.04540759953111717
1637.2242508430518,0.0,1635.874,-0.05194333323818778
1637.6897681165356,0.0,1636.337,-0.04540759953111717
1638.1552853900196,0.0,1636.8,0.00470133708620013
1638.6208026635036,0.0,1637.27,0.07006101159395639
1639.0863199369874,0.0,1637.733,0.05481027370351743
1639.5518372104714,0.0,1638.199,0.0722395029245706
1640.0173544839554,0.0,1638.661,-0.06283656903694235
1640.4828717574394,0.0,1639.128,-0.2763443023508083
1640.9483890309232,0.0,1639.593,0.08966873214562376
1641.4139063044072,0.0,1640.059,-0.10423102090134684
1641.8794235778912,0.0,1640.522,0.3968583452718262
1642.3449408513752,0.0,1640.988,-0.14780396409636598
1642.810458124859,0.0,1641.453,-0.16305444227157695
1643.275975398343,0.0,1641.918,-0.13473223696699677
1643.741492671827,0.0,1642.381,-0.11076701432364544
1644.207009945311,0.0,1642.851,0.06788226054811419
1644.6725272187948,0.0,1643.311,0.1223484395418879
1645.1380444922788,0.0,1643.781,0.18335061195795976
1645.6035617657628,0.0,1644.241,-0.09769502747904868
1646.0690790392466,0.0,1644.711,0.05481027370351743
1646.5345963127306,0.0,1645.177,-0.10423102090134684
1647.0001135862146,0.0,1645.641,0.046095788950605066
1647.4656308596986,0.0,1646.107,0.09838347661376456
1647.9311481331824,0.0,1646.567,0.04173854657414866
1648.3966654066664,0.0,1647.033,0.35328540207680703
1648.8621826801505,0.0,1647.5,0.04391703790476287
1649.3276999536345,0.0,1647.966,0.01341608155434093
1649.7932172271182,0.0,1648.426,-0.2175208809805782
1650.2587345006023,0.0,1648.891,0.17245737615920564
1650.7242517740863,0.0,1649.359,0.07006101159395639
1651.1897690475703,0.0,1649.822,-0.09987377852489043
1651.655286321054,0.0,1650.285,0.20295859222485557
1652.120803594538,0.0,1650.755,-0.18048367149263012
1652.586320868022,0.0,1651.226,-0.041050097439432776
1653.0518381415059,0.0,1651.681,-0.017085134511308997
1653.5173554149899,0.0,1652.147,0.2138518280236097
1653.982872688474,0.0,1652.611,0.030845310775394097
1654.448389961958,0.0,1653.076,0.05481027370351743
1654.9139072354417,0.0,1653.541,0.18335061195795976
1655.3794245089257,0.0,1654.006,-0.0715513135050827
1655.8449417824097,0.0,1654.47,0.00034409470974416934
1656.3104590558937,0.0,1654.936,0.10491921032083518
1656.7759763293775,0.0,1655.404,0.19642259880255697
1657.2414936028615,0.0,1655.866,0.076596745301027
1657.7070108763455,0.0,1656.33,0.1332416753406429
1658.1725281498295,0.0,1656.8,-0.11512425670010185
1658.6380454233133,0.0,1657.263,0.076596745301027
1659.1035626967973,0.0,1657.726,-0.041050097439432776
1659.5690799702813,0.0,1658.191,0.15284965560753783
1660.0345972437651,0.0,1658.662,-0.1652331933174187
1660.5001145172491,0.0,1659.12,-0.15433995751866414
1660.9656317907331,0.0,1659.585,0.0831327387233256
1661.4311490642172,0.0,1660.051,0.0787754963468692
1661.896666337701,0.0,1660.515,0.1158124461195893
1662.362183611185,0.0,1660.981,-0.017085134511308997
1662.827700884669,0.0,1661.448,0.2988189633678058
1663.293218158153,0.0,1661.914,-0.09115903405675008
1663.7587354316368,0.0,1662.382,-0.1260174924988564
1664.2242527051208,0.0,1662.844,-0.09769502747904868
1664.6897699786048,0.0,1663.308,0.009058839177884526
1665.1552872520886,0.0,1663.77,-0.10858826327780324
1665.6208045255726,0.0,1664.241,-0.09769502747904868
1666.0863217990566,0.0,1664.703,0.35982139549910563
1666.5518390725406,0.0,1665.169,-0.027978370310064005
1667.0173563460244,0.0,1665.633,0.14631366218523922
1667.4828736195084,0.0,1666.099,0.076596745301027
1667.9483908929924,0.0,1666.566,-0.0693725624592405
1668.4139081664764,0.0,1667.025,-0.027978370310064005
1668.8794254399602,0.0,1667.49,0.14413491113939791
1669.3449427134442,0.0,1667.956,0.18335061195795976
1669.8104599869282,0.0,1668.423,-0.15433995751866414
1670.2759772604122,0.0,1668.888,0.17463612720504695
1670.741494533896,0.0,1669.352,-0.04322884848527497
1671.20701180738,0.0,1669.822,-0.14780396409636598
1671.672529080864,0.0,1670.285,0.18552936300380196
1672.1380463543478,0.0,1670.748,0.015594572884955138
1672.6035636278318,0.0,1671.214,-0.030156861640678212
1673.0690809013158,0.0,1671.677,0.0831327387233256
1673.5345981747998,0.0,1672.143,-0.05412208428402954
1674.0001154482836,0.0,1672.607,-0.20662764518182364
1674.4656327217676,0.0,1673.073,-0.03669285506297637
1674.9311499952516,0.0,1673.538,-0.0715513135050827
1675.3966672687357,0.0,1674.003,0.10491921032083518
1675.8621845422194,0.0,1674.47,0.0264878086837097
1676.3277018157034,0.0,1674.936,0.1332416753406429
1676.7932190891875,0.0,1675.397,0.015594572884955138
1677.2587363626715,0.0,1675.866,0.405572830024739
1677.7242536361553,0.0,1676.33,0.01995207497663909
1678.1897709096393,0.0,1676.792,0.09402597452208017
1678.6552881831233,0.0,1677.256,0.076596745301027
1679.120805456607,0.0,1677.726,-0.021442376887765402
1679.586322730091,0.0,1678.191,0.15284965560753783
1680.051840003575,0.0,1678.655,0.06352501817165823
1680.517357277059,0.0,1679.12,0.076596745301027
1680.9828745505429,0.0,1679.586,0.030845310775394097
1681.4483918240269,0.0,1680.052,-0.0715513135050827
1681.913909097511,0.0,1680.512,0.076596745301027
1682.379426370995,0.0,1680.978,-0.0693725624592405
1682.8449436444787,0.0,1681.445,0.24871002675048803
1683.3104609179627,0.0,1681.91,-0.04540759953111717
1683.7759781914467,0.0,1682.371,0.15067090456169563
1684.2414954649307,0.0,1682.841,-0.11076701432364544
1684.7070127384145,0.0,1683.304,-0.10640977194718904
1685.1725300118985,0.0,1683.766,-0.0715513135050827
1685.6380472853825,0.0,1684.23,-0.08462330034967946
1686.1035645588663,0.0,1684.7,-0.15433995751866414
1686.5690818323503,0.0,1685.165,0.09838347661376456
1687.0345991058343,0.0,1685.626,-0.1260174924988564
1687.5001163793183,0.0,1686.092,0.1310631840100287
1687.9656336528021,0.0,1686.559,0.18552936300380196
1688.4311509262861,0.0,1687.024,0.05045303132706147
1688.8966681997701,0.0,1687.49,0.0722395029245706
1689.3621854732542,0.0,1687.955,0.052631782372903224
1689.827702746738,0.0,1688.422,-0.08680179168029367
1690.293220020222,0.0,1688.881,0.046095788950605066
1690.758737293706,0.0,1689.352,-0.14562547276575133
1691.22425456719,0.0,1689.814,-0.017085134511308997
1691.6897718406738,0.0,1690.278,-0.10205226985550464
1692.1552891141578,0.0,1690.74,0.09838347661376456
1692.6208063876418,0.0,1691.206,0.09838347661376456
1693.0863236611256,0.0,1691.676,-0.11512425670010185
1693.5518409346096,0.0,1692.135,-0.10423102090134684
1694.0173582080936,0.0,1692.6,0.1375989177170993
1694.4828754815776,0.0,1693.066,0.2988189633678058
1694.9483927550614,0.0,1693.533,-0.0715513135050827
1695.4139100285454,0.0,1693.999,0.20077984117901337
1695.8794273020294,0.0,1694.464,0.00034409470974416934
1696.3449445755134,0.0,1694.93,0.1245271905877301
1696.8104618489972,0.0,1695.393,0.18117212062734556
1697.2759791224812,0.0,1695.855,-0.03451436373236216
1697.7414963959652,0.0,1696.323,0.00034409470974416934
1698.207013669449,0.0,1696.785,-0.14344672171990958
1698.672530942933,0.0,1697.256,0.19642259880255697
1699.138048216417,0.0,1697.718,0.0722395029245706
1699.603565489901,0.0,1698.184,-0.06501532008278454
1700.0690827633848,0.0,1698.651,0.0744182539704128
1700.5346000368688,0.0,1699.116,-0.04540759953111717
1701.0001173103528,0.0,1699.581,-0.08026579825799551
1701.4656345838368,0.0,1700.047,0.1245271905877301
1701.9311518573206,0.0,1700.505,0.08966873214562376
1702.3966691308046,0.0,1700.97,-0.1173030077459436
1702.8621864042887,0.0,1701.437,0.1332416753406429
1703.3277036777727,0.0,1701.903,0.0722395029245706
1703.7932209512564,0.0,1702.371,0.0722395029245706
1704.2587382247405,0.0,1702.833,-0.021442376887765402
1704.7242554982245,0.0,1703.296,-0.09987377852489043
1705.1897727717082,0.0,1703.766,-0.09769502747904868
1705.6552900451923,0.0,1704.23,0.04173854657414866
1706.1208073186763,0.0,1704.692,-0.13473223696699677
1706.5863245921603,0.0,1705.158,0.05916777579520183
1707.051841865644,0.0,1705.623,0.08966873214562376
1707.517359139128,0.0,1706.088,-0.0780873069273813
1707.982876412612,0.0,1706.556,0.26613925597154164
1708.448393686096,0.0,1707.021,-0.06283656903694235
1708.9139109595799,0.0,1707.485,0.0264878086837097
1709.379428233064,0.0,1707.951,-0.056300835329871735
1709.844945506548,0.0,1708.411,0.2094945856471533
1710.310462780032,0.0,1708.881,0.24217429304341742
1710.7759800535157,0.0,1709.345,0.07006101159395639
1711.2414973269997,0.0,1709.807,-0.041050097439432776
1711.7070146004837,0.0,1710.275,-0.1281962435446986
1712.1725318739675,0.0,1710.737,0.10274071899022097
1712.6380491474515,0.0,1711.202,-0.014906383465467243
1713.1035664209355,0.0,1711.665,0.1288844329641865
1713.5690836944195,0.0,1712.131,0.29664047203719157
1714.0346009679033,0.0,1712.596,0.00034409470974416934
1714.5001182413873,0.0,1713.061,0.01341608155434093
1714.9656355148713,0.0,1713.526,-0.09769502747904868
1715.4311527883553,0.0,1713.992,-0.07372980483569691
1715.8966700618391,0.0,1714.456,0.10709796136667737
1716.3621873353231,0.0,1714.921,0.24871002675048803
1716.8277046088072,0.0,1715.385,-0.06283656903694235
1717.2932218822912,0.0,1715.855,-0.09551653614843403
1717.758739155775,0.0,1716.318,0.3336774218099121
1718.224256429259,0.0,1716.781,0.09838347661376456
1718.689773702743,0.0,1717.249,-0.08244454930383727
1719.1552909762268,0.0,1717.711,0.2094945856471533
1719.6208082497108,0.0,1718.177,0.26831800701738384
1720.0863255231948,0.0,1718.641,-0.15433995751866414
1720.5518427966788,0.0,1719.106,0.19206535642610056
1721.0173600701626,0.0,1719.57,0.06570350950227244
1721.4828773436466,0.0,1720.036,-0.08244454930383727
1721.9483946171306,0.0,1720.501,0.00034409470974416934
1722.4139118906146,0.0,1720.966,-0.06283656903694235
1722.8794291640984,0.0,1721.433,-0.017085134511308997
1723.3449464375824,0.0,1721.899,-0.04322884848527497
1723.8104637110664,0.0,1722.367,-0.1216602501224
1724.2759809845504,0.0,1722.829,0.2356382996211197
1724.7414982580342,0.0,1723.293,0.022130566307253297
1725.2070155315182,0.0,1723.755,0.27703249177029665
1725.6725328050022,0.0,1724.221,-0.08244454930383727
1726.138050078486,0.0,1724.692,-0.09551653614843403
1726.60356735197,0.0,1725.15,-0.09115903405675008
1727.069084625454,0.0,1725.616,0.10709796136667737
1727.534601898938,0.0,1726.082,-0.0715513135050827
1728.0001191724218,0.0,1726.549,0.0809542473927114
1728.4656364459058,0.0,1727.015,-0.041050097439432776
1728.9311537193898,0.0,1727.482,0.16810013378274924
1729.3966709928739,0.0,1727.94,0.1397776687629415
1729.8621882663576,0.0,1728.408,0.011237330508498733
1730.3277055398416,0.0,1728.87,0.006880088132042328
1730.7932228133257,0.0,1729.341,0.00034409470974416934
1731.2587400868094,0.0,1729.803,0.061346267125816034
1731.7242573602934,0.0,1730.267,-0.09333778510259227
1732.1897746337775,0.0,1730.737,0.3881436008036854
1732.6552919072615,0.0,1731.195,0.34457065760866623
1733.1208091807453,0.0,1731.665,-0.16087595094096274
1733.5863264542293,0.0,1732.131,-0.0715513135050827
1734.0518437277133,0.0,1732.596,-0.08026579825799551
1734.5173610011973,0.0,1733.062,0.19424384775671477
1734.982878274681,0.0,1733.52,0.03520255315185006
1735.448395548165,0.0,1733.985,0.04391703790476287
1735.913912821649,0.0,1734.453,-0.041050097439432776
1736.379430095133,0.0,1734.918,0.10056196794437877
1736.8449473686169,0.0,1735.386,0.27921124281613796
1737.310464642101,0.0,1735.848,-0.0693725624592405
1737.775981915585,0.0,1736.311,-0.06501532008278454
1738.2414991890687,0.0,1736.781,-0.04322884848527497
1738.7070164625527,0.0,1737.244,0.29010447861489297
1739.1725337360367,0.0,1737.707,-0.06065807770632814
1739.6380510095207,0.0,1738.173,-0.08026579825799551
1740.1035682830045,0.0,1738.637,0.18117212062734556
1740.5690855564885,0.0,1739.103,0.2094945856471533
1741.0346028299725,0.0,1739.571,-0.04322884848527497
1741.5001201034565,0.0,1740.037,0.09620472556792237
1741.9656373769403,0.0,1740.496,0.20295859222485557
1742.4311546504243,0.0,1740.962,-0.030156861640678212
1742.8966719239083,0.0,1741.427,-0.04758609086173138
1743.3621891973924,0.0,1741.892,0.2225663127765225
1743.8277064708761,0.0,1742.355,-0.056300835329871735
1744.2932237443601,0.0,1742.825,0.05045303132706147
1744.7587410178442,0.0,1743.289,0.1397776687629415
1745.224258291328,0.0,1743.752,0.2160303193542239
1745.689775564812,0.0,1744.219,0.011237330508498733
1746.155292838296,0.0,1744.682,-0.15216120647282194
1746.62081011178,0.0,1745.148,0.05481027370351743
1747.0863273852638,0.0,1745.615,0.16156414036045064
1747.5518446587478,0.0,1746.081,0.29664047203719157
1748.0173619322318,0.0,1746.541,-0.11294550565425965
1748.4828792057158,0.0,1747.007,-0.13908947934345317
1748.9483964791996,0.0,1747.471,-0.13473223696699677
1749.4139137526836,0.0,1747.937,0.16810013378274924
1749.8794310261676,0.0,1748.404,0.07006101159395639
1750.3449482996516,0.0,1748.866,-0.027978370310064005
1750.8104655731354,0.0,1749.334,-0.0780873069273813
1751.2759828466194,0.0,1749.797,0.18117212062734556
1751.7415001201034,0.0,1750.267,0.09838347661376456
1752.2070173935872,0.0,1750.729,0.2094945856471533
1752.6725346670712,0.0,1751.195,0.39032235184952757
1753.1380519405552,0.0,1751.658,-0.14780396409636598
1753.6035692140392,0.0,1752.123,-0.1216602501224
1754.069086487523,0.0,1752.589,0.20295859222485557
1754.534603761007,0.0,1753.054,-0.004013147666712236
1755.000121034491,0.0,1753.519,-0.04322884848527497
1755.465638307975,0.0,1753.985,-0.11076701432364544
1755.9311555814588,0.0,1754.445,-0.021442376887765402
1756.3966728549428,0.0,1754.911,0.04173854657414866
1756.8621901284268,0.0,1755.379,-0.08680179168029367
1757.3277074019106,0.0,1755.841,0.36199988682971984
1757.7932246753946,0.0,1756.311,-0.23712860153224558
1758.2587419488787,0.0,1756.774,-0.021442376887765402
1758.7242592223627,0.0,1757.237,-0.1739476780703315
1759.1897764958464,0.0,1757.7,0.18988660538025837
1759.6552937693305,0.0,1758.165,0.017773323930797336
1760.1208110428145,0.0,1758.63,0.14849241323108142
1760.5863283162985,0.0,1759.096,0.2988189633678058
1761.0518455897823,0.0,1759.563,0.09402597452208017
1761.5173628632663,0.0,1760.029,0.29664047203719157
1761.9828801367503,0.0,1760.493,0.16156414036045064
1762.4483974102343,0.0,1760.959,-0.09551653614843403
1762.913914683718,0.0,1761.426,0.24871002675048803
1763.379431957202,0.0,1761.892,-0.09987377852489043
1763.844949230686,0.0,1762.352,0.046095788950605066
1764.3104665041699,0.0,1762.822,-0.18048367149263012
1764.775983777654,0.0,1763.285,-0.09769502747904868
1765.241501051138,0.0,1763.748,-0.15433995751866414
1765.707018324622,0.0,1764.213,0.17463612720504695
1766.1725355981057,0.0,1764.677,-0.021442376887765402
1766.6380528715897,0.0,1765.143,-0.05847932666048594
1767.1035701450737,0.0,1765.611,-0.017085134511308997
1767.5690874185577,0.0,1766.076,0.0831327387233256
1768.0346046920415,0.0,1766.537,-0.041050097439432776
1768.5001219655255,0.0,1767.003,0.19642259880255697
1768.9656392390095,0.0,1767.468,-0.06283656903694235
1769.4311565124935,0.0,1767.934,0.1332416753406429
1769.8966737859773,0.0,1768.396,0.0831327387233256
1770.3621910594613,0.0,1768.866,0.04827453999644682
1770.8277083329453,0.0,1769.326,0.015594572884955138
1771.2932256064291,0.0,1769.796,-0.0715513135050827
1771.7587428799131,0.0,1770.259,0.29664047203719157
1772.2242601533972,0.0,1770.721,-0.025799619264221807
1772.6897774268812,0.0,1771.187,0.1397776687629415
1773.155294700365,0.0,1771.651,0.022130566307253297
1773.620811973849,0.0,1772.116,0.15284965560753783
1774.086329247333,0.0,1772.581,0.05698902474935963
1774.551846520817,0.0,1773.047,0.19860134984839917
1775.0173637943008,0.0,1773.512,0.08966873214562376
1775.4828810677848,0.0,1773.978,0.017773323930797336
1775.9483983412688,0.0,1774.445,-0.07590855588153911
1776.4139156147528,0.0,1774.911,0.00470133708620013
1776.8794328882366,0.0,1775.371,-0.14344672171990958
1777.3449501617206,0.0,1775.84,-0.22405661468764881
1777.8104674352046,0.0,1776.304,0.05481027370351743
1778.2759847086884,0.0,1776.767,0.0744182539704128
1778.7415019821724,0.0,1777.23,-0.14126797067406738
1779.2070192556564,0.0,1777.7,0.1288844329641865
1779.6725365291404,0.0,1778.165,0.06352501817165823
1780.1380538026242,0.0,1778.63,0.1332416753406429
1780.6035710761082,0.0,1779.096,0.09838347661376456
1781.0690883495922,0.0,1779.555,-0.08026579825799551
1781.5346056230762,0.0,1780.021,0.061346267125816034
1782.00012289656,0.0,1780.486,-0.13255348592115457
1782.465640170044,0.0,1780.952,0.10056196794437877
1782.931157443528,0.0,1781.426,0.01341608155434093
1783.396674717012,0.0,1781.885,-0.04758609086173138
1783.8621919904958,0.0,1782.348,0.0722395029245706
1784.3277092639798,0.0,1782.811,-0.1260174924988564
1784.7932265374639,0.0,1783.281,-0.09333778510259227
1785.2587438109476,0.0,1783.744,0.2160303193542239
1785.7242610844316,0.0,1784.209,0.10927671241251868
1786.1897783579157,0.0,1784.672,0.00470133708620013
1786.6552956313997,0.0,1785.138,-0.017085134511308997
1787.1208129048835,0.0,1785.604,0.2160303193542239
1787.5863301783675,0.0,1786.069,0.00470133708620013
1788.0518474518515,0.0,1786.53,0.27921124281613796
1788.5173647253355,0.0,1786.996,-0.03669285506297637
1788.9828819988193,0.0,1787.463,-0.006191898712554433
1789.4483992723033,0.0,1787.929,0.009058839177884526
1789.9139165457873,0.0,1788.392,-0.07372980483569691
1790.379433819271,0.0,1788.855,0.15284965560753783
1790.844951092755,0.0,1789.326,-0.014906383465467243
1791.310468366239,0.0,1789.789,0.18117212062734556
1791.775985639723,0.0,1790.252,-0.0715513135050827
1792.241502913207,0.0,1790.722,0.024309317353095494
1792.707020186691,0.0,1791.18,-0.041050097439432776
1793.172537460175,0.0,1791.651,-0.09769502747904868
1793.638054733659,0.0,1792.117,0.03520255315185006
1794.1035720071427,0.0,1792.581,0.0787754963468692
1794.5690892806267,0.0,1793.047,0.29664047203719157
1795.0346065541107,0.0,1793.512,0.17899336958150336
1795.5001238275947,0.0,1793.97,0.006880088132042328
1795.9656411010785,0.0,1794.437,0.0831327387233256
1796.4311583745625,0.0,1794.903,-0.05194333323818778
1796.8966756480465,0.0,1795.37,-0.03451436373236216
1797.3621929215303,0.0,1795.833,0.1310631840100287
1797.8277101950143,0.0,1796.296,-0.017085134511308997
1798.2932274684983,0.0,1796.767,0.19860134984839917
1798.7587447419824,0.0,1797.23,-0.1194814990765578
1799.2242620154661,0.0,1797.692,-0.1173030077459436
1799.6897792889501,0.0,1798.158,0.11145520374313289
1800.1552965624342,0.0,1798.626,0.1310631840100287
1800.6208138359182,0.0,1799.091,0.00034409470974416934
1801.086331109402,0.0,1799.556,0.09838347661376456
1801.551848382886,0.0,1800.015,0.04173854657414866
1802.01736565637,0.0,1800.482,0.08966873214562376
1802.482882929854,0.0,1800.947,-0.0236211279336076
1802.9484002033378,0.0,1801.415,0.16374289140629283
1803.4139174768218,0.0,1801.878,0.23781679095173391
1803.8794347503058,0.0,1802.341,0.09620472556792237
1804.3449520237896,0.0,1802.811,-0.04758609086173138
1804.8104692972736,0.0,1803.274,0.06352501817165823
1805.2759865707576,0.0,1803.737,0.015594572884955138
1805.7415038442416,0.0,1804.202,0.09838347661376456
1806.2070211177254,0.0,1804.665,0.1310631840100287
1806.6725383912094,0.0,1805.131,0.017773323930797336
1807.1380556646934,0.0,1805.596,0.05045303132706147
1807.6035729381774,0.0,1806.062,0.38160786709661476
1808.0690902116612,0.0,1806.527,0.14631366218523922
1808.5346074851452,0.0,1806.993,0.06570350950227244
1809.0001247586292,0.0,1807.459,0.04173854657414866
1809.4656420321132,0.0,1807.925,0.1332416753406429
1809.931159305597,0.0,1808.386,-0.1260174924988564
1810.396676579081,0.0,1808.856,0.06352501817165823
1810.862193852565,0.0,1809.318,-0.08898054272613587
1811.3277111260488,0.0,1809.781,-0.07372980483569691
1811.7932283995328,0.0,1810.252,-0.0236211279336076
1812.2587456730168,0.0,1810.715,0.18988660538025837
1812.7242629465009,0.0,1811.181,0.1267056819183443
1813.1897802199846,0.0,1811.644,0.07006101159395639
1813.6552974934687,0.0,1812.11,0.07006101159395639
1814.1208147669527,0.0,1812.575,0.1288844329641865
1814.5863320404367,0.0,1813.04,0.03520255315185006
1815.0518493139205,0.0,1813.5,-0.1260174924988564
1815.5173665874045,0.0,1813.966,-0.03887160610881857
1815.9828838608885,0.0,1814.433,0.16374289140629283
1816.4484011343725,0.0,1814.899,0.39032235184952757
1816.9139184078563,0.0,1815.367,0.35110665103096483
1817.3794356813403,0.0,1815.829,0.06570350950227244
1817.8449529548243,0.0,1816.293,0.38378635842722897
1818.310470228308,0.0,1816.755,-0.09769502747904868
1818.775987501792,0.0,1817.226,-0.09987377852489043
1819.241504775276,0.0,1817.688,0.15067090456169563
1819.70702204876,0.0,1818.154,0.06570350950227244
1820.172539322244,0.0,1818.618,0.061346267125816034
1820.638056595728,0.0,1819.084,-0.03669285506297637
1821.103573869212,0.0,1819.551,0.17245737615920564
1821.569091142696,0.0,1820.01,0.17463612720504695
1822.0346084161797,0.0,1820.475,0.01341608155434093
1822.5001256896637,0.0,1820.941,0.10056196794437877
1822.9656429631477,0.0,1821.411,0.06570350950227244
1823.4311602366315,0.0,1821.874,0.300997714413648
1823.8966775101155,0.0,1822.337,-0.10423102090134684
1824.3621947835995,0.0,1822.806,0.0809542473927114
1824.8277120570835,0.0,1823.267,-0.04540759953111717
1825.2932293305673,0.0,1823.736,-0.06065807770632814
1825.7587466040513,0.0,1824.195,-0.0693725624592405
1826.2242638775353,0.0,1824.665,0.2356382996211197
1826.6897811510194,0.0,1825.131,-0.0693725624592405
1827.1552984245031,0.0,1825.596,0.046095788950605066
1827.6208156979872,0.0,1826.061,-0.1260174924988564
1828.0863329714712,0.0,1826.526,-0.09769502747904868
1828.5518502449552,0.0,1826.992,0.16810013378274924
1829.017367518439,0.0,1827.455,0.06352501817165823
1829.482884791923,0.0,1827.921,-0.021442376887765402
1829.948402065407,0.0,1828.382,0.1179911971654315
1830.4139193388908,0.0,1828.851,-0.12383874145301421
1830.8794366123748,0.0,1829.311,0.1288844329641865
1831.3449538858588,0.0,1829.781,-0.20227014309013924
1831.8104711593428,0.0,1830.245,-0.041050097439432776
1832.2759884328266,0.0,1830.707,-0.09115903405675008
1832.7415057063106,0.0,1831.173,0.19206535642610056
1833.2070229797946,0.0,1831.637,0.24871002675048803
1833.6725402532786,0.0,1832.103,0.1179911971654315
1834.1380575267624,0.0,1832.57,-0.05194333323818778
1834.6035748002464,0.0,1833.036,0.1179911971654315
1835.0690920737304,0.0,1833.5,-0.0693725624592405
1835.5346093472144,0.0,1833.965,0.2094945856471533
1836.0001266206982,0.0,1834.431,-0.09769502747904868
1836.4656438941822,0.0,1834.896,0.05481027370351743
1836.9311611676662,0.0,1835.359,0.16810013378274924
1837.39667844115,0.0,1835.821,-0.19573440938306863
1837.862195714634,0.0,1836.289,0.15720689798399423
1838.327712988118,0.0,1836.752,0.015594572884955138
1838.793230261602,0.0,1837.218,0.015594572884955138
1839.2587475350858,0.0,1837.683,-0.004013147666712236
1839.7242648085698,0.0,1838.149,-0.030156861640678212
1840.1897820820539,0.0,1838.615,0.3075337078359457
1840.6552993555379,0.0,1839.081,-0.0693725624592405
1841.1208166290216,0.0,1839.541,-0.1260174924988564
1841.5863339025057,0.0,1840.007,0.15284965560753783
1842.0518511759897,0.0,1840.474,0.1267056819183443
1842.5173684494737,0.0,1840.94,0.01341608155434093
1842.9828857229575,0.0,1841.404,-0.05194333323818778
,,1841.866,0.16156414036045064
,,1842.33,-0.0715513135050827
,,1842.8,0.0722395029245706
,,1843.263,-0.06283656903694235
,,1843.726,0.04391703790476287
,,1844.191,-0.014906383465467243
,,1844.655,0.0722395029245706
,,1845.121,-0.13473223696699677
,,1845.588,-0.017085134511308997
,,1846.054,0.15284965560753783
,,1846.518,-0.04976484190757313
,,1846.984,-0.027978370310064005
,,1847.449,-0.18919841596077047
,,1847.914,-0.017085134511308997
,,1848.378,-0.1717691867397173
,,1848.84,0.09838347661376456
,,1849.311,0.3358561728557543
,,1849.774,-0.1194814990765578
,,1850.237,0.37725036500493037
,,1850.7,-0.12383874145301421
,,1851.165,-0.13255348592115457
,,1851.63,0.04391703790476287
,,1852.096,-0.017085134511308997
,,1852.563,0.29664047203719157
,,1853.029,-0.08244454930383727
,,1853.493,0.017773323930797336
,,1853.959,-0.0715513135050827
,,1854.426,-0.05412208428402954
,,1854.891,-0.04976484190757313
,,1855.352,0.09838347661376456
,,1855.822,0.37942911605077256
,,1856.285,-0.041050097439432776
,,1856.748,0.20295859222485557
,,1857.214,-0.00837039004316864
,,1857.677,0.1288844329641865
,,1858.143,0.07006101159395639
,,1858.608,0.2160303193542239
,,1859.074,0.076596745301027
,,1859.541,0.011237330508498733
,,1860.006,0.27921124281613796
,,1860.47,-0.10858826327780324
,,1860.936,0.08966873214562376
,,1861.396,-0.017085134511308997
,,1861.866,-0.1173030077459436
,,1862.326,0.17463612720504695
,,1862.796,0.1288844329641865
,,1863.256,-0.06501532008278454
,,1863.726,-0.07372980483569691
,,1864.191,0.18770785433441617
,,1864.654,0.19642259880255697
,,1865.12,0.27049675806322604
,,1865.585,0.1288844329641865
,,1866.05,-0.15216120647282194
,,1866.515,-0.05412208428402954
,,1866.98,0.10274071899022097
,,1867.445,0.09838347661376456
,,1867.91,0.0722395029245706
,,1868.371,-0.03887160610881857
,,1868.841,-0.006191898712554433
,,1869.304,-0.0715513135050827
,,1869.766,0.17245737615920564
,,1870.234,0.17899336958150336
,,1870.696,-0.18701966491492827
,,1871.162,-0.04322884848527497
,,1871.626,-0.09769502747904868
,,1872.091,-0.13255348592115457
,,1872.556,0.05045303132706147
,,1873.022,-0.021442376887765402
,,1873.489,0.2399955419975761
,,1873.954,-0.04758609086173138
,,1874.415,0.0722395029245706
,,1874.885,-0.18484091386908652
,,1875.348,-0.10423102090134684
,,1875.81,-0.03669285506297637
,,1876.281,0.09838347661376456
,,1876.744,0.04173854657414866
,,1877.21,-0.041050097439432776
,,1877.673,-0.16087595094096274
,,1878.138,0.17245737615920564
,,1878.604,0.011237330508498733
,,1879.069,0.1288844329641865
,,1879.534,0.00470133708620013
,,1880.0,0.2138518280236097
,,1880.467,-0.23059260810994742
,,1880.925,-0.20880613651243785
,,1881.393,-0.18048367149263012
,,1881.855,0.15284965560753783
,,1882.326,0.35328540207680703
,,1882.789,-0.13473223696699677
,,1883.252,0.3358561728557543
,,1883.715,-0.09333778510259227
,,1884.18,-0.14562547276575133
,,1884.651,-0.09551653614843403
,,1885.117,0.29664047203719157
,,1885.581,0.10491921032083518
,,1886.047,0.009058839177884526
,,1886.512,-0.019263625841923204
,,1886.97,-0.14344672171990958
,,1887.437,-0.017085134511308997
,,1887.903,0.10491921032083518
,,1888.366,-0.014906383465467243
,,1888.837,0.39250110289536977
,,1889.3,0.20731583460131198
,,1889.763,0.3031764654594902
,,1890.226,0.15284965560753783
,,1890.696,-0.15433995751866414
,,1891.162,-0.0780873069273813
,,1891.626,0.06788226054811419
,,1892.085,-0.014906383465467243
,,1892.551,-0.041050097439432776
,,1893.017,0.11145520374313289
,,1893.482,0.0722395029245706
,,1893.948,0.06570350950227244
,,1894.411,-0.027978370310064005
,,1894.881,0.076596745301027
,,1895.344,0.2138518280236097
,,1895.807,-0.08462330034967946
,,1896.27,0.18552936300380196
,,1896.74,-0.23712860153224558
,,1897.206,-0.027978370310064005
,,1897.669,0.0831327387233256
,,1898.134,-0.041050097439432776
,,1898.6,0.18335061195795976
,,1899.065,-0.09769502747904868
,,1899.529,-0.04540759953111717
,,1899.996,-0.08026579825799551
,,1900.455,-0.08898054272613587
,,1900.921,0.05481027370351743
,,1901.389,0.11145520374313289
,,1901.851,-0.14562547276575133
,,1902.319,-0.032335612686519966
,,1902.781,0.17245737615920564
,,1903.252,0.1288844329641865
,,1903.714,0.011237330508498733
,,1904.18,-0.041050097439432776
,,1904.644,-0.09769502747904868
,,1905.109,-0.15433995751866414
,,1905.574,0.10274071899022097
,,1906.04,0.29010447861489297
,,1906.505,0.01995207497663909
,,1906.97,0.16810013378274924
,,1907.434,0.08966873214562376
,,1907.9,0.06352501817165823
,,1908.363,-0.027978370310064005
,,1908.826,0.15284965560753783
,,1909.296,-0.09769502747904868
,,1909.759,-0.10423102090134684
,,1910.226,0.0264878086837097
,,1910.689,0.27703249177029665
,,1911.154,-0.06283656903694235
,,1911.619,0.04391703790476287
,,1912.084,0.0787754963468692
,,1912.551,-0.15433995751866414
,,1913.01,-0.18048367149263012
,,1913.482,-0.09769502747904868
,,1913.94,-0.05194333323818778
,,1914.408,-0.1260174924988564
,,1914.87,0.37071463129785975
,,1915.34,0.052631782372903224
,,1915.803,0.15502814693815203
,,1916.267,0.3358561728557543
,,1916.73,-0.1260174924988564
,,1917.196,0.04827453999644682
,,1917.666,0.1310631840100287
,,1918.125,-0.09769502747904868
,,1918.597,0.1332416753406429
,,1919.055,0.01341608155434093
,,1919.522,0.076596745301027
,,1919.988,-0.041050097439432776
,,1920.453,0.015594572884955138
,,1920.918,-0.09333778510259227
,,1921.381,0.04827453999644682
,,1921.851,-0.13908947934345317
,,1922.312,0.10927671241251868
,,1922.781,0.18988660538025837
,,1923.241,-0.09769502747904868
,,1923.711,-0.05847932666048594
,,1924.176,0.0831327387233256
,,1924.64,-0.0693725624592405
,,1925.106,-0.07590855588153911
,,1925.571,-0.1260174924988564
,,1926.037,0.1397776687629415
,,1926.497,-0.25891507312975515
,,1926.963,0.01341608155434093
,,1927.43,0.10927671241251868
,,1927.895,0.015594572884955138
,,1928.356,0.29010447861489297
,,1928.825,-0.15216120647282194
,,1929.289,0.1288844329641865
,,1929.751,0.046095788950605066
,,1930.218,0.04391703790476287
,,1930.682,0.20295859222485557
,,1931.148,-0.14780396409636598
,,1931.615,0.3184269436347007
,,1932.081,0.1397776687629415
,,1932.541,0.20295859222485557
,,1933.006,-0.07372980483569691
,,1933.47,-0.08462330034967946
,,1933.936,0.2094945856471533
,,1934.4,-0.11512425670010185
,,1934.87,0.05045303132706147
,,1935.33,0.1332416753406429
,,1935.8,-0.041050097439432776
,,1936.263,-0.18048367149263012
,,1936.726,0.15502814693815203
,,1937.191,0.04173854657414866
,,1937.655,0.18335061195795976
,,1938.12,-0.014906383465467243
,,1938.585,-0.0780873069273813
,,1939.051,-0.15433995751866414
,,1939.522,0.076596745301027
,,1939.98,0.046095788950605066
,,1940.445,0.024309317353095494
,,1940.91,0.06352501817165823
,,1941.378,0.1397776687629415
,,1941.84,0.015594572884955138
,,1942.311,-0.017085134511308997
,,1942.774,-0.13473223696699677
,,1943.237,-0.11294550565425965
,,1943.707,0.25742477121862883
,,1944.165,0.1179911971654315
,,1944.631,-0.04540759953111717
,,1945.097,-0.09769502747904868
,,1945.564,0.10056196794437877
,,1946.03,0.11145520374313289
,,1946.497,-0.09551653614843403
,,1946.955,-0.14998271514220773
,,1947.423,-0.08026579825799551
,,1947.888,0.29010447861489297
,,1948.356,0.20731583460131198
,,1948.818,-0.06501532008278454
,,1949.281,-0.30466676737061604
,,1949.751,-0.15433995751866414
,,1950.217,0.04391703790476287
,,1950.675,0.04391703790476287
,,1951.141,0.04173854657414866
,,1951.608,0.25524602017278664
,,1952.074,-0.041050097439432776
,,1952.541,0.037381304197692256
,,1953.0,-0.03451436373236216
,,1953.467,0.18117212062734556
,,1953.932,-0.056300835329871735
,,1954.4,-0.13037473487531281
,,1954.863,-0.09333778510259227
,,1955.326,-0.05847932666048594
,,1955.796,0.35328540207680703
,,1956.26,-0.13255348592115457
,,1956.722,0.37071463129785975
,,1957.187,-0.09115903405675008
,,1957.652,-0.03887160610881857
,,1958.117,0.1332416753406429
,,1958.582,0.1354204263864851
,,1959.048,0.017773323930797336
,,1959.515,-0.11076701432364544
,,1959.98,0.2399955419975761
,,1960.445,0.29228322966073517
,,1960.911,-0.14344672171990958
,,1961.374,0.05916777579520183
,,1961.836,0.18988660538025837
,,1962.304,0.17463612720504695
,,1962.766,-0.14126797067406738
,,1963.23,0.18117212062734556
,,1963.7,-0.20662764518182364
,,1964.165,-0.08462330034967946
,,1964.626,-0.1260174924988564
,,1965.092,-0.0780873069273813
,,1965.559,0.3336774218099121
,,1966.025,-0.10640977194718904
,,1966.49,0.15284965560753783
,,1966.956,0.39032235184952757
,,1967.423,-0.15433995751866414
,,1967.881,-0.15433995751866414
,,1968.348,0.10274071899022097
,,1968.811,0.17899336958150336
,,1969.282,0.0722395029245706
,,1969.744,0.00470133708620013
,,1970.21,-0.041050097439432776
,,1970.673,0.19860134984839917
,,1971.138,-0.14344672171990958
,,1971.604,0.18552936300380196
,,1972.069,0.39032235184952757
,,1972.534,0.18552936300380196
,,1973.0,-0.18048367149263012
,,1973.467,0.18335061195795976
,,1973.925,0.28138999386198016
,,1974.393,0.2269235551529789
,,1974.855,-0.14344672171990958
,,1975.326,-0.09769502747904868
,,1975.789,-0.1173030077459436
,,1976.252,-0.030156861640678212
,,1976.722,0.0722395029245706
,,1977.18,0.12016994821127369
,,1977.651,0.16810013378274924
,,1978.116,-0.014906383465467243
,,1978.581,-0.05194333323818778
,,1979.04,0.00470133708620013
,,1979.507,-0.017085134511308997
,,1979.973,0.14631366218523922
,,1980.437,0.15284965560753783
,,1980.903,0.38378635842722897
,,1981.371,0.3293201794334557
,,1981.833,-0.07372980483569691
,,1982.296,-0.11512425670010185
,,1982.766,-0.041050097439432776
,,1983.226,0.18117212062734556
,,1983.696,0.0264878086837097
,,1984.155,-0.22405661468764881
,,1984.622,-0.05194333323818778
,,1985.088,0.3031764654594902
,,1985.552,-0.09769502747904868
,,1986.017,0.18335061195795976
,,1986.482,0.2138518280236097
,,1986.947,-0.027978370310064005
,,1987.415,0.017773323930797336
,,1987.877,0.0722395029245706
,,1988.341,-0.021442376887765402
,,1988.811,0.20077984117901337
,,1989.274,0.09184748319146596
,,1989.736,0.06352501817165823
,,1990.202,-0.017085134511308997
,,1990.665,0.0722395029245706
,,1991.13,0.0809542473927114
,,1991.599,-0.041050097439432776
,,1992.065,0.0809542473927114
,,1992.53,-0.15433995751866414
,,1992.995,0.35328540207680703
,,1993.456,0.1158124461195893
,,1993.921,0.052631782372903224
,,1994.385,0.05481027370351743
,,1994.855,0.00470133708620013
,,1995.315,0.3075337078359457
,,1995.785,0.1375989177170993
,,1996.248,-0.021442376887765402
,,1996.711,0.08966873214562376
,,1997.176,0.17463612720504695
,,1997.64,0.002522845755585923
,,1998.106,0.39032235184952757
,,1998.57,0.06352501817165823
,,1999.036,0.017773323930797336
,,1999.501,-0.08244454930383727
,,1999.967,-0.14344672171990958
,,2000.433,-0.1260174924988564
,,2000.899,-0.16087595094096274
,,2001.36,-0.15433995751866414
,,2001.829,0.2399955419975761
,,2002.297,0.09838347661376456
,,2002.759,0.00034409470974416934
,,2003.23,0.18117212062734556
,,2003.685,0.09838347661376456
,,2004.151,0.07006101159395639
,,2004.615,0.14631366218523922
,,2005.081,0.18552936300380196
,,2005.548,-0.06283656903694235
,,2006.014,0.36199988682971984
,,2006.477,-0.1281962435446986
,,2006.943,0.2094945856471533
,,2007.411,0.15284965560753783
,,2007.874,0.15284965560753783
,,2008.337,0.19860134984839917
,,2008.8,-0.09115903405675008
,,2009.268,0.11145520374313289
,,2009.737,0.300997714413648
,,2010.195,0.17463612720504695
,,2010.665,-0.09769502747904868
,,2011.131,0.18552936300380196
,,2011.596,-0.014906383465467243
,,2012.062,0.1267056819183443
,,2012.526,0.05481027370351743
,,2012.985,0.006880088132042328
,,2013.457,0.15284965560753783
,,2013.915,0.17245737615920564
,,2014.385,-0.0715513135050827
,,2014.847,0.24217429304341742
,,2015.315,0.046095788950605066
,,2015.777,-0.09333778510259227
,,2016.245,-0.07590855588153911
,,2016.708,0.15938564902983643
,,2017.174,0.405572830024739
,,2017.641,-0.13691072829761097
,,2018.106,0.18552936300380196
,,2018.571,-0.014906383465467243
,,2019.03,-0.05412208428402954
,,2019.497,0.16592138273690704
,,2019.963,0.0831327387233256
,,2020.43,-0.0715513135050827
,,2020.895,0.1179911971654315
,,2021.356,-0.06283656903694235
,,2021.826,0.37507187367431616
,,2022.289,-0.08462330034967946
,,2022.751,-0.2763443023508083
,,2023.218,-0.0715513135050827
,,2023.683,0.18117212062734556
,,2024.149,0.35328540207680703
,,2024.615,-0.21098488755828004
,,2025.081,-0.041050097439432776
,,2025.541,-0.13691072829761097
,,2026.007,-0.16087595094096274
,,2026.473,0.015594572884955138
,,2026.938,0.076596745301027
,,2027.4,0.10056196794437877
,,2027.869,0.01341608155434093
,,2028.33,0.1158124461195893
,,2028.8,0.09838347661376456
,,2029.263,0.16810013378274924
,,2029.725,0.0809542473927114
,,2030.191,-0.10423102090134684
,,2030.661,-0.04758609086173138
,,2031.127,-0.13908947934345317
,,2031.586,-0.09333778510259227
,,2032.052,0.16156414036045064
,,2032.519,-0.09115903405675008
,,2032.984,0.1397776687629415
,,2033.449,0.2094945856471533
,,2033.915,0.39032235184952757
,,2034.378,-0.09115903405675008
,,2034.84,-0.09987377852489043
,,2035.311,-0.06065807770632814
,,2035.774,0.18335061195795976
,,2036.237,-0.0780873069273813
,,2036.7,0.17245737615920564
,,2037.165,-0.056300835329871735
,,2037.63,0.06352501817165823
,,2038.096,0.076596745301027
,,2038.563,0.17463612720504695
,,2039.028,0.017773323930797336
,,2039.492,0.09184748319146596
,,2039.958,0.36853588025201844
,,2040.423,0.0722395029245706
,,2040.889,-0.06283656903694235
,,2041.352,0.2203878214459083
,,2041.822,-0.1173030077459436
,,2042.285,0.00470133708620013
,,2042.748,-0.10858826327780324
,,2043.214,0.07006101159395639
,,2043.677,-0.09987377852489043
,,2044.143,0.015594572884955138
,,2044.611,0.18335061195795976
,,2045.076,-0.13473223696699677
,,2045.541,0.1397776687629415
,,2046.0,0.10491921032083518
,,2046.467,-0.05194333323818778
,,2046.933,-0.18048367149263012
,,2047.4,-0.09769502747904868
,,2047.863,0.35982139549910563
,,2048.326,0.14631366218523922
,,2048.796,-0.0693725624592405
,,2049.259,0.0831327387233256
,,2049.722,-0.017085134511308997
,,2050.188,-0.08026579825799551
,,2050.652,-0.03669285506297637
,,2051.117,-0.03887160610881857
,,2051.581,0.06788226054811419
,,2052.047,0.10491921032083518
,,2052.512,0.15938564902983643
,,2052.978,0.15284965560753783
,,2053.445,-0.1260174924988564
,,2053.911,-0.1216602501224
,,2054.374,-0.06065807770632814
,,2054.837,-0.017085134511308997
,,2055.3,-0.08462330034967946
,,2055.77,0.3271414283876135
,,2056.234,0.20513708355546978
,,2056.697,0.16156414036045064
,,2057.162,-0.18048367149263012
,,2057.627,0.061346267125816034
,,2058.093,-0.15433995751866414
,,2058.559,-0.08680179168029367
,,2059.025,-0.09333778510259227
,,2059.489,0.23781679095173391
,,2059.955,0.15720689798399423
,,2060.422,0.1158124461195893
,,2060.881,0.29664047203719157
,,2061.348,0.15067090456169563
,,2061.81,0.0722395029245706
,,2062.281,0.024309317353095494
,,2062.744,0.15284965560753783
,,2063.21,0.1310631840100287
,,2063.673,0.19642259880255697
,,2064.139,0.10927671241251868
,,2064.604,0.16810013378274924
,,2065.069,-0.04976484190757313
,,2065.534,-0.05412208428402954
,,2066.0,-0.10423102090134684
,,2066.464,0.015594572884955138
,,2066.93,0.37507187367431616
,,2067.393,-0.09551653614843403
,,2067.855,0.1267056819183443
,,2068.326,0.09838347661376456
,,2068.788,0.0744182539704128
,,2069.252,0.14631366218523922
,,2069.715,0.2399955419975761
,,2070.18,0.00034409470974416934
,,2070.651,-0.11294550565425965
,,2071.11,0.011237330508498733
,,2071.581,0.1267056819183443
,,2072.047,0.05698902474935963
,,2072.512,0.3053549567901044
,,2072.97,0.2160303193542239
,,2073.435,0.37942911605077256
,,2073.9,-0.13473223696699677
,,2074.371,-0.07590855588153911
,,2074.833,0.006880088132042328
,,2075.296,0.18988660538025837
,,2075.766,-0.20009165175952504
,,2076.23,-0.18048367149263012
,,2076.692,-0.09987377852489043
,,2077.158,0.17463612720504695
,,2077.623,0.01341608155434093
,,2078.089,-0.09769502747904868
,,2078.556,0.061346267125816034
,,2079.015,0.0809542473927114
,,2079.482,-0.05412208428402954
,,2079.947,-0.05412208428402954
,,2080.419,0.1397776687629415
,,2080.878,0.006880088132042328
,,2081.34,-0.021442376887765402
,,2081.81,0.16156414036045064
,,2082.271,0.0722395029245706
,,2082.741,0.2094945856471533
,,2083.2,-0.09769502747904868
,,2083.67,-0.08026579825799551
,,2084.135,-0.16087595094096274
,,2084.6,0.05481027370351743
,,2085.066,0.18117212062734556
,,2085.53,0.2116730769777675
,,2085.995,-0.06283656903694235
,,2086.456,0.19206535642610056
,,2086.921,0.00034409470974416934
,,2087.385,0.29228322966073517
,,2087.855,0.10709796136667737
,,2088.319,-0.032335612686519966
,,2088.781,0.16374289140629283
,,2089.249,0.14849241323108142
,,2089.711,0.03520255315185006
,,2090.177,-0.06283656903694235
,,2090.64,0.36417863787556204
,,2091.106,-0.041050097439432776
,,2091.571,0.09838347661376456
,,2092.037,0.052631782372903224
,,2092.505,-0.15433995751866414
,,2092.97,0.06788226054811419
,,2093.43,0.076596745301027
,,2093.896,0.0722395029245706
,,2094.367,0.27267524939384025
,,2094.83,-0.10640977194718904
,,2095.293,0.27921124281613796
,,2095.755,-0.017085134511308997
,,2096.226,-0.1173030077459436
,,2096.689,-0.017085134511308997
,,2097.154,0.39032235184952757
,,2097.618,-0.15433995751866414
,,2098.084,0.16156414036045064
,,2098.548,0.35546389340742124
,,2099.014,-0.08244454930383727
,,2099.477,0.19860134984839917
,,2099.943,-0.08244454930383727
,,2100.411,-0.09115903405675008
,,2100.874,-0.18048367149263012
,,2101.337,-0.08462330034967946
,,2101.8,-0.18048367149263012
,,2102.271,-0.10423102090134684
,,2102.733,0.15720689798399423
,,2103.199,-0.09115903405675008
,,2103.661,-0.15433995751866414
,,2104.127,0.18552936300380196
,,2104.592,-0.04322884848527497
,,2105.058,-0.15433995751866414
,,2105.522,0.18117212062734556
,,2105.988,0.076596745301027
,,2106.455,0.015594572884955138
,,2106.921,-0.0715513135050827
,,2107.382,0.4012155876482826
,,2107.851,0.1288844329641865
,,2108.315,0.024309317353095494
,,2108.778,0.15284965560753783
,,2109.241,-0.19791290071368328
,,2109.711,-0.0693725624592405
,,2110.176,0.052631782372903224
,,2110.64,0.2247450638223647
,,2111.106,-0.05194333323818778
,,2111.571,-0.10640977194718904
,,2112.03,0.08966873214562376
,,2112.496,0.00470133708620013
,,2112.962,0.1397776687629415
,,2113.427,-0.09769502747904868
,,2113.893,0.11145520374313289
,,2114.356,0.11145520374313289
,,2114.826,-0.09115903405675008
,,2115.289,0.05481027370351743
,,2115.751,0.1245271905877301
,,2116.217,0.06352501817165823
,,2116.683,0.08966873214562376
,,2117.148,-0.09987377852489043
,,2117.615,0.1179911971654315
,,2118.08,0.10927671241251868
,,2118.544,-0.09769502747904868
,,2119.01,0.2138518280236097
,,2119.474,0.3249629370569993
,,2119.94,-0.1260174924988564
,,2120.4,0.18117212062734556
,,2120.87,-0.05194333323818778
,,2121.334,0.017773323930797336
,,2121.796,-0.0715513135050827
,,2122.267,0.19424384775671477
,,2122.729,0.3968583452718262
,,2123.195,-0.15433995751866414
,,2123.658,-0.1260174924988564
,,2124.123,0.2094945856471533
,,2124.588,-0.05412208428402954
,,2125.054,0.037381304197692256
,,2125.519,0.10927671241251868
,,2125.984,-0.4201351187804616
,,2126.449,0.0722395029245706
,,2126.915,-0.06065807770632814
,,2127.378,-0.08898054272613587
,,2127.84,0.17463612720504695
,,2128.311,0.2116730769777675
,,2128.774,-0.10640977194718904
,,2129.237,0.29664047203719157
,,2129.707,-0.041050097439432776
,,2130.165,0.1310631840100287
,,2130.63,-0.1674119443632609
,,2131.096,0.015594572884955138
,,2131.563,0.17463612720504695
,,2132.029,-0.05194333323818778
,,2132.493,0.0744182539704128
,,2132.959,-0.1173030077459436
,,2133.426,-0.15433995751866414
,,2133.885,0.05481027370351743
,,2134.355,-0.1194814990765578
,,2134.818,-0.20662764518182364
,,2135.281,0.05481027370351743
,,2135.751,0.10927671241251868
,,2136.21,-0.019263625841923204
,,2136.68,0.1332416753406429
,,2137.146,-0.041050097439432776
,,2137.611,-0.15216120647282194
,,2138.077,0.06788226054811419
,,2138.542,0.3140697012582443
,,2139.0,0.20295859222485557
,,2139.467,-0.23712860153224558
,,2139.933,0.1245271905877301
,,2140.401,-0.04758609086173138
,,2140.863,0.1267056819183443
,,2141.326,0.10927671241251868
,,2141.796,0.19642259880255697
,,2142.259,-0.10423102090134684
,,2142.721,0.04173854657414866
,,2143.187,0.0722395029245706
,,2143.651,-0.0671940711286263
,,2144.117,0.28574723623843656
,,2144.581,0.061346267125816034
,,2145.047,-0.001834396620870482
,,2145.512,-0.11294550565425965
,,2145.978,-0.1173030077459436
,,2146.445,0.1245271905877301
,,2146.911,0.3968583452718262
,,2147.374,0.15284965560753783
,,2147.836,0.05481027370351743
,,2148.304,0.0722395029245706
,,2148.766,0.15720689798399423
,,2149.23,-0.15433995751866414
,,2149.7,-0.1173030077459436
,,2150.165,-0.09769502747904868
,,2150.631,0.37725036500493037
,,2151.096,0.01995207497663909
,,2151.556,0.06788226054811419
,,2152.022,0.076596745301027
,,2152.489,0.2988189633678058
,,2152.955,-0.04976484190757313
,,2153.415,0.00470133708620013
,,2153.885,-0.06283656903694235
,,2154.348,0.1332416753406429
,,2154.81,0.04173854657414866
,,2155.281,0.0809542473927114
,,2155.744,-0.41359912535816346
,,2156.21,-0.07590855588153911
,,2156.673,-0.20880613651243785
,,2157.139,0.0809542473927114
,,2157.603,0.024309317353095494
,,2158.069,0.0722395029245706
,,2158.534,0.15284965560753783
,,2159.0,0.3053549567901044
,,2159.467,-0.09769502747904868
,,2159.925,-0.1173030077459436
,,2160.393,-0.15216120647282194
,,2160.856,-0.032335612686519966
,,2161.326,0.18117212062734556
,,2161.789,0.05698902474935963
,,2162.252,0.1354204263864851
,,2162.715,-0.0693725624592405
,,2163.18,-0.08026579825799551
,,2163.651,0.022130566307253297
,,2164.116,0.0809542473927114
,,2164.582,0.18552936300380196
,,2165.04,0.26831800701738384
,,2165.507,0.06352501817165823
,,2165.972,0.05481027370351743
,,2166.437,-0.0780873069273813
,,2166.904,-0.13473223696699677
,,2167.367,-0.1260174924988564
,,2167.837,0.1288844329641865
,,2168.297,0.10491921032083518
,,2168.76,0.17463612720504695
,,2169.23,-0.18048367149263012
,,2169.693,-0.014906383465467243
,,2170.158,0.1179911971654315
,,2170.625,-0.08026579825799551
,,2171.091,-0.1260174924988564
,,2171.556,-0.18048367149263012
,,2172.022,0.18117212062734556
,,2172.482,0.05481027370351743
,,2172.947,0.15720689798399423
,,2173.415,-0.017085134511308997
,,2173.878,-0.025799619264221807
,,2174.34,-0.22405661468764881
,,2174.81,0.0264878086837097
,,2175.274,-0.1260174924988564
,,2175.737,0.15284965560753783
,,2176.202,0.11145520374313289
,,2176.665,-0.06065807770632814
,,2177.131,-0.0780873069273813
,,2177.596,0.0722395029245706
,,2178.062,-0.0693725624592405
,,2178.53,-0.021442376887765402
,,2178.996,0.04173854657414866
,,2179.455,0.18117212062734556
,,2179.921,-0.13473223696699677
,,2180.385,-0.08026579825799551
,,2180.855,0.38378635842722897
,,2181.318,0.18117212062734556
,,2181.781,0.18335061195795976
,,2182.252,0.0744182539704128
,,2182.715,0.14413491113939791
,,2183.181,-0.2175208809805782
,,2183.644,0.1288844329641865
,,2184.109,-0.09333778510259227
,,2184.575,0.002522845755585923
,,2185.04,0.16810013378274924
,,2185.504,0.16810013378274924
,,2185.97,0.00470133708620013
,,2186.434,-0.027978370310064005
,,2186.9,0.015594572884955138
,,2187.363,0.20731583460131198
,,2187.825,-0.10640977194718904
,,2188.296,-0.14780396409636598
,,2188.758,0.1267056819183443
,,2189.226,-0.041050097439432776
,,2189.689,-0.05847932666048594
,,2190.155,0.11145520374313289
,,2190.615,0.37071463129785975
,,2191.08,-0.041050097439432776
,,2191.551,-0.09769502747904868
,,2192.01,-0.021442376887765402
,,2192.475,0.10491921032083518
,,2192.941,0.0722395029245706
,,2193.411,0.18117212062734556
,,2193.874,0.15284965560753783
,,2194.337,-0.08898054272613587
,,2194.807,-0.06501532008278454
,,2195.267,0.25088877779633023
,,2195.737,0.1223484395418879
,,2196.195,0.15284965560753783
,,2196.665,-0.0236211279336076
,,2197.131,-0.1260174924988564
,,2197.596,0.15938564902983643
,,2198.055,0.3053549567901044
,,2198.522,0.0264878086837097
,,2198.988,0.16374289140629283
,,2199.455,0.00034409470974416934
,,2199.921,0.01341608155434093
,,2200.382,-0.11076701432364544
,,2200.845,-0.13908947934345317
,,2201.315,0.11145520374313289
,,2201.777,-0.18048367149263012
,,2202.245,-0.20880613651243785
,,2202.707,0.2138518280236097
,,2203.173,-0.14344672171990958
,,2203.637,-0.021442376887765402
,,2204.103,0.1397776687629415
,,2204.567,0.11145520374313289
,,2205.033,0.06352501817165823
,,2205.5,-0.1260174924988564
,,2205.966,0.1332416753406429
,,2206.426,-0.041050097439432776
,,2206.892,0.35328540207680703
,,2207.359,0.24871002675048803
,,2207.822,-0.15869719989512054
,,2208.285,0.27049675806322604
,,2208.755,0.19642259880255697
,,2209.226,0.2160303193542239
,,2209.681,0.11145520374313289
,,2210.146,-0.24802183733100058
,,2210.611,-0.13473223696699677
,,2211.077,0.03520255315185006
,,2211.541,0.009058839177884526
,,2212.007,0.0744182539704128
,,2212.474,0.046095788950605066
,,2212.94,-0.09769502747904868
,,2213.403,-0.1194814990765578
,,2213.866,-0.14562547276575133
,,2214.334,-0.14562547276575133
,,2214.796,0.26613925597154164
,,2215.267,0.017773323930797336
,,2215.729,0.03520255315185006
,,2216.194,-0.14780396409636598
,,2216.657,0.017773323930797336
,,2217.123,-0.11076701432364544
,,2217.588,0.07006101159395639
,,2218.054,-0.07372980483569691
,,2218.518,-0.1260174924988564
,,2218.984,0.04827453999644682
,,2219.449,-0.15433995751866414
,,2219.915,0.04827453999644682
,,2220.378,0.17245737615920564
,,2220.84,-0.041050097439432776
,,2221.311,-0.07590855588153911
,,2221.774,-0.24802183733100058
,,2222.237,-0.08898054272613587
,,2222.707,0.36199988682971984
,,2223.165,0.25524602017278664
,,2223.637,-0.05847932666048594
,,2224.095,-0.056300835329871735
,,2224.566,-0.08026579825799551
,,2225.025,-0.09115903405675008
,,2225.497,0.09184748319146596
,,2225.955,0.09838347661376456
,,2226.427,0.052631782372903224
,,2226.885,0.0722395029245706
,,2227.355,-0.08026579825799551
,,2227.818,0.15720689798399423
,,2228.281,-0.15433995751866414
,,2228.751,-0.027978370310064005
,,2229.21,-0.056300835329871735
,,2229.68,-0.06283656903694235
,,2230.146,-0.20880613651243785
,,2230.611,-0.13255348592115457
,,2231.076,0.34892789998512264
,,2231.541,0.39032235184952757
,,2232.006,-0.07372980483569691
,,2232.471,-0.1173030077459436
,,2232.93,-0.03669285506297637
,,2233.4,-0.04540759953111717
,,2233.862,0.20731583460131198
,,2234.326,-0.11512425670010185
,,2234.796,0.2116730769777675
,,2235.259,0.09838347661376456
,,2235.722,0.18335061195795976
,,2236.188,-0.08026579825799551
,,2236.651,0.15720689798399423
,,2237.117,0.00034409470974416934
,,2237.582,-0.09115903405675008
,,2238.047,-0.014906383465467243
,,2238.514,0.06352501817165823
,,2238.98,-0.14562547276575133
,,2239.445,0.3314989304792979
,,2239.911,-0.09551653614843403
,,2240.374,0.1179911971654315
,,2240.836,-0.014906383465467243
,,2241.3,0.1267056819183443
,,2241.77,0.0809542473927114
,,2242.23,-0.10640977194718904
,,2242.699,0.052631782372903224
,,2243.165,0.29664047203719157
,,2243.63,-0.021442376887765402
,,2244.096,0.09838347661376456
,,2244.556,0.24871002675048803
,,2245.021,0.015594572884955138
,,2245.485,0.17245737615920564
,,2245.951,-0.15433995751866414
,,2246.423,0.09838347661376456
,,2246.882,0.14195641980878282
,,2247.345,-0.12383874145301421
,,2247.814,0.17899336958150336
,,2248.278,0.0264878086837097
,,2248.74,0.27703249177029665
,,2249.206,-0.14126797067406738
,,2249.677,-0.04758609086173138
,,2250.135,-0.04540759953111717
,,2250.601,0.2094945856471533
,,2251.066,0.35110665103096483
,,2251.533,-0.0671940711286263
,,2251.999,0.24435278437403163
,,2252.463,-0.03887160610881857
,,2252.929,-0.017085134511308997
,,2253.397,0.01995207497663909
,,2253.859,0.14631366218523922
,,2254.322,0.19642259880255697
,,2254.785,0.08966873214562376
,,2255.253,0.10491921032083518
,,2255.715,0.0809542473927114
,,2256.181,-0.09769502747904868
,,2256.652,-0.027978370310064005
,,2257.11,-0.0715513135050827
,,2257.575,-0.06065807770632814
,,2258.04,0.0831327387233256
,,2258.507,-0.041050097439432776
,,2258.973,-0.0671940711286263
,,2259.437,0.11145520374313289
,,2259.903,0.052631782372903224
,,2260.371,0.046095788950605066
,,2260.834,0.00034409470974416934
,,2261.297,0.0722395029245706
,,2261.766,0.04173854657414866
,,2262.23,0.18335061195795976
,,2262.692,-0.1695904356938751
,,2263.158,-0.11512425670010185
,,2263.623,0.28792572756905077
,,2264.089,-0.041050097439432776
,,2264.556,0.04827453999644682
,,2265.022,0.11145520374313289
,,2265.482,0.36417863787556204
,,2265.947,-0.08680179168029367
,,2266.415,0.11145520374313289
,,2266.877,0.006880088132042328
,,2267.345,-0.03669285506297637
,,2267.807,-0.20880613651243785
,,2268.271,-0.1695904356938751
,,2268.74,0.19860134984839917
,,2269.206,-0.10205226985550464
,,2269.669,-0.09769502747904868
,,2270.134,0.35328540207680703
,,2270.601,-0.09115903405675008
,,2271.066,0.18552936300380196
,,2271.526,-0.15869719989512054
,,2271.992,0.09184748319146596
,,2272.457,0.0722395029245706
,,2272.922,-0.05194333323818778
,,2273.385,0.04173854657414866
,,2273.855,-0.0780873069273813
,,2274.318,0.36417863787556204
,,2274.781,-0.09769502747904868
,,2275.245,0.2291023061988211
,,2275.715,-0.1216602501224
,,2276.18,0.1397776687629415
,,2276.644,0.015594572884955138
,,2277.109,0.29228322966073517
,,2277.574,0.09838347661376456
,,2278.039,-0.06065807770632814
,,2278.5,0.10056196794437877
,,2278.965,0.00034409470974416934
,,2279.43,0.00470133708620013
,,2279.895,0.07006101159395639
,,2280.363,0.17463612720504695
,,2280.825,0.037381304197692256
,,2281.296,-0.23712860153224558
,,2281.759,0.17899336958150336
,,2282.226,0.1179911971654315
,,2282.689,0.09838347661376456
,,2283.155,0.017773323930797336
,,2283.615,-0.03451436373236216
,,2284.081,-0.14998271514220773
,,2284.545,-0.2807015447272647
,,2285.011,0.2356382996211197
,,2285.477,-0.09115903405675008
,,2285.943,0.18335061195795976
,,2286.411,0.046095788950605066
,,2286.874,0.10056196794437877
,,2287.337,0.18552936300380196
,,2287.8,-0.10640977194718904
,,2288.27,0.002522845755585923
,,2288.733,0.0286665597295519
,,2289.198,0.19206535642610056
,,2289.661,-0.09115903405675008
,,2290.127,-0.20009165175952504
,,2290.592,0.15284965560753783
,,2291.058,-0.04322884848527497
,,2291.523,0.076596745301027
,,2291.989,0.1397776687629415
,,2292.455,0.09838347661376456
,,2292.921,0.07006101159395639
,,2293.381,0.04827453999644682
,,2293.851,0.14631366218523922
,,2294.312,0.03520255315185006
,,2294.781,-0.12383874145301421
,,2295.245,0.18988660538025837
,,2295.707,-0.08898054272613587
,,2296.172,0.03520255315185006
,,2296.637,0.15284965560753783
,,2297.103,0.19642259880255697
,,2297.567,0.3271414283876135
,,2298.033,-0.14780396409636598
,,2298.5,0.18552936300380196
,,2298.966,-0.13691072829761097
,,2299.43,-0.05194333323818778
,,2299.895,0.1267056819183443
,,2300.356,-0.11076701432364544
,,2300.825,-0.14562547276575133
,,2301.285,-0.15216120647282194
,,2301.755,0.2269235551529789
,,2302.226,0.2988189633678058
,,2302.681,0.18335061195795976
,,2303.147,-0.13473223696699677
,,2303.612,0.0809542473927114
,,2304.078,0.0744182539704128
,,2304.544,0.076596745301027
,,2305.011,0.19424384775671477
,,2305.47,0.0809542473927114
,,2305.936,0.04391703790476287
,,2306.404,0.06570350950227244
,,2306.867,-0.07590855588153911
,,2307.33,-0.1674119443632609
,,2307.8,0.11145520374313289
,,2308.26,0.00034409470974416934
,,2308.73,0.015594572884955138
,,2309.195,0.046095788950605066
,,2309.658,0.2094945856471533
,,2310.124,0.25088877779633023
,,2310.588,0.0722395029245706
,,2311.054,-0.0693725624592405
,,2311.52,0.01995207497663909
,,2311.985,-0.08026579825799551
,,2312.445,-0.04540759953111717
,,2312.911,-0.08026579825799551
,,2313.381,0.05481027370351743
,,2313.844,-0.032335612686519966
,,2314.312,0.0809542473927114
,,2314.773,0.18117212062734556
,,2315.237,-0.11076701432364544
,,2315.707,-0.14344672171990958
,,2316.165,-0.05412208428402954
,,2316.63,0.09402597452208017
,,2317.096,0.3249629370569993
,,2317.563,-0.1674119443632609
,,2318.03,-0.09769502747904868
,,2318.496,0.2399955419975761
,,2318.955,0.17899336958150336
,,2319.427,0.05698902474935963
,,2319.885,-0.15433995751866414
,,2320.355,0.10491921032083518
,,2320.818,0.10491921032083518
,,2321.281,-0.0236211279336076
,,2321.752,0.1310631840100287
,,2322.21,-0.0715513135050827
,,2322.681,0.0722395029245706
,,2323.14,-0.06065807770632814
,,2323.607,0.1375989177170993
,,2324.073,0.1267056819183443
,,2324.538,-0.14126797067406738
,,2325.004,0.052631782372903224
,,2325.47,-0.027978370310064005
,,2325.936,0.405572830024739
,,2326.4,0.24435278437403163
,,2326.862,-0.14344672171990958
,,2327.33,0.061346267125816034
,,2327.792,0.017773323930797336
,,2328.26,0.009058839177884526
,,2328.723,0.16374289140629283
,,2329.188,0.05481027370351743
,,2329.652,0.037381304197692256
,,2330.118,0.18552936300380196
,,2330.585,0.17899336958150336
,,2331.051,-0.05847932666048594
,,2331.515,-0.05847932666048594
,,2331.981,0.01995207497663909
,,2332.441,0.14631366218523922
,,2332.907,0.1267056819183443
,,2333.37,0.28574723623843656
,,2333.84,0.061346267125816034
,,2334.304,-0.1761264291161737
,,2334.766,-0.1674119443632609
,,2335.23,-0.14126797067406738
,,2335.7,0.11145520374313289
,,2336.165,-0.13473223696699677
,,2336.63,0.08966873214562376
,,2337.096,0.19860134984839917
,,2337.556,-0.04322884848527497
,,2338.022,-0.1260174924988564
,,2338.488,-0.11512425670010185
,,2338.954,-0.1739476780703315
,,2339.415,-0.03669285506297637
,,2339.885,-0.041050097439432776
,,2340.348,0.0722395029245706
,,2340.811,-0.06501532008278454
,,2341.281,-0.0715513135050827
,,2341.744,0.19642259880255697
,,2342.21,-0.0780873069273813
,,2342.673,0.10056196794437877
,,2343.139,-0.23712860153224558
,,2343.603,-0.15433995751866414
,,2344.069,0.15502814693815203
,,2344.534,0.06352501817165823
,,2345.0,-0.09333778510259227
,,2345.46,-0.014906383465467243
,,2345.926,0.09620472556792237
,,2346.396,0.03955979552830646
,,2346.859,0.06352501817165823
,,2347.326,-0.18048367149263012
,,2347.788,0.2988189633678058
,,2348.252,-0.041050097439432776
,,2348.722,0.10056196794437877
,,2349.18,-0.09551653614843403
,,2349.651,-0.08898054272613587
,,2350.116,0.15284965560753783
,,2350.582,-0.14780396409636598
,,2351.04,-0.2915947805260193
,,2351.507,0.14631366218523922
,,2351.973,0.2291023061988211
,,2352.437,0.0722395029245706
,,2352.903,-0.0693725624592405
,,2353.366,0.06570350950227244
,,2353.836,0.14631366218523922
,,2354.297,0.009058839177884526
,,2354.766,-0.1674119443632609
,,2355.23,-0.09769502747904868
,,2355.692,-0.11076701432364544
,,2356.158,-0.08898054272613587
,,2356.625,0.2116730769777675
,,2357.091,-0.09987377852489043
,,2357.555,-0.09115903405675008
,,2358.022,-0.1652331933174187
,,2358.482,-0.13473223696699677
,,2358.948,-0.18048367149263012
,,2359.411,-0.15433995751866414
,,2359.881,0.3249629370569993
,,2360.344,-0.041050097439432776
,,2360.807,0.26396076464092744
,,2361.274,0.29228322966073517
,,2361.737,-0.014906383465467243
,,2362.202,0.14631366218523922
,,2362.665,0.20731583460131198
,,2363.131,-0.032335612686519966
,,2363.596,-0.08244454930383727
,,2364.062,0.35110665103096483
,,2364.527,0.37942911605077256
,,2364.992,-0.09115903405675008
,,2365.46,-0.05847932666048594
,,2365.925,0.18988660538025837
,,2366.389,-0.056300835329871735
,,2366.851,-0.09987377852489043
,,2367.319,-0.09551653614843403
,,2367.781,-0.1281962435446986
,,2368.252,0.0787754963468692
,,2368.714,0.1310631840100287
,,2369.18,-0.041050097439432776
,,2369.644,0.2269235551529789
,,2370.11,-0.09987377852489043
,,2370.575,0.04827453999644682
,,2371.04,0.05916777579520183
,,2371.5,0.08966873214562376
,,2371.966,-0.0715513135050827
,,2372.431,0.061346267125816034
,,2372.896,-0.0780873069273813
,,2373.367,0.35546389340742124
,,2373.829,-0.13037473487531281
,,2374.293,0.18335061195795976
,,2374.755,-0.09769502747904868
,,2375.222,0.27703249177029665
,,2375.685,-0.0715513135050827
,,2376.15,-0.23712860153224558
,,2376.616,0.16810013378274924
,,2377.081,0.18335061195795976
,,2377.545,0.16810013378274924
,,2378.01,0.006880088132042328
,,2378.475,-0.041050097439432776
,,2378.94,0.14631366218523922
,,2379.411,0.1267056819183443
,,2379.874,0.04391703790476287
,,2380.337,-0.014906383465467243
,,2380.8,0.17245737615920564
,,2381.27,-0.15433995751866414
,,2381.733,0.06788226054811419
,,2382.198,-0.08244454930383727
,,2382.661,-0.19573440938306863
,,2383.127,0.05481027370351743
,,2383.593,0.18117212062734556
,,2384.059,0.27267524939384025
,,2384.526,-0.1173030077459436
,,2384.992,0.05481027370351743
,,2385.456,0.08966873214562376
,,2385.922,-0.09115903405675008
,,2386.385,0.2160303193542239
,,2386.847,-0.06283656903694235
,,2387.311,0.3031764654594902
,,2387.781,-0.10423102090134684
,,2388.241,-0.04976484190757313
,,2388.711,0.28356848519259437
,,2389.17,0.19206535642610056
,,2389.641,-0.06501532008278454
,,2390.1,-0.15869719989512054
,,2390.567,0.19642259880255697
,,2391.032,-0.08244454930383727
,,2391.496,-0.0715513135050827
,,2391.962,-0.04540759953111717
,,2392.43,0.18335061195795976
,,2392.895,0.009058839177884526
,,2393.356,0.01341608155434093
,,2393.825,0.0744182539704128
,,2394.289,-0.1260174924988564
,,2394.751,0.18335061195795976
,,2395.218,0.01341608155434093
,,2395.683,0.29664047203719157
,,2396.149,-0.08026579825799551
,,2396.615,-0.014906383465467243
,,2397.081,0.16156414036045064
,,2397.545,0.1332416753406429
,,2398.011,-0.1260174924988564
,,2398.47,-0.11512425670010185
,,2398.936,0.18117212062734556
,,2399.404,-0.08462330034967946
,,2399.866,0.17463612720504695
,,2400.33,0.18335061195795976
,,2400.8,-0.25455783075329874
,,2401.263,-0.10858826327780324
,,2401.726,-0.1173030077459436
,,2402.191,0.16156414036045064
,,2402.662,0.18117212062734556
,,2403.12,0.29664047203719157
,,2403.585,0.017773323930797336
,,2404.051,-0.09333778510259227
,,2404.515,0.03955979552830646
,,2404.981,0.015594572884955138
,,2405.448,0.19642259880255697
,,2405.914,0.28574723623843656
,,2406.378,-0.0236211279336076
,,2406.84,0.37942911605077256
,,2407.311,0.18552936300380196
,,2407.774,-0.08462330034967946
,,2408.237,0.27485400043968156
,,2408.7,0.09838347661376456
,,2409.165,-0.20880613651243785
,,2409.63,-0.10858826327780324
,,2410.096,-0.014906383465467243
,,2410.563,0.17245737615920564
,,2411.029,-0.13691072829761097
,,2411.494,-0.11076701432364544
,,2411.959,-0.08026579825799551
,,2412.426,-0.09333778510259227
,,2412.891,0.15067090456169563
,,2413.352,-0.09769502747904868
,,2413.815,0.0722395029245706
,,2414.285,-0.09769502747904868
,,2414.748,-0.09987377852489043
,,2415.214,-0.1260174924988564
,,2415.677,-0.06065807770632814
,,2416.143,0.10056196794437877
,,2416.608,0.09838347661376456
,,2417.074,0.2399955419975761
,,2417.541,-0.04758609086173138
,,2418.007,-0.0715513135050827
,,2418.467,-0.09333778510259227
,,2418.932,0.2182090704000661
,,2419.401,-0.014906383465467243
,,2419.863,0.04173854657414866
,,2420.326,0.17245737615920564
,,2420.797,0.06352501817165823
,,2421.259,0.002522845755585923
,,2421.722,0.0722395029245706
,,2422.188,0.2094945856471533
,,2422.652,-0.30466676737061604
,,2423.117,0.15720689798399423
,,2423.581,0.20513708355546978
,,2424.047,-0.0693725624592405
,,2424.511,0.05481027370351743
,,2424.977,-0.14780396409636598
,,2425.441,-0.09769502747904868
,,2425.906,-0.014906383465467243
,,2426.37,-0.05194333323818778
,,2426.84,0.26613925597154164
,,2427.3,-0.056300835329871735
,,2427.77,-0.05194333323818778
,,2428.23,0.27049675806322604
,,2428.7,-0.027978370310064005
,,2429.166,0.0722395029245706
,,2429.626,0.052631782372903224
,,2430.092,0.0722395029245706
,,2430.559,-0.09333778510259227
,,2431.025,0.01995207497663909
,,2431.49,-0.04322884848527497
,,2431.955,0.0722395029245706
,,2432.423,-0.11512425670010185
,,2432.881,-0.09987377852489043
,,2433.349,-0.0236211279336076
,,2433.811,-0.09769502747904868
,,2434.281,0.01341608155434093
,,2434.744,0.05481027370351743
,,2435.21,-0.017085134511308997
,,2435.673,-0.15216120647282194
,,2436.139,0.01341608155434093
,,2436.604,0.009058839177884526
,,2437.069,0.09620472556792237
,,2437.537,-0.09115903405675008
,,2437.996,-0.07590855588153911
,,2438.463,-0.06283656903694235
,,2438.929,0.27703249177029665
,,2439.392,0.046095788950605066
,,2439.855,0.14631366218523922
,,2440.326,0.36199988682971984
,,2440.788,-0.0715513135050827
,,2441.256,-0.0715513135050827
,,2441.718,0.1375989177170993
,,2442.184,0.28792572756905077
,,2442.65,-0.0780873069273813
,,2443.116,-0.16305444227157695
,,2443.582,0.18988660538025837
,,2444.04,0.18117212062734556
,,2444.507,0.29228322966073517
,,2444.973,-0.09769502747904868
,,2445.441,-0.05194333323818778
,,2445.907,-0.10423102090134684
,,2446.367,-0.1216602501224
,,2446.83,-0.13255348592115457
,,2447.3,0.18117212062734556
,,2447.762,0.0809542473927114
,,2448.23,0.2116730769777675
,,2448.692,0.18335061195795976
,,2449.158,-0.017085134511308997
,,2449.623,0.18988660538025837
,,2450.089,0.08966873214562376
,,2450.555,0.17899336958150336
,,2451.021,0.09838347661376456
,,2451.485,-0.2807015447272647
,,2451.951,0.19860134984839917
,,2452.411,0.015594572884955138
,,2452.881,0.1332416753406429
,,2453.344,0.2203878214459083
,,2453.807,-0.16305444227157695
,,2454.275,-0.12383874145301421
,,2454.737,0.1375989177170993
,,2455.202,0.15284965560753783
,,2455.665,-0.041050097439432776
,,2456.131,-0.1260174924988564
,,2456.596,0.35982139549910563
,,2457.062,0.00034409470974416934
,,2457.53,-0.06501532008278454
,,2457.996,-0.11076701432364544
,,2458.456,0.0809542473927114
,,2458.922,-0.10858826327780324
,,2459.385,-0.13037473487531281
,,2459.855,0.20731583460131198
,,2460.318,0.15284965560753783
,,2460.781,0.1288844329641865
,,2461.245,-0.0236211279336076
,,2461.715,-0.15216120647282194
,,2462.181,0.27049675806322604
,,2462.644,0.0722395029245706
,,2463.11,0.26613925597154164
,,2463.575,0.28574723623843656
,,2464.041,0.07006101159395639
,,2464.501,0.06570350950227244
,,2464.966,-0.08898054272613587
,,2465.433,0.3227841860111571
,,2465.899,-0.05412208428402954
,,2466.367,-0.014906383465467243
,,2466.829,-0.09333778510259227
,,2467.293,-0.0671940711286263
,,2467.755,-0.014906383465467243
,,2468.226,0.18117212062734556
,,2468.689,0.26178201359508524
,,2469.154,-0.05412208428402954
,,2469.619,-0.0671940711286263
,,2470.084,0.18117212062734556
,,2470.545,0.00034409470974416934
,,2471.01,0.0744182539704128
,,2471.477,-0.06501532008278454
,,2471.943,-0.2915947805260193
,,2472.411,0.015594572884955138
,,2472.874,-0.041050097439432776
,,2473.337,-0.18048367149263012
,,2473.8,0.10491921032083518
,,2474.27,0.2094945856471533
,,2474.733,-0.09115903405675008
,,2475.199,-0.14998271514220773
,,2475.661,-0.12383874145301421
,,2476.127,0.10491921032083518
,,2476.593,0.17463612720504695
,,2477.059,-0.07372980483569691
,,2477.523,-0.014906383465467243
,,2477.989,0.09620472556792237
,,2478.456,0.04173854657414866
,,2478.915,0.1179911971654315
,,2479.385,-0.0671940711286263
,,2479.847,0.037381304197692256
,,2480.315,0.1397776687629415
,,2480.778,0.35328540207680703
,,2481.241,0.2247450638223647
,,2481.711,-0.13691072829761097
,,2482.17,-0.18048367149263012
,,2482.637,-0.08680179168029367
,,2483.102,0.076596745301027
,,2483.567,0.19206535642610056
,,2484.033,0.0722395029245706
,,2484.5,0.2094945856471533
,,2484.965,0.18335061195795976
,,2485.43,0.06352501817165823
,,2485.895,0.18335061195795976
,,2486.355,-0.2654510665520533
,,2486.825,-0.15869719989512054
,,2487.289,0.0744182539704128
,,2487.752,0.05481027370351743
,,2488.218,0.0831327387233256
,,2488.683,-0.017085134511308997
,,2489.148,0.05481027370351743
,,2489.615,-0.014906383465467243
,,2490.081,0.006880088132042328
,,2490.545,-0.13473223696699677
,,2491.011,0.033023802106008304
,,2491.47,0.16156414036045064
,,2491.936,-0.15216120647282194
,,2492.404,-0.15433995751866414
,,2492.866,-0.09769502747904868
,,2493.334,-0.03669285506297637
,,2493.796,0.06352501817165823
,,2494.267,0.05916777579520183
,,2494.729,-0.03451436373236216
,,2495.195,-0.04540759953111717
,,2495.658,0.011237330508498733
,,2496.124,0.1179911971654315
,,2496.588,0.07006101159395639
,,2497.054,-0.032335612686519966
,,2497.518,-0.23059260810994742
,,2497.985,0.0264878086837097
,,2498.445,-0.08462330034967946
,,2498.911,-0.04758609086173138
,,2499.381,-0.03669285506297637
,,2499.844,0.0831327387233256
,,2500.311,-0.00837039004316864
,,2500.773,-0.041050097439432776
,,2501.237,0.1354204263864851
,,2501.7,-0.0780873069273813
,,2502.165,0.26396076464092744
,,2502.637,0.00034409470974416934
,,2503.095,-0.0236211279336076
,,2503.566,0.017773323930797336
,,2504.025,0.09620472556792237
,,2504.49,0.04827453999644682
,,2504.956,0.0722395029245706
,,2505.423,0.03955979552830646
,,2505.888,0.37942911605077256
,,2506.352,0.1245271905877301
,,2506.822,-0.10205226985550464
,,2507.285,0.35546389340742124
,,2507.748,-0.08026579825799551
,,2508.213,-0.08462330034967946
,,2508.677,0.05481027370351743
,,2509.143,-0.1281962435446986
,,2509.607,0.033023802106008304
,,2510.073,0.18335061195795976
,,2510.538,0.15720689798399423
,,2511.003,-0.04540759953111717
,,2511.47,0.19642259880255697
,,2511.936,0.076596745301027
,,2512.4,-0.041050097439432776
,,2512.862,0.0831327387233256
,,2513.33,0.15284965560753783
,,2513.793,0.14631366218523922
,,2514.256,-0.12383874145301421
,,2514.725,0.17245737615920564
,,2515.191,-0.09115903405675008
,,2515.654,0.35328540207680703
,,2516.12,-0.09769502747904868
,,2516.585,-0.027978370310064005
,,2517.051,-0.25237907970745654
,,2517.515,-0.15433995751866414
,,2517.981,0.10927671241251868
,,2518.441,0.06788226054811419
,,2518.906,0.046095788950605066
,,2519.37,-0.08026579825799551
,,2519.84,-0.1652331933174187
,,2520.304,0.26613925597154164
,,2520.766,0.04173854657414866
,,2521.23,0.04827453999644682
,,2521.699,-0.08026579825799551
,,2522.165,0.27703249177029665
,,2522.63,-0.014906383465467243
,,2523.096,0.19642259880255697
,,2523.555,0.24435278437403163
,,2524.021,-0.06283656903694235
,,2524.486,-0.07590855588153911
,,2524.951,0.15938564902983643
,,2525.415,0.0264878086837097
,,2525.884,-0.2218781233570346
,,2526.345,-0.0715513135050827
,,2526.815,0.16156414036045064
,,2527.278,-0.0780873069273813
,,2527.74,0.18988660538025837
,,2528.206,-0.15433995751866414
,,2528.676,0.18552936300380196
,,2529.141,-0.10423102090134684
,,2529.601,0.030845310775394097
,,2530.066,0.29664047203719157
,,2530.533,-0.15433995751866414
,,2530.999,0.2944617209913494
,,2531.463,-0.18048367149263012
,,2531.928,0.06788226054811419
,,2532.396,-0.027978370310064005
,,2532.859,0.0264878086837097
,,2533.322,0.09620472556792237
,,2533.785,-0.08462330034967946
,,2534.252,-0.14562547276575133
,,2534.715,-0.15433995751866414
,,2535.18,0.27049675806322604
,,2535.651,0.18552936300380196
,,2536.11,0.17463612720504695
,,2536.581,-0.017085134511308997
,,2537.047,0.08966873214562376
,,2537.505,-0.027978370310064005
,,2537.971,0.2182090704000661
,,2538.438,0.061346267125816034
,,2538.904,-0.09769502747904868
,,2539.366,0.1223484395418879
,,2539.837,-0.1260174924988564
,,2540.3,0.39032235184952757
,,2540.762,-0.09769502747904868
,,2541.231,-0.09769502747904868
,,2541.693,-0.06283656903694235
,,2542.159,0.25524602017278664
,,2542.626,-0.14998271514220773
,,2543.091,0.04173854657414866
,,2543.556,-0.017085134511308997
,,2544.015,-0.017085134511308997
,,2544.482,0.27049675806322604
,,2544.947,-0.07590855588153911
,,2545.419,-0.40706339165109284
,,2545.878,0.009058839177884526
,,2546.341,-0.025799619264221807
,,2546.811,0.09838347661376456
,,2547.274,-0.019263625841923204
,,2547.736,0.061346267125816034
,,2548.202,-0.08462330034967946
,,2548.665,0.16810013378274924
,,2549.13,-0.13473223696699677
,,2549.596,-0.05194333323818778
,,2550.062,0.20295859222485557
,,2550.527,-0.07372980483569691
,,2550.992,0.2399955419975761
,,2551.459,-0.22841411677933277
,,2551.925,0.19860134984839917
,,2552.385,0.07006101159395639
,,2552.855,0.01341608155434093
,,2553.318,0.29010447861489297
,,2553.781,-0.041050097439432776
,,2554.245,0.15720689798399423
,,2554.714,-0.09769502747904868
,,2555.18,0.16810013378274924
,,2555.644,-0.10858826327780324
,,2556.11,0.09402597452208017
,,2556.574,0.1310631840100287
,,2557.04,-0.13473223696699677
,,2557.504,-0.0236211279336076
,,2557.971,0.3140697012582443
,,2558.43,-0.18048367149263012
,,2558.896,-0.20009165175952504
,,2559.367,-0.06501532008278454
,,2559.83,0.052631782372903224
,,2560.293,0.06788226054811419
,,2560.755,0.27049675806322604
,,2561.226,0.09838347661376456
,,2561.688,-0.0236211279336076
,,2562.154,0.00034409470974416934
,,2562.618,0.10056196794437877
,,2563.084,-0.08244454930383727
,,2563.549,0.15502814693815203
,,2564.015,-0.05412208428402954
,,2564.482,0.07006101159395639
,,2564.94,0.00034409470974416934
,,2565.408,0.04827453999644682
,,2565.87,-0.08680179168029367
,,2566.341,-0.04322884848527497
,,2566.803,0.18117212062734556
,,2567.267,-0.10858826327780324
,,2567.737,0.1267056819183443
,,2568.195,0.037381304197692256
,,2568.665,0.1245271905877301
,,2569.131,0.27921124281613796
,,2569.596,0.08966873214562376
,,2570.055,0.06570350950227244
,,2570.527,-0.1717691867397173
,,2570.985,-0.19573440938306863
,,2571.452,0.076596745301027
,,2571.918,0.0722395029245706
,,2572.386,0.0744182539704128
,,2572.848,-0.0780873069273813
,,2573.311,-0.08026579825799551
,,2573.781,-0.08898054272613587
,,2574.241,0.3140697012582443
,,2574.711,0.16156414036045064
,,2575.176,0.16592138273690704
,,2575.641,-0.1674119443632609
,,2576.107,-0.13473223696699677
,,2576.567,-0.15433995751866414
,,2577.032,0.29664047203719157
,,2577.497,-0.001834396620870482
,,2577.963,0.07006101159395639
,,2578.43,-0.03669285506297637
,,2578.896,-0.06283656903694235
,,2579.359,-0.041050097439432776
,,2579.822,-0.08898054272613587
,,2580.289,0.022130566307253297
,,2580.751,0.01995207497663909
,,2581.218,-0.0715513135050827
,,2581.683,0.1179911971654315
,,2582.148,0.06352501817165823
,,2582.616,-0.05412208428402954
,,2583.082,0.11145520374313289
,,2583.542,-0.04758609086173138
,,2584.007,0.23781679095173391
,,2584.474,-0.3242744879222834
,,2584.94,-0.017085134511308997
,,2585.403,-0.1717691867397173
,,2585.866,0.19860134984839917
,,2586.337,0.18117212062734556
,,2586.8,0.04173854657414866
,,2587.263,-0.014906383465467243
,,2587.726,0.06352501817165823
,,2588.191,0.05916777579520183
,,2588.655,-0.05847932666048594
,,2589.12,-0.11076701432364544
,,2589.586,0.35328540207680703
,,2590.051,0.00470133708620013
,,2590.519,-0.06283656903694235
,,2590.985,0.09620472556792237
,,2591.449,0.09402597452208017
,,2591.915,0.18988660538025837
,,2592.378,-0.13473223696699677
,,2592.84,-0.1674119443632609
,,2593.311,-0.017085134511308997
,,2593.774,0.18335061195795976
,,2594.237,-0.10858826327780324
,,2594.7,0.09838347661376456
,,2595.166,0.046095788950605066
,,2595.63,0.10491921032083518
,,2596.096,0.25960352226447103
,,2596.563,-0.07372980483569691
,,2597.029,0.18335061195795976
,,2597.492,-0.15433995751866414
,,2597.958,0.16810013378274924
,,2598.423,0.20295859222485557
,,2598.888,-0.10858826327780324
,,2599.352,0.29664047203719157
,,2599.822,-0.13473223696699677
,,2600.285,-0.15869719989512054
,,2600.748,-0.09769502747904868
,,2601.214,0.15067090456169563
,,2601.677,-0.2175208809805782
,,2602.143,-0.021442376887765402
,,2602.608,-0.10640977194718904
,,2603.074,0.0744182539704128
,,2603.541,0.10274071899022097
,,2604.0,0.1397776687629415
,,2604.467,-0.15869719989512054
,,2604.932,-0.10423102090134684
,,2605.4,-0.18919841596077047
,,2605.863,0.18335061195795976
,,2606.326,0.0722395029245706
,,2606.796,-0.19137690729138468
,,2607.259,0.36199988682971984
,,2607.722,-0.1260174924988564
,,2608.188,-0.09769502747904868
,,2608.652,0.1332416753406429
,,2609.118,0.342392166278052
,,2609.582,0.405572830024739
,,2610.048,-0.18048367149263012
,,2610.515,0.2988189633678058
,,2610.98,-0.041050097439432776
,,2611.445,-0.15869719989512054
,,2611.911,-0.25020058837684234
,,2612.374,-0.041050097439432776
,,2612.836,-0.06283656903694235
,,2613.304,0.1397776687629415
,,2613.766,-0.23712860153224558
,,2614.23,0.08966873214562376
,,2614.7,0.076596745301027
,,2615.165,-0.056300835329871735
,,2615.629,-0.06283656903694235
,,2616.095,-0.11512425670010185
,,2616.56,-0.16087595094096274
,,2617.026,0.17463612720504695
,,2617.485,-0.041050097439432776
,,2617.951,0.033023802106008304
,,2618.415,-0.1260174924988564
,,2618.884,0.18117212062734556
,,2619.352,0.17463612720504695
,,2619.815,0.0264878086837097
,,2620.278,0.2399955419975761
,,2620.74,-0.14780396409636598
,,2621.206,-0.041050097439432776
,,2621.677,-0.025799619264221807
,,2622.135,-0.09769502747904868
,,2622.6,-0.15433995751866414
,,2623.065,0.35982139549910563
,,2623.53,0.18335061195795976
,,2623.996,0.015594572884955138
,,2624.463,-0.08244454930383727
,,2624.929,0.15284965560753783
,,2625.392,-0.09769502747904868
,,2625.855,0.10274071899022097
,,2626.326,0.12016994821127369
,,2626.789,0.16810013378274924
,,2627.252,0.06788226054811419
,,2627.715,0.18552936300380196
,,2628.181,0.076596745301027
,,2628.652,0.04827453999644682
,,2629.11,-0.09333778510259227
,,2629.578,-0.041050097439432776
,,2630.044,0.3075337078359457
,,2630.508,0.2399955419975761
,,2630.974,-0.09987377852489043
,,2631.44,0.14413491113939791
,,2631.906,-0.0693725624592405
,,2632.367,0.37071463129785975
,,2632.83,-0.056300835329871735
,,2633.3,-0.09115903405675008
,,2633.763,-0.08026579825799551
,,2634.231,-0.05194333323818778
,,2634.693,0.25960352226447103
,,2635.159,-0.0780873069273813
,,2635.626,0.17463612720504695
,,2636.091,-0.10205226985550464
,,2636.556,0.05481027370351743
,,2637.015,0.1354204263864851
,,2637.482,-0.041050097439432776
,,2637.947,-0.08026579825799551
,,2638.415,0.2988189633678058
,,2638.877,0.15067090456169563
,,2639.34,0.10056196794437877
,,2639.811,-0.08680179168029367
,,2640.274,0.0831327387233256
,,2640.737,-0.04322884848527497
,,2641.202,0.15284965560753783
,,2641.665,0.1179911971654315
,,2642.131,-0.08462330034967946
,,2642.596,0.2094945856471533
,,2643.062,0.38596510947307117
,,2643.527,0.19860134984839917
,,2643.993,-0.16305444227157695
,,2644.459,0.18335061195795976
,,2644.925,-0.09551653614843403
,,2645.386,0.01341608155434093
,,2645.856,0.0722395029245706
,,2646.318,-0.0693725624592405
,,2646.781,0.07006101159395639
,,2647.249,-0.06283656903694235
,,2647.711,0.4077515810705803
,,2648.177,-0.03669285506297637
,,2648.64,0.3140697012582443
,,2649.106,-0.09769502747904868
,,2649.574,-0.06283656903694235
,,2650.039,-0.025799619264221807
,,2650.505,-0.18048367149263012
,,2650.97,-0.13473223696699677
,,2651.43,0.2094945856471533
,,2651.896,0.20731583460131198
,,2652.367,0.1179911971654315
,,2652.829,-0.06283656903694235
,,2653.29,0.17245737615920564
,,2653.76,-0.09333778510259227
,,2654.23,0.09838347661376456
,,2654.685,-0.09769502747904868
,,2655.15,-0.1173030077459436
,,2655.615,0.017773323930797336
,,2656.08,0.28356848519259437
,,2656.545,0.27703249177029665
,,2657.011,-0.06283656903694235
,,2657.477,0.2138518280236097
,,2657.943,-0.014906383465467243
,,2658.411,0.3881436008036854
,,2658.874,0.3140697012582443
,,2659.337,0.00034409470974416934
,,2659.8,-0.1652331933174187
,,2660.27,-0.09769502747904868
,,2660.733,0.18117212062734556
,,2661.199,0.076596745301027
,,2661.662,0.10927671241251868
,,2662.127,0.01341608155434093
,,2662.593,-0.07590855588153911
,,2663.059,0.18335061195795976
,,2663.526,0.052631782372903224
,,2663.985,0.3206056946805429
,,2664.453,0.29010447861489297
,,2664.918,-0.07372980483569691
,,2665.381,-0.1739476780703315
,,2665.851,0.046095788950605066
,,2666.312,-0.05847932666048594
,,2666.781,-0.13908947934345317
,,2667.245,-0.11294550565425965
,,2667.707,-0.16087595094096274
,,2668.173,-0.11076701432364544
,,2668.64,0.29228322966073517
,,2669.106,-0.03669285506297637
,,2669.566,0.17463612720504695
,,2670.032,-0.014906383465467243
,,2670.497,0.01995207497663909
,,2670.963,-0.14998271514220773
,,2671.43,-0.08026579825799551
,,2671.896,0.29664047203719157
,,2672.359,0.08966873214562376
,,2672.822,0.24435278437403163
,,2673.29,0.1397776687629415
,,2673.752,-0.1260174924988564
,,2674.219,0.1223484395418879
,,2674.684,0.18335061195795976
,,2675.149,-0.13037473487531281
,,2675.615,0.28792572756905077
,,2676.081,-0.09769502747904868
,,2676.541,-0.14562547276575133
,,2677.006,0.16156414036045064
,,2677.47,-0.16305444227157695
,,2677.936,0.18335061195795976
,,2678.404,0.2116730769777675
,,2678.866,-0.05412208428402954
,,2679.334,-0.1173030077459436
,,2679.795,0.0831327387233256
,,2680.263,0.18117212062734556
,,2680.726,0.06352501817165823
,,2681.191,-0.09115903405675008
,,2681.662,0.20731583460131198
,,2682.12,0.20295859222485557
,,2682.585,-0.03669285506297637
,,2683.051,0.052631782372903224
,,2683.515,0.0831327387233256
,,2683.981,0.017773323930797336
,,2684.448,-0.10423102090134684
,,2684.914,0.05481027370351743
,,2685.381,0.0722395029245706
,,2685.844,-0.001834396620870482
,,2686.305,0.27049675806322604
,,2686.774,-0.04976484190757313
,,2687.237,0.2334595485752775
,,2687.707,-0.06283656903694235
,,2688.166,0.16156414036045064
,,2688.633,-0.0715513135050827
,,2689.099,0.2094945856471533
,,2689.564,-0.0693725624592405
,,2690.029,0.18988660538025837
,,2690.497,-0.19791290071368328
,,2690.955,0.00034409470974416934
,,2691.422,0.015594572884955138
,,2691.888,0.11145520374313289
,,2692.356,0.1179911971654315
,,2692.818,-0.04540759953111717
,,2693.281,0.09838347661376456
,,2693.751,0.0831327387233256
,,2694.21,-0.021442376887765402
,,2694.681,-0.03451436373236216
,,2695.146,0.10927671241251868
,,2695.611,0.1267056819183443
,,2696.076,-0.10423102090134684
,,2696.541,-0.09769502747904868
,,2697.006,0.18117212062734556
,,2697.471,-0.08462330034967946
,,2697.93,-0.0715513135050827
,,2698.4,0.2160303193542239
,,2698.862,-0.0715513135050827
,,2699.33,-0.09987377852489043
,,2699.792,0.04173854657414866
,,2700.256,0.03955979552830646
,,2700.726,0.015594572884955138
,,2701.191,-0.11512425670010185
,,2701.655,-0.1260174924988564
,,2702.121,-0.017085134511308997
,,2702.585,0.01341608155434093
,,2703.051,0.076596745301027
,,2703.515,0.052631782372903224
,,2703.982,0.18988660538025837
,,2704.441,0.0286665597295519
,,2704.906,-0.0715513135050827
,,2705.374,-0.08026579825799551
,,2705.836,0.16592138273690704
,,2706.304,0.28792572756905077
,,2706.766,-0.09115903405675008
,,2707.23,-0.14562547276575133
,,2707.7,0.07006101159395639
,,2708.166,0.09838347661376456
,,2708.626,-0.041050097439432776
,,2709.092,0.18552936300380196
,,2709.556,0.25306752884217243
,,2710.022,-0.09769502747904868
,,2710.489,0.1267056819183443
,,2710.955,-0.05412208428402954
,,2711.415,-0.03669285506297637
,,2711.885,-0.10423102090134684
,,2712.345,0.011237330508498733
,,2712.815,-0.04976484190757313
,,2713.278,-0.18048367149263012
,,2713.74,-0.10858826327780324
,,2714.206,-0.07590855588153911
,,2714.677,0.38160786709661476
,,2715.135,0.24217429304341742
,,2715.6,0.18117212062734556
,,2716.066,-0.014906383465467243
,,2716.53,-0.08462330034967946
,,2716.996,-0.18048367149263012
,,2717.463,0.015594572884955138
,,2717.929,0.09838347661376456
,,2718.397,0.29664047203719157
,,2718.859,-0.08026579825799551
,,2719.322,-0.23712860153224558
,,2719.785,0.0744182539704128
,,2720.252,0.1397776687629415
,,2720.722,0.1354204263864851
,,2721.18,0.10274071899022097
,,2721.651,-0.09333778510259227
,,2722.117,0.3162481925888585
,,2722.581,0.39032235184952757
,,2723.047,-0.06501532008278454
,,2723.511,-0.06501532008278454
,,2723.97,-0.041050097439432776
,,2724.442,-0.04540759953111717
,,2724.9,-0.09769502747904868
,,2725.37,-0.14780396409636598
,,2725.832,-0.014906383465467243
,,2726.3,-0.03451436373236216
,,2726.762,0.2138518280236097
,,2727.23,0.11145520374313289
,,2727.692,0.024309317353095494
,,2728.158,0.09838347661376456
,,2728.626,-0.014906383465467243
,,2729.091,0.030845310775394097
,,2729.556,0.16374289140629283
,,2730.015,0.29664047203719157
,,2730.482,-0.027978370310064005
,,2730.948,-0.04322884848527497
,,2731.419,0.01995207497663909
,,2731.878,0.18117212062734556
,,2732.341,0.17463612720504695
,,2732.812,0.10056196794437877
,,2733.274,-0.09551653614843403
,,2733.737,0.09184748319146596
,,2734.203,0.4012155876482826
,,2734.665,-0.08244454930383727
,,2735.131,0.08966873214562376
,,2735.599,0.24871002675048803
,,2736.065,-0.13473223696699677
,,2736.53,-0.04322884848527497
,,2736.996,-0.1173030077459436
,,2737.455,-0.014906383465467243
,,2737.921,0.1397776687629415
,,2738.385,-0.04758609086173138
,,2738.855,0.29664047203719157
,,2739.318,0.05481027370351743
,,2739.781,0.3162481925888585
,,2740.249,0.35764264445326344
,,2740.711,-0.08244454930383727
,,2741.177,-0.10858826327780324
,,2741.64,-0.08026579825799551
,,2742.106,0.18117212062734556
,,2742.57,0.1332416753406429
,,2743.036,-0.1717691867397173
,,2743.501,0.14631366218523922
,,2743.966,-0.019263625841923204
,,2744.433,0.25524602017278664
,,2744.899,-0.13473223696699677
,,2745.363,0.07006101159395639
,,2745.826,0.1397776687629415
,,2746.297,0.09838347661376456
,,2746.759,-0.10858826327780324
,,2747.23,0.0722395029245706
,,2747.685,0.24435278437403163
,,2748.151,-0.0715513135050827
,,2748.616,-0.08898054272613587
,,2749.081,0.18552936300380196
,,2749.548,-0.08244454930383727
,,2750.014,-0.23059260810994742
,,2750.479,-0.11076701432364544
,,2750.944,-0.056300835329871735
,,2751.407,0.10491921032083518
,,2751.87,0.15720689798399423
,,2752.341,0.0722395029245706
,,2752.804,0.046095788950605066
,,2753.267,0.07006101159395639
,,2753.737,0.06352501817165823
,,2754.195,-0.09333778510259227
,,2754.665,0.00034409470974416934
,,2755.131,0.0809542473927114
,,2755.596,0.05481027370351743
,,2756.062,-0.08026579825799551
,,2756.526,0.15720689798399423
,,2756.992,-0.03669285506297637
,,2757.456,0.08749024081500956
,,2757.915,0.11145520374313289
,,2758.385,-0.09769502747904868
,,2758.848,-0.13473223696699677
,,2759.311,-0.04758609086173138
,,2759.781,0.17463612720504695
,,2760.244,0.015594572884955138
,,2760.707,0.300997714413648
,,2761.173,-0.027978370310064005
,,2761.641,-0.1194814990765578
,,2762.1,-0.03887160610881857
,,2762.566,-0.0693725624592405
,,2763.032,-0.07590855588153911
,,2763.497,0.04827453999644682
,,2763.963,-0.08026579825799551
,,2764.43,0.3031764654594902
,,2764.896,-0.06283656903694235
,,2765.356,0.2356382996211197
,,2765.826,-0.05847932666048594
,,2766.289,0.052631782372903224
,,2766.752,0.20295859222485557
,,2767.218,0.0831327387233256
,,2767.683,-0.10858826327780324
,,2768.149,-0.12383874145301421
,,2768.615,0.27485400043968156
,,2769.08,-0.017085134511308997
,,2769.544,0.17899336958150336
,,2770.01,0.10491921032083518
,,2770.47,0.18335061195795976
,,2770.936,-0.1761264291161737
,,2771.404,-0.041050097439432776
,,2771.866,-0.19137690729138468
,,2772.334,0.06570350950227244
,,2772.797,-0.0715513135050827
,,2773.26,-0.1173030077459436
,,2773.729,0.015594572884955138
,,2774.196,-0.025799619264221807
,,2774.659,0.033023802106008304
,,2775.124,-0.09769502747904868
,,2775.588,0.18117212062734556
,,2776.054,0.2182090704000661
,,2776.522,0.015594572884955138
,,2776.98,0.076596745301027
,,2777.445,0.15284965560753783
,,2777.911,0.03955979552830646
,,2778.382,-0.0236211279336076
,,2778.844,0.15284965560753783
,,2779.308,-0.0671940711286263
,,2779.77,0.0722395029245706
,,2780.241,0.1332416753406429
,,2780.703,0.25306752884217243
,,2781.17,0.0744182539704128
,,2781.63,0.1223484395418879
,,2782.096,-0.03669285506297637
,,2782.563,-0.06501532008278454
,,2783.029,0.046095788950605066
,,2783.496,0.19424384775671477
,,2783.955,0.06788226054811419
,,2784.426,-0.11076701432364544
,,2784.892,0.18335061195795976
,,2785.352,-0.10423102090134684
,,2785.822,-0.06283656903694235
,,2786.285,0.3293201794334557
,,2786.748,-0.12383874145301421
,,2787.214,-0.014906383465467243
,,2787.677,-0.0780873069273813
,,2788.143,-0.11076701432364544
,,2788.607,-0.09115903405675008
,,2789.073,0.15284965560753783
,,2789.538,-0.04976484190757313
,,2790.004,0.11145520374313289
,,2790.47,-0.0715513135050827
,,2790.936,0.15284965560753783
,,2791.4,-0.05847932666048594
,,2791.862,0.0831327387233256
,,2792.33,0.18335061195795976
,,2792.792,0.0264878086837097
,,2793.26,0.05916777579520183
,,2793.723,-0.04540759953111717
,,2794.189,-0.0715513135050827
,,2794.652,-0.032335612686519966
,,2795.117,0.07006101159395639
,,2795.585,-0.06283656903694235
,,2796.051,-0.07372980483569691
,,2796.514,0.09620472556792237
,,2796.98,0.06352501817165823
,,2797.445,-0.03669285506297637
,,2797.91,-0.0671940711286263
,,2798.371,0.0722395029245706
,,2798.841,0.1397776687629415
,,2799.304,0.1397776687629415
,,2799.766,-0.06501532008278454
,,2800.234,-0.10205226985550464
,,2800.696,0.09838347661376456
,,2801.162,0.0722395029245706
,,2801.63,0.405572830024739
,,2802.096,-0.15869719989512054
,,2802.556,0.18335061195795976
,,2803.022,-0.14344672171990958
,,2803.489,-0.03669285506297637
,,2803.955,-0.0671940711286263
,,2804.415,0.1267056819183443
,,2804.885,0.061346267125816034
,,2805.348,0.10709796136667737
,,2805.81,-0.041050097439432776
,,2806.278,0.0722395029245706
,,2806.741,-0.06501532008278454
,,2807.207,0.08966873214562376
,,2807.67,-0.06065807770632814
,,2808.136,0.09838347661376456
,,2808.601,-0.09333778510259227
,,2809.066,0.3227841860111571
,,2809.533,-0.13037473487531281
,,2809.999,0.03520255315185006
,,2810.464,0.18552936300380196
,,2810.929,-0.017085134511308997
,,2811.392,0.18770785433441617
,,2811.855,-0.0693725624592405
,,2812.326,-0.0671940711286263
,,2812.788,-0.017085134511308997
,,2813.256,0.0831327387233256
,,2813.719,0.26831800701738384
,,2814.184,0.0722395029245706
,,2814.65,0.024309317353095494
,,2815.116,-0.08680179168029367
,,2815.581,-0.04758609086173138
,,2816.047,0.15938564902983643
,,2816.505,0.07006101159395639
,,2816.97,0.07006101159395639
,,2817.437,0.19642259880255697
,,2817.903,0.16810013378274924
,,2818.371,0.024309317353095494
,,2818.833,0.18117212062734556
,,2819.296,-0.0780873069273813
,,2819.766,-0.03451436373236216
,,2820.226,0.2116730769777675
,,2820.696,-0.1260174924988564
,,2821.155,-0.0693725624592405
,,2821.627,0.17463612720504695
,,2822.085,0.16810013378274924
,,2822.556,-0.06283656903694235
,,2823.015,-0.06283656903694235
,,2823.482,-0.05847932666048594
,,2823.948,0.0722395029245706
,,2824.411,0.01341608155434093
,,2824.881,0.0831327387233256
,,2825.344,-0.0671940711286263
,,2825.807,-0.20880613651243785
,,2826.27,0.14849241323108142
,,2826.74,0.39250110289536977
,,2827.206,-0.10640977194718904
,,2827.669,0.024309317353095494
,,2828.135,0.002522845755585923
,,2828.6,-0.16087595094096274
,,2829.066,-0.35041846161147694
,,2829.53,-0.2218781233570346
,,2829.996,0.07006101159395639
,,2830.456,0.14631366218523922
,,2830.921,0.0787754963468692
,,2831.389,0.15720689798399423
,,2831.851,-0.10423102090134684
,,2832.319,0.20295859222485557
,,2832.781,0.04827453999644682
,,2833.252,-0.08026579825799551
,,2833.714,-0.019263625841923204
,,2834.18,0.37289312262847485
,,2834.644,-0.04540759953111717
,,2835.109,0.34892789998512264
,,2835.574,0.29010447861489297
,,2836.04,0.024309317353095494
,,2836.5,0.0722395029245706
,,2836.966,0.03520255315185006
,,2837.433,0.10491921032083518
,,2837.899,-0.11076701432364544
,,2838.363,-0.1260174924988564
,,2838.825,-0.1173030077459436
,,2839.296,-0.15216120647282194
,,2839.758,0.38378635842722897
,,2840.226,0.29664047203719157
,,2840.689,-0.0671940711286263
,,2841.154,0.19424384775671477
,,2841.619,-0.04322884848527497
,,2842.084,0.3140697012582443
,,2842.552,-0.18048367149263012
,,2843.01,0.01995207497663909
,,2843.475,0.0722395029245706
,,2843.941,-0.04758609086173138
,,2844.411,-0.027978370310064005
,,2844.873,-0.1260174924988564
,,2845.341,-0.15216120647282194
,,2845.803,0.015594572884955138
,,2846.267,-0.08026579825799551
,,2846.737,0.29010447861489297
,,2847.195,0.2988189633678058
,,2847.665,-0.20444889413598144
,,2848.131,-0.014906383465467243
,,2848.596,-0.09987377852489043
,,2849.061,0.05481027370351743
,,2849.527,-0.09769502747904868
,,2849.985,-0.08026579825799551
,,2850.452,-0.0671940711286263
,,2850.917,-0.09769502747904868
,,2851.385,0.03520255315185006
,,2851.847,0.0722395029245706
,,2852.311,0.0809542473927114
,,2852.781,-0.03887160610881857
,,2853.241,0.27921124281613796
,,2853.711,0.10491921032083518
,,2854.177,0.15067090456169563
,,2854.64,0.09620472556792237
,,2855.106,0.15720689798399423
,,2855.571,0.09838347661376456
,,2856.037,0.0722395029245706
,,2856.496,0.3162481925888585
,,2856.962,-0.05194333323818778
,,2857.427,-0.04540759953111717
,,2857.893,-0.11512425670010185
,,2858.355,0.15720689798399423
,,2858.826,0.05916777579520183
,,2859.289,-0.03669285506297637
,,2859.752,0.04827453999644682
,,2860.218,0.0722395029245706
,,2860.683,0.1288844329641865
,,2861.149,0.17899336958150336
,,2861.615,0.15284965560753783
,,2862.081,0.18117212062734556
,,2862.541,-0.15869719989512054
,,2863.007,-0.09769502747904868
,,2863.471,-0.16087595094096274
,,2863.937,-0.08462330034967946
,,2864.4,0.16810013378274924
,,2864.869,0.2116730769777675
,,2865.33,-0.22405661468764881
,,2865.8,0.0264878086837097
,,2866.263,0.18335061195795976
,,2866.725,-0.1194814990765578
,,2867.191,-0.15433995751866414
,,2867.661,0.15284965560753783
,,2868.12,0.2247450638223647
,,2868.586,0.16156414036045064
,,2869.052,-0.1260174924988564
,,2869.519,-0.017085134511308997
,,2869.984,0.06352501817165823
,,2870.449,0.052631782372903224
,,2870.915,0.2116730769777675
,,2871.378,-0.05412208428402954
,,2871.84,-0.15433995751866414
,,2872.311,-0.215342129934736
,,2872.773,0.38378635842722897
,,2873.237,-0.09987377852489043
,,2873.7,0.18988660538025837
,,2874.166,-0.041050097439432776
,,2874.63,0.10927671241251868
,,2875.096,0.024309317353095494
,,2875.563,0.19642259880255697
,,2876.029,0.19642259880255697
,,2876.493,0.35546389340742124
,,2876.959,-0.014906383465467243
,,2877.426,0.15720689798399423
,,2877.892,0.08531148976916736
,,2878.352,0.25742477121862883
,,2878.815,-0.021442376887765402
,,2879.285,-0.041050097439432776
,,2879.748,-0.10858826327780324
,,2880.214,-0.10640977194718904
,,2880.678,0.030845310775394097
,,2881.143,-0.05194333323818778
,,2881.611,0.2247450638223647
,,2882.076,0.0264878086837097
,,2882.541,-0.0693725624592405
,,2883.006,-0.09115903405675008
,,2883.47,-0.10640977194718904
,,2883.936,-0.030156861640678212
,,2884.396,0.01341608155434093
,,2884.86,0.3402134152322107
,,2885.33,-0.13255348592115457
,,2885.792,0.0809542473927114
,,2886.256,-0.20880613651243785
,,2886.726,-0.10858826327780324
,,2887.191,-0.041050097439432776
,,2887.654,-0.0693725624592405
,,2888.12,0.009058839177884526
,,2888.586,0.19206535642610056
,,2889.051,-0.09115903405675008
,,2889.511,-0.19355565833722688
,,2889.976,0.27703249177029665
,,2890.441,0.030845310775394097
,,2890.906,-0.05847932666048594
,,2891.374,-0.0715513135050827
,,2891.837,0.15284965560753783
,,2892.3,-0.10640977194718904
,,2892.77,0.17463612720504695
,,2893.234,0.16810013378274924
,,2893.696,-0.10205226985550464
,,2894.161,0.29664047203719157
,,2894.626,0.29228322966073517
,,2895.092,-0.14780396409636598
,,2895.556,-0.027978370310064005
,,2896.022,0.0722395029245706
,,2896.49,-0.1260174924988564
,,2896.955,0.03520255315185006
,,2897.423,0.3402134152322107
,,2897.881,0.3314989304792979
,,2898.348,0.2116730769777675
,,2898.81,0.03955979552830646
,,2899.278,0.11145520374313289
,,2899.741,0.046095788950605066
,,2900.206,-0.15869719989512054
,,2900.676,0.11145520374313289
,,2901.135,0.015594572884955138
,,2901.6,-0.15433995751866414
,,2902.066,0.20731583460131198
,,2902.53,0.17463612720504695
,,2902.996,0.06352501817165823
,,2903.463,0.16374289140629283
,,2903.928,-0.03887160610881857
,,2904.396,-0.15433995751866414
,,2904.859,-0.09551653614843403
,,2905.326,-0.1173030077459436
,,2905.788,0.10927671241251868
,,2906.252,0.17463612720504695
,,2906.715,0.36199988682971984
,,2907.18,-0.0693725624592405
,,2907.651,-0.08244454930383727
,,2908.117,0.09838347661376456
,,2908.581,0.16810013378274924
,,2909.046,-0.1783051801620159
,,2909.511,-0.1674119443632609
,,2909.97,0.061346267125816034
,,2910.441,0.15284965560753783
,,2910.9,-0.03887160610881857
,,2911.37,0.27921124281613796
,,2911.833,-0.041050097439432776
,,2912.3,0.015594572884955138
,,2912.763,0.1375989177170993
,,2913.226,-0.017085134511308997
,,2913.696,0.25742477121862883
,,2914.162,-0.09769502747904868
,,2914.626,-0.08026579825799551
,,2915.085,-0.18919841596077047
,,2915.551,0.37942911605077256
,,2916.017,-0.08898054272613587
,,2916.482,0.01995207497663909
,,2916.948,0.0722395029245706
,,2917.411,-0.09769502747904868
,,2917.881,0.17463612720504695
,,2918.344,0.1245271905877301
,,2918.807,0.16810013378274924
,,2919.274,0.030845310775394097
,,2919.737,-0.017085134511308997
,,2920.202,0.08966873214562376
,,2920.665,0.04391703790476287
,,2921.13,0.03955979552830646
,,2921.597,0.06788226054811419
,,2922.063,-0.027978370310064005
,,2922.529,-0.24366459495454418
,,2922.995,-0.03887160610881857
,,2923.455,-0.25891507312975515
,,2923.921,0.15720689798399423
,,2924.389,-0.030156861640678212
,,2924.851,-0.10858826327780324
,,2925.319,-0.14344672171990958
,,2925.781,0.0831327387233256
,,2926.245,-0.15433995751866414
,,2926.715,0.35110665103096483
,,2927.18,-0.06283656903694235
,,2927.644,0.16156414036045064
,,2928.11,-0.03451436373236216
,,2928.574,-0.027978370310064005
,,2929.039,0.11145520374313289
,,2929.504,0.04173854657414866
,,2929.97,0.1267056819183443
,,2930.434,0.07006101159395639
,,2930.9,0.1179911971654315
,,2931.363,-0.13473223696699677
,,2931.825,0.16156414036045064
,,2932.296,0.19642259880255697
,,2932.758,-0.08244454930383727
,,2933.226,0.29664047203719157
,,2933.689,0.09838347661376456
,,2934.154,0.19206535642610056
,,2934.618,-0.09115903405675008
,,2935.084,-0.10423102090134684
,,2935.548,0.11145520374313289
,,2936.014,0.00470133708620013
,,2936.478,0.14413491113939791
,,2936.944,0.09838347661376456
,,2937.407,0.1267056819183443
,,2937.876,0.04391703790476287
,,2938.337,-0.04540759953111717
,,2938.8,-0.09769502747904868
,,2939.268,-0.1717691867397173
,,2939.73,0.29228322966073517
,,2940.196,-0.09551653614843403
,,2940.666,-0.06501532008278454
,,2941.131,0.15284965560753783
,,2941.597,-0.14562547276575133
,,2942.055,-0.2872375381495629
,,2942.522,0.15284965560753783
,,2942.988,0.36417863787556204
,,2943.456,0.0722395029245706
,,2943.921,0.00470133708620013
,,2944.385,0.2399955419975761
,,2944.847,0.015594572884955138
,,2945.315,-0.0693725624592405
,,2945.777,0.0831327387233256
,,2946.245,0.1397776687629415
,,2946.707,-0.0671940711286263
,,2947.173,0.16592138273690704
,,2947.637,0.0809542473927114
,,2948.103,-0.09333778510259227
,,2948.567,-0.0715513135050827
,,2949.033,0.0264878086837097
,,2949.5,-0.14344672171990958
,,2949.966,-0.0715513135050827
,,2950.431,0.076596745301027
,,2950.896,-0.11512425670010185
,,2951.36,-0.15433995751866414
,,2951.822,0.34457065760866623
,,2952.285,0.1267056819183443
,,2952.755,-0.06283656903694235
,,2953.226,-0.041050097439432776
,,2953.681,-0.03451436373236216
,,2954.147,0.1179911971654315
,,2954.611,0.06352501817165823
,,2955.077,-0.017085134511308997
,,2955.541,0.052631782372903224
,,2956.008,-0.03669285506297637
,,2956.475,-0.06283656903694235
,,2956.941,-0.08680179168029367
,,2957.404,0.04173854657414866
,,2957.866,-0.13691072829761097
,,2958.334,0.1267056819183443
,,2958.796,0.09838347661376456
,,2959.267,0.10927671241251868
,,2959.729,0.08966873214562376
,,2960.195,-0.0715513135050827
,,2960.658,-0.08026579825799551
,,2961.123,0.16592138273690704
,,2961.589,-0.019263625841923204
,,2962.055,0.017773323930797336
,,2962.519,-0.05412208428402954
,,2962.985,0.18988660538025837
,,2963.445,0.07006101159395639
,,2963.911,0.0722395029245706
,,2964.382,0.16156414036045064
,,2964.844,-0.10423102090134684
,,2965.311,0.10491921032083518
,,2965.773,-0.07372980483569691
,,2966.241,-0.08244454930383727
,,2966.704,0.17899336958150336
,,2967.169,0.3336774218099121
,,2967.637,0.04827453999644682
,,2968.095,0.24435278437403163
,,2968.56,0.3075337078359457
,,2969.026,0.037381304197692256
,,2969.492,0.2944617209913494
,,2969.958,-0.03451436373236216
,,2970.422,-0.001834396620870482
,,2970.888,0.1332416753406429
,,2971.356,0.1267056819183443
,,2971.818,-0.09769502747904868
,,2972.286,-0.11294550565425965
,,2972.748,0.24871002675048803
,,2973.214,-0.23059260810994742
,,2973.678,-0.0715513135050827
,,2974.143,0.18117212062734556
,,2974.611,-0.13473223696699677
,,2975.077,0.030845310775394097
,,2975.537,-0.15216120647282194
,,2976.003,-0.1260174924988564
,,2976.47,-0.1281962435446986
,,2976.936,0.16156414036045064
,,2977.4,0.1397776687629415
,,2977.862,0.0264878086837097
,,2978.326,0.06352501817165823
,,2978.796,0.07006101159395639
,,2979.259,-0.05412208428402954
,,2979.722,0.04827453999644682
,,2980.187,0.0722395029245706
,,2980.651,-0.1260174924988564
,,2981.117,0.2160303193542239
,,2981.581,0.05045303132706147
,,2982.046,0.15284965560753783
,,2982.512,-0.06283656903694235
,,2982.977,-0.0715513135050827
,,2983.445,-0.09115903405675008
,,2983.91,-0.18048367149263012
,,2984.37,-0.12383874145301421
,,2984.84,0.39032235184952757
,,2985.304,0.10274071899022097
,,2985.766,0.26831800701738384
,,2986.23,-0.06283656903694235
,,2986.7,-0.12383874145301421
,,2987.165,-0.08026579825799551
,,2987.63,-0.09769502747904868
,,2988.096,0.18988660538025837
,,2988.556,-0.09333778510259227
,,2989.022,0.18117212062734556
,,2989.489,0.08749024081500956
,,2989.955,-0.0715513135050827
,,2990.415,-0.04322884848527497
,,2990.885,0.18117212062734556
,,2991.348,-0.08462330034967946
,,2991.811,0.05481027370351743
,,2992.282,0.0809542473927114
,,2992.744,-0.1173030077459436
,,2993.21,-0.1173030077459436
,,2993.673,-0.19355565833722688
,,2994.139,-0.017085134511308997
,,2994.604,0.1179911971654315
,,2995.07,0.0787754963468692
,,2995.537,-0.014906383465467243
,,2995.995,0.052631782372903224
,,2996.46,0.10927671241251868
,,2996.926,0.04827453999644682
,,2997.396,0.015594572884955138
,,2997.859,0.1267056819183443
,,2998.326,0.1267056819183443
,,2998.788,-0.0715513135050827
,,2999.252,0.10927671241251868
,,2999.722,0.18988660538025837
,,3000.18,0.20295859222485557
,,3000.651,0.1267056819183443
,,3001.117,0.26613925597154164
,,3001.581,0.1288844329641865
,,3002.04,0.23781679095173391
,,3002.505,0.18988660538025837
,,3002.97,-0.09551653614843403
,,3003.437,0.01995207497663909
,,3003.903,0.1397776687629415
,,3004.367,-0.04758609086173138
,,3004.83,-0.09333778510259227
,,3005.3,0.1397776687629415
,,3005.763,0.3227841860111571
,,3006.226,0.10927671241251868
,,3006.696,0.1223484395418879
,,3007.161,-0.00837039004316864
,,3007.626,0.18552936300380196
,,3008.091,0.009058839177884526
,,3008.556,-0.20880613651243785
,,3009.022,-0.014906383465467243
,,3009.482,0.1375989177170993
,,3009.948,-0.1173030077459436
,,3010.411,0.18117212062734556
,,3010.881,-0.1652331933174187
,,3011.344,0.27921124281613796
,,3011.807,-0.09769502747904868
,,3012.275,-0.030156861640678212
,,3012.737,-0.11512425670010185
,,3013.203,-0.014906383465467243
,,3013.666,-0.025799619264221807
,,3014.132,0.18335061195795976
,,3014.596,0.046095788950605066
,,3015.062,-0.08026579825799551
,,3015.527,-0.041050097439432776
,,3015.993,-0.09115903405675008
,,3016.46,0.03520255315185006
,,3016.925,0.017773323930797336
,,3017.386,-0.09551653614843403
,,3017.856,-0.11512425670010185
,,3018.319,0.15284965560753783
,,3018.781,0.06570350950227244
,,3019.252,0.05481027370351743
,,3019.715,-0.027978370310064005
,,3020.18,-0.032335612686519966
,,3020.644,-0.0715513135050827
,,3021.109,0.046095788950605066
,,3021.575,0.04391703790476287
,,3022.04,0.15284965560753783
,,3022.5,0.18117212062734556
,,3022.966,0.1332416753406429
,,3023.433,0.3336774218099121
,,3023.899,-0.08898054272613587
,,3024.363,0.3184269436347007
,,3024.826,0.04173854657414866
,,3025.296,0.04391703790476287
,,3025.759,-0.11512425670010185
,,3026.23,-0.09769502747904868
,,3026.685,-0.04540759953111717
,,3027.151,-0.03669285506297637
,,3027.618,0.17899336958150336
,,3028.084,-0.15433995751866414
,,3028.549,0.05481027370351743
,,3029.014,-0.11076701432364544
,,3029.479,-0.0715513135050827
,,3029.945,0.015594572884955138
,,3030.407,0.046095788950605066
,,3030.87,0.05481027370351743
,,3031.341,0.04391703790476287
,,3031.803,-0.10640977194718904
,,3032.267,0.0722395029245706
,,3032.737,0.18117212062734556
,,3033.195,-0.08244454930383727
,,3033.666,-0.08462330034967946
,,3034.125,-0.07590855588153911
,,3034.596,0.05916777579520183
,,3035.055,0.2944617209913494
,,3035.522,-0.15433995751866414
,,3035.987,0.14631366218523922
,,3036.452,-0.021442376887765402
,,3036.918,0.1267056819183443
,,3037.381,0.16810013378274924
,,3037.851,-0.09769502747904868
,,3038.312,0.04173854657414866
,,3038.781,0.17463612720504695
,,3039.245,-0.09769502747904868
,,3039.707,0.34674940865450843
,,3040.173,-0.12383874145301421
,,3040.637,-0.0715513135050827
,,3041.103,-0.15433995751866414
,,3041.57,0.08966873214562376
,,3042.036,0.06352501817165823
,,3042.5,0.06788226054811419
,,3042.965,0.04391703790476287
,,3043.43,0.01995207497663909
,,3043.896,-0.014906383465467243
,,3044.356,0.2138518280236097
,,3044.826,0.00470133708620013
,,3045.289,0.18117212062734556
,,3045.752,0.05481027370351743
,,3046.218,0.05698902474935963
,,3046.683,-0.041050097439432776
,,3047.149,0.10274071899022097
,,3047.615,0.37071463129785975
,,3048.08,-0.07590855588153911
,,3048.541,-0.10640977194718904
,,3049.007,0.1267056819183443
,,3049.474,-0.08244454930383727
,,3049.94,0.1288844329641865
,,3050.4,-0.08680179168029367
,,3050.87,0.009058839177884526
,,3051.334,0.2944617209913494
,,3051.796,0.37942911605077256
,,3052.267,0.046095788950605066
,,3052.729,0.024309317353095494
,,3053.195,0.08966873214562376
,,3053.658,0.29010447861489297
,,3054.123,0.15502814693815203
,,3054.588,0.00034409470974416934
,,3055.054,0.06788226054811419
,,3055.519,0.26178201359508524
,,3055.985,-0.08680179168029367
,,3056.445,-0.18048367149263012
,,3056.91,0.18988660538025837
,,3057.378,0.2116730769777675
,,3057.84,-0.0671940711286263
,,3058.308,-0.09333778510259227
,,3058.77,-0.041050097439432776
,,3059.241,0.076596745301027
,,3059.704,0.08966873214562376
,,3060.169,-0.1260174924988564
,,3060.633,0.0722395029245706
,,3061.098,-0.001834396620870482
,,3061.563,-0.027978370310064005
,,3062.028,0.01341608155434093
,,3062.493,0.14413491113939791
,,3062.959,0.17899336958150336
,,3063.426,0.1267056819183443
,,3063.891,0.2988189633678058
,,3064.352,-0.13255348592115457
,,3064.815,0.0264878086837097
,,3065.285,0.38160786709661476
,,3065.748,0.08966873214562376
,,3066.213,-0.014906383465467243
,,3066.678,0.09402597452208017
,,3067.144,0.3206056946805429
,,3067.611,-0.1260174924988564
,,3068.076,0.10056196794437877
,,3068.541,-0.11512425670010185
,,3069.0,-0.07590855588153911
,,3069.467,0.16374289140629283
,,3069.933,-0.03669285506297637
,,3070.396,0.052631782372903224
,,3070.866,-0.16087595094096274
,,3071.326,-0.08462330034967946
,,3071.797,-0.019263625841923204
,,3072.26,-0.08026579825799551
,,3072.722,0.04391703790476287
,,3073.187,-0.06501532008278454
,,3073.651,0.29010447861489297
,,3074.117,-0.07590855588153911
,,3074.581,0.0286665597295519
,,3075.047,0.0264878086837097
,,3075.514,0.07006101159395639
,,3075.98,0.04391703790476287
,,3076.445,-0.09333778510259227
,,3076.91,0.05481027370351743
,,3077.371,0.05481027370351743
,,3077.84,-0.15433995751866414
,,3078.304,0.25742477121862883
,,3078.766,-0.08026579825799551
,,3079.23,0.1288844329641865
,,3079.699,0.002522845755585923
,,3080.165,0.29664047203719157
,,3080.63,0.01341608155434093
,,3081.096,0.0787754963468692
,,3081.556,0.3358561728557543
,,3082.021,-0.0715513135050827
,,3082.486,-0.027978370310064005
,,3082.952,-0.0693725624592405
,,3083.415,-0.10640977194718904
,,3083.885,0.05481027370351743
,,3084.345,-0.03887160610881857
,,3084.814,0.36417863787556204
,,3085.275,0.04173854657414866
,,3085.744,-0.03887160610881857
,,3086.21,-0.11512425670010185
,,3086.673,0.04173854657414866
,,3087.139,0.07006101159395639
,,3087.603,-0.13691072829761097
,,3088.069,0.06352501817165823
,,3088.534,0.19206535642610056
,,3089.0,-0.1652331933174187
,,3089.467,0.2247450638223647
,,3089.925,0.16810013378274924
,,3090.393,0.16156414036045064
,,3090.855,-0.09769502747904868
,,3091.326,-0.0715513135050827
,,3091.788,0.15284965560753783
,,3092.252,-0.09551653614843403
,,3092.722,0.3968583452718262
,,3093.18,0.2269235551529789
,,3093.651,0.28138999386198016
,,3094.117,-0.0693725624592405
,,3094.581,-0.027978370310064005
,,3095.047,0.1397776687629415
,,3095.511,0.03955979552830646
,,3095.977,0.033023802106008304
,,3096.441,0.015594572884955138
,,3096.907,0.2334595485752775
,,3097.37,-0.1260174924988564
,,3097.833,-0.014906383465467243
,,3098.296,-0.1260174924988564
,,3098.766,-0.14126797067406738
,,3099.23,0.14631366218523922
,,3099.692,-0.1717691867397173
,,3100.158,-0.13908947934345317
,,3100.623,-0.10858826327780324
,,3101.088,0.006880088132042328
,,3101.556,0.405572830024739
,,3102.022,0.006880088132042328
,,3102.482,0.27267524939384025
,,3102.948,-0.041050097439432776
,,3103.411,-0.08462330034967946
,,3103.881,-0.10858826327780324
,,3104.344,0.09838347661376456
,,3104.807,0.009058839177884526
,,3105.275,-0.09115903405675008
,,3105.737,0.08966873214562376
,,3106.202,0.0264878086837097
,,3106.665,0.18988660538025837
,,3107.131,0.2269235551529789
,,3107.596,0.09402597452208017
,,3108.062,0.052631782372903224
,,3108.527,0.06788226054811419
,,3108.992,0.2988189633678058
,,3109.459,-0.15433995751866414
,,3109.926,-0.11512425670010185
,,3110.389,-0.13255348592115457
,,3110.851,0.24871002675048803
,,3111.319,0.14413491113939791
,,3111.782,0.03520255315185006
,,3112.245,0.23781679095173391
,,3112.715,-0.06065807770632814
,,3113.18,0.17245737615920564
,,3113.644,-0.09769502747904868
,,3114.11,0.1310631840100287
,,3114.574,0.37942911605077256
,,3115.04,-0.03451436373236216
,,3115.5,0.0722395029245706
,,3115.965,-0.08026579825799551
,,3116.43,-0.04322884848527497
,,3116.896,0.18988660538025837
,,3117.363,0.14631366218523922
,,3117.826,0.046095788950605066
,,3118.296,-0.07590855588153911
,,3118.759,0.16374289140629283
,,3119.23,0.15720689798399423
,,3119.692,0.011237330508498733
,,3120.15,-0.041050097439432776
,,3120.615,-0.05847932666048594
,,3121.081,-0.08462330034967946
,,3121.548,-0.032335612686519966
,,3122.014,0.16374289140629283
,,3122.482,0.35328540207680703
,,3122.94,0.18988660538025837
,,3123.408,0.18552936300380196
,,3123.87,-0.14126797067406738
,,3124.341,-0.021442376887765402
,,3124.803,0.06352501817165823
,,3125.267,-0.06283656903694235
,,3125.737,0.04391703790476287
,,3126.195,-0.20880613651243785
,,3126.665,0.09838347661376456
,,3127.13,0.0264878086837097
,,3127.596,0.09402597452208017
,,3128.062,0.1267056819183443
,,3128.527,0.0722395029245706
,,3128.985,-0.09769502747904868
,,3129.452,0.022130566307253297
,,3129.918,-0.1260174924988564
,,3130.385,-0.09115903405675008
,,3130.848,0.39032235184952757
,,3131.311,0.1245271905877301
,,3131.781,-0.09769502747904868
,,3132.245,0.37289312262847485
,,3132.707,-0.08898054272613587
,,3133.173,0.04173854657414866
,,3133.637,0.1267056819183443
,,3134.102,-0.1260174924988564
,,3134.566,0.015594572884955138
,,3135.032,0.06352501817165823
,,3135.497,0.0722395029245706
,,3135.962,0.00034409470974416934
,,3136.427,-0.0693725624592405
,,3136.893,-0.0715513135050827
,,3137.356,0.015594572884955138
,,3137.825,-0.14998271514220773
,,3138.289,-0.15216120647282194
,,3138.752,0.06570350950227244
,,3139.218,0.0722395029245706
,,3139.683,0.18988660538025837
,,3140.149,0.35110665103096483
,,3140.615,-0.09769502747904868
,,3141.08,0.1397776687629415
,,3141.544,-0.19355565833722688
,,3142.01,-0.06283656903694235
,,3142.474,0.0787754963468692
,,3142.94,0.15067090456169563
,,3143.4,-0.11076701432364544
,,3143.87,-0.019263625841923204
,,3144.333,-0.1173030077459436
,,3144.796,0.009058839177884526
,,3145.267,-0.001834396620870482
,,3145.729,0.1397776687629415
,,3146.195,0.15720689798399423
,,3146.658,-0.12383874145301421
,,3147.124,-0.10640977194718904
,,3147.589,0.11145520374313289
,,3148.054,-0.08244454930383727
,,3148.519,-0.0693725624592405
,,3148.985,-0.13255348592115457
,,3149.445,0.0831327387233256
,,3149.91,-0.15216120647282194
,,3150.378,0.08966873214562376
,,3150.84,-0.1216602501224
,,3151.311,-0.09333778510259227
,,3151.774,0.27703249177029665
,,3152.237,-0.09769502747904868
,,3152.707,-0.09333778510259227
,,3153.165,-0.0236211279336076
,,3153.637,0.0722395029245706
,,3154.095,0.1332416753406429
,,3154.566,-0.017085134511308997
,,3155.025,0.0809542473927114
,,3155.493,-0.09769502747904868
,,3155.959,-0.08026579825799551
,,3156.426,0.2094945856471533
,,3156.885,-0.0715513135050827
,,3157.355,0.18335061195795976
,,3157.818,0.0831327387233256
,,3158.281,0.07006101159395639
,,3158.751,0.009058839177884526
,,3159.217,-0.1260174924988564
,,3159.676,-0.08898054272613587
,,3160.142,-0.09551653614843403
,,3160.607,0.26178201359508524
,,3161.073,-0.07590855588153911
,,3161.537,0.10491921032083518
,,3162.003,0.07006101159395639
,,3162.468,0.15284965560753783
,,3162.933,0.26831800701738384
,,3163.396,-0.1717691867397173
,,3163.866,0.28356848519259437
,,3164.326,0.1245271905877301
,,3164.796,-0.05412208428402954
,,3165.259,0.15284965560753783
,,3165.722,-0.032335612686519966
,,3166.188,-0.04540759953111717
,,3166.652,-0.0780873069273813
,,3167.117,-0.04758609086173138
,,3167.581,0.04173854657414866
,,3168.047,0.27267524939384025
,,3168.515,0.10927671241251868
,,3168.98,0.00034409470974416934
,,3169.445,-0.0671940711286263
,,3169.911,-0.014906383465467243
,,3170.374,-0.021442376887765402
,,3170.836,0.017773323930797336
,,3171.304,0.006880088132042328
,,3171.767,0.04391703790476287
,,3172.23,0.03520255315185006
,,3172.7,0.17899336958150336
,,3173.166,0.0809542473927114
,,3173.626,0.2356382996211197
,,3174.091,-0.027978370310064005
,,3174.556,0.10927671241251868
,,3175.022,0.0831327387233256
,,3175.489,0.1354204263864851
,,3175.955,0.35546389340742124
,,3176.415,-0.25891507312975515
,,3176.885,-0.06283656903694235
,,3177.348,-0.2698083089285097
,,3177.811,-0.017085134511308997
,,3178.282,-0.014906383465467243
,,3178.744,0.0809542473927114
,,3179.21,0.16810013378274924
,,3179.673,-0.09115903405675008
,,3180.138,-0.1281962435446986
,,3180.603,-0.025799619264221807
,,3181.069,-0.09987377852489043
,,3181.534,-0.09551653614843403
,,3181.999,0.09838347661376456
,,3182.466,0.11145520374313289
,,3182.932,-0.0780873069273813
,,3183.393,-0.07372980483569691
,,3183.855,0.1397776687629415
,,3184.323,0.18117212062734556
,,3184.785,0.017773323930797336
,,3185.256,-0.19573440938306863
,,3185.718,0.006880088132042328
,,3186.184,-0.10640977194718904
,,3186.65,0.18335061195795976
,,3187.116,-0.017085134511308997
,,3187.581,0.1288844329641865
,,3188.04,-0.019263625841923204
,,3188.505,-0.22405661468764881
,,3188.97,0.01341608155434093
,,3189.438,0.18117212062734556
,,3189.903,0.16592138273690704
,,3190.367,0.36417863787556204
,,3190.837,-0.09333778510259227
,,3191.3,-0.08244454930383727
,,3191.763,0.18117212062734556
,,3192.226,-0.06283656903694235
,,3192.696,0.04391703790476287
,,3193.161,-0.027978370310064005
,,3193.625,0.36417863787556204
,,3194.091,0.04391703790476287
,,3194.555,-0.041050097439432776
,,3195.022,-0.10423102090134684
,,3195.48,0.015594572884955138
,,3195.946,-0.017085134511308997
,,3196.415,-0.10858826327780324
,,3196.877,0.05045303132706147
,,3197.341,0.052631782372903224
,,3197.811,-0.08244454930383727
,,3198.274,0.05481027370351743
,,3198.737,-0.0715513135050827
,,3199.202,0.10491921032083518
,,3199.665,0.15284965560753783
,,3200.131,-0.041050097439432776
,,3200.596,0.18117212062734556
,,3201.062,0.4317168037139325
,,3201.529,-0.20880613651243785
,,3201.995,0.0831327387233256
,,3202.459,0.20731583460131198
,,3202.925,-0.15433995751866414
,,3203.385,0.19642259880255697
,,3203.855,-0.09115903405675008
,,3204.319,-0.014906383465467243
,,3204.781,0.05916777579520183
,,3205.249,-0.08026579825799551
,,3205.711,0.10056196794437877
,,3206.177,-0.07372980483569691
,,3206.64,0.3293201794334557
,,3207.106,-0.06501532008278454
,,3207.571,0.006880088132042328
,,3208.037,-0.1260174924988564
,,3208.504,0.16156414036045064
,,3208.969,0.05045303132706147
,,3209.434,0.10927671241251868
,,3209.9,-0.06065807770632814
,,3210.363,-0.06283656903694235
,,3210.825,0.17899336958150336
,,3211.296,0.15284965560753783
,,3211.759,0.0264878086837097
,,3212.23,-0.04322884848527497
,,3212.685,-0.1173030077459436
,,3213.15,-0.09333778510259227
,,3213.615,-0.11512425670010185
,,3214.081,0.09620472556792237
,,3214.548,0.2312810572446633
,,3215.014,-0.0715513135050827
,,3215.479,-0.0780873069273813
,,3215.944,-0.20662764518182364
,,3216.407,-0.0693725624592405
,,3216.87,-0.08026579825799551
,,3217.341,0.07006101159395639
,,3217.803,-0.041050097439432776
,,3218.267,0.0809542473927114
,,3218.737,-0.03887160610881857
,,3219.195,-0.021442376887765402
,,3219.665,0.16156414036045064
,,3220.132,0.06352501817165823
,,3220.596,0.04827453999644682
,,3221.055,0.05481027370351743
,,3221.527,0.1267056819183443
,,3221.985,0.1179911971654315
,,3222.452,-0.23059260810994742
,,3222.918,0.16810013378274924
,,3223.385,0.3227841860111571
,,3223.848,-0.05412208428402954
,,3224.311,0.26178201359508524
,,3224.781,0.16592138273690704
,,3225.244,-0.08026579825799551
,,3225.707,0.1397776687629415
,,3226.172,0.06352501817165823
,,3226.637,0.015594572884955138
,,3227.102,0.11145520374313289
,,3227.566,0.0722395029245706
,,3228.032,-0.025799619264221807
,,3228.497,-0.1194814990765578
,,3228.963,0.0722395029245706
,,3229.43,0.05481027370351743
,,3229.895,-0.025799619264221807
,,3230.356,0.1288844329641865
,,3230.825,0.16156414036045064
,,3231.289,-0.09769502747904868
,,3231.751,0.16810013378274924
,,3232.217,0.01995207497663909
,,3232.683,0.11145520374313289
,,3233.149,-0.08244454930383727
,,3233.615,0.18335061195795976
,,3234.08,0.15720689798399423
,,3234.545,0.2160303193542239
,,3235.011,-0.1281962435446986
,,3235.47,-0.09769502747904868
,,3235.936,0.16810013378274924
,,3236.403,0.28356848519259437
,,3236.866,-0.001834396620870482
,,3237.334,-0.10858826327780324
,,3237.796,0.0831327387233256
,,3238.267,0.05481027370351743
,,3238.729,0.033023802106008304
,,3239.195,-0.027978370310064005
,,3239.657,0.18117212062734556
,,3240.123,0.20077984117901337
,,3240.588,0.00034409470974416934
,,3241.054,0.10056196794437877
,,3241.519,0.04173854657414866
,,3241.985,0.37942911605077256
,,3242.445,0.1267056819183443
,,3242.91,-0.1674119443632609
,,3243.378,-0.22405661468764881
,,3243.84,0.17463612720504695
,,3244.311,0.25742477121862883
,,3244.773,-0.06283656903694235
,,3245.237,0.27049675806322604
,,3245.7,-0.019263625841923204
,,3246.165,-0.10858826327780324
,,3246.631,0.27049675806322604
,,3247.096,-0.014906383465467243
,,3247.564,0.07006101159395639
,,3248.029,-0.03887160610881857
,,3248.496,-0.08026579825799551
,,3248.962,0.07006101159395639
,,3249.426,-0.15433995751866414
,,3249.891,0.15284965560753783
,,3250.352,-0.09115903405675008
,,3250.822,0.3249629370569993
,,3251.285,0.2094945856471533
,,3251.748,0.0722395029245706
,,3252.213,0.00034409470974416934
,,3252.677,0.17463612720504695
,,3253.143,-0.14780396409636598
,,3253.608,0.09402597452208017
,,3254.074,0.29228322966073517
,,3254.541,-0.2763443023508083
,,3255.0,0.06788226054811419
,,3255.471,0.14631366218523922
,,3255.93,-0.041050097439432776
,,3256.4,0.05045303132706147
,,3256.862,0.24871002675048803
,,3257.33,0.0264878086837097
,,3257.792,0.06352501817165823
,,3258.256,0.16156414036045064
,,3258.726,0.01995207497663909
,,3259.192,-0.10423102090134684
,,3259.654,0.17463612720504695
,,3260.12,0.2094945856471533
,,3260.585,0.1397776687629415
,,3261.05,0.10056196794437877
,,3261.514,-0.014906383465467243
,,3261.98,0.11145520374313289
,,3262.441,-0.0693725624592405
,,3262.907,-0.08026579825799551
,,3263.37,-0.0715513135050827
,,3263.84,0.2399955419975761
,,3264.304,-0.09769502747904868
,,3264.766,0.1332416753406429
,,3265.23,-0.03887160610881857
,,3265.7,-0.10858826327780324
,,3266.166,-0.20880613651243785
,,3266.63,0.03520255315185006
,,3267.096,-0.08462330034967946
,,3267.556,0.2094945856471533
,,3268.021,0.1354204263864851
,,3268.486,0.05481027370351743
,,3268.951,-0.014906383465467243
,,3269.426,-0.1281962435446986
,,3269.884,0.033023802106008304
,,3270.345,0.18552936300380196
,,3270.815,-0.11076701432364544
,,3271.278,-0.0671940711286263
,,3271.74,-0.07590855588153911
,,3272.206,0.1397776687629415
,,3272.676,0.05045303132706147
,,3273.135,-0.15216120647282194
,,3273.601,-0.09769502747904868
,,3274.066,0.20295859222485557
,,3274.533,0.011237330508498733
,,3274.999,0.20731583460131198
,,3275.463,0.046095788950605066
,,3275.929,0.07006101159395639
,,3276.392,0.20295859222485557
,,3276.855,0.0722395029245706
,,3277.326,0.05045303132706147
,,3277.788,0.00470133708620013
,,3278.252,0.28792572756905077
,,3278.722,0.08966873214562376
,,3279.18,0.10927671241251868
,,3279.651,0.15284965560753783
,,3280.117,0.29228322966073517
,,3280.581,0.061346267125816034
,,3281.04,0.34457065760866623
,,3281.507,0.0722395029245706
,,3281.973,-0.09987377852489043
,,3282.437,-0.09115903405675008
,,3282.903,0.01995207497663909
,,3283.37,-0.09551653614843403
,,3283.833,-0.10640977194718904
,,3284.296,-0.10858826327780324
,,3284.766,0.4121088234470367
,,3285.226,0.009058839177884526
,,3285.697,-0.1783051801620159
,,3286.155,0.08966873214562376
,,3286.622,-0.001834396620870482
,,3287.088,0.10274071899022097
,,3287.556,0.15284965560753783
,,3288.022,0.2269235551529789
,,3288.482,-0.08898054272613587
,,3288.948,0.15284965560753783
,,3289.415,0.0722395029245706
,,3289.878,-0.12383874145301421
,,3290.341,-0.3220959965916692
,,3290.811,0.1267056819183443
,,3291.274,-0.056300835329871735
,,3291.737,0.046095788950605066
,,3292.203,0.09184748319146596
,,3292.665,-0.09987377852489043
,,3293.131,0.18117212062734556
,,3293.596,-0.05412208428402954
,,3294.062,-0.05194333323818778
,,3294.529,0.18335061195795976
,,3294.995,-0.041050097439432776
,,3295.459,-0.09551653614843403
,,3295.925,0.07006101159395639
,,3296.385,0.04391703790476287
,,3296.855,0.29010447861489297
,,3297.318,0.11145520374313289
,,3297.781,0.07006101159395639
,,3298.245,-0.09769502747904868
,,3298.714,-0.0715513135050827
,,3299.18,0.19642259880255697
,,3299.644,-0.0715513135050827
,,3300.11,-0.20880613651243785
,,3300.574,0.10274071899022097
,,3301.039,0.11145520374313289
,,3301.504,0.3227841860111571
,,3301.97,-0.041050097439432776
,,3302.43,0.017773323930797336
,,3302.896,-0.027978370310064005
,,3303.364,-0.05194333323818778
,,3303.827,-0.18048367149263012
,,3304.297,0.052631782372903224
,,3304.759,-0.10858826327780324
,,3305.23,-0.08026579825799551
,,3305.685,-0.06501532008278454
,,3306.151,0.2094945856471533
,,3306.615,-0.08462330034967946
,,3307.082,-0.0671940711286263
,,3307.548,-0.07590855588153911
,,3308.014,-0.03451436373236216
,,3308.479,-0.09769502747904868
,,3308.944,0.20295859222485557
,,3309.407,-0.0780873069273813
,,3309.87,-0.1739476780703315
,,3310.337,-0.18048367149263012
,,3310.8,0.0264878086837097
,,3311.27,0.2944617209913494
,,3311.733,-0.07590855588153911
,,3312.199,-0.08462330034967946
,,3312.662,-0.014906383465467243
,,3313.128,0.1310631840100287
,,3313.592,-0.030156861640678212
,,3314.058,0.0722395029245706
,,3314.522,0.046095788950605066
,,3314.988,-0.08680179168029367
,,3315.453,-0.07590855588153911
,,3315.919,-0.032335612686519966
,,3316.381,0.15067090456169563
,,3316.851,-0.13691072829761097
,,3317.311,0.08531148976916736
,,3317.781,0.20731583460131198
,,3318.244,0.1354204263864851
,,3318.707,0.3075337078359457
,,3319.173,0.002522845755585923
,,3319.637,0.00034409470974416934
,,3320.103,0.1332416753406429
,,3320.567,0.15284965560753783
,,3321.033,0.15720689798399423
,,3321.5,0.0744182539704128
,,3321.966,0.29010447861489297
,,3322.43,0.3118909502124021
,,3322.896,-0.09769502747904868
,,3323.359,0.0744182539704128
,,3323.822,-0.08680179168029367
,,3324.289,-0.07590855588153911
,,3324.752,0.06788226054811419
,,3325.218,-0.021442376887765402
,,3325.683,-0.06283656903694235
,,3326.149,-0.06283656903694235
,,3326.615,0.18335061195795976
,,3327.08,-0.056300835329871735
,,3327.544,0.16374289140629283
,,3328.01,-0.027978370310064005
,,3328.47,0.20731583460131198
,,3328.937,0.1397776687629415
,,3329.4,-0.017085134511308997
,,3329.87,0.0722395029245706
,,3330.333,0.017773323930797336
,,3330.796,0.002522845755585923
,,3331.264,0.1288844329641865
,,3331.726,0.1267056819183443
,,3332.192,0.10056196794437877
,,3332.655,0.3336774218099121
,,3333.12,-0.1194814990765578
,,3333.586,0.002522845755585923
,,3334.051,0.35328540207680703
,,3334.519,-0.22405661468764881
,,3334.984,-0.0715513135050827
,,3335.448,0.08749024081500956
,,3335.914,-0.032335612686519966
,,3336.378,0.2269235551529789
,,3336.841,-0.04976484190757313
,,3337.311,-0.06501532008278454
,,3337.774,-0.09769502747904868
,,3338.237,0.15502814693815203
,,3338.7,-0.14998271514220773
,,3339.166,0.00470133708620013
,,3339.633,0.24217429304341742
,,3340.098,-0.08462330034967946
,,3340.563,-0.04758609086173138
,,3341.029,-0.04758609086173138
,,3341.496,0.18770785433441617
,,3341.955,-0.09333778510259227
,,3342.423,0.15284965560753783
,,3342.888,0.38160786709661476
,,3343.356,0.38378635842722897
,,3343.819,0.14413491113939791
,,3344.282,-0.014906383465467243
,,3344.751,-0.041050097439432776
,,3345.21,0.0264878086837097
,,3345.68,0.06570350950227244
,,3346.145,0.07006101159395639
,,3346.611,0.04827453999644682
,,3347.07,0.17463612720504695
,,3347.537,-0.14562547276575133
,,3348.002,0.2138518280236097
,,3348.467,-0.09987377852489043
,,3348.933,0.09838347661376456
,,3349.396,0.16810013378274924
,,3349.865,0.076596745301027
,,3350.326,-0.0715513135050827
,,3350.796,0.15284965560753783
,,3351.259,0.0722395029245706
,,3351.722,0.1267056819183443
,,3352.187,0.10056196794437877
,,3352.651,0.05916777579520183
,,3353.117,-0.014906383465467243
,,3353.581,-0.041050097439432776
,,3354.047,0.1267056819183443
,,3354.512,-0.08898054272613587
,,3354.978,0.18335061195795976
,,3355.445,0.17899336958150336
,,3355.91,-0.08026579825799551
,,3356.371,-0.18048367149263012
,,3356.841,0.10927671241251868
,,3357.304,0.0809542473927114
,,3357.766,-0.030156861640678212
,,3358.234,-0.0671940711286263
,,3358.696,0.18117212062734556
,,3359.162,0.34457065760866623
,,3359.627,0.29228322966073517
,,3360.093,0.1267056819183443
,,3360.56,0.017773323930797336
,,3361.025,0.1332416753406429
,,3361.485,0.2399955419975761
,,3361.951,-0.06283656903694235
,,3362.423,-0.28288029577310647
,,3362.881,-0.09551653614843403
,,3363.352,-0.0236211279336076
,,3363.814,0.25524602017278664
,,3364.278,0.07006101159395639
,,3364.741,-0.0780873069273813
,,3365.207,0.18552936300380196
,,3365.677,-0.0715513135050827
,,3366.135,-0.05847932666048594
,,3366.6,0.05481027370351743
,,3367.066,-0.14344672171990958
,,3367.532,-0.09769502747904868
,,3367.998,0.23781679095173391
,,3368.463,0.046095788950605066
,,3368.93,-0.10640977194718904
,,3369.393,0.20295859222485557
,,3369.855,0.01341608155434093
,,3370.326,-0.014906383465467243
,,3370.789,-0.019263625841923204
,,3371.252,-0.017085134511308997
,,3371.715,0.030845310775394097
,,3372.18,0.15720689798399423
,,3372.652,0.03955979552830646
,,3373.11,0.18552936300380196
,,3373.581,-0.05847932666048594
,,3374.047,0.09838347661376456
,,3374.511,-0.014906383465467243
,,3374.97,0.1288844329641865
,,3375.441,0.16810013378274924
,,3375.906,-0.16305444227157695
,,3376.367,0.2094945856471533
,,3376.837,-0.1173030077459436
,,3377.3,0.2203878214459083
,,3377.763,-0.041050097439432776
,,3378.226,0.0722395029245706
,,3378.697,-0.1173030077459436
,,3379.155,0.08966873214562376
,,3379.622,0.0809542473927114
,,3380.088,0.28574723623843656
,,3380.553,0.18117212062734556
,,3381.018,-0.12383874145301421
,,3381.485,0.37071463129785975
,,3381.951,0.0744182539704128
,,3382.414,-0.14126797067406738
,,3382.877,0.046095788950605066
,,3383.341,-0.0693725624592405
,,3383.811,0.03520255315185006
,,3384.274,0.01995207497663909
,,3384.737,-0.09769502747904868
,,3385.202,-0.1281962435446986
,,3385.665,-0.05194333323818778
,,3386.131,0.17463612720504695
,,3386.596,0.15938564902983643
,,3387.062,-0.08680179168029367
,,3387.53,0.14631366218523922
,,3387.996,0.27267524939384025
,,3388.455,-0.15216120647282194
,,3388.921,-0.06065807770632814
,,3389.389,-0.1761264291161737
,,3389.851,-0.0715513135050827
,,3390.319,-0.0715513135050827
,,3390.781,-0.09769502747904868
,,3391.245,0.38378635842722897
,,3391.714,0.01341608155434093
,,3392.18,0.2138518280236097
,,3392.644,-0.14998271514220773
,,3393.11,0.1332416753406429
,,3393.574,0.3227841860111571
,,3394.04,-0.03887160610881857
,,3394.505,-0.04322884848527497
,,3394.97,-0.10858826327780324
,,3395.43,-0.017085134511308997
,,3395.896,0.11145520374313289
,,3396.363,0.04173854657414866
,,3396.826,0.05916777579520183
,,3397.296,-0.05194333323818778
,,3397.759,-0.08680179168029367
,,3398.23,0.3031764654594902
,,3398.685,-0.08462330034967946
,,3399.151,-0.03451436373236216
,,3399.618,-0.14126797067406738
,,3400.084,-0.025799619264221807
,,3400.552,-0.1260174924988564
,,3401.01,-0.1281962435446986
,,3401.475,0.06352501817165823
,,3401.941,-0.09987377852489043
,,3402.411,-0.04540759953111717
,,3402.874,0.06352501817165823
,,3403.337,0.3097124588817879
,,3403.8,-0.11294550565425965
,,3404.268,0.00034409470974416934
,,3404.73,-0.18919841596077047
,,3405.195,0.16156414036045064
,,3405.666,-0.23059260810994742
,,3406.131,-0.04322884848527497
,,3406.596,-0.07590855588153911
,,3407.062,0.18117212062734556
,,3407.527,0.0787754963468692
,,3407.985,0.16810013378274924
,,3408.456,-0.09769502747904868
,,3408.915,0.05045303132706147
,,3409.385,0.18988660538025837
,,3409.847,-0.19573440938306863
,,3410.315,0.37942911605077256
,,3410.779,0.076596745301027
,,3411.242,0.17463612720504695
,,3411.712,-0.09987377852489043
,,3412.17,-0.056300835329871735
,,3412.641,0.17245737615920564
,,3413.1,0.1397776687629415
,,3413.566,-0.041050097439432776
,,3414.032,0.26831800701738384
,,3414.497,0.037381304197692256
,,3414.963,0.11145520374313289
,,3415.43,-0.09115903405675008
,,3415.896,0.0722395029245706
,,3416.359,-0.0693725624592405
,,3416.822,-0.1216602501224
,,3417.285,-0.0693725624592405
,,3417.755,0.3336774218099121
,,3418.226,0.05481027370351743
,,3418.681,0.0722395029245706
,,3419.147,-0.014906383465467243
,,3419.611,0.17463612720504695
,,3420.076,-0.14126797067406738
,,3420.542,0.1397776687629415
,,3421.007,0.04391703790476287
,,3421.474,-0.017085134511308997
,,3421.94,0.25306752884217243
,,3422.4,-0.09987377852489043
,,3422.87,-0.09333778510259227
,,3423.333,0.046095788950605066
,,3423.796,-0.08462330034967946
,,3424.267,-0.07372980483569691
,,3424.729,0.1332416753406429
,,3425.195,0.06788226054811419
,,3425.658,-0.09115903405675008
,,3426.123,0.01341608155434093
,,3426.588,0.03520255315185006
,,3427.054,-0.09333778510259227
,,3427.518,0.18335061195795976
,,3427.984,-0.0693725624592405
,,3428.448,0.01341608155434093
,,3428.914,0.076596745301027
,,3429.382,-0.017085134511308997
,,3429.844,0.20077984117901337
,,3430.308,0.15284965560753783
,,3430.77,0.17463612720504695
,,3431.241,0.0831327387233256
,,3431.703,-0.03887160610881857
,,3432.169,0.16810013378274924
,,3432.633,-0.13473223696699677
,,3433.099,-0.1260174924988564
,,3433.564,-0.14562547276575133
,,3434.029,0.16592138273690704
,,3434.496,0.05916777579520183
,,3434.955,0.16156414036045064
,,3435.423,0.3227841860111571
,,3435.888,-0.05847932666048594
,,3436.356,-0.1260174924988564
,,3436.819,-0.04976484190757313
,,3437.282,0.024309317353095494
,,3437.752,0.06352501817165823
,,3438.21,0.17463612720504695
,,3438.681,-0.1173030077459436
,,3439.146,-0.014906383465467243
,,3439.611,0.16592138273690704
,,3440.07,-0.0693725624592405
,,3440.537,0.18552936300380196
,,3441.002,-0.1173030077459436
,,3441.467,-0.08462330034967946
,,3441.933,-0.20662764518182364
,,3442.401,0.076596745301027
,,3442.863,-0.1216602501224
,,3443.326,0.06352501817165823
,,3443.796,-0.041050097439432776
,,3444.259,0.0722395029245706
,,3444.722,0.009058839177884526
,,3445.187,0.0831327387233256
,,3445.651,-0.06501532008278454
,,3446.117,-0.032335612686519966
,,3446.581,0.1397776687629415
,,3447.047,0.06352501817165823
,,3447.512,0.18552936300380196
,,3447.978,-0.06283656903694235
,,3448.445,-0.0715513135050827
,,3448.911,0.18117212062734556
,,3449.371,-0.041050097439432776
,,3449.84,-0.1260174924988564
,,3450.304,0.017773323930797336
,,3450.766,-0.09769502747904868
,,3451.23,-0.06283656903694235
,,3451.7,0.2094945856471533
,,3452.165,-0.15433995751866414
,,3452.625,0.29010447861489297
,,3453.091,0.10927671241251868
,,3453.555,-0.0236211279336076
,,3454.021,-0.05194333323818778
,,3454.486,-0.030156861640678212
,,3454.951,0.2291023061988211
,,3455.415,-0.20880613651243785
,,3455.884,-0.07372980483569691
,,3456.348,0.002522845755585923
,,3456.81,0.04173854657414866
,,3457.281,-0.0780873069273813
,,3457.744,0.1245271905877301
,,3458.21,0.0722395029245706
,,3458.673,0.1179911971654315
,,3459.139,-0.23712860153224558
,,3459.603,-0.20880613651243785
,,3460.069,-0.1260174924988564
,,3460.534,-0.06501532008278454
,,3461.0,0.1354204263864851
,,3461.466,0.1267056819183443
,,3461.932,0.0264878086837097
,,3462.393,-0.03451436373236216
,,3462.855,0.033023802106008304
,,3463.326,0.15284965560753783
,,3463.789,0.17463612720504695
,,3464.252,-0.11076701432364544
,,3464.722,0.0787754963468692
,,3465.18,0.0722395029245706
,,3465.651,-0.041050097439432776
,,3466.117,-0.10423102090134684
,,3466.581,0.18335061195795976
,,3467.047,0.1179911971654315
,,3467.512,0.15284965560753783
,,3467.97,0.1397776687629415
,,3468.437,0.1245271905877301
,,3468.903,-0.0693725624592405
,,3469.371,-0.017085134511308997
,,3469.833,-0.15433995751866414
,,3470.3,-0.18919841596077047
,,3470.763,-0.0715513135050827
,,3471.226,-0.06501532008278454
,,3471.696,0.26178201359508524
,,3472.162,0.05481027370351743
,,3472.626,-0.027978370310064005
,,3473.091,0.07006101159395639
,,3473.556,0.09620472556792237
,,3474.015,-0.09769502747904868
,,3474.482,-0.05412208428402954
,,3474.948,0.0722395029245706
,,3475.411,-0.03887160610881857
,,3475.881,-0.07372980483569691
,,3476.344,-0.09333778510259227
,,3476.807,0.16156414036045064
,,3477.27,-0.0715513135050827
,,3477.74,-0.03887160610881857
,,3478.206,-0.15433995751866414
,,3478.669,-0.017085134511308997
,,3479.135,-0.09333778510259227
,,3479.6,-0.2654510665520533
,,3480.066,0.09402597452208017
,,3480.53,-0.017085134511308997
,,3480.996,0.18117212062734556
,,3481.455,0.01995207497663909
,,3481.921,-0.0693725624592405
,,3482.389,-0.11076701432364544
,,3482.851,0.18117212062734556
,,3483.319,0.10927671241251868
,,3483.782,0.28792572756905077
,,3484.245,-0.1260174924988564
,,3484.715,-0.11512425670010185
,,3485.181,0.17463612720504695
,,3485.644,-0.014906383465467243
,,3486.11,0.04827453999644682
,,3486.575,0.1267056819183443
,,3487.04,-0.18048367149263012
,,3487.505,0.06352501817165823
,,3487.97,0.04173854657414866
,,3488.43,-0.014906383465467243
,,3488.896,0.2399955419975761
,,3489.363,0.3206056946805429
,,3489.826,-0.0715513135050827
,,3490.296,0.10056196794437877
,,3490.759,0.09402597452208017
,,3491.23,0.10491921032083518
,,3491.685,-0.1194814990765578
,,3492.15,-0.21316337888889425
,,3492.615,-0.041050097439432776
,,3493.08,0.3118909502124021
,,3493.551,0.16156414036045064
,,3494.01,0.10056196794437877
,,3494.475,-0.0693725624592405
,,3494.941,-0.030156861640678212
,,3495.411,0.06788226054811419
,,3495.874,-0.1260174924988564
,,3496.337,-0.1173030077459436
,,3496.807,0.17463612720504695
,,3497.271,0.0809542473927114
,,3497.733,-0.05847932666048594
,,3498.199,0.15284965560753783
,,3498.662,0.27049675806322604
,,3499.128,-0.1717691867397173
,,3499.593,0.0809542473927114
,,3500.058,-0.03669285506297637
,,3500.523,-0.1674119443632609
,,3500.988,-0.04322884848527497
,,3501.456,0.300997714413648
,,3501.921,0.10927671241251868
,,3502.382,0.27921124281613796
,,3502.852,0.0787754963468692
,,3503.315,-0.0236211279336076
,,3503.777,0.15284965560753783
,,3504.241,-0.027978370310064005
,,3504.711,0.0831327387233256
,,3505.176,0.015594572884955138
,,3505.64,0.19206535642610056
,,3506.106,-0.09333778510259227
,,3506.57,-0.05847932666048594
,,3507.036,0.10056196794437877
,,3507.5,-0.1717691867397173
,,3507.965,-0.05412208428402954
,,3508.43,0.17899336958150336
,,3508.896,0.35546389340742124
,,3509.356,0.09838347661376456
,,3509.825,-0.11512425670010185
,,3510.289,-0.19355565833722688
,,3510.752,-0.001834396620870482
,,3511.218,0.1397776687629415
,,3511.683,0.26178201359508524
,,3512.149,0.011237330508498733
,,3512.616,0.18552936300380196
,,3513.082,-0.09769502747904868
,,3513.541,0.0722395029245706
,,3514.007,-0.041050097439432776
,,3514.474,0.05481027370351743
,,3514.94,-0.0780873069273813
,,3515.4,0.2160303193542239
,,3515.87,0.16810013378274924
,,3516.33,0.0264878086837097
,,3516.8,-0.08680179168029367
,,3517.26,0.10927671241251868
,,3517.729,0.3293201794334557
,,3518.195,0.00470133708620013
,,3518.658,0.1267056819183443
,,3519.124,0.00470133708620013
,,3519.589,-0.07590855588153911
,,3520.054,0.0264878086837097
,,3520.519,-0.15433995751866414
,,3520.985,0.17245737615920564
,,3521.445,0.07006101159395639
,,3521.91,0.14413491113939791
,,3522.381,0.0809542473927114
,,3522.844,-0.07372980483569691
,,3523.312,-0.04758609086173138
,,3523.774,-0.16305444227157695
,,3524.241,-0.1260174924988564
,,3524.703,0.18335061195795976
,,3525.169,0.16810013378274924
,,3525.633,-0.23494985048640338
,,3526.099,0.01341608155434093
,,3526.566,0.38596510947307117
,,3527.025,0.4251808102916339
,,3527.49,0.009058839177884526
,,3527.956,0.1375989177170993
,,3528.423,-0.09769502747904868
,,3528.888,-0.09769502747904868
,,3529.352,-0.06501532008278454
,,3529.822,0.27267524939384025
,,3530.282,-0.09769502747904868
,,3530.751,0.00034409470974416934
,,3531.21,0.17463612720504695
,,3531.681,-0.09987377852489043
,,3532.147,-0.11512425670010185
,,3532.608,0.1354204263864851
,,3533.073,0.15938564902983643
,,3533.541,-0.09769502747904868
,,3534.007,0.05481027370351743
,,3534.471,0.18552936300380196
,,3534.936,-0.09769502747904868
,,3535.4,0.35328540207680703
,,3535.862,0.01341608155434093
,,3536.326,0.0722395029245706
,,3536.796,0.15284965560753783
,,3537.259,-0.06283656903694235
,,3537.722,0.033023802106008304
,,3538.187,0.29664047203719157
,,3538.651,-0.15433995751866414
,,3539.117,0.15938564902983643
,,3539.582,-0.0715513135050827
,,3540.048,0.15284965560753783
,,3540.514,-0.06283656903694235
,,3540.98,-0.09333778510259227
,,3541.445,-0.15433995751866414
,,3541.911,0.10056196794437877
,,3542.374,0.15284965560753783
,,3542.836,0.05481027370351743
,,3543.304,0.05045303132706147
,,3543.767,-0.09987377852489043
,,3544.23,-0.09333778510259227
,,3544.699,0.030845310775394097
,,3545.165,-0.09769502747904868
,,3545.63,0.046095788950605066
,,3546.096,-0.04758609086173138
,,3546.556,-0.09333778510259227
,,3547.021,0.16810013378274924
,,3547.485,-0.09769502747904868
,,3547.95,0.26178201359508524
,,3548.423,0.18552936300380196
,,3548.881,0.10056196794437877
,,3549.352,-0.1652331933174187
,,3549.815,-0.10858826327780324
,,3550.278,-0.08898054272613587
,,3550.74,0.022130566307253297
,,3551.205,0.2399955419975761
,,3551.676,0.09838347661376456
,,3552.141,0.300997714413648
,,3552.6,0.06570350950227244
,,3553.066,0.16156414036045064
,,3553.534,0.03520255315185006
,,3554.0,0.2116730769777675
,,3554.46,0.052631782372903224
,,3554.925,0.076596745301027
,,3555.396,0.09838347661376456
,,3555.859,0.061346267125816034
,,3556.322,0.14631366218523922
,,3556.785,-0.05412208428402954
,,3557.256,-0.08462330034967946
,,3557.718,0.0744182539704128
,,3558.184,0.0722395029245706
,,3558.651,0.0831327387233256
,,3559.117,0.29664047203719157
,,3559.581,0.24217429304341742
,,3560.046,-0.09115903405675008
,,3560.511,-0.08462330034967946
,,3560.977,0.0831327387233256
,,3561.441,-0.06501532008278454
,,3561.907,-0.23277135915578917
,,3562.367,-0.1695904356938751
,,3562.836,0.28138999386198016
,,3563.297,0.1245271905877301
,,3563.766,0.18552936300380196
,,3564.23,-0.06501532008278454
,,3564.692,-0.027978370310064005
,,3565.158,-0.0671940711286263
,,3565.623,-0.1173030077459436
,,3566.09,-0.05412208428402954
,,3566.556,-0.09333778510259227
,,3567.021,0.3336774218099121
,,3567.485,-0.0693725624592405
,,3567.951,0.037381304197692256
,,3568.411,-0.1216602501224
,,3568.881,0.09402597452208017
,,3569.344,0.18552936300380196
,,3569.807,-0.10640977194718904
,,3570.271,0.1288844329641865
,,3570.74,-0.20880613651243785
,,3571.206,0.015594572884955138
,,3571.669,0.10056196794437877
,,3572.135,0.11145520374313289
,,3572.6,0.17463612720504695
,,3573.065,-0.021442376887765402
,,3573.53,0.08966873214562376
,,3573.996,-0.001834396620870482
,,3574.455,-0.05847932666048594
,,3574.921,-0.09115903405675008
,,3575.389,0.07006101159395639
,,3575.852,0.3206056946805429
,,3576.315,0.2182090704000661
,,3576.785,-0.09769502747904868
,,3577.248,0.0722395029245706
,,3577.711,0.011237330508498733
,,3578.177,0.16156414036045064
,,3578.64,-0.18701966491492827
,,3579.106,0.0744182539704128
,,3579.574,-0.14998271514220773
,,3580.04,0.006880088132042328
,,3580.5,-0.019263625841923204
,,3580.965,0.29010447861489297
,,3581.431,-0.08680179168029367
,,3581.897,-0.04540759953111717
,,3582.36,-0.09769502747904868
,,3582.83,0.09402597452208017
,,3583.292,-0.05847932666048594
,,3583.755,0.046095788950605066
,,3584.222,0.11145520374313289
,,3584.685,0.046095788950605066
,,3585.151,-0.10858826327780324
,,3585.618,0.15067090456169563
,,3586.084,0.10491921032083518
,,3586.552,0.07006101159395639
,,3587.01,0.1332416753406429
,,3587.475,0.1267056819183443
,,3587.94,0.2116730769777675
,,3588.411,-0.0693725624592405
,,3588.875,0.09838347661376456
,,3589.337,0.23781679095173391
,,3589.8,-0.0693725624592405
,,3590.271,-0.08462330034967946
,,3590.733,0.1397776687629415
,,3591.199,0.0722395029245706
,,3591.662,-0.0715513135050827
,,3592.128,-0.15216120647282194
,,3592.592,0.1158124461195893
,,3593.058,-0.10423102090134684
,,3593.522,0.0809542473927114
,,3593.988,-0.15869719989512054
,,3594.456,-0.03669285506297637
,,3594.922,-0.18919841596077047
,,3595.385,0.017773323930797336
,,3595.847,-0.03887160610881857
,,3596.311,-0.1717691867397173
,,3596.781,0.17463612720504695
,,3597.245,0.05481027370351743
,,3597.707,0.2247450638223647
,,3598.172,-0.017085134511308997
,,3598.637,-0.0715513135050827
,,3599.102,0.1267056819183443
,,3599.566,-0.09115903405675008
,,3600.032,-0.0780873069273813
,,3600.5,-0.032335612686519966
,,3600.965,0.16592138273690704
,,3601.43,0.20295859222485557
,,3601.896,-0.041050097439432776
,,3602.356,0.27267524939384025
,,3602.825,0.04173854657414866
,,3603.289,0.006880088132042328
,,3603.752,0.1288844329641865
,,3604.218,0.17899336958150336
,,3604.683,-0.0693725624592405
,,3605.149,0.15284965560753783
,,3605.615,0.17463612720504695
,,3606.08,-0.12383874145301421
,,3606.545,-0.13473223696699677
,,3607.011,-0.13908947934345317
,,3607.47,0.0831327387233256
,,3607.936,0.0831327387233256
,,3608.404,0.076596745301027
,,3608.866,0.0722395029245706
,,3609.334,0.01995207497663909
,,3609.796,-0.04976484190757313
,,3610.267,0.4121088234470367
,,3610.729,-0.05412208428402954
,,3611.195,0.04173854657414866
,,3611.658,0.18117212062734556
,,3612.123,-0.04976484190757313
,,3612.588,0.15284965560753783
,,3613.054,0.18335061195795976
,,3613.515,-0.08026579825799551
,,3613.981,0.04827453999644682
,,3614.448,0.405572830024739
,,3614.914,-0.0236211279336076
,,3615.378,0.1397776687629415
,,3615.84,0.0831327387233256
,,3616.311,0.11145520374313289
,,3616.774,-0.0780873069273813
,,3617.237,0.09402597452208017
,,3617.707,0.1288844329641865
,,3618.165,0.4360740460903889
,,3618.637,-0.09987377852489043
,,3619.095,0.07006101159395639
,,3619.566,0.15502814693815203
,,3620.025,-0.20662764518182364
,,3620.496,0.15284965560753783
,,3620.955,-0.14562547276575133
,,3621.427,0.27921124281613796
,,3621.885,0.3097124588817879
,,3622.355,0.061346267125816034
,,3622.818,-0.05412208428402954
,,3623.282,0.2312810572446633
,,3623.751,0.1179911971654315
,,3624.21,-0.06283656903694235
,,3624.68,0.01995207497663909
,,3625.146,0.11363395478897509
,,3625.611,0.1267056819183443
,,3626.077,-0.09769502747904868
,,3626.541,-0.05412208428402954
,,3627.0,-0.021442376887765402
,,3627.467,0.1397776687629415
,,3627.933,0.0744182539704128
,,3628.396,0.11145520374313289
,,3628.866,-0.15651870856450634
,,3629.326,-0.041050097439432776
,,3629.796,0.10274071899022097
,,3630.259,0.04173854657414866
,,3630.722,0.16810013378274924
,,3631.187,-0.05194333323818778
,,3631.651,0.18552936300380196
,,3632.117,-0.15869719989512054
,,3632.581,-0.05194333323818778
,,3633.047,-0.14562547276575133
,,3633.512,-0.18048367149263012
,,3633.978,-0.056300835329871735
,,3634.445,0.15720689798399423
,,3634.911,-0.09987377852489043
,,3635.374,0.2247450638223647
,,3635.836,0.17245737615920564
,,3636.304,0.1397776687629415
,,3636.767,0.09838347661376456
,,3637.23,0.18117212062734556
,,3637.699,-0.09115903405675008
,,3638.165,0.20513708355546978
,,3638.63,-0.017085134511308997
,,3639.096,0.07006101159395639
,,3639.556,0.27049675806322604
,,3640.021,-0.15216120647282194
,,3640.486,-0.08462330034967946
,,3640.952,-0.23712860153224558
,,3641.415,0.09838347661376456
,,3641.884,-0.2175208809805782
,,3642.345,0.1397776687629415
,,3642.814,0.06352501817165823
,,3643.278,-0.13908947934345317
,,3643.74,0.10056196794437877
,,3644.206,0.05481027370351743
,,3644.676,0.15067090456169563
,,3645.142,0.0264878086837097
,,3645.6,-0.14126797067406738
,,3646.066,-0.14344672171990958
,,3646.53,-0.11512425670010185
,,3646.996,0.0722395029245706
,,3647.463,0.1179911971654315
,,3647.928,-0.0715513135050827
,,3648.396,-0.08898054272613587
,,3648.858,0.046095788950605066
,,3649.326,0.04391703790476287
,,3649.788,0.05481027370351743
,,3650.256,0.0787754963468692
,,3650.719,0.3968583452718262
,,3651.184,-0.03887160610881857
,,3651.65,0.009058839177884526
,,3652.116,0.1397776687629415
,,3652.581,0.015594572884955138
,,3653.047,0.1332416753406429
,,3653.505,0.05481027370351743
,,3653.97,-0.09769502747904868
,,3654.437,0.09838347661376456
,,3654.903,0.300997714413648
,,3655.371,0.20295859222485557
,,3655.833,0.009058839177884526
,,3656.296,-0.1260174924988564
,,3656.766,-0.1173030077459436
,,3657.227,-0.014906383465467243
,,3657.697,-0.001834396620870482
,,3658.155,-0.032335612686519966
,,3658.626,0.37289312262847485
,,3659.085,0.20731583460131198
,,3659.551,-0.13908947934345317
,,3660.017,0.25960352226447103
,,3660.482,0.4033943386941248
,,3660.948,-0.06283656903694235
,,3661.419,-0.13255348592115457
,,3661.878,0.006880088132042328
,,3662.34,0.01341608155434093
,,3662.811,0.3075337078359457
,,3663.274,0.0787754963468692
,,3663.736,0.09838347661376456
,,3664.202,0.00034409470974416934
,,3664.665,0.1179911971654315
,,3665.13,-0.017085134511308997
,,3665.597,0.15284965560753783
,,3666.063,0.25960352226447103
,,3666.529,0.18988660538025837
,,3666.996,0.2160303193542239
,,3667.455,0.0809542473927114
,,3667.921,0.0722395029245706
,,3668.385,0.1267056819183443
,,3668.854,-0.0780873069273813
,,3669.315,0.24435278437403163
,,3669.785,0.009058839177884526
,,3670.248,0.0809542473927114
,,3670.711,0.1267056819183443
,,3671.177,0.08749024081500956
,,3671.641,-0.08680179168029367
,,3672.106,0.20513708355546978
,,3672.571,0.015594572884955138
,,3673.037,-0.09769502747904868
,,3673.504,0.046095788950605066
,,3673.97,-0.19573440938306863
,,3674.43,-0.04540759953111717
,,3674.895,0.2160303193542239
,,3675.363,0.16374289140629283
,,3675.825,0.0809542473927114
,,3676.296,-0.14562547276575133
,,3676.759,0.26613925597154164
,,3677.23,0.1332416753406429
,,3677.685,0.18335061195795976
,,3678.15,0.0787754963468692
,,3678.615,-0.1260174924988564
,,3679.081,0.0787754963468692
,,3679.549,0.14413491113939791
,,3680.015,-0.04540759953111717
,,3680.482,0.18335061195795976
,,3680.94,0.3271414283876135
,,3681.407,0.3097124588817879
,,3681.87,-0.13691072829761097
,,3682.341,-0.04758609086173138
,,3682.803,0.1397776687629415
,,3683.271,0.19642259880255697
,,3683.733,0.006880088132042328
,,3684.198,0.16374289140629283
,,3684.661,-0.021442376887765402
,,3685.127,0.05481027370351743
,,3685.592,0.076596745301027
