EMG_time_ms,EMG_value,FORCE_time_ms,FORCE_newtons
0.0,0.0,0.471,0.02055180804532064
0.4655172734839499,0.0,0.929,0.00530132987010945
0.9310345469678998,0.0,1.399,0.029266422655847224
1.3965518204518497,0.0,1.865,0.0031227086818812477
1.8620690939357996,0.0,2.33,-0.012127899350943716
2.3275863674197494,0.0,2.795,-0.0164851417273999
2.7931036409036993,0.0,3.256,0.029266422655847224
3.2586209143876492,0.0,3.721,-0.027378377526154685
3.724138187871599,0.0,4.189,0.00530132987010945
4.189655461355549,0.0,4.655,0.19702246172885207
4.655172734839499,0.0,5.118,0.00530132987010945
5.120690008323448,0.0,5.58,-0.027378377526154685
5.586207281807399,0.0,6.048,-0.02302113514969828
6.051724555291348,0.0,6.51,-0.020842513961470077
6.5172418287752985,0.0,6.981,-0.03609299213668127
6.982759102259248,0.0,7.443,0.022730559091162617
7.448276375743198,0.0,7.909,-0.5611474510955916
7.913793649227148,0.0,8.373,0.02055180804532064
8.379310922711097,0.0,8.839,-0.005591905928645335
8.844828196195047,0.0,9.303,0.01837318685709244
9.310345469678998,0.0,9.768,-0.025199756337926482
9.775862743162946,0.0,10.233,-0.025199756337926482
10.241380016646897,0.0,10.699,0.02490918027939082
10.706897290130847,0.0,11.159,0.0031227086818812477
11.172414563614797,0.0,11.624,-0.025199756337926482
11.637931837098746,0.0,12.092,-0.0164851417273999
12.103449110582696,0.0,12.554,0.6066085692779168
12.568966384066647,0.0,13.026,0.02490918027939082
13.034483657550597,0.0,13.488,0.02055180804532064
13.500000931034545,0.0,13.959,0.009658572246565855
13.965518204518496,0.0,14.414,0.029266422655847224
14.431035478002446,0.0,14.879,0.011837193434794058
14.896552751486396,0.0,15.347,0.007479951058337653
15.362070024970345,0.0,15.813,-0.027378377526154685
15.827587298454295,0.0,16.278,-0.020842513961470077
16.293104571938244,0.0,16.743,0.016194565668864236
16.758621845422194,0.0,17.211,-0.02302113514969828
17.224139118906145,0.0,17.675,-0.009949278162715514
17.689656392390095,0.0,18.136,-0.033914370948453065
18.155173665874045,0.0,18.599,-0.33238936946412867
18.620690939357996,0.0,19.066,-0.28445905403503957
19.086208212841946,0.0,19.529,0.029266422655847224
19.551725486325893,0.0,19.999,0.02055180804532064
20.017242759809843,0.0,20.462,0.02055180804532064
20.482760033293793,0.0,20.928,-0.025199756337926482
20.948277306777744,0.0,21.391,0.011837193434794058
21.413794580261694,0.0,21.856,-0.0012346635521889304
21.879311853745644,0.0,22.321,-0.027378377526154685
22.344829127229595,0.0,22.788,0.022730559091162617
22.810346400713545,0.0,23.255,0.029266422655847224
23.275863674197492,0.0,23.721,0.02055180804532064
23.741380947681442,0.0,24.185,0.0336237948899174
24.206898221165392,0.0,24.644,0.022730559091162617
24.672415494649343,0.0,25.114,0.031445043844075204
25.137932768133293,0.0,25.577,0.00530132987010945
25.603450041617243,0.0,26.04,0.10769782429297226
26.068967315101194,0.0,26.51,-0.009949278162715514
26.53448458858514,0.0,26.974,0.01837318685709244
27.00000186206909,0.0,27.436,-0.02955712857199666
27.46551913555304,0.0,27.902,-0.02302113514969828
27.93103640903699,0.0,28.366,-0.025199756337926482
28.396553682520942,0.0,28.832,0.02055180804532064
28.862070956004892,0.0,29.299,0.0009439576360392721
29.327588229488843,0.0,29.765,0.009658572246565855
29.793105502972793,0.0,30.229,0.029266422655847224
30.25862277645674,0.0,30.695,0.022730559091162617
30.72414004994069,0.0,31.159,0.01837318685709244
31.18965732342464,0.0,31.625,-0.5066812721018181
31.65517459690859,0.0,32.085,0.029266422655847224
32.12069187039254,0.0,32.555,-0.02302113514969828
32.58620914387649,0.0,33.018,0.007479951058337653
33.05172641736044,0.0,33.481,-0.03173574976022486
33.51724369084439,0.0,33.947,0.0009439576360392721
33.98276096432834,0.0,34.412,0.011837193434794058
34.44827823781229,0.0,34.877,0.011837193434794058
34.91379551129624,0.0,35.345,0.02055180804532064
35.37931278478019,0.0,35.81,-0.0164851417273999
35.84483005826414,0.0,36.27,0.02708780146761902
36.31034733174809,0.0,36.735,0.016194565668864236
36.77586460523204,0.0,37.202,-0.027378377526154685
37.24138187871599,0.0,37.667,0.029266422655847224
37.70689915219994,0.0,38.132,0.029266422655847224
38.17241642568389,0.0,38.594,0.029266422655847224
38.63793369916784,0.0,39.062,0.02055180804532064
39.103450972651785,0.0,39.525,-0.027378377526154685
39.56896824613574,0.0,39.989,0.02708780146761902
40.034485519619686,0.0,40.458,-0.020842513961470077
40.50000279310364,0.0,40.924,0.029266422655847224
40.96552006658759,0.0,41.387,-0.0164851417273999
41.43103734007154,0.0,41.852,-0.0164851417273999
41.89655461355549,0.0,42.318,0.02055180804532064
42.36207188703944,0.0,42.783,-0.005591905928645335
42.82758916052339,0.0,43.248,0.037981037266373585
43.293106434007335,0.0,43.714,-0.0164851417273999
43.75862370749129,0.0,44.174,0.02708780146761902
44.224140980975235,0.0,44.639,-0.020842513961470077
44.68965825445919,0.0,45.107,0.02490918027939082
45.155175527943136,0.0,45.569,0.00530132987010945
45.62069280142709,0.0,46.037,-0.027378377526154685
46.08621007491104,0.0,46.5,0.037981037266373585
46.551727348394984,0.0,46.97,-0.02955712857199666
47.01724462187894,0.0,47.433,0.022730559091162617
47.482761895362884,0.0,47.899,-0.027378377526154685
47.94827916884684,0.0,48.366,0.01837318685709244
48.413796442330785,0.0,48.824,0.02055180804532064
48.87931371581474,0.0,49.289,0.022730559091162617
49.344830989298686,0.0,49.755,-0.02302113514969828
49.81034826278263,0.0,50.221,0.011837193434794058
50.275865536266586,0.0,50.687,-0.025199756337926482
50.74138280975053,0.0,51.152,-0.04262898555897965
51.20690008323449,0.0,51.618,0.007479951058337653
51.672417356718434,0.0,52.081,0.016194565668864236
52.13793463020239,0.0,52.544,-0.012127899350943716
52.603451903686334,0.0,53.011,-0.018663892773242097
53.06896917717028,0.0,53.481,0.014015944480636033
53.534486450654235,0.0,53.939,-0.0164851417273999
54.00000372413818,0.0,54.41,0.01837318685709244
54.465520997622136,0.0,54.876,-0.025199756337926482
54.93103827110608,0.0,55.34,-0.012127899350943716
55.396555544590036,0.0,55.805,-0.027378377526154685
55.86207281807398,0.0,56.271,0.16652137552081614
56.32759009155794,0.0,56.729,-0.02302113514969828
56.793107365041884,0.0,57.199,-0.025199756337926482
57.25862463852583,0.0,57.665,0.02490918027939082
57.724141912009785,0.0,58.129,-0.027378377526154685
58.18965918549373,0.0,58.591,0.029266422655847224
58.655176458977685,0.0,59.055,-0.02302113514969828
59.12069373246163,0.0,59.524,0.035802416078145605
59.586211005945586,0.0,59.985,-0.027378377526154685
60.05172827942953,0.0,60.455,0.0336237948899174
60.51724555291348,0.0,60.92,-0.02955712857199666
60.98276282639743,0.0,61.383,0.01837318685709244
61.44828009988138,0.0,61.849,-0.04480760674720785
61.913797373365334,0.0,62.315,0.02055180804532064
62.37931464684928,0.0,62.781,0.02055180804532064
62.844831920333235,0.0,63.24,-0.025199756337926482
63.31034919381718,0.0,63.706,0.029266422655847224
63.77586646730113,0.0,64.17,-0.0164851417273999
64.24138374078508,0.0,64.636,0.01837318685709244
64.70690101426904,0.0,65.099,-0.018663892773242097
65.17241828775298,0.0,65.569,0.0009439576360392721
65.63793556123693,0.0,66.033,0.0031227086818812477
66.10345283472088,0.0,66.495,0.01837318685709244
66.56897010820484,0.0,66.963,0.009658572246565855
67.03448738168878,0.0,67.426,-0.027378377526154685
67.50000465517273,0.0,67.891,-0.02302113514969828
67.96552192865668,0.0,68.355,-0.025199756337926482
68.43103920214062,0.0,68.821,0.029266422655847224
68.89655647562458,0.0,69.288,-0.025199756337926482
69.36207374910853,0.0,69.753,0.031445043844075204
69.82759102259249,0.0,70.218,-0.060058214780032815
70.29310829607643,0.0,70.684,0.0336237948899174
70.75862556956038,0.0,71.152,0.014015944480636033
71.22414284304433,0.0,71.61,0.0009439576360392721
71.68966011652827,0.0,72.078,0.007479951058337653
72.15517739001223,0.0,72.539,0.02055180804532064
72.62069466349618,0.0,73.01,0.02708780146761902
73.08621193698013,0.0,73.473,-0.033914370948453065
73.55172921046407,0.0,73.939,0.011837193434794058
74.01724648394803,0.0,74.402,0.016194565668864236
74.48276375743198,0.0,74.868,-0.02302113514969828
74.94828103091592,0.0,75.333,-0.04262898555897965
75.41379830439988,0.0,75.798,0.029266422655847224
75.87931557788383,0.0,76.263,0.029266422655847224
76.34483285136778,0.0,76.729,-0.025199756337926482
76.81035012485172,0.0,77.189,-0.0164851417273999
77.27586739833568,0.0,77.655,-0.027378377526154685
77.74138467181963,0.0,78.125,0.009658572246565855
78.20690194530357,0.0,78.587,-0.005591905928645335
78.67241921878752,0.0,79.055,-0.09927391559859533
79.13793649227148,0.0,79.518,-0.027378377526154685
79.60345376575543,0.0,79.981,0.02055180804532064
80.06897103923937,0.0,80.444,-0.025199756337926482
80.53448831272333,0.0,80.91,0.02490918027939082
81.00000558620728,0.0,81.38,-0.025199756337926482
81.46552285969122,0.0,81.839,0.031445043844075204
81.93104013317517,0.0,82.304,0.02708780146761902
82.39655740665913,0.0,82.77,-0.02302113514969828
82.86207468014308,0.0,83.234,0.02055180804532064
83.32759195362702,0.0,83.699,-0.05134360016950623
83.79310922711097,0.0,84.166,0.02708780146761902
84.25862650059493,0.0,84.632,-0.025199756337926482
84.72414377407888,0.0,85.095,0.01837318685709244
85.18966104756282,0.0,85.565,-0.027378377526154685
85.65517832104678,0.0,86.026,-0.02302113514969828
86.12069559453073,0.0,86.495,0.029266422655847224
86.58621286801467,0.0,86.959,-0.02955712857199666
87.05173014149862,0.0,87.421,0.057588887675654954
87.51724741498258,0.0,87.887,0.02055180804532064
87.98276468846653,0.0,88.352,0.011837193434794058
88.44828196195047,0.0,88.818,-0.027378377526154685
88.91379923543442,0.0,89.285,0.016194565668864236
89.37931650891838,0.0,89.751,-0.033914370948453065
89.84483378240232,0.0,90.211,0.007479951058337653
90.31035105588627,0.0,90.677,-0.018663892773242097
90.77586832937023,0.0,91.148,0.029266422655847224
91.24138560285418,0.0,91.607,0.029266422655847224
91.70690287633812,0.0,92.07,0.009658572246565855
92.17242014982207,0.0,92.539,0.031445043844075204
92.63793742330603,0.0,93.003,-0.0164851417273999
93.10345469678997,0.0,93.466,0.016194565668864236
93.56897197027392,0.0,93.932,0.0031227086818812477
94.03448924375787,0.0,94.394,-0.03173574976022486
94.50000651724183,0.0,94.86,0.022730559091162617
94.96552379072577,0.0,95.325,-0.04480760674720785
95.43104106420972,0.0,95.791,-0.027378377526154685
95.89655833769368,0.0,96.258,-0.07530869295524378
96.36207561117762,0.0,96.724,-0.025199756337926482
96.82759288466157,0.0,97.188,-0.025199756337926482
97.29311015814552,0.0,97.654,0.0031227086818812477
97.75862743162948,0.0,98.115,0.011837193434794058
98.22414470511342,0.0,98.584,0.011837193434794058
98.68966197859737,0.0,99.047,-0.02302113514969828
99.15517925208133,0.0,99.509,-0.018663892773242097
99.62069652556526,0.0,99.977,-0.064415457156489
100.08621379904922,0.0,100.44,0.016194565668864236
100.55173107253317,0.0,100.906,-0.038271743182523243
101.01724834601713,0.0,101.37,0.029266422655847224
101.48276561950107,0.0,101.835,-0.025199756337926482
101.94828289298502,0.0,102.303,-0.0164851417273999
102.41380016646897,0.0,102.769,-0.025199756337926482
102.87931743995291,0.0,103.229,0.029266422655847224
103.34483471343687,0.0,103.694,-0.025199756337926482
103.81035198692082,0.0,104.159,-0.0164851417273999
104.27586926040478,0.0,104.625,0.02055180804532064
104.74138653388871,0.0,105.092,0.05105289425335657
105.20690380737267,0.0,105.554,0.022730559091162617
105.67242108085662,0.0,106.022,0.022730559091162617
106.13793835434056,0.0,106.484,0.022730559091162617
106.60345562782452,0.0,106.951,0.029266422655847224
107.06897290130847,0.0,107.414,-0.0164851417273999
107.53449017479242,0.0,107.88,-0.020842513961470077
108.00000744827636,0.0,108.345,-0.03173574976022486
108.46552472176032,0.0,108.81,0.016194565668864236
108.93104199524427,0.0,109.278,0.05541026648742675
109.39655926872823,0.0,109.743,0.011837193434794058
109.86207654221217,0.0,110.211,0.02708780146761902
110.32759381569612,0.0,110.669,0.02055180804532064
110.79311108918007,0.0,111.14,-0.025199756337926482
111.25862836266401,0.0,111.603,0.24713139834616937
111.72414563614797,0.0,112.066,-0.007770527116873316
112.18966290963192,0.0,112.536,-0.025199756337926482
112.65518018311587,0.0,112.999,0.01837318685709244
113.12069745659981,0.0,113.462,-0.025199756337926482
113.58621473008377,0.0,113.927,-0.020842513961470077
114.05173200356772,0.0,114.39,0.02490918027939082
114.51724927705166,0.0,114.855,0.029266422655847224
114.98276655053562,0.0,115.321,-0.003413284740417133
115.44828382401957,0.0,115.787,0.022730559091162617
115.91380109750352,0.0,116.251,-0.018663892773242097
116.37931837098746,0.0,116.716,0.01837318685709244
116.84483564447142,0.0,117.181,0.02708780146761902
117.31035291795537,0.0,117.647,0.011837193434794058
117.77587019143931,0.0,118.114,0.022730559091162617
118.24138746492326,0.0,118.577,-0.03173574976022486
118.70690473840722,0.0,119.04,0.014015944480636033
119.17242201189117,0.0,119.51,-0.027378377526154685
119.63793928537511,0.0,119.974,-0.2692084460022146
120.10345655885907,0.0,120.436,-0.012127899350943716
120.56897383234302,0.0,120.902,0.029266422655847224
121.03449110582696,0.0,121.366,-0.09055930098806875
121.50000837931091,0.0,121.832,0.02055180804532064
121.96552565279487,0.0,122.296,0.02490918027939082
122.43104292627882,0.0,122.762,0.0031227086818812477
122.89656019976276,0.0,123.229,0.02490918027939082
123.36207747324671,0.0,123.694,0.04669565187690017
123.82759474673067,0.0,124.159,0.022730559091162617
124.29311202021461,0.0,124.624,-0.027378377526154685
124.75862929369856,0.0,125.085,0.029266422655847224
125.22414656718252,0.0,125.554,-0.020842513961470077
125.68966384066647,0.0,126.018,0.0009439576360392721
126.15518111415041,0.0,126.48,-0.027378377526154685
126.62069838763436,0.0,126.947,0.016194565668864236
127.08621566111832,0.0,127.412,-0.038271743182523243
127.55173293460226,0.0,127.878,-0.018663892773242097
128.0172502080862,0.0,128.344,0.02055180804532064
128.48276748157016,0.0,128.809,-0.0164851417273999
128.94828475505412,0.0,129.273,0.02055180804532064
129.41380202853807,0.0,129.739,-0.033914370948453065
129.87931930202203,0.0,130.203,0.02055180804532064
130.34483657550595,0.0,130.669,-0.025199756337926482
130.8103538489899,0.0,131.129,0.01837318685709244
131.27587112247386,0.0,131.599,0.031445043844075204
131.7413883959578,0.0,132.062,-0.275744439424513
132.20690566944177,0.0,132.525,-0.025199756337926482
132.67242294292572,0.0,132.996,-0.020842513961470077
133.13794021640967,0.0,133.458,0.022730559091162617
133.6034574898936,0.0,133.924,0.011837193434794058
134.06897476337755,0.0,134.387,-0.027378377526154685
134.5344920368615,0.0,134.852,0.029266422655847224
135.00000931034546,0.0,135.318,0.022730559091162617
135.46552658382942,0.0,135.783,-0.04262898555897965
135.93104385731337,0.0,136.248,-0.0164851417273999
136.39656113079732,0.0,136.714,-0.003413284740417133
136.86207840428125,0.0,137.174,0.011837193434794058
137.3275956777652,0.0,137.64,-0.012127899350943716
137.79311295124916,0.0,138.11,-0.009949278162715514
138.2586302247331,0.0,138.573,0.02055180804532064
138.72414749821706,0.0,139.041,0.07501811689670812
139.18966477170102,0.0,139.502,0.02490918027939082
139.65518204518497,0.0,139.97,0.029266422655847224
140.1206993186689,0.0,140.433,0.02708780146761902
140.58621659215285,0.0,140.899,-0.025199756337926482
141.0517338656368,0.0,141.366,-0.02955712857199666
141.51725113912076,0.0,141.824,-0.07313007176701558
141.9827684126047,0.0,142.289,-0.025199756337926482
142.44828568608867,0.0,142.755,-0.018663892773242097
142.91380295957262,0.0,143.221,0.3364560357820492
143.37932023305655,0.0,143.687,-0.025199756337926482
143.8448375065405,0.0,144.152,0.04015965845460179
144.31035478002445,0.0,144.618,0.01837318685709244
144.7758720535084,0.0,145.081,-0.033914370948453065
145.24138932699236,0.0,145.551,0.01837318685709244
145.70690660047632,0.0,146.014,0.029266422655847224
146.17242387396027,0.0,146.477,0.02055180804532064
146.6379411474442,0.0,146.943,0.02490918027939082
147.10345842092815,0.0,147.406,0.02055180804532064
147.5689756944121,0.0,147.872,-0.018663892773242097
148.03449296789606,0.0,148.336,-0.003413284740417133
148.50001024138,0.0,148.802,-0.1777051873781066
148.96552751486396,0.0,149.267,0.057588887675654954
149.43104478834792,0.0,149.732,0.02055180804532064
149.89656206183184,0.0,150.199,-0.038271743182523243
150.3620793353158,0.0,150.665,0.02490918027939082
150.82759660879975,0.0,151.125,-0.025199756337926482
151.2931138822837,0.0,151.595,0.0031227086818812477
151.75863115576766,0.0,152.059,0.016194565668864236
152.2241484292516,0.0,152.521,-0.3084241468207771
152.68966570273557,0.0,152.985,0.016194565668864236
153.1551829762195,0.0,153.455,-0.025199756337926482
153.62070024970345,0.0,153.92,0.029266422655847224
154.0862175231874,0.0,154.384,-0.005591905928645335
154.55173479667135,0.0,154.85,-0.053522221357734434
155.0172520701553,0.0,155.315,0.029266422655847224
155.48276934363926,0.0,155.78,0.01837318685709244
155.94828661712322,0.0,156.24,-0.018663892773242097
156.41380389060714,0.0,156.706,0.01837318685709244
156.8793211640911,0.0,157.174,0.02055180804532064
157.34483843757505,0.0,157.639,0.02055180804532064
157.810355711059,0.0,158.1,0.029266422655847224
158.27587298454296,0.0,158.569,-0.020842513961470077
158.7413902580269,0.0,159.033,0.011837193434794058
159.20690753151086,0.0,159.495,-0.39557016306842874
159.6724248049948,0.0,159.963,0.0009439576360392721
160.13794207847874,0.0,160.425,-0.0164851417273999
160.6034593519627,0.0,160.891,0.011837193434794058
161.06897662544665,0.0,161.358,0.02055180804532064
161.5344938989306,0.0,161.824,0.02055180804532064
162.00001117241456,0.0,162.289,0.022730559091162617
162.4655284458985,0.0,162.754,-0.0164851417273999
162.93104571938244,0.0,163.214,-0.34981846882756784
163.3965629928664,0.0,163.68,0.016194565668864236
163.86208026635035,0.0,164.152,-0.025199756337926482
164.3275975398343,0.0,164.611,-0.0164851417273999
164.79311481331825,0.0,165.081,0.02708780146761902
165.2586320868022,0.0,165.543,-0.025199756337926482
165.72414936028616,0.0,166.004,0.016194565668864236
166.1896666337701,0.0,166.474,0.016194565668864236
166.65518390725404,0.0,166.94,-0.027378377526154685
167.120701180738,0.0,167.403,0.009658572246565855
167.58621845422195,0.0,167.868,0.011837193434794058
168.0517357277059,0.0,168.333,0.01837318685709244
168.51725300118986,0.0,168.799,-0.025199756337926482
168.9827702746738,0.0,169.266,0.02708780146761902
169.44828754815777,0.0,169.724,0.011837193434794058
169.9138048216417,0.0,170.192,0.011837193434794058
170.37932209512564,0.0,170.657,-0.02955712857199666
170.8448393686096,0.0,171.126,-0.027378377526154685
171.31035664209355,0.0,171.588,-0.0164851417273999
171.7758739155775,0.0,172.051,-0.22345688161896748
172.24139118906146,0.0,172.514,-0.025199756337926482
172.7069084625454,0.0,172.982,-0.02302113514969828
173.17242573602934,0.0,173.451,0.029266422655847224
173.6379430095133,0.0,173.909,0.02055180804532064
174.10346028299725,0.0,174.38,0.029266422655847224
174.5689775564812,0.0,174.846,0.02708780146761902
175.03449482996515,0.0,175.31,-0.005591905928645335
175.5000121034491,0.0,175.776,-0.027378377526154685
175.96552937693306,0.0,176.241,-0.012127899350943716
176.431046650417,0.0,176.699,-0.027378377526154685
176.89656392390094,0.0,177.166,-0.11016715139735012
177.3620811973849,0.0,177.632,-0.025199756337926482
177.82759847086885,0.0,178.1,-0.027378377526154685
178.2931157443528,0.0,178.562,0.011837193434794058
178.75863301783676,0.0,179.026,-0.027378377526154685
179.2241502913207,0.0,179.495,0.02055180804532064
179.68966756480464,0.0,179.959,-0.03173574976022486
180.1551848382886,0.0,180.421,0.02055180804532064
180.62070211177254,0.0,180.887,0.30377619852817106
181.0862193852565,0.0,181.352,-0.025199756337926482
181.55173665874045,0.0,181.818,0.05105289425335657
182.0172539322244,0.0,182.284,-0.02302113514969828
182.48277120570836,0.0,182.75,-0.02302113514969828
182.94828847919229,0.0,183.214,-0.02302113514969828
183.41380575267624,0.0,183.679,-0.027378377526154685
183.8793230261602,0.0,184.141,0.011837193434794058
184.34484029964415,0.0,184.604,0.02055180804532064
184.8103575731281,0.0,185.074,0.4475671448154386
185.27587484661206,0.0,185.537,0.016194565668864236
185.741392120096,0.0,185.999,-0.0164851417273999
186.20690939357993,0.0,186.469,0.011837193434794058
186.6724266670639,0.0,186.935,-0.025199756337926482
187.13794394054784,0.0,187.397,0.04669565187690017
187.6034612140318,0.0,187.863,0.022730559091162617
188.06897848751575,0.0,188.33,0.04669565187690017
188.5344957609997,0.0,188.795,0.016194565668864236
189.00001303448366,0.0,189.256,0.0837327315072347
189.46553030796758,0.0,189.722,0.029266422655847224
189.93104758145154,0.0,190.188,0.07501811689670812
190.3965648549355,0.0,190.654,0.011837193434794058
190.86208212841944,0.0,191.114,-0.02302113514969828
191.3275994019034,0.0,191.584,-0.04262898555897965
191.79311667538735,0.0,192.044,0.029266422655847224
192.2586339488713,0.0,192.514,-0.025199756337926482
192.72415122235523,0.0,192.977,0.011837193434794058
193.1896684958392,0.0,193.44,0.08591135269546268
193.65518576932314,0.0,193.906,-0.027378377526154685
194.1207030428071,0.0,194.369,-0.003413284740417133
194.58622031629105,0.0,194.835,-0.025199756337926482
195.051737589775,0.0,195.3,0.05105289425335657
195.51725486325896,0.0,195.766,0.029266422655847224
195.98277213674288,0.0,196.234,0.016194565668864236
196.44828941022683,0.0,196.699,-0.03609299213668127
196.9138066837108,0.0,197.159,-0.025199756337926482
197.37932395719474,0.0,197.624,0.02490918027939082
197.8448412306787,0.0,198.092,0.01837318685709244
198.31035850416265,0.0,198.554,0.02055180804532064
198.7758757776466,0.0,199.025,0.022730559091162617
199.24139305113053,0.0,199.488,-0.027378377526154685
199.70691032461448,0.0,199.959,-0.1777051873781066
200.17242759809844,0.0,200.414,-0.027378377526154685
200.6379448715824,0.0,200.88,-0.018663892773242097
201.10346214506635,0.0,201.344,-0.0164851417273999
201.5689794185503,0.0,201.81,0.02055180804532064
202.03449669203425,0.0,202.277,0.02708780146761902
202.50001396551818,0.0,202.743,0.011837193434794058
202.96553123900213,0.0,203.207,0.029266422655847224
203.4310485124861,0.0,203.673,0.02055180804532064
203.89656578597004,0.0,204.14,-0.02302113514969828
204.362083059454,0.0,204.603,-0.02302113514969828
204.82760033293795,0.0,205.071,-0.03173574976022486
205.2931176064219,0.0,205.533,-0.03173574976022486
205.75863487990583,0.0,205.996,0.02055180804532064
206.22415215338978,0.0,206.465,-0.025199756337926482
206.68966942687373,0.0,206.924,-0.0164851417273999
207.1551867003577,0.0,207.394,-0.0164851417273999
207.62070397384164,0.0,207.859,-0.020842513961470077
208.0862212473256,0.0,208.325,0.011837193434794058
208.55173852080955,0.0,208.791,-0.012127899350943716
209.01725579429348,0.0,209.255,0.009658572246565855
209.48277306777743,0.0,209.721,-0.038271743182523243
209.94829034126138,0.0,210.185,-0.027378377526154685
210.41380761474534,0.0,210.644,-0.02955712857199666
210.8793248882293,0.0,211.115,-0.03173574976022486
211.34484216171325,0.0,211.577,-0.025199756337926482
211.8103594351972,0.0,212.04,0.022730559091162617
212.27587670868112,0.0,212.51,-0.16027608801466742
212.74139398216508,0.0,212.974,-0.033914370948453065
213.20691125564903,0.0,213.436,-0.007770527116873316
213.672428529133,0.0,213.902,0.011837193434794058
214.13794580261694,0.0,214.37,0.014015944480636033
214.6034630761009,0.0,214.835,0.011837193434794058
215.06898034958485,0.0,215.296,0.022730559091162617
215.5344976230688,0.0,215.761,0.02055180804532064
216.00001489655273,0.0,216.229,0.029266422655847224
216.46553217003668,0.0,216.694,-0.027378377526154685
216.93104944352064,0.0,217.159,-0.02302113514969828
217.3965667170046,0.0,217.624,-0.03609299213668127
217.86208399048854,0.0,218.085,0.02708780146761902
218.3276012639725,0.0,218.555,0.029266422655847224
218.79311853745645,0.0,219.018,-0.05134360016950623
219.25863581094038,0.0,219.48,-0.0164851417273999
219.72415308442433,0.0,219.946,0.02490918027939082
220.18967035790828,0.0,220.412,-0.027378377526154685
220.65518763139224,0.0,220.877,-0.027378377526154685
221.1207049048762,0.0,221.344,-0.02955712857199666
221.58622217836015,0.0,221.81,0.14909214629976297
222.0517394518441,0.0,222.27,0.029266422655847224
222.51725672532802,0.0,222.736,-0.020842513961470077
222.98277399881198,0.0,223.203,-0.027378377526154685
223.44829127229593,0.0,223.669,0.04015965845460179
223.9138085457799,0.0,224.129,0.011837193434794058
224.37932581926384,0.0,224.599,0.022730559091162617
224.8448430927478,0.0,225.062,-0.02955712857199666
225.31036036623175,0.0,225.525,-0.018663892773242097
225.77587763971567,0.0,225.996,0.009658572246565855
226.24139491319963,0.0,226.458,0.011837193434794058
226.70691218668358,0.0,226.924,-0.025199756337926482
227.17242946016754,0.0,227.387,0.016194565668864236
227.6379467336515,0.0,227.853,0.02055180804532064
228.10346400713544,0.0,228.317,0.0031227086818812477
228.5689812806194,0.0,228.783,-0.018663892773242097
229.03449855410332,0.0,229.248,-0.02302113514969828
229.50001582758728,0.0,229.713,-0.046986227935436053
229.96553310107123,0.0,230.178,-0.0164851417273999
230.43105037455518,0.0,230.644,0.037981037266373585
230.89656764803914,0.0,231.106,-0.018663892773242097
231.3620849215231,0.0,231.569,0.02055180804532064
231.82760219500705,0.0,232.04,0.009658572246565855
232.29311946849097,0.0,232.503,0.02055180804532064
232.75863674197493,0.0,232.966,0.06848212347440974
233.22415401545888,0.0,233.429,0.02490918027939082
233.68967128894283,0.0,233.894,-0.0164851417273999
234.1551885624268,0.0,234.359,-0.009949278162715514
234.62070583591074,0.0,234.825,0.02490918027939082
235.0862231093947,0.0,235.292,-0.027378377526154685
235.55174038287862,0.0,235.758,0.05105289425335657
236.01725765636257,0.0,236.221,-0.027378377526154685
236.48277492984653,0.0,236.687,0.02055180804532064
236.94829220333048,0.0,237.151,-0.012127899350943716
237.41380947681444,0.0,237.617,0.009658572246565855
237.8793267502984,0.0,238.085,0.011837193434794058
238.34484402378234,0.0,238.547,0.01837318685709244
238.81036129726627,0.0,239.01,0.07501811689670812
239.27587857075022,0.0,239.48,-0.02955712857199666
239.74139584423418,0.0,239.939,-0.020842513961470077
240.20691311771813,0.0,240.409,0.02055180804532064
240.67243039120208,0.0,240.875,-0.027378377526154685
241.13794766468604,0.0,241.34,-0.0164851417273999
241.60346493817,0.0,241.806,0.04669565187690017
242.06898221165392,0.0,242.27,0.0009439576360392721
242.53449948513787,0.0,242.729,0.016194565668864236
243.00001675862183,0.0,243.196,0.06630350228618154
243.46553403210578,0.0,243.662,0.037981037266373585
243.93105130558973,0.0,244.13,0.011837193434794058
244.3965685790737,0.0,244.592,-0.02302113514969828
244.86208585255764,0.0,245.055,0.009658572246565855
245.32760312604157,0.0,245.525,-0.025199756337926482
245.79312039952552,0.0,245.988,0.016194565668864236
246.25863767300947,0.0,246.451,-0.027378377526154685
246.72415494649343,0.0,246.917,0.022730559091162617
247.18967221997738,0.0,247.38,0.01837318685709244
247.65518949346134,0.0,247.846,0.029266422655847224
248.1207067669453,0.0,248.31,-0.027378377526154685
248.58622404042922,0.0,248.776,0.02055180804532064
249.05174131391317,0.0,249.241,0.02055180804532064
249.51725858739712,0.0,249.707,-0.025199756337926482
249.98277586088108,0.0,250.174,-0.05787946373419062
250.44829313436503,0.0,250.64,-0.003413284740417133
250.91381040784898,0.0,251.103,0.022730559091162617
251.37932768133294,0.0,251.565,0.011837193434794058
251.84484495481686,0.0,252.033,0.022730559091162617
252.31036222830082,0.0,252.495,-0.025199756337926482
252.77587950178477,0.0,252.959,0.04015965845460179
253.24139677526873,0.0,253.429,0.07501811689670812
253.70691404875268,0.0,253.894,0.01837318685709244
254.17243132223663,0.0,254.36,0.2732751123201351
254.6379485957206,0.0,254.825,-0.02302113514969828
255.1034658692045,0.0,255.285,0.029266422655847224
255.56898314268847,0.0,255.751,-0.03173574976022486
256.0345004161724,0.0,256.218,0.016194565668864236
256.5000176896564,0.0,256.684,-0.027378377526154685
256.9655349631403,0.0,257.148,-0.0012346635521889304
257.4310522366243,0.0,257.614,0.02055180804532064
257.89656951010824,0.0,258.077,-0.0164851417273999
258.3620867835922,0.0,258.539,-0.027378377526154685
258.82760405707614,0.0,259.01,-0.025199756337926482
259.2931213305601,0.0,259.473,0.02708780146761902
259.75863860404405,0.0,259.939,-0.027378377526154685
260.22415587752795,0.0,260.402,-0.046986227935436053
260.6896731510119,0.0,260.868,0.022730559091162617
261.15519042449586,0.0,261.332,0.022730559091162617
261.6207076979798,0.0,261.798,0.016194565668864236
262.08622497146376,0.0,262.263,-0.03173574976022486
262.5517422449477,0.0,262.729,-0.009949278162715514
263.0172595184317,0.0,263.196,-0.027378377526154685
263.4827767919156,0.0,263.654,-0.027378377526154685
263.9482940653996,0.0,264.122,-0.025199756337926482
264.41381133888353,0.0,264.585,0.022730559091162617
264.8793286123675,0.0,265.055,-0.027378377526154685
265.34484588585144,0.0,265.518,0.022730559091162617
265.8103631593354,0.0,265.981,-0.027378377526154685
266.27588043281935,0.0,266.444,0.031445043844075204
266.74139770630325,0.0,266.909,0.029266422655847224
267.2069149797872,0.0,267.381,-0.005591905928645335
267.67243225327115,0.0,267.839,0.029266422655847224
268.1379495267551,0.0,268.304,0.011837193434794058
268.60346680023906,0.0,268.769,-0.038271743182523243
269.068984073723,0.0,269.236,-0.0164851417273999
269.53450134720697,0.0,269.702,-0.0164851417273999
270.0000186206909,0.0,270.167,0.04015965845460179
270.4655358941749,0.0,270.633,0.016194565668864236
270.93105316765883,0.0,271.096,-0.027378377526154685
271.3965704411428,0.0,271.559,0.029266422655847224
271.86208771462674,0.0,272.029,0.1425561528774646
272.3276049881107,0.0,272.492,0.016194565668864236
272.79312226159465,0.0,272.955,-0.0164851417273999
273.25863953507854,0.0,273.425,-0.025199756337926482
273.7241568085625,0.0,273.884,-0.02302113514969828
274.18967408204645,0.0,274.355,-0.025199756337926482
274.6551913555304,0.0,274.821,0.02055180804532064
275.12070862901436,0.0,275.28,-0.0164851417273999
275.5862259024983,0.0,275.746,-0.027378377526154685
276.05174317598227,0.0,276.211,-0.027378377526154685
276.5172604494662,0.0,276.677,0.016194565668864236
276.9827777229502,0.0,277.14,0.02490918027939082
277.44829499643413,0.0,277.61,0.0031227086818812477
277.9138122699181,0.0,278.074,0.009658572246565855
278.37932954340204,0.0,278.536,0.01837318685709244
278.844846816886,0.0,278.999,-0.009949278162715514
279.31036409036994,0.0,279.469,-0.025199756337926482
279.77588136385384,0.0,279.935,-0.08402330756577037
280.2413986373378,0.0,280.398,0.011837193434794058
280.70691591082175,0.0,280.864,-0.025199756337926482
281.1724331843057,0.0,281.33,0.031445043844075204
281.63795045778966,0.0,281.795,0.02055180804532064
282.1034677312736,0.0,282.256,-0.09927391559859533
282.56898500475756,0.0,282.721,0.011837193434794058
283.0345022782415,0.0,283.189,0.02055180804532064
283.5000195517255,0.0,283.654,-0.018663892773242097
283.9655368252094,0.0,284.118,-0.027378377526154685
284.4310540986934,0.0,284.58,0.02055180804532064
284.89657137217733,0.0,285.048,0.02055180804532064
285.3620886456613,0.0,285.51,0.02055180804532064
285.82760591914524,0.0,285.978,0.022730559091162617
286.29312319262914,0.0,286.44,-0.027378377526154685
286.7586404661131,0.0,286.906,0.044517030688671966
287.22415773959705,0.0,287.369,-0.02955712857199666
287.689675013081,0.0,287.835,0.09026859507191909
288.15519228656495,0.0,288.3,0.02490918027939082
288.6207095600489,0.0,288.766,0.02490918027939082
289.08622683353286,0.0,289.233,-0.027378377526154685
289.5517441070168,0.0,289.698,-0.0164851417273999
290.01726138050077,0.0,290.163,0.0009439576360392721
290.4827786539847,0.0,290.628,-0.03609299213668127
290.9482959274687,0.0,291.089,0.022730559091162617
291.41381320095263,0.0,291.558,-0.027378377526154685
291.8793304744366,0.0,292.022,0.02055180804532064
292.34484774792054,0.0,292.484,-0.033914370948453065
292.8103650214045,0.0,292.955,-0.07966606518931396
293.2758822948884,0.0,293.417,-0.053522221357734434
293.74139956837234,0.0,293.883,0.02055180804532064
294.2069168418563,0.0,294.347,0.06848212347440974
294.67243411534025,0.0,294.813,0.02055180804532064
295.1379513888242,0.0,295.278,0.031445043844075204
295.60346866230816,0.0,295.744,-0.03609299213668127
296.0689859357921,0.0,296.211,-0.13631086537131587
296.53450320927607,0.0,296.669,0.0031227086818812477
297.00002048276,0.0,297.137,-0.03609299213668127
297.465537756244,0.0,297.599,-0.027378377526154685
297.93105502972793,0.0,298.07,-0.060058214780032815
298.3965723032119,0.0,298.532,-0.020842513961470077
298.86208957669584,0.0,298.996,0.01837318685709244
299.3276068501798,0.0,299.466,0.022730559091162617
299.7931241236637,0.0,299.924,0.022730559091162617
300.25864139714764,0.0,300.394,-0.012127899350943716
300.7241586706316,0.0,300.86,0.05541026648742675
301.18967594411555,0.0,301.325,0.02055180804532064
301.6551932175995,0.0,301.791,-0.07313007176701558
302.12071049108346,0.0,302.255,-0.025199756337926482
302.5862277645674,0.0,302.714,-0.027378377526154685
303.05174503805137,0.0,303.181,0.011837193434794058
303.5172623115353,0.0,303.647,-0.027378377526154685
303.9827795850193,0.0,304.115,-0.04262898555897965
304.4482968585032,0.0,304.577,0.02055180804532064
304.9138141319872,0.0,305.04,-0.027378377526154685
305.37933140547113,0.0,305.51,0.02708780146761902
305.8448486789551,0.0,305.974,-0.025199756337926482
306.310365952439,0.0,306.436,0.029266422655847224
306.77588322592294,0.0,306.902,-0.0164851417273999
307.2414004994069,0.0,307.369,0.022730559091162617
307.70691777289085,0.0,307.835,-0.03609299213668127
308.1724350463748,0.0,308.3,-0.03609299213668127
308.63795231985875,0.0,308.766,0.0031227086818812477
309.1034695933427,0.0,309.225,0.0031227086818812477
309.56898686682666,0.0,309.691,-0.03173574976022486
310.0345041403106,0.0,310.156,-0.02302113514969828
310.50002141379457,0.0,310.621,0.15780676091028956
310.9655386872785,0.0,311.084,-0.05134360016950623
311.4310559607625,0.0,311.554,0.022730559091162617
311.89657323424643,0.0,312.015,-0.012127899350943716
312.3620905077304,0.0,312.485,0.00530132987010945
312.8276077812143,0.0,312.955,0.029266422655847224
313.29312505469824,0.0,313.41,0.02055180804532064
313.7586423281822,0.0,313.876,-0.033914370948453065
314.22415960166614,0.0,314.34,-0.0164851417273999
314.6896768751501,0.0,314.806,-0.018663892773242097
315.15519414863405,0.0,315.27,-0.0164851417273999
315.620711422118,0.0,315.736,0.02055180804532064
316.08622869560196,0.0,316.203,-0.025199756337926482
316.5517459690859,0.0,316.669,0.016194565668864236
317.01726324256987,0.0,317.132,-0.02955712857199666
317.4827805160538,0.0,317.595,0.07283949570847992
317.9482977895378,0.0,318.062,0.06194613005211136
318.41381506302173,0.0,318.525,0.01837318685709244
318.8793323365057,0.0,318.996,0.01837318685709244
319.3448496099896,0.0,319.458,0.02055180804532064
319.81036688347353,0.0,319.924,-0.027378377526154685
320.2758841569575,0.0,320.387,0.01837318685709244
320.74140143044144,0.0,320.853,-0.03173574976022486
321.2069187039254,0.0,321.318,-0.027378377526154685
321.67243597740935,0.0,321.783,0.037981037266373585
322.1379532508933,0.0,322.247,-0.02302113514969828
322.60347052437726,0.0,322.713,0.09244721626014729
323.0689877978612,0.0,323.177,0.10987644548120046
323.53450507134517,0.0,323.643,0.01837318685709244
324.0000223448291,0.0,324.107,-0.3607117046263226
324.4655396183131,0.0,324.569,0.011837193434794058
324.931056891797,0.0,325.04,0.031445043844075204
325.396574165281,0.0,325.502,-0.2866376752232678
325.8620914387649,0.0,325.966,0.029266422655847224
326.32760871224883,0.0,326.429,0.2514886407226258
326.7931259857328,0.0,326.894,-0.003413284740417133
327.25864325921674,0.0,327.359,-0.025199756337926482
327.7241605327007,0.0,327.826,0.007479951058337653
328.18967780618465,0.0,328.293,0.0336237948899174
328.6551950796686,0.0,328.759,-0.07966606518931396
329.12071235315256,0.0,329.225,0.01837318685709244
329.5862296266365,0.0,329.684,0.02055180804532064
330.05174690012046,0.0,330.156,-0.16027608801466742
330.5172641736044,0.0,330.614,-0.2604939612493018
330.98278144708837,0.0,331.084,0.022730559091162617
331.4482987205723,0.0,331.547,-0.02955712857199666
331.9138159940563,0.0,332.01,0.01837318685709244
332.3793332675402,0.0,332.481,-0.4761801858937822
332.84485054102413,0.0,332.939,0.011837193434794058
333.3103678145081,0.0,333.409,-0.027378377526154685
333.77588508799204,0.0,333.875,0.011837193434794058
334.241402361476,0.0,334.34,0.029266422655847224
334.70691963495995,0.0,334.799,0.011837193434794058
335.1724369084439,0.0,335.266,-0.4086420200554117
335.63795418192785,0.0,335.731,0.037981037266373585
336.1034714554118,0.0,336.196,0.01837318685709244
336.56898872889576,0.0,336.662,-0.027378377526154685
337.0345060023797,0.0,337.125,0.029266422655847224
337.50002327586367,0.0,337.595,-0.0164851417273999
337.9655405493476,0.0,338.056,0.00530132987010945
338.4310578228316,0.0,338.526,0.02055180804532064
338.89657509631553,0.0,338.988,0.1861292259300973
339.3620923697994,0.0,339.451,-0.020842513961470077
339.8276096432834,0.0,339.916,0.02055180804532064
340.29312691676733,0.0,340.38,-0.027378377526154685
340.7586441902513,0.0,340.846,0.02055180804532064
341.22416146373524,0.0,341.31,0.0336237948899174
341.6896787372192,0.0,341.776,0.02055180804532064
342.15519601070315,0.0,342.243,0.011837193434794058
342.6207132841871,0.0,342.709,-0.1668119515793518
343.08623055767106,0.0,343.174,-0.1624547092028954
343.551747831155,0.0,343.639,-0.027378377526154685
344.01726510463897,0.0,344.1,0.02055180804532064
344.4827823781229,0.0,344.569,-0.02955712857199666
344.9482996516069,0.0,345.029,-0.0164851417273999
345.4138169250908,0.0,345.499,0.022730559091162617
345.8793341985747,0.0,345.96,-0.025199756337926482
346.3448514720587,0.0,346.429,0.00530132987010945
346.81036874554263,0.0,346.895,-0.012127899350943716
347.2758860190266,0.0,347.355,0.029266422655847224
347.74140329251054,0.0,347.82,0.016194565668864236
348.2069205659945,0.0,348.285,-0.3062455256325489
348.67243783947845,0.0,348.751,-0.018663892773242097
349.1379551129624,0.0,349.218,-0.0665940783447172
349.60347238644636,0.0,349.684,-0.025199756337926482
350.0689896599303,0.0,350.144,0.01837318685709244
350.53450693341426,0.0,350.614,0.02708780146761902
351.0000242068982,0.0,351.077,-0.027378377526154685
351.46554148038217,0.0,351.54,0.031445043844075204
351.9310587538661,0.0,352.01,0.16434275433258794
352.39657602735,0.0,352.473,0.016194565668864236
352.862093300834,0.0,352.939,-0.0164851417273999
353.32761057431793,0.0,353.402,0.02055180804532064
353.7931278478019,0.0,353.868,0.011837193434794058
354.25864512128584,0.0,354.332,0.01837318685709244
354.7241623947698,0.0,354.798,-0.02302113514969828
355.18967966825375,0.0,355.263,-0.0164851417273999
355.6551969417377,0.0,355.729,0.029266422655847224
356.12071421522165,0.0,356.189,-0.020842513961470077
356.5862314887056,0.0,356.654,-0.03173574976022486
357.05174876218956,0.0,357.122,-0.018663892773242097
357.5172660356735,0.0,357.584,0.022730559091162617
357.98278330915747,0.0,358.052,0.1774146113195707
358.4483005826414,0.0,358.514,0.02055180804532064
358.9138178561253,0.0,358.985,0.01837318685709244
359.3793351296093,0.0,359.447,0.022730559091162617
359.8448524030932,0.0,359.913,-0.025199756337926482
360.3103696765772,0.0,360.379,0.011837193434794058
360.77588695006114,0.0,360.845,-0.027378377526154685
361.2414042235451,0.0,361.31,-0.027378377526154685
361.70692149702904,0.0,361.769,-0.025199756337926482
362.172438770513,0.0,362.241,0.029266422655847224
362.63795604399695,0.0,362.699,-0.007770527116873316
363.1034733174809,0.0,363.166,-0.0665940783447172
363.56899059096486,0.0,363.632,0.02055180804532064
364.0345078644488,0.0,364.095,-0.025199756337926482
364.50002513793277,0.0,364.566,-0.02955712857199666
364.9655424114167,0.0,365.026,0.011837193434794058
365.4310596849006,0.0,365.495,-0.025199756337926482
365.89657695838457,0.0,365.959,0.029266422655847224
366.3620942318685,0.0,366.421,-0.025199756337926482
366.8276115053525,0.0,366.887,0.16434275433258794
367.29312877883643,0.0,367.354,-0.027378377526154685
367.7586460523204,0.0,367.82,0.02055180804532064
368.22416332580434,0.0,368.284,0.011837193434794058
368.6896805992883,0.0,368.75,0.02055180804532064
369.15519787277225,0.0,369.214,0.0336237948899174
369.6207151462562,0.0,369.68,-0.027378377526154685
370.08623241974016,0.0,370.144,0.01837318685709244
370.5517496932241,0.0,370.606,0.01837318685709244
371.01726696670806,0.0,371.07,0.02055180804532064
371.482784240192,0.0,371.539,-0.03173574976022486
371.9483015136759,0.0,372.003,0.016194565668864236
372.41381878715987,0.0,372.465,-0.03609299213668127
372.8793360606438,0.0,372.931,-0.027378377526154685
373.3448533341278,0.0,373.394,0.02055180804532064
373.81037060761173,0.0,373.859,-0.007770527116873316
374.2758878810957,0.0,374.325,0.011837193434794058
374.74140515457964,0.0,374.791,0.0009439576360392721
375.2069224280636,0.0,375.258,0.04015965845460179
375.67243970154755,0.0,375.724,0.02490918027939082
376.1379569750315,0.0,376.189,0.009658572246565855
376.60347424851545,0.0,376.654,-0.025199756337926482
377.0689915219994,0.0,377.118,0.00530132987010945
377.53450879548336,0.0,377.58,-0.027378377526154685
378.0000260689673,0.0,378.044,0.029266422655847224
378.4655433424512,0.0,378.514,-0.0164851417273999
378.93106061593517,0.0,378.974,-0.0164851417273999
379.3965778894191,0.0,379.443,0.029266422655847224
379.8620951629031,0.0,379.909,0.022730559091162617
380.327612436387,0.0,380.373,0.16434275433258794
380.793129709871,0.0,380.838,0.029266422655847224
381.25864698335494,0.0,381.303,0.02055180804532064
381.7241642568389,0.0,381.768,0.011837193434794058
382.18968153032284,0.0,382.234,-0.033914370948453065
382.6551988038068,0.0,382.699,-0.0164851417273999
383.12071607729075,0.0,383.159,0.02490918027939082
383.5862333507747,0.0,383.625,-0.02955712857199666
384.05175062425866,0.0,384.092,-0.05134360016950623
384.5172678977426,0.0,384.555,-0.025199756337926482
384.98278517122657,0.0,385.025,-0.027378377526154685
385.44830244471046,0.0,385.488,0.007479951058337653
385.9138197181944,0.0,385.959,0.031445043844075204
386.3793369916784,0.0,386.414,-0.0164851417273999
386.8448542651623,0.0,386.879,0.022730559091162617
387.3103715386463,0.0,387.344,0.029266422655847224
387.77588881213023,0.0,387.81,0.007479951058337653
388.2414060856142,0.0,388.276,-0.13848948655954407
388.70692335909814,0.0,388.741,0.02055180804532064
389.1724406325821,0.0,389.207,-0.13848948655954407
389.63795790606605,0.0,389.673,-0.012127899350943716
390.10347517955,0.0,390.136,0.06194613005211136
390.56899245303396,0.0,390.599,-0.007770527116873316
391.0345097265179,0.0,391.07,-0.0164851417273999
391.50002700000186,0.0,391.532,0.0336237948899174
391.96554427348576,0.0,391.996,-0.025199756337926482
392.4310615469697,0.0,392.466,0.02055180804532064
392.89657882045367,0.0,392.924,0.02055180804532064
393.3620960939376,0.0,393.394,0.02055180804532064
393.8276133674216,0.0,393.86,0.011837193434794058
394.29313064090553,0.0,394.325,0.009658572246565855
394.7586479143895,0.0,394.791,-0.025199756337926482
395.22416518787344,0.0,395.256,0.21880893332636164
395.6896824613574,0.0,395.714,0.04669565187690017
396.15519973484135,0.0,396.181,-0.02955712857199666
396.6207170083253,0.0,396.646,-0.018663892773242097
397.08623428180925,0.0,397.114,-0.018663892773242097
397.5517515552932,0.0,397.577,0.02490918027939082
398.01726882877716,0.0,398.04,-0.027378377526154685
398.48278610226106,0.0,398.51,0.011837193434794058
398.948303375745,0.0,398.973,0.029266422655847224
399.41382064922897,0.0,399.436,0.011837193434794058
399.8793379227129,0.0,399.902,-0.02302113514969828
400.3448551961969,0.0,400.366,0.011837193434794058
400.81037246968083,0.0,400.831,-0.027378377526154685
401.2758897431648,0.0,401.298,0.007479951058337653
401.74140701664874,0.0,401.764,-0.027378377526154685
402.2069242901327,0.0,402.229,-0.0164851417273999
402.67244156361664,0.0,402.695,0.009658572246565855
403.1379588371006,0.0,403.155,-0.025199756337926482
403.60347611058455,0.0,403.621,0.007479951058337653
404.0689933840685,0.0,404.084,-0.005591905928645335
404.53451065755246,0.0,404.555,0.4236019221720868
405.00002793103636,0.0,405.018,0.02490918027939082
405.4655452045203,0.0,405.48,0.016194565668864236
405.93106247800426,0.0,405.947,-0.05787946373419062
406.3965797514882,0.0,406.411,-0.025199756337926482
406.8620970249722,0.0,406.877,0.05541026648742675
407.3276142984561,0.0,407.344,0.05323164529919855
407.7931315719401,0.0,407.81,0.01837318685709244
408.25864884542403,0.0,408.27,-0.02302113514969828
408.724166118908,0.0,408.735,-0.020842513961470077
409.18968339239194,0.0,409.199,-0.027378377526154685
409.6552006658759,0.0,409.665,-0.02302113514969828
410.12071793935985,0.0,410.133,0.029266422655847224
410.5862352128438,0.0,410.595,0.011837193434794058
411.05175248632776,0.0,411.059,0.0336237948899174
411.51726975981165,0.0,411.529,-0.012127899350943716
411.9827870332956,0.0,411.992,0.02055180804532064
412.44830430677956,0.0,412.455,-0.025199756337926482
412.9138215802635,0.0,412.921,0.007479951058337653
413.37933885374747,0.0,413.384,0.06194613005211136
413.8448561272314,0.0,413.849,-0.007770527116873316
414.3103734007154,0.0,414.314,-0.027378377526154685
414.77589067419933,0.0,414.78,0.01837318685709244
415.2414079476833,0.0,415.248,0.029266422655847224
415.70692522116724,0.0,415.713,0.016194565668864236
416.1724424946512,0.0,416.178,0.0031227086818812477
416.63795976813515,0.0,416.644,-0.018663892773242097
417.1034770416191,0.0,417.107,0.011837193434794058
417.56899431510305,0.0,417.569,0.00530132987010945
418.03451158858695,0.0,418.04,-0.48489480050430855
418.5000288620709,0.0,418.503,-0.027378377526154685
418.96554613555486,0.0,418.966,0.009658572246565855
419.4310634090388,0.0,419.436,0.05541026648742675
419.89658068252277,0.0,419.894,0.037981037266373585
420.3620979560067,0.0,420.359,0.011837193434794058
420.8276152294907,0.0,420.825,0.02055180804532064
421.29313250297463,0.0,421.291,-0.020842513961470077
421.7586497764586,0.0,421.757,0.02055180804532064
422.22416704994254,0.0,422.221,0.02708780146761902
422.6896843234265,0.0,422.687,0.01837318685709244
423.15520159691044,0.0,423.152,-0.02955712857199666
423.6207188703944,0.0,423.618,-0.018663892773242097
424.08623614387835,0.0,424.085,-0.025199756337926482
424.55175341736225,0.0,424.548,0.02055180804532064
425.0172706908462,0.0,425.011,-0.033914370948453065
425.48278796433016,0.0,425.48,0.029266422655847224
425.9483052378141,0.0,425.946,0.011837193434794058
426.41382251129806,0.0,426.404,0.016194565668864236
426.879339784782,0.0,426.87,-0.027378377526154685
427.344857058266,0.0,427.336,0.01837318685709244
427.8103743317499,0.0,427.802,-0.03609299213668127
428.2758916052339,0.0,428.266,0.02055180804532064
428.74140887871783,0.0,428.732,0.0009439576360392721
429.2069261522018,0.0,429.196,-0.0012346635521889304
429.67244342568574,0.0,429.661,-0.012127899350943716
430.1379606991697,0.0,430.129,-0.02302113514969828
430.60347797265365,0.0,430.591,0.0009439576360392721
431.0689952461376,0.0,431.059,-0.025199756337926482
431.5345125196215,0.0,431.521,0.009658572246565855
432.00002979310545,0.0,431.985,-0.064415457156489
432.4655470665894,0.0,432.455,0.011837193434794058
432.93106434007336,0.0,432.92,-0.0012346635521889304
433.3965816135573,0.0,433.384,0.029266422655847224
433.86209888704127,0.0,433.849,0.011837193434794058
434.3276161605252,0.0,434.315,-0.025199756337926482
434.7931334340092,0.0,434.78,0.029266422655847224
435.25865070749313,0.0,435.24,0.029266422655847224
435.7241679809771,0.0,435.706,-0.027378377526154685
436.18968525446104,0.0,436.17,-0.012127899350943716
436.655202527945,0.0,436.636,0.01837318685709244
437.12071980142895,0.0,437.099,0.007479951058337653
437.5862370749129,0.0,437.569,0.031445043844075204
438.0517543483968,0.0,438.033,-0.025199756337926482
438.51727162188075,0.0,438.495,0.011837193434794058
438.9827888953647,0.0,438.959,-0.020842513961470077
439.44830616884866,0.0,439.429,0.011837193434794058
439.9138234423326,0.0,439.894,-0.005591905928645335
440.37934071581657,0.0,440.359,-0.02302113514969828
440.8448579893005,0.0,440.824,-0.02302113514969828
441.3103752627845,0.0,441.288,-0.03173574976022486
441.77589253626843,0.0,441.754,-0.027378377526154685
442.2414098097524,0.0,442.218,-0.027378377526154685
442.70692708323634,0.0,442.684,0.0336237948899174
443.1724443567203,0.0,443.152,0.01837318685709244
443.63796163020425,0.0,443.61,0.022730559091162617
444.1034789036882,0.0,444.077,-0.0012346635521889304
444.5689961771721,0.0,444.54,0.02708780146761902
445.03451345065605,0.0,445.007,0.00530132987010945
445.50003072414,0.0,445.469,0.02055180804532064
445.96554799762396,0.0,445.935,-0.027378377526154685
446.4310652711079,0.0,446.405,0.022730559091162617
446.89658254459187,0.0,446.871,-0.027378377526154685
447.3620998180758,0.0,447.33,-0.012127899350943716
447.8276170915598,0.0,447.795,0.029266422655847224
448.2931343650437,0.0,448.263,-0.0164851417273999
448.7586516385277,0.0,448.729,0.02055180804532064
449.22416891201163,0.0,449.196,0.02708780146761902
449.6896861854956,0.0,449.654,0.01837318685709244
450.15520345897954,0.0,450.122,0.029266422655847224
450.6207207324635,0.0,450.585,0.022730559091162617
451.0862380059474,0.0,451.055,0.04669565187690017
451.55175527943135,0.0,451.517,0.011837193434794058
452.0172725529153,0.0,451.985,0.0031227086818812477
452.48278982639926,0.0,452.447,-0.018663892773242097
452.9483070998832,0.0,452.913,-0.020842513961470077
453.41382437336716,0.0,453.379,0.009658572246565855
453.8793416468511,0.0,453.845,-0.027378377526154685
454.34485892033507,0.0,454.304,-0.025199756337926482
454.810376193819,0.0,454.77,0.02708780146761902
455.275893467303,0.0,455.236,-0.02302113514969828
455.74141074078693,0.0,455.701,0.05105289425335657
456.2069280142709,0.0,456.166,0.057588887675654954
456.67244528775484,0.0,456.632,0.02055180804532064
457.1379625612388,0.0,457.1,0.029266422655847224
457.6034798347227,0.0,457.562,-0.3062455256325489
458.06899710820664,0.0,458.025,0.01837318685709244
458.5345143816906,0.0,458.495,-0.018663892773242097
459.00003165517455,0.0,458.959,0.02055180804532064
459.4655489286585,0.0,459.421,-0.0164851417273999
459.93106620214246,0.0,459.887,0.00530132987010945
460.3965834756264,0.0,460.355,0.02490918027939082
460.86210074911037,0.0,460.82,0.011837193434794058
461.3276180225943,0.0,461.285,0.014015944480636033
461.7931352960783,0.0,461.751,-0.025199756337926482
462.25865256956223,0.0,462.211,0.029266422655847224
462.7241698430462,0.0,462.676,0.029266422655847224
463.18968711653014,0.0,463.144,-0.03173574976022486
463.6552043900141,0.0,463.607,-0.0164851417273999
464.120721663498,0.0,464.07,0.02055180804532064
464.58623893698194,0.0,464.54,-0.025199756337926482
465.0517562104659,0.0,465.003,-0.02955712857199666
465.51727348394985,0.0,465.466,-0.02302113514969828
465.9827907574338,0.0,465.931,0.029266422655847224
466.44830803091776,0.0,466.401,0.011837193434794058
466.9138253044017,0.0,466.859,-0.027378377526154685
467.37934257788567,0.0,467.326,0.009658572246565855
467.8448598513696,0.0,467.792,-0.05134360016950623
468.3103771248536,0.0,468.258,0.0031227086818812477
468.7758943983375,0.0,468.724,-0.10798840035150792
469.2414116718215,0.0,469.189,-0.027378377526154685
469.70692894530544,0.0,469.654,-0.025199756337926482
470.1724462187894,0.0,470.118,0.02490918027939082
470.6379634922733,0.0,470.58,-0.03609299213668127
471.10348076575724,0.0,471.048,-0.046986227935436053
471.5689980392412,0.0,471.51,0.02708780146761902
472.03451531272515,0.0,471.974,-0.19731303778738774
472.5000325862091,0.0,472.443,0.057588887675654954
472.96554985969306,0.0,472.909,0.02055180804532064
473.431067133177,0.0,473.373,0.029266422655847224
473.89658440666096,0.0,473.839,0.011837193434794058
474.3621016801449,0.0,474.303,0.022730559091162617
474.82761895362887,0.0,474.768,0.022730559091162617
475.2931362271128,0.0,475.233,-0.027378377526154685
475.7586535005968,0.0,475.699,0.2994189561517149
476.22417077408073,0.0,476.159,-0.027378377526154685
476.6896880475647,0.0,476.625,0.02055180804532064
477.1552053210486,0.0,477.096,-0.025199756337926482
477.62072259453254,0.0,477.558,0.02055180804532064
478.0862398680165,0.0,478.019,-0.025199756337926482
478.55175714150045,0.0,478.489,0.016194565668864236
479.0172744149844,0.0,478.959,0.0336237948899174
479.48279168846835,0.0,479.414,0.01837318685709244
479.9483089619523,0.0,479.88,-0.10580977916327972
480.41382623543626,0.0,480.344,-0.13848948655954407
480.8793435089202,0.0,480.81,0.16434275433258794
481.34486078240417,0.0,481.277,0.0336237948899174
481.8103780558881,0.0,481.743,-0.0164851417273999
482.2758953293721,0.0,482.207,-0.060058214780032815
482.74141260285603,0.0,482.672,-0.2866376752232678
483.20692987634,0.0,483.137,-0.07966606518931396
483.67244714982394,0.0,483.599,-0.007770527116873316
484.13796442330784,0.0,484.07,-0.0164851417273999
484.6034816967918,0.0,484.532,0.022730559091162617
485.06899897027574,0.0,484.996,-0.020842513961470077
485.5345162437597,0.0,485.466,-0.25177934663877544
486.00003351724365,0.0,485.924,-0.02302113514969828
486.4655507907276,0.0,486.394,0.031445043844075204
486.93106806421156,0.0,486.86,-0.005591905928645335
487.3965853376955,0.0,487.325,-0.027378377526154685
487.86210261117947,0.0,487.784,-0.24960059559293324
488.3276198846634,0.0,488.251,-0.027378377526154685
488.7931371581474,0.0,488.716,-0.0164851417273999
489.2586544316313,0.0,489.182,0.02708780146761902
489.7241717051153,0.0,489.647,0.011837193434794058
490.18968897859924,0.0,490.11,-0.025199756337926482
490.65520625208313,0.0,490.58,0.02055180804532064
491.1207235255671,0.0,491.04,0.0009439576360392721
491.58624079905104,0.0,491.51,-0.027378377526154685
492.051758072535,0.0,491.973,0.02490918027939082
492.51727534601895,0.0,492.436,-0.7681191909871593
492.9827926195029,0.0,492.902,-0.0164851417273999
493.44830989298686,0.0,493.366,-0.03173574976022486
493.9138271664708,0.0,493.832,0.029266422655847224
494.37934443995476,0.0,494.296,0.12294830246818322
494.8448617134387,0.0,494.762,0.0009439576360392721
495.3103789869227,0.0,495.229,0.009658572246565855
495.7758962604066,0.0,495.695,0.02708780146761902
496.2414135338906,0.0,496.155,-0.02302113514969828
496.70693080737453,0.0,496.62,0.2819897269306617
497.17244808085843,0.0,497.088,0.0031227086818812477
497.6379653543424,0.0,497.551,0.02490918027939082
498.10348262782634,0.0,498.018,0.02055180804532064
498.5689999013103,0.0,498.48,-0.005591905928645335
499.03451717479425,0.0,498.946,-0.02302113514969828
499.5000344482782,0.0,499.411,0.02708780146761902
499.96555172176215,0.0,499.877,0.022730559091162617
500.4310689952461,0.0,500.345,0.022730559091162617
500.89658626873006,0.0,500.81,-0.08620192875399857
501.362103542214,0.0,501.27,0.0837327315072347
501.82762081569797,0.0,501.735,0.011837193434794058
502.2931380891819,0.0,502.2,0.02490918027939082
502.7586553626659,0.0,502.666,-0.018663892773242097
503.22417263614983,0.0,503.129,0.0009439576360392721
503.6896899096337,0.0,503.598,0.009658572246565855
504.1552071831177,0.0,504.059,0.029266422655847224
504.62072445660164,0.0,504.529,-0.02302113514969828
505.0862417300856,0.0,504.989,0.022730559091162617
505.55175900356954,0.0,505.458,-0.020842513961470077
506.0172762770535,0.0,505.924,0.02490918027939082
506.48279355053745,0.0,506.386,-0.003413284740417133
506.9483108240214,0.0,506.852,-0.018663892773242097
507.41382809750536,0.0,507.317,0.02055180804532064
507.8793453709893,0.0,507.783,0.016194565668864236
508.34486264447327,0.0,508.248,-0.005591905928645335
508.8103799179572,0.0,508.714,-0.012127899350943716
509.2758971914412,0.0,509.174,0.059767508863883156
509.7414144649251,0.0,509.639,-0.025199756337926482
510.206931738409,0.0,510.11,0.0031227086818812477
510.672449011893,0.0,510.573,-0.025199756337926482
511.13796628537693,0.0,511.04,-0.027378377526154685
511.6034835588609,0.0,511.502,-0.0164851417273999
512.0690008323448,0.0,511.966,-0.025199756337926482
512.5345181058289,0.0,512.429,-0.020842513961470077
513.0000353793127,0.0,512.894,0.02055180804532064
513.4655526527966,0.0,513.359,0.02055180804532064
513.9310699262807,0.0,513.825,-0.04262898555897965
514.3965871997646,0.0,514.292,0.022730559091162617
514.8621044732486,0.0,514.758,-0.027378377526154685
515.3276217467325,0.0,515.222,-0.027378377526154685
515.7931390202165,0.0,515.688,0.01837318685709244
516.2586562937004,0.0,516.155,-0.0164851417273999
516.7241735671844,0.0,516.621,0.07501811689670812
517.1896908406683,0.0,517.081,-0.03609299213668127
517.6552081141523,0.0,517.551,0.022730559091162617
518.1207253876362,0.0,518.014,-0.027378377526154685
518.5862426611202,0.0,518.477,0.029266422655847224
519.0517599346041,0.0,518.943,-0.027378377526154685
519.5172772080881,0.0,519.407,0.02055180804532064
519.982794481572,0.0,519.872,-0.033914370948453065
520.4483117550559,0.0,520.34,0.011837193434794058
520.9138290285399,0.0,520.805,-0.033914370948453065
521.3793463020238,0.0,521.27,-0.025199756337926482
521.8448635755078,0.0,521.729,-0.02302113514969828
522.3103808489917,0.0,522.2,-0.16899057276758
522.7758981224757,0.0,522.666,0.01837318685709244
523.2414153959596,0.0,523.129,-0.025199756337926482
523.7069326694436,0.0,523.592,0.031445043844075204
524.1724499429275,0.0,524.055,-0.033914370948453065
524.6379672164115,0.0,524.525,0.016194565668864236
525.1034844898954,0.0,524.988,-0.027378377526154685
525.5690017633794,0.0,525.451,0.02490918027939082
526.0345190368633,0.0,525.916,-0.6744372462460161
526.5000363103474,0.0,526.38,0.0031227086818812477
526.9655535838313,0.0,526.846,-0.027378377526154685
527.4310708573151,0.0,527.311,-0.027378377526154685
527.8965881307992,0.0,527.777,0.029266422655847224
528.362105404283,0.0,528.243,-0.027378377526154685
528.8276226777671,0.0,528.709,0.06630350228618154
529.293139951251,0.0,529.174,-0.018663892773242097
529.758657224735,0.0,529.639,0.009658572246565855
530.2241744982189,0.0,530.103,0.1774146113195707
530.6896917717029,0.0,530.566,0.0009439576360392721
531.1552090451868,0.0,531.033,0.011837193434794058
531.6207263186708,0.0,531.495,0.01837318685709244
532.0862435921547,0.0,531.959,0.1403775316892364
532.5517608656387,0.0,532.429,-0.02302113514969828
533.0172781391226,0.0,532.894,0.011837193434794058
533.4827954126065,0.0,533.359,-0.0164851417273999
533.9483126860905,0.0,533.824,0.011837193434794058
534.4138299595744,0.0,534.289,0.08808997388369089
534.8793472330584,0.0,534.754,0.02055180804532064
535.3448645065423,0.0,535.214,-0.033914370948453065
535.8103817800263,0.0,535.68,0.05541026648742675
536.2758990535102,0.0,536.152,0.029266422655847224
536.7414163269942,0.0,536.611,0.011837193434794058
537.2069336004781,0.0,537.081,0.02490918027939082
537.6724508739621,0.0,537.543,-0.19077717422270335
538.137968147446,0.0,538.004,0.02708780146761902
538.60348542093,0.0,538.474,-0.0164851417273999
539.0690026944139,0.0,538.94,0.01837318685709244
539.534519967898,0.0,539.403,-0.025199756337926482
540.0000372413818,0.0,539.868,0.022730559091162617
540.4655545148657,0.0,540.332,-0.027378377526154685
540.9310717883498,0.0,540.799,0.02055180804532064
541.3965890618337,0.0,541.259,-0.027378377526154685
541.8621063353177,0.0,541.725,0.011837193434794058
542.3276236088016,0.0,542.192,0.07501811689670812
542.7931408822856,0.0,542.657,0.022730559091162617
543.2586581557695,0.0,543.125,0.029266422655847224
543.7241754292535,0.0,543.588,-0.027378377526154685
544.1896927027374,0.0,544.051,0.0009439576360392721
544.6552099762214,0.0,544.514,0.02055180804532064
545.1207272497053,0.0,544.981,0.01837318685709244
545.5862445231893,0.0,545.444,-0.027378377526154685
546.0517617966732,0.0,545.91,0.02490918027939082
546.5172790701571,0.0,546.38,0.057588887675654954
546.9827963436411,0.0,546.839,0.1403775316892364
547.448313617125,0.0,547.31,0.059767508863883156
547.913830890609,0.0,547.769,0.029266422655847224
548.3793481640929,0.0,548.241,-0.062236835968260795
548.8448654375769,0.0,548.699,-0.007770527116873316
549.3103827110608,0.0,549.167,0.011837193434794058
549.7758999845448,0.0,549.632,-0.025199756337926482
550.2414172580287,0.0,550.096,0.016194565668864236
550.7069345315127,0.0,550.566,0.04669565187690017
551.1724518049966,0.0,551.029,0.19702246172885207
551.6379690784806,0.0,551.492,-0.018663892773242097
552.1034863519645,0.0,551.959,-0.025199756337926482
552.5690036254485,0.0,552.422,0.0336237948899174
553.0345208989324,0.0,552.888,-0.027378377526154685
553.5000381724163,0.0,553.354,0.007479951058337653
553.9655554459003,0.0,553.82,0.02490918027939082
554.4310727193842,0.0,554.285,0.022730559091162617
554.8965899928683,0.0,554.75,-0.025199756337926482
555.3621072663522,0.0,555.209,-0.025199756337926482
555.8276245398362,0.0,555.675,0.011837193434794058
556.2931418133201,0.0,556.144,-0.027378377526154685
556.7586590868041,0.0,556.606,-0.027378377526154685
557.224176360288,0.0,557.07,0.0009439576360392721
557.689693633772,0.0,557.54,0.02708780146761902
558.1552109072559,0.0,558.003,-0.027378377526154685
558.6207281807399,0.0,558.466,0.0031227086818812477
559.0862454542238,0.0,558.932,0.009658572246565855
559.5517627277077,0.0,559.394,-0.08402330756577037
560.0172800011917,0.0,559.86,0.02490918027939082
560.4827972746756,0.0,560.325,0.022730559091162617
560.9483145481596,0.0,560.791,-0.02302113514969828
561.4138318216435,0.0,561.255,0.037981037266373585
561.8793490951275,0.0,561.721,0.00530132987010945
562.3448663686114,0.0,562.188,-0.033914370948453065
562.8103836420954,0.0,562.654,0.011837193434794058
563.2759009155793,0.0,563.118,-0.033914370948453065
563.7414181890633,0.0,563.58,-0.03609299213668127
564.2069354625472,0.0,564.048,-0.025199756337926482
564.6724527360312,0.0,564.511,0.01837318685709244
565.1379700095151,0.0,564.974,-0.04262898555897965
565.6034872829991,0.0,565.444,0.011837193434794058
566.069004556483,0.0,565.909,-0.027378377526154685
566.5345218299669,0.0,566.373,0.016194565668864236
567.000039103451,0.0,566.839,-0.027378377526154685
567.4655563769348,0.0,567.303,0.011837193434794058
567.9310736504189,0.0,567.768,-0.027378377526154685
568.3965909239027,0.0,568.233,-0.0164851417273999
568.8621081973868,0.0,568.699,0.029266422655847224
569.3276254708707,0.0,569.159,-0.027378377526154685
569.7931427443547,0.0,569.625,0.02708780146761902
570.2586600178386,0.0,570.093,0.029266422655847224
570.7241772913226,0.0,570.556,0.02055180804532064
571.1896945648065,0.0,571.025,0.02490918027939082
571.6552118382905,0.0,571.488,0.022730559091162617
572.1207291117744,0.0,571.959,0.02055180804532064
572.5862463852583,0.0,572.414,0.011837193434794058
573.0517636587423,0.0,572.879,-0.025199756337926482
573.5172809322262,0.0,573.344,-0.025199756337926482
573.9827982057102,0.0,573.81,0.029266422655847224
574.4483154791941,0.0,574.278,-0.020842513961470077
574.9138327526781,0.0,574.743,0.011837193434794058
575.379350026162,0.0,575.204,-0.020842513961470077
575.844867299646,0.0,575.669,0.022730559091162617
576.3103845731299,0.0,576.137,-0.0164851417273999
576.7759018466139,0.0,576.599,0.016194565668864236
577.2414191200978,0.0,577.069,0.011837193434794058
577.7069363935818,0.0,577.532,0.011837193434794058
578.1724536670657,0.0,578.0,0.011837193434794058
578.6379709405497,0.0,578.462,-0.3127815190548473
579.1034882140336,0.0,578.928,-0.02302113514969828
579.5690054875175,0.0,579.39,0.25584601295669596
580.0345227610015,0.0,579.855,0.02490918027939082
580.5000400344854,0.0,580.322,0.05323164529919855
580.9655573079694,0.0,580.788,0.009658572246565855
581.4310745814533,0.0,581.255,0.022730559091162617
581.8965918549374,0.0,581.721,0.029266422655847224
582.3621091284213,0.0,582.185,0.011837193434794058
582.8276264019053,0.0,582.65,0.016194565668864236
583.2931436753892,0.0,583.114,0.02708780146761902
583.7586609488732,0.0,583.577,-0.025199756337926482
584.2241782223571,0.0,584.04,0.029266422655847224
584.6896954958411,0.0,584.51,-0.0164851417273999
585.155212769325,0.0,584.974,0.016194565668864236
585.620730042809,0.0,585.436,-0.003413284740417133
586.0862473162929,0.0,585.902,0.031445043844075204
586.5517645897768,0.0,586.366,-0.027378377526154685
587.0172818632608,0.0,586.832,0.016194565668864236
587.4827991367447,0.0,587.296,0.02708780146761902
587.9483164102287,0.0,587.762,-0.007770527116873316
588.4138336837126,0.0,588.229,0.029266422655847224
588.8793509571966,0.0,588.695,-0.02302113514969828
589.3448682306805,0.0,589.159,0.02490918027939082
589.8103855041645,0.0,589.624,-0.05134360016950623
590.2759027776484,0.0,590.085,0.02490918027939082
590.7414200511324,0.0,590.554,-0.02302113514969828
591.2069373246163,0.0,591.014,0.0031227086818812477
591.6724545981003,0.0,591.484,0.04669565187690017
592.1379718715842,0.0,591.951,-0.025199756337926482
592.6034891450681,0.0,592.414,0.029266422655847224
593.0690064185521,0.0,592.88,-0.19513441659915975
593.534523692036,0.0,593.34,-0.027378377526154685
594.00004096552,0.0,593.806,0.029266422655847224
594.4655582390039,0.0,594.271,0.02055180804532064
594.931075512488,0.0,594.736,-0.009949278162715514
595.3965927859718,0.0,595.204,0.01837318685709244
595.8621100594559,0.0,595.669,-0.025199756337926482
596.3276273329398,0.0,596.13,0.01837318685709244
596.7931446064238,0.0,596.6,0.02055180804532064
597.2586618799077,0.0,597.062,0.0837327315072347
597.7241791533917,0.0,597.525,-0.0164851417273999
598.1896964268756,0.0,597.996,-0.025199756337926482
598.6552137003596,0.0,598.458,0.02055180804532064
599.1207309738435,0.0,598.924,0.011837193434794058
599.5862482473274,0.0,599.387,-0.025199756337926482
600.0517655208114,0.0,599.853,0.02708780146761902
600.5172827942953,0.0,600.318,0.016194565668864236
600.9828000677793,0.0,600.783,-0.060058214780032815
601.4483173412632,0.0,601.248,-0.0164851417273999
601.9138346147472,0.0,601.714,-0.15156147340414083
602.3793518882311,0.0,602.174,0.0336237948899174
602.8448691617151,0.0,602.64,-0.018663892773242097
603.310386435199,0.0,603.11,-0.027378377526154685
603.775903708683,0.0,603.573,-0.0164851417273999
604.2414209821669,0.0,604.04,-0.02302113514969828
604.7069382556509,0.0,604.503,0.02055180804532064
605.1724555291348,0.0,604.966,-0.02302113514969828
605.6379728026187,0.0,605.436,0.029266422655847224
606.1034900761027,0.0,605.895,0.022730559091162617
606.5690073495866,0.0,606.359,0.0031227086818812477
607.0345246230706,0.0,606.825,-0.027378377526154685
607.5000418965545,0.0,607.292,0.06194613005211136
607.9655591700385,0.0,607.758,-0.0164851417273999
608.4310764435224,0.0,608.226,-0.027378377526154685
608.8965937170065,0.0,608.684,-0.027378377526154685
609.3621109904904,0.0,609.156,0.044517030688671966
609.8276282639744,0.0,609.614,0.044517030688671966
610.2931455374583,0.0,610.084,-0.027378377526154685
610.7586628109423,0.0,610.547,0.02055180804532064
611.2241800844262,0.0,611.01,-0.027378377526154685
611.6896973579102,0.0,611.481,-0.29753091102202234
612.1552146313941,0.0,611.939,-0.027378377526154685
612.620731904878,0.0,612.41,0.016194565668864236
613.086249178362,0.0,612.876,-0.02302113514969828
613.5517664518459,0.0,613.34,-0.03173574976022486
614.0172837253299,0.0,613.805,0.05541026648742675
614.4828009988138,0.0,614.27,0.029266422655847224
614.9483182722978,0.0,614.729,0.029266422655847224
615.4138355457817,0.0,615.196,-0.055700842545962415
615.8793528192657,0.0,615.661,-0.005591905928645335
616.3448700927496,0.0,616.129,-0.0164851417273999
616.8103873662336,0.0,616.591,0.05105289425335657
617.2759046397175,0.0,617.059,0.02708780146761902
617.7414219132015,0.0,617.522,-0.027378377526154685
618.2069391866854,0.0,617.985,-0.018663892773242097
618.6724564601693,0.0,618.454,-0.04480760674720785
619.1379737336533,0.0,618.92,-0.025199756337926482
619.6034910071372,0.0,619.384,0.011837193434794058
620.0690082806212,0.0,619.849,-0.009949278162715514
620.5345255541051,0.0,620.315,0.029266422655847224
621.0000428275891,0.0,620.781,0.02055180804532064
621.465560101073,0.0,621.24,-0.018663892773242097
621.931077374557,0.0,621.706,0.02490918027939082
622.396594648041,0.0,622.17,-0.020842513961470077
622.862111921525,0.0,622.636,0.02708780146761902
623.3276291950089,0.0,623.099,0.0031227086818812477
623.7931464684929,0.0,623.569,-0.0164851417273999
624.2586637419768,0.0,624.033,0.016194565668864236
624.7241810154608,0.0,624.495,0.20791569752760686
625.1896982889447,0.0,624.959,0.022730559091162617
625.6552155624286,0.0,625.429,-0.02302113514969828
626.1207328359126,0.0,625.893,-0.025199756337926482
626.5862501093965,0.0,626.359,0.016194565668864236
627.0517673828805,0.0,626.825,0.009658572246565855
627.5172846563644,0.0,627.289,-0.007770527116873316
627.9828019298484,0.0,627.755,-0.027378377526154685
628.4483192033323,0.0,628.215,0.02708780146761902
628.9138364768163,0.0,628.681,0.022730559091162617
629.3793537503002,0.0,629.144,0.009658572246565855
629.8448710237842,0.0,629.613,0.4780682310234745
630.3103882972681,0.0,630.074,0.011837193434794058
630.7759055707521,0.0,630.543,-0.027378377526154685
631.241422844236,0.0,631.007,0.01837318685709244
631.70694011772,0.0,631.47,-0.009949278162715514
632.1724573912039,0.0,631.935,0.044517030688671966
632.6379746646878,0.0,632.405,-0.018663892773242097
633.1034919381718,0.0,632.864,-0.025199756337926482
633.5690092116557,0.0,633.329,-0.02302113514969828
634.0345264851397,0.0,633.794,0.011837193434794058
634.5000437586236,0.0,634.259,0.02490918027939082
634.9655610321076,0.0,634.725,0.016194565668864236
635.4310783055915,0.0,635.192,0.011837193434794058
635.8965955790756,0.0,635.658,-0.025199756337926482
636.3621128525594,0.0,636.121,0.007479951058337653
636.8276301260435,0.0,636.591,-0.02955712857199666
637.2931473995274,0.0,637.051,0.011837193434794058
637.7586646730114,0.0,637.514,-0.0164851417273999
638.2241819464953,0.0,637.985,-0.02955712857199666
638.6896992199792,0.0,638.447,0.009658572246565855
639.1552164934632,0.0,638.913,0.029266422655847224
639.6207337669471,0.0,639.379,-0.03173574976022486
640.0862510404311,0.0,639.844,0.0837327315072347
640.551768313915,0.0,640.31,-0.003413284740417133
641.017285587399,0.0,640.776,-0.09273792217629695
641.4828028608829,0.0,641.234,0.0336237948899174
641.9483201343669,0.0,641.699,-0.027378377526154685
642.4138374078508,0.0,642.167,-0.027378377526154685
642.8793546813348,0.0,642.633,0.029266422655847224
643.3448719548187,0.0,643.096,0.02708780146761902
643.8103892283027,0.0,643.566,0.031445043844075204
644.2759065017866,0.0,644.029,-0.04916497898127803
644.7414237752706,0.0,644.492,0.05105289425335657
645.2069410487545,0.0,644.959,0.04669565187690017
645.6724583222384,0.0,645.422,0.02055180804532064
646.1379755957224,0.0,645.888,-0.025199756337926482
646.6034928692063,0.0,646.355,0.01837318685709244
647.0690101426903,0.0,646.821,-0.025199756337926482
647.5345274161742,0.0,647.281,0.011837193434794058
648.0000446896582,0.0,647.746,-0.1123457725855781
648.4655619631421,0.0,648.21,0.02055180804532064
648.9310792366261,0.0,648.676,-0.0164851417273999
649.39659651011,0.0,649.144,0.02490918027939082
649.862113783594,0.0,649.606,0.011837193434794058
650.327631057078,0.0,650.07,-0.025199756337926482
650.793148330562,0.0,650.54,0.01837318685709244
651.2586656040459,0.0,651.003,-0.02302113514969828
651.7241828775298,0.0,651.465,0.029266422655847224
652.1897001510138,0.0,651.931,0.01837318685709244
652.6552174244977,0.0,652.394,-0.018663892773242097
653.1207346979817,0.0,652.86,0.02490918027939082
653.5862519714656,0.0,653.325,0.022730559091162617
654.0517692449496,0.0,653.791,-0.08838054994222677
654.5172865184335,0.0,654.256,-0.03173574976022486
654.9828037919175,0.0,654.721,0.029266422655847224
655.4483210654014,0.0,655.189,-0.027378377526154685
655.9138383388854,0.0,655.654,0.02055180804532064
656.3793556123693,0.0,656.118,-0.025199756337926482
656.8448728858533,0.0,656.58,0.02490918027939082
657.3103901593372,0.0,657.048,0.029266422655847224
657.7759074328212,0.0,657.511,0.02055180804532064
658.2414247063051,0.0,657.974,-0.005591905928645335
658.706941979789,0.0,658.444,0.011837193434794058
659.172459253273,0.0,658.909,-0.03609299213668127
659.6379765267569,0.0,659.373,0.0031227086818812477
660.1034938002409,0.0,659.839,-0.027378377526154685
660.5690110737248,0.0,660.303,-0.02955712857199666
661.0345283472088,0.0,660.768,0.10116183087067387
661.5000456206927,0.0,661.234,0.02490918027939082
661.9655628941767,0.0,661.7,-0.10798840035150792
662.4310801676606,0.0,662.159,-0.0164851417273999
662.8965974411446,0.0,662.625,0.02055180804532064
663.3621147146285,0.0,663.093,0.016194565668864236
663.8276319881126,0.0,663.555,-0.13848948655954407
664.2931492615965,0.0,664.026,0.02055180804532064
664.7586665350804,0.0,664.488,-0.038271743182523243
665.2241838085644,0.0,664.959,0.02055180804532064
665.6897010820483,0.0,665.414,-0.1145243937738063
666.1552183555323,0.0,665.88,-0.0164851417273999
666.6207356290162,0.0,666.347,-0.03609299213668127
667.0862529025002,0.0,666.813,0.029266422655847224
667.5517701759841,0.0,667.278,0.02055180804532064
668.0172874494681,0.0,667.744,-0.02302113514969828
668.482804722952,0.0,668.211,0.02055180804532064
668.948321996436,0.0,668.669,0.016194565668864236
669.4138392699199,0.0,669.14,0.044517030688671966
669.8793565434039,0.0,669.603,-0.027378377526154685
670.3448738168878,0.0,670.066,0.037981037266373585
670.8103910903718,0.0,670.529,0.02055180804532064
671.2759083638557,0.0,670.997,0.01837318685709244
671.7414256373396,0.0,671.459,-0.025199756337926482
672.2069429108236,0.0,671.925,0.029266422655847224
672.6724601843075,0.0,672.395,-0.005591905928645335
673.1379774577915,0.0,672.86,0.029266422655847224
673.6034947312754,0.0,673.325,0.05323164529919855
674.0690120047594,0.0,673.791,0.009658572246565855
674.5345292782433,0.0,674.256,0.01837318685709244
675.0000465517273,0.0,674.714,0.02055180804532064
675.4655638252112,0.0,675.181,0.029266422655847224
675.9310810986952,0.0,675.647,-0.025199756337926482
676.3965983721791,0.0,676.111,0.011837193434794058
676.8621156456632,0.0,676.58,-0.020842513961470077
677.327632919147,0.0,677.04,0.011837193434794058
677.7931501926311,0.0,677.51,-0.025199756337926482
678.258667466115,0.0,677.974,-0.0687728293905594
678.7241847395989,0.0,678.436,-0.0164851417273999
679.1897020130829,0.0,678.902,0.02490918027939082
679.6552192865668,0.0,679.366,-0.027378377526154685
680.1207365600508,0.0,679.832,0.00530132987010945
680.5862538335347,0.0,680.295,0.06194613005211136
681.0517711070187,0.0,680.761,0.007479951058337653
681.5172883805026,0.0,681.226,0.01837318685709244
681.9828056539866,0.0,681.692,-0.02955712857199666
682.4483229274705,0.0,682.159,0.031445043844075204
682.9138402009545,0.0,682.625,-0.018663892773242097
683.3793574744384,0.0,683.085,0.0031227086818812477
683.8448747479224,0.0,683.555,0.07501811689670812
684.3103920214063,0.0,684.018,-0.038271743182523243
684.7759092948902,0.0,684.48,-0.018663892773242097
685.2414265683742,0.0,684.946,0.011837193434794058
685.7069438418581,0.0,685.412,-0.060058214780032815
686.1724611153421,0.0,685.878,-0.025199756337926482
686.637978388826,0.0,686.344,0.011837193434794058
687.10349566231,0.0,686.809,-0.020842513961470077
687.5690129357939,0.0,687.273,0.022730559091162617
688.0345302092779,0.0,687.739,-0.0164851417273999
688.5000474827618,0.0,688.204,-0.025199756337926482
688.9655647562458,0.0,688.67,0.02055180804532064
689.4310820297297,0.0,689.133,-0.027378377526154685
689.8965993032137,0.0,689.596,0.0009439576360392721
690.3621165766976,0.0,690.059,0.00530132987010945
690.8276338501817,0.0,690.529,0.02055180804532064
691.2931511236656,0.0,690.989,-0.02302113514969828
691.7586683971494,0.0,691.458,0.014015944480636033
692.2241856706335,0.0,691.924,0.029266422655847224
692.6897029441174,0.0,692.387,0.04015965845460179
693.1552202176014,0.0,692.852,0.02490918027939082
693.6207374910853,0.0,693.318,0.2340594115015726
694.0862547645693,0.0,693.784,0.16216400328674596
694.5517720380532,0.0,694.244,0.02708780146761902
695.0172893115372,0.0,694.71,-0.007770527116873316
695.4828065850211,0.0,695.174,-0.02302113514969828
695.9483238585051,0.0,695.639,0.016194565668864236
696.413841131989,0.0,696.107,-0.020842513961470077
696.879358405473,0.0,696.57,0.016194565668864236
697.3448756789569,0.0,697.04,0.15998538209851776
697.8103929524408,0.0,697.503,0.02490918027939082
698.2759102259248,0.0,697.97,0.029266422655847224
698.7414274994087,0.0,698.433,0.02490918027939082
699.2069447728927,0.0,698.898,-0.027378377526154685
699.6724620463766,0.0,699.362,0.02055180804532064
700.1379793198606,0.0,699.828,0.15562813972206135
700.6034965933445,0.0,700.295,-0.033914370948453065
701.0690138668285,0.0,700.761,-0.02302113514969828
701.5345311403124,0.0,701.219,-0.03173574976022486
702.0000484137964,0.0,701.684,0.009658572246565855
702.4655656872803,0.0,702.152,-0.04262898555897965
702.9310829607643,0.0,702.617,0.007479951058337653
703.3966002342482,0.0,703.085,0.02055180804532064
703.8621175077323,0.0,703.547,0.01837318685709244
704.3276347812161,0.0,704.01,0.16434275433258794
704.7931520547,0.0,704.48,0.011837193434794058
705.258669328184,0.0,704.939,-0.027378377526154685
705.724186601668,0.0,705.409,0.016194565668864236
706.189703875152,0.0,705.875,-0.018663892773242097
706.6552211486359,0.0,706.341,0.029266422655847224
707.1207384221199,0.0,706.799,0.029266422655847224
707.5862556956038,0.0,707.266,-0.027378377526154685
708.0517729690878,0.0,707.732,0.04015965845460179
708.5172902425717,0.0,708.196,-0.025199756337926482
708.9828075160557,0.0,708.662,0.06630350228618154
709.4483247895396,0.0,709.13,0.016194565668864236
709.9138420630236,0.0,709.592,-0.027378377526154685
710.3793593365075,0.0,710.055,-0.0164851417273999
710.8448766099914,0.0,710.525,-0.07966606518931396
711.3103938834754,0.0,710.988,0.01837318685709244
711.7759111569593,0.0,711.451,-0.033914370948453065
712.2414284304433,0.0,711.917,-0.009949278162715514
712.7069457039272,0.0,712.381,-0.027378377526154685
713.1724629774112,0.0,712.847,0.007479951058337653
713.6379802508951,0.0,713.311,0.029266422655847224
714.1034975243791,0.0,713.777,0.022730559091162617
714.569014797863,0.0,714.243,0.016194565668864236
715.034532071347,0.0,714.71,0.009658572246565855
715.5000493448309,0.0,715.17,0.0031227086818812477
715.9655666183149,0.0,715.635,0.011837193434794058
716.4310838917988,0.0,716.104,0.029266422655847224
716.8966011652828,0.0,716.566,-0.018663892773242097
717.3621184387667,0.0,717.029,0.02490918027939082
717.8276357122506,0.0,717.499,-0.02302113514969828
718.2931529857347,0.0,717.959,0.029266422655847224
718.7586702592185,0.0,718.429,-0.009949278162715514
719.2241875327026,0.0,718.894,0.00530132987010945
719.6897048061865,0.0,719.359,0.01837318685709244
720.1552220796705,0.0,719.825,-0.027378377526154685
720.6207393531544,0.0,720.284,0.1381989105010082
721.0862566266384,0.0,720.75,0.022730559091162617
721.5517739001223,0.0,721.214,0.011837193434794058
722.0172911736063,0.0,721.68,0.02055180804532064
722.4828084470902,0.0,722.144,0.059767508863883156
722.9483257205742,0.0,722.614,-0.020842513961470077
723.4138429940581,0.0,723.074,0.029266422655847224
723.8793602675421,0.0,723.543,-0.0164851417273999
724.344877541026,0.0,724.007,-0.04480760674720785
724.8103948145099,0.0,724.47,-0.0164851417273999
725.2759120879939,0.0,724.935,0.029266422655847224
725.7414293614778,0.0,725.405,-0.027378377526154685
726.2069466349618,0.0,725.864,-0.014306520539171697
726.6724639084457,0.0,726.329,0.0837327315072347
727.1379811819297,0.0,726.794,0.02055180804532064
727.6034984554136,0.0,727.266,0.011837193434794058
728.0690157288976,0.0,727.724,0.02708780146761902
728.5345330023815,0.0,728.192,0.0031227086818812477
729.0000502758655,0.0,728.657,-0.027378377526154685
729.4655675493494,0.0,729.126,-0.027378377526154685
729.9310848228334,0.0,729.588,-0.025199756337926482
730.3966020963173,0.0,730.051,-0.0164851417273999
730.8621193698012,0.0,730.514,-0.0164851417273999
731.3276366432852,0.0,730.985,-0.02302113514969828
731.7931539167691,0.0,731.447,0.029266422655847224
732.2586711902532,0.0,731.913,0.007479951058337653
732.724188463737,0.0,732.379,-0.018663892773242097
733.1897057372211,0.0,732.844,0.029266422655847224
733.655223010705,0.0,733.304,-0.02302113514969828
734.120740284189,0.0,733.769,0.0336237948899174
734.5862575576729,0.0,734.236,0.029266422655847224
735.0517748311569,0.0,734.702,-0.027378377526154685
735.5172921046408,0.0,735.166,-0.02302113514969828
735.9828093781248,0.0,735.631,-0.0164851417273999
736.4483266516087,0.0,736.099,-0.027378377526154685
736.9138439250927,0.0,736.562,0.029266422655847224
737.3793611985766,0.0,737.025,-0.02955712857199666
737.8448784720605,0.0,737.495,0.01837318685709244
738.3103957455445,0.0,737.959,-0.0164851417273999
738.7759130190284,0.0,738.421,0.029266422655847224
739.2414302925124,0.0,738.887,-0.39557016306842874
739.7069475659963,0.0,739.354,0.009658572246565855
740.1724648394803,0.0,739.82,-0.027378377526154685
740.6379821129642,0.0,740.285,-0.0164851417273999
741.1034993864482,0.0,740.75,0.02708780146761902
741.5690166599321,0.0,741.215,-0.003413284740417133
742.0345339334161,0.0,741.681,0.009658572246565855
742.5000512069,0.0,742.144,0.009658572246565855
742.965568480384,0.0,742.606,0.02708780146761902
743.4310857538679,0.0,743.07,-0.018663892773242097
743.8966030273518,0.0,743.54,0.01837318685709244
744.3621203008358,0.0,744.003,-0.009949278162715514
744.8276375743197,0.0,744.466,0.011837193434794058
745.2931548478037,0.0,744.931,-0.03609299213668127
745.7586721212876,0.0,745.394,-0.005591905928645335
746.2241893947717,0.0,745.859,0.029266422655847224
746.6897066682556,0.0,746.325,-0.027378377526154685
747.1552239417396,0.0,746.791,0.00530132987010945
747.6207412152235,0.0,747.258,-0.007770527116873316
748.0862584887075,0.0,747.724,0.01837318685709244
748.5517757621914,0.0,748.189,0.022730559091162617
749.0172930356754,0.0,748.655,0.009658572246565855
749.4828103091593,0.0,749.115,0.022730559091162617
749.9483275826433,0.0,749.585,-0.025199756337926482
750.4138448561272,0.0,750.047,0.04887427306512837
750.8793621296111,0.0,750.51,0.022730559091162617
751.3448794030951,0.0,750.974,0.04887427306512837
751.810396676579,0.0,751.444,-0.02302113514969828
752.275913950063,0.0,751.908,-0.027378377526154685
752.7414312235469,0.0,752.372,0.01837318685709244
753.2069484970309,0.0,752.838,-0.025199756337926482
753.6724657705148,0.0,753.303,-0.025199756337926482
754.1379830439988,0.0,753.769,0.02055180804532064
754.6035003174827,0.0,754.233,0.011837193434794058
755.0690175909667,0.0,754.699,-0.062236835968260795
755.5345348644506,0.0,755.159,-0.2648512036257582
756.0000521379346,0.0,755.624,0.02055180804532064
756.4655694114185,0.0,756.092,0.011837193434794058
756.9310866849024,0.0,756.554,0.02055180804532064
757.3966039583864,0.0,757.025,0.011837193434794058
757.8621212318703,0.0,757.488,-0.02302113514969828
758.3276385053543,0.0,757.955,-0.064415457156489
758.7931557788382,0.0,758.418,-0.027378377526154685
759.2586730523223,0.0,758.883,0.029266422655847224
759.7241903258061,0.0,759.347,0.06630350228618154
760.1897075992902,0.0,759.813,0.011837193434794058
760.655224872774,0.0,760.278,0.02055180804532064
761.1207421462581,0.0,760.744,-0.05787946373419062
761.586259419742,0.0,761.211,0.02055180804532064
762.051776693226,0.0,761.669,0.01837318685709244
762.5172939667099,0.0,762.137,0.016194565668864236
762.9828112401939,0.0,762.599,-0.027378377526154685
763.4483285136778,0.0,763.07,0.029266422655847224
763.9138457871617,0.0,763.532,-0.02302113514969828
764.3793630606457,0.0,764.0,-0.018663892773242097
764.8448803341296,0.0,764.462,-0.012127899350943716
765.3103976076136,0.0,764.928,0.022730559091162617
765.7759148810975,0.0,765.39,0.014015944480636033
766.2414321545815,0.0,765.855,-0.005591905928645335
766.7069494280654,0.0,766.322,0.029266422655847224
767.1724667015494,0.0,766.788,-0.02955712857199666
767.6379839750333,0.0,767.255,0.029266422655847224
768.1035012485173,0.0,767.721,-0.0164851417273999
768.5690185220012,0.0,768.185,-0.027378377526154685
769.0345357954852,0.0,768.644,-0.03609299213668127
769.5000530689691,0.0,769.114,0.02708780146761902
769.9655703424531,0.0,769.576,-0.025199756337926482
770.431087615937,0.0,770.044,-0.025199756337926482
770.8966048894209,0.0,770.507,-0.0012346635521889304
771.3621221629049,0.0,770.97,-0.005591905928645335
771.8276394363888,0.0,771.44,0.02708780146761902
772.2931567098728,0.0,771.905,0.0009439576360392721
772.7586739833567,0.0,772.369,0.0031227086818812477
773.2241912568408,0.0,772.835,-0.03173574976022486
773.6897085303247,0.0,773.3,-0.03609299213668127
774.1552258038087,0.0,773.766,0.057588887675654954
774.6207430772926,0.0,774.225,0.029266422655847224
775.0862603507766,0.0,774.691,-0.03173574976022486
775.5517776242605,0.0,775.156,-0.027378377526154685
776.0172948977445,0.0,775.621,-0.003413284740417133
776.4828121712284,0.0,776.084,0.011837193434794058
776.9483294447123,0.0,776.554,0.022730559091162617
777.4138467181963,0.0,777.018,-0.03173574976022486
777.8793639916802,0.0,777.48,0.011837193434794058
778.3448812651642,0.0,777.947,0.016194565668864236
778.8103985386481,0.0,778.412,-0.03173574976022486
779.2759158121321,0.0,778.877,0.10334058191651585
779.741433085616,0.0,779.344,0.044517030688671966
780.2069503591,0.0,779.81,-0.020842513961470077
780.6724676325839,0.0,780.274,-0.027378377526154685
781.1379849060679,0.0,780.74,0.016194565668864236
781.6035021795518,0.0,781.199,0.02055180804532064
782.0690194530358,0.0,781.665,-0.018663892773242097
782.5345367265197,0.0,782.133,-0.025199756337926482
783.0000540000037,0.0,782.595,-0.3127815190548473
783.4655712734876,0.0,783.063,0.037981037266373585
783.9310885469715,0.0,783.524,0.057588887675654954
784.3966058204555,0.0,783.992,0.02490918027939082
784.8621230939394,0.0,784.455,0.022730559091162617
785.3276403674234,0.0,784.921,-0.027378377526154685
785.7931576409073,0.0,785.384,0.02055180804532064
786.2586749143913,0.0,785.85,-0.0164851417273999
786.7241921878752,0.0,786.315,-0.08184468637754216
787.1897094613593,0.0,786.78,0.0031227086818812477
787.6552267348432,0.0,787.244,-0.0164851417273999
788.1207440083272,0.0,787.711,0.029266422655847224
788.5862612818111,0.0,788.177,-0.0164851417273999
789.0517785552951,0.0,788.643,0.02490918027939082
789.517295828779,0.0,789.111,0.02055180804532064
789.9828131022629,0.0,789.573,0.02708780146761902
790.4483303757469,0.0,790.041,0.022730559091162617
790.9138476492308,0.0,790.502,0.011837193434794058
791.3793649227148,0.0,790.97,0.02490918027939082
791.8448821961987,0.0,791.432,0.0009439576360392721
792.3103994696827,0.0,791.898,-0.014306520539171697
792.7759167431666,0.0,792.363,-0.10798840035150792
793.2414340166506,0.0,792.829,0.02055180804532064
793.7069512901345,0.0,793.295,-0.053522221357734434
794.1724685636185,0.0,793.754,-0.0164851417273999
794.6379858371024,0.0,794.225,0.031445043844075204
795.1035031105864,0.0,794.684,0.02490918027939082
795.5690203840703,0.0,795.156,0.02055180804532064
796.0345376575543,0.0,795.614,0.022730559091162617
796.5000549310382,0.0,796.084,0.02490918027939082
796.9655722045221,0.0,796.547,0.02055180804532064
797.4310894780061,0.0,797.015,0.01837318685709244
797.89660675149,0.0,797.477,-0.025199756337926482
798.362124024974,0.0,797.943,0.01837318685709244
798.8276412984579,0.0,798.407,-0.012127899350943716
799.293158571942,0.0,798.872,0.014015944480636033
799.7586758454258,0.0,799.337,0.029266422655847224
800.2241931189099,0.0,799.803,-0.24960059559293324
800.6897103923937,0.0,800.27,0.011837193434794058
801.1552276658778,0.0,800.736,0.02055180804532064
801.6207449393617,0.0,801.2,0.029266422655847224
802.0862622128457,0.0,801.666,-0.027378377526154685
802.5517794863296,0.0,802.129,0.009658572246565855
803.0172967598135,0.0,802.591,-0.05134360016950623
803.4828140332975,0.0,803.055,0.02055180804532064
803.9483313067814,0.0,803.525,-0.027378377526154685
804.4138485802654,0.0,803.988,0.02055180804532064
804.8793658537493,0.0,804.451,-0.02302113514969828
805.3448831272333,0.0,804.916,-0.02302113514969828
805.8104004007172,0.0,805.379,0.00530132987010945
806.2759176742012,0.0,805.845,-0.08402330756577037
806.7414349476851,0.0,806.31,0.15562813972206135
807.2069522211691,0.0,806.776,0.011837193434794058
807.672469494653,0.0,807.244,0.016194565668864236
808.137986768137,0.0,807.71,-0.025199756337926482
808.6035040416209,0.0,808.17,0.016194565668864236
809.0690213151049,0.0,808.636,-0.02955712857199666
809.5345385885888,0.0,809.099,0.044517030688671966
810.0000558620727,0.0,809.57,-0.0012346635521889304
810.4655731355567,0.0,810.033,-0.2866376752232678
810.9310904090406,0.0,810.495,-0.018663892773242097
811.3966076825246,0.0,810.959,0.016194565668864236
811.8621249560085,0.0,811.429,0.02490918027939082
812.3276422294925,0.0,811.894,0.059767508863883156
812.7931595029764,0.0,812.359,0.011837193434794058
813.2586767764604,0.0,812.825,-0.027378377526154685
813.7241940499443,0.0,813.285,0.016194565668864236
814.1897113234284,0.0,813.751,-0.027378377526154685
814.6552285969123,0.0,814.218,0.011837193434794058
815.1207458703963,0.0,814.684,0.02055180804532064
815.5862631438802,0.0,815.144,-0.04262898555897965
816.0517804173642,0.0,815.613,0.0009439576360392721
816.5172976908481,0.0,816.074,-0.005591905928645335
816.982814964332,0.0,816.544,0.022730559091162617
817.448332237816,0.0,817.004,-0.02955712857199666
817.9138495112999,0.0,817.474,0.022730559091162617
818.3793667847839,0.0,817.94,0.05323164529919855
818.8448840582678,0.0,818.403,0.022730559091162617
819.3104013317518,0.0,818.869,-0.03609299213668127
819.7759186052357,0.0,819.333,-0.007770527116873316
820.2414358787197,0.0,819.799,-0.025199756337926482
820.7069531522036,0.0,820.266,0.0031227086818812477
821.1724704256876,0.0,820.724,-0.027378377526154685
821.6379876991715,0.0,821.192,0.029266422655847224
822.1035049726555,0.0,821.657,-0.02302113514969828
822.5690222461394,0.0,822.125,-0.0164851417273999
823.0345395196233,0.0,822.587,0.02055180804532064
823.5000567931073,0.0,823.055,0.02055180804532064
823.9655740665912,0.0,823.518,0.016194565668864236
824.4310913400752,0.0,823.981,-0.025199756337926482
824.8966086135591,0.0,824.444,0.029266422655847224
825.3621258870431,0.0,824.909,-0.3084241468207771
825.827643160527,0.0,825.38,-0.0012346635521889304
826.293160434011,0.0,825.839,-0.24306473202824885
826.7586777074949,0.0,826.31,-0.025199756337926482
827.224194980979,0.0,826.769,-0.03173574976022486
827.6897122544628,0.0,827.241,0.022730559091162617
828.1552295279469,0.0,827.699,0.06412488109795333
828.6207468014308,0.0,828.167,0.12294830246818322
829.0862640749148,0.0,828.633,0.029266422655847224
829.5517813483987,0.0,829.096,-0.027378377526154685
830.0172986218826,0.0,829.559,0.02055180804532064
830.4828158953666,0.0,830.029,0.011837193434794058
830.9483331688505,0.0,830.492,-0.0164851417273999
831.4138504423345,0.0,830.955,0.11205506666942866
831.8793677158184,0.0,831.425,-0.027378377526154685
832.3448849893024,0.0,831.891,0.037981037266373585
832.8104022627863,0.0,832.355,-0.025199756337926482
833.2759195362703,0.0,832.821,0.02055180804532064
833.7414368097542,0.0,833.28,-0.04916497898127803
834.2069540832382,0.0,833.747,0.016194565668864236
834.6724713567221,0.0,834.214,0.3538851351454886
835.1379886302061,0.0,834.68,0.02055180804532064
835.60350590369,0.0,835.144,0.029266422655847224
836.0690231771739,0.0,835.606,0.022730559091162617
836.5345404506579,0.0,836.074,0.02490918027939082
837.0000577241418,0.0,836.537,-0.027378377526154685
837.4655749976258,0.0,837.0,-0.020842513961470077
837.9310922711097,0.0,837.47,-0.027378377526154685
838.3966095445937,0.0,837.936,0.011837193434794058
838.8621268180776,0.0,838.398,-0.03609299213668127
839.3276440915616,0.0,838.864,0.15344938867621938
839.7931613650455,0.0,839.329,-0.025199756337926482
840.2586786385295,0.0,839.795,0.022730559091162617
840.7241959120134,0.0,840.258,0.07283949570847992
841.1897131854975,0.0,840.724,0.01837318685709244
841.6552304589814,0.0,841.189,0.016194565668864236
842.1207477324654,0.0,841.655,-0.033914370948453065
842.5862650059493,0.0,842.118,0.02055180804532064
843.0517822794332,0.0,842.58,0.01837318685709244
843.5172995529172,0.0,843.048,0.02490918027939082
843.9828168264011,0.0,843.51,0.0031227086818812477
844.4483340998851,0.0,843.974,0.02708780146761902
844.913851373369,0.0,844.444,-0.018663892773242097
845.379368646853,0.0,844.91,0.02055180804532064
845.8448859203369,0.0,845.373,-0.027378377526154685
846.3104031938209,0.0,845.839,0.00530132987010945
846.7759204673048,0.0,846.304,0.02055180804532064
847.2414377407888,0.0,846.769,-0.060058214780032815
847.7069550142727,0.0,847.229,0.06630350228618154
848.1724722877567,0.0,847.695,0.02055180804532064
848.6379895612406,0.0,848.162,0.011837193434794058
849.1035068347245,0.0,848.628,0.14691352511153477
849.5690241082085,0.0,849.089,0.022730559091162617
850.0345413816924,0.0,849.558,-0.025199756337926482
850.5000586551764,0.0,850.022,0.02055180804532064
850.9655759286603,0.0,850.484,-0.027378377526154685
851.4310932021443,0.0,850.951,-0.005591905928645335
851.8966104756282,0.0,851.414,-0.012127899350943716
852.3621277491122,0.0,851.879,0.01837318685709244
852.8276450225961,0.0,852.344,0.029266422655847224
853.2931622960801,0.0,852.81,0.0009439576360392721
853.758679569564,0.0,853.278,0.011837193434794058
854.224196843048,0.0,853.743,-0.05134360016950623
854.689714116532,0.0,854.208,-0.03609299213668127
855.155231390016,0.0,854.673,0.12076968127995502
855.6207486634999,0.0,855.136,0.02055180804532064
856.0862659369838,0.0,855.599,-0.025199756337926482
856.5517832104678,0.0,856.066,-0.018663892773242097
857.0173004839517,0.0,856.529,-0.012127899350943716
857.4828177574357,0.0,856.999,-0.027378377526154685
857.9483350309196,0.0,857.462,0.02055180804532064
858.4138523044036,0.0,857.928,0.02055180804532064
858.8793695778875,0.0,858.39,-0.027378377526154685
859.3448868513715,0.0,858.856,0.029266422655847224
859.8104041248554,0.0,859.321,0.02055180804532064
860.2759213983394,0.0,859.787,-0.003413284740417133
860.7414386718233,0.0,860.251,0.022730559091162617
861.2069559453073,0.0,860.717,-0.025199756337926482
861.6724732187912,0.0,861.182,-0.025199756337926482
862.1379904922752,0.0,861.647,0.029266422655847224
862.6035077657591,0.0,862.111,0.031445043844075204
863.069025039243,0.0,862.58,0.022730559091162617
863.534542312727,0.0,863.04,-0.02302113514969828
864.0000595862109,0.0,863.51,0.01837318685709244
864.4655768596949,0.0,863.973,-0.02302113514969828
864.9310941331788,0.0,864.435,-0.08402330756577037
865.3966114066628,0.0,864.901,0.02055180804532064
865.8621286801467,0.0,865.366,0.009658572246565855
866.3276459536307,0.0,865.831,-0.07966606518931396
866.7931632271146,0.0,866.295,0.029266422655847224
867.2586805005986,0.0,866.761,-0.03173574976022486
867.7241977740825,0.0,867.226,-0.018663892773242097
868.1897150475666,0.0,867.691,-0.2779230606127412
868.6552323210504,0.0,868.159,-0.0164851417273999
869.1207495945343,0.0,868.625,-0.005591905928645335
869.5862668680184,0.0,869.088,-0.0164851417273999
870.0517841415023,0.0,869.551,0.016194565668864236
870.5173014149863,0.0,870.014,-0.027378377526154685
870.9828186884702,0.0,870.484,0.016194565668864236
871.4483359619542,0.0,870.955,0.04669565187690017
871.9138532354381,0.0,871.41,0.01837318685709244
872.3793705089221,0.0,871.876,-0.0164851417273999
872.844887782406,0.0,872.344,-0.025199756337926482
873.31040505589,0.0,872.81,0.029266422655847224
873.7759223293739,0.0,873.274,0.05105289425335657
874.2414396028579,0.0,873.74,0.00530132987010945
874.7069568763418,0.0,874.199,-0.03609299213668127
875.1724741498258,0.0,874.665,-0.025199756337926482
875.6379914233097,0.0,875.133,-0.025199756337926482
876.1035086967936,0.0,875.595,0.029266422655847224
876.5690259702776,0.0,876.063,0.029266422655847224
877.0345432437615,0.0,876.524,0.02490918027939082
877.5000605172455,0.0,876.996,0.029266422655847224
877.9655777907294,0.0,877.458,-0.007770527116873316
878.4310950642134,0.0,877.924,-0.0164851417273999
878.8966123376973,0.0,878.387,0.02055180804532064
879.3621296111813,0.0,878.853,-0.02302113514969828
879.8276468846652,0.0,879.318,-0.009949278162715514
880.2931641581492,0.0,879.783,0.029266422655847224
880.7586814316331,0.0,880.248,0.01837318685709244
881.2241987051171,0.0,880.714,0.02055180804532064
881.689715978601,0.0,881.174,-0.02302113514969828
882.1552332520849,0.0,881.639,0.08808997388369089
882.620750525569,0.0,882.107,-0.009949278162715514
883.0862677990528,0.0,882.57,0.016194565668864236
883.5517850725369,0.0,883.04,0.011837193434794058
884.0173023460208,0.0,883.503,-0.038271743182523243
884.4828196195048,0.0,883.966,0.029266422655847224
884.9483368929887,0.0,884.429,0.21009431871583506
885.4138541664727,0.0,884.894,-0.027378377526154685
885.8793714399566,0.0,885.359,0.02055180804532064
886.3448887134406,0.0,885.825,-0.0164851417273999
886.8104059869245,0.0,886.292,-0.02955712857199666
887.2759232604085,0.0,886.757,0.02055180804532064
887.7414405338924,0.0,887.221,-0.038271743182523243
888.2069578073764,0.0,887.687,0.04015965845460179
888.6724750808603,0.0,888.152,0.02055180804532064
889.1379923543442,0.0,888.618,-0.02955712857199666
889.6035096278282,0.0,889.081,0.022730559091162617
890.0690269013121,0.0,889.551,-0.018663892773242097
890.5345441747961,0.0,890.011,0.01837318685709244
891.00006144828,0.0,890.481,0.05541026648742675
891.465578721764,0.0,890.939,0.011837193434794058
891.9310959952479,0.0,891.41,-0.012127899350943716
892.3966132687319,0.0,891.875,0.029266422655847224
892.8621305422158,0.0,892.34,0.022730559091162617
893.3276478156998,0.0,892.805,0.029266422655847224
893.7931650891837,0.0,893.27,0.02708780146761902
894.2586823626677,0.0,893.736,-0.025199756337926482
894.7241996361516,0.0,894.196,0.0336237948899174
895.1897169096355,0.0,894.662,0.02708780146761902
895.6552341831195,0.0,895.125,0.022730559091162617
896.1207514566034,0.0,895.595,-0.027378377526154685
896.5862687300875,0.0,896.055,0.00530132987010945
897.0517860035714,0.0,896.525,0.01837318685709244
897.5173032770554,0.0,896.988,-0.033914370948453065
897.9828205505393,0.0,897.451,-0.0012346635521889304
898.4483378240233,0.0,897.916,0.02055180804532064
898.9138550975072,0.0,898.38,0.0336237948899174
899.3793723709912,0.0,898.846,0.01837318685709244
899.8448896444751,0.0,899.311,0.0031227086818812477
900.3104069179591,0.0,899.777,-0.025199756337926482
900.775924191443,0.0,900.243,0.011837193434794058
901.241441464927,0.0,900.709,-0.005591905928645335
901.7069587384109,0.0,901.174,-0.027378377526154685
902.1724760118948,0.0,901.64,0.02490918027939082
902.6379932853788,0.0,902.103,-0.027378377526154685
903.1035105588627,0.0,902.565,-0.025199756337926482
903.5690278323467,0.0,903.033,-0.025199756337926482
904.0345451058306,0.0,903.496,0.031445043844075204
904.5000623793146,0.0,903.959,-0.038271743182523243
904.9655796527985,0.0,904.429,0.009658572246565855
905.4310969262825,0.0,904.894,-0.03173574976022486
905.8966141997664,0.0,905.359,-0.02955712857199666
906.3621314732504,0.0,905.825,0.0837327315072347
906.8276487467343,0.0,906.284,0.016194565668864236
907.2931660202183,0.0,906.75,-0.027378377526154685
907.7586832937022,0.0,907.215,-0.005591905928645335
908.2242005671862,0.0,907.681,-0.0164851417273999
908.6897178406701,0.0,908.144,-0.08184468637754216
909.155235114154,0.0,908.613,-0.027378377526154685
909.620752387638,0.0,909.074,-0.033914370948453065
910.086269661122,0.0,909.543,0.02055180804532064
910.551786934606,0.0,910.011,0.022730559091162617
911.0173042080899,0.0,910.473,-0.005591905928645335
911.4828214815739,0.0,910.939,-0.025199756337926482
911.9483387550578,0.0,911.402,-0.02955712857199666
912.4138560285418,0.0,911.867,0.02490918027939082
912.8793733020257,0.0,912.332,0.029266422655847224
913.3448905755097,0.0,912.798,-0.027378377526154685
913.8104078489936,0.0,913.262,-0.027378377526154685
914.2759251224776,0.0,913.728,0.4824254733999309
914.7414423959615,0.0,914.193,0.037981037266373585
915.2069596694454,0.0,914.658,0.029266422655847224
915.6724769429294,0.0,915.122,-0.025199756337926482
916.1379942164133,0.0,915.584,0.022730559091162617
916.6035114898973,0.0,916.055,0.0031227086818812477
917.0690287633812,0.0,916.518,0.014015944480636033
917.5345460368652,0.0,916.981,-0.1145243937738063
918.0000633103491,0.0,917.451,-0.0164851417273999
918.4655805838331,0.0,917.909,-0.033914370948453065
918.931097857317,0.0,918.38,-0.027378377526154685
919.396615130801,0.0,918.846,-0.025199756337926482
919.8621324042849,0.0,919.31,-0.018663892773242097
920.3276496777689,0.0,919.769,-0.02955712857199666
920.7931669512528,0.0,920.234,-0.04480760674720785
921.2586842247368,0.0,920.699,0.022730559091162617
921.7242014982207,0.0,921.167,0.029266422655847224
922.1897187717046,0.0,921.632,0.0031227086818812477
922.6552360451886,0.0,922.096,0.0815539804613925
923.1207533186725,0.0,922.566,-0.027378377526154685
923.5862705921566,0.0,923.026,0.02055180804532064
924.0517878656404,0.0,923.495,-0.020842513961470077
924.5173051391245,0.0,923.959,0.0031227086818812477
924.9828224126084,0.0,924.421,-0.009949278162715514
925.4483396860924,0.0,924.887,-0.020842513961470077
925.9138569595763,0.0,925.351,-0.025199756337926482
926.3793742330603,0.0,925.817,0.011837193434794058
926.8448915065442,0.0,926.281,0.031445043844075204
927.3104087800282,0.0,926.747,0.009658572246565855
927.7759260535121,0.0,927.214,0.029266422655847224
928.241443326996,0.0,927.679,0.01837318685709244
928.70696060048,0.0,928.14,0.022730559091162617
929.1724778739639,0.0,928.61,-0.033914370948453065
929.6379951474479,0.0,929.073,0.02055180804532064
930.1035124209318,0.0,929.536,-0.033914370948453065
930.5690296944158,0.0,930.0,0.02055180804532064
931.0345469678997,0.0,930.469,-0.025199756337926482
931.5000642413837,0.0,930.935,0.011837193434794058
931.9655815148676,0.0,931.398,-0.027378377526154685
932.4310987883516,0.0,931.864,0.02055180804532064
932.8966160618355,0.0,932.33,0.011837193434794058
933.3621333353195,0.0,932.795,-0.027378377526154685
933.8276506088034,0.0,933.255,0.02490918027939082
934.2931678822874,0.0,933.721,0.029266422655847224
934.7586851557713,0.0,934.189,0.01837318685709244
935.2242024292552,0.0,934.654,-0.0164851417273999
935.6897197027392,0.0,935.118,0.029266422655847224
936.1552369762231,0.0,935.58,-0.064415457156489
936.6207542497071,0.0,936.048,-0.009949278162715514
937.086271523191,0.0,936.51,-0.027378377526154685
937.551788796675,0.0,936.974,-0.03609299213668127
938.017306070159,0.0,937.443,0.10334058191651585
938.482823343643,0.0,937.909,0.016194565668864236
938.9483406171269,0.0,938.373,0.029266422655847224
939.4138578906109,0.0,938.839,0.029266422655847224
939.8793751640948,0.0,939.303,0.016194565668864236
940.3448924375788,0.0,939.769,-0.3563544622498662
940.8104097110627,0.0,940.234,-0.02955712857199666
941.2759269845466,0.0,940.7,-0.009949278162715514
941.7414442580306,0.0,941.16,0.016194565668864236
942.2069615315145,0.0,941.625,-0.02302113514969828
942.6724788049985,0.0,942.092,-0.025199756337926482
943.1379960784824,0.0,942.555,-0.018663892773242097
943.6035133519664,0.0,943.025,-0.027378377526154685
944.0690306254503,0.0,943.488,0.0815539804613925
944.5345478989343,0.0,943.959,-0.4522150931080444
945.0000651724182,0.0,944.414,0.17305723908550052
945.4655824459022,0.0,944.879,0.009658572246565855
945.9310997193861,0.0,945.345,0.016194565668864236
946.3966169928701,0.0,945.81,-0.02955712857199666
946.862134266354,0.0,946.278,-0.046986227935436053
947.327651539838,0.0,946.743,0.011837193434794058
947.7931688133219,0.0,947.204,0.02708780146761902
948.2586860868058,0.0,947.67,-0.02302113514969828
948.7242033602898,0.0,948.14,0.029266422655847224
949.1897206337737,0.0,948.603,0.029266422655847224
949.6552379072577,0.0,949.066,-0.02955712857199666
950.1207551807416,0.0,949.536,0.02055180804532064
950.5862724542257,0.0,949.996,0.009658572246565855
951.0517897277095,0.0,950.466,0.02490918027939082
951.5173070011936,0.0,950.924,0.02708780146761902
951.9828242746775,0.0,951.394,-0.003413284740417133
952.4483415481615,0.0,951.86,-0.003413284740417133
952.9138588216454,0.0,952.325,-0.04262898555897965
953.3793760951294,0.0,952.784,-0.027378377526154685
953.8448933686133,0.0,953.251,0.01837318685709244
954.3104106420972,0.0,953.717,-0.025199756337926482
954.7759279155812,0.0,954.182,-0.025199756337926482
955.2414451890651,0.0,954.648,0.02055180804532064
955.7069624625491,0.0,955.111,-0.027378377526154685
956.172479736033,0.0,955.574,0.016194565668864236
956.637997009517,0.0,956.044,0.059767508863883156
957.1035142830009,0.0,956.506,0.02055180804532064
957.5690315564849,0.0,956.97,-0.0164851417273999
958.0345488299688,0.0,957.44,-0.0164851417273999
958.5000661034528,0.0,957.906,-0.005591905928645335
958.9655833769367,0.0,958.369,-0.10580977916327972
959.4311006504207,0.0,958.834,-0.03173574976022486
959.8966179239046,0.0,959.3,-0.0164851417273999
960.3621351973886,0.0,959.766,0.0009439576360392721
960.8276524708725,0.0,960.225,-0.027378377526154685
961.2931697443564,0.0,960.691,0.029266422655847224
961.7586870178404,0.0,961.159,0.04015965845460179
962.2242042913243,0.0,961.625,0.02055180804532064
962.6897215648083,0.0,962.085,0.1403775316892364
963.1552388382922,0.0,962.554,0.02055180804532064
963.6207561117762,0.0,963.018,0.029266422655847224
964.0862733852601,0.0,963.481,0.029266422655847224
964.5517906587442,0.0,963.947,-0.027378377526154685
965.017307932228,0.0,964.412,0.01837318685709244
965.4828252057121,0.0,964.878,0.0031227086818812477
965.948342479196,0.0,965.345,0.02490918027939082
966.41385975268,0.0,965.81,0.02490918027939082
966.8793770261639,0.0,966.27,-0.025199756337926482
967.3448942996479,0.0,966.736,0.02708780146761902
967.8104115731318,0.0,967.204,0.02490918027939082
968.2759288466157,0.0,967.67,-0.03609299213668127
968.7414461200997,0.0,968.133,0.022730559091162617
969.2069633935836,0.0,968.595,0.00530132987010945
969.6724806670676,0.0,969.066,0.00530132987010945
970.1379979405515,0.0,969.528,-0.025199756337926482
970.6035152140355,0.0,969.989,0.02055180804532064
971.0690324875194,0.0,970.458,-0.005591905928645335
971.5345497610034,0.0,970.924,0.02708780146761902
972.0000670344873,0.0,971.387,0.02055180804532064
972.4655843079713,0.0,971.852,-0.027378377526154685
972.9311015814552,0.0,972.318,-0.005591905928645335
973.3966188549392,0.0,972.784,0.02055180804532064
973.8621361284231,0.0,973.251,0.011837193434794058
974.327653401907,0.0,973.709,0.022730559091162617
974.793170675391,0.0,974.174,0.011837193434794058
975.2586879488749,0.0,974.64,0.00530132987010945
975.7242052223589,0.0,975.111,0.02708780146761902
976.1897224958428,0.0,975.573,-0.027378377526154685
976.6552397693268,0.0,976.036,0.02055180804532064
977.1207570428107,0.0,976.499,-0.02302113514969828
977.5862743162947,0.0,976.966,0.022730559091162617
978.0517915897786,0.0,977.429,-0.025199756337926482
978.5173088632627,0.0,977.894,0.016194565668864236
978.9828261367466,0.0,978.359,0.022730559091162617
979.4483434102306,0.0,978.825,0.02055180804532064
979.9138606837145,0.0,979.292,0.029266422655847224
980.3793779571985,0.0,979.758,0.011837193434794058
980.8448952306824,0.0,980.221,0.01837318685709244
981.3104125041663,0.0,980.687,-0.027378377526154685
981.7759297776503,0.0,981.152,-0.027378377526154685
982.2414470511342,0.0,981.618,0.029266422655847224
982.7069643246182,0.0,982.081,-0.07095145057878738
983.1724815981021,0.0,982.544,0.022730559091162617
983.6379988715861,0.0,983.014,-0.025199756337926482
984.10351614507,0.0,983.477,0.035802416078145605
984.569033418554,0.0,983.943,-0.025199756337926482
985.0345506920379,0.0,984.406,0.02055180804532064
985.5000679655219,0.0,984.872,0.02490918027939082
985.9655852390058,0.0,985.337,0.00530132987010945
986.4311025124898,0.0,985.803,-0.027378377526154685
986.8966197859737,0.0,986.27,-0.02955712857199666
987.3621370594576,0.0,986.729,-0.027378377526154685
987.8276543329416,0.0,987.196,0.02490918027939082
988.2931716064255,0.0,987.662,0.00530132987010945
988.7586888799095,0.0,988.129,-0.027378377526154685
989.2242061533934,0.0,988.592,0.22316617570281783
989.6897234268774,0.0,989.055,-0.03173574976022486
990.1552407003613,0.0,989.525,0.02055180804532064
990.6207579738453,0.0,989.988,-0.02955712857199666
991.0862752473292,0.0,990.451,0.011837193434794058
991.5517925208133,0.0,990.917,0.02055180804532064
992.0173097942971,0.0,991.38,0.029266422655847224
992.4828270677812,0.0,991.847,-0.027378377526154685
992.948344341265,0.0,992.314,0.029266422655847224
993.4138616147491,0.0,992.78,0.02490918027939082
993.879378888233,0.0,993.244,-0.02302113514969828
994.3448961617169,0.0,993.71,-0.027378377526154685
994.8104134352009,0.0,994.17,0.02055180804532064
995.2759307086848,0.0,994.635,-0.027378377526154685
995.7414479821688,0.0,995.103,-0.02302113514969828
996.2069652556527,0.0,995.565,-0.020842513961470077
996.6724825291367,0.0,996.033,-0.0012346635521889304
997.1379998026206,0.0,996.495,0.02055180804532064
997.6035170761046,0.0,996.963,0.011837193434794058
998.0690343495885,0.0,997.425,0.016194565668864236
998.5345516230725,0.0,997.891,-0.027378377526154685
999.0000688965564,0.0,998.356,-0.027378377526154685
999.4655861700404,0.0,998.822,0.022730559091162617
999.9311034435243,0.0,999.289,-0.025199756337926482
1000.3966207170082,0.0,999.755,0.0336237948899174
1000.8621379904922,0.0,1000.214,0.02055180804532064
1001.3276552639761,0.0,1000.68,-0.02302113514969828
1001.7931725374601,0.0,1001.151,0.029266422655847224
1002.258689810944,0.0,1001.61,0.04669565187690017
1002.724207084428,0.0,1002.077,-0.0012346635521889304
1003.1897243579119,0.0,1002.54,0.016194565668864236
1003.6552416313959,0.0,1003.01,0.01837318685709244
1004.1207589048798,0.0,1003.473,0.01837318685709244
1004.5862761783638,0.0,1003.938,-0.025199756337926482
1005.0517934518477,0.0,1004.401,0.029266422655847224
1005.5173107253318,0.0,1004.867,0.02708780146761902
1005.9828279988157,0.0,1005.332,-0.027378377526154685
1006.4483452722997,0.0,1005.798,0.09680458849421747
1006.9138625457836,0.0,1006.266,-0.025199756337926482
1007.3793798192675,0.0,1006.724,-0.0164851417273999
1007.8448970927515,0.0,1007.189,0.11859106009172704
1008.3104143662354,0.0,1007.655,0.02490918027939082
1008.7759316397194,0.0,1008.122,0.01837318685709244
1009.2414489132033,0.0,1008.585,-0.025199756337926482
1009.7069661866873,0.0,1009.055,0.029266422655847224
1010.1724834601712,0.0,1009.517,0.01837318685709244
1010.6380007336552,0.0,1009.981,0.029266422655847224
1011.1035180071391,0.0,1010.451,-0.009949278162715514
1011.5690352806231,0.0,1010.909,-0.009949278162715514
1012.034552554107,0.0,1011.38,-0.027378377526154685
1012.500069827591,0.0,1011.839,0.011837193434794058
1012.9655871010749,0.0,1012.304,0.05105289425335657
1013.4311043745589,0.0,1012.769,0.0009439576360392721
1013.8966216480428,0.0,1013.236,0.16652137552081614
1014.3621389215267,0.0,1013.702,0.01837318685709244
1014.8276561950107,0.0,1014.167,0.02708780146761902
1015.2931734684946,0.0,1014.632,-0.060058214780032815
1015.7586907419786,0.0,1015.096,0.022730559091162617
1016.2242080154625,0.0,1015.565,-0.025199756337926482
1016.6897252889465,0.0,1016.026,0.01837318685709244
1017.1552425624304,0.0,1016.495,-0.0164851417273999
1017.6207598359144,0.0,1016.959,-0.2539579678270034
1018.0862771093983,0.0,1017.421,-0.02302113514969828
1018.5517943828823,0.0,1017.886,0.30813357076224146
1019.0173116563662,0.0,1018.351,-0.005591905928645335
1019.4828289298503,0.0,1018.817,0.011837193434794058
1019.9483462033342,0.0,1019.281,0.05541026648742675
1020.413863476818,0.0,1019.747,0.02055180804532064
1020.8793807503021,0.0,1020.211,0.01837318685709244
1021.344898023786,0.0,1020.677,-0.020842513961470077
1021.81041529727,0.0,1021.14,-0.03173574976022486
1022.2759325707539,0.0,1021.61,-0.003413284740417133
1022.7414498442379,0.0,1022.073,0.02055180804532064
1023.2069671177218,0.0,1022.536,-0.027378377526154685
1023.6724843912058,0.0,1023.004,-0.02955712857199666
1024.1380016646897,0.0,1023.466,-0.0164851417273999
1024.6035189381737,0.0,1023.931,0.035802416078145605
1025.0690362116577,0.0,1024.394,-0.0164851417273999
1025.5345534851415,0.0,1024.86,-0.018663892773242097
1026.0000707586255,0.0,1025.325,0.01837318685709244
1026.4655880321095,0.0,1025.791,0.022730559091162617
1026.9311053055933,0.0,1026.258,0.029266422655847224
1027.3966225790773,0.0,1026.724,-0.009949278162715514
1027.8621398525613,0.0,1027.189,-0.027378377526154685
1028.3276571260453,0.0,1027.655,-0.275744439424513
1028.793174399529,0.0,1028.118,0.014015944480636033
1029.2586916730131,0.0,1028.58,-0.007770527116873316
1029.7242089464971,0.0,1029.048,-0.027378377526154685
1030.1897262199811,0.0,1029.51,-0.007770527116873316
1030.655243493465,0.0,1029.981,-0.025199756337926482
1031.120760766949,0.0,1030.443,0.022730559091162617
1031.586278040433,0.0,1030.909,0.02490918027939082
1032.051795313917,0.0,1031.372,0.031445043844075204
1032.5173125874007,0.0,1031.838,0.01837318685709244
1032.9828298608847,0.0,1032.303,0.009658572246565855
1033.4483471343688,0.0,1032.769,0.011837193434794058
1033.9138644078525,0.0,1033.233,0.01837318685709244
1034.3793816813366,0.0,1033.698,-0.02955712857199666
1034.8448989548206,0.0,1034.163,-0.03173574976022486
1035.3104162283046,0.0,1034.629,0.0031227086818812477
1035.7759335017884,0.0,1035.092,0.2798111057424335
1036.2414507752724,0.0,1035.554,-0.025199756337926482
1036.7069680487564,0.0,1036.025,-0.003413284740417133
1037.1724853222404,0.0,1036.487,0.037981037266373585
1037.6380025957242,0.0,1036.955,0.0336237948899174
1038.1035198692082,0.0,1037.418,0.029266422655847224
1038.5690371426922,0.0,1037.884,-0.003413284740417133
1039.0345544161762,0.0,1038.348,-0.02302113514969828
1039.50007168966,0.0,1038.813,-0.025199756337926482
1039.965588963144,0.0,1039.281,-0.027378377526154685
1040.431106236628,0.0,1039.739,-0.02955712857199666
1040.8966235101118,0.0,1040.207,-0.033914370948453065
1041.3621407835958,0.0,1040.673,0.09026859507191909
1041.8276580570798,0.0,1041.136,-0.03173574976022486
1042.2931753305638,0.0,1041.599,0.029266422655847224
1042.7586926040476,0.0,1042.07,-0.018663892773242097
1043.2242098775316,0.0,1042.532,0.009658572246565855
1043.6897271510156,0.0,1042.996,-0.020842513961470077
1044.1552444244996,0.0,1043.466,-0.07095145057878738
1044.6207616979834,0.0,1043.924,-0.046986227935436053
1045.0862789714674,0.0,1044.395,0.022730559091162617
1045.5517962449514,0.0,1044.86,-0.02955712857199666
1046.0173135184355,0.0,1045.325,-0.009949278162715514
1046.4828307919192,0.0,1045.791,0.029266422655847224
1046.9483480654033,0.0,1046.256,0.02055180804532064
1047.4138653388873,0.0,1046.714,0.029266422655847224
1047.879382612371,0.0,1047.181,-0.020842513961470077
1048.344899885855,0.0,1047.647,0.02490918027939082
1048.810417159339,0.0,1048.114,0.01837318685709244
1049.275934432823,0.0,1048.577,0.016194565668864236
1049.7414517063069,0.0,1049.04,0.05541026648742675
1050.2069689797909,0.0,1049.51,0.037981037266373585
1050.6724862532749,0.0,1049.97,0.014015944480636033
1051.138003526759,0.0,1050.44,-0.027378377526154685
1051.6035208002427,0.0,1050.899,-0.0012346635521889304
1052.0690380737267,0.0,1051.366,-0.025199756337926482
1052.5345553472107,0.0,1051.832,0.02708780146761902
1053.0000726206947,0.0,1052.296,0.037981037266373585
1053.4655898941785,0.0,1052.762,0.02055180804532064
1053.9311071676625,0.0,1053.229,-0.0164851417273999
1054.3966244411465,0.0,1053.694,0.01837318685709244
1054.8621417146303,0.0,1054.159,0.011837193434794058
1055.3276589881143,0.0,1054.625,-0.007770527116873316
1055.7931762615983,0.0,1055.088,0.02490918027939082
1056.2586935350823,0.0,1055.551,-0.20602765239791432
1056.724210808566,0.0,1056.019,0.02055180804532064
1057.1897280820501,0.0,1056.481,-0.038271743182523243
1057.6552453555341,0.0,1056.947,-0.040450364370751446
1058.1207626290181,0.0,1057.412,-0.04262898555897965
1058.586279902502,0.0,1057.878,-0.025199756337926482
1059.051797175986,0.0,1058.344,-0.0164851417273999
1059.51731444947,0.0,1058.809,0.01837318685709244
1059.9828317229537,0.0,1059.274,0.022730559091162617
1060.4483489964377,0.0,1059.739,-0.05134360016950623
1060.9138662699218,0.0,1060.199,-0.020842513961470077
1061.3793835434058,0.0,1060.665,0.011837193434794058
1061.8449008168895,0.0,1061.133,0.011837193434794058
1062.3104180903736,0.0,1061.595,-0.25177934663877544
1062.7759353638576,0.0,1062.066,0.00530132987010945
1063.2414526373416,0.0,1062.529,-0.0164851417273999
1063.7069699108254,0.0,1062.992,0.011837193434794058
1064.1724871843094,0.0,1063.455,-0.018663892773242097
1064.6380044577934,0.0,1063.92,0.011837193434794058
1065.1035217312774,0.0,1064.391,-0.012127899350943716
1065.5690390047612,0.0,1064.849,-0.02302113514969828
1066.0345562782452,0.0,1065.315,-0.003413284740417133
1066.5000735517292,0.0,1065.781,-0.033914370948453065
1066.965590825213,0.0,1066.248,0.02055180804532064
1067.431108098697,0.0,1066.714,-0.025199756337926482
1067.896625372181,0.0,1067.174,0.02055180804532064
1068.362142645665,0.0,1067.639,-0.7594045763766327
1068.8276599191488,0.0,1068.107,0.016194565668864236
1069.2931771926328,0.0,1068.569,-0.03173574976022486
1069.7586944661168,0.0,1069.04,-0.025199756337926482
1070.2242117396008,0.0,1069.502,-0.018663892773242097
1070.6897290130846,0.0,1069.97,-0.0665940783447172
1071.1552462865686,0.0,1070.432,0.02708780146761902
1071.6207635600526,0.0,1070.898,0.022730559091162617
1072.0862808335366,0.0,1071.362,0.029266422655847224
1072.5517981070204,0.0,1071.828,0.01837318685709244
1073.0173153805044,0.0,1072.293,-0.02955712857199666
1073.4828326539885,0.0,1072.758,-0.012127899350943716
1073.9483499274722,0.0,1073.225,-0.02955712857199666
1074.4138672009562,0.0,1073.684,-0.007770527116873316
1074.8793844744403,0.0,1074.156,-0.0164851417273999
1075.3449017479243,0.0,1074.614,-0.025199756337926482
1075.810419021408,0.0,1075.084,-0.027378377526154685
1076.275936294892,0.0,1075.547,0.031445043844075204
1076.741453568376,0.0,1076.01,-0.0164851417273999
1077.20697084186,0.0,1076.481,0.011837193434794058
1077.6724881153439,0.0,1076.939,-0.14066823760538605
1078.1380053888279,0.0,1077.409,0.02708780146761902
1078.603522662312,0.0,1077.875,0.01837318685709244
1079.069039935796,0.0,1078.34,0.011837193434794058
1079.5345572092797,0.0,1078.805,-0.027378377526154685
1080.0000744827637,0.0,1079.27,-0.02302113514969828
1080.4655917562477,0.0,1079.735,-0.0164851417273999
1080.9311090297315,0.0,1080.2,0.04015965845460179
1081.3966263032155,0.0,1080.666,0.016194565668864236
1081.8621435766995,0.0,1081.129,-0.018663892773242097
1082.3276608501835,0.0,1081.591,0.0336237948899174
1082.7931781236673,0.0,1082.055,-0.0164851417273999
1083.2586953971513,0.0,1082.525,0.022730559091162617
1083.7242126706353,0.0,1082.985,-0.060058214780032815
1084.1897299441193,0.0,1083.455,-0.027378377526154685
1084.6552472176031,0.0,1083.914,-0.064415457156489
1085.1207644910871,0.0,1084.379,-0.0164851417273999
1085.5862817645711,0.0,1084.845,0.011837193434794058
1086.051799038055,0.0,1085.31,-0.24742197440470504
1086.517316311539,0.0,1085.776,-0.018663892773242097
1086.982833585023,0.0,1086.24,-0.02955712857199666
1087.448350858507,0.0,1086.706,-0.5088598932900463
1087.9138681319907,0.0,1087.17,-0.025199756337926482
1088.3793854054747,0.0,1087.636,0.01837318685709244
1088.8449026789588,0.0,1088.099,-0.025199756337926482
1089.3104199524428,0.0,1088.569,0.01837318685709244
1089.7759372259266,0.0,1089.033,0.059767508863883156
1090.2414544994106,0.0,1089.495,0.01837318685709244
1090.7069717728946,0.0,1089.959,0.037981037266373585
1091.1724890463786,0.0,1090.428,0.014015944480636033
1091.6380063198624,0.0,1090.894,-0.027378377526154685
1092.1035235933464,0.0,1091.359,0.0336237948899174
1092.5690408668304,0.0,1091.825,0.022730559091162617
1093.0345581403142,0.0,1092.285,-0.025199756337926482
1093.5000754137982,0.0,1092.751,0.022730559091162617
1093.9655926872822,0.0,1093.215,0.022730559091162617
1094.4311099607662,0.0,1093.681,0.011837193434794058
1094.89662723425,0.0,1094.144,0.029266422655847224
1095.362144507734,0.0,1094.614,0.037981037266373585
1095.827661781218,0.0,1095.077,0.0009439576360392721
1096.293179054702,0.0,1095.54,0.01837318685709244
1096.7586963281858,0.0,1096.01,0.02055180804532064
1097.2242136016698,0.0,1096.473,-0.027378377526154685
1097.6897308751538,0.0,1096.939,0.029266422655847224
1098.1552481486378,0.0,1097.402,-0.009949278162715514
1098.6207654221216,0.0,1097.868,0.029266422655847224
1099.0862826956056,0.0,1098.335,-0.027378377526154685
1099.5517999690896,0.0,1098.801,0.04669565187690017
1100.0173172425734,0.0,1099.266,0.016194565668864236
1100.4828345160574,0.0,1099.724,0.022730559091162617
1100.9483517895414,0.0,1100.192,0.62403779849897
1101.4138690630255,0.0,1100.657,0.016194565668864236
1101.8793863365092,0.0,1101.125,0.02708780146761902
1102.3449036099933,0.0,1101.588,-0.027378377526154685
1102.8104208834773,0.0,1102.055,-0.02955712857199666
1103.2759381569613,0.0,1102.518,-0.02955712857199666
1103.741455430445,0.0,1102.981,0.016194565668864236
1104.206972703929,0.0,1103.451,-0.0164851417273999
1104.672489977413,0.0,1103.909,0.1425561528774646
1105.138007250897,0.0,1104.38,-0.018663892773242097
1105.6035245243809,0.0,1104.846,0.02055180804532064
1106.0690417978649,0.0,1105.31,0.014015944480636033
1106.534559071349,0.0,1105.776,0.02055180804532064
1107.0000763448327,0.0,1106.24,0.022730559091162617
1107.4655936183167,0.0,1106.706,0.02055180804532064
1107.9311108918007,0.0,1107.17,0.022730559091162617
1108.3966281652847,0.0,1107.635,-0.08838054994222677
1108.8621454387685,0.0,1108.096,0.016194565668864236
1109.3276627122525,0.0,1108.559,0.0336237948899174
1109.7931799857365,0.0,1109.029,-0.018663892773242097
1110.2586972592205,0.0,1109.492,0.029266422655847224
1110.7242145327043,0.0,1109.955,0.00530132987010945
1111.1897318061883,0.0,1110.425,0.022730559091162617
1111.6552490796723,0.0,1110.891,0.01837318685709244
1112.1207663531563,0.0,1111.355,0.02055180804532064
1112.5862836266401,0.0,1111.82,-0.7245461828633334
1113.0518009001241,0.0,1112.285,-0.34546122645111144
1113.5173181736081,0.0,1112.751,-0.027378377526154685
1113.982835447092,0.0,1113.211,-0.07095145057878738
1114.448352720576,0.0,1113.677,-0.009949278162715514
1114.91386999406,0.0,1114.14,-0.025199756337926482
1115.379387267544,0.0,1114.611,0.009658572246565855
1115.8449045410277,0.0,1115.073,-0.060058214780032815
1116.3104218145118,0.0,1115.536,0.31031219195046966
1116.7759390879958,0.0,1116.004,-0.0164851417273999
1117.2414563614798,0.0,1116.466,0.031445043844075204
1117.7069736349636,0.0,1116.931,0.044517030688671966
1118.1724909084476,0.0,1117.394,-0.005591905928645335
1118.6380081819316,0.0,1117.86,0.029266422655847224
1119.1035254554154,0.0,1118.325,0.022730559091162617
1119.5690427288994,0.0,1118.79,0.02490918027939082
1120.0345600023834,0.0,1119.255,0.01837318685709244
1120.5000772758674,0.0,1119.721,0.0009439576360392721
1120.9655945493512,0.0,1120.186,-0.005591905928645335
1121.4311118228352,0.0,1120.651,0.11641243890349884
1121.8966290963192,0.0,1121.114,0.014015944480636033
1122.3621463698032,0.0,1121.583,0.3429918993467338
1122.827663643287,0.0,1122.047,-0.027378377526154685
1123.293180916771,0.0,1122.51,0.02055180804532064
1123.758698190255,0.0,1122.981,0.037981037266373585
1124.224215463739,0.0,1123.443,0.009658572246565855
1124.6897327372228,0.0,1123.909,0.011837193434794058
1125.1552500107068,0.0,1124.373,0.011837193434794058
1125.6207672841908,0.0,1124.838,0.009658572246565855
1126.0862845576746,0.0,1125.303,-0.12106038719610468
1126.5518018311586,0.0,1125.768,-0.020842513961470077
1127.0173191046426,0.0,1126.233,-0.025199756337926482
1127.4828363781266,0.0,1126.699,0.029266422655847224
1127.9483536516104,0.0,1127.163,0.022730559091162617
1128.4138709250944,0.0,1127.629,0.011837193434794058
1128.8793881985785,0.0,1128.092,-0.027378377526154685
1129.3449054720625,0.0,1128.554,-0.16899057276758
1129.8104227455462,0.0,1129.026,0.02055180804532064
1130.2759400190303,0.0,1129.488,0.04669565187690017
1130.7414572925143,0.0,1129.959,0.011837193434794058
1131.2069745659983,0.0,1130.414,0.009658572246565855
1131.672491839482,0.0,1130.88,-0.02955712857199666
1132.138009112966,0.0,1131.344,-0.027378377526154685
1132.60352638645,0.0,1131.81,0.06630350228618154
1133.0690436599339,0.0,1132.277,-0.007770527116873316
1133.5345609334179,0.0,1132.743,0.009658572246565855
1134.000078206902,0.0,1133.207,0.07501811689670812
1134.465595480386,0.0,1133.673,0.011837193434794058
1134.9311127538697,0.0,1134.136,-0.020842513961470077
1135.3966300273537,0.0,1134.606,0.022730559091162617
1135.8621473008377,0.0,1135.066,0.029266422655847224
1136.3276645743217,0.0,1135.529,0.01837318685709244
1136.7931818478055,0.0,1135.999,0.01837318685709244
1137.2586991212895,0.0,1136.462,-0.027378377526154685
1137.7242163947735,0.0,1136.928,-0.012127899350943716
1138.1897336682575,0.0,1137.39,0.029266422655847224
1138.6552509417413,0.0,1137.856,-0.025199756337926482
1139.1207682152253,0.0,1138.321,-0.02302113514969828
1139.5862854887093,0.0,1138.787,-0.0164851417273999
1140.0518027621931,0.0,1139.251,-0.02302113514969828
1140.5173200356771,0.0,1139.716,0.029266422655847224
1140.9828373091611,0.0,1140.182,0.016194565668864236
1141.4483545826452,0.0,1140.648,-0.02302113514969828
1141.913871856129,0.0,1141.111,-0.003413284740417133
1142.379389129613,0.0,1141.574,0.07719673808493632
1142.844906403097,0.0,1142.044,0.02708780146761902
1143.310423676581,0.0,1142.507,-0.027378377526154685
1143.7759409500648,0.0,1142.97,0.01837318685709244
1144.2414582235488,0.0,1143.44,0.0031227086818812477
1144.7069754970328,0.0,1143.905,0.06412488109795333
1145.1724927705166,0.0,1144.369,0.17305723908550052
1145.6380100440006,0.0,1144.835,0.016194565668864236
1146.1035273174846,0.0,1145.3,0.022730559091162617
1146.5690445909686,0.0,1145.766,0.0031227086818812477
1147.0345618644524,0.0,1146.225,0.01837318685709244
1147.5000791379364,0.0,1146.691,0.02055180804532064
1147.9655964114204,0.0,1147.156,0.007479951058337653
1148.4311136849044,0.0,1147.621,-0.025199756337926482
1148.8966309583882,0.0,1148.084,0.00530132987010945
1149.3621482318722,0.0,1148.554,-0.027378377526154685
1149.8276655053562,0.0,1149.018,0.011837193434794058
1150.2931827788402,0.0,1149.48,-0.02302113514969828
1150.758700052324,0.0,1149.946,0.02490918027939082
1151.224217325808,0.0,1150.412,0.01837318685709244
1151.689734599292,0.0,1150.877,0.011837193434794058
1152.1552518727758,0.0,1151.344,0.02490918027939082
1152.6207691462598,0.0,1151.81,-0.03609299213668127
1153.0862864197438,0.0,1152.27,0.029266422655847224
1153.5518036932278,0.0,1152.735,0.016194565668864236
1154.0173209667116,0.0,1153.2,0.01837318685709244
1154.4828382401956,0.0,1153.666,-0.025199756337926482
1154.9483555136796,0.0,1154.129,0.009658572246565855
1155.4138727871637,0.0,1154.599,-0.0164851417273999
1155.8793900606474,0.0,1155.062,0.02490918027939082
1156.3449073341314,0.0,1155.525,-0.018663892773242097
1156.8104246076155,0.0,1155.996,-0.027378377526154685
1157.2759418810995,0.0,1156.458,0.007479951058337653
1157.7414591545833,0.0,1156.924,0.029266422655847224
1158.2069764280673,0.0,1157.387,-0.027378377526154685
1158.6724937015513,0.0,1157.852,0.029266422655847224
1159.138010975035,0.0,1158.318,0.0009439576360392721
1159.603528248519,0.0,1158.783,0.0031227086818812477
1160.069045522003,0.0,1159.248,-0.03609299213668127
1160.534562795487,0.0,1159.714,0.029266422655847224
1161.0000800689709,0.0,1160.174,0.029266422655847224
1161.4655973424549,0.0,1160.64,0.009658572246565855
1161.931114615939,0.0,1161.111,-0.03173574976022486
1162.396631889423,0.0,1161.573,0.022730559091162617
1162.8621491629067,0.0,1162.036,-0.033914370948453065
1163.3276664363907,0.0,1162.499,0.3408132781585056
1163.7931837098747,0.0,1162.97,-0.025199756337926482
1164.2587009833587,0.0,1163.432,0.01837318685709244
1164.7242182568425,0.0,1163.898,-0.15809733696882522
1165.1897355303265,0.0,1164.363,-0.05134360016950623
1165.6552528038105,0.0,1164.828,-0.027378377526154685
1166.1207700772943,0.0,1165.295,0.0031227086818812477
1166.5862873507783,0.0,1165.754,-0.027378377526154685
1167.0518046242623,0.0,1166.222,-0.005591905928645335
1167.5173218977463,0.0,1166.687,-0.08402330756577037
1167.9828391712301,0.0,1167.152,0.06630350228618154
1168.4483564447141,0.0,1167.618,0.011837193434794058
1168.9138737181981,0.0,1168.081,-0.025199756337926482
1169.3793909916822,0.0,1168.551,0.011837193434794058
1169.844908265166,0.0,1169.011,-0.0164851417273999
1170.31042553865,0.0,1169.481,0.011837193434794058
1170.775942812134,0.0,1169.939,-0.027378377526154685
1171.241460085618,0.0,1170.41,0.016194565668864236
1171.7069773591018,0.0,1170.875,-0.012127899350943716
1172.1724946325858,0.0,1171.34,-0.027378377526154685
1172.6380119060698,0.0,1171.806,0.1774146113195707
1173.1035291795536,0.0,1172.27,0.029266422655847224
1173.5690464530376,0.0,1172.729,-0.18424118080040497
1174.0345637265216,0.0,1173.196,-0.027378377526154685
1174.5000810000056,0.0,1173.662,0.02490918027939082
1174.9655982734894,0.0,1174.125,-0.038271743182523243
1175.4311155469734,0.0,1174.595,0.011837193434794058
1175.8966328204574,0.0,1175.058,0.04669565187690017
1176.3621500939414,0.0,1175.521,0.0009439576360392721
1176.8276673674252,0.0,1175.989,0.016194565668864236
1177.2931846409092,0.0,1176.451,0.016194565668864236
1177.7587019143932,0.0,1176.917,-0.025199756337926482
1178.224219187877,0.0,1177.381,-0.5872912949271714
1178.689736461361,0.0,1177.846,-0.025199756337926482
1179.155253734845,0.0,1178.311,-0.020842513961470077
1179.620771008329,0.0,1178.776,0.022730559091162617
1180.0862882818128,0.0,1179.241,0.02055180804532064
1180.5518055552968,0.0,1179.707,0.02055180804532064
1181.0173228287808,0.0,1180.174,0.02490918027939082
1181.4828401022648,0.0,1180.639,0.029266422655847224
1181.9483573757486,0.0,1181.1,0.02708780146761902
1182.4138746492326,0.0,1181.57,-0.0164851417273999
1182.8793919227166,0.0,1182.033,0.029266422655847224
1183.3449091962007,0.0,1182.495,0.011837193434794058
1183.8104264696844,0.0,1182.963,0.01837318685709244
1184.2759437431685,0.0,1183.425,-0.012127899350943716
1184.7414610166525,0.0,1183.891,-0.04262898555897965
1185.2069782901362,0.0,1184.355,-0.025199756337926482
1185.6724955636203,0.0,1184.821,0.029266422655847224
1186.1380128371043,0.0,1185.288,-0.0164851417273999
1186.6035301105883,0.0,1185.754,0.022730559091162617
1187.069047384072,0.0,1186.219,0.031445043844075204
1187.534564657556,0.0,1186.684,-0.033914370948453065
1188.00008193104,0.0,1187.152,0.02055180804532064
1188.465599204524,0.0,1187.61,0.022730559091162617
1188.9311164780079,0.0,1188.078,0.04887427306512837
1189.396633751492,0.0,1188.54,-0.10363115797505174
1189.862151024976,0.0,1189.01,0.022730559091162617
1190.32766829846,0.0,1189.473,-0.027378377526154685
1190.7931855719437,0.0,1189.939,0.02055180804532064
1191.2587028454277,0.0,1190.401,0.011837193434794058
1191.7242201189117,0.0,1190.867,-0.02302113514969828
1192.1897373923955,0.0,1191.332,0.35824250737955854
1192.6552546658795,0.0,1191.798,0.009658572246565855
1193.1207719393635,0.0,1192.263,0.022730559091162617
1193.5862892128475,0.0,1192.729,-0.027378377526154685
1194.0518064863313,0.0,1193.196,0.022730559091162617
1194.5173237598153,0.0,1193.654,0.022730559091162617
1194.9828410332993,0.0,1194.122,0.01837318685709244
1195.4483583067833,0.0,1194.584,-0.027378377526154685
1195.9138755802671,0.0,1195.055,0.02055180804532064
1196.3793928537511,0.0,1195.517,-0.018663892773242097
1196.8449101272352,0.0,1195.981,0.01837318685709244
1197.3104274007192,0.0,1196.451,-0.03173574976022486
1197.775944674203,0.0,1196.909,0.02490918027939082
1198.241461947687,0.0,1197.38,0.029266422655847224
1198.706979221171,0.0,1197.846,0.011837193434794058
1199.1724964946548,0.0,1198.31,0.016194565668864236
1199.6380137681388,0.0,1198.776,0.09026859507191909
1200.1035310416228,0.0,1199.24,0.01837318685709244
1200.5690483151068,0.0,1199.699,-0.08838054994222677
1201.0345655885906,0.0,1200.166,0.01837318685709244
1201.5000828620746,0.0,1200.632,-0.025199756337926482
1201.9656001355586,0.0,1201.096,0.029266422655847224
1202.4311174090426,0.0,1201.566,0.02708780146761902
1202.8966346825264,0.0,1202.029,-0.02955712857199666
1203.3621519560104,0.0,1202.492,0.07501811689670812
1203.8276692294944,0.0,1202.96,0.037981037266373585
1204.2931865029784,0.0,1203.421,0.02055180804532064
1204.7587037764622,0.0,1203.887,0.02490918027939082
1205.2242210499462,0.0,1204.352,-0.04262898555897965
1205.6897383234302,0.0,1204.817,-0.025199756337926482
1206.155255596914,0.0,1205.284,0.02490918027939082
1206.620772870398,0.0,1205.749,-0.053522221357734434
1207.086290143882,0.0,1206.214,-0.027378377526154685
1207.551807417366,0.0,1206.68,0.06630350228618154
1208.0173246908498,0.0,1207.144,-0.025199756337926482
1208.4828419643338,0.0,1207.606,-0.025199756337926482
1208.9483592378178,0.0,1208.07,0.06194613005211136
1209.4138765113019,0.0,1208.54,0.02055180804532064
1209.8793937847856,0.0,1209.003,-0.018663892773242097
1210.3449110582696,0.0,1209.466,0.02055180804532064
1210.8104283317537,0.0,1209.931,0.0031227086818812477
1211.2759456052374,0.0,1210.394,-0.0164851417273999
1211.7414628787214,0.0,1210.86,0.02055180804532064
1212.2069801522055,0.0,1211.325,-0.005591905928645335
1212.6724974256895,0.0,1211.791,-0.04262898555897965
1213.1380146991733,0.0,1212.255,-0.038271743182523243
1213.6035319726573,0.0,1212.721,0.011837193434794058
1214.0690492461413,0.0,1213.188,-0.027378377526154685
1214.5345665196253,0.0,1213.654,0.02490918027939082
1215.000083793109,0.0,1214.115,-0.0012346635521889304
1215.465601066593,0.0,1214.584,0.01837318685709244
1215.931118340077,0.0,1215.048,-0.3149601402430755
1216.396635613561,0.0,1215.51,0.02055180804532064
1216.8621528870449,0.0,1215.974,0.0031227086818812477
1217.327670160529,0.0,1216.444,-0.02955712857199666
1217.793187434013,0.0,1216.909,0.022730559091162617
1218.2587047074967,0.0,1217.373,0.01837318685709244
1218.7242219809807,0.0,1217.839,-0.02302113514969828
1219.1897392544647,0.0,1218.303,-0.027378377526154685
1219.6552565279487,0.0,1218.769,0.029266422655847224
1220.1207738014325,0.0,1219.234,0.02055180804532064
1220.5862910749165,0.0,1219.699,0.011837193434794058
1221.0518083484005,0.0,1220.159,-0.025199756337926482
1221.5173256218845,0.0,1220.625,0.02490918027939082
1221.9828428953683,0.0,1221.092,0.02490918027939082
1222.4483601688523,0.0,1221.554,0.02490918027939082
1222.9138774423363,0.0,1222.022,0.01837318685709244
1223.3793947158204,0.0,1222.484,0.02490918027939082
1223.8449119893041,0.0,1222.951,0.02055180804532064
1224.3104292627881,0.0,1223.414,0.011837193434794058
1224.7759465362722,0.0,1223.879,-0.025199756337926482
1225.241463809756,0.0,1224.345,-0.025199756337926482
1225.70698108324,0.0,1224.811,0.022730559091162617
1226.172498356724,0.0,1225.277,-0.025199756337926482
1226.638015630208,0.0,1225.743,0.011837193434794058
1227.1035329036918,0.0,1226.208,0.014015944480636033
1227.5690501771758,0.0,1226.673,-0.018663892773242097
1228.0345674506598,0.0,1227.136,0.057588887675654954
1228.5000847241438,0.0,1227.599,0.02055180804532064
1228.9656019976276,0.0,1228.066,0.029266422655847224
1229.4311192711116,0.0,1228.529,-0.060058214780032815
1229.8966365445956,0.0,1228.999,0.0009439576360392721
1230.3621538180796,0.0,1229.462,-0.0164851417273999
1230.8276710915634,0.0,1229.927,0.16434275433258794
1231.2931883650474,0.0,1230.39,0.016194565668864236
1231.7587056385314,0.0,1230.856,-0.025199756337926482
1232.2242229120152,0.0,1231.321,0.05105289425335657
1232.6897401854992,0.0,1231.787,0.022730559091162617
1233.1552574589832,0.0,1232.252,0.01837318685709244
1233.6207747324672,0.0,1232.718,-0.033914370948453065
1234.086292005951,0.0,1233.184,0.02055180804532064
1234.551809279435,0.0,1233.65,-0.25177934663877544
1235.017326552919,0.0,1234.111,0.014015944480636033
1235.482843826403,0.0,1234.58,-0.009949278162715514
1235.9483610998868,0.0,1235.041,-0.14938285221591263
1236.4138783733708,0.0,1235.511,0.02055180804532064
1236.8793956468548,0.0,1235.973,-0.13848948655954407
1237.3449129203386,0.0,1236.436,-0.027378377526154685
1237.8104301938226,0.0,1236.902,0.01837318685709244
1238.2759474673067,0.0,1237.37,0.022730559091162617
1238.7414647407907,0.0,1237.835,0.02055180804532064
1239.2069820142744,0.0,1238.3,0.20137970410530848
1239.6724992877585,0.0,1238.766,-0.027378377526154685
1240.1380165612425,0.0,1239.225,0.016194565668864236
1240.6035338347265,0.0,1239.692,-0.027378377526154685
1241.0690511082103,0.0,1240.159,0.007479951058337653
1241.5345683816943,0.0,1240.625,-0.025199756337926482
1242.0000856551783,0.0,1241.088,-0.038271743182523243
1242.4656029286623,0.0,1241.551,-0.027378377526154685
1242.931120202146,0.0,1242.019,-0.0164851417273999
1243.39663747563,0.0,1242.481,0.21880893332636164
1243.862154749114,0.0,1242.947,0.022730559091162617
1244.3276720225979,0.0,1243.412,0.011837193434794058
1244.793189296082,0.0,1243.878,0.011837193434794058
1245.258706569566,0.0,1244.345,-0.033914370948453065
1245.72422384305,0.0,1244.811,0.05105289425335657
1246.1897411165337,0.0,1245.27,0.02055180804532064
1246.6552583900177,0.0,1245.735,0.044517030688671966
1247.1207756635017,0.0,1246.2,-0.027378377526154685
1247.5862929369857,0.0,1246.666,-0.0164851417273999
1248.0518102104695,0.0,1247.129,0.007479951058337653
1248.5173274839535,0.0,1247.598,-0.018663892773242097
1248.9828447574375,0.0,1248.059,-0.04262898555897965
1249.4483620309215,0.0,1248.529,0.022730559091162617
1249.9138793044053,0.0,1248.989,-0.02955712857199666
1250.3793965778893,0.0,1249.458,0.02490918027939082
1250.8449138513733,0.0,1249.924,-0.0012346635521889304
1251.3104311248571,0.0,1250.387,-0.020842513961470077
1251.7759483983411,0.0,1250.852,0.016194565668864236
1252.2414656718252,0.0,1251.314,0.022730559091162617
1252.7069829453092,0.0,1251.779,-0.025199756337926482
1253.172500218793,0.0,1252.244,-0.005591905928645335
1253.638017492277,0.0,1252.71,-0.08620192875399857
1254.103534765761,0.0,1253.177,-0.04262898555897965
1254.569052039245,0.0,1253.642,-0.0164851417273999
1255.0345693127288,0.0,1254.111,-0.027378377526154685
1255.5000865862128,0.0,1254.573,0.011837193434794058
1255.9656038596968,0.0,1255.037,-0.02302113514969828
1256.4311211331808,0.0,1255.499,0.037981037266373585
1256.8966384066646,0.0,1255.966,-0.5480755941086088
1257.3621556801486,0.0,1256.429,0.02490918027939082
1257.8276729536326,0.0,1256.894,0.01837318685709244
1258.2931902271164,0.0,1257.359,-0.02302113514969828
1258.7587075006004,0.0,1257.824,-0.033914370948453065
1259.2242247740844,0.0,1258.289,-0.027378377526154685
1259.6897420475684,0.0,1258.754,-0.0164851417273999
1260.1552593210522,0.0,1259.222,-0.025199756337926482
1260.6207765945362,0.0,1259.687,0.02490918027939082
1261.0862938680202,0.0,1260.151,-0.027378377526154685
1261.5518111415042,0.0,1260.617,0.02490918027939082
1262.017328414988,0.0,1261.085,0.009658572246565855
1262.482845688472,0.0,1261.547,0.022730559091162617
1262.948362961956,0.0,1262.015,0.01837318685709244
1263.41388023544,0.0,1262.477,-0.025199756337926482
1263.8793975089238,0.0,1262.943,0.02055180804532064
1264.3449147824078,0.0,1263.406,0.02055180804532064
1264.8104320558919,0.0,1263.872,-0.03609299213668127
1265.2759493293756,0.0,1264.337,-0.0012346635521889304
1265.7414666028596,0.0,1264.802,0.022730559091162617
1266.2069838763437,0.0,1265.269,-0.025199756337926482
1266.6725011498277,0.0,1265.735,0.02055180804532064
1267.1380184233115,0.0,1266.2,0.029266422655847224
1267.6035356967955,0.0,1266.666,-0.4042847776789553
1268.0690529702795,0.0,1267.129,0.02708780146761902
1268.5345702437635,0.0,1267.591,0.011837193434794058
1269.0000875172473,0.0,1268.059,0.011837193434794058
1269.4656047907313,0.0,1268.521,0.15998538209851776
1269.9311220642153,0.0,1268.989,0.022730559091162617
1270.396639337699,0.0,1269.451,-0.02955712857199666
1270.862156611183,0.0,1269.917,-0.03173574976022486
1271.327673884667,0.0,1270.381,-0.025199756337926482
1271.793191158151,0.0,1270.846,0.02055180804532064
1272.258708431635,0.0,1271.315,0.011837193434794058
1272.724225705119,0.0,1271.781,-0.08838054994222677
1273.189742978603,0.0,1272.241,0.02490918027939082
1273.655260252087,0.0,1272.706,0.02055180804532064
1274.1207775255707,0.0,1273.174,0.011837193434794058
1274.5862947990547,0.0,1273.639,-0.19949165897561594
1275.0518120725387,0.0,1274.099,0.02490918027939082
1275.5173293460227,0.0,1274.569,-0.027378377526154685
1275.9828466195065,0.0,1275.033,0.02055180804532064
1276.4483638929905,0.0,1275.495,-0.025199756337926482
1276.9138811664745,0.0,1275.959,0.029266422655847224
1277.3793984399583,0.0,1276.429,0.009658572246565855
1277.8449157134423,0.0,1276.894,0.011837193434794058
1278.3104329869263,0.0,1277.359,0.022730559091162617
1278.7759502604104,0.0,1277.825,0.011837193434794058
1279.2414675338941,0.0,1278.285,0.011837193434794058
1279.7069848073781,0.0,1278.75,0.022730559091162617
1280.1725020808622,0.0,1279.215,0.014015944480636033
1280.6380193543462,0.0,1279.681,-0.027378377526154685
1281.10353662783,0.0,1280.144,-0.025199756337926482
1281.569053901314,0.0,1280.614,-0.4021061564907271
1282.034571174798,0.0,1281.077,0.009658572246565855
1282.500088448282,0.0,1281.54,-0.025199756337926482
1282.9656057217658,0.0,1282.01,-0.033914370948453065
1283.4311229952498,0.0,1282.473,-0.0665940783447172
1283.8966402687338,0.0,1282.939,0.02055180804532064
1284.3621575422176,0.0,1283.402,-0.007770527116873316
1284.8276748157016,0.0,1283.867,-0.009949278162715514
1285.2931920891856,0.0,1284.332,0.029266422655847224
1285.7587093626696,0.0,1284.798,0.02055180804532064
1286.2242266361534,0.0,1285.263,-0.009949278162715514
1286.6897439096374,0.0,1285.729,-0.020842513961470077
1287.1552611831214,0.0,1286.189,0.02055180804532064
1287.6207784566054,0.0,1286.654,-0.005591905928645335
1288.0862957300892,0.0,1287.122,0.029266422655847224
1288.5518130035732,0.0,1287.584,-0.020842513961470077
1289.0173302770572,0.0,1288.055,-0.02302113514969828
1289.4828475505412,0.0,1288.517,-0.020842513961470077
1289.948364824025,0.0,1288.985,-0.0164851417273999
1290.413882097509,0.0,1289.447,0.029266422655847224
1290.879399370993,0.0,1289.913,0.022730559091162617
1291.3449166444768,0.0,1290.379,-0.07966606518931396
1291.8104339179608,0.0,1290.845,0.022730559091162617
1292.2759511914448,0.0,1291.31,0.02490918027939082
1292.7414684649289,0.0,1291.776,-0.005591905928645335
1293.2069857384126,0.0,1292.241,-0.0012346635521889304
1293.6725030118967,0.0,1292.699,-0.02955712857199666
1294.1380202853807,0.0,1293.166,-0.033914370948453065
1294.6035375588647,0.0,1293.632,0.12076968127995502
1295.0690548323485,0.0,1294.1,-0.027378377526154685
1295.5345721058325,0.0,1294.562,0.02055180804532064
1296.0000893793165,0.0,1295.025,-0.02955712857199666
1296.4656066528005,0.0,1295.495,0.016194565668864236
1296.9311239262843,0.0,1295.959,0.02708780146761902
1297.3966411997683,0.0,1296.421,0.01837318685709244
1297.8621584732523,0.0,1296.887,-0.0164851417273999
1298.327675746736,0.0,1297.354,0.011837193434794058
1298.79319302022,0.0,1297.82,-0.025199756337926482
1299.258710293704,0.0,1298.285,-0.0164851417273999
1299.724227567188,0.0,1298.744,-0.02302113514969828
1300.189744840672,0.0,1299.215,0.011837193434794058
1300.655262114156,0.0,1299.681,0.022730559091162617
1301.12077938764,0.0,1300.144,0.037981037266373585
1301.586296661124,0.0,1300.606,0.04669565187690017
1302.0518139346077,0.0,1301.073,-0.018663892773242097
1302.5173312080917,0.0,1301.536,0.022730559091162617
1302.9828484815757,0.0,1302.004,0.02490918027939082
1303.4483657550595,0.0,1302.466,0.011837193434794058
1303.9138830285435,0.0,1302.931,0.0031227086818812477
1304.3794003020275,0.0,1303.394,-0.005591905928645335
1304.8449175755115,0.0,1303.86,0.011837193434794058
1305.3104348489953,0.0,1304.325,0.016194565668864236
1305.7759521224793,0.0,1304.79,-0.033914370948453065
1306.2414693959633,0.0,1305.256,-0.08402330756577037
1306.7069866694474,0.0,1305.722,0.031445043844075204
1307.1725039429311,0.0,1306.188,-0.007770527116873316
1307.6380212164152,0.0,1306.654,0.02055180804532064
1308.1035384898992,0.0,1307.114,-0.025199756337926482
1308.5690557633832,0.0,1307.584,0.01837318685709244
1309.034573036867,0.0,1308.048,0.016194565668864236
1309.500090310351,0.0,1308.51,0.02055180804532064
1309.965607583835,0.0,1308.978,0.02055180804532064
1310.4311248573188,0.0,1309.44,0.1316629170787098
1310.8966421308028,0.0,1309.905,-0.020842513961470077
1311.3621594042868,0.0,1310.369,-0.025199756337926482
1311.8276766777708,0.0,1310.835,0.14691352511153477
1312.2931939512546,0.0,1311.303,-0.018663892773242097
1312.7587112247386,0.0,1311.768,0.035802416078145605
1313.2242284982226,0.0,1312.233,0.14691352511153477
1313.6897457717066,0.0,1312.698,0.011837193434794058
1314.1552630451904,0.0,1313.162,0.011837193434794058
1314.6207803186744,0.0,1313.628,0.02708780146761902
1315.0862975921584,0.0,1314.089,0.022730559091162617
1315.5518148656424,0.0,1314.558,-0.025199756337926482
1316.0173321391262,0.0,1315.022,0.02708780146761902
1316.4828494126102,0.0,1315.484,-0.027378377526154685
1316.9483666860942,0.0,1315.955,-0.005591905928645335
1317.413883959578,0.0,1316.418,-0.033914370948453065
1317.879401233062,0.0,1316.883,0.022730559091162617
1318.344918506546,0.0,1317.348,0.031445043844075204
1318.81043578003,0.0,1317.813,0.022730559091162617
1319.2759530535138,0.0,1318.28,0.011837193434794058
1319.7414703269978,0.0,1318.739,0.02708780146761902
1320.2069876004819,0.0,1319.211,0.01837318685709244
1320.6725048739659,0.0,1319.669,0.016194565668864236
1321.1380221474496,0.0,1320.137,0.011837193434794058
1321.6035394209337,0.0,1320.599,-0.027378377526154685
1322.0690566944177,0.0,1321.07,0.016194565668864236
1322.5345739679017,0.0,1321.532,-0.025199756337926482
1323.0000912413855,0.0,1321.996,0.02490918027939082
1323.4656085148695,0.0,1322.466,0.029266422655847224
1323.9311257883535,0.0,1322.924,0.0031227086818812477
1324.3966430618373,0.0,1323.395,-0.025199756337926482
1324.8621603353213,0.0,1323.86,0.011837193434794058
1325.3276776088053,0.0,1324.325,0.02490918027939082
1325.7931948822893,0.0,1324.79,0.011837193434794058
1326.258712155773,0.0,1325.255,0.011837193434794058
1326.724229429257,0.0,1325.714,-0.02302113514969828
1327.189746702741,0.0,1326.184,0.02055180804532064
1327.6552639762251,0.0,1326.65,-0.009949278162715514
1328.120781249709,0.0,1327.111,-0.027378377526154685
1328.586298523193,0.0,1327.581,0.029266422655847224
1329.051815796677,0.0,1328.044,-0.025199756337926482
1329.5173330701607,0.0,1328.507,0.06194613005211136
1329.9828503436447,0.0,1328.97,-0.033914370948453065
1330.4483676171287,0.0,1329.44,-0.03609299213668127
1330.9138848906127,0.0,1329.906,-0.07095145057878738
1331.3794021640965,0.0,1330.369,0.011837193434794058
1331.8449194375805,0.0,1330.835,-0.05134360016950623
1332.3104367110645,0.0,1331.299,0.0009439576360392721
1332.7759539845486,0.0,1331.765,-0.0164851417273999
1333.2414712580323,0.0,1332.229,0.02490918027939082
1333.7069885315163,0.0,1332.695,-0.03609299213668127
1334.1725058050004,0.0,1333.16,-0.0012346635521889304
1334.6380230784844,0.0,1333.625,0.011837193434794058
1335.1035403519681,0.0,1334.088,-0.046986227935436053
1335.5690576254522,0.0,1334.551,0.04669565187690017
1336.0345748989362,0.0,1335.018,-0.0164851417273999
1336.50009217242,0.0,1335.48,0.04669565187690017
1336.965609445904,0.0,1335.946,0.02708780146761902
1337.431126719388,0.0,1336.412,-0.027378377526154685
1337.896643992872,0.0,1336.878,0.011837193434794058
1338.3621612663558,0.0,1337.345,-0.027378377526154685
1338.8276785398398,0.0,1337.811,0.009658572246565855
1339.2931958133238,0.0,1338.27,-0.02955712857199666
1339.7587130868078,0.0,1338.736,-0.018663892773242097
1340.2242303602916,0.0,1339.204,-0.018663892773242097
1340.6897476337756,0.0,1339.669,0.02490918027939082
1341.1552649072596,0.0,1340.129,-0.02302113514969828
1341.6207821807436,0.0,1340.598,0.009658572246565855
1342.0862994542274,0.0,1341.059,-0.027378377526154685
1342.5518167277114,0.0,1341.529,0.016194565668864236
1343.0173340011954,0.0,1341.989,-0.025199756337926482
1343.4828512746792,0.0,1342.459,-0.02955712857199666
1343.9483685481632,0.0,1342.925,-0.02302113514969828
1344.4138858216472,0.0,1343.387,0.02490918027939082
1344.8794030951312,0.0,1343.853,0.011837193434794058
1345.344920368615,0.0,1344.318,-0.05787946373419062
1345.810437642099,0.0,1344.783,-0.025199756337926482
1346.275954915583,0.0,1345.248,0.06194613005211136
1346.741472189067,0.0,1345.714,0.011837193434794058
1347.2069894625508,0.0,1346.174,-0.02955712857199666
1347.6725067360348,0.0,1346.639,0.04887427306512837
1348.1380240095189,0.0,1347.107,-0.0164851417273999
1348.6035412830029,0.0,1347.569,0.02490918027939082
1349.0690585564867,0.0,1348.037,0.014015944480636033
1349.5345758299707,0.0,1348.499,0.01837318685709244
1350.0000931034547,0.0,1348.97,0.011837193434794058
1350.4656103769385,0.0,1349.432,0.09244721626014729
1350.9311276504225,0.0,1349.898,-0.027378377526154685
1351.3966449239065,0.0,1350.363,0.057588887675654954
1351.8621621973905,0.0,1350.829,0.022730559091162617
1352.3276794708743,0.0,1351.295,-0.027378377526154685
1352.7931967443583,0.0,1351.754,-0.025199756337926482
1353.2587140178423,0.0,1352.225,0.0031227086818812477
1353.7242312913263,0.0,1352.684,0.01837318685709244
1354.18974856481,0.0,1353.152,0.01837318685709244
1354.655265838294,0.0,1353.618,-0.02955712857199666
1355.120783111778,0.0,1354.081,-0.0164851417273999
1355.5863003852621,0.0,1354.551,-0.03173574976022486
1356.051817658746,0.0,1355.011,0.0031227086818812477
1356.51733493223,0.0,1355.474,-0.027378377526154685
1356.982852205714,0.0,1355.94,0.02490918027939082
1357.4483694791977,0.0,1356.41,-0.033914370948453065
1357.9138867526817,0.0,1356.876,0.02708780146761902
1358.3794040261657,0.0,1357.341,0.029266422655847224
1358.8449212996497,0.0,1357.799,0.02055180804532064
1359.3104385731335,0.0,1358.266,-0.014306520539171697
1359.7759558466175,0.0,1358.731,0.044517030688671966
1360.2414731201015,0.0,1359.196,0.02055180804532064
1360.7069903935856,0.0,1359.663,-0.027378377526154685
1361.1725076670693,0.0,1360.126,0.031445043844075204
1361.6380249405534,0.0,1360.595,-0.027378377526154685
1362.1035422140374,0.0,1361.058,0.016194565668864236
1362.5690594875211,0.0,1361.521,-0.0164851417273999
1363.0345767610052,0.0,1361.989,-0.027378377526154685
1363.5000940344892,0.0,1362.452,-0.038271743182523243
1363.9656113079732,0.0,1362.918,0.02708780146761902
1364.431128581457,0.0,1363.381,-0.018663892773242097
1364.896645854941,0.0,1363.846,0.02490918027939082
1365.362163128425,0.0,1364.31,-0.03173574976022486
1365.827680401909,0.0,1364.776,0.011837193434794058
1366.2931976753928,0.0,1365.243,0.02055180804532064
1366.7587149488768,0.0,1365.709,0.06194613005211136
1367.2242322223608,0.0,1366.174,-0.007770527116873316
1367.6897494958448,0.0,1366.639,-0.02302113514969828
1368.1552667693286,0.0,1367.099,0.029266422655847224
1368.6207840428126,0.0,1367.569,-0.0164851417273999
1369.0863013162966,0.0,1368.033,0.02708780146761902
1369.5518185897804,0.0,1368.495,-0.027378377526154685
1370.0173358632644,0.0,1368.959,0.016194565668864236
1370.4828531367484,0.0,1369.429,0.009658572246565855
1370.9483704102324,0.0,1369.894,0.011837193434794058
1371.4138876837162,0.0,1370.359,0.029266422655847224
1371.8794049572002,0.0,1370.825,-0.025199756337926482
1372.3449222306842,0.0,1371.284,0.022730559091162617
1372.8104395041682,0.0,1371.75,0.0009439576360392721
1373.275956777652,0.0,1372.214,0.02055180804532064
1373.741474051136,0.0,1372.679,0.02055180804532064
1374.20699132462,0.0,1373.152,-0.02955712857199666
1374.672508598104,0.0,1373.61,-0.018663892773242097
1375.1380258715878,0.0,1374.081,-0.027378377526154685
1375.6035431450719,0.0,1374.543,0.0793753592731643
1376.0690604185559,0.0,1375.007,0.009658572246565855
1376.5345776920396,0.0,1375.469,0.16434275433258794
1377.0000949655237,0.0,1375.935,0.02708780146761902
1377.4656122390077,0.0,1376.406,0.02055180804532064
1377.9311295124917,0.0,1376.864,-0.005591905928645335
1378.3966467859755,0.0,1377.329,0.011837193434794058
1378.8621640594595,0.0,1377.795,-0.038271743182523243
1379.3276813329435,0.0,1378.263,-0.027378377526154685
1379.7931986064275,0.0,1378.729,0.15998538209851776
1380.2587158799113,0.0,1379.196,-0.02955712857199666
1380.7242331533953,0.0,1379.654,-0.07095145057878738
1381.1897504268793,0.0,1380.122,-0.027378377526154685
1381.6552677003633,0.0,1380.584,0.029266422655847224
1382.120784973847,0.0,1381.055,0.1294842958904816
1382.586302247331,0.0,1381.518,0.029266422655847224
1383.0518195208151,0.0,1381.981,-0.003413284740417133
1383.517336794299,0.0,1382.45,0.029266422655847224
1383.982854067783,0.0,1382.909,0.022730559091162617
1384.448371341267,0.0,1383.38,0.0031227086818812477
1384.913888614751,0.0,1383.839,-0.027378377526154685
1385.3794058882347,0.0,1384.304,-0.33238936946412867
1385.8449231617187,0.0,1384.77,0.14473490392330657
1386.3104404352027,0.0,1385.236,-0.025199756337926482
1386.7759577086867,0.0,1385.702,-0.027378377526154685
1387.2414749821705,0.0,1386.167,0.0837327315072347
1387.7069922556545,0.0,1386.632,0.01837318685709244
1388.1725095291386,0.0,1387.096,-0.025199756337926482
1388.6380268026226,0.0,1387.565,0.02055180804532064
1389.1035440761063,0.0,1388.029,0.01837318685709244
1389.5690613495904,0.0,1388.492,0.01837318685709244
1390.0345786230744,0.0,1388.955,-0.0012346635521889304
1390.5000958965582,0.0,1389.425,-0.005591905928645335
1390.9656131700422,0.0,1389.89,-0.0164851417273999
1391.4311304435262,0.0,1390.355,-0.03609299213668127
1391.8966477170102,0.0,1390.82,0.059767508863883156
1392.362164990494,0.0,1391.281,-0.02955712857199666
1392.827682263978,0.0,1391.747,0.029266422655847224
1393.293199537462,0.0,1392.214,-0.018663892773242097
1393.758716810946,0.0,1392.68,0.022730559091162617
1394.2242340844298,0.0,1393.14,0.01837318685709244
1394.6897513579138,0.0,1393.611,-0.033914370948453065
1395.1552686313978,0.0,1394.074,0.029266422655847224
1395.6207859048816,0.0,1394.536,-0.007770527116873316
1396.0863031783656,0.0,1394.999,0.1294842958904816
1396.5518204518496,0.0,1395.47,-0.020842513961470077
1397.0173377253336,0.0,1395.935,0.0336237948899174
1397.4828549988174,0.0,1396.399,-0.025199756337926482
1397.9483722723014,0.0,1396.864,-0.025199756337926482
1398.4138895457854,0.0,1397.33,0.022730559091162617
1398.8794068192694,0.0,1397.795,0.011837193434794058
1399.3449240927532,0.0,1398.255,-0.04262898555897965
1399.8104413662372,0.0,1398.721,0.01837318685709244
1400.2759586397212,0.0,1399.188,0.022730559091162617
1400.7414759132052,0.0,1399.654,0.02055180804532064
1401.206993186689,0.0,1400.114,-0.02302113514969828
1401.672510460173,0.0,1400.583,0.02055180804532064
1402.138027733657,0.0,1401.044,0.037981037266373585
1402.6035450071408,0.0,1401.514,-0.027378377526154685
1403.0690622806248,0.0,1401.977,0.022730559091162617
1403.5345795541089,0.0,1402.44,-0.025199756337926482
1404.0000968275929,0.0,1402.906,0.0336237948899174
1404.4656141010767,0.0,1403.369,-0.027378377526154685
1404.9311313745607,0.0,1403.835,0.02055180804532064
1405.3966486480447,0.0,1404.3,0.02708780146761902
1405.8621659215287,0.0,1404.766,0.01837318685709244
1406.3276831950125,0.0,1405.233,0.009658572246565855
1406.7932004684965,0.0,1405.699,0.022730559091162617
1407.2587177419805,0.0,1406.163,0.02708780146761902
1407.7242350154645,0.0,1406.629,-0.027378377526154685
1408.1897522889483,0.0,1407.092,0.035802416078145605
1408.6552695624323,0.0,1407.555,-0.027378377526154685
1409.1207868359163,0.0,1408.025,0.02055180804532064
1409.5863041094,0.0,1408.488,-0.02302113514969828
1410.051821382884,0.0,1408.955,-0.02302113514969828
1410.517338656368,0.0,1409.418,-0.005591905928645335
1410.9828559298521,0.0,1409.883,0.04015965845460179
1411.448373203336,0.0,1410.347,-0.23217149622949407
1411.91389047682,0.0,1410.813,0.029266422655847224
1412.379407750304,0.0,1411.28,0.011837193434794058
1412.844925023788,0.0,1411.739,0.01837318685709244
1413.3104422972717,0.0,1412.21,0.0009439576360392721
1413.7759595707557,0.0,1412.676,0.009658572246565855
1414.2414768442397,0.0,1413.136,0.01837318685709244
1414.7069941177238,0.0,1413.606,-0.025199756337926482
1415.1725113912075,0.0,1414.07,0.016194565668864236
1415.6380286646915,0.0,1414.532,-0.03609299213668127
1416.1035459381756,0.0,1414.996,-0.07966606518931396
1416.5690632116593,0.0,1415.466,0.022730559091162617
1417.0345804851434,0.0,1415.924,0.02708780146761902
1417.5000977586274,0.0,1416.395,-0.1624547092028954
1417.9656150321114,0.0,1416.86,0.02708780146761902
1418.4311323055952,0.0,1417.325,0.0009439576360392721
1418.8966495790792,0.0,1417.791,-0.027378377526154685
1419.3621668525632,0.0,1418.256,-0.020842513961470077
1419.8276841260472,0.0,1418.714,-0.027378377526154685
1420.293201399531,0.0,1419.181,0.009658572246565855
1420.758718673015,0.0,1419.647,-0.027378377526154685
1421.224235946499,0.0,1420.114,-0.027378377526154685
1421.6897532199828,0.0,1420.577,0.09026859507191909
1422.1552704934668,0.0,1421.04,0.0031227086818812477
1422.6207877669508,0.0,1421.51,0.022730559091162617
1423.0863050404348,0.0,1421.97,-0.025199756337926482
1423.5518223139186,0.0,1422.44,0.037981037266373585
1424.0173395874026,0.0,1422.905,-0.060058214780032815
1424.4828568608866,0.0,1423.369,0.011837193434794058
1424.9483741343706,0.0,1423.835,-0.027378377526154685
1425.4138914078544,0.0,1424.3,-0.025199756337926482
1425.8794086813384,0.0,1424.759,-0.025199756337926482
1426.3449259548224,0.0,1425.226,-0.05134360016950623
1426.8104432283064,0.0,1425.692,0.12076968127995502
1427.2759605017902,0.0,1426.159,-0.038271743182523243
1427.7414777752742,0.0,1426.625,0.01837318685709244
1428.2069950487582,0.0,1427.088,-0.020842513961470077
1428.672512322242,0.0,1427.551,0.029266422655847224
1429.138029595726,0.0,1428.014,-0.025199756337926482
1429.60354686921,0.0,1428.484,0.016194565668864236
1430.069064142694,0.0,1428.955,0.02055180804532064
1430.5345814161778,0.0,1429.41,0.02055180804532064
1431.0000986896619,0.0,1429.876,-0.025199756337926482
1431.4656159631459,0.0,1430.341,-0.02302113514969828
1431.9311332366299,0.0,1430.806,-0.0164851417273999
1432.3966505101137,0.0,1431.27,-0.020842513961470077
1432.8621677835977,0.0,1431.736,0.30595494957401326
1433.3276850570817,0.0,1432.203,-0.020842513961470077
1433.7932023305657,0.0,1432.669,0.0336237948899174
1434.2587196040495,0.0,1433.13,-0.025199756337926482
1434.7242368775335,0.0,1433.6,-0.04480760674720785
1435.1897541510175,0.0,1434.063,0.037981037266373585
1435.6552714245013,0.0,1434.525,0.02055180804532064
1436.1207886979853,0.0,1434.992,0.02490918027939082
1436.5863059714693,0.0,1435.455,0.029266422655847224
1437.0518232449533,0.0,1435.921,-0.07313007176701558
1437.517340518437,0.0,1436.384,0.016194565668864236
1437.982857791921,0.0,1436.85,-0.02955712857199666
1438.4483750654051,0.0,1437.314,-0.03609299213668127
1438.9138923388891,0.0,1437.78,-0.07313007176701558
1439.379409612373,0.0,1438.244,-0.0164851417273999
1439.844926885857,0.0,1438.709,-0.007770527116873316
1440.310444159341,0.0,1439.174,-0.08402330756577037
1440.775961432825,0.0,1439.639,0.029266422655847224
1441.2414787063087,0.0,1440.107,0.0031227086818812477
1441.7069959797927,0.0,1440.57,0.016194565668864236
1442.1725132532767,0.0,1441.04,0.029266422655847224
1442.6380305267605,0.0,1441.503,0.01837318685709244
1443.1035478002445,0.0,1441.966,0.011837193434794058
1443.5690650737286,0.0,1442.429,0.029266422655847224
1444.0345823472126,0.0,1442.895,-0.02302113514969828
1444.5000996206963,0.0,1443.359,-0.027378377526154685
1444.9656168941804,0.0,1443.825,0.02708780146761902
1445.4311341676644,0.0,1444.292,-0.012127899350943716
1445.8966514411484,0.0,1444.758,0.01837318685709244
1446.3621687146322,0.0,1445.226,0.022730559091162617
1446.8276859881162,0.0,1445.684,0.022730559091162617
1447.2932032616002,0.0,1446.155,0.022730559091162617
1447.7587205350842,0.0,1446.62,0.016194565668864236
1448.224237808568,0.0,1447.081,0.029266422655847224
1448.689755082052,0.0,1447.544,-0.003413284740417133
1449.155272355536,0.0,1448.014,0.011837193434794058
1449.6207896290198,0.0,1448.477,-0.038271743182523243
1450.0863069025038,0.0,1448.943,0.029266422655847224
1450.5518241759878,0.0,1449.407,-0.02955712857199666
1451.0173414494718,0.0,1449.872,0.022730559091162617
1451.4828587229556,0.0,1450.336,-0.018663892773242097
1451.9483759964396,0.0,1450.802,0.029266422655847224
1452.4138932699236,0.0,1451.27,0.02055180804532064
1452.8794105434076,0.0,1451.736,0.009658572246565855
1453.3449278168914,0.0,1452.2,0.02055180804532064
1453.8104450903754,0.0,1452.666,-0.0164851417273999
1454.2759623638594,0.0,1453.129,0.016194565668864236
1454.7414796373432,0.0,1453.592,-0.027378377526154685
1455.2069969108272,0.0,1454.055,0.02490918027939082
1455.6725141843112,0.0,1454.524,-0.02955712857199666
1456.1380314577953,0.0,1454.985,0.01837318685709244
1456.603548731279,0.0,1455.456,0.011837193434794058
1457.069066004763,0.0,1455.914,0.02490918027939082
1457.534583278247,0.0,1456.38,-0.025199756337926482
1458.000100551731,0.0,1456.845,-0.018663892773242097
1458.4656178252148,0.0,1457.31,0.0837327315072347
1458.9311350986989,0.0,1457.776,0.01837318685709244
1459.3966523721829,0.0,1458.243,0.016194565668864236
1459.8621696456669,0.0,1458.709,0.011837193434794058
1460.3276869191507,0.0,1459.174,0.011837193434794058
1460.7932041926347,0.0,1459.639,-0.027378377526154685
1461.2587214661187,0.0,1460.1,0.02055180804532064
1461.7242387396025,0.0,1460.569,-0.02955712857199666
1462.1897560130865,0.0,1461.033,-0.09273792217629695
1462.6552732865705,0.0,1461.495,-0.025199756337926482
1463.1207905600545,0.0,1461.959,0.02490918027939082
1463.5863078335383,0.0,1462.429,0.029266422655847224
1464.0518251070223,0.0,1462.895,0.0031227086818812477
1464.5173423805063,0.0,1463.355,0.02055180804532064
1464.9828596539903,0.0,1463.82,0.02055180804532064
1465.448376927474,0.0,1464.285,0.029266422655847224
1465.913894200958,0.0,1464.751,-0.025199756337926482
1466.3794114744421,0.0,1465.218,0.029266422655847224
1466.8449287479261,0.0,1465.683,-0.027378377526154685
1467.31044602141,0.0,1466.144,-0.02302113514969828
1467.775963294894,0.0,1466.613,-0.025199756337926482
1468.241480568378,0.0,1467.074,-0.28228043284681137
1468.7069978418617,0.0,1467.544,0.00530132987010945
1469.1725151153457,0.0,1468.007,-0.03173574976022486
1469.6380323888297,0.0,1468.47,0.011837193434794058
1470.1035496623138,0.0,1468.935,0.009658572246565855
1470.5690669357975,0.0,1469.406,0.02490918027939082
1471.0345842092815,0.0,1469.864,0.011837193434794058
1471.5001014827656,0.0,1470.329,0.009658572246565855
1471.9656187562496,0.0,1470.795,-0.027378377526154685
1472.4311360297334,0.0,1471.262,0.06412488109795333
1472.8966533032174,0.0,1471.728,-0.018663892773242097
1473.3621705767014,0.0,1472.192,-0.02955712857199666
1473.8276878501854,0.0,1472.658,-0.0164851417273999
1474.2932051236692,0.0,1473.125,-0.0164851417273999
1474.7587223971532,0.0,1473.588,0.01837318685709244
1475.2242396706372,0.0,1474.051,-0.04262898555897965
1475.689756944121,0.0,1474.514,0.05323164529919855
1476.155274217605,0.0,1474.981,0.022730559091162617
1476.620791491089,0.0,1475.451,-0.003413284740417133
1477.086308764573,0.0,1475.909,0.04015965845460179
1477.5518260380568,0.0,1476.38,0.022730559091162617
1478.0173433115408,0.0,1476.845,-0.027378377526154685
1478.4828605850248,0.0,1477.31,-0.027378377526154685
1478.9483778585088,0.0,1477.776,0.0031227086818812477
1479.4138951319926,0.0,1478.234,-0.02302113514969828
1479.8794124054766,0.0,1478.699,-0.08184468637754216
1480.3449296789606,0.0,1479.171,0.02055180804532064
1480.8104469524444,0.0,1479.629,0.016194565668864236
1481.2759642259284,0.0,1480.099,0.04887427306512837
1481.7414814994124,0.0,1480.562,0.02055180804532064
1482.2069987728964,0.0,1481.026,0.037981037266373585
1482.6725160463802,0.0,1481.495,-0.025199756337926482
1483.1380333198642,0.0,1481.959,0.007479951058337653
1483.6035505933482,0.0,1482.421,0.037981037266373585
1484.0690678668323,0.0,1482.887,-0.02302113514969828
1484.534585140316,0.0,1483.351,-0.04480760674720785
1485.0001024138,0.0,1483.817,-0.02955712857199666
1485.465619687284,0.0,1484.281,-0.025199756337926482
1485.931136960768,0.0,1484.747,0.02490918027939082
1486.3966542342519,0.0,1485.211,0.02490918027939082
1486.8621715077359,0.0,1485.677,0.016194565668864236
1487.3276887812199,0.0,1486.148,-0.003413284740417133
1487.7932060547037,0.0,1486.607,-0.027378377526154685
1488.2587233281877,0.0,1487.073,-0.027378377526154685
1488.7242406016717,0.0,1487.535,0.022730559091162617
1489.1897578751557,0.0,1488.003,0.022730559091162617
1489.6552751486395,0.0,1488.466,0.1883078471183255
1490.1207924221235,0.0,1488.931,-0.027378377526154685
1490.5863096956075,0.0,1489.394,0.011837193434794058
1491.0518269690915,0.0,1489.859,0.016194565668864236
1491.5173442425753,0.0,1490.326,0.5891793400568637
1491.9828615160593,0.0,1490.791,0.029266422655847224
1492.4483787895433,0.0,1491.258,-0.0164851417273999
1492.9138960630273,0.0,1491.724,0.02055180804532064
1493.379413336511,0.0,1492.189,0.011837193434794058
1493.8449306099951,0.0,1492.655,-0.02302113514969828
1494.3104478834791,0.0,1493.118,0.029266422655847224
1494.775965156963,0.0,1493.58,0.02055180804532064
1495.241482430447,0.0,1494.048,0.009658572246565855
1495.706999703931,0.0,1494.51,-0.033914370948453065
1496.172516977415,0.0,1494.974,0.02708780146761902
1496.6380342508987,0.0,1495.444,-0.009949278162715514
1497.1035515243827,0.0,1495.909,0.02055180804532064
1497.5690687978667,0.0,1496.373,-0.025199756337926482
1498.0345860713508,0.0,1496.838,0.029266422655847224
1498.5001033448345,0.0,1497.303,-0.038271743182523243
1498.9656206183186,0.0,1497.768,0.016194565668864236
1499.4311378918026,0.0,1498.233,0.01837318685709244
1499.8966551652866,0.0,1498.699,-0.027378377526154685
1500.3621724387704,0.0,1499.159,0.02490918027939082
1500.8276897122544,0.0,1499.624,0.011837193434794058
1501.2932069857384,0.0,1500.092,0.04669565187690017
1501.7587242592222,0.0,1500.554,-0.04262898555897965
1502.2242415327062,0.0,1501.025,-0.0012346635521889304
1502.6897588061902,0.0,1501.488,-0.02302113514969828
1503.1552760796742,0.0,1501.955,-0.020842513961470077
1503.620793353158,0.0,1502.418,0.029266422655847224
1504.086310626642,0.0,1502.883,0.029266422655847224
1504.551827900126,0.0,1503.348,0.007479951058337653
1505.01734517361,0.0,1503.814,0.029266422655847224
1505.4828624470938,0.0,1504.28,0.016194565668864236
1505.9483797205778,0.0,1504.739,0.016194565668864236
1506.4138969940618,0.0,1505.204,-0.05787946373419062
1506.8794142675458,0.0,1505.67,-0.02302113514969828
1507.3449315410296,0.0,1506.137,-0.005591905928645335
1507.8104488145136,0.0,1506.599,-0.033914370948453065
1508.2759660879976,0.0,1507.07,-0.03173574976022486
1508.7414833614814,0.0,1507.532,0.3277414211715226
1509.2070006349654,0.0,1507.996,0.02708780146761902
1509.6725179084494,0.0,1508.466,0.02490918027939082
1510.1380351819334,0.0,1508.924,0.02490918027939082
1510.6035524554172,0.0,1509.394,-0.007770527116873316
1511.0690697289012,0.0,1509.859,0.02708780146761902
1511.5345870023853,0.0,1510.325,0.02490918027939082
1512.0001042758693,0.0,1510.79,-0.0164851417273999
1512.465621549353,0.0,1511.255,-0.04480760674720785
1512.931138822837,0.0,1511.72,-0.027378377526154685
1513.396656096321,0.0,1512.186,0.0837327315072347
1513.8621733698049,0.0,1512.644,-0.025199756337926482
1514.3276906432889,0.0,1513.114,-0.025199756337926482
1514.7932079167729,0.0,1513.577,0.02490918027939082
1515.2587251902569,0.0,1514.04,-0.025199756337926482
1515.7242424637407,0.0,1514.51,0.05541026648742675
1516.1897597372247,0.0,1514.974,-0.018663892773242097
1516.6552770107087,0.0,1515.436,0.02708780146761902
1517.1207942841927,0.0,1515.902,-0.03173574976022486
1517.5863115576765,0.0,1516.369,0.011837193434794058
1518.0518288311605,0.0,1516.835,-0.033914370948453065
1518.5173461046445,0.0,1517.3,-0.0164851417273999
1518.9828633781285,0.0,1517.759,-0.012127899350943716
1519.4483806516123,0.0,1518.226,-0.033914370948453065
1519.9138979250963,0.0,1518.691,0.1425561528774646
1520.3794151985803,0.0,1519.156,-0.0164851417273999
1520.844932472064,0.0,1519.621,0.0336237948899174
1521.310449745548,0.0,1520.084,-0.033914370948453065
1521.7759670190321,0.0,1520.554,0.02055180804532064
1522.2414842925161,0.0,1521.015,-0.025199756337926482
1522.707001566,0.0,1521.484,0.029266422655847224
1523.172518839484,0.0,1521.955,0.031445043844075204
1523.638036112968,0.0,1522.41,0.02490918027939082
1524.103553386452,0.0,1522.876,-0.04262898555897965
1524.5690706599357,0.0,1523.34,0.011837193434794058
1525.0345879334197,0.0,1523.806,-0.0687728293905594
1525.5001052069038,0.0,1524.27,-0.025199756337926482
1525.9656224803878,0.0,1524.736,0.02055180804532064
1526.4311397538715,0.0,1525.203,0.06194613005211136
1526.8966570273556,0.0,1525.67,0.02708780146761902
1527.3621743008396,0.0,1526.132,0.011837193434794058
1527.8276915743234,0.0,1526.595,0.011837193434794058
1528.2932088478074,0.0,1527.062,0.06630350228618154
1528.7587261212914,0.0,1527.525,0.029266422655847224
1529.2242433947754,0.0,1527.996,0.029266422655847224
1529.6897606682592,0.0,1528.458,-0.033914370948453065
1530.1552779417432,0.0,1528.924,0.15780676091028956
1530.6207952152272,0.0,1529.387,0.01837318685709244
1531.0863124887112,0.0,1529.853,-0.014306520539171697
1531.551829762195,0.0,1530.317,-0.025199756337926482
1532.017347035679,0.0,1530.783,0.0031227086818812477
1532.482864309163,0.0,1531.248,0.022730559091162617
1532.948381582647,0.0,1531.714,0.022730559091162617
1533.4138988561308,0.0,1532.178,0.016194565668864236
1533.8794161296148,0.0,1532.644,-0.025199756337926482
1534.3449334030988,0.0,1533.107,0.02490918027939082
1534.8104506765826,0.0,1533.569,0.022730559091162617
1535.2759679500666,0.0,1534.04,0.01837318685709244
1535.7414852235506,0.0,1534.503,-0.025199756337926482
1536.2070024970346,0.0,1534.966,0.016194565668864236
1536.6725197705184,0.0,1535.429,-0.03609299213668127
1537.1380370440024,0.0,1535.895,-0.05134360016950623
1537.6035543174864,0.0,1536.362,-0.025199756337926482
1538.0690715909705,0.0,1536.828,0.011837193434794058
1538.5345888644542,0.0,1537.293,0.011837193434794058
1539.0001061379382,0.0,1537.758,0.0031227086818812477
1539.4656234114223,0.0,1538.219,0.016194565668864236
1539.9311406849063,0.0,1538.685,-0.05787946373419062
1540.39665795839,0.0,1539.152,0.01837318685709244
1540.862175231874,0.0,1539.618,-0.027378377526154685
1541.327692505358,0.0,1540.081,0.011837193434794058
1541.7932097788419,0.0,1540.551,-0.025199756337926482
1542.2587270523259,0.0,1541.014,-0.018663892773242097
1542.7242443258099,0.0,1541.476,-0.025199756337926482
1543.189761599294,0.0,1541.942,0.011837193434794058
1543.6552788727777,0.0,1542.405,-0.03609299213668127
1544.1207961462617,0.0,1542.871,-0.02302113514969828
1544.5863134197457,0.0,1543.336,0.2819897269306617
1545.0518306932297,0.0,1543.802,0.029266422655847224
1545.5173479667135,0.0,1544.267,0.02708780146761902
1545.9828652401975,0.0,1544.733,-0.04916497898127803
1546.4483825136815,0.0,1545.199,0.01837318685709244
1546.9138997871653,0.0,1545.665,-0.025199756337926482
1547.3794170606493,0.0,1546.129,0.022730559091162617
1547.8449343341333,0.0,1546.591,0.14909214629976297
1548.3104516076173,0.0,1547.059,-0.060058214780032815
1548.775968881101,0.0,1547.522,0.3408132781585056
1549.2414861545851,0.0,1547.985,0.009658572246565855
1549.7070034280691,0.0,1548.455,0.016194565668864236
1550.1725207015531,0.0,1548.92,0.011837193434794058
1550.638037975037,0.0,1549.383,-0.027378377526154685
1551.103555248521,0.0,1549.849,0.02055180804532064
1551.569072522005,0.0,1550.315,0.01837318685709244
1552.034589795489,0.0,1550.78,-0.005591905928645335
1552.5001070689727,0.0,1551.24,0.009658572246565855
1552.9656243424567,0.0,1551.706,-0.027378377526154685
1553.4311416159408,0.0,1552.17,-0.0012346635521889304
1553.8966588894245,0.0,1552.636,-0.0164851417273999
1554.3621761629086,0.0,1553.1,0.01837318685709244
1554.8276934363926,0.0,1553.569,-0.0164851417273999
1555.2932107098766,0.0,1554.029,-0.03609299213668127
1555.7587279833604,0.0,1554.499,0.029266422655847224
1556.2242452568444,0.0,1554.962,-0.02302113514969828
1556.6897625303284,0.0,1555.424,-0.0164851417273999
1557.1552798038124,0.0,1555.89,0.014015944480636033
1557.6207970772962,0.0,1556.355,0.022730559091162617
1558.0863143507802,0.0,1556.82,0.022730559091162617
1558.5518316242642,0.0,1557.285,0.022730559091162617
1559.0173488977482,0.0,1557.75,-0.027378377526154685
1559.482866171232,0.0,1558.215,-0.027378377526154685
1559.948383444716,0.0,1558.681,0.044517030688671966
1560.4139007182,0.0,1559.144,-0.009949278162715514
1560.8794179916838,0.0,1559.614,0.02490918027939082
1561.3449352651678,0.0,1560.077,-0.027378377526154685
1561.8104525386518,0.0,1560.54,0.029266422655847224
1562.2759698121358,0.0,1561.011,0.00530132987010945
1562.7414870856196,0.0,1561.473,0.02490918027939082
1563.2070043591036,0.0,1561.939,-0.027378377526154685
1563.6725216325876,0.0,1562.402,0.00530132987010945
1564.1380389060716,0.0,1562.868,-0.03609299213668127
1564.6035561795554,0.0,1563.332,0.022730559091162617
1565.0690734530394,0.0,1563.798,-0.03173574976022486
1565.5345907265234,0.0,1564.263,-0.02302113514969828
1566.0001080000075,0.0,1564.728,-0.02302113514969828
1566.4656252734912,0.0,1565.192,-0.027378377526154685
1566.9311425469753,0.0,1565.658,0.0031227086818812477
1567.3966598204593,0.0,1566.121,-0.007770527116873316
1567.862177093943,0.0,1566.584,-0.018663892773242097
1568.327694367427,0.0,1567.051,0.009658572246565855
1568.793211640911,0.0,1567.514,0.009658572246565855
1569.258728914395,0.0,1567.982,0.022730559091162617
1569.7242461878789,0.0,1568.444,0.0031227086818812477
1570.1897634613629,0.0,1568.91,-0.0164851417273999
1570.6552807348469,0.0,1569.381,-0.02302113514969828
1571.120798008331,0.0,1569.846,-0.033914370948453065
1571.5863152818147,0.0,1570.31,-0.033914370948453065
1572.0518325552987,0.0,1570.769,-0.03609299213668127
1572.5173498287827,0.0,1571.234,-0.007770527116873316
1572.9828671022665,0.0,1571.699,-0.027378377526154685
1573.4483843757505,0.0,1572.166,0.0031227086818812477
1573.9139016492345,0.0,1572.632,0.011837193434794058
1574.3794189227185,0.0,1573.095,-0.02302113514969828
1574.8449361962023,0.0,1573.565,0.01837318685709244
1575.3104534696863,0.0,1574.026,0.031445043844075204
1575.7759707431703,0.0,1574.495,-0.05787946373419062
1576.2414880166543,0.0,1574.959,0.016194565668864236
1576.707005290138,0.0,1575.421,-0.027378377526154685
1577.1725225636221,0.0,1575.887,0.3364560357820492
1577.6380398371061,0.0,1576.354,-0.025199756337926482
1578.1035571105901,0.0,1576.82,0.02055180804532064
1578.569074384074,0.0,1577.285,0.01837318685709244
1579.034591657558,0.0,1577.744,0.022730559091162617
1579.500108931042,0.0,1578.211,0.02708780146761902
1579.9656262045257,0.0,1578.677,0.01837318685709244
1580.4311434780097,0.0,1579.14,0.02055180804532064
1580.8966607514938,0.0,1579.611,-0.025199756337926482
1581.3621780249778,0.0,1580.074,0.011837193434794058
1581.8276952984615,0.0,1580.536,0.011837193434794058
1582.2932125719456,0.0,1580.999,0.022730559091162617
1582.7587298454296,0.0,1581.469,-0.005591905928645335
1583.2242471189136,0.0,1581.935,0.022730559091162617
1583.6897643923974,0.0,1582.398,0.01837318685709244
1584.1552816658814,0.0,1582.864,-0.018663892773242097
1584.6207989393654,0.0,1583.329,0.037981037266373585
1585.0863162128494,0.0,1583.795,0.02055180804532064
1585.5518334863332,0.0,1584.26,0.02055180804532064
1586.0173507598172,0.0,1584.726,-0.018663892773242097
1586.4828680333012,0.0,1585.185,0.029266422655847224
1586.948385306785,0.0,1585.65,0.00530132987010945
1587.413902580269,0.0,1586.114,0.029266422655847224
1587.879419853753,0.0,1586.584,-0.020842513961470077
1588.344937127237,0.0,1587.044,0.014015944480636033
1588.8104544007208,0.0,1587.514,-0.025199756337926482
1589.2759716742048,0.0,1587.977,0.02055180804532064
1589.7414889476888,0.0,1588.44,-0.0164851417273999
1590.2070062211728,0.0,1588.906,0.02055180804532064
1590.6725234946566,0.0,1589.369,-0.02302113514969828
1591.1380407681406,0.0,1589.835,0.08808997388369089
1591.6035580416246,0.0,1590.299,-0.1777051873781066
1592.0690753151086,0.0,1590.765,0.02055180804532064
1592.5345925885924,0.0,1591.229,0.02055180804532064
1593.0001098620764,0.0,1591.695,-0.007770527116873316
1593.4656271355605,0.0,1592.162,0.02708780146761902
1593.9311444090442,0.0,1592.628,-0.3040669044443207
1594.3966616825282,0.0,1593.096,-0.0164851417273999
1594.8621789560123,0.0,1593.558,-0.02302113514969828
1595.3276962294963,0.0,1594.025,-0.040450364370751446
1595.79321350298,0.0,1594.488,0.05323164529919855
1596.258730776464,0.0,1594.959,-0.025199756337926482
1596.724248049948,0.0,1595.414,0.059767508863883156
1597.189765323432,0.0,1595.88,0.016194565668864236
1597.6552825969159,0.0,1596.347,0.022730559091162617
1598.1207998703999,0.0,1596.813,0.0336237948899174
1598.586317143884,0.0,1597.278,0.02055180804532064
1599.051834417368,0.0,1597.743,-0.027378377526154685
1599.5173516908517,0.0,1598.211,-0.027378377526154685
1599.9828689643357,0.0,1598.669,-0.027378377526154685
1600.4483862378197,0.0,1599.137,-0.012127899350943716
1600.9139035113035,0.0,1599.6,0.011837193434794058
1601.3794207847875,0.0,1600.07,-0.027378377526154685
1601.8449380582715,0.0,1600.532,0.02490918027939082
1602.3104553317555,0.0,1600.996,-0.02955712857199666
1602.7759726052393,0.0,1601.465,0.009658572246565855
1603.2414898787233,0.0,1601.924,0.029266422655847224
1603.7070071522073,0.0,1602.394,-0.009949278162715514
1604.1725244256913,0.0,1602.86,0.01837318685709244
1604.6380416991751,0.0,1603.325,0.022730559091162617
1605.1035589726591,0.0,1603.784,-0.04262898555897965
1605.5690762461431,0.0,1604.251,0.011837193434794058
1606.034593519627,0.0,1604.717,-0.025199756337926482
1606.500110793111,0.0,1605.182,-0.027378377526154685
1606.965628066595,0.0,1605.648,0.011837193434794058
1607.431145340079,0.0,1606.111,-0.033914370948453065
1607.8966626135627,0.0,1606.58,0.02055180804532064
1608.3621798870468,0.0,1607.044,-0.018663892773242097
1608.8276971605308,0.0,1607.506,0.029266422655847224
1609.2932144340148,0.0,1607.974,0.02055180804532064
1609.7587317074986,0.0,1608.436,0.01837318685709244
1610.2242489809826,0.0,1608.902,-0.018663892773242097
1610.6897662544666,0.0,1609.366,-0.7463326544608428
1611.1552835279506,0.0,1609.832,-0.025199756337926482
1611.6208008014344,0.0,1610.299,-0.027378377526154685
1612.0863180749184,0.0,1610.765,-0.025199756337926482
1612.5518353484024,0.0,1611.229,-0.027378377526154685
1613.0173526218862,0.0,1611.695,0.009658572246565855
1613.4828698953702,0.0,1612.16,0.0031227086818812477
1613.9483871688542,0.0,1612.625,0.02055180804532064
1614.4139044423382,0.0,1613.088,-0.020842513961470077
1614.879421715822,0.0,1613.551,0.029266422655847224
1615.344938989306,0.0,1614.018,0.029266422655847224
1615.81045626279,0.0,1614.48,0.011837193434794058
1616.275973536274,0.0,1614.947,-0.02955712857199666
1616.7414908097578,0.0,1615.412,0.011837193434794058
1617.2070080832418,0.0,1615.878,0.04669565187690017
1617.6725253567258,0.0,1616.344,-0.025199756337926482
1618.1380426302098,0.0,1616.809,0.011837193434794058
1618.6035599036936,0.0,1617.273,-0.038271743182523243
1619.0690771771776,0.0,1617.739,0.029266422655847224
1619.5345944506616,0.0,1618.204,0.009658572246565855
1620.0001117241454,0.0,1618.67,-0.0164851417273999
1620.4656289976294,0.0,1619.133,0.011837193434794058
1620.9311462711134,0.0,1619.595,0.01837318685709244
1621.3966635445975,0.0,1620.059,-0.03173574976022486
1621.8621808180812,0.0,1620.529,-0.04262898555897965
1622.3276980915653,0.0,1620.989,0.01837318685709244
1622.7932153650493,0.0,1621.459,-0.025199756337926482
1623.2587326385333,0.0,1621.925,0.029266422655847224
1623.724249912017,0.0,1622.388,-0.027378377526154685
1624.189767185501,0.0,1622.854,0.01837318685709244
1624.655284458985,0.0,1623.319,0.02490918027939082
1625.120801732469,0.0,1623.784,0.02055180804532064
1625.5863190059529,0.0,1624.244,-0.025199756337926482
1626.0518362794369,0.0,1624.709,0.029266422655847224
1626.517353552921,0.0,1625.174,-0.025199756337926482
1626.9828708264047,0.0,1625.64,-0.09491654336452515
1627.4483880998887,0.0,1626.11,0.06630350228618154
1627.9139053733727,0.0,1626.572,0.02055180804532064
1628.3794226468567,0.0,1627.04,0.029266422655847224
1628.8449399203405,0.0,1627.502,-0.02302113514969828
1629.3104571938245,0.0,1627.97,0.037981037266373585
1629.7759744673085,0.0,1628.432,-0.007770527116873316
1630.2414917407925,0.0,1628.898,0.031445043844075204
1630.7070090142763,0.0,1629.362,-0.0164851417273999
1631.1725262877603,0.0,1629.828,0.022730559091162617
1631.6380435612443,0.0,1630.293,0.02490918027939082
1632.1035608347283,0.0,1630.758,-0.064415457156489
1632.5690781082121,0.0,1631.219,0.02055180804532064
1633.0345953816961,0.0,1631.685,-0.02302113514969828
1633.5001126551801,0.0,1632.151,0.022730559091162617
1633.965629928664,0.0,1632.618,-0.027378377526154685
1634.431147202148,0.0,1633.081,0.02055180804532064
1634.896664475632,0.0,1633.551,0.16434275433258794
1635.362181749116,0.0,1634.014,-0.060058214780032815
1635.8276990225997,0.0,1634.477,-0.018663892773242097
1636.2932162960838,0.0,1634.943,-0.03609299213668127
1636.7587335695678,0.0,1635.407,0.04669565187690017
1637.2242508430518,0.0,1635.873,0.02055180804532064
1637.6897681165356,0.0,1636.34,0.02055180804532064
1638.1552853900196,0.0,1636.799,0.02055180804532064
1638.6208026635036,0.0,1637.266,0.009658572246565855
1639.0863199369874,0.0,1637.732,-0.05787946373419062
1639.5518372104714,0.0,1638.2,-0.0164851417273999
1640.0173544839554,0.0,1638.665,-0.027378377526154685
1640.4828717574394,0.0,1639.129,0.016194565668864236
1640.9483890309232,0.0,1639.591,-0.03173574976022486
1641.4139063044072,0.0,1640.059,-0.027378377526154685
1641.8794235778912,0.0,1640.521,-0.0164851417273999
1642.3449408513752,0.0,1640.989,-0.060058214780032815
1642.810458124859,0.0,1641.452,0.02055180804532064
1643.275975398343,0.0,1641.917,0.016194565668864236
1643.741492671827,0.0,1642.381,0.022730559091162617
1644.207009945311,0.0,1642.847,-0.025199756337926482
1644.6725272187948,0.0,1643.314,0.029266422655847224
1645.1380444922788,0.0,1643.78,-0.025199756337926482
1645.6035617657628,0.0,1644.245,-0.02302113514969828
1646.0690790392466,0.0,1644.71,-0.11016715139735012
1646.5345963127306,0.0,1645.17,0.011837193434794058
1647.0001135862146,0.0,1645.635,-0.03173574976022486
1647.4656308596986,0.0,1646.103,-0.0164851417273999
1647.9311481331824,0.0,1646.565,-0.0164851417273999
1648.3966654066664,0.0,1647.029,-0.11016715139735012
1648.8621826801505,0.0,1647.499,0.022730559091162617
1649.3276999536345,0.0,1647.96,-0.02302113514969828
1649.7932172271182,0.0,1648.429,0.02055180804532064
1650.2587345006023,0.0,1648.894,0.00530132987010945
1650.7242517740863,0.0,1649.359,-0.04262898555897965
1651.1897690475703,0.0,1649.825,-0.025199756337926482
1651.655286321054,0.0,1650.284,0.02490918027939082
1652.120803594538,0.0,1650.75,-0.025199756337926482
1652.586320868022,0.0,1651.218,-0.02302113514969828
1653.0518381415059,0.0,1651.683,-0.027378377526154685
1653.5173554149899,0.0,1652.144,-0.08402330756577037
1653.982872688474,0.0,1652.614,0.0336237948899174
1654.448389961958,0.0,1653.077,-0.038271743182523243
1654.9139072354417,0.0,1653.54,0.01837318685709244
1655.3794245089257,0.0,1654.01,0.06194613005211136
1655.8449417824097,0.0,1654.473,-0.009949278162715514
1656.3104590558937,0.0,1654.938,0.022730559091162617
1656.7759763293775,0.0,1655.401,-0.025199756337926482
1657.2414936028615,0.0,1655.867,0.007479951058337653
1657.7070108763455,0.0,1656.333,-0.02302113514969828
1658.1725281498295,0.0,1656.799,0.05541026648742675
1658.6380454233133,0.0,1657.259,-0.0012346635521889304
1659.1035626967973,0.0,1657.724,-0.027378377526154685
1659.5690799702813,0.0,1658.192,-0.027378377526154685
1660.0345972437651,0.0,1658.657,-0.0164851417273999
1660.5001145172491,0.0,1659.125,0.02055180804532064
1660.9656317907331,0.0,1659.588,0.02490918027939082
1661.4311490642172,0.0,1660.055,0.02055180804532064
1661.896666337701,0.0,1660.517,0.01837318685709244
1662.362183611185,0.0,1660.985,0.011837193434794058
1662.827700884669,0.0,1661.447,0.36477837094424315
1663.293218158153,0.0,1661.913,-0.02955712857199666
1663.7587354316368,0.0,1662.38,0.02490918027939082
1664.2242527051208,0.0,1662.845,-0.027378377526154685
1664.6897699786048,0.0,1663.31,-0.046986227935436053
1665.1552872520886,0.0,1663.776,0.01837318685709244
1665.6208045255726,0.0,1664.24,0.02055180804532064
1666.0863217990566,0.0,1664.699,0.02055180804532064
1666.5518390725406,0.0,1665.166,0.029266422655847224
1667.0173563460244,0.0,1665.632,-0.003413284740417133
1667.4828736195084,0.0,1666.095,-0.0164851417273999
1667.9483908929924,0.0,1666.565,-0.027378377526154685
1668.4139081664764,0.0,1667.029,0.016194565668864236
1668.8794254399602,0.0,1667.492,-0.018663892773242097
1669.3449427134442,0.0,1667.955,0.011837193434794058
1669.8104599869282,0.0,1668.425,-0.027378377526154685
1670.2759772604122,0.0,1668.884,-0.025199756337926482
1670.741494533896,0.0,1669.352,0.02490918027939082
1671.20701180738,0.0,1669.818,0.02490918027939082
1671.672529080864,0.0,1670.284,0.011837193434794058
1672.1380463543478,0.0,1670.75,0.016194565668864236
1672.6035636278318,0.0,1671.214,0.035802416078145605
1673.0690809013158,0.0,1671.68,0.02055180804532064
1673.5345981747998,0.0,1672.14,-0.038271743182523243
1674.0001154482836,0.0,1672.611,-0.020842513961470077
1674.4656327217676,0.0,1673.074,0.009658572246565855
1674.9311499952516,0.0,1673.536,-0.025199756337926482
1675.3966672687357,0.0,1674.0,0.011837193434794058
1675.8621845422194,0.0,1674.469,-0.027378377526154685
1676.3277018157034,0.0,1674.935,0.02490918027939082
1676.7932190891875,0.0,1675.398,-0.04262898555897965
1677.2587363626715,0.0,1675.863,-0.0164851417273999
1677.7242536361553,0.0,1676.33,0.02490918027939082
1678.1897709096393,0.0,1676.795,-0.027378377526154685
1678.6552881831233,0.0,1677.255,0.011837193434794058
1679.120805456607,0.0,1677.721,0.0009439576360392721
1679.586322730091,0.0,1678.185,0.02490918027939082
1680.051840003575,0.0,1678.651,-0.025199756337926482
1680.517357277059,0.0,1679.114,0.029266422655847224
1680.9828745505429,0.0,1679.584,-0.027378377526154685
1681.4483918240269,0.0,1680.044,0.031445043844075204
1681.913909097511,0.0,1680.514,0.029266422655847224
1682.379426370995,0.0,1680.977,-0.3062455256325489
1682.8449436444787,0.0,1681.44,-0.025199756337926482
1683.3104609179627,0.0,1681.906,0.02055180804532064
1683.7759781914467,0.0,1682.37,0.029266422655847224
1684.2414954649307,0.0,1682.836,0.02055180804532064
1684.7070127384145,0.0,1683.303,0.01837318685709244
1685.1725300118985,0.0,1683.769,-0.02955712857199666
1685.6380472853825,0.0,1684.229,0.044517030688671966
1686.1035645588663,0.0,1684.694,0.0031227086818812477
1686.5690818323503,0.0,1685.159,-0.018663892773242097
1687.0345991058343,0.0,1685.625,-0.027378377526154685
1687.5001163793183,0.0,1686.093,-0.038271743182523243
1687.9656336528021,0.0,1686.556,0.02708780146761902
1688.4311509262861,0.0,1687.026,-0.018663892773242097
1688.8966681997701,0.0,1687.488,0.029266422655847224
1689.3621854732542,0.0,1687.959,0.0837327315072347
1689.827702746738,0.0,1688.414,0.0031227086818812477
1690.293220020222,0.0,1688.88,-0.0012346635521889304
1690.758737293706,0.0,1689.344,0.029266422655847224
1691.22425456719,0.0,1689.81,-0.033914370948453065
1691.6897718406738,0.0,1690.278,-0.02955712857199666
1692.1552891141578,0.0,1690.744,-0.19731303778738774
1692.6208063876418,0.0,1691.211,-0.027378377526154685
1693.0863236611256,0.0,1691.669,-0.027378377526154685
1693.5518409346096,0.0,1692.137,-0.02955712857199666
1694.0173582080936,0.0,1692.599,0.02708780146761902
1694.4828754815776,0.0,1693.07,-0.02302113514969828
1694.9483927550614,0.0,1693.532,0.0009439576360392721
1695.4139100285454,0.0,1694.0,0.04015965845460179
1695.8794273020294,0.0,1694.462,0.01837318685709244
1696.3449445755134,0.0,1694.928,-0.025199756337926482
1696.8104618489972,0.0,1695.391,0.02055180804532064
1697.2759791224812,0.0,1695.857,0.02490918027939082
1697.7414963959652,0.0,1696.321,-0.005591905928645335
1698.207013669449,0.0,1696.787,-0.025199756337926482
1698.672530942933,0.0,1697.251,-0.09491654336452515
1699.138048216417,0.0,1697.717,-0.0164851417273999
1699.603565489901,0.0,1698.182,-0.0164851417273999
1700.0690827633848,0.0,1698.648,0.007479951058337653
1700.5346000368688,0.0,1699.11,-0.027378377526154685
1701.0001173103528,0.0,1699.58,0.02055180804532064
1701.4656345838368,0.0,1700.04,-0.025199756337926482
1701.9311518573206,0.0,1700.51,-0.005591905928645335
1702.3966691308046,0.0,1700.974,0.02708780146761902
1702.8621864042887,0.0,1701.436,0.02055180804532064
1703.3277036777727,0.0,1701.902,-0.033914370948453065
1703.7932209512564,0.0,1702.366,-0.16027608801466742
1704.2587382247405,0.0,1702.832,-0.009949278162715514
1704.7242554982245,0.0,1703.296,-0.018663892773242097
1705.1897727717082,0.0,1703.762,0.009658572246565855
1705.6552900451923,0.0,1704.229,-0.03173574976022486
1706.1208073186763,0.0,1704.694,0.037981037266373585
1706.5863245921603,0.0,1705.159,0.0031227086818812477
1707.051841865644,0.0,1705.624,0.02055180804532064
1707.517359139128,0.0,1706.085,0.04669565187690017
1707.982876412612,0.0,1706.554,0.014015944480636033
1708.448393686096,0.0,1707.018,-0.03609299213668127
1708.9139109595799,0.0,1707.481,-0.046986227935436053
1709.379428233064,0.0,1707.948,-0.0164851417273999
1709.844945506548,0.0,1708.412,0.029266422655847224
1710.310462780032,0.0,1708.878,0.04669565187690017
1710.7759800535157,0.0,1709.344,-0.025199756337926482
1711.2414973269997,0.0,1709.81,0.02708780146761902
1711.7070146004837,0.0,1710.27,-0.025199756337926482
1712.1725318739675,0.0,1710.736,0.02055180804532064
1712.6380491474515,0.0,1711.2,0.014015944480636033
1713.1035664209355,0.0,1711.666,0.011837193434794058
1713.5690836944195,0.0,1712.129,-0.020842513961470077
1714.0346009679033,0.0,1712.599,0.016194565668864236
1714.5001182413873,0.0,1713.059,0.022730559091162617
1714.9656355148713,0.0,1713.529,-0.025199756337926482
1715.4311527883553,0.0,1713.992,0.0031227086818812477
1715.8966700618391,0.0,1714.455,-0.027378377526154685
1716.3621873353231,0.0,1714.921,0.0793753592731643
1716.8277046088072,0.0,1715.384,0.011837193434794058
1717.2932218822912,0.0,1715.849,-0.0164851417273999
1717.758739155775,0.0,1716.315,0.05105289425335657
1718.224256429259,0.0,1716.78,0.06194613005211136
1718.689773702743,0.0,1717.248,0.0031227086818812477
1719.1552909762268,0.0,1717.713,0.029266422655847224
1719.6208082497108,0.0,1718.174,0.029266422655847224
1720.0863255231948,0.0,1718.64,0.011837193434794058
1720.5518427966788,0.0,1719.111,0.02490918027939082
1721.0173600701626,0.0,1719.573,-0.033914370948453065
1721.4828773436466,0.0,1720.041,-0.025199756337926482
1721.9483946171306,0.0,1720.503,0.0837327315072347
1722.4139118906146,0.0,1720.966,0.0031227086818812477
1722.8794291640984,0.0,1721.429,-0.027378377526154685
1723.3449464375824,0.0,1721.895,0.02490918027939082
1723.8104637110664,0.0,1722.362,0.031445043844075204
1724.2759809845504,0.0,1722.828,0.01837318685709244
1724.7414982580342,0.0,1723.295,0.009658572246565855
1725.2070155315182,0.0,1723.754,0.016194565668864236
1725.6725328050022,0.0,1724.222,0.02490918027939082
1726.138050078486,0.0,1724.687,-0.22345688161896748
1726.60356735197,0.0,1725.151,0.029266422655847224
1727.069084625454,0.0,1725.617,-0.02302113514969828
1727.534601898938,0.0,1726.085,0.02055180804532064
1728.0001191724218,0.0,1726.547,-0.027378377526154685
1728.4656364459058,0.0,1727.01,0.02055180804532064
1728.9311537193898,0.0,1727.48,0.02490918027939082
1729.3966709928739,0.0,1727.946,0.04887427306512837
1729.8621882663576,0.0,1728.404,0.016194565668864236
1730.3277055398416,0.0,1728.87,-0.027378377526154685
1730.7932228133257,0.0,1729.336,0.016194565668864236
1731.2587400868094,0.0,1729.803,-0.03609299213668127
1731.7242573602934,0.0,1730.271,-0.027378377526154685
1732.1897746337775,0.0,1730.729,-0.025199756337926482
1732.6552919072615,0.0,1731.196,0.016194565668864236
1733.1208091807453,0.0,1731.662,-0.027378377526154685
1733.5863264542293,0.0,1732.125,0.037981037266373585
1734.0518437277133,0.0,1732.595,-0.018663892773242097
1734.5173610011973,0.0,1733.055,-0.0665940783447172
1734.982878274681,0.0,1733.525,0.022730559091162617
1735.448395548165,0.0,1733.985,-0.025199756337926482
1735.913912821649,0.0,1734.455,0.011837193434794058
1736.379430095133,0.0,1734.921,-0.027378377526154685
1736.8449473686169,0.0,1735.384,0.022730559091162617
1737.310464642101,0.0,1735.849,0.0031227086818812477
1737.775981915585,0.0,1736.314,-0.025199756337926482
1738.2414991890687,0.0,1736.78,-0.04480760674720785
1738.7070164625527,0.0,1737.245,-0.009949278162715514
1739.1725337360367,0.0,1737.71,0.01837318685709244
1739.6380510095207,0.0,1738.17,-0.025199756337926482
1740.1035682830045,0.0,1738.635,-0.020842513961470077
1740.5690855564885,0.0,1739.103,-0.0164851417273999
1741.0346028299725,0.0,1739.565,0.037981037266373585
1741.5001201034565,0.0,1740.033,-0.025199756337926482
1741.9656373769403,0.0,1740.495,0.01837318685709244
1742.4311546504243,0.0,1740.959,-0.04262898555897965
1742.8966719239083,0.0,1741.429,0.044517030688671966
1743.3621891973924,0.0,1741.895,0.029266422655847224
1743.8277064708761,0.0,1742.354,0.02055180804532064
1744.2932237443601,0.0,1742.82,-0.033914370948453065
1744.7587410178442,0.0,1743.284,-0.007770527116873316
1745.224258291328,0.0,1743.75,-0.027378377526154685
1745.689775564812,0.0,1744.214,-0.2125636458202127
1746.155292838296,0.0,1744.68,-0.027378377526154685
1746.62081011178,0.0,1745.152,0.029266422655847224
1747.0863273852638,0.0,1745.611,0.02055180804532064
1747.5518446587478,0.0,1746.074,-0.038271743182523243
1748.0173619322318,0.0,1746.544,-0.027378377526154685
1748.4828792057158,0.0,1747.007,0.022730559091162617
1748.9483964791996,0.0,1747.469,0.029266422655847224
1749.4139137526836,0.0,1747.935,-0.02302113514969828
1749.8794310261676,0.0,1748.405,0.022730559091162617
1750.3449482996516,0.0,1748.87,-0.05787946373419062
1750.8104655731354,0.0,1749.329,-0.025199756337926482
1751.2759828466194,0.0,1749.795,0.02490918027939082
1751.7415001201034,0.0,1750.259,-0.025199756337926482
1752.2070173935872,0.0,1750.725,0.044517030688671966
1752.6725346670712,0.0,1751.192,-0.012127899350943716
1753.1380519405552,0.0,1751.657,0.029266422655847224
1753.6035692140392,0.0,1752.126,0.029266422655847224
1754.069086487523,0.0,1752.588,-0.027378377526154685
1754.534603761007,0.0,1753.051,0.029266422655847224
1755.000121034491,0.0,1753.514,0.02055180804532064
1755.465638307975,0.0,1753.985,0.011837193434794058
1755.9311555814588,0.0,1754.447,-0.02302113514969828
1756.3966728549428,0.0,1754.913,-0.025199756337926482
1756.8621901284268,0.0,1755.379,0.02055180804532064
1757.3277074019106,0.0,1755.845,-0.020842513961470077
1757.7932246753946,0.0,1756.311,0.029266422655847224
1758.2587419488787,0.0,1756.769,0.029266422655847224
1758.7242592223627,0.0,1757.236,0.029266422655847224
1759.1897764958464,0.0,1757.703,-0.5306463648875557
1759.6552937693305,0.0,1758.169,0.014015944480636033
1760.1208110428145,0.0,1758.635,0.016194565668864236
1760.5863283162985,0.0,1759.096,0.029266422655847224
1761.0518455897823,0.0,1759.566,-0.018663892773242097
1761.5173628632663,0.0,1760.029,0.0031227086818812477
1761.9828801367503,0.0,1760.492,-0.027378377526154685
1762.4483974102343,0.0,1760.955,0.00530132987010945
1762.913914683718,0.0,1761.425,0.00530132987010945
1763.379431957202,0.0,1761.891,0.02708780146761902
1763.844949230686,0.0,1762.355,0.016194565668864236
1764.3104665041699,0.0,1762.814,0.02708780146761902
1764.775983777654,0.0,1763.28,0.06848212347440974
1765.241501051138,0.0,1763.746,0.01837318685709244
1765.707018324622,0.0,1764.211,0.02708780146761902
1766.1725355981057,0.0,1764.677,0.011837193434794058
1766.6380528715897,0.0,1765.14,-0.03609299213668127
1767.1035701450737,0.0,1765.61,-0.025199756337926482
1767.5690874185577,0.0,1766.073,0.04669565187690017
1768.0346046920415,0.0,1766.536,-0.020842513961470077
1768.5001219655255,0.0,1767.003,-0.03173574976022486
1768.9656392390095,0.0,1767.465,-0.020842513961470077
1769.4311565124935,0.0,1767.931,0.011837193434794058
1769.8966737859773,0.0,1768.394,0.02055180804532064
1770.3621910594613,0.0,1768.859,-0.07095145057878738
1770.8277083329453,0.0,1769.325,0.029266422655847224
1771.2932256064291,0.0,1769.791,0.02708780146761902
1771.7587428799131,0.0,1770.258,0.016194565668864236
1772.2242601533972,0.0,1770.724,-0.10363115797505174
1772.6897774268812,0.0,1771.189,-0.025199756337926482
1773.155294700365,0.0,1771.655,0.16216400328674596
1773.620811973849,0.0,1772.118,0.0031227086818812477
1774.086329247333,0.0,1772.58,-0.027378377526154685
1774.551846520817,0.0,1773.048,-0.02302113514969828
1775.0173637943008,0.0,1773.51,-0.02302113514969828
1775.4828810677848,0.0,1773.977,-0.033914370948453065
1775.9483983412688,0.0,1774.44,0.029266422655847224
1776.4139156147528,0.0,1774.906,0.02055180804532064
1776.8794328882366,0.0,1775.37,0.031445043844075204
1777.3449501617206,0.0,1775.835,0.01837318685709244
1777.8104674352046,0.0,1776.303,0.016194565668864236
1778.2759847086884,0.0,1776.769,-0.025199756337926482
1778.7415019821724,0.0,1777.234,-0.0164851417273999
1779.2070192556564,0.0,1777.7,0.011837193434794058
1779.6725365291404,0.0,1778.159,-0.03173574976022486
1780.1380538026242,0.0,1778.625,-0.17552656618987839
1780.6035710761082,0.0,1779.093,-0.02302113514969828
1781.0690883495922,0.0,1779.555,0.02708780146761902
1781.5346056230762,0.0,1780.025,-0.025199756337926482
1782.00012289656,0.0,1780.488,0.0336237948899174
1782.465640170044,0.0,1780.959,0.014015944480636033
1782.931157443528,0.0,1781.414,0.029266422655847224
1783.396674717012,0.0,1781.879,0.01837318685709244
1783.8621919904958,0.0,1782.344,0.02490918027939082
1784.3277092639798,0.0,1782.809,0.3451706503925758
1784.7932265374639,0.0,1783.274,-0.060058214780032815
1785.2587438109476,0.0,1783.74,-0.018663892773242097
1785.7242610844316,0.0,1784.207,-0.04480760674720785
1786.1897783579157,0.0,1784.673,0.01837318685709244
1786.6552956313997,0.0,1785.136,-0.025199756337926482
1787.1208129048835,0.0,1785.599,0.029266422655847224
1787.5863301783675,0.0,1786.069,-0.018663892773242097
1788.0518474518515,0.0,1786.532,0.0009439576360392721
1788.5173647253355,0.0,1786.996,0.15780676091028956
1788.9828819988193,0.0,1787.466,0.011837193434794058
1789.4483992723033,0.0,1787.924,0.022730559091162617
1789.9139165457873,0.0,1788.394,0.02708780146761902
1790.379433819271,0.0,1788.86,-0.02955712857199666
1790.844951092755,0.0,1789.325,-0.033914370948453065
1791.310468366239,0.0,1789.784,-0.020842513961470077
1791.775985639723,0.0,1790.256,0.04015965845460179
1792.241502913207,0.0,1790.714,0.057588887675654954
1792.707020186691,0.0,1791.181,-0.018663892773242097
1793.172537460175,0.0,1791.646,0.0336237948899174
1793.638054733659,0.0,1792.114,-0.02955712857199666
1794.1035720071427,0.0,1792.576,0.02055180804532064
1794.5690892806267,0.0,1793.04,-0.012127899350943716
1795.0346065541107,0.0,1793.51,0.022730559091162617
1795.5001238275947,0.0,1793.974,0.01837318685709244
1795.9656411010785,0.0,1794.436,-0.3519972198734098
1796.4311583745625,0.0,1794.902,-0.03173574976022486
1796.8966756480465,0.0,1795.366,-0.012127899350943716
1797.3621929215303,0.0,1795.832,0.02490918027939082
1797.8277101950143,0.0,1796.296,0.029266422655847224
1798.2932274684983,0.0,1796.761,0.02055180804532064
1798.7587447419824,0.0,1797.226,0.02055180804532064
1799.2242620154661,0.0,1797.692,0.0031227086818812477
1799.6897792889501,0.0,1798.159,0.0031227086818812477
1800.1552965624342,0.0,1798.625,-0.064415457156489
1800.6208138359182,0.0,1799.085,0.01837318685709244
1801.086331109402,0.0,1799.555,0.16652137552081614
1801.551848382886,0.0,1800.018,-0.0012346635521889304
1802.01736565637,0.0,1800.481,-0.02955712857199666
1802.482882929854,0.0,1800.947,-0.025199756337926482
1802.9484002033378,0.0,1801.412,0.011837193434794058
1803.4139174768218,0.0,1801.878,-0.025199756337926482
1803.8794347503058,0.0,1802.344,0.16434275433258794
1804.3449520237896,0.0,1802.809,0.02055180804532064
1804.8104692972736,0.0,1803.274,0.009658572246565855
1805.2759865707576,0.0,1803.74,-0.025199756337926482
1805.7415038442416,0.0,1804.199,0.044517030688671966
1806.2070211177254,0.0,1804.665,0.011837193434794058
1806.6725383912094,0.0,1805.133,0.022730559091162617
1807.1380556646934,0.0,1805.595,0.016194565668864236
1807.6035729381774,0.0,1806.066,0.0031227086818812477
1808.0690902116612,0.0,1806.528,-0.025199756337926482
1808.5346074851452,0.0,1806.989,0.02055180804532064
1809.0001247586292,0.0,1807.459,0.05323164529919855
1809.4656420321132,0.0,1807.924,0.022730559091162617
1809.931159305597,0.0,1808.387,-0.025199756337926482
1810.396676579081,0.0,1808.854,0.02490918027939082
1810.862193852565,0.0,1809.317,0.05323164529919855
1811.3277111260488,0.0,1809.783,0.007479951058337653
1811.7932283995328,0.0,1810.248,0.022730559091162617
1812.2587456730168,0.0,1810.714,-0.033914370948453065
1812.7242629465009,0.0,1811.174,-0.0012346635521889304
1813.1897802199846,0.0,1811.64,-0.027378377526154685
1813.6552974934687,0.0,1812.111,-0.060058214780032815
1814.1208147669527,0.0,1812.573,-0.0164851417273999
1814.5863320404367,0.0,1813.036,0.02055180804532064
1815.0518493139205,0.0,1813.499,-0.027378377526154685
1815.5173665874045,0.0,1813.97,-0.033914370948453065
1815.9828838608885,0.0,1814.433,0.029266422655847224
1816.4484011343725,0.0,1814.898,0.02708780146761902
1816.9139184078563,0.0,1815.363,-0.007770527116873316
1817.3794356813403,0.0,1815.828,-0.027378377526154685
1817.8449529548243,0.0,1816.295,0.022730559091162617
1818.310470228308,0.0,1816.754,0.02055180804532064
1818.775987501792,0.0,1817.219,0.009658572246565855
1819.241504775276,0.0,1817.684,-0.027378377526154685
1819.70702204876,0.0,1818.152,-0.025199756337926482
1820.172539322244,0.0,1818.618,0.02490918027939082
1820.638056595728,0.0,1819.081,-0.012127899350943716
1821.103573869212,0.0,1819.544,-0.009949278162715514
1821.569091142696,0.0,1820.014,-0.02302113514969828
1822.0346084161797,0.0,1820.476,0.057588887675654954
1822.5001256896637,0.0,1820.942,0.011837193434794058
1822.9656429631477,0.0,1821.405,-0.02302113514969828
1823.4311602366315,0.0,1821.87,-0.018663892773242097
1823.8966775101155,0.0,1822.337,-0.08620192875399857
1824.3621947835995,0.0,1822.804,0.022730559091162617
1824.8277120570835,0.0,1823.27,-0.02955712857199666
1825.2932293305673,0.0,1823.729,-0.025199756337926482
1825.7587466040513,0.0,1824.196,-0.027378377526154685
1826.2242638775353,0.0,1824.662,0.06848212347440974
1826.6897811510194,0.0,1825.125,-0.027378377526154685
1827.1552984245031,0.0,1825.596,0.022730559091162617
1827.6208156979872,0.0,1826.059,-0.009949278162715514
1828.0863329714712,0.0,1826.522,0.011837193434794058
1828.5518502449552,0.0,1826.985,-0.0164851417273999
1829.017367518439,0.0,1827.455,0.037981037266373585
1829.482884791923,0.0,1827.92,-0.02302113514969828
1829.948402065407,0.0,1828.383,0.00530132987010945
1830.4139193388908,0.0,1828.849,-0.005591905928645335
1830.8794366123748,0.0,1829.314,-0.020842513961470077
1831.3449538858588,0.0,1829.779,-0.005591905928645335
1831.8104711593428,0.0,1830.243,0.00530132987010945
1832.2759884328266,0.0,1830.709,-0.027378377526154685
1832.7415057063106,0.0,1831.17,-0.027378377526154685
1833.2070229797946,0.0,1831.636,0.05541026648742675
1833.6725402532786,0.0,1832.099,-0.025199756337926482
1834.1380575267624,0.0,1832.569,0.016194565668864236
1834.6035748002464,0.0,1833.032,-0.0164851417273999
1835.0690920737304,0.0,1833.495,0.022730559091162617
1835.5346093472144,0.0,1833.963,0.01837318685709244
1836.0001266206982,0.0,1834.426,-0.02955712857199666
1836.4656438941822,0.0,1834.892,0.02490918027939082
1836.9311611676662,0.0,1835.358,0.011837193434794058
1837.39667844115,0.0,1835.824,0.08591135269546268
1837.862195714634,0.0,1836.289,0.02055180804532064
1838.327712988118,0.0,1836.755,0.07501811689670812
1838.793230261602,0.0,1837.214,-0.027378377526154685
1839.2587475350858,0.0,1837.68,0.029266422655847224
1839.7242648085698,0.0,1838.144,0.0837327315072347
1840.1897820820539,0.0,1838.613,0.02055180804532064
1840.6552993555379,0.0,1839.074,0.029266422655847224
1841.1208166290216,0.0,1839.544,-0.025199756337926482
1841.5863339025057,0.0,1840.007,0.035802416078145605
1842.0518511759897,0.0,1840.469,0.022730559091162617
1842.5173684494737,0.0,1840.935,-0.020842513961470077
1842.9828857229575,0.0,1841.405,0.02708780146761902
1843.4484029964415,0.0,1841.864,-0.007770527116873316
1843.9139202699255,0.0,1842.329,-0.033914370948453065
1844.3794375434093,0.0,1842.795,0.029266422655847224
1844.8449548168933,0.0,1843.259,-0.020842513961470077
1845.3104720903773,0.0,1843.725,0.016194565668864236
1845.7759893638613,0.0,1844.192,0.02055180804532064
1846.241506637345,0.0,1844.658,-0.005591905928645335
1846.707023910829,0.0,1845.122,0.035802416078145605
1847.172541184313,0.0,1845.584,0.01837318685709244
1847.6380584577971,0.0,1846.055,0.016194565668864236
1848.103575731281,0.0,1846.517,-0.0665940783447172
1848.569093004765,0.0,1846.985,-0.04480760674720785
1849.034610278249,0.0,1847.447,-0.04262898555897965
1849.5001275517327,0.0,1847.913,0.011837193434794058
1849.9656448252167,0.0,1848.379,-0.02955712857199666
1850.4311620987007,0.0,1848.845,-0.027378377526154685
1850.8966793721847,0.0,1849.306,-0.020842513961470077
1851.3621966456685,0.0,1849.772,0.02490918027939082
1851.8277139191525,0.0,1850.236,0.02708780146761902
1852.2932311926365,0.0,1850.702,0.02055180804532064
1852.7587484661206,0.0,1851.166,0.02708780146761902
1853.2242657396043,0.0,1851.632,-0.033914370948453065
1853.6897830130883,0.0,1852.1,0.029266422655847224
1854.1553002865724,0.0,1852.562,-0.025199756337926482
1854.6208175600564,0.0,1853.025,0.022730559091162617
1855.0863348335401,0.0,1853.495,0.11423381771527064
1855.5518521070242,0.0,1853.959,-0.007770527116873316
1856.0173693805082,0.0,1854.421,-0.033914370948453065
1856.482886653992,0.0,1854.887,0.02055180804532064
1856.948403927476,0.0,1855.352,0.02490918027939082
1857.41392120096,0.0,1855.818,-0.025199756337926482
1857.879438474444,0.0,1856.285,0.02055180804532064
1858.3449557479278,0.0,1856.75,-0.027378377526154685
1858.8104730214118,0.0,1857.211,0.016194565668864236
1859.2759902948958,0.0,1857.676,0.022730559091162617
1859.7415075683798,0.0,1858.144,-0.05134360016950623
1860.2070248418636,0.0,1858.606,-0.025199756337926482
1860.6725421153476,0.0,1859.07,0.01837318685709244
1861.1380593888316,0.0,1859.54,0.029266422655847224
1861.6035766623156,0.0,1860.003,-0.0164851417273999
1862.0690939357994,0.0,1860.466,0.029266422655847224
1862.5346112092834,0.0,1860.931,0.029266422655847224
1863.0001284827674,0.0,1861.394,-0.04480760674720785
1863.4656457562512,0.0,1861.86,-0.3650690768603928
1863.9311630297352,0.0,1862.325,0.029266422655847224
1864.3966803032192,0.0,1862.791,-0.027378377526154685
1864.8621975767032,0.0,1863.258,0.022730559091162617
1865.327714850187,0.0,1863.724,-0.025199756337926482
1865.793232123671,0.0,1864.188,-0.025199756337926482
1866.258749397155,0.0,1864.654,0.037981037266373585
1866.724266670639,0.0,1865.114,-0.025199756337926482
1867.1897839441228,0.0,1865.584,0.01837318685709244
1867.6553012176068,0.0,1866.047,-0.04262898555897965
1868.1208184910909,0.0,1866.51,-0.08620192875399857
1868.5863357645749,0.0,1866.978,0.16434275433258794
1869.0518530380587,0.0,1867.44,0.08591135269546268
1869.5173703115427,0.0,1867.906,0.022730559091162617
1869.9828875850267,0.0,1868.37,0.02055180804532064
1870.4484048585105,0.0,1868.836,-0.027378377526154685
1870.9139221319945,0.0,1869.303,0.016194565668864236
1871.3794394054785,0.0,1869.768,-0.0164851417273999
1871.8449566789625,0.0,1870.233,-0.025199756337926482
1872.3104739524463,0.0,1870.699,0.05105289425335657
1872.7759912259303,0.0,1871.163,0.0336237948899174
1873.2415084994143,0.0,1871.629,0.01837318685709244
1873.7070257728983,0.0,1872.092,-0.027378377526154685
1874.172543046382,0.0,1872.554,0.022730559091162617
1874.638060319866,0.0,1873.022,0.05541026648742675
1875.10357759335,0.0,1873.485,0.022730559091162617
1875.5690948668341,0.0,1873.955,0.02055180804532064
1876.034612140318,0.0,1874.417,0.016194565668864236
1876.500129413802,0.0,1874.883,-0.03173574976022486
1876.965646687286,0.0,1875.347,-0.018663892773242097
1877.4311639607697,0.0,1875.813,-0.018663892773242097
1877.8966812342537,0.0,1876.277,-0.027378377526154685
1878.3621985077377,0.0,1876.743,0.0336237948899174
1878.8277157812217,0.0,1877.207,0.05105289425335657
1879.2932330547055,0.0,1877.673,0.009658572246565855
1879.7587503281895,0.0,1878.136,-0.03173574976022486
1880.2242676016735,0.0,1878.599,0.02055180804532064
1880.6897848751576,0.0,1879.07,0.05541026648742675
1881.1553021486413,0.0,1879.532,0.02055180804532064
1881.6208194221254,0.0,1879.996,0.007479951058337653
1882.0863366956094,0.0,1880.465,-0.02955712857199666
1882.5518539690931,0.0,1880.924,-0.03173574976022486
1883.0173712425772,0.0,1881.394,0.02055180804532064
1883.4828885160612,0.0,1881.86,-0.025199756337926482
1883.9484057895452,0.0,1882.325,-0.02955712857199666
1884.413923063029,0.0,1882.791,0.029266422655847224
1884.879440336513,0.0,1883.249,0.029266422655847224
1885.344957609997,0.0,1883.714,-0.003413284740417133
1885.810474883481,0.0,1884.181,0.21880893332636164
1886.2759921569648,0.0,1884.647,0.007479951058337653
1886.7415094304488,0.0,1885.111,-0.0012346635521889304
1887.2070267039328,0.0,1885.58,-0.03173574976022486
1887.6725439774168,0.0,1886.044,-0.0012346635521889304
1888.1380612509006,0.0,1886.507,-0.02955712857199666
1888.6035785243846,0.0,1886.97,0.029266422655847224
1889.0690957978686,0.0,1887.44,-0.0164851417273999
1889.5346130713524,0.0,1887.906,0.029266422655847224
1890.0001303448364,0.0,1888.37,0.0815539804613925
1890.4656476183204,0.0,1888.836,0.029266422655847224
1890.9311648918044,0.0,1889.295,-0.02955712857199666
1891.3966821652882,0.0,1889.761,0.02055180804532064
1891.8621994387722,0.0,1890.226,0.011837193434794058
1892.3277167122562,0.0,1890.692,-0.027378377526154685
1892.7932339857402,0.0,1891.159,0.00530132987010945
1893.258751259224,0.0,1891.625,-0.027378377526154685
1893.724268532708,0.0,1892.088,0.02055180804532064
1894.189785806192,0.0,1892.551,-0.005591905928645335
1894.655303079676,0.0,1893.014,0.022730559091162617
1895.1208203531598,0.0,1893.484,-0.0164851417273999
1895.5863376266439,0.0,1893.955,-0.005591905928645335
1896.0518549001279,0.0,1894.41,-0.025199756337926482
1896.5173721736116,0.0,1894.876,0.02055180804532064
1896.9828894470957,0.0,1895.341,0.02490918027939082
1897.4484067205797,0.0,1895.806,0.011837193434794058
1897.9139239940637,0.0,1896.273,-0.14720410117007043
1898.3794412675475,0.0,1896.738,0.02490918027939082
1898.8449585410315,0.0,1897.203,0.009658572246565855
1899.3104758145155,0.0,1897.669,-0.027378377526154685
1899.7759930879995,0.0,1898.133,0.01837318685709244
1900.2415103614833,0.0,1898.595,-0.027378377526154685
1900.7070276349673,0.0,1899.066,-0.012127899350943716
1901.1725449084513,0.0,1899.529,-0.0164851417273999
1901.6380621819353,0.0,1899.989,-0.07530869295524378
1902.103579455419,0.0,1900.458,0.5891793400568637
1902.569096728903,0.0,1900.924,0.009658572246565855
1903.0346140023871,0.0,1901.387,-0.025199756337926482
1903.500131275871,0.0,1901.853,0.009658572246565855
1903.965648549355,0.0,1902.318,0.00530132987010945
1904.431165822839,0.0,1902.784,0.0031227086818812477
1904.896683096323,0.0,1903.251,0.0031227086818812477
1905.3622003698067,0.0,1903.709,0.016194565668864236
1905.8277176432907,0.0,1904.174,0.022730559091162617
1906.2932349167747,0.0,1904.639,-0.3345679906523569
1906.7587521902587,0.0,1905.107,0.029266422655847224
1907.2242694637425,0.0,1905.569,-0.025199756337926482
1907.6897867372265,0.0,1906.04,-0.04262898555897965
1908.1553040107106,0.0,1906.502,-0.018663892773242097
1908.6208212841943,0.0,1906.97,0.0009439576360392721
1909.0863385576783,0.0,1907.433,0.011837193434794058
1909.5518558311624,0.0,1907.898,-0.02955712857199666
1910.0173731046464,0.0,1908.359,0.01837318685709244
1910.4828903781302,0.0,1908.825,-0.025199756337926482
1910.9484076516142,0.0,1909.292,0.02055180804532064
1911.4139249250982,0.0,1909.758,-0.027378377526154685
1911.8794421985822,0.0,1910.222,-0.027378377526154685
1912.344959472066,0.0,1910.688,0.02490918027939082
1912.81047674555,0.0,1911.155,-0.027378377526154685
1913.275994019034,0.0,1911.621,-0.0012346635521889304
1913.741511292518,0.0,1912.081,-0.02955712857199666
1914.2070285660018,0.0,1912.544,-0.003413284740417133
1914.6725458394858,0.0,1913.014,-0.0164851417273999
1915.1380631129698,0.0,1913.477,0.011837193434794058
1915.6035803864536,0.0,1913.943,0.05541026648742675
1916.0690976599376,0.0,1914.407,0.0336237948899174
1916.5346149334216,0.0,1914.872,-0.03173574976022486
1917.0001322069056,0.0,1915.34,0.02708780146761902
1917.4656494803894,0.0,1915.805,-0.04480760674720785
1917.9311667538734,0.0,1916.27,-0.02955712857199666
1918.3966840273574,0.0,1916.735,0.06848212347440974
1918.8622013008414,0.0,1917.199,-0.027378377526154685
1919.3277185743252,0.0,1917.665,0.01837318685709244
1919.7932358478092,0.0,1918.129,-0.025199756337926482
1920.2587531212932,0.0,1918.592,0.016194565668864236
1920.7242703947772,0.0,1919.055,0.029266422655847224
1921.189787668261,0.0,1919.525,0.01837318685709244
1921.655304941745,0.0,1919.989,0.02055180804532064
1922.120822215229,0.0,1920.451,0.029266422655847224
1922.5863394887128,0.0,1920.917,-0.027378377526154685
1923.0518567621968,0.0,1921.381,0.01837318685709244
1923.5173740356809,0.0,1921.846,-0.02302113514969828
1923.9828913091649,0.0,1922.31,-0.018663892773242097
1924.4484085826487,0.0,1922.776,-0.03173574976022486
1924.9139258561327,0.0,1923.24,-0.027378377526154685
1925.3794431296167,0.0,1923.706,0.02490918027939082
1925.8449604031007,0.0,1924.17,-0.05134360016950623
1926.3104776765845,0.0,1924.636,0.02708780146761902
1926.7759949500685,0.0,1925.099,-0.025199756337926482
1927.2415122235525,0.0,1925.569,-0.3759623126591476
1927.7070294970365,0.0,1926.033,0.02055180804532064
1928.1725467705203,0.0,1926.495,0.01837318685709244
1928.6380640440043,0.0,1926.959,0.022730559091162617
1929.1035813174883,0.0,1927.429,-0.03173574976022486
1929.569098590972,0.0,1927.894,0.06630350228618154
1930.034615864456,0.0,1928.354,-0.2692084460022146
1930.50013313794,0.0,1928.82,-0.02302113514969828
1930.9656504114241,0.0,1929.285,-0.025199756337926482
1931.431167684908,0.0,1929.751,0.02708780146761902
1931.896684958392,0.0,1930.219,-0.038271743182523243
1932.362202231876,0.0,1930.684,-0.025199756337926482
1932.82771950536,0.0,1931.152,0.016194565668864236
1933.2932367788437,0.0,1931.61,0.02055180804532064
1933.7587540523277,0.0,1932.077,0.01837318685709244
1934.2242713258117,0.0,1932.539,0.029266422655847224
1934.6897885992958,0.0,1933.01,0.011837193434794058
1935.1553058727795,0.0,1933.473,-0.025199756337926482
1935.6208231462635,0.0,1933.939,0.02490918027939082
1936.0863404197476,0.0,1934.402,0.02490918027939082
1936.5518576932313,0.0,1934.867,-0.012127899350943716
1937.0173749667154,0.0,1935.333,-0.009949278162715514
1937.4828922401994,0.0,1935.798,0.02490918027939082
1937.9484095136834,0.0,1936.262,0.029266422655847224
1938.4139267871672,0.0,1936.729,0.02055180804532064
1938.8794440606512,0.0,1937.189,0.022730559091162617
1939.3449613341352,0.0,1937.654,0.009658572246565855
1939.8104786076192,0.0,1938.122,0.02055180804532064
1940.275995881103,0.0,1938.584,-0.033914370948453065
1940.741513154587,0.0,1939.055,0.02055180804532064
1941.207030428071,0.0,1939.517,-0.027378377526154685
1941.6725477015548,0.0,1939.981,0.016194565668864236
1942.1380649750388,0.0,1940.444,-0.009949278162715514
1942.6035822485228,0.0,1940.909,0.00530132987010945
1943.0690995220068,0.0,1941.38,0.022730559091162617
1943.5346167954906,0.0,1941.846,0.0336237948899174
1944.0001340689746,0.0,1942.31,0.0031227086818812477
1944.4656513424586,0.0,1942.769,0.007479951058337653
1944.9311686159426,0.0,1943.241,-0.07095145057878738
1945.3966858894264,0.0,1943.699,-0.060058214780032815
1945.8622031629104,0.0,1944.167,-0.07748731414347199
1946.3277204363944,0.0,1944.633,-0.027378377526154685
1946.7932377098784,0.0,1945.096,0.014015944480636033
1947.2587549833622,0.0,1945.566,0.05323164529919855
1947.7242722568462,0.0,1946.029,-0.07966606518931396
1948.1897895303302,0.0,1946.491,-0.025199756337926482
1948.655306803814,0.0,1946.955,0.016194565668864236
1949.120824077298,0.0,1947.425,0.02708780146761902
1949.586341350782,0.0,1947.884,0.01837318685709244
1950.051858624266,0.0,1948.356,0.011837193434794058
1950.5173758977498,0.0,1948.814,0.009658572246565855
1950.9828931712339,0.0,1949.281,0.02708780146761902
1951.4484104447179,0.0,1949.746,0.0009439576360392721
1951.9139277182019,0.0,1950.21,0.022730559091162617
1952.3794449916857,0.0,1950.676,-0.03609299213668127
1952.8449622651697,0.0,1951.144,-0.027378377526154685
1953.3104795386537,0.0,1951.607,0.02490918027939082
1953.7759968121377,0.0,1952.07,-0.0164851417273999
1954.2415140856215,0.0,1952.54,0.02055180804532064
1954.7070313591055,0.0,1953.003,-0.03173574976022486
1955.1725486325895,0.0,1953.465,0.057588887675654954
1955.6380659060733,0.0,1953.931,0.01837318685709244
1956.1035831795573,0.0,1954.394,-0.03173574976022486
1956.5691004530413,0.0,1954.86,0.02055180804532064
1957.0346177265253,0.0,1955.325,0.02490918027939082
1957.500135000009,0.0,1955.791,0.02055180804532064
1957.965652273493,0.0,1956.256,-0.03173574976022486
1958.4311695469771,0.0,1956.721,-0.027378377526154685
1958.8966868204611,0.0,1957.189,-0.027378377526154685
1959.362204093945,0.0,1957.654,0.06630350228618154
1959.827721367429,0.0,1958.115,-0.02955712857199666
1960.293238640913,0.0,1958.585,0.016194565668864236
1960.758755914397,0.0,1959.048,-0.03609299213668127
1961.2242731878807,0.0,1959.51,0.01837318685709244
1961.6897904613647,0.0,1959.974,-0.025199756337926482
1962.1553077348487,0.0,1960.444,0.0009439576360392721
1962.6208250083325,0.0,1960.909,-0.038271743182523243
1963.0863422818165,0.0,1961.373,0.009658572246565855
1963.5518595553006,0.0,1961.839,-0.03173574976022486
1964.0173768287846,0.0,1962.303,-0.6831518608565427
1964.4828941022683,0.0,1962.769,0.09026859507191909
1964.9484113757524,0.0,1963.229,0.02055180804532064
1965.4139286492364,0.0,1963.694,-0.027378377526154685
1965.8794459227204,0.0,1964.159,-0.02955712857199666
1966.3449631962042,0.0,1964.625,0.02490918027939082
1966.8104804696882,0.0,1965.092,-0.025199756337926482
1967.2759977431722,0.0,1965.554,0.01837318685709244
1967.7415150166562,0.0,1966.025,0.029266422655847224
1968.20703229014,0.0,1966.488,0.0031227086818812477
1968.672549563624,0.0,1966.959,0.02055180804532064
1969.138066837108,0.0,1967.414,0.02708780146761902
1969.6035841105918,0.0,1967.88,-0.02955712857199666
1970.0691013840758,0.0,1968.347,-0.033914370948453065
1970.5346186575598,0.0,1968.813,-0.003413284740417133
1971.0001359310438,0.0,1969.277,-0.0164851417273999
1971.4656532045276,0.0,1969.743,0.016194565668864236
1971.9311704780116,0.0,1970.207,0.029266422655847224
1972.3966877514956,0.0,1970.674,-0.11888176600787648
1972.8622050249796,0.0,1971.137,0.5172839318420372
1973.3277222984634,0.0,1971.599,0.02055180804532064
1973.7932395719474,0.0,1972.07,0.011837193434794058
1974.2587568454314,0.0,1972.532,0.011837193434794058
1974.7242741189152,0.0,1972.996,0.037981037266373585
1975.1897913923992,0.0,1973.465,-0.009949278162715514
1975.6553086658832,0.0,1973.924,-0.0164851417273999
1976.1208259393673,0.0,1974.394,0.01837318685709244
1976.586343212851,0.0,1974.86,-0.027378377526154685
1977.051860486335,0.0,1975.325,-0.025199756337926482
1977.517377759819,0.0,1975.791,0.04015965845460179
1977.982895033303,0.0,1976.256,0.011837193434794058
1978.4484123067868,0.0,1976.715,0.0031227086818812477
1978.9139295802709,0.0,1977.182,0.02055180804532064
1979.3794468537549,0.0,1977.647,-0.24742197440470504
1979.8449641272389,0.0,1978.11,0.057588887675654954
1980.3104814007227,0.0,1978.58,-0.046986227935436053
1980.7759986742067,0.0,1979.041,0.02055180804532064
1981.2415159476907,0.0,1979.51,-0.0164851417273999
1981.7070332211745,0.0,1979.97,0.02055180804532064
1982.1725504946585,0.0,1980.44,0.04669565187690017
1982.6380677681425,0.0,1980.906,0.016194565668864236
1983.1035850416265,0.0,1981.369,-0.0164851417273999
1983.5691023151103,0.0,1981.835,0.029266422655847224
1984.0346195885943,0.0,1982.299,0.02055180804532064
1984.5001368620783,0.0,1982.765,0.029266422655847224
1984.9656541355623,0.0,1983.229,0.02055180804532064
1985.431171409046,0.0,1983.695,0.022730559091162617
1985.89668868253,0.0,1984.159,0.022730559091162617
1986.3622059560141,0.0,1984.625,-0.027378377526154685
1986.8277232294981,0.0,1985.085,0.01837318685709244
1987.293240502982,0.0,1985.555,-0.027378377526154685
1987.758757776466,0.0,1986.018,0.011837193434794058
1988.22427504995,0.0,1986.481,-0.02955712857199666
1988.6897923234337,0.0,1986.947,0.029266422655847224
1989.1553095969177,0.0,1987.412,0.01837318685709244
1989.6208268704017,0.0,1987.878,-0.10363115797505174
1990.0863441438858,0.0,1988.345,-0.3062455256325489
1990.5518614173695,0.0,1988.811,-0.025199756337926482
1991.0173786908535,0.0,1989.27,0.029266422655847224
1991.4828959643376,0.0,1989.736,0.00530132987010945
1991.9484132378216,0.0,1990.203,0.02490918027939082
1992.4139305113054,0.0,1990.669,-0.025199756337926482
1992.8794477847894,0.0,1991.129,0.016194565668864236
1993.3449650582734,0.0,1991.599,-0.0164851417273999
1993.8104823317574,0.0,1992.062,0.00530132987010945
1994.2759996052412,0.0,1992.525,-0.025199756337926482
1994.7415168787252,0.0,1992.996,-0.02302113514969828
1995.2070341522092,0.0,1993.458,-0.020842513961470077
1995.672551425693,0.0,1993.923,0.02490918027939082
1996.138068699177,0.0,1994.385,0.00530132987010945
1996.603585972661,0.0,1994.851,-0.027378377526154685
1997.069103246145,0.0,1995.318,0.011837193434794058
1997.5346205196288,0.0,1995.784,-0.027378377526154685
1998.0001377931128,0.0,1996.248,-0.027378377526154685
1998.4656550665968,0.0,1996.714,0.022730559091162617
1998.9311723400808,0.0,1997.174,0.029266422655847224
1999.3966896135646,0.0,1997.639,-0.027378377526154685
1999.8622068870486,0.0,1998.108,-0.027378377526154685
2000.3277241605326,0.0,1998.57,0.029266422655847224
2000.7932414340164,0.0,1999.041,-0.020842513961470077
2001.2587587075004,0.0,1999.502,0.029266422655847224
2001.7242759809844,0.0,1999.966,-0.03609299213668127
2002.1897932544684,0.0,2000.429,0.0336237948899174
2002.6553105279522,0.0,2000.895,0.02055180804532064
2003.1208278014362,0.0,2001.359,0.011837193434794058
2003.5863450749202,0.0,2001.825,-0.02302113514969828
2004.0518623484043,0.0,2002.295,-0.018663892773242097
2004.517379621888,0.0,2002.754,0.0031227086818812477
2004.982896895372,0.0,2003.219,-0.02955712857199666
2005.448414168856,0.0,2003.684,-0.025199756337926482
2005.91393144234,0.0,2004.152,-0.007770527116873316
2006.3794487158239,0.0,2004.617,0.04669565187690017
2006.8449659893079,0.0,2005.085,0.02055180804532064
2007.3104832627919,0.0,2005.548,0.011837193434794058
2007.7760005362757,0.0,2006.011,-0.025199756337926482
2008.2415178097597,0.0,2006.481,0.016194565668864236
2008.7070350832437,0.0,2006.939,-0.027378377526154685
2009.1725523567277,0.0,2007.41,0.01837318685709244
2009.6380696302115,0.0,2007.875,-0.02302113514969828
2010.1035869036955,0.0,2008.34,-0.020842513961470077
2010.5691041771795,0.0,2008.806,0.057588887675654954
2011.0346214506635,0.0,2009.27,0.059767508863883156
2011.5001387241473,0.0,2009.729,0.014015944480636033
2011.9656559976313,0.0,2010.196,-0.05134360016950623
2012.4311732711153,0.0,2010.662,0.022730559091162617
2012.8966905445993,0.0,2011.129,0.02055180804532064
2013.362207818083,0.0,2011.592,0.02055180804532064
2013.8277250915671,0.0,2012.055,-0.020842513961470077
2014.2932423650511,0.0,2012.525,0.011837193434794058
2014.758759638535,0.0,2012.985,0.04669565187690017
2015.224276912019,0.0,2013.455,-0.02955712857199666
2015.689794185503,0.0,2013.921,0.029266422655847224
2016.155311458987,0.0,2014.384,-0.027378377526154685
2016.6208287324707,0.0,2014.85,-0.07095145057878738
2017.0863460059547,0.0,2015.315,0.029266422655847224
2017.5518632794387,0.0,2015.781,0.02055180804532064
2018.0173805529228,0.0,2016.24,-0.025199756337926482
2018.4828978264065,0.0,2016.706,0.029266422655847224
2018.9484150998906,0.0,2017.171,0.022730559091162617
2019.4139323733746,0.0,2017.636,0.029266422655847224
2019.8794496468586,0.0,2018.099,-0.007770527116873316
2020.3449669203424,0.0,2018.569,-0.02955712857199666
2020.8104841938264,0.0,2019.033,0.031445043844075204
2021.2760014673104,0.0,2019.495,0.02708780146761902
2021.7415187407942,0.0,2019.959,0.029266422655847224
2022.2070360142782,0.0,2020.428,0.01837318685709244
2022.6725532877622,0.0,2020.894,0.09244721626014729
2023.1380705612462,0.0,2021.358,-0.025199756337926482
2023.60358783473,0.0,2021.824,0.011837193434794058
2024.069105108214,0.0,2022.289,0.02490918027939082
2024.534622381698,0.0,2022.754,0.02055180804532064
2025.000139655182,0.0,2023.214,-0.027378377526154685
2025.4656569286658,0.0,2023.68,0.009658572246565855
2025.9311742021498,0.0,2024.144,0.02055180804532064
2026.3966914756338,0.0,2024.613,0.0009439576360392721
2026.8622087491178,0.0,2025.074,0.009658572246565855
2027.3277260226016,0.0,2025.544,-0.02955712857199666
2027.7932432960856,0.0,2026.007,0.022730559091162617
2028.2587605695696,0.0,2026.469,-0.025199756337926482
2028.7242778430534,0.0,2026.935,0.02708780146761902
2029.1897951165374,0.0,2027.406,-0.027378377526154685
2029.6553123900214,0.0,2027.864,-0.027378377526154685
2030.1208296635054,0.0,2028.329,-0.02302113514969828
2030.5863469369892,0.0,2028.794,-0.0164851417273999
2031.0518642104732,0.0,2029.259,-0.0164851417273999
2031.5173814839573,0.0,2029.724,0.011837193434794058
2031.9828987574413,0.0,2030.192,0.009658572246565855
2032.448416030925,0.0,2030.658,-0.3040669044443207
2032.913933304409,0.0,2031.121,0.029266422655847224
2033.379450577893,0.0,2031.584,0.011837193434794058
2033.8449678513769,0.0,2032.052,0.02708780146761902
2034.3104851248609,0.0,2032.514,-0.025199756337926482
2034.7760023983449,0.0,2032.982,-0.027378377526154685
2035.2415196718289,0.0,2033.444,-0.02302113514969828
2035.7070369453127,0.0,2033.909,0.15562813972206135
2036.1725542187967,0.0,2034.38,0.031445043844075204
2036.6380714922807,0.0,2034.846,0.029266422655847224
2037.1035887657647,0.0,2035.31,0.02055180804532064
2037.5691060392485,0.0,2035.776,-0.04480760674720785
2038.0346233127325,0.0,2036.241,0.011837193434794058
2038.5001405862165,0.0,2036.699,-0.0164851417273999
2038.9656578597005,0.0,2037.166,0.016194565668864236
2039.4311751331843,0.0,2037.632,-0.025199756337926482
2039.8966924066683,0.0,2038.095,0.022730559091162617
2040.3622096801523,0.0,2038.559,-0.025199756337926482
2040.827726953636,0.0,2039.029,-0.027378377526154685
2041.29324422712,0.0,2039.492,0.04015965845460179
2041.7587615006041,0.0,2039.959,-0.0164851417273999
2042.2242787740881,0.0,2040.421,0.0031227086818812477
2042.689796047572,0.0,2040.886,0.014015944480636033
2043.155313321056,0.0,2041.352,0.011837193434794058
2043.62083059454,0.0,2041.817,-0.025199756337926482
2044.086347868024,0.0,2042.285,0.029266422655847224
2044.5518651415077,0.0,2042.75,-0.02302113514969828
2045.0173824149917,0.0,2043.214,0.02055180804532064
2045.4828996884758,0.0,2043.68,-0.025199756337926482
2045.9484169619598,0.0,2044.141,0.02055180804532064
2046.4139342354435,0.0,2044.604,0.02708780146761902
2046.8794515089276,0.0,2045.074,-0.025199756337926482
2047.3449687824116,0.0,2045.536,0.009658572246565855
2047.8104860558954,0.0,2045.999,-0.02302113514969828
2048.2760033293794,0.0,2046.469,0.029266422655847224
2048.741520602863,0.0,2046.934,0.05541026648742675
2049.2070378763474,0.0,2047.397,-0.027378377526154685
2049.672555149831,0.0,2047.863,0.022730559091162617
2050.1380724233154,0.0,2048.33,-0.0164851417273999
2050.603589696799,0.0,2048.795,0.029266422655847224
2051.069106970283,0.0,2049.255,-0.009949278162715514
2051.534624243767,0.0,2049.721,-0.027378377526154685
2052.000141517251,0.0,2050.185,-0.012127899350943716
2052.465658790735,0.0,2050.651,0.029266422655847224
2052.931176064219,0.0,2051.114,-0.0164851417273999
2053.396693337703,0.0,2051.583,0.011837193434794058
2053.8622106111866,0.0,2052.044,-0.012127899350943716
2054.327727884671,0.0,2052.514,0.029266422655847224
2054.7932451581546,0.0,2052.977,0.16652137552081614
2055.258762431639,0.0,2053.44,0.037981037266373585
2055.7242797051226,0.0,2053.906,-0.027378377526154685
2056.1897969786064,0.0,2054.37,0.022730559091162617
2056.6553142520906,0.0,2054.835,-0.025199756337926482
2057.1208315255744,0.0,2055.3,-0.025199756337926482
2057.586348799058,0.0,2055.766,0.01837318685709244
2058.0518660725425,0.0,2056.233,-0.0164851417273999
2058.5173833460262,0.0,2056.698,0.009658572246565855
2058.9829006195105,0.0,2057.162,-0.027378377526154685
2059.4484178929943,0.0,2057.628,0.02055180804532064
2059.913935166478,0.0,2058.092,-0.025199756337926482
2060.3794524399623,0.0,2058.555,0.011837193434794058
2060.844969713446,0.0,2059.025,0.029266422655847224
2061.31048698693,0.0,2059.488,0.01837318685709244
2061.776004260414,0.0,2059.955,0.011837193434794058
2062.241521533898,0.0,2060.418,-0.02955712857199666
2062.7070388073817,0.0,2060.884,0.037981037266373585
2063.172556080866,0.0,2061.348,0.029266422655847224
2063.6380733543497,0.0,2061.814,0.02055180804532064
2064.103590627834,0.0,2062.281,0.057588887675654954
2064.5691079013177,0.0,2062.739,0.057588887675654954
2065.0346251748015,0.0,2063.204,0.0336237948899174
2065.5001424482857,0.0,2063.669,0.02490918027939082
2065.9656597217695,0.0,2064.14,-0.020842513961470077
2066.4311769952533,0.0,2064.603,-0.03609299213668127
2066.8966942687375,0.0,2065.066,0.06848212347440974
2067.3622115422213,0.0,2065.529,0.02055180804532064
2067.827728815705,0.0,2065.996,0.04015965845460179
2068.2932460891893,0.0,2066.465,-0.027378377526154685
2068.758763362673,0.0,2066.924,-0.027378377526154685
2069.2242806361573,0.0,2067.394,-0.07313007176701558
2069.689797909641,0.0,2067.86,-0.018663892773242097
2070.155315183125,0.0,2068.321,-0.020842513961470077
2070.620832456609,0.0,2068.786,-0.038271743182523243
2071.086349730093,0.0,2069.251,0.11641243890349884
2071.5518670035767,0.0,2069.717,0.01837318685709244
2072.017384277061,0.0,2070.184,0.029266422655847224
2072.4829015505447,0.0,2070.65,0.3429918993467338
2072.948418824029,0.0,2071.11,0.022730559091162617
2073.4139360975128,0.0,2071.58,-0.027378377526154685
2073.8794533709965,0.0,2072.04,0.009658572246565855
2074.344970644481,0.0,2072.51,-0.02302113514969828
2074.8104879179646,0.0,2072.97,0.02055180804532064
2075.2760051914483,0.0,2073.44,-0.025199756337926482
2075.7415224649326,0.0,2073.905,0.011837193434794058
2076.2070397384164,0.0,2074.37,0.0031227086818812477
2076.6725570119,0.0,2074.835,0.04015965845460179
2077.1380742853844,0.0,2075.3,0.01837318685709244
2077.603591558868,0.0,2075.759,0.037981037266373585
2078.0691088323524,0.0,2076.226,0.02055180804532064
2078.534626105836,0.0,2076.691,-0.13413224418308767
2079.00014337932,0.0,2077.156,0.022730559091162617
2079.465660652804,0.0,2077.621,-0.02955712857199666
2079.931177926288,0.0,2078.089,-0.038271743182523243
2080.396695199772,0.0,2078.551,-0.0164851417273999
2080.862212473256,0.0,2079.014,0.011837193434794058
2081.32772974674,0.0,2079.484,-0.24306473202824885
2081.7932470202236,0.0,2079.955,0.016194565668864236
2082.258764293708,0.0,2080.41,0.0336237948899174
2082.7242815671916,0.0,2080.876,0.016194565668864236
2083.189798840676,0.0,2081.341,0.029266422655847224
2083.6553161141596,0.0,2081.806,-0.027378377526154685
2084.1208333876434,0.0,2082.273,0.037981037266373585
2084.5863506611277,0.0,2082.739,-0.0164851417273999
2085.0518679346114,0.0,2083.203,0.009658572246565855
2085.517385208095,0.0,2083.669,-0.027378377526154685
2085.9829024815795,0.0,2084.129,0.02055180804532064
2086.4484197550632,0.0,2084.599,0.0336237948899174
2086.913937028547,0.0,2085.062,0.0009439576360392721
2087.3794543020313,0.0,2085.524,-0.0164851417273999
2087.844971575515,0.0,2085.996,-0.025199756337926482
2088.3104888489993,0.0,2086.458,0.029266422655847224
2088.776006122483,0.0,2086.924,-0.025199756337926482
2089.241523395967,0.0,2087.387,0.057588887675654954
2089.707040669451,0.0,2087.853,-0.0012346635521889304
2090.172557942935,0.0,2088.318,0.011837193434794058
2090.6380752164187,0.0,2088.784,-0.018663892773242097
2091.103592489903,0.0,2089.251,-0.03609299213668127
2091.5691097633867,0.0,2089.709,-0.062236835968260795
2092.034627036871,0.0,2090.174,-0.033914370948453065
2092.5001443103547,0.0,2090.64,0.0837327315072347
2092.9656615838385,0.0,2091.11,-0.027378377526154685
2093.4311788573227,0.0,2091.573,0.04669565187690017
2093.8966961308065,0.0,2092.041,0.07501811689670812
2094.3622134042903,0.0,2092.502,0.04669565187690017
2094.8277306777745,0.0,2092.97,-0.033914370948453065
2095.2932479512583,0.0,2093.432,0.02055180804532064
2095.758765224742,0.0,2093.898,-0.025199756337926482
2096.2242824982263,0.0,2094.363,-0.02955712857199666
2096.68979977171,0.0,2094.828,0.0837327315072347
2097.1553170451944,0.0,2095.296,-0.027378377526154685
2097.620834318678,0.0,2095.754,-0.027378377526154685
2098.086351592162,0.0,2096.221,0.15998538209851776
2098.551868865646,0.0,2096.687,-0.005591905928645335
2099.01738613913,0.0,2097.151,-0.025199756337926482
2099.4829034126137,0.0,2097.617,0.022730559091162617
2099.948420686098,0.0,2098.085,0.02490918027939082
2100.4139379595817,0.0,2098.547,0.022730559091162617
2100.8794552330655,0.0,2099.015,0.02708780146761902
2101.3449725065498,0.0,2099.477,0.02055180804532064
2101.8104897800335,0.0,2099.943,0.01837318685709244
2102.276007053518,0.0,2100.407,-0.027378377526154685
2102.7415243270016,0.0,2100.873,0.20137970410530848
2103.2070416004854,0.0,2101.34,-0.03609299213668127
2103.6725588739696,0.0,2101.805,-0.027378377526154685
2104.1380761474534,0.0,2102.27,-0.025199756337926482
2104.603593420937,0.0,2102.729,-0.005591905928645335
2105.0691106944214,0.0,2103.196,0.04887427306512837
2105.534627967905,0.0,2103.662,0.01837318685709244
2106.0001452413894,0.0,2104.125,-0.025199756337926482
2106.465662514873,0.0,2104.595,0.01837318685709244
2106.931179788357,0.0,2105.055,0.035802416078145605
2107.396697061841,0.0,2105.525,-0.003413284740417133
2107.862214335325,0.0,2105.989,0.011837193434794058
2108.327731608809,0.0,2106.451,-0.003413284740417133
2108.793248882293,0.0,2106.917,-0.009949278162715514
2109.258766155777,0.0,2107.381,-0.033914370948453065
2109.7242834292606,0.0,2107.846,-0.0164851417273999
2110.189800702745,0.0,2108.31,-0.025199756337926482
2110.6553179762286,0.0,2108.776,0.04669565187690017
2111.120835249713,0.0,2109.244,-0.0012346635521889304
2111.5863525231966,0.0,2109.71,0.00530132987010945
2112.0518697966804,0.0,2110.169,-0.025199756337926482
2112.5173870701647,0.0,2110.635,0.029266422655847224
2112.9829043436484,0.0,2111.103,0.01837318685709244
2113.448421617132,0.0,2111.565,0.011837193434794058
2113.9139388906165,0.0,2112.033,0.007479951058337653
2114.3794561641002,0.0,2112.495,0.011837193434794058
2114.844973437584,0.0,2112.963,0.02055180804532064
2115.3104907110683,0.0,2113.425,-0.03609299213668127
2115.776007984552,0.0,2113.891,0.029266422655847224
2116.2415252580363,0.0,2114.359,0.031445043844075204
2116.70704253152,0.0,2114.825,-0.04480760674720785
2117.172559805004,0.0,2115.285,-0.018663892773242097
2117.638077078488,0.0,2115.75,0.0031227086818812477
2118.103594351972,0.0,2116.215,0.02708780146761902
2118.5691116254557,0.0,2116.681,-0.05134360016950623
2119.03462889894,0.0,2117.144,0.029266422655847224
2119.5001461724237,0.0,2117.613,-0.0164851417273999
2119.9656634459075,0.0,2118.074,0.011837193434794058
2120.4311807193917,0.0,2118.543,-0.027378377526154685
2120.8966979928755,0.0,2119.007,0.011837193434794058
2121.3622152663597,0.0,2119.469,-0.020842513961470077
2121.8277325398435,0.0,2119.935,-0.03609299213668127
2122.2932498133273,0.0,2120.405,-0.025199756337926482
2122.7587670868115,0.0,2120.864,-0.02302113514969828
2123.2242843602953,0.0,2121.329,-0.009949278162715514
2123.689801633779,0.0,2121.794,0.02490918027939082
2124.1553189072633,0.0,2122.259,0.029266422655847224
2124.620836180747,0.0,2122.725,-0.09273792217629695
2125.0863534542314,0.0,2123.192,0.022730559091162617
2125.551870727715,0.0,2123.657,0.2514886407226258
2126.017388001199,0.0,2124.125,0.011837193434794058
2126.482905274683,0.0,2124.588,-0.018663892773242097
2126.948422548167,0.0,2125.055,-0.025199756337926482
2127.4139398216507,0.0,2125.518,0.029266422655847224
2127.879457095135,0.0,2125.981,-0.005591905928645335
2128.3449743686188,0.0,2126.451,0.035802416078145605
2128.8104916421025,0.0,2126.909,-0.012127899350943716
2129.2760089155868,0.0,2127.38,0.014015944480636033
2129.7415261890706,0.0,2127.845,0.02055180804532064
2130.207043462555,0.0,2128.31,0.01837318685709244
2130.6725607360386,0.0,2128.769,0.022730559091162617
2131.1380780095224,0.0,2129.234,0.011837193434794058
2131.6035952830066,0.0,2129.699,-0.08620192875399857
2132.0691125564904,0.0,2130.166,-0.1275962507607893
2132.534629829974,0.0,2130.632,-0.027378377526154685
2133.0001471034584,0.0,2131.1,-0.025199756337926482
2133.465664376942,0.0,2131.562,0.02490918027939082
2133.931181650426,0.0,2132.025,0.016194565668864236
2134.39669892391,0.0,2132.495,0.01837318685709244
2134.862216197394,0.0,2132.959,-0.018663892773242097
2135.3277334708782,0.0,2133.421,0.029266422655847224
2135.793250744362,0.0,2133.887,0.01837318685709244
2136.258768017846,0.0,2134.351,0.02490918027939082
2136.72428529133,0.0,2134.816,0.011837193434794058
2137.189802564814,0.0,2135.281,-0.0012346635521889304
2137.6553198382976,0.0,2135.747,-0.0164851417273999
2138.120837111782,0.0,2136.214,-0.04262898555897965
2138.5863543852656,0.0,2136.68,0.06630350228618154
2139.0518716587494,0.0,2137.14,0.029266422655847224
2139.5173889322336,0.0,2137.61,0.02055180804532064
2139.9829062057174,0.0,2138.073,-0.02302113514969828
2140.4484234792017,0.0,2138.535,-0.009949278162715514
2140.9139407526854,0.0,2139.003,-0.0164851417273999
2141.3794580261692,0.0,2139.466,0.022730559091162617
2141.8449752996535,0.0,2139.931,0.031445043844075204
2142.3104925731373,0.0,2140.394,-0.025199756337926482
2142.776009846621,0.0,2140.859,0.02490918027939082
2143.2415271201053,0.0,2141.326,-0.0164851417273999
2143.707044393589,0.0,2141.792,0.029266422655847224
2144.1725616670733,0.0,2142.259,-0.027378377526154685
2144.638078940557,0.0,2142.724,0.04669565187690017
2145.103596214041,0.0,2143.189,0.029266422655847224
2145.569113487525,0.0,2143.655,-0.018663892773242097
2146.034630761009,0.0,2144.118,-0.018663892773242097
2146.5001480344927,0.0,2144.58,0.037981037266373585
2146.965665307977,0.0,2145.048,0.016194565668864236
2147.4311825814607,0.0,2145.51,0.011837193434794058
2147.8966998549445,0.0,2145.974,-0.038271743182523243
2148.3622171284287,0.0,2146.443,-0.09927391559859533
2148.8277344019125,0.0,2146.909,-0.027378377526154685
2149.2932516753967,0.0,2147.373,-0.005591905928645335
2149.7587689488805,0.0,2147.839,-0.025199756337926482
2150.2242862223643,0.0,2148.303,-0.03609299213668127
2150.6898034958485,0.0,2148.768,-0.018663892773242097
2151.1553207693323,0.0,2149.233,0.029266422655847224
2151.620838042816,0.0,2149.699,-0.055700842545962415
2152.0863553163003,0.0,2150.159,-0.02302113514969828
2152.551872589784,0.0,2150.624,-0.018663892773242097
2153.017389863268,0.0,2151.092,0.04669565187690017
2153.482907136752,0.0,2151.554,0.01837318685709244
2153.948424410236,0.0,2152.025,0.02055180804532064
2154.41394168372,0.0,2152.488,0.007479951058337653
2154.879458957204,0.0,2152.956,-0.2190995093848973
2155.3449762306877,0.0,2153.418,0.0031227086818812477
2155.810493504172,0.0,2153.884,0.0837327315072347
2156.2760107776558,0.0,2154.344,-0.02302113514969828
2156.7415280511395,0.0,2154.809,-0.005591905928645335
2157.207045324624,0.0,2155.281,0.0336237948899174
2157.6725625981076,0.0,2155.739,0.04887427306512837
2158.138079871592,0.0,2156.21,0.01837318685709244
2158.6035971450756,0.0,2156.669,0.029266422655847224
2159.0691144185594,0.0,2157.137,0.02490918027939082
2159.5346316920436,0.0,2157.599,0.02055180804532064
2160.0001489655274,0.0,2158.069,0.01837318685709244
2160.465666239011,0.0,2158.532,0.007479951058337653
2160.9311835124954,0.0,2159.0,0.011837193434794058
2161.396700785979,0.0,2159.462,-0.025199756337926482
2161.862218059463,0.0,2159.928,0.02490918027939082
2162.327735332947,0.0,2160.39,0.007479951058337653
2162.793252606431,0.0,2160.856,-0.027378377526154685
2163.2587698799152,0.0,2161.322,0.15998538209851776
2163.724287153399,0.0,2161.787,0.02055180804532064
2164.189804426883,0.0,2162.251,-0.0012346635521889304
2164.655321700367,0.0,2162.717,0.01837318685709244
2165.120838973851,0.0,2163.182,0.02055180804532064
2165.5863562473346,0.0,2163.648,-0.027378377526154685
2166.051873520819,0.0,2164.11,0.011837193434794058
2166.5173907943026,0.0,2164.58,-0.025199756337926482
2166.9829080677864,0.0,2165.044,0.016194565668864236
2167.4484253412706,0.0,2165.506,-0.027378377526154685
2167.9139426147544,0.0,2165.974,-0.027378377526154685
2168.3794598882387,0.0,2166.437,0.022730559091162617
2168.8449771617225,0.0,2166.902,0.02708780146761902
2169.3104944352062,0.0,2167.369,0.022730559091162617
2169.7760117086905,0.0,2167.835,-0.009949278162715514
2170.2415289821743,0.0,2168.299,0.029266422655847224
2170.707046255658,0.0,2168.765,-0.04916497898127803
2171.1725635291423,0.0,2169.229,0.01837318685709244
2171.638080802626,0.0,2169.694,-0.007770527116873316
2172.10359807611,0.0,2170.159,-0.0164851417273999
2172.569115349594,0.0,2170.624,-0.027378377526154685
2173.034632623078,0.0,2171.085,0.009658572246565855
2173.500149896562,0.0,2171.554,-0.025199756337926482
2173.965667170046,0.0,2172.018,0.02708780146761902
2174.4311844435297,0.0,2172.481,0.22098755451458962
2174.896701717014,0.0,2172.947,0.07501811689670812
2175.3622189904977,0.0,2173.412,-0.04916497898127803
2175.8277362639815,0.0,2173.878,-0.007770527116873316
2176.2932535374657,0.0,2174.344,-0.07966606518931396
2176.7587708109495,0.0,2174.81,-0.02302113514969828
2177.2242880844337,0.0,2175.273,0.029266422655847224
2177.6898053579175,0.0,2175.739,-0.025199756337926482
2178.1553226314013,0.0,2176.199,0.02708780146761902
2178.6208399048855,0.0,2176.665,-0.4827161793160806
2179.0863571783693,0.0,2177.133,-0.018663892773242097
2179.551874451853,0.0,2177.596,0.04669565187690017
2180.0173917253373,0.0,2178.066,-0.02302113514969828
2180.482908998821,0.0,2178.528,-0.08838054994222677
2180.948426272305,0.0,2178.989,-0.027378377526154685
2181.413943545789,0.0,2179.458,0.029266422655847224
2181.879460819273,0.0,2179.924,-0.05134360016950623
2182.344978092757,0.0,2180.387,0.057588887675654954
2182.810495366241,0.0,2180.853,0.02055180804532064
2183.2760126397247,0.0,2181.317,0.02055180804532064
2183.741529913209,0.0,2181.783,-0.027378377526154685
2184.2070471866928,0.0,2182.248,-0.025199756337926482
2184.6725644601765,0.0,2182.714,0.04669565187690017
2185.138081733661,0.0,2183.174,-0.025199756337926482
2185.6035990071446,0.0,2183.64,-0.012127899350943716
2186.0691162806284,0.0,2184.11,-0.02302113514969828
2186.5346335541126,0.0,2184.572,-0.027378377526154685
2187.0001508275964,0.0,2185.04,-0.0164851417273999
2187.4656681010806,0.0,2185.503,0.009658572246565855
2187.9311853745644,0.0,2185.966,0.07501811689670812
2188.396702648048,0.0,2186.429,0.029266422655847224
2188.8622199215324,0.0,2186.894,0.1774146113195707
2189.327737195016,0.0,2187.359,-0.027378377526154685
2189.7932544685,0.0,2187.825,0.06194613005211136
2190.258771741984,0.0,2188.292,-0.018663892773242097
2190.724289015468,0.0,2188.758,0.009658572246565855
2191.1898062889522,0.0,2189.222,0.04015965845460179
2191.655323562436,0.0,2189.688,0.016194565668864236
2192.12084083592,0.0,2190.155,0.16216400328674596
2192.586358109404,0.0,2190.621,0.016194565668864236
2193.051875382888,0.0,2191.081,-0.025199756337926482
2193.5173926563716,0.0,2191.551,0.016194565668864236
2193.982909929856,0.0,2192.014,0.037981037266373585
2194.4484272033396,0.0,2192.477,0.029266422655847224
2194.9139444768234,0.0,2192.943,0.011837193434794058
2195.3794617503077,0.0,2193.406,-0.0012346635521889304
2195.8449790237914,0.0,2193.872,-0.0164851417273999
2196.3104962972757,0.0,2194.337,-0.0012346635521889304
2196.7760135707595,0.0,2194.803,0.02055180804532064
2197.2415308442432,0.0,2195.27,-0.3084241468207771
2197.7070481177275,0.0,2195.736,0.02708780146761902
2198.1725653912113,0.0,2196.2,0.02055180804532064
2198.638082664695,0.0,2196.666,0.0031227086818812477
2199.1035999381793,0.0,2197.129,-0.09273792217629695
2199.569117211663,0.0,2197.591,0.011837193434794058
2200.034634485147,0.0,2198.059,0.02055180804532064
2200.500151758631,0.0,2198.521,0.3538851351454886
2200.965669032115,0.0,2198.985,0.029266422655847224
2201.431186305599,0.0,2199.455,-0.027378377526154685
2201.896703579083,0.0,2199.921,0.02055180804532064
2202.3622208525667,0.0,2200.384,-0.040450364370751446
2202.827738126051,0.0,2200.85,0.011837193434794058
2203.2932553995347,0.0,2201.314,0.044517030688671966
2203.7587726730185,0.0,2201.78,-0.0164851417273999
2204.2242899465027,0.0,2202.24,-0.020842513961470077
2204.6898072199865,0.0,2202.706,0.044517030688671966
2205.1553244934703,0.0,2203.171,0.01837318685709244
2205.6208417669545,0.0,2203.636,-0.04262898555897965
2206.0863590404383,0.0,2204.099,0.05323164529919855
2206.5518763139225,0.0,2204.569,-0.04480760674720785
2207.0173935874063,0.0,2205.033,0.022730559091162617
2207.48291086089,0.0,2205.495,-0.020842513961470077
2207.9484281343744,0.0,2205.963,0.02708780146761902
2208.413945407858,0.0,2206.426,-0.0164851417273999
2208.879462681342,0.0,2206.892,0.016194565668864236
2209.344979954826,0.0,2207.359,0.02708780146761902
2209.81049722831,0.0,2207.824,0.016194565668864236
2210.276014501794,0.0,2208.289,0.0336237948899174
2210.741531775278,0.0,2208.754,-0.02302113514969828
2211.2070490487617,0.0,2209.219,-0.012127899350943716
2211.672566322246,0.0,2209.684,-0.0164851417273999
2212.1380835957298,0.0,2210.152,-0.02955712857199666
2212.6036008692136,0.0,2210.61,-0.025199756337926482
2213.069118142698,0.0,2211.074,0.029266422655847224
2213.5346354161816,0.0,2211.543,-0.027378377526154685
2214.0001526896654,0.0,2212.007,-0.05134360016950623
2214.4656699631496,0.0,2212.469,-0.027378377526154685
2214.9311872366334,0.0,2212.935,0.029266422655847224
2215.3967045101176,0.0,2213.405,-0.025199756337926482
2215.8622217836014,0.0,2213.864,-0.025199756337926482
2216.327739057085,0.0,2214.329,0.02055180804532064
2216.7932563305694,0.0,2214.795,0.00530132987010945
2217.258773604053,0.0,2215.26,0.01837318685709244
2217.724290877537,0.0,2215.725,-0.025199756337926482
2218.189808151021,0.0,2216.192,0.01837318685709244
2218.655325424505,0.0,2216.658,-0.03609299213668127
2219.120842697989,0.0,2217.125,-0.025199756337926482
2219.586359971473,0.0,2217.588,0.31031219195046966
2220.051877244957,0.0,2218.051,0.02708780146761902
2220.517394518441,0.0,2218.514,-0.025199756337926482
2220.982911791925,0.0,2218.982,-0.027378377526154685
2221.4484290654086,0.0,2219.444,0.057588887675654954
2221.913946338893,0.0,2219.91,0.02708780146761902
2222.3794636123766,0.0,2220.381,0.00530132987010945
2222.8449808858604,0.0,2220.839,0.022730559091162617
2223.3104981593447,0.0,2221.304,0.044517030688671966
2223.7760154328284,0.0,2221.769,-0.05134360016950623
2224.2415327063127,0.0,2222.236,0.029266422655847224
2224.7070499797965,0.0,2222.702,-0.027378377526154685
2225.1725672532802,0.0,2223.17,-0.0164851417273999
2225.6380845267645,0.0,2223.635,0.16652137552081614
2226.1036018002483,0.0,2224.096,-0.027378377526154685
2226.569119073732,0.0,2224.559,-0.005591905928645335
2227.0346363472163,0.0,2225.029,-0.027378377526154685
2227.5001536207,0.0,2225.491,0.029266422655847224
2227.965670894184,0.0,2225.955,-0.03609299213668127
2228.431188167668,0.0,2226.425,0.10116183087067387
2228.896705441152,0.0,2226.891,-0.025199756337926482
2229.362222714636,0.0,2227.355,-0.025199756337926482
2229.82773998812,0.0,2227.814,-0.027378377526154685
2230.2932572616037,0.0,2228.28,0.014015944480636033
2230.758774535088,0.0,2228.746,-0.033914370948453065
2231.2242918085717,0.0,2229.211,-0.027378377526154685
2231.6898090820555,0.0,2229.677,0.02490918027939082
2232.1553263555397,0.0,2230.14,0.037981037266373585
2232.6208436290235,0.0,2230.61,0.02055180804532064
2233.0863609025073,0.0,2231.073,-0.012127899350943716
2233.5518781759915,0.0,2231.536,0.02055180804532064
2234.0173954494753,0.0,2232.004,0.02490918027939082
2234.4829127229596,0.0,2232.466,0.016194565668864236
2234.9484299964433,0.0,2232.931,-0.0164851417273999
2235.413947269927,0.0,2233.394,-0.0164851417273999
2235.8794645434114,0.0,2233.86,0.02055180804532064
2236.344981816895,0.0,2234.325,0.0031227086818812477
2236.810499090379,0.0,2234.791,-0.05787946373419062
2237.276016363863,0.0,2235.258,-0.0164851417273999
2237.741533637347,0.0,2235.724,0.029266422655847224
2238.2070509108307,0.0,2236.189,0.022730559091162617
2238.672568184315,0.0,2236.655,0.014015944480636033
2239.1380854577988,0.0,2237.118,-0.02955712857199666
2239.603602731283,0.0,2237.58,0.037981037266373585
2240.069120004767,0.0,2238.048,0.031445043844075204
2240.5346372782506,0.0,2238.51,0.011837193434794058
2241.000154551735,0.0,2238.978,0.02055180804532064
2241.4656718252186,0.0,2239.44,-0.003413284740417133
2241.9311890987024,0.0,2239.906,-0.025199756337926482
2242.3967063721866,0.0,2240.37,-0.025199756337926482
2242.8622236456704,0.0,2240.835,-0.0164851417273999
2243.3277409191546,0.0,2241.3,-0.02302113514969828
2243.7932581926384,0.0,2241.765,0.0009439576360392721
2244.258775466122,0.0,2242.229,-0.018663892773242097
2244.7242927396064,0.0,2242.694,0.0793753592731643
2245.18981001309,0.0,2243.159,-0.033914370948453065
2245.655327286574,0.0,2243.625,0.01837318685709244
2246.1208445600582,0.0,2244.095,0.016194565668864236
2246.586361833542,0.0,2244.558,-0.26267258243753
2247.051879107026,0.0,2245.019,0.02055180804532064
2247.51739638051,0.0,2245.489,-0.027378377526154685
2247.982913653994,0.0,2245.959,0.31031219195046966
2248.448430927478,0.0,2246.414,-0.02302113514969828
2248.913948200962,0.0,2246.879,-0.027378377526154685
2249.3794654744456,0.0,2247.344,-0.0164851417273999
2249.84498274793,0.0,2247.81,0.02055180804532064
2250.3105000214136,0.0,2248.278,0.07501811689670812
2250.7760172948974,0.0,2248.743,0.02055180804532064
2251.2415345683817,0.0,2249.204,0.02708780146761902
2251.7070518418655,0.0,2249.669,0.016194565668864236
2252.1725691153492,0.0,2250.14,-0.025199756337926482
2252.6380863888335,0.0,2250.603,-0.02955712857199666
2253.1036036623173,0.0,2251.066,0.02055180804532064
2253.5691209358015,0.0,2251.529,0.022730559091162617
2254.0346382092853,0.0,2251.996,0.0031227086818812477
2254.500155482769,0.0,2252.466,0.011837193434794058
2254.9656727562533,0.0,2252.924,0.022730559091162617
2255.431190029737,0.0,2253.394,-0.03173574976022486
2255.896707303221,0.0,2253.86,0.029266422655847224
2256.362224576705,0.0,2254.325,0.02490918027939082
2256.827741850189,0.0,2254.791,0.04887427306512837
2257.293259123673,0.0,2255.256,-0.15156147340414083
2257.758776397157,0.0,2255.714,0.3212054277492242
2258.2242936706407,0.0,2256.181,0.022730559091162617
2258.689810944125,0.0,2256.647,-0.033914370948453065
2259.1553282176087,0.0,2257.114,0.01837318685709244
2259.6208454910925,0.0,2257.577,-0.025199756337926482
2260.0863627645767,0.0,2258.04,0.00530132987010945
2260.5518800380605,0.0,2258.51,-0.046986227935436053
2261.0173973115443,0.0,2258.974,-0.064415457156489
2261.4829145850285,0.0,2259.436,-0.009949278162715514
2261.9484318585123,0.0,2259.902,0.011837193434794058
2262.4139491319966,0.0,2260.366,0.016194565668864236
2262.8794664054803,0.0,2260.832,-0.02302113514969828
2263.344983678964,0.0,2261.296,0.016194565668864236
2263.8105009524484,0.0,2261.762,-0.02955712857199666
2264.276018225932,0.0,2262.229,0.031445043844075204
2264.741535499416,0.0,2262.695,-0.025199756337926482
2265.2070527729,0.0,2263.16,0.057588887675654954
2265.672570046384,0.0,2263.626,0.02055180804532064
2266.1380873198677,0.0,2264.088,-0.02955712857199666
2266.603604593352,0.0,2264.551,-0.1123457725855781
2267.0691218668358,0.0,2265.014,0.016194565668864236
2267.53463914032,0.0,2265.484,0.029266422655847224
2268.000156413804,0.0,2265.955,0.0336237948899174
2268.4656736872876,0.0,2266.41,0.02490918027939082
2268.931190960772,0.0,2266.876,0.02055180804532064
2269.3967082342556,0.0,2267.342,-0.0164851417273999
2269.8622255077394,0.0,2267.808,0.011837193434794058
2270.3277427812236,0.0,2268.274,0.0009439576360392721
2270.7932600547074,0.0,2268.739,-0.02955712857199666
2271.258777328191,0.0,2269.199,0.01837318685709244
2271.7242946016754,0.0,2269.665,-0.05134360016950623
2272.189811875159,0.0,2270.133,-0.0012346635521889304
2272.6553291486434,0.0,2270.595,-0.020842513961470077
2273.120846422127,0.0,2271.063,-0.027378377526154685
2273.586363695611,0.0,2271.525,-0.02302113514969828
2274.0518809690952,0.0,2271.992,-0.027378377526154685
2274.517398242579,0.0,2272.455,0.02055180804532064
2274.982915516063,0.0,2272.921,-0.11016715139735012
2275.448432789547,0.0,2273.384,0.0009439576360392721
2275.913950063031,0.0,2273.849,0.029266422655847224
2276.379467336515,0.0,2274.314,0.011837193434794058
2276.844984609999,0.0,2274.779,0.0009439576360392721
2277.3105018834826,0.0,2275.244,0.011837193434794058
2277.776019156967,0.0,2275.709,-0.038271743182523243
2278.2415364304507,0.0,2276.174,-0.040450364370751446
2278.7070537039344,0.0,2276.639,-0.02302113514969828
2279.1725709774187,0.0,2277.106,-0.027378377526154685
2279.6380882509025,0.0,2277.569,0.02055180804532064
2280.1036055243862,0.0,2278.04,0.17087861789727232
2280.5691227978705,0.0,2278.503,0.011837193434794058
2281.0346400713543,0.0,2278.966,-0.0164851417273999
2281.5001573448385,0.0,2279.429,0.022730559091162617
2281.9656746183223,0.0,2279.894,-0.13848948655954407
2282.431191891806,0.0,2280.359,-0.027378377526154685
2282.8967091652903,0.0,2280.825,-0.0164851417273999
2283.362226438774,0.0,2281.292,-0.027378377526154685
2283.827743712258,0.0,2281.758,0.02490918027939082
2284.293260985742,0.0,2282.222,0.2514886407226258
2284.758778259226,0.0,2282.688,0.02490918027939082
2285.2242955327097,0.0,2283.155,-0.025199756337926482
2285.689812806194,0.0,2283.621,0.011837193434794058
2286.1553300796777,0.0,2284.081,-0.018663892773242097
2286.620847353162,0.0,2284.551,0.009658572246565855
2287.0863646266457,0.0,2285.011,0.016194565668864236
2287.5518819001295,0.0,2285.474,0.016194565668864236
2288.0173991736137,0.0,2285.939,-0.009949278162715514
2288.4829164470975,0.0,2286.41,-0.053522221357734434
2288.9484337205813,0.0,2286.876,-0.025199756337926482
2289.4139509940655,0.0,2287.34,-0.018663892773242097
2289.8794682675493,0.0,2287.805,0.02055180804532064
2290.344985541033,0.0,2288.266,-0.08402330756577037
2290.8105028145173,0.0,2288.731,0.011837193434794058
2291.276020088001,0.0,2289.196,-0.018663892773242097
2291.7415373614854,0.0,2289.661,0.02490918027939082
2292.207054634969,0.0,2290.129,0.016194565668864236
2292.672571908453,0.0,2290.592,0.011837193434794058
2293.138089181937,0.0,2291.055,-0.025199756337926482
2293.603606455421,0.0,2291.525,-0.027378377526154685
2294.0691237289047,0.0,2291.988,0.02708780146761902
2294.534641002389,0.0,2292.451,0.031445043844075204
2295.0001582758728,0.0,2292.917,-0.027378377526154685
2295.465675549357,0.0,2293.381,-0.02955712857199666
2295.931192822841,0.0,2293.846,0.2689178699436787
2296.3967100963246,0.0,2294.314,0.031445043844075204
2296.862227369809,0.0,2294.78,0.02055180804532064
2297.3277446432926,0.0,2295.244,0.02055180804532064
2297.7932619167764,0.0,2295.709,0.022730559091162617
2298.2587791902606,0.0,2296.174,0.0031227086818812477
2298.7242964637444,0.0,2296.639,-0.08620192875399857
2299.189813737228,0.0,2297.099,0.011837193434794058
2299.6553310107124,0.0,2297.569,-0.07530869295524378
2300.120848284196,0.0,2298.033,0.029266422655847224
2300.5863655576804,0.0,2298.495,-0.033914370948453065
2301.051882831164,0.0,2298.959,0.02490918027939082
2301.517400104648,0.0,2299.428,-0.025199756337926482
2301.9829173781322,0.0,2299.894,0.0009439576360392721
2302.448434651616,0.0,2300.359,0.0031227086818812477
2302.9139519251,0.0,2300.825,-0.012127899350943716
2303.379469198584,0.0,2301.285,0.037981037266373585
2303.844986472068,0.0,2301.75,0.007479951058337653
2304.3105037455516,0.0,2302.214,-0.4217140069000085
2304.776021019036,0.0,2302.68,0.022730559091162617
2305.2415382925196,0.0,2303.152,-0.027378377526154685
2305.707055566004,0.0,2303.61,-0.027378377526154685
2306.1725728394877,0.0,2304.081,-0.003413284740417133
2306.6380901129714,0.0,2304.543,-0.0164851417273999
2307.1036073864557,0.0,2305.007,0.011837193434794058
2307.5691246599395,0.0,2305.47,-0.02302113514969828
2308.0346419334232,0.0,2305.935,-0.0012346635521889304
2308.5001592069075,0.0,2306.405,0.009658572246565855
2308.9656764803913,0.0,2306.87,-0.10798840035150792
2309.4311937538755,0.0,2307.33,0.022730559091162617
2309.8967110273593,0.0,2307.796,-0.02302113514969828
2310.362228300843,0.0,2308.262,0.022730559091162617
2310.8277455743273,0.0,2308.728,0.02055180804532064
2311.293262847811,0.0,2309.192,-0.033914370948453065
2311.758780121295,0.0,2309.658,-0.027378377526154685
2312.224297394779,0.0,2310.126,-0.027378377526154685
2312.689814668263,0.0,2310.588,0.02708780146761902
2313.1553319417467,0.0,2311.051,0.0009439576360392721
2313.620849215231,0.0,2311.521,0.02055180804532064
2314.0863664887147,0.0,2311.981,-0.027378377526154685
2314.551883762199,0.0,2312.444,0.09680458849421747
2315.0174010356827,0.0,2312.909,0.011837193434794058
2315.4829183091665,0.0,2313.38,0.01837318685709244
2315.9484355826507,0.0,2313.846,-0.02302113514969828
2316.4139528561345,0.0,2314.31,0.01837318685709244
2316.8794701296183,0.0,2314.776,-0.02302113514969828
2317.3449874031026,0.0,2315.24,-0.05787946373419062
2317.8105046765863,0.0,2315.699,-0.025199756337926482
2318.27602195007,0.0,2316.171,-0.003413284740417133
2318.7415392235544,0.0,2316.629,-0.018663892773242097
2319.207056497038,0.0,2317.099,0.04669565187690017
2319.6725737705224,0.0,2317.562,0.029266422655847224
2320.138091044006,0.0,2318.025,-0.02302113514969828
2320.60360831749,0.0,2318.495,-0.025199756337926482
2321.069125590974,0.0,2318.955,-0.018663892773242097
2321.534642864458,0.0,2319.425,-0.02302113514969828
2322.0001601379417,0.0,2319.89,-0.13848948655954407
2322.465677411426,0.0,2320.355,-0.027378377526154685
2322.9311946849098,0.0,2320.821,-0.018663892773242097
2323.3967119583936,0.0,2321.285,-0.0164851417273999
2323.862229231878,0.0,2321.744,0.09462596730598927
2324.3277465053616,0.0,2322.211,-0.0665940783447172
2324.793263778846,0.0,2322.677,0.02055180804532064
2325.2587810523296,0.0,2323.14,0.029266422655847224
2325.7242983258134,0.0,2323.61,0.016194565668864236
2326.1898155992976,0.0,2324.073,-0.012127899350943716
2326.6553328727814,0.0,2324.536,0.0336237948899174
2327.120850146265,0.0,2325.0,-0.0164851417273999
2327.5863674197494,0.0,2325.469,0.0031227086818812477
2328.051884693233,0.0,2325.935,-0.020842513961470077
2328.5174019667174,0.0,2326.398,0.02055180804532064
2328.982919240201,0.0,2326.863,0.022730559091162617
2329.448436513685,0.0,2327.329,-0.027378377526154685
2329.9139537871692,0.0,2327.794,0.044517030688671966
2330.379471060653,0.0,2328.259,0.07283949570847992
2330.844988334137,0.0,2328.725,0.016194565668864236
2331.310505607621,0.0,2329.185,-0.08402330756577037
2331.776022881105,0.0,2329.65,0.02708780146761902
2332.2415401545886,0.0,2330.114,-0.02955712857199666
2332.707057428073,0.0,2330.584,0.02055180804532064
2333.1725747015566,0.0,2331.047,0.05105289425335657
2333.638091975041,0.0,2331.51,0.029266422655847224
2334.1036092485247,0.0,2331.974,0.21445169094990524
2334.5691265220084,0.0,2332.443,-0.02302113514969828
2335.0346437954927,0.0,2332.908,-0.03609299213668127
2335.5001610689765,0.0,2333.372,0.011837193434794058
2335.9656783424603,0.0,2333.838,-0.02302113514969828
2336.4311956159445,0.0,2334.303,-0.027378377526154685
2336.8967128894283,0.0,2334.768,0.059767508863883156
2337.362230162912,0.0,2335.233,0.029266422655847224
2337.8277474363963,0.0,2335.699,0.0009439576360392721
2338.29326470988,0.0,2336.163,0.00530132987010945
2338.7587819833643,0.0,2336.629,-0.005591905928645335
2339.224299256848,0.0,2337.092,-0.08838054994222677
2339.689816530332,0.0,2337.554,0.011837193434794058
2340.155333803816,0.0,2338.022,0.011837193434794058
2340.6208510773,0.0,2338.484,-0.02955712857199666
2341.0863683507837,0.0,2338.955,0.01837318685709244
2341.551885624268,0.0,2339.418,-0.027378377526154685
2342.0174028977517,0.0,2339.884,0.009658572246565855
2342.482920171236,0.0,2340.348,0.00530132987010945
2342.9484374447197,0.0,2340.815,-0.027378377526154685
2343.4139547182035,0.0,2341.274,0.04669565187690017
2343.8794719916878,0.0,2341.74,0.01837318685709244
2344.3449892651715,0.0,2342.207,0.029266422655847224
2344.8105065386553,0.0,2342.673,0.016194565668864236
2345.2760238121396,0.0,2343.136,0.022730559091162617
2345.7415410856233,0.0,2343.599,0.02055180804532064
2346.207058359107,0.0,2344.066,0.0031227086818812477
2346.6725756325914,0.0,2344.529,-0.027378377526154685
2347.138092906075,0.0,2344.999,0.02708780146761902
2347.6036101795594,0.0,2345.462,-0.0164851417273999
2348.069127453043,0.0,2345.928,0.022730559091162617
2348.534644726527,0.0,2346.391,-0.08402330756577037
2349.000162000011,0.0,2346.857,0.10987644548120046
2349.465679273495,0.0,2347.321,0.0009439576360392721
2349.9311965469788,0.0,2347.787,0.02055180804532064
2350.396713820463,0.0,2348.252,0.01837318685709244
2350.862231093947,0.0,2348.717,0.02708780146761902
2351.3277483674306,0.0,2349.184,0.016194565668864236
2351.793265640915,0.0,2349.65,-0.1777051873781066
2352.2587829143986,0.0,2350.11,-0.15156147340414083
2352.724300187883,0.0,2350.58,-0.02955712857199666
2353.1898174613666,0.0,2351.04,0.011837193434794058
2353.6553347348504,0.0,2351.51,-0.027378377526154685
2354.1208520083346,0.0,2351.974,-0.0164851417273999
2354.5863692818184,0.0,2352.436,-0.027378377526154685
2355.051886555302,0.0,2352.901,0.02055180804532064
2355.5174038287864,0.0,2353.366,-0.3127815190548473
2355.98292110227,0.0,2353.831,0.022730559091162617
2356.448438375754,0.0,2354.295,0.02708780146761902
2356.9139556492382,0.0,2354.761,0.016194565668864236
2357.379472922722,0.0,2355.226,0.07283949570847992
2357.8449901962063,0.0,2355.692,-0.025199756337926482
2358.31050746969,0.0,2356.159,-0.003413284740417133
2358.776024743174,0.0,2356.625,-0.020842513961470077
2359.241542016658,0.0,2357.085,-0.027378377526154685
2359.707059290142,0.0,2357.555,0.029266422655847224
2360.1725765636256,0.0,2358.018,-0.03173574976022486
2360.63809383711,0.0,2358.48,-0.005591905928645335
2361.1036111105936,0.0,2358.947,0.00530132987010945
2361.569128384078,0.0,2359.411,0.011837193434794058
2362.0346456575617,0.0,2359.877,-0.027378377526154685
2362.5001629310455,0.0,2360.344,0.011837193434794058
2362.9656802045297,0.0,2360.809,-0.027378377526154685
2363.4311974780135,0.0,2361.274,-0.027378377526154685
2363.8967147514973,0.0,2361.74,0.029266422655847224
2364.3622320249815,0.0,2362.199,0.022730559091162617
2364.8277492984653,0.0,2362.665,-0.02955712857199666
2365.293266571949,0.0,2363.133,-0.02302113514969828
2365.7587838454333,0.0,2363.595,-0.03173574976022486
2366.224301118917,0.0,2364.063,-0.0164851417273999
2366.6898183924013,0.0,2364.525,0.06194613005211136
2367.155335665885,0.0,2364.989,-0.027378377526154685
2367.620852939369,0.0,2365.458,0.02055180804532064
2368.086370212853,0.0,2365.924,-0.038271743182523243
2368.551887486337,0.0,2366.387,0.029266422655847224
2369.0174047598207,0.0,2366.853,0.02055180804532064
2369.482922033305,0.0,2367.317,0.01837318685709244
2369.9484393067887,0.0,2367.783,-0.025199756337926482
2370.4139565802725,0.0,2368.244,0.02490918027939082
2370.8794738537567,0.0,2368.709,-0.07966606518931396
2371.3449911272405,0.0,2369.174,-0.0164851417273999
2371.8105084007248,0.0,2369.64,0.022730559091162617
2372.2760256742085,0.0,2370.111,0.04015965845460179
2372.7415429476923,0.0,2370.573,0.014015944480636033
2373.2070602211766,0.0,2371.04,0.07283949570847992
2373.6725774946603,0.0,2371.502,0.01837318685709244
2374.138094768144,0.0,2371.966,0.1381989105010082
2374.6036120416284,0.0,2372.429,0.02708780146761902
2375.069129315112,0.0,2372.895,-0.025199756337926482
2375.5346465885964,0.0,2373.362,0.02055180804532064
2376.00016386208,0.0,2373.828,-0.027378377526154685
2376.465681135564,0.0,2374.293,-0.012127899350943716
2376.931198409048,0.0,2374.758,0.02055180804532064
2377.396715682532,0.0,2375.226,0.02708780146761902
2377.8622329560158,0.0,2375.684,0.02055180804532064
2378.3277502295,0.0,2376.156,0.009658572246565855
2378.793267502984,0.0,2376.614,0.02055180804532064
2379.2587847764676,0.0,2377.084,0.06848212347440974
2379.724302049952,0.0,2377.547,0.02055180804532064
2380.1898193234356,0.0,2378.015,0.02708780146761902
2380.65533659692,0.0,2378.477,0.02055180804532064
2381.1208538704036,0.0,2378.942,-0.027378377526154685
2381.5863711438874,0.0,2379.406,0.0031227086818812477
2382.0518884173716,0.0,2379.872,-0.027378377526154685
2382.5174056908554,0.0,2380.337,0.16652137552081614
2382.982922964339,0.0,2380.803,0.02708780146761902
2383.4484402378234,0.0,2381.27,0.08591135269546268
2383.913957511307,0.0,2381.735,0.02055180804532064
2384.379474784791,0.0,2382.199,0.16652137552081614
2384.8449920582752,0.0,2382.664,0.02490918027939082
2385.310509331759,0.0,2383.125,0.011837193434794058
2385.7760266052433,0.0,2383.595,-0.02302113514969828
2386.241543878727,0.0,2384.055,0.029266422655847224
2386.707061152211,0.0,2384.525,-0.02302113514969828
2387.172578425695,0.0,2384.985,0.016194565668864236
2387.638095699179,0.0,2385.456,0.029266422655847224
2388.1036129726626,0.0,2385.915,0.011837193434794058
2388.569130246147,0.0,2386.38,-0.003413284740417133
2389.0346475196307,0.0,2386.846,-0.020842513961470077
2389.5001647931144,0.0,2387.31,-0.08402330756577037
2389.9656820665987,0.0,2387.776,0.01837318685709244
2390.4311993400825,0.0,2388.243,0.0793753592731643
2390.8967166135667,0.0,2388.709,0.022730559091162617
2391.3622338870505,0.0,2389.174,0.02708780146761902
2391.8277511605343,0.0,2389.64,-0.025199756337926482
2392.2932684340185,0.0,2390.103,0.011837193434794058
2392.7587857075023,0.0,2390.565,-0.060058214780032815
2393.224302980986,0.0,2391.029,0.016194565668864236
2393.6898202544703,0.0,2391.499,0.0031227086818812477
2394.155337527954,0.0,2391.962,0.02055180804532064
2394.6208548014383,0.0,2392.425,-0.027378377526154685
2395.086372074922,0.0,2392.891,0.02708780146761902
2395.551889348406,0.0,2393.355,0.02490918027939082
2396.01740662189,0.0,2393.821,0.009658572246565855
2396.482923895374,0.0,2394.288,0.02055180804532064
2396.9484411688577,0.0,2394.754,0.0031227086818812477
2397.413958442342,0.0,2395.219,0.011837193434794058
2397.8794757158257,0.0,2395.685,0.16652137552081614
2398.3449929893095,0.0,2396.152,-0.027378377526154685
2398.8105102627937,0.0,2396.611,-0.018663892773242097
2399.2760275362775,0.0,2397.074,0.037981037266373585
2399.7415448097618,0.0,2397.543,0.15562813972206135
2400.2070620832455,0.0,2398.007,0.011837193434794058
2400.6725793567293,0.0,2398.469,-0.025199756337926482
2401.1380966302136,0.0,2398.935,0.029266422655847224
2401.6036139036974,0.0,2399.405,-0.020842513961470077
2402.069131177181,0.0,2399.871,0.029266422655847224
2402.5346484506654,0.0,2400.33,0.029266422655847224
2403.000165724149,0.0,2400.795,0.06194613005211136
2403.465682997633,0.0,2401.262,0.011837193434794058
2403.931200271117,0.0,2401.728,-0.027378377526154685
2404.396717544601,0.0,2402.196,-0.027378377526154685
2404.862234818085,0.0,2402.654,-0.009949278162715514
2405.327752091569,0.0,2403.125,-0.16899057276758
2405.7932693650528,0.0,2403.587,-0.027378377526154685
2406.258786638537,0.0,2404.055,-0.0164851417273999
2406.724303912021,0.0,2404.517,-0.018663892773242097
2407.1898211855046,0.0,2404.985,-0.0164851417273999
2407.655338458989,0.0,2405.447,0.02708780146761902
2408.1208557324726,0.0,2405.913,0.022730559091162617
2408.586373005957,0.0,2406.379,-0.018663892773242097
2409.0518902794406,0.0,2406.845,0.022730559091162617
2409.5174075529244,0.0,2407.304,0.029266422655847224
2409.9829248264086,0.0,2407.77,-0.027378377526154685
2410.4484420998924,0.0,2408.236,0.029266422655847224
2410.913959373376,0.0,2408.702,-0.018663892773242097
2411.3794766468604,0.0,2409.17,-0.03173574976022486
2411.844993920344,0.0,2409.635,-0.07966606518931396
2412.310511193828,0.0,2410.096,-0.03173574976022486
2412.7760284673122,0.0,2410.566,0.02055180804532064
2413.241545740796,0.0,2411.026,-0.027378377526154685
2413.7070630142803,0.0,2411.496,0.011837193434794058
2414.172580287764,0.0,2411.959,-0.025199756337926482
2414.638097561248,0.0,2412.421,0.022730559091162617
2415.103614834732,0.0,2412.887,0.02708780146761902
2415.569132108216,0.0,2413.351,0.029266422655847224
2416.0346493816996,0.0,2413.817,-0.020842513961470077
2416.500166655184,0.0,2414.281,-0.027378377526154685
2416.9656839286677,0.0,2414.747,0.02708780146761902
2417.4312012021514,0.0,2415.214,-0.018663892773242097
2417.8967184756357,0.0,2415.68,-0.19731303778738774
2418.3622357491195,0.0,2416.14,0.02055180804532064
2418.8277530226037,0.0,2416.611,0.14909214629976297
2419.2932702960875,0.0,2417.074,-0.027378377526154685
2419.7587875695713,0.0,2417.537,0.01837318685709244
2420.2243048430555,0.0,2418.0,-0.0164851417273999
2420.6898221165393,0.0,2418.469,0.01837318685709244
2421.155339390023,0.0,2418.935,-0.018663892773242097
2421.6208566635073,0.0,2419.398,0.01837318685709244
2422.086373936991,0.0,2419.864,0.04015965845460179
2422.551891210475,0.0,2420.329,-0.025199756337926482
2423.017408483959,0.0,2420.795,0.02055180804532064
2423.482925757443,0.0,2421.255,-0.027378377526154685
2423.948443030927,0.0,2421.721,0.22316617570281783
2424.413960304411,0.0,2422.188,0.5368916523937046
2424.8794775778947,0.0,2422.654,0.01837318685709244
2425.344994851379,0.0,2423.114,-0.020842513961470077
2425.8105121248627,0.0,2423.584,0.01837318685709244
2426.2760293983465,0.0,2424.047,0.07501811689670812
2426.7415466718307,0.0,2424.51,0.02055180804532064
2427.2070639453145,0.0,2424.981,0.022730559091162617
2427.6725812187988,0.0,2425.443,-0.025199756337926482
2428.1380984922826,0.0,2425.909,0.029266422655847224
2428.6036157657663,0.0,2426.373,-0.02955712857199666
2429.0691330392506,0.0,2426.839,0.14691352511153477
2429.5346503127344,0.0,2427.304,0.02708780146761902
2430.000167586218,0.0,2427.769,0.009658572246565855
2430.4656848597024,0.0,2428.229,-0.027378377526154685
2430.931202133186,0.0,2428.695,0.02490918027939082
2431.39671940667,0.0,2429.162,0.1774146113195707
2431.862236680154,0.0,2429.628,0.016194565668864236
2432.327753953638,0.0,2430.096,0.009658572246565855
2432.793271227122,0.0,2430.559,-0.027378377526154685
2433.258788500606,0.0,2431.022,0.029266422655847224
2433.7243057740898,0.0,2431.484,-0.0164851417273999
2434.189823047574,0.0,2431.951,0.029266422655847224
2434.655340321058,0.0,2432.414,-0.033914370948453065
2435.1208575945416,0.0,2432.88,-0.007770527116873316
2435.586374868026,0.0,2433.344,0.06194613005211136
2436.0518921415096,0.0,2433.81,0.08591135269546268
2436.5174094149934,0.0,2434.277,0.08591135269546268
2436.9829266884776,0.0,2434.743,0.0031227086818812477
2437.4484439619614,0.0,2435.207,0.029266422655847224
2437.9139612354456,0.0,2435.672,0.01837318685709244
2438.3794785089294,0.0,2436.14,-0.018663892773242097
2438.844995782413,0.0,2436.603,-0.025199756337926482
2439.3105130558974,0.0,2437.066,0.02490918027939082
2439.7760303293812,0.0,2437.536,-0.0164851417273999
2440.241547602865,0.0,2437.996,0.02490918027939082
2440.7070648763492,0.0,2438.465,-0.0164851417273999
2441.172582149833,0.0,2438.924,-0.012127899350943716
2441.6380994233173,0.0,2439.394,-0.2278141239954239
2442.103616696801,0.0,2439.86,-0.0164851417273999
2442.569133970285,0.0,2440.325,0.02490918027939082
2443.034651243769,0.0,2440.79,0.016194565668864236
2443.500168517253,0.0,2441.255,0.02055180804532064
2443.9656857907366,0.0,2441.72,-0.027378377526154685
2444.431203064221,0.0,2442.181,0.011837193434794058
2444.8967203377047,0.0,2442.647,-0.027378377526154685
2445.3622376111884,0.0,2443.111,0.02055180804532064
2445.8277548846727,0.0,2443.58,0.02055180804532064
2446.2932721581565,0.0,2444.044,-0.3628904556721646
2446.7587894316407,0.0,2444.506,-0.009949278162715514
2447.2243067051245,0.0,2444.974,-0.007770527116873316
2447.6898239786083,0.0,2445.436,-0.033914370948453065
2448.1553412520925,0.0,2445.902,0.01837318685709244
2448.6208585255763,0.0,2446.37,-0.03173574976022486
2449.08637579906,0.0,2446.835,-0.0012346635521889304
2449.5518930725443,0.0,2447.295,0.02490918027939082
2450.017410346028,0.0,2447.761,0.02055180804532064
2450.482927619512,0.0,2448.225,0.029266422655847224
2450.948444892996,0.0,2448.692,-0.025199756337926482
2451.41396216648,0.0,2449.159,-0.007770527116873316
2451.879479439964,0.0,2449.624,-0.020842513961470077
2452.344996713448,0.0,2450.085,-0.040450364370751446
2452.8105139869317,0.0,2450.555,0.035802416078145605
2453.276031260416,0.0,2451.018,-0.03173574976022486
2453.7415485338997,0.0,2451.48,-0.02955712857199666
2454.2070658073835,0.0,2451.947,0.02708780146761902
2454.6725830808678,0.0,2452.412,0.0009439576360392721
2455.1381003543515,0.0,2452.878,-0.3759623126591476
2455.6036176278353,0.0,2453.344,-0.012127899350943716
2456.0691349013196,0.0,2453.81,-0.1777051873781066
2456.5346521748033,0.0,2454.27,0.02490918027939082
2457.0001694482876,0.0,2454.735,-0.027378377526154685
2457.4656867217714,0.0,2455.199,0.009658572246565855
2457.931203995255,0.0,2455.666,-0.0164851417273999
2458.3967212687394,0.0,2456.129,0.02708780146761902
2458.862238542223,0.0,2456.599,0.02055180804532064
2459.327755815707,0.0,2457.062,-0.04916497898127803
2459.793273089191,0.0,2457.525,0.022730559091162617
2460.258790362675,0.0,2457.996,-0.003413284740417133
2460.724307636159,0.0,2458.458,0.01837318685709244
2461.189824909643,0.0,2458.924,-0.027378377526154685
2461.655342183127,0.0,2459.387,0.022730559091162617
2462.120859456611,0.0,2459.853,0.022730559091162617
2462.586376730095,0.0,2460.318,-0.24742197440470504
2463.0518940035786,0.0,2460.783,-0.027378377526154685
2463.517411277063,0.0,2461.247,-0.027378377526154685
2463.9829285505466,0.0,2461.713,0.15780676091028956
2464.4484458240304,0.0,2462.177,-0.009949278162715514
2464.9139630975146,0.0,2462.643,0.029266422655847224
2465.3794803709984,0.0,2463.107,-0.027378377526154685
2465.8449976444826,0.0,2463.569,0.02708780146761902
2466.3105149179664,0.0,2464.04,0.009658572246565855
2466.77603219145,0.0,2464.503,0.02055180804532064
2467.2415494649345,0.0,2464.966,0.06630350228618154
2467.7070667384182,0.0,2465.429,0.029266422655847224
2468.172584011902,0.0,2465.895,-0.027378377526154685
2468.6381012853863,0.0,2466.362,-0.05134360016950623
2469.10361855887,0.0,2466.828,-0.025199756337926482
2469.569135832354,0.0,2467.293,0.07283949570847992
2470.034653105838,0.0,2467.758,0.011837193434794058
2470.500170379322,0.0,2468.226,0.0336237948899174
2470.965687652806,0.0,2468.684,0.04669565187690017
2471.43120492629,0.0,2469.155,0.02055180804532064
2471.8967221997736,0.0,2469.621,0.022730559091162617
2472.362239473258,0.0,2470.081,0.029266422655847224
2472.8277567467417,0.0,2470.544,0.029266422655847224
2473.2932740202255,0.0,2471.014,0.01837318685709244
2473.7587912937097,0.0,2471.477,-0.033914370948453065
2474.2243085671935,0.0,2471.943,0.02055180804532064
2474.6898258406773,0.0,2472.407,-0.025199756337926482
2475.1553431141615,0.0,2472.873,0.06194613005211136
2475.6208603876453,0.0,2473.34,-0.027378377526154685
2476.0863776611295,0.0,2473.806,0.02708780146761902
2476.5518949346133,0.0,2474.27,0.02055180804532064
2477.017412208097,0.0,2474.729,0.029266422655847224
2477.4829294815813,0.0,2475.196,0.00530132987010945
2477.948446755065,0.0,2475.662,0.016194565668864236
2478.413964028549,0.0,2476.13,0.0031227086818812477
2478.879481302033,0.0,2476.592,-0.02955712857199666
2479.344998575517,0.0,2477.055,0.01837318685709244
2479.810515849001,0.0,2477.525,-0.038271743182523243
2480.276033122485,0.0,2477.988,0.00530132987010945
2480.7415503959687,0.0,2478.451,-0.053522221357734434
2481.207067669453,0.0,2478.917,0.011837193434794058
2481.6725849429367,0.0,2479.38,-0.025199756337926482
2482.1381022164205,0.0,2479.846,0.02490918027939082
2482.6036194899048,0.0,2480.31,-0.02302113514969828
2483.0691367633885,0.0,2480.775,-0.012127899350943716
2483.5346540368723,0.0,2481.24,0.037981037266373585
2484.0001713103566,0.0,2481.706,0.01837318685709244
2484.4656885838403,0.0,2482.171,0.01837318685709244
2484.9312058573246,0.0,2482.636,-0.027378377526154685
2485.3967231308084,0.0,2483.099,0.007479951058337653
2485.862240404292,0.0,2483.569,-0.027378377526154685
2486.3277576777764,0.0,2484.033,0.02708780146761902
2486.79327495126,0.0,2484.496,-0.012127899350943716
2487.258792224744,0.0,2484.959,0.022730559091162617
2487.724309498228,0.0,2485.429,0.007479951058337653
2488.189826771712,0.0,2485.894,0.029266422655847224
2488.6553440451958,0.0,2486.359,0.01837318685709244
2489.12086131868,0.0,2486.825,-0.03609299213668127
2489.586378592164,0.0,2487.285,0.02490918027939082
2490.051895865648,0.0,2487.75,0.02055180804532064
2490.517413139132,0.0,2488.215,0.009658572246565855
2490.9829304126156,0.0,2488.681,-0.027378377526154685
2491.4484476861,0.0,2489.144,0.04669565187690017
2491.9139649595836,0.0,2489.613,-0.0012346635521889304
2492.3794822330674,0.0,2490.074,0.022730559091162617
2492.8449995065516,0.0,2490.544,0.04669565187690017
2493.3105167800354,0.0,2491.007,-0.009949278162715514
2493.7760340535197,0.0,2491.469,-0.025199756337926482
2494.2415513270034,0.0,2491.935,0.011837193434794058
2494.707068600487,0.0,2492.405,-0.02302113514969828
2495.1725858739715,0.0,2492.87,0.02708780146761902
2495.6381031474552,0.0,2493.33,-0.003413284740417133
2496.103620420939,0.0,2493.796,-0.0164851417273999
2496.5691376944233,0.0,2494.263,-0.28228043284681137
2497.034654967907,0.0,2494.728,-0.025199756337926482
2497.500172241391,0.0,2495.196,-0.02302113514969828
2497.965689514875,0.0,2495.654,-0.05134360016950623
2498.431206788359,0.0,2496.122,-0.020842513961470077
2498.896724061843,0.0,2496.584,-0.053522221357734434
2499.362241335327,0.0,2497.055,-0.020842513961470077
2499.8277586088107,0.0,2497.518,0.02490918027939082
2500.293275882295,0.0,2497.981,-0.025199756337926482
2500.7587931557787,0.0,2498.444,0.031445043844075204
2501.2243104292625,0.0,2498.909,0.04015965845460179
2501.6898277027467,0.0,2499.38,0.02055180804532064
2502.1553449762305,0.0,2499.846,-0.027378377526154685
2502.6208622497143,0.0,2500.31,-0.0012346635521889304
2503.0863795231985,0.0,2500.776,-0.040450364370751446
2503.5518967966823,0.0,2501.24,-0.009949278162715514
2504.0174140701665,0.0,2501.699,-0.033914370948453065
2504.4829313436503,0.0,2502.166,-0.02302113514969828
2504.948448617134,0.0,2502.632,-0.018663892773242097
2505.4139658906183,0.0,2503.099,-0.020842513961470077
2505.879483164102,0.0,2503.562,0.02490918027939082
2506.345000437586,0.0,2504.026,-0.02302113514969828
2506.81051771107,0.0,2504.495,0.02490918027939082
2507.276034984554,0.0,2504.959,0.029266422655847224
2507.7415522580377,0.0,2505.421,0.011837193434794058
2508.207069531522,0.0,2505.887,-0.027378377526154685
2508.6725868050057,0.0,2506.352,-0.020842513961470077
2509.13810407849,0.0,2506.818,0.02490918027939082
2509.6036213519737,0.0,2507.285,-0.02302113514969828
2510.0691386254575,0.0,2507.75,0.009658572246565855
2510.5346558989418,0.0,2508.215,0.029266422655847224
2511.0001731724255,0.0,2508.68,0.016194565668864236
2511.4656904459093,0.0,2509.144,0.029266422655847224
2511.9312077193936,0.0,2509.606,0.011837193434794058
2512.3967249928774,0.0,2510.07,-0.027378377526154685
2512.8622422663616,0.0,2510.539,0.02490918027939082
2513.3277595398454,0.0,2511.003,0.029266422655847224
2513.793276813329,0.0,2511.466,0.011837193434794058
2514.2587940868134,0.0,2511.931,-0.027378377526154685
2514.724311360297,0.0,2512.394,0.022730559091162617
2515.189828633781,0.0,2512.86,0.02055180804532064
2515.655345907265,0.0,2513.325,-0.038271743182523243
2516.120863180749,0.0,2513.791,0.02708780146761902
2516.5863804542328,0.0,2514.258,-0.018663892773242097
2517.051897727717,0.0,2514.724,0.016194565668864236
2517.517415001201,0.0,2515.188,0.0837327315072347
2517.982932274685,0.0,2515.654,0.01837318685709244
2518.448449548169,0.0,2516.114,0.10334058191651585
2518.9139668216526,0.0,2516.584,0.009658572246565855
2519.379484095137,0.0,2517.047,0.022730559091162617
2519.8450013686206,0.0,2517.51,-0.007770527116873316
2520.3105186421044,0.0,2517.978,0.009658572246565855
2520.7760359155886,0.0,2518.44,-0.038271743182523243
2521.2415531890724,0.0,2518.906,0.1403775316892364
2521.707070462556,0.0,2519.37,-0.025199756337926482
2522.1725877360404,0.0,2519.835,0.029266422655847224
2522.638105009524,0.0,2520.303,-0.018663892773242097
2523.1036222830085,0.0,2520.768,0.022730559091162617
2523.5691395564922,0.0,2521.233,0.02490918027939082
2524.034656829976,0.0,2521.699,0.011837193434794058
2524.5001741034603,0.0,2522.163,0.04887427306512837
2524.965691376944,0.0,2522.629,-0.018663892773242097
2525.431208650428,0.0,2523.092,0.02055180804532064
2525.896725923912,0.0,2523.554,0.02708780146761902
2526.362243197396,0.0,2524.025,0.029266422655847224
2526.82776047088,0.0,2524.488,-0.033914370948453065
2527.293277744364,0.0,2524.959,-0.027378377526154685
2527.7587950178477,0.0,2525.414,-0.027378377526154685
2528.224312291332,0.0,2525.88,0.0009439576360392721
2528.6898295648157,0.0,2526.344,-0.02955712857199666
2529.1553468382995,0.0,2526.809,0.016194565668864236
2529.6208641117837,0.0,2527.274,0.022730559091162617
2530.0863813852675,0.0,2527.739,0.016194565668864236
2530.5518986587513,0.0,2528.207,0.02055180804532064
2531.0174159322355,0.0,2528.672,0.01837318685709244
2531.4829332057193,0.0,2529.14,-0.046986227935436053
2531.9484504792035,0.0,2529.603,0.02055180804532064
2532.4139677526873,0.0,2530.066,0.01837318685709244
2532.879485026171,0.0,2530.529,-0.027378377526154685
2533.3450022996553,0.0,2530.999,-0.03173574976022486
2533.810519573139,0.0,2531.462,0.14691352511153477
2534.276036846623,0.0,2531.928,0.02055180804532064
2534.741554120107,0.0,2532.391,-0.033914370948453065
2535.207071393591,0.0,2532.856,0.044517030688671966
2535.6725886670747,0.0,2533.321,-0.060058214780032815
2536.138105940559,0.0,2533.787,0.02055180804532064
2536.6036232140427,0.0,2534.251,-0.053522221357734434
2537.069140487527,0.0,2534.717,-0.018663892773242097
2537.5346577610107,0.0,2535.182,-0.003413284740417133
2538.0001750344945,0.0,2535.647,-0.020842513961470077
2538.4656923079788,0.0,2536.11,0.011837193434794058
2538.9312095814626,0.0,2536.58,0.1381989105010082
2539.3967268549463,0.0,2537.041,-0.025199756337926482
2539.8622441284306,0.0,2537.504,0.029266422655847224
2540.3277614019144,0.0,2537.974,-0.020842513961470077
2540.793278675398,0.0,2538.436,-0.018663892773242097
2541.2587959488824,0.0,2538.901,0.01837318685709244
2541.724313222366,0.0,2539.366,0.029266422655847224
2542.1898304958504,0.0,2539.831,0.01837318685709244
2542.655347769334,0.0,2540.296,0.02490918027939082
2543.120865042818,0.0,2540.762,-0.025199756337926482
2543.586382316302,0.0,2541.229,0.01837318685709244
2544.051899589786,0.0,2541.695,-0.02302113514969828
2544.51741686327,0.0,2542.159,-0.08402330756577037
2544.982934136754,0.0,2542.625,0.029266422655847224
2545.448451410238,0.0,2543.085,-0.02302113514969828
2545.913968683722,0.0,2543.554,0.029266422655847224
2546.379485957206,0.0,2544.015,-0.025199756337926482
2546.8450032306896,0.0,2544.484,0.009658572246565855
2547.310520504174,0.0,2544.955,0.01837318685709244
2547.7760377776576,0.0,2545.41,0.02708780146761902
2548.2415550511414,0.0,2545.876,-0.025199756337926482
2548.7070723246256,0.0,2546.344,-0.020842513961470077
2549.1725895981094,0.0,2546.81,0.029266422655847224
2549.638106871593,0.0,2547.27,0.02055180804532064
2550.1036241450774,0.0,2547.735,-0.027378377526154685
2550.5691414185612,0.0,2548.2,-0.025199756337926482
2551.0346586920455,0.0,2548.666,0.01837318685709244
2551.5001759655293,0.0,2549.129,0.016194565668864236
2551.965693239013,0.0,2549.599,0.022730559091162617
2552.4312105124973,0.0,2550.059,-0.02302113514969828
2552.896727785981,0.0,2550.528,-0.005591905928645335
2553.362245059465,0.0,2550.989,-0.02302113514969828
2553.827762332949,0.0,2551.458,0.029266422655847224
2554.293279606433,0.0,2551.924,-0.027378377526154685
2554.7587968799166,0.0,2552.387,0.022730559091162617
2555.224314153401,0.0,2552.853,0.007479951058337653
2555.6898314268847,0.0,2553.317,-0.027378377526154685
2556.155348700369,0.0,2553.783,-0.025199756337926482
2556.6208659738527,0.0,2554.248,0.044517030688671966
2557.0863832473365,0.0,2554.714,0.02708780146761902
2557.5519005208207,0.0,2555.174,-0.027378377526154685
2558.0174177943045,0.0,2555.64,0.01837318685709244
2558.4829350677883,0.0,2556.111,0.02708780146761902
2558.9484523412725,0.0,2556.573,0.022730559091162617
2559.4139696147563,0.0,2557.041,-0.0012346635521889304
2559.8794868882405,0.0,2557.503,0.01837318685709244
2560.3450041617243,0.0,2557.966,0.029266422655847224
2560.810521435208,0.0,2558.429,0.016194565668864236
2561.2760387086923,0.0,2558.894,-0.025199756337926482
2561.741555982176,0.0,2559.36,-0.020842513961470077
2562.20707325566,0.0,2559.825,0.02055180804532064
2562.672590529144,0.0,2560.292,-0.0012346635521889304
2563.138107802628,0.0,2560.758,0.02055180804532064
2563.6036250761117,0.0,2561.222,0.029266422655847224
2564.069142349596,0.0,2561.688,0.0009439576360392721
2564.5346596230797,0.0,2562.155,0.029266422655847224
2565.000176896564,0.0,2562.614,0.02055180804532064
2565.4656941700478,0.0,2563.085,0.011837193434794058
2565.9312114435315,0.0,2563.547,0.02708780146761902
2566.396728717016,0.0,2564.011,0.029266422655847224
2566.8622459904996,0.0,2564.481,-0.0164851417273999
2567.3277632639833,0.0,2564.939,0.037981037266373585
2567.7932805374676,0.0,2565.409,-0.025199756337926482
2568.2587978109514,0.0,2565.875,0.3255627999832944
2568.724315084435,0.0,2566.34,-0.007770527116873316
2569.1898323579194,0.0,2566.805,0.02055180804532064
2569.655349631403,0.0,2567.27,0.0031227086818812477
2570.1208669048874,0.0,2567.735,0.011837193434794058
2570.586384178371,0.0,2568.199,0.022730559091162617
2571.051901451855,0.0,2568.665,0.016194565668864236
2571.517418725339,0.0,2569.129,0.029266422655847224
2571.982935998823,0.0,2569.591,-0.003413284740417133
2572.448453272307,0.0,2570.059,0.02055180804532064
2572.913970545791,0.0,2570.521,-0.025199756337926482
2573.379487819275,0.0,2570.985,0.029266422655847224
2573.8450050927586,0.0,2571.455,0.06630350228618154
2574.310522366243,0.0,2571.921,0.016194565668864236
2574.7760396397266,0.0,2572.384,-0.02955712857199666
2575.241556913211,0.0,2572.85,0.011837193434794058
2575.7070741866946,0.0,2573.315,0.01837318685709244
2576.1725914601784,0.0,2573.781,-0.025199756337926482
2576.6381087336626,0.0,2574.241,0.02055180804532064
2577.1036260071464,0.0,2574.706,-0.02955712857199666
2577.56914328063,0.0,2575.174,0.037981037266373585
2578.0346605541145,0.0,2575.64,-0.025199756337926482
2578.5001778275982,0.0,2576.103,0.011837193434794058
2578.9656951010825,0.0,2576.565,-0.09927391559859533
2579.4312123745663,0.0,2577.033,-0.08184468637754216
2579.89672964805,0.0,2577.495,-0.027378377526154685
2580.3622469215343,0.0,2577.959,-0.0164851417273999
2580.827764195018,0.0,2578.429,0.059767508863883156
2581.293281468502,0.0,2578.895,0.009658572246565855
2581.758798741986,0.0,2579.354,-0.0164851417273999
2582.22431601547,0.0,2579.82,0.02055180804532064
2582.6898332889537,0.0,2580.285,0.011837193434794058
2583.155350562438,0.0,2580.752,-0.02302113514969828
2583.6208678359217,0.0,2581.218,0.016194565668864236
2584.086385109406,0.0,2581.684,-0.027378377526154685
2584.5519023828897,0.0,2582.144,-0.040450364370751446
2585.0174196563735,0.0,2582.614,0.0336237948899174
2585.4829369298577,0.0,2583.077,0.01837318685709244
2585.9484542033415,0.0,2583.54,-0.009949278162715514
2586.4139714768253,0.0,2584.01,-0.033914370948453065
2586.8794887503095,0.0,2584.473,-0.02955712857199666
2587.3450060237933,0.0,2584.939,0.01837318685709244
2587.810523297277,0.0,2585.402,0.1425561528774646
2588.2760405707613,0.0,2585.868,0.05323164529919855
2588.741557844245,0.0,2586.332,0.0336237948899174
2589.2070751177293,0.0,2586.798,-0.0164851417273999
2589.672592391213,0.0,2587.263,-0.027378377526154685
2590.138109664697,0.0,2587.729,-0.18641980198863317
2590.603626938181,0.0,2588.196,-0.027378377526154685
2591.069144211665,0.0,2588.654,-0.02955712857199666
2591.5346614851487,0.0,2589.122,-0.027378377526154685
2592.000178758633,0.0,2589.584,-0.08184468637754216
2592.4656960321167,0.0,2590.052,-0.033914370948453065
2592.931213305601,0.0,2590.514,0.011837193434794058
2593.3967305790848,0.0,2590.982,0.04669565187690017
2593.8622478525685,0.0,2591.444,0.02055180804532064
2594.327765126053,0.0,2591.909,0.007479951058337653
2594.7932823995366,0.0,2592.38,0.022730559091162617
2595.2587996730203,0.0,2592.845,0.00530132987010945
2595.7243169465046,0.0,2593.31,-0.18641980198863317
2596.1898342199884,0.0,2593.769,-0.012127899350943716
2596.655351493472,0.0,2594.241,0.1817718536960271
2597.1208687669564,0.0,2594.699,0.2340594115015726
2597.58638604044,0.0,2595.166,-0.025199756337926482
2598.0519033139244,0.0,2595.632,0.029266422655847224
2598.517420587408,0.0,2596.096,-0.02302113514969828
2598.982937860892,0.0,2596.565,0.029266422655847224
2599.448455134376,0.0,2597.029,0.06630350228618154
2599.91397240786,0.0,2597.492,0.00530132987010945
2600.379489681344,0.0,2597.955,-0.02302113514969828
2600.845006954828,0.0,2598.425,0.02055180804532064
2601.310524228312,0.0,2598.89,-0.027378377526154685
2601.7760415017956,0.0,2599.355,-0.02302113514969828
2602.24155877528,0.0,2599.82,-0.025199756337926482
2602.7070760487636,0.0,2600.285,0.02708780146761902
2603.172593322248,0.0,2600.744,0.029266422655847224
2603.6381105957316,0.0,2601.211,-0.025199756337926482
2604.1036278692154,0.0,2601.677,0.01837318685709244
2604.5691451426997,0.0,2602.14,0.014015944480636033
2605.0346624161834,0.0,2602.61,0.029266422655847224
2605.500179689667,0.0,2603.073,0.07501811689670812
2605.9656969631515,0.0,2603.536,0.022730559091162617
2606.4312142366352,0.0,2604.004,0.01837318685709244
2606.896731510119,0.0,2604.467,-0.027378377526154685
2607.3622487836033,0.0,2604.932,0.00530132987010945
2607.827766057087,0.0,2605.395,0.029266422655847224
2608.2932833305713,0.0,2605.861,-0.033914370948453065
2608.758800604055,0.0,2606.326,-0.009949278162715514
2609.224317877539,0.0,2606.792,0.02490918027939082
2609.689835151023,0.0,2607.258,-0.027378377526154685
2610.155352424507,0.0,2607.724,0.02708780146761902
2610.6208696979907,0.0,2608.189,0.02490918027939082
2611.086386971475,0.0,2608.654,0.016194565668864236
2611.5519042449587,0.0,2609.118,0.029266422655847224
2612.017421518443,0.0,2609.581,0.016194565668864236
2612.4829387919267,0.0,2610.044,0.1839506047418693
2612.9484560654105,0.0,2610.514,-0.0164851417273999
2613.4139733388947,0.0,2610.974,-0.0164851417273999
2613.8794906123785,0.0,2611.444,-0.02302113514969828
2614.3450078858623,0.0,2611.909,0.029266422655847224
2614.8105251593465,0.0,2612.373,-0.02302113514969828
2615.2760424328303,0.0,2612.838,-0.025199756337926482
2615.741559706314,0.0,2613.303,-0.025199756337926482
2616.2070769797983,0.0,2613.768,0.02490918027939082
2616.672594253282,0.0,2614.233,0.011837193434794058
2617.1381115267664,0.0,2614.699,0.007479951058337653
2617.60362880025,0.0,2615.159,0.007479951058337653
2618.069146073734,0.0,2615.625,0.02055180804532064
2618.534663347218,0.0,2616.095,-0.0012346635521889304
2619.000180620702,0.0,2616.558,-0.025199756337926482
2619.4656978941857,0.0,2617.022,0.011837193434794058
2619.93121516767,0.0,2617.484,-0.05787946373419062
2620.3967324411537,0.0,2617.955,0.01837318685709244
2620.8622497146375,0.0,2618.418,-0.005591905928645335
2621.3277669881218,0.0,2618.883,0.037981037266373585
2621.7932842616055,0.0,2619.348,0.02708780146761902
2622.25880153509,0.0,2619.814,0.02055180804532064
2622.7243188085736,0.0,2620.281,0.0009439576360392721
2623.1898360820574,0.0,2620.739,0.022730559091162617
2623.6553533555416,0.0,2621.204,0.02055180804532064
2624.1208706290254,0.0,2621.669,-0.060058214780032815
2624.586387902509,0.0,2622.14,-0.0164851417273999
2625.0519051759934,0.0,2622.603,-0.027378377526154685
2625.517422449477,0.0,2623.071,-0.027378377526154685
2625.982939722961,0.0,2623.533,0.02708780146761902
2626.448456996445,0.0,2623.996,0.011837193434794058
2626.913974269929,0.0,2624.466,0.02055180804532064
2627.379491543413,0.0,2624.924,0.0031227086818812477
2627.845008816897,0.0,2625.394,-0.027378377526154685
2628.310526090381,0.0,2625.86,0.01837318685709244
2628.776043363865,0.0,2626.325,0.011837193434794058
2629.241560637349,0.0,2626.791,-0.027378377526154685
2629.7070779108326,0.0,2627.251,-0.012127899350943716
2630.172595184317,0.0,2627.716,0.02055180804532064
2630.6381124578006,0.0,2628.182,-0.0012346635521889304
2631.103629731285,0.0,2628.647,-0.025199756337926482
2631.5691470047686,0.0,2629.115,-0.0164851417273999
2632.0346642782524,0.0,2629.577,0.02490918027939082
2632.5001815517367,0.0,2630.04,0.0031227086818812477
2632.9656988252204,0.0,2630.51,0.011837193434794058
2633.431216098704,0.0,2630.974,-0.009949278162715514
2633.8967333721885,0.0,2631.436,0.044517030688671966
2634.3622506456722,0.0,2631.901,0.011837193434794058
2634.827767919156,0.0,2632.366,0.02708780146761902
2635.2932851926403,0.0,2632.832,-0.02955712857199666
2635.758802466124,0.0,2633.299,-0.020842513961470077
2636.2243197396083,0.0,2633.765,-0.033914370948453065
2636.689837013092,0.0,2634.224,-0.018663892773242097
2637.155354286576,0.0,2634.689,0.011837193434794058
2637.62087156006,0.0,2635.155,0.00530132987010945
2638.086388833544,0.0,2635.621,-0.0164851417273999
2638.5519061070277,0.0,2636.085,-0.025199756337926482
2639.017423380512,0.0,2636.554,0.02055180804532064
2639.4829406539957,0.0,2637.015,-0.027378377526154685
2639.9484579274795,0.0,2637.484,0.016194565668864236
2640.4139752009637,0.0,2637.951,0.0336237948899174
2640.8794924744475,0.0,2638.414,0.022730559091162617
2641.3450097479317,0.0,2638.879,-0.018663892773242097
2641.8105270214155,0.0,2639.345,-0.025199756337926482
2642.2760442948993,0.0,2639.811,0.01837318685709244
2642.7415615683835,0.0,2640.271,-0.027378377526154685
2643.2070788418673,0.0,2640.736,0.011837193434794058
2643.672596115351,0.0,2641.203,-0.05134360016950623
2644.1381133888353,0.0,2641.669,0.02490918027939082
2644.603630662319,0.0,2642.129,-0.025199756337926482
2645.0691479358034,0.0,2642.6,-0.025199756337926482
2645.534665209287,0.0,2643.062,-0.005591905928645335
2646.000182482771,0.0,2643.525,0.029266422655847224
2646.465699756255,0.0,2643.996,0.035802416078145605
2646.931217029739,0.0,2644.458,0.029266422655847224
2647.3967343032227,0.0,2644.924,-0.027378377526154685
2647.862251576707,0.0,2645.387,0.02055180804532064
2648.3277688501908,0.0,2645.853,-0.07530869295524378
2648.7932861236745,0.0,2646.318,-0.027378377526154685
2649.2588033971588,0.0,2646.784,0.02708780146761902
2649.7243206706426,0.0,2647.244,-0.025199756337926482
2650.189837944127,0.0,2647.709,-0.02302113514969828
2650.6553552176106,0.0,2648.174,-0.027378377526154685
2651.1208724910944,0.0,2648.639,-0.020842513961470077
2651.5863897645786,0.0,2649.107,-0.0164851417273999
2652.0519070380624,0.0,2649.569,-0.04262898555897965
2652.517424311546,0.0,2650.04,0.029266422655847224
2652.9829415850304,0.0,2650.502,0.011837193434794058
2653.448458858514,0.0,2650.966,0.02708780146761902
2653.913976131998,0.0,2651.429,0.02055180804532064
2654.379493405482,0.0,2651.895,-0.027378377526154685
2654.845010678966,0.0,2652.362,-0.04916497898127803
2655.3105279524502,0.0,2652.827,-0.02302113514969828
2655.776045225934,0.0,2653.292,-0.033914370948453065
2656.241562499418,0.0,2653.757,0.00530132987010945
2656.707079772902,0.0,2654.221,-0.020842513961470077
2657.172597046386,0.0,2654.687,0.02055180804532064
2657.6381143198696,0.0,2655.152,-0.02302113514969828
2658.103631593354,0.0,2655.617,0.022730559091162617
2658.5691488668376,0.0,2656.085,0.011837193434794058
2659.0346661403214,0.0,2656.547,0.022730559091162617
2659.5001834138056,0.0,2657.01,0.022730559091162617
2659.9657006872894,0.0,2657.48,0.009658572246565855
2660.4312179607737,0.0,2657.939,-0.02955712857199666
2660.8967352342574,0.0,2658.409,0.02055180804532064
2661.3622525077412,0.0,2658.874,-0.02302113514969828
2661.8277697812255,0.0,2659.34,-0.1777051873781066
2662.2932870547093,0.0,2659.806,0.011837193434794058
2662.758804328193,0.0,2660.266,0.0009439576360392721
2663.2243216016773,0.0,2660.731,0.029266422655847224
2663.689838875161,0.0,2661.196,0.01837318685709244
2664.1553561486453,0.0,2661.662,0.022730559091162617
2664.620873422129,0.0,2662.129,0.02708780146761902
2665.086390695613,0.0,2662.592,-0.05787946373419062
2665.551907969097,0.0,2663.055,0.02055180804532064
2666.017425242581,0.0,2663.525,-0.02302113514969828
2666.4829425160647,0.0,2663.985,0.05323164529919855
2666.948459789549,0.0,2664.455,0.029266422655847224
2667.4139770630327,0.0,2664.92,-0.020842513961470077
2667.8794943365165,0.0,2665.383,-0.025199756337926482
2668.3450116100007,0.0,2665.849,0.02055180804532064
2668.8105288834845,0.0,2666.314,0.01837318685709244
2669.2760461569687,0.0,2666.78,0.022730559091162617
2669.7415634304525,0.0,2667.244,0.016194565668864236
2670.2070807039363,0.0,2667.71,-0.018663892773242097
2670.6725979774205,0.0,2668.17,0.02055180804532064
2671.1381152509043,0.0,2668.635,0.022730559091162617
2671.603632524388,0.0,2669.103,0.022730559091162617
2672.0691497978723,0.0,2669.566,-0.0164851417273999
2672.534667071356,0.0,2670.029,0.007479951058337653
2673.00018434484,0.0,2670.499,0.04669565187690017
2673.465701618324,0.0,2670.962,-0.005591905928645335
2673.931218891808,0.0,2671.425,-0.02302113514969828
2674.396736165292,0.0,2671.89,0.037981037266373585
2674.862253438776,0.0,2672.354,-0.025199756337926482
2675.3277707122597,0.0,2672.82,0.011837193434794058
2675.793287985744,0.0,2673.285,0.016194565668864236
2676.2588052592278,0.0,2673.751,-0.027378377526154685
2676.7243225327115,0.0,2674.218,0.04669565187690017
2677.189839806196,0.0,2674.684,-0.018663892773242097
2677.6553570796796,0.0,2675.144,-0.018663892773242097
2678.120874353164,0.0,2675.614,-0.0012346635521889304
2678.5863916266476,0.0,2676.077,0.022730559091162617
2679.0519089001314,0.0,2676.54,-0.025199756337926482
2679.5174261736156,0.0,2677.011,-0.0164851417273999
2679.9829434470994,0.0,2677.473,0.09244721626014729
2680.448460720583,0.0,2677.939,-0.19077717422270335
2680.9139779940674,0.0,2678.402,0.044517030688671966
2681.379495267551,0.0,2678.868,0.02055180804532064
2681.845012541035,0.0,2679.332,0.022730559091162617
2682.310529814519,0.0,2679.798,0.02055180804532064
2682.776047088003,0.0,2680.263,-0.0164851417273999
2683.2415643614872,0.0,2680.729,-0.018663892773242097
2683.707081634971,0.0,2681.189,0.02055180804532064
2684.172598908455,0.0,2681.654,-0.027378377526154685
2684.638116181939,0.0,2682.125,-0.025199756337926482
2685.103633455423,0.0,2682.587,-0.0164851417273999
2685.5691507289066,0.0,2683.055,0.17305723908550052
2686.034668002391,0.0,2683.517,0.02490918027939082
2686.5001852758746,0.0,2683.985,0.029266422655847224
2686.9657025493584,0.0,2684.447,0.014015944480636033
2687.4312198228426,0.0,2684.913,0.00530132987010945
2687.8967370963264,0.0,2685.379,0.00530132987010945
2688.3622543698107,0.0,2685.845,0.009658572246565855
2688.8277716432945,0.0,2686.31,-0.6831518608565427
2689.2932889167782,0.0,2686.776,0.011837193434794058
2689.7588061902625,0.0,2687.24,-0.027378377526154685
2690.2243234637463,0.0,2687.699,-0.027378377526154685
2690.68984073723,0.0,2688.171,0.016194565668864236
2691.1553580107143,0.0,2688.629,0.02490918027939082
2691.620875284198,0.0,2689.099,-0.03173574976022486
2692.086392557682,0.0,2689.561,0.011837193434794058
2692.551909831166,0.0,2690.03,0.02708780146761902
2693.01742710465,0.0,2690.492,0.016194565668864236
2693.482944378134,0.0,2690.955,-0.0164851417273999
2693.948461651618,0.0,2691.425,-0.07095145057878738
2694.4139789251017,0.0,2691.884,-0.027378377526154685
2694.879496198586,0.0,2692.35,0.016194565668864236
2695.3450134720697,0.0,2692.816,-0.28881629641149575
2695.8105307455535,0.0,2693.281,-0.05134360016950623
2696.2760480190377,0.0,2693.746,-0.025199756337926482
2696.7415652925215,0.0,2694.211,-0.02302113514969828
2697.2070825660057,0.0,2694.676,0.02490918027939082
2697.6725998394895,0.0,2695.144,0.02708780146761902
2698.1381171129733,0.0,2695.606,0.01837318685709244
2698.6036343864575,0.0,2696.07,-0.0164851417273999
2699.0691516599413,0.0,2696.539,0.02055180804532064
2699.534668933425,0.0,2697.0,0.0837327315072347
2700.0001862069093,0.0,2697.469,-0.027378377526154685
2700.465703480393,0.0,2697.935,0.253667261910854
2700.931220753877,0.0,2698.398,0.022730559091162617
2701.396738027361,0.0,2698.863,0.009658572246565855
2701.862255300845,0.0,2699.329,-0.009949278162715514
2702.327772574329,0.0,2699.795,0.02490918027939082
2702.793289847813,0.0,2700.258,-0.018663892773242097
2703.2588071212967,0.0,2700.724,0.02490918027939082
2703.724324394781,0.0,2701.189,0.011837193434794058
2704.1898416682648,0.0,2701.655,-0.08184468637754216
2704.6553589417485,0.0,2702.115,0.029266422655847224
2705.120876215233,0.0,2702.585,-0.033914370948453065
2705.5863934887166,0.0,2703.048,0.029266422655847224
2706.0519107622004,0.0,2703.51,-0.027378377526154685
2706.5174280356846,0.0,2703.981,0.02708780146761902
2706.9829453091684,0.0,2704.444,-0.025199756337926482
2707.4484625826526,0.0,2704.909,0.0031227086818812477
2707.9139798561364,0.0,2705.373,-0.027378377526154685
2708.37949712962,0.0,2705.839,0.007479951058337653
2708.8450144031044,0.0,2706.304,0.02490918027939082
2709.310531676588,0.0,2706.77,-0.027378377526154685
2709.776048950072,0.0,2707.229,-0.012127899350943716
2710.241566223556,0.0,2707.694,0.022730559091162617
2710.70708349704,0.0,2708.159,0.029266422655847224
2711.1726007705242,0.0,2708.625,0.00530132987010945
2711.638118044008,0.0,2709.096,0.04015965845460179
2712.103635317492,0.0,2709.558,-0.03609299213668127
2712.569152590976,0.0,2710.019,0.016194565668864236
2713.03466986446,0.0,2710.489,0.06630350228618154
2713.5001871379436,0.0,2710.959,-0.025199756337926482
2713.965704411428,0.0,2711.414,-0.027378377526154685
2714.4312216849116,0.0,2711.88,0.029266422655847224
2714.8967389583954,0.0,2712.347,-0.02955712857199666
2715.3622562318797,0.0,2712.813,0.01837318685709244
2715.8277735053634,0.0,2713.277,0.02490918027939082
2716.2932907788477,0.0,2713.742,0.011837193434794058
2716.7588080523315,0.0,2714.206,0.029266422655847224
2717.2243253258152,0.0,2714.672,0.01837318685709244
2717.6898425992995,0.0,2715.14,-0.03173574976022486
2718.1553598727833,0.0,2715.603,-0.02302113514969828
2718.620877146267,0.0,2716.07,0.0031227086818812477
2719.0863944197513,0.0,2716.532,-0.027378377526154685
2719.551911693235,0.0,2716.996,0.02055180804532064
2720.017428966719,0.0,2717.466,0.031445043844075204
2720.482946240203,0.0,2717.924,0.029266422655847224
2720.948463513687,0.0,2718.394,-0.027378377526154685
2721.413980787171,0.0,2718.86,0.029266422655847224
2721.879498060655,0.0,2719.325,0.01837318685709244
2722.3450153341387,0.0,2719.784,0.011837193434794058
2722.810532607623,0.0,2720.251,-0.027378377526154685
2723.2760498811067,0.0,2720.717,-0.02302113514969828
2723.7415671545905,0.0,2721.182,-0.2539579678270034
2724.2070844280747,0.0,2721.648,0.05541026648742675
2724.6726017015585,0.0,2722.111,0.011837193434794058
2725.1381189750423,0.0,2722.58,0.20573707633937866
2725.6036362485265,0.0,2723.04,-0.04262898555897965
2726.0691535220103,0.0,2723.51,0.02708780146761902
2726.5346707954945,0.0,2723.974,-0.027378377526154685
2727.0001880689783,0.0,2724.436,0.044517030688671966
2727.465705342462,0.0,2724.902,0.016194565668864236
2727.9312226159464,0.0,2725.369,0.022730559091162617
2728.39673988943,0.0,2725.835,-0.02302113514969828
2728.862257162914,0.0,2726.299,-0.0164851417273999
2729.327774436398,0.0,2726.765,-0.025199756337926482
2729.793291709882,0.0,2727.225,0.007479951058337653
2730.258808983366,0.0,2727.691,-0.02955712857199666
2730.72432625685,0.0,2728.155,0.011837193434794058
2731.1898435303337,0.0,2728.62,-0.027378377526154685
2731.655360803818,0.0,2729.088,-0.027378377526154685
2732.1208780773018,0.0,2729.552,0.009658572246565855
2732.5863953507856,0.0,2730.015,-0.027378377526154685
2733.05191262427,0.0,2730.484,0.016194565668864236
2733.5174298977536,0.0,2730.955,0.029266422655847224
2733.9829471712374,0.0,2731.41,0.016194565668864236
2734.4484644447216,0.0,2731.876,0.2928829627294165
2734.9139817182054,0.0,2732.341,0.2362381625474146
2735.3794989916896,0.0,2732.806,-0.0164851417273999
2735.8450162651734,0.0,2733.273,-0.003413284740417133
2736.310533538657,0.0,2733.739,-0.020842513961470077
2736.7760508121414,0.0,2734.204,-0.0164851417273999
2737.241568085625,0.0,2734.67,0.011837193434794058
2737.707085359109,0.0,2735.133,-0.0164851417273999
2738.172602632593,0.0,2735.595,0.057588887675654954
2738.638119906077,0.0,2736.063,-0.007770527116873316
2739.103637179561,0.0,2736.525,0.04669565187690017
2739.569154453045,0.0,2736.996,0.016194565668864236
2740.034671726529,0.0,2737.458,0.009658572246565855
2740.500189000013,0.0,2737.924,-0.020842513961470077
2740.965706273497,0.0,2738.387,0.029266422655847224
2741.4312235469806,0.0,2738.853,-0.009949278162715514
2741.896740820465,0.0,2739.317,-0.5262891225110993
2742.3622580939486,0.0,2739.784,0.029266422655847224
2742.8277753674324,0.0,2740.244,-0.04262898555897965
2743.2932926409167,0.0,2740.71,-0.0164851417273999
2743.7588099144004,0.0,2741.177,-0.02302113514969828
2744.2243271878847,0.0,2741.642,-0.0164851417273999
2744.6898444613685,0.0,2742.111,0.02055180804532064
2745.1553617348522,0.0,2742.573,0.02708780146761902
2745.6208790083365,0.0,2743.04,0.00530132987010945
2746.0863962818203,0.0,2743.503,0.02708780146761902
2746.551913555304,0.0,2743.966,0.02708780146761902
2747.0174308287883,0.0,2744.429,0.09680458849421747
2747.482948102272,0.0,2744.894,-0.025199756337926482
2747.948465375756,0.0,2745.359,-0.018663892773242097
2748.41398264924,0.0,2745.825,0.02055180804532064
2748.879499922724,0.0,2746.292,-0.027378377526154685
2749.345017196208,0.0,2746.758,0.029266422655847224
2749.810534469692,0.0,2747.222,0.02490918027939082
2750.2760517431757,0.0,2747.688,0.011837193434794058
2750.74156901666,0.0,2748.155,0.0336237948899174
2751.2070862901437,0.0,2748.62,0.022730559091162617
2751.6726035636275,0.0,2749.081,0.02708780146761902
2752.1381208371117,0.0,2749.544,-0.003413284740417133
2752.6036381105955,0.0,2750.014,-0.0012346635521889304
2753.0691553840793,0.0,2750.477,-0.0164851417273999
2753.5346726575635,0.0,2750.942,0.011837193434794058
2754.0001899310473,0.0,2751.407,-0.02955712857199666
2754.4657072045316,0.0,2751.872,0.04887427306512837
2754.9312244780153,0.0,2752.337,-0.07095145057878738
2755.396741751499,0.0,2752.803,-0.0164851417273999
2755.8622590249834,0.0,2753.27,0.02490918027939082
2756.327776298467,0.0,2753.735,0.02055180804532064
2756.793293571951,0.0,2754.2,0.007479951058337653
2757.258810845435,0.0,2754.666,-0.027378377526154685
2757.724328118919,0.0,2755.129,0.02708780146761902
2758.1898453924027,0.0,2755.591,0.007479951058337653
2758.655362665887,0.0,2756.059,0.011837193434794058
2759.1208799393708,0.0,2756.521,-0.025199756337926482
2759.586397212855,0.0,2756.985,0.00530132987010945
2760.051914486339,0.0,2757.455,-0.027378377526154685
2760.5174317598226,0.0,2757.92,0.02055180804532064
2760.982949033307,0.0,2758.383,-0.027378377526154685
2761.4484663067906,0.0,2758.849,0.16652137552081614
2761.9139835802744,0.0,2759.314,0.022730559091162617
2762.3795008537586,0.0,2759.78,0.00530132987010945
2762.8450181272424,0.0,2760.244,0.06630350228618154
2763.3105354007266,0.0,2760.71,0.00530132987010945
2763.7760526742104,0.0,2761.169,0.037981037266373585
2764.241569947694,0.0,2761.635,0.01837318685709244
2764.7070872211784,0.0,2762.103,0.02708780146761902
2765.172604494662,0.0,2762.565,-0.027378377526154685
2765.638121768146,0.0,2763.033,-0.03173574976022486
2766.1036390416302,0.0,2763.495,-0.007770527116873316
2766.569156315114,0.0,2763.959,0.011837193434794058
2767.034673588598,0.0,2764.429,0.029266422655847224
2767.500190862082,0.0,2764.895,0.029266422655847224
2767.965708135566,0.0,2765.354,-0.0164851417273999
2768.43122540905,0.0,2765.82,0.02055180804532064
2768.896742682534,0.0,2766.285,0.022730559091162617
2769.3622599560176,0.0,2766.75,0.02055180804532064
2769.827777229502,0.0,2767.214,0.016194565668864236
2770.2932945029856,0.0,2767.68,0.009658572246565855
2770.7588117764694,0.0,2768.151,-0.03173574976022486
2771.2243290499537,0.0,2768.609,-0.02302113514969828
2771.6898463234375,0.0,2769.077,0.022730559091162617
2772.1553635969212,0.0,2769.539,-0.025199756337926482
2772.6208808704055,0.0,2770.01,-0.014306520539171697
2773.0863981438893,0.0,2770.473,0.06630350228618154
2773.5519154173735,0.0,2770.939,-0.027378377526154685
2774.0174326908573,0.0,2771.402,0.029266422655847224
2774.482949964341,0.0,2771.868,0.016194565668864236
2774.9484672378253,0.0,2772.332,0.02490918027939082
2775.413984511309,0.0,2772.798,0.022730559091162617
2775.879501784793,0.0,2773.262,0.011837193434794058
2776.345019058277,0.0,2773.728,-0.025199756337926482
2776.810536331761,0.0,2774.193,-0.027378377526154685
2777.276053605245,0.0,2774.658,0.02055180804532064
2777.741570878729,0.0,2775.121,0.007479951058337653
2778.2070881522127,0.0,2775.591,-0.05134360016950623
2778.672605425697,0.0,2776.051,-0.025199756337926482
2779.1381226991807,0.0,2776.514,0.02055180804532064
2779.6036399726645,0.0,2776.985,-0.020842513961470077
2780.0691572461487,0.0,2777.447,0.011837193434794058
2780.5346745196325,0.0,2777.913,0.0031227086818812477
2781.0001917931163,0.0,2778.379,0.01837318685709244
2781.4657090666005,0.0,2778.845,0.02055180804532064
2781.9312263400843,0.0,2779.311,-0.07748731414347199
2782.3967436135686,0.0,2779.769,0.00530132987010945
2782.8622608870523,0.0,2780.241,0.1774146113195707
2783.327778160536,0.0,2780.699,-0.020842513961470077
2783.7932954340204,0.0,2781.166,-0.033914370948453065
2784.258812707504,0.0,2781.632,0.031445043844075204
2784.724329980988,0.0,2782.1,0.057588887675654954
2785.189847254472,0.0,2782.562,0.01837318685709244
2785.655364527956,0.0,2783.025,-0.0164851417273999
2786.1208818014397,0.0,2783.495,0.02055180804532064
2786.586399074924,0.0,2783.959,0.0031227086818812477
2787.0519163484078,0.0,2784.421,0.022730559091162617
2787.517433621892,0.0,2784.887,-0.018663892773242097
2787.982950895376,0.0,2785.352,-0.025199756337926482
2788.4484681688596,0.0,2785.817,0.029266422655847224
2788.913985442344,0.0,2786.285,-0.038271743182523243
2789.3795027158276,0.0,2786.75,0.016194565668864236
2789.8450199893114,0.0,2787.215,0.01837318685709244
2790.3105372627956,0.0,2787.674,0.02055180804532064
2790.7760545362794,0.0,2788.144,0.029266422655847224
2791.241571809763,0.0,2788.606,0.022730559091162617
2791.7070890832474,0.0,2789.07,-0.03173574976022486
2792.172606356731,0.0,2789.539,0.016194565668864236
2792.6381236302154,0.0,2790.003,0.037981037266373585
2793.103640903699,0.0,2790.466,0.016194565668864236
2793.569158177183,0.0,2790.932,-0.025199756337926482
2794.0346754506672,0.0,2791.394,0.011837193434794058
2794.500192724151,0.0,2791.86,-0.20167041002145814
2794.965709997635,0.0,2792.325,-0.033914370948453065
2795.431227271119,0.0,2792.791,0.02055180804532064
2795.896744544603,0.0,2793.256,0.029266422655847224
2796.362261818087,0.0,2793.722,0.022730559091162617
2796.827779091571,0.0,2794.188,0.02708780146761902
2797.2932963650546,0.0,2794.654,0.01837318685709244
2797.758813638539,0.0,2795.118,0.04669565187690017
2798.2243309120227,0.0,2795.58,-0.025199756337926482
2798.6898481855064,0.0,2796.048,0.011837193434794058
2799.1553654589907,0.0,2796.51,0.10769782429297226
2799.6208827324745,0.0,2796.981,0.06630350228618154
2800.0864000059582,0.0,2797.444,-0.020842513961470077
2800.5519172794425,0.0,2797.91,0.029266422655847224
2801.0174345529263,0.0,2798.373,-0.027378377526154685
2801.4829518264105,0.0,2798.839,0.029266422655847224
2801.9484690998943,0.0,2799.304,0.029266422655847224
2802.413986373378,0.0,2799.769,0.009658572246565855
2802.8795036468623,0.0,2800.229,-0.020842513961470077
2803.345020920346,0.0,2800.694,0.04669565187690017
2803.81053819383,0.0,2801.159,0.029266422655847224
2804.276055467314,0.0,2801.625,0.02708780146761902
2804.741572740798,0.0,2802.096,0.016194565668864236
2805.2070900142817,0.0,2802.558,-0.02302113514969828
2805.672607287766,0.0,2803.026,0.0031227086818812477
2806.1381245612497,0.0,2803.488,-0.02302113514969828
2806.603641834734,0.0,2803.955,-0.027378377526154685
2807.0691591082177,0.0,2804.418,0.029266422655847224
2807.5346763817015,0.0,2804.884,0.00530132987010945
2808.0001936551857,0.0,2805.344,0.04233827964282999
2808.4657109286695,0.0,2805.81,0.02055180804532064
2808.9312282021533,0.0,2806.278,0.011837193434794058
2809.3967454756375,0.0,2806.743,-0.027378377526154685
2809.8622627491213,0.0,2807.204,0.007479951058337653
2810.327780022605,0.0,2807.669,-0.025199756337926482
2810.7932972960893,0.0,2808.14,-0.009949278162715514
2811.258814569573,0.0,2808.603,-0.025199756337926482
2811.7243318430574,0.0,2809.066,0.011837193434794058
2812.189849116541,0.0,2809.529,-0.027378377526154685
2812.655366390025,0.0,2810.0,-0.025199756337926482
2813.120883663509,0.0,2810.462,-0.005591905928645335
2813.586400936993,0.0,2810.928,0.016194565668864236
2814.0519182104767,0.0,2811.391,-0.027378377526154685
2814.517435483961,0.0,2811.856,0.031445043844075204
2814.9829527574448,0.0,2812.321,0.011837193434794058
2815.448470030929,0.0,2812.787,-0.02955712857199666
2815.913987304413,0.0,2813.252,0.022730559091162617
2816.3795045778966,0.0,2813.717,-0.027378377526154685
2816.845021851381,0.0,2814.185,-0.14066823760538605
2817.3105391248646,0.0,2814.65,-0.027378377526154685
2817.7760563983484,0.0,2815.111,0.02490918027939082
2818.2415736718326,0.0,2815.58,0.009658572246565855
2818.7070909453164,0.0,2816.041,-0.027378377526154685
2819.1726082188,0.0,2816.511,0.029266422655847224
2819.6381254922844,0.0,2816.974,-0.027378377526154685
2820.103642765768,0.0,2817.436,0.02490918027939082
2820.5691600392524,0.0,2817.901,0.007479951058337653
2821.034677312736,0.0,2818.366,0.01837318685709244
2821.50019458622,0.0,2818.832,-0.12323900838433288
2821.9657118597042,0.0,2819.295,0.011837193434794058
2822.431229133188,0.0,2819.761,0.011837193434794058
2822.896746406672,0.0,2820.226,-0.02955712857199666
2823.362263680156,0.0,2820.691,-0.02302113514969828
2823.82778095364,0.0,2821.155,0.0009439576360392721
2824.2932982271236,0.0,2821.62,-0.025199756337926482
2824.758815500608,0.0,2822.089,-0.03173574976022486
2825.2243327740916,0.0,2822.551,0.01837318685709244
2825.689850047576,0.0,2823.014,-0.027378377526154685
2826.1553673210597,0.0,2823.484,0.011837193434794058
2826.6208845945434,0.0,2823.955,-0.04262898555897965
2827.0864018680277,0.0,2824.41,0.02055180804532064
2827.5519191415115,0.0,2824.876,0.016194565668864236
2828.0174364149952,0.0,2825.34,0.02708780146761902
2828.4829536884795,0.0,2825.805,-0.02302113514969828
2828.9484709619633,0.0,2826.27,0.011837193434794058
2829.4139882354475,0.0,2826.735,-0.025199756337926482
2829.8795055089313,0.0,2827.199,0.4998547026209841
2830.345022782415,0.0,2827.665,-0.018663892773242097
2830.8105400558993,0.0,2828.133,-0.027378377526154685
2831.276057329383,0.0,2828.595,0.07501811689670812
2831.741574602867,0.0,2829.063,0.02708780146761902
2832.207091876351,0.0,2829.526,0.02055180804532064
2832.672609149835,0.0,2829.996,0.02055180804532064
2833.1381264233187,0.0,2830.458,0.016194565668864236
2833.603643696803,0.0,2830.924,-0.033914370948453065
2834.0691609702867,0.0,2831.387,0.01837318685709244
2834.534678243771,0.0,2831.853,-0.05787946373419062
2835.0001955172547,0.0,2832.317,-0.49360941511483514
2835.4657127907385,0.0,2832.783,-0.02302113514969828
2835.9312300642227,0.0,2833.247,-0.027378377526154685
2836.3967473377065,0.0,2833.713,0.029266422655847224
2836.8622646111903,0.0,2834.177,-0.027378377526154685
2837.3277818846746,0.0,2834.643,0.011837193434794058
2837.7932991581583,0.0,2835.111,0.031445043844075204
2838.258816431642,0.0,2835.573,0.00530132987010945
2838.7243337051264,0.0,2836.041,0.029266422655847224
2839.18985097861,0.0,2836.503,0.01837318685709244
2839.6553682520944,0.0,2836.966,0.011837193434794058
2840.120885525578,0.0,2837.429,0.0336237948899174
2840.586402799062,0.0,2837.895,-0.02302113514969828
2841.051920072546,0.0,2838.359,-0.027378377526154685
2841.51743734603,0.0,2838.825,0.029266422655847224
2841.9829546195137,0.0,2839.292,-0.025199756337926482
2842.448471892998,0.0,2839.758,0.029266422655847224
2842.9139891664818,0.0,2840.225,0.029266422655847224
2843.3795064399656,0.0,2840.684,0.02490918027939082
2843.84502371345,0.0,2841.156,0.022730559091162617
2844.3105409869336,0.0,2841.614,0.022730559091162617
2844.776058260418,0.0,2842.081,0.009658572246565855
2845.2415755339016,0.0,2842.551,-0.04262898555897965
2845.7070928073854,0.0,2843.014,0.02055180804532064
2846.1726100808696,0.0,2843.477,-0.0012346635521889304
2846.6381273543534,0.0,2843.942,0.016194565668864236
2847.103644627837,0.0,2844.407,-0.03609299213668127
2847.5691619013214,0.0,2844.872,0.011837193434794058
2848.034679174805,0.0,2845.34,-0.02955712857199666
2848.5001964482894,0.0,2845.806,0.01837318685709244
2848.965713721773,0.0,2846.266,-0.025199756337926482
2849.431230995257,0.0,2846.732,0.037981037266373585
2849.8967482687412,0.0,2847.196,0.011837193434794058
2850.362265542225,0.0,2847.662,-0.04262898555897965
2850.827782815709,0.0,2848.125,-0.046986227935436053
2851.293300089193,0.0,2848.595,0.04669565187690017
2851.758817362677,0.0,2849.055,0.016194565668864236
2852.2243346361606,0.0,2849.525,-0.025199756337926482
2852.689851909645,0.0,2849.988,0.02055180804532064
2853.1553691831286,0.0,2850.451,-0.025199756337926482
2853.620886456613,0.0,2850.917,-0.009949278162715514
2854.0864037300967,0.0,2851.38,-0.027378377526154685
2854.5519210035804,0.0,2851.846,0.02708780146761902
2855.0174382770647,0.0,2852.313,-0.03173574976022486
2855.4829555505485,0.0,2852.778,-0.08402330756577037
2855.9484728240323,0.0,2853.244,0.029266422655847224
2856.4139900975165,0.0,2853.71,-0.025199756337926482
2856.8795073710003,0.0,2854.174,0.044517030688671966
2857.345024644484,0.0,2854.64,-0.05134360016950623
2857.8105419179683,0.0,2855.103,0.011837193434794058
2858.276059191452,0.0,2855.565,-0.027378377526154685
2858.7415764649363,0.0,2856.033,-0.03173574976022486
2859.20709373842,0.0,2856.495,-0.027378377526154685
2859.672611011904,0.0,2856.959,0.02490918027939082
2860.138128285388,0.0,2857.429,0.02055180804532064
2860.603645558872,0.0,2857.894,-0.0164851417273999
2861.0691628323557,0.0,2858.359,-0.0012346635521889304
2861.53468010584,0.0,2858.825,-0.0012346635521889304
2862.0001973793237,0.0,2859.285,0.022730559091162617
2862.465714652808,0.0,2859.75,0.01837318685709244
2862.9312319262917,0.0,2860.215,0.011837193434794058
2863.3967491997755,0.0,2860.681,-0.02955712857199666
2863.8622664732598,0.0,2861.144,0.022730559091162617
2864.3277837467435,0.0,2861.613,-0.027378377526154685
2864.7933010202273,0.0,2862.074,0.011837193434794058
2865.2588182937116,0.0,2862.543,-0.12323900838433288
2865.7243355671953,0.0,2863.004,-0.027378377526154685
2866.189852840679,0.0,2863.474,0.02055180804532064
2866.6553701141634,0.0,2863.94,-0.025199756337926482
2867.120887387647,0.0,2864.403,0.016194565668864236
2867.5864046611314,0.0,2864.869,-0.02955712857199666
2868.051921934615,0.0,2865.333,0.022730559091162617
2868.517439208099,0.0,2865.799,-0.027378377526154685
2868.982956481583,0.0,2866.259,0.011837193434794058
2869.448473755067,0.0,2866.725,-0.027378377526154685
2869.9139910285508,0.0,2867.192,0.011837193434794058
2870.379508302035,0.0,2867.658,-0.025199756337926482
2870.845025575519,0.0,2868.125,-0.009949278162715514
2871.3105428490026,0.0,2868.588,0.0336237948899174
2871.776060122487,0.0,2869.051,-0.09709516455275313
2872.2415773959706,0.0,2869.514,0.009658572246565855
2872.707094669455,0.0,2869.985,-0.009949278162715514
2873.1726119429386,0.0,2870.447,0.02490918027939082
2873.6381292164224,0.0,2870.913,0.029266422655847224
2874.1036464899066,0.0,2871.379,0.0031227086818812477
2874.5691637633904,0.0,2871.845,0.01837318685709244
2875.034681036874,0.0,2872.31,0.3277414211715226
2875.5001983103584,0.0,2872.769,-0.05134360016950623
2875.965715583842,0.0,2873.241,0.16434275433258794
2876.431232857326,0.0,2873.699,-0.018663892773242097
2876.8967501308102,0.0,2874.164,-0.018663892773242097
2877.362267404294,0.0,2874.629,0.02055180804532064
2877.8277846777783,0.0,2875.099,-0.02302113514969828
2878.293301951262,0.0,2875.561,0.02708780146761902
2878.758819224746,0.0,2876.029,-0.3650690768603928
2879.22433649823,0.0,2876.492,0.0031227086818812477
2879.689853771714,0.0,2876.955,-0.0164851417273999
2880.1553710451976,0.0,2877.425,0.05541026648742675
2880.620888318682,0.0,2877.891,-0.009949278162715514
2881.0864055921656,0.0,2878.355,-0.018663892773242097
2881.55192286565,0.0,2878.814,-0.025199756337926482
2882.0174401391337,0.0,2879.281,-0.025199756337926482
2882.4829574126175,0.0,2879.747,0.029266422655847224
2882.9484746861017,0.0,2880.214,-0.025199756337926482
2883.4139919595855,0.0,2880.68,0.022730559091162617
2883.8795092330693,0.0,2881.14,0.02055180804532064
2884.3450265065535,0.0,2881.61,-0.046986227935436053
2884.8105437800373,0.0,2882.073,-0.0164851417273999
2885.276061053521,0.0,2882.536,0.02055180804532064
2885.7415783270053,0.0,2883.003,0.01837318685709244
2886.207095600489,0.0,2883.465,0.011837193434794058
2886.6726128739733,0.0,2883.931,-0.027378377526154685
2887.138130147457,0.0,2884.394,0.011837193434794058
2887.603647420941,0.0,2884.86,0.037981037266373585
2888.069164694425,0.0,2885.325,-0.003413284740417133
2888.534681967909,0.0,2885.791,-0.005591905928645335
2889.0001992413927,0.0,2886.258,-0.025199756337926482
2889.465716514877,0.0,2886.724,0.02490918027939082
2889.9312337883607,0.0,2887.189,0.009658572246565855
2890.3967510618445,0.0,2887.655,-0.0012346635521889304
2890.8622683353287,0.0,2888.118,-0.0164851417273999
2891.3277856088125,0.0,2888.58,0.02490918027939082
2891.7933028822968,0.0,2889.048,0.02055180804532064
2892.2588201557805,0.0,2889.511,-0.025199756337926482
2892.7243374292643,0.0,2889.974,0.02055180804532064
2893.1898547027486,0.0,2890.443,-0.027378377526154685
2893.6553719762323,0.0,2890.909,0.011837193434794058
2894.120889249716,0.0,2891.373,-0.018663892773242097
2894.5864065232004,0.0,2891.839,0.02708780146761902
2895.051923796684,0.0,2892.303,-0.02302113514969828
2895.5174410701684,0.0,2892.768,0.031445043844075204
2895.982958343652,0.0,2893.234,0.02708780146761902
2896.448475617136,0.0,2893.699,-0.027378377526154685
2896.91399289062,0.0,2894.159,0.01837318685709244
2897.379510164104,0.0,2894.625,-0.003413284740417133
2897.8450274375878,0.0,2895.093,0.02708780146761902
2898.310544711072,0.0,2895.555,-0.033914370948453065
2898.776061984556,0.0,2896.026,-0.19513441659915975
2899.2415792580396,0.0,2896.488,-0.025199756337926482
2899.707096531524,0.0,2896.959,-0.018663892773242097
2900.1726138050076,0.0,2897.414,-0.025199756337926482
2900.638131078492,0.0,2897.88,-0.0164851417273999
2901.1036483519756,0.0,2898.345,0.016194565668864236
2901.5691656254594,0.0,2898.81,0.02708780146761902
2902.0346828989436,0.0,2899.277,0.029266422655847224
2902.5002001724274,0.0,2899.743,0.02055180804532064
2902.965717445911,0.0,2900.207,0.02708780146761902
2903.4312347193954,0.0,2900.674,-0.025199756337926482
2903.896751992879,0.0,2901.136,0.00530132987010945
2904.362269266363,0.0,2901.599,0.0031227086818812477
2904.8277865398472,0.0,2902.07,-0.009949278162715514
2905.293303813331,0.0,2902.532,-0.0164851417273999
2905.7588210868153,0.0,2902.996,0.011837193434794058
2906.224338360299,0.0,2903.466,0.01837318685709244
2906.689855633783,0.0,2903.924,0.0031227086818812477
2907.155372907267,0.0,2904.395,-0.007770527116873316
2907.620890180751,0.0,2904.86,0.02490918027939082
2908.0864074542346,0.0,2905.325,0.02490918027939082
2908.551924727719,0.0,2905.79,0.022730559091162617
2909.0174420012027,0.0,2906.256,-0.02955712857199666
2909.4829592746864,0.0,2906.714,0.26238187652138034
2909.9484765481707,0.0,2907.181,0.009658572246565855
2910.4139938216545,0.0,2907.647,-0.025199756337926482
2910.8795110951387,0.0,2908.11,0.022730559091162617
2911.3450283686225,0.0,2908.58,-0.025199756337926482
2911.8105456421063,0.0,2909.041,-0.027378377526154685
2912.2760629155905,0.0,2909.51,0.029266422655847224
2912.7415801890743,0.0,2909.974,-0.02955712857199666
2913.207097462558,0.0,2910.436,0.029266422655847224
2913.6726147360423,0.0,2910.903,-0.08620192875399857
2914.138132009526,0.0,2911.369,0.02055180804532064
2914.6036492830103,0.0,2911.835,-0.15156147340414083
2915.069166556494,0.0,2912.299,0.011837193434794058
2915.534683829978,0.0,2912.765,-0.038271743182523243
2916.000201103462,0.0,2913.225,0.02490918027939082
2916.465718376946,0.0,2913.691,-0.03609299213668127
2916.9312356504297,0.0,2914.155,0.02708780146761902
2917.396752923914,0.0,2914.621,-0.0164851417273999
2917.8622701973977,0.0,2915.089,-0.025199756337926482
2918.3277874708815,0.0,2915.552,0.009658572246565855
2918.7933047443657,0.0,2916.014,-0.027378377526154685
2919.2588220178495,0.0,2916.484,0.022730559091162617
2919.7243392913338,0.0,2916.951,0.02055180804532064
2920.1898565648175,0.0,2917.414,0.011837193434794058
2920.6553738383013,0.0,2917.88,-0.04262898555897965
2921.1208911117856,0.0,2918.344,-0.03609299213668127
2921.5864083852694,0.0,2918.81,-0.0012346635521889304
2922.051925658753,0.0,2919.27,0.029266422655847224
2922.5174429322374,0.0,2919.736,-0.027378377526154685
2922.982960205721,0.0,2920.2,-0.0164851417273999
2923.448477479205,0.0,2920.666,-0.027378377526154685
2923.913994752689,0.0,2921.129,0.022730559091162617
2924.379512026173,0.0,2921.598,-0.14284685879361425
2924.845029299657,0.0,2922.059,-0.027378377526154685
2925.310546573141,0.0,2922.529,0.022730559091162617
2925.7760638466248,0.0,2922.989,-0.02955712857199666
2926.241581120109,0.0,2923.458,0.02055180804532064
2926.707098393593,0.0,2923.924,-0.027378377526154685
2927.1726156670766,0.0,2924.387,0.02055180804532064
2927.638132940561,0.0,2924.852,0.01837318685709244
2928.1036502140446,0.0,2925.317,0.0031227086818812477
2928.569167487529,0.0,2925.783,-0.02955712857199666
2929.0346847610126,0.0,2926.247,-0.02302113514969828
2929.5002020344964,0.0,2926.713,-0.025199756337926482
2929.9657193079806,0.0,2927.178,0.1795932325077989
2930.4312365814644,0.0,2927.643,0.009658572246565855
2930.896753854948,0.0,2928.107,-0.025199756337926482
2931.3622711284324,0.0,2928.57,0.02055180804532064
2931.827788401916,0.0,2929.04,-0.0164851417273999
2932.2933056754,0.0,2929.502,0.02055180804532064
2932.7588229488842,0.0,2929.97,0.009658572246565855
2933.224340222368,0.0,2930.432,0.5042119449974405
2933.6898574958523,0.0,2930.898,-0.02302113514969828
2934.155374769336,0.0,2931.362,-0.02955712857199666
2934.62089204282,0.0,2931.828,0.05541026648742675
2935.086409316304,0.0,2932.295,-0.027378377526154685
2935.551926589788,0.0,2932.754,-0.025199756337926482
2936.0174438632716,0.0,2933.222,-0.025199756337926482
2936.482961136756,0.0,2933.687,0.01837318685709244
2936.9484784102397,0.0,2934.152,0.02490918027939082
2937.4139956837234,0.0,2934.618,0.029266422655847224
2937.8795129572077,0.0,2935.081,0.05105289425335657
2938.3450302306915,0.0,2935.551,-0.2539579678270034
2938.8105475041757,0.0,2936.011,0.02708780146761902
2939.2760647776595,0.0,2936.474,-0.03173574976022486
2939.7415820511433,0.0,2936.94,0.029266422655847224
2940.2070993246275,0.0,2937.41,-0.027378377526154685
2940.6726165981113,0.0,2937.869,0.3364560357820492
2941.138133871595,0.0,2938.336,-0.04262898555897965
2941.6036511450793,0.0,2938.802,-0.027378377526154685
2942.069168418563,0.0,2939.27,0.02708780146761902
2942.534685692047,0.0,2939.736,0.01837318685709244
2943.000202965531,0.0,2940.196,-0.10145253678682353
2943.465720239015,0.0,2940.661,0.011837193434794058
2943.931237512499,0.0,2941.129,0.02055180804532064
2944.396754785983,0.0,2941.591,0.02055180804532064
2944.8622720594667,0.0,2942.059,0.016194565668864236
2945.327789332951,0.0,2942.521,-0.005591905928645335
2945.7933066064347,0.0,2942.985,0.02055180804532064
2946.2588238799185,0.0,2943.455,-0.02302113514969828
2946.7243411534027,0.0,2943.92,0.0336237948899174
2947.1898584268865,0.0,2944.383,-0.0164851417273999
2947.6553757003708,0.0,2944.849,-0.027378377526154685
2948.1208929738546,0.0,2945.314,0.011837193434794058
2948.5864102473383,0.0,2945.78,0.06630350228618154
2949.0519275208226,0.0,2946.244,0.029266422655847224
2949.5174447943064,0.0,2946.709,0.02055180804532064
2949.98296206779,0.0,2947.174,0.02055180804532064
2950.4484793412744,0.0,2947.639,-0.02302113514969828
2950.913996614758,0.0,2948.1,0.011837193434794058
2951.379513888242,0.0,2948.569,-0.027378377526154685
2951.845031161726,0.0,2949.033,0.02055180804532064
2952.31054843521,0.0,2949.495,-0.027378377526154685
2952.776065708694,0.0,2949.959,0.0009439576360392721
2953.241582982178,0.0,2950.428,-0.003413284740417133
2953.7071002556618,0.0,2950.894,-0.025199756337926482
2954.172617529146,0.0,2951.359,0.011837193434794058
2954.63813480263,0.0,2951.825,-0.02302113514969828
2955.1036520761136,0.0,2952.289,0.011837193434794058
2955.569169349598,0.0,2952.755,-0.08402330756577037
2956.0346866230816,0.0,2953.214,0.029266422655847224
2956.5002038965654,0.0,2953.68,0.00530132987010945
2956.9657211700496,0.0,2954.152,-0.027378377526154685
2957.4312384435334,0.0,2954.61,-0.027378377526154685
2957.8967557170176,0.0,2955.081,-0.02955712857199666
2958.3622729905014,0.0,2955.543,-0.018663892773242097
2958.827790263985,0.0,2956.007,-0.4217140069000085
2959.2933075374694,0.0,2956.469,-0.02302113514969828
2959.7588248109532,0.0,2956.935,0.02708780146761902
2960.224342084437,0.0,2957.405,-0.005591905928645335
2960.6898593579213,0.0,2957.87,0.037981037266373585
2961.155376631405,0.0,2958.33,0.029266422655847224
2961.620893904889,0.0,2958.796,-0.027378377526154685
2962.086411178373,0.0,2959.263,-0.08402330756577037
2962.551928451857,0.0,2959.729,-0.0164851417273999
2963.017445725341,0.0,2960.196,-0.03173574976022486
2963.482962998825,0.0,2960.654,-0.025199756337926482
2963.9484802723086,0.0,2961.125,-0.025199756337926482
2964.413997545793,0.0,2961.588,-0.0164851417273999
2964.8795148192767,0.0,2962.051,-0.05787946373419062
2965.3450320927604,0.0,2962.514,0.26456062756722254
2965.8105493662447,0.0,2962.985,-0.0164851417273999
2966.2760666397285,0.0,2963.447,0.016194565668864236
2966.7415839132127,0.0,2963.913,0.057588887675654954
2967.2071011866965,0.0,2964.38,0.02055180804532064
2967.6726184601803,0.0,2964.845,0.02055180804532064
2968.1381357336645,0.0,2965.31,-0.0012346635521889304
2968.6036530071483,0.0,2965.769,-0.14938285221591263
2969.069170280632,0.0,2966.234,-0.02955712857199666
2969.5346875541163,0.0,2966.699,0.05541026648742675
2970.0002048276,0.0,2967.166,-0.038271743182523243
2970.465722101084,0.0,2967.632,0.05105289425335657
2970.931239374568,0.0,2968.1,0.00530132987010945
2971.396756648052,0.0,2968.562,0.02055180804532064
2971.862273921536,0.0,2969.025,-0.027378377526154685
2972.32779119502,0.0,2969.495,0.029266422655847224
2972.7933084685037,0.0,2969.959,-0.003413284740417133
2973.258825741988,0.0,2970.421,0.011837193434794058
2973.7243430154717,0.0,2970.887,-0.03173574976022486
2974.1898602889555,0.0,2971.352,-0.033914370948453065
2974.6553775624398,0.0,2971.818,0.04669565187690017
2975.1208948359235,0.0,2972.285,-0.027378377526154685
2975.5864121094073,0.0,2972.75,0.022730559091162617
2976.0519293828916,0.0,2973.215,0.02055180804532064
2976.5174466563753,0.0,2973.681,0.02055180804532064
2976.9829639298596,0.0,2974.144,0.029266422655847224
2977.4484812033434,0.0,2974.606,0.011837193434794058
2977.913998476827,0.0,2975.07,-0.027378377526154685
2978.3795157503114,0.0,2975.539,0.02708780146761902
2978.845033023795,0.0,2976.003,0.029266422655847224
2979.310550297279,0.0,2976.466,0.02708780146761902
2979.776067570763,0.0,2976.932,0.029266422655847224
2980.241584844247,0.0,2977.395,-0.007770527116873316
2980.707102117731,0.0,2977.861,-0.0012346635521889304
2981.172619391215,0.0,2978.326,-0.02302113514969828
2981.638136664699,0.0,2978.791,0.0031227086818812477
2982.103653938183,0.0,2979.258,-0.018663892773242097
2982.569171211667,0.0,2979.724,0.04015965845460179
2983.0346884851506,0.0,2980.188,-0.04480760674720785
2983.500205758635,0.0,2980.654,0.02708780146761902
2983.9657230321186,0.0,2981.115,0.029266422655847224
2984.4312403056024,0.0,2981.585,-0.0164851417273999
2984.8967575790866,0.0,2982.048,0.029266422655847224
2985.3622748525704,0.0,2982.51,-0.027378377526154685
2985.8277921260546,0.0,2982.974,0.02055180804532064
2986.2933093995384,0.0,2983.443,-0.027378377526154685
2986.758826673022,0.0,2983.909,0.11205506666942866
2987.2243439465065,0.0,2984.373,-0.0012346635521889304
2987.6898612199902,0.0,2984.839,-0.018663892773242097
2988.155378493474,0.0,2985.303,-0.025199756337926482
2988.6208957669583,0.0,2985.768,0.01837318685709244
2989.086413040442,0.0,2986.234,0.022730559091162617
2989.551930313926,0.0,2986.699,-0.15591871578059702
2990.01744758741,0.0,2987.159,0.029266422655847224
2990.482964860894,0.0,2987.625,0.02055180804532064
2990.948482134378,0.0,2988.096,0.01837318685709244
2991.413999407862,0.0,2988.558,0.01837318685709244
2991.8795166813456,0.0,2989.019,0.02055180804532064
2992.34503395483,0.0,2989.489,-0.007770527116873316
2992.8105512283137,0.0,2989.959,-0.02955712857199666
2993.2760685017975,0.0,2990.414,-0.025199756337926482
2993.7415857752817,0.0,2990.88,-0.22345688161896748
2994.2071030487655,0.0,2991.344,0.02708780146761902
2994.6726203222493,0.0,2991.81,0.011837193434794058
2995.1381375957335,0.0,2992.277,0.06194613005211136
2995.6036548692173,0.0,2992.743,0.011837193434794058
2996.0691721427015,0.0,2993.208,0.02055180804532064
2996.5346894161853,0.0,2993.673,-0.020842513961470077
2997.000206689669,0.0,2994.137,-0.0012346635521889304
2997.4657239631533,0.0,2994.599,0.02708780146761902
2997.931241236637,0.0,2995.07,-0.003413284740417133
2998.396758510121,0.0,2995.532,-0.027378377526154685
2998.862275783605,0.0,2995.996,0.01837318685709244
2999.327793057089,0.0,2996.466,0.029266422655847224
2999.793310330573,0.0,2996.925,0.016194565668864236
3000.258827604057,0.0,2997.395,0.0009439576360392721
3000.7243448775407,0.0,2997.861,0.02055180804532064
3001.189862151025,0.0,2998.325,0.029266422655847224
3001.6553794245087,0.0,2998.79,0.022730559091162617
3002.1208966979925,0.0,2999.256,0.01837318685709244
3002.5864139714768,0.0,2999.714,0.011837193434794058
3003.0519312449605,0.0,3000.181,0.029266422655847224
3003.5174485184443,0.0,3000.647,-0.027378377526154685
3003.9829657919286,0.0,3001.11,-0.03609299213668127
3004.4484830654123,0.0,3001.58,0.0009439576360392721
3004.9140003388966,0.0,3002.04,0.009658572246565855
3005.3795176123804,0.0,3002.51,0.02490918027939082
3005.845034885864,0.0,3002.973,-0.027378377526154685
3006.3105521593484,0.0,3003.436,-0.005591905928645335
3006.776069432832,0.0,3003.902,0.02708780146761902
3007.241586706316,0.0,3004.366,0.029266422655847224
3007.7071039798,0.0,3004.832,-0.03609299213668127
3008.172621253284,0.0,3005.299,0.05541026648742675
3008.6381385267678,0.0,3005.766,-0.018663892773242097
3009.103655800252,0.0,3006.225,0.031445043844075204
3009.569173073736,0.0,3006.691,-0.027378377526154685
3010.03469034722,0.0,3007.156,-0.03173574976022486
3010.500207620704,0.0,3007.622,0.02490918027939082
3010.9657248941876,0.0,3008.085,-0.0012346635521889304
3011.431242167672,0.0,3008.555,0.037981037266373585
3011.8967594411556,0.0,3009.018,-0.027378377526154685
3012.3622767146394,0.0,3009.48,0.11859106009172704
3012.8277939881236,0.0,3009.947,0.01837318685709244
3013.2933112616074,0.0,3010.412,0.011837193434794058
3013.7588285350917,0.0,3010.878,0.02490918027939082
3014.2243458085754,0.0,3011.344,-0.020842513961470077
3014.689863082059,0.0,3011.81,0.06630350228618154
3015.1553803555435,0.0,3012.27,0.029266422655847224
3015.6208976290272,0.0,3012.735,-0.027378377526154685
3016.086414902511,0.0,3013.199,0.022730559091162617
3016.5519321759953,0.0,3013.665,-0.027378377526154685
3017.017449449479,0.0,3014.133,-0.027378377526154685
3017.482966722963,0.0,3014.595,0.06630350228618154
3017.948483996447,0.0,3015.059,-0.03173574976022486
3018.414001269931,0.0,3015.529,0.009658572246565855
3018.879518543415,0.0,3015.992,-0.025199756337926482
3019.345035816899,0.0,3016.455,0.011837193434794058
3019.8105530903827,0.0,3016.92,-0.0012346635521889304
3020.276070363867,0.0,3017.384,0.011837193434794058
3020.7415876373507,0.0,3017.849,0.01837318685709244
3021.2071049108345,0.0,3018.314,0.02490918027939082
3021.6726221843187,0.0,3018.78,-0.02302113514969828
3022.1381394578025,0.0,3019.244,-0.033914370948453065
3022.6036567312863,0.0,3019.71,0.035802416078145605
3023.0691740047705,0.0,3020.177,-0.027378377526154685
3023.5346912782543,0.0,3020.643,0.0009439576360392721
3024.0002085517385,0.0,3021.111,0.02708780146761902
3024.4657258252223,0.0,3021.573,0.011837193434794058
3024.931243098706,0.0,3022.036,-0.02302113514969828
3025.3967603721903,0.0,3022.506,0.016194565668864236
3025.862277645674,0.0,3022.966,0.029266422655847224
3026.327794919158,0.0,3023.429,0.037981037266373585
3026.793312192642,0.0,3023.894,0.009658572246565855
3027.258829466126,0.0,3024.359,-0.033914370948453065
3027.7243467396097,0.0,3024.825,-0.0164851417273999
3028.189864013094,0.0,3025.293,0.1425561528774646
3028.6553812865777,0.0,3025.759,0.022730559091162617
3029.120898560062,0.0,3026.225,-0.4195352558541665
3029.5864158335457,0.0,3026.691,0.02055180804532064
3030.0519331070295,0.0,3027.155,0.02055180804532064
3030.5174503805138,0.0,3027.621,0.02055180804532064
3030.9829676539975,0.0,3028.081,0.02055180804532064
3031.4484849274813,0.0,3028.551,-0.025199756337926482
3031.9140022009656,0.0,3029.011,0.029266422655847224
3032.3795194744494,0.0,3029.48,-0.027378377526154685
3032.8450367479336,0.0,3029.939,-0.025199756337926482
3033.3105540214174,0.0,3030.409,0.01837318685709244
3033.776071294901,0.0,3030.875,-0.02955712857199666
3034.2415885683854,0.0,3031.34,-0.027378377526154685
3034.707105841869,0.0,3031.805,0.029266422655847224
3035.172623115353,0.0,3032.271,0.00530132987010945
3035.638140388837,0.0,3032.729,0.016194565668864236
3036.103657662321,0.0,3033.196,0.0336237948899174
3036.5691749358048,0.0,3033.662,0.02490918027939082
3037.034692209289,0.0,3034.129,0.022730559091162617
3037.500209482773,0.0,3034.591,0.009658572246565855
3037.965726756257,0.0,3035.055,0.02708780146761902
3038.431244029741,0.0,3035.524,-0.025199756337926482
3038.8967613032246,0.0,3035.988,0.022730559091162617
3039.362278576709,0.0,3036.451,-0.03173574976022486
3039.8277958501926,0.0,3036.916,0.253667261910854
3040.2933131236764,0.0,3037.38,-0.025199756337926482
3040.7588303971606,0.0,3037.846,0.02708780146761902
3041.2243476706444,0.0,3038.311,0.02055180804532064
3041.689864944128,0.0,3038.777,0.016194565668864236
3042.1553822176124,0.0,3039.243,0.0336237948899174
3042.620899491096,0.0,3039.709,0.009658572246565855
3043.0864167645805,0.0,3040.174,0.011837193434794058
3043.5519340380642,0.0,3040.64,-0.018663892773242097
3044.017451311548,0.0,3041.103,0.01837318685709244
3044.4829685850323,0.0,3041.566,-0.04262898555897965
3044.948485858516,0.0,3042.033,-0.03609299213668127
3045.414003132,0.0,3042.495,-0.007770527116873316
3045.879520405484,0.0,3042.959,0.016194565668864236
3046.345037678968,0.0,3043.429,0.011837193434794058
3046.810554952452,0.0,3043.894,0.011837193434794058
3047.276072225936,0.0,3044.359,0.016194565668864236
3047.7415894994197,0.0,3044.825,-0.027378377526154685
3048.207106772904,0.0,3045.285,0.029266422655847224
3048.6726240463877,0.0,3045.751,-0.025199756337926482
3049.1381413198715,0.0,3046.218,0.009658572246565855
3049.6036585933557,0.0,3046.684,-0.02302113514969828
3050.0691758668395,0.0,3047.144,-0.02955712857199666
3050.5346931403233,0.0,3047.614,0.0009439576360392721
3051.0002104138075,0.0,3048.077,0.02055180804532064
3051.4657276872913,0.0,3048.54,-0.02302113514969828
3051.9312449607755,0.0,3049.007,0.02055180804532064
3052.3967622342593,0.0,3049.47,-0.018663892773242097
3052.862279507743,0.0,3049.935,0.016194565668864236
3053.3277967812273,0.0,3050.405,-0.0164851417273999
3053.793314054711,0.0,3050.864,-0.025199756337926482
3054.258831328195,0.0,3051.329,0.016194565668864236
3054.724348601679,0.0,3051.795,-0.20602765239791432
3055.189865875163,0.0,3052.263,-0.05134360016950623
3055.6553831486467,0.0,3052.728,-0.025199756337926482
3056.120900422131,0.0,3053.189,0.029266422655847224
3056.5864176956147,0.0,3053.655,0.0031227086818812477
3057.051934969099,0.0,3054.125,-0.027378377526154685
3057.5174522425827,0.0,3054.587,-0.027378377526154685
3057.9829695160665,0.0,3055.055,-0.027378377526154685
3058.4484867895508,0.0,3055.517,-0.0164851417273999
3058.9140040630346,0.0,3055.985,0.044517030688671966
3059.3795213365183,0.0,3056.448,0.02055180804532064
3059.8450386100026,0.0,3056.913,-0.04262898555897965
3060.3105558834864,0.0,3057.379,-0.025199756337926482
3060.77607315697,0.0,3057.845,0.02490918027939082
3061.2415904304544,0.0,3058.304,-0.009949278162715514
3061.707107703938,0.0,3058.769,0.029266422655847224
3062.1726249774224,0.0,3059.236,0.02055180804532064
3062.638142250906,0.0,3059.702,-0.038271743182523243
3063.10365952439,0.0,3060.166,-0.0164851417273999
3063.569176797874,0.0,3060.632,-0.0164851417273999
3064.034694071358,0.0,3061.099,-0.007770527116873316
3064.500211344842,0.0,3061.562,0.01837318685709244
3064.965728618326,0.0,3062.025,-0.025199756337926482
3065.43124589181,0.0,3062.495,-0.04262898555897965
3065.896763165294,0.0,3062.959,0.06630350228618154
3066.362280438778,0.0,3063.421,0.029266422655847224
3066.8277977122616,0.0,3063.887,-0.027378377526154685
3067.293314985746,0.0,3064.355,-0.03173574976022486
3067.7588322592296,0.0,3064.82,-0.020842513961470077
3068.2243495327134,0.0,3065.284,-0.027378377526154685
3068.6898668061976,0.0,3065.75,0.02490918027939082
3069.1553840796814,0.0,3066.215,0.02490918027939082
3069.620901353165,0.0,3066.68,0.016194565668864236
3070.0864186266494,0.0,3067.144,0.02708780146761902
3070.5519359001332,0.0,3067.606,0.02055180804532064
3071.0174531736175,0.0,3068.07,-0.025199756337926482
3071.4829704471013,0.0,3068.54,0.01837318685709244
3071.948487720585,0.0,3069.003,0.1403775316892364
3072.4140049940693,0.0,3069.466,0.014015944480636033
3072.879522267553,0.0,3069.931,0.029266422655847224
3073.345039541037,0.0,3070.394,-0.005591905928645335
3073.810556814521,0.0,3070.86,0.016194565668864236
3074.276074088005,0.0,3071.325,0.02055180804532064
3074.7415913614886,0.0,3071.791,-0.08184468637754216
3075.207108634973,0.0,3072.255,-0.060058214780032815
3075.6726259084567,0.0,3072.721,0.02055180804532064
3076.138143181941,0.0,3073.185,-0.027378377526154685
3076.6036604554247,0.0,3073.651,0.02708780146761902
3077.0691777289085,0.0,3074.114,-0.020842513961470077
3077.5346950023927,0.0,3074.584,0.02055180804532064
3078.0002122758765,0.0,3075.048,0.016194565668864236
3078.4657295493603,0.0,3075.51,0.057588887675654954
3078.9312468228445,0.0,3075.974,0.04015965845460179
3079.3967640963283,0.0,3076.443,-0.0164851417273999
3079.8622813698125,0.0,3076.909,0.011837193434794058
3080.3277986432963,0.0,3077.373,-0.02955712857199666
3080.79331591678,0.0,3077.839,0.057588887675654954
3081.2588331902643,0.0,3078.304,0.029266422655847224
3081.724350463748,0.0,3078.77,0.011837193434794058
3082.189867737232,0.0,3079.229,-0.018663892773242097
3082.655385010716,0.0,3079.695,0.022730559091162617
3083.1209022842,0.0,3080.159,0.17087861789727232
3083.5864195576837,0.0,3080.624,0.02055180804532064
3084.051936831168,0.0,3081.092,0.01837318685709244
3084.5174541046517,0.0,3081.554,0.02055180804532064
3084.982971378136,0.0,3082.025,0.0031227086818812477
3085.4484886516198,0.0,3082.488,-0.027378377526154685
3085.9140059251035,0.0,3082.959,-0.02955712857199666
3086.379523198588,0.0,3083.414,-0.03173574976022486
3086.8450404720716,0.0,3083.88,0.031445043844075204
3087.3105577455553,0.0,3084.347,-0.033914370948453065
3087.7760750190396,0.0,3084.813,0.0031227086818812477
3088.2415922925234,0.0,3085.28,0.02055180804532064
3088.707109566007,0.0,3085.739,0.02490918027939082
3089.1726268394914,0.0,3086.21,0.02490918027939082
3089.638144112975,0.0,3086.669,0.02055180804532064
3090.1036613864594,0.0,3087.137,0.029266422655847224
3090.569178659943,0.0,3087.599,-0.02955712857199666
3091.034695933427,0.0,3088.07,0.02055180804532064
3091.500213206911,0.0,3088.532,-0.027378377526154685
3091.965730480395,0.0,3088.996,0.011837193434794058
3092.431247753879,0.0,3089.466,0.031445043844075204
3092.896765027363,0.0,3089.924,0.029266422655847224
3093.362282300847,0.0,3090.394,-0.02302113514969828
3093.8277995743306,0.0,3090.859,-0.025199756337926482
3094.293316847815,0.0,3091.319,0.01837318685709244
3094.7588341212986,0.0,3091.784,0.011837193434794058
3095.224351394783,0.0,3092.251,0.01837318685709244
3095.6898686682666,0.0,3092.717,0.009658572246565855
3096.1553859417504,0.0,3093.182,-0.02302113514969828
3096.6209032152346,0.0,3093.647,-0.027378377526154685
3097.0864204887184,0.0,3094.11,0.014015944480636033
3097.551937762202,0.0,3094.58,-0.025199756337926482
3098.0174550356865,0.0,3095.041,-0.2583152102034598
3098.4829723091702,0.0,3095.51,0.011837193434794058
3098.9484895826545,0.0,3095.973,-0.046986227935436053
3099.4140068561383,0.0,3096.436,0.0009439576360392721
3099.879524129622,0.0,3096.902,0.016194565668864236
3100.3450414031063,0.0,3097.366,0.011837193434794058
3100.81055867659,0.0,3097.832,0.02055180804532064
3101.276075950074,0.0,3098.299,0.057588887675654954
3101.741593223558,0.0,3098.765,-0.03609299213668127
3102.207110497042,0.0,3099.229,0.01837318685709244
3102.6726277705257,0.0,3099.695,-0.027378377526154685
3103.13814504401,0.0,3100.159,-0.038271743182523243
3103.6036623174937,0.0,3100.625,0.02708780146761902
3104.069179590978,0.0,3101.085,-0.0164851417273999
3104.5346968644617,0.0,3101.555,0.009658572246565855
3105.0002141379455,0.0,3102.018,-0.025199756337926482
3105.4657314114297,0.0,3102.48,0.007479951058337653
3105.9312486849135,0.0,3102.946,0.009658572246565855
3106.3967659583973,0.0,3103.412,-0.03609299213668127
3106.8622832318815,0.0,3103.878,0.16652137552081614
3107.3278005053653,0.0,3104.344,-0.02955712857199666
3107.793317778849,0.0,3104.81,-0.0164851417273999
3108.2588350523333,0.0,3105.27,0.02490918027939082
3108.724352325817,0.0,3105.735,-0.02955712857199666
3109.1898695993013,0.0,3106.199,0.02055180804532064
3109.655386872785,0.0,3106.665,-0.018663892773242097
3110.120904146269,0.0,3107.133,-0.02302113514969828
3110.586421419753,0.0,3107.595,-0.025199756337926482
3111.051938693237,0.0,3108.062,-0.027378377526154685
3111.5174559667207,0.0,3108.525,0.02490918027939082
3111.982973240205,0.0,3108.989,-0.0164851417273999
3112.4484905136887,0.0,3109.458,0.029266422655847224
3112.914007787173,0.0,3109.925,-0.02302113514969828
3113.3795250606568,0.0,3110.387,0.029266422655847224
3113.8450423341405,0.0,3110.853,0.02055180804532064
3114.310559607625,0.0,3111.317,0.011837193434794058
3114.7760768811086,0.0,3111.783,-0.018663892773242097
3115.2415941545923,0.0,3112.248,-0.03173574976022486
3115.7071114280766,0.0,3112.714,0.02055180804532064
3116.1726287015604,0.0,3113.178,0.022730559091162617
3116.638145975044,0.0,3113.644,0.011837193434794058
3117.1036632485284,0.0,3114.107,-0.025199756337926482
3117.569180522012,0.0,3114.57,0.022730559091162617
3118.0346977954964,0.0,3115.04,-0.04262898555897965
3118.50021506898,0.0,3115.503,0.016194565668864236
3118.965732342464,0.0,3115.966,0.0009439576360392721
3119.431249615948,0.0,3116.429,0.01837318685709244
3119.896766889432,0.0,3116.895,-0.025199756337926482
3120.362284162916,0.0,3117.362,-0.027378377526154685
3120.8278014364,0.0,3117.828,-0.009949278162715514
3121.293318709884,0.0,3118.293,0.01837318685709244
3121.7588359833676,0.0,3118.759,0.0031227086818812477
3122.224353256852,0.0,3119.219,-0.02302113514969828
3122.6898705303356,0.0,3119.684,0.05323164529919855
3123.15538780382,0.0,3120.156,0.02055180804532064
3123.6209050773036,0.0,3120.614,0.01837318685709244
3124.0864223507874,0.0,3121.085,0.02708780146761902
3124.5519396242717,0.0,3121.547,0.016194565668864236
3125.0174568977554,0.0,3122.01,0.029266422655847224
3125.482974171239,0.0,3122.48,-0.027378377526154685
3125.9484914447235,0.0,3122.939,-0.02955712857199666
3126.4140087182072,0.0,3123.409,0.1294842958904816
3126.879525991691,0.0,3123.875,-0.027378377526154685
3127.3450432651753,0.0,3124.34,-0.0164851417273999
3127.810560538659,0.0,3124.806,0.02490918027939082
3128.2760778121433,0.0,3125.27,0.022730559091162617
3128.741595085627,0.0,3125.729,0.01837318685709244
3129.207112359111,0.0,3126.196,0.029266422655847224
3129.672629632595,0.0,3126.662,0.02055180804532064
3130.138146906079,0.0,3127.125,0.05105289425335657
3130.6036641795627,0.0,3127.595,-0.046986227935436053
3131.069181453047,0.0,3128.059,0.02708780146761902
3131.5346987265307,0.0,3128.522,-0.027378377526154685
3132.000216000015,0.0,3128.985,-0.018663892773242097
3132.4657332734987,0.0,3129.455,-0.009949278162715514
3132.9312505469825,0.0,3129.92,0.022730559091162617
3133.3967678204667,0.0,3130.383,-0.02302113514969828
3133.8622850939505,0.0,3130.848,-0.0164851417273999
3134.3278023674343,0.0,3131.314,0.02490918027939082
3134.7933196409185,0.0,3131.78,0.022730559091162617
3135.2588369144023,0.0,3132.243,0.02708780146761902
3135.724354187886,0.0,3132.709,0.02490918027939082
3136.1898714613703,0.0,3133.174,0.02490918027939082
3136.655388734854,0.0,3133.639,-0.03609299213668127
3137.1209060083384,0.0,3134.1,0.02055180804532064
3137.586423281822,0.0,3134.569,-0.03173574976022486
3138.051940555306,0.0,3135.029,0.02055180804532064
3138.51745782879,0.0,3135.499,-0.02302113514969828
3138.982975102274,0.0,3135.959,0.05105289425335657
3139.4484923757577,0.0,3136.428,-0.009949278162715514
3139.914009649242,0.0,3136.894,0.02708780146761902
3140.3795269227257,0.0,3137.359,0.02490918027939082
3140.8450441962095,0.0,3137.825,-0.020842513961470077
3141.3105614696938,0.0,3138.285,0.011837193434794058
3141.7760787431775,0.0,3138.751,0.00530132987010945
3142.241596016662,0.0,3139.218,0.02055180804532064
3142.7071132901456,0.0,3139.684,-0.02955712857199666
3143.1726305636294,0.0,3140.144,0.0031227086818812477
3143.6381478371136,0.0,3140.614,-0.03173574976022486
3144.1036651105974,0.0,3141.077,0.02055180804532064
3144.569182384081,0.0,3141.54,-0.027378377526154685
3145.0346996575654,0.0,3142.01,-0.027378377526154685
3145.500216931049,0.0,3142.473,0.02490918027939082
3145.965734204533,0.0,3142.939,0.31031219195046966
3146.431251478017,0.0,3143.402,-0.007770527116873316
3146.896768751501,0.0,3143.867,0.035802416078145605
3147.362286024985,0.0,3144.333,0.02490918027939082
3147.827803298469,0.0,3144.798,-0.009949278162715514
3148.293320571953,0.0,3145.263,-0.05134360016950623
3148.758837845437,0.0,3145.729,-0.012127899350943716
3149.224355118921,0.0,3146.189,0.02055180804532064
3149.6898723924046,0.0,3146.655,-0.003413284740417133
3150.155389665889,0.0,3147.126,-0.025199756337926482
3150.6209069393726,0.0,3147.588,0.037981037266373585
3151.086424212857,0.0,3148.055,-0.025199756337926482
3151.5519414863406,0.0,3148.518,0.011837193434794058
3152.0174587598244,0.0,3148.981,-0.027378377526154685
3152.4829760333087,0.0,3149.444,0.029266422655847224
3152.9484933067924,0.0,3149.909,0.011837193434794058
3153.414010580276,0.0,3150.38,0.00530132987010945
3153.8795278537605,0.0,3150.839,0.022730559091162617
3154.3450451272442,0.0,3151.31,0.00530132987010945
3154.810562400728,0.0,3151.776,-0.007770527116873316
3155.2760796742123,0.0,3152.24,0.00530132987010945
3155.741596947696,0.0,3152.706,0.031445043844075204
3156.2071142211803,0.0,3153.17,-0.027378377526154685
3156.672631494664,0.0,3153.636,0.016194565668864236
3157.138148768148,0.0,3154.1,-0.02955712857199666
3157.603666041632,0.0,3154.561,0.2907043415411883
3158.069183315116,0.0,3155.025,-0.038271743182523243
3158.5347005885997,0.0,3155.496,0.02055180804532064
3159.000217862084,0.0,3155.959,-0.018663892773242097
3159.4657351355677,0.0,3156.421,0.029266422655847224
3159.9312524090515,0.0,3156.887,-0.033914370948453065
3160.3967696825357,0.0,3157.352,-0.025199756337926482
3160.8622869560195,0.0,3157.818,0.007479951058337653
3161.3278042295037,0.0,3158.284,-0.025199756337926482
3161.7933215029875,0.0,3158.75,0.029266422655847224
3162.2588387764713,0.0,3159.209,0.016194565668864236
3162.7243560499555,0.0,3159.675,-0.064415457156489
3163.1898733234393,0.0,3160.144,0.02055180804532064
3163.655390596923,0.0,3160.606,0.035802416078145605
3164.1209078704073,0.0,3161.07,-0.0164851417273999
3164.586425143891,0.0,3161.539,0.022730559091162617
3165.0519424173754,0.0,3162.0,0.0031227086818812477
3165.517459690859,0.0,3162.469,-0.3759623126591476
3165.982976964343,0.0,3162.935,-0.027378377526154685
3166.448494237827,0.0,3163.398,0.02055180804532064
3166.914011511311,0.0,3163.863,0.011837193434794058
3167.3795287847947,0.0,3164.329,-0.027378377526154685
3167.845046058279,0.0,3164.795,0.022730559091162617
3168.3105633317628,0.0,3165.259,0.009658572246565855
3168.7760806052465,0.0,3165.725,0.011837193434794058
3169.2415978787308,0.0,3166.184,-0.025199756337926482
3169.7071151522146,0.0,3166.65,-0.0164851417273999
3170.172632425699,0.0,3167.118,-0.02302113514969828
3170.6381496991826,0.0,3167.579,0.05541026648742675
3171.1036669726664,0.0,3168.048,0.031445043844075204
3171.5691842461506,0.0,3168.51,0.02490918027939082
3172.0347015196344,0.0,3168.981,0.011837193434794058
3172.500218793118,0.0,3169.444,-0.018663892773242097
3172.9657360666024,0.0,3169.909,-0.08402330756577037
3173.431253340086,0.0,3170.373,-0.04262898555897965
3173.89677061357,0.0,3170.839,0.11859106009172704
3174.362287887054,0.0,3171.303,-0.0164851417273999
3174.827805160538,0.0,3171.768,0.029266422655847224
3175.2933224340222,0.0,3172.229,-0.025199756337926482
3175.758839707506,0.0,3172.695,0.01837318685709244
3176.22435698099,0.0,3173.159,0.02708780146761902
3176.689874254474,0.0,3173.625,0.022730559091162617
3177.155391527958,0.0,3174.096,0.01837318685709244
3177.6209088014416,0.0,3174.558,-0.05134360016950623
3178.086426074926,0.0,3175.019,0.016194565668864236
3178.5519433484096,0.0,3175.489,-0.025199756337926482
3179.0174606218934,0.0,3175.959,-0.02302113514969828
3179.4829778953776,0.0,3176.421,-0.03609299213668127
3179.9484951688614,0.0,3176.879,-0.02955712857199666
3180.4140124423457,0.0,3177.344,-0.02302113514969828
3180.8795297158294,0.0,3177.809,-0.033914370948453065
3181.3450469893132,0.0,3178.281,0.01837318685709244
3181.8105642627975,0.0,3178.739,0.02055180804532064
3182.2760815362813,0.0,3179.206,0.029266422655847224
3182.741598809765,0.0,3179.672,0.02055180804532064
3183.2071160832493,0.0,3180.14,-0.03609299213668127
3183.672633356733,0.0,3180.603,-0.04262898555897965
3184.1381506302173,0.0,3181.07,-0.027378377526154685
3184.603667903701,0.0,3181.532,-0.018663892773242097
3185.069185177185,0.0,3181.996,0.022730559091162617
3185.534702450669,0.0,3182.466,-0.15809733696882522
3186.000219724153,0.0,3182.924,-0.02302113514969828
3186.4657369976367,0.0,3183.393,0.0009439576360392721
3186.931254271121,0.0,3183.859,-0.027378377526154685
3187.3967715446047,0.0,3184.319,0.029266422655847224
3187.8622888180885,0.0,3184.784,0.011837193434794058
3188.3278060915727,0.0,3185.251,0.00530132987010945
3188.7933233650565,0.0,3185.716,0.02055180804532064
3189.2588406385407,0.0,3186.181,0.022730559091162617
3189.7243579120245,0.0,3186.647,0.04669565187690017
3190.1898751855083,0.0,3187.114,0.011837193434794058
3190.6553924589925,0.0,3187.577,-0.04480760674720785
3191.1209097324763,0.0,3188.04,0.011837193434794058
3191.58642700596,0.0,3188.51,0.0815539804613925
3192.0519442794443,0.0,3188.973,-0.053522221357734434
3192.517461552928,0.0,3189.436,-0.025199756337926482
3192.982978826412,0.0,3189.902,0.029266422655847224
3193.448496099896,0.0,3190.366,0.037981037266373585
3193.91401337338,0.0,3190.832,0.02490918027939082
3194.379530646864,0.0,3191.295,0.02708780146761902
3194.845047920348,0.0,3191.761,-0.3084241468207771
3195.3105651938317,0.0,3192.229,0.011837193434794058
3195.776082467316,0.0,3192.695,-0.025199756337926482
3196.2415997407998,0.0,3193.155,0.02055180804532064
3196.7071170142835,0.0,3193.62,-0.02302113514969828
3197.172634287768,0.0,3194.088,-0.033914370948453065
3197.6381515612516,0.0,3194.551,0.057588887675654954
3198.103668834736,0.0,3195.014,0.0009439576360392721
3198.5691861082196,0.0,3195.484,0.05541026648742675
3199.0347033817034,0.0,3195.951,-0.033914370948453065
3199.5002206551876,0.0,3196.414,0.011837193434794058
3199.9657379286714,0.0,3196.88,-0.04262898555897965
3200.431255202155,0.0,3197.344,-0.03173574976022486
3200.8967724756394,0.0,3197.81,-0.027378377526154685
3201.362289749123,0.0,3198.27,0.02490918027939082
3201.827807022607,0.0,3198.735,-0.027378377526154685
3202.293324296091,0.0,3199.2,-0.025199756337926482
3202.758841569575,0.0,3199.666,-0.03173574976022486
3203.2243588430592,0.0,3200.129,0.0009439576360392721
3203.689876116543,0.0,3200.598,-0.18641980198863317
3204.155393390027,0.0,3201.059,-0.027378377526154685
3204.620910663511,0.0,3201.529,0.011837193434794058
3205.086427936995,0.0,3201.992,-0.025199756337926482
3205.5519452104786,0.0,3202.455,0.022730559091162617
3206.017462483963,0.0,3202.92,0.022730559091162617
3206.4829797574466,0.0,3203.391,0.02055180804532064
3206.9484970309304,0.0,3203.849,0.01837318685709244
3207.4140143044146,0.0,3204.314,0.02490918027939082
3207.8795315778984,0.0,3204.78,-0.027378377526154685
3208.3450488513827,0.0,3205.244,-0.03609299213668127
3208.8105661248665,0.0,3205.71,0.04669565187690017
3209.2760833983502,0.0,3206.177,-0.025199756337926482
3209.7416006718345,0.0,3206.642,-0.02302113514969828
3210.2071179453183,0.0,3207.11,-0.025199756337926482
3210.672635218802,0.0,3207.573,0.01837318685709244
3211.1381524922863,0.0,3208.034,0.05541026648742675
3211.60366976577,0.0,3208.503,0.011837193434794058
3212.069187039254,0.0,3208.966,-0.005591905928645335
3212.534704312738,0.0,3209.429,0.057588887675654954
3213.000221586222,0.0,3209.895,-0.025199756337926482
3213.465738859706,0.0,3210.362,0.011837193434794058
3213.93125613319,0.0,3210.828,-0.027378377526154685
3214.3967734066737,0.0,3211.292,-0.027378377526154685
3214.862290680158,0.0,3211.758,0.06848212347440974
3215.3278079536417,0.0,3212.221,-0.020842513961470077
3215.7933252271255,0.0,3212.687,-0.0164851417273999
3216.2588425006097,0.0,3213.151,-0.018663892773242097
3216.7243597740935,0.0,3213.617,0.022730559091162617
3217.1898770475777,0.0,3214.085,0.02490918027939082
3217.6553943210615,0.0,3214.547,-0.007770527116873316
3218.1209115945453,0.0,3215.011,0.029266422655847224
3218.5864288680295,0.0,3215.48,-0.07095145057878738
3219.0519461415133,0.0,3215.939,-0.027378377526154685
3219.517463414997,0.0,3216.409,-0.005591905928645335
3219.9829806884813,0.0,3216.875,-0.025199756337926482
3220.448497961965,0.0,3217.34,-0.0164851417273999
3220.914015235449,0.0,3217.806,0.02055180804532064
3221.379532508933,0.0,3218.271,0.011837193434794058
3221.845049782417,0.0,3218.729,0.0031227086818812477
3222.310567055901,0.0,3219.196,0.26238187652138034
3222.776084329385,0.0,3219.662,0.02708780146761902
3223.2416016028687,0.0,3220.125,0.00530132987010945
3223.707118876353,0.0,3220.595,-0.02955712857199666
3224.1726361498368,0.0,3221.055,0.00530132987010945
3224.6381534233205,0.0,3221.525,-0.027378377526154685
3225.103670696805,0.0,3221.988,0.02490918027939082
3225.5691879702886,0.0,3222.451,-0.027378377526154685
3226.0347052437724,0.0,3222.917,0.057588887675654954
3226.5002225172566,0.0,3223.38,0.014015944480636033
3226.9657397907404,0.0,3223.846,0.06848212347440974
3227.4312570642246,0.0,3224.31,-0.027378377526154685
3227.8967743377084,0.0,3224.776,0.011837193434794058
3228.362291611192,0.0,3225.243,0.037981037266373585
3228.8278088846764,0.0,3225.709,0.022730559091162617
3229.29332615816,0.0,3226.174,0.022730559091162617
3229.758843431644,0.0,3226.64,0.0009439576360392721
3230.224360705128,0.0,3227.103,0.011837193434794058
3230.689877978612,0.0,3227.565,0.02055180804532064
3231.1553952520962,0.0,3228.033,-0.007770527116873316
3231.62091252558,0.0,3228.495,-0.03609299213668127
3232.086429799064,0.0,3228.959,0.016194565668864236
3232.551947072548,0.0,3229.429,-0.3106028978666191
3233.017464346032,0.0,3229.895,0.02708780146761902
3233.4829816195156,0.0,3230.354,-0.027378377526154685
3233.948498893,0.0,3230.82,0.014015944480636033
3234.4140161664836,0.0,3231.285,0.022730559091162617
3234.8795334399674,0.0,3231.751,-0.3171387614313037
3235.3450507134517,0.0,3232.218,0.022730559091162617
3235.8105679869354,0.0,3232.683,-0.3694263192368492
3236.2760852604197,0.0,3233.144,-0.29970953221025054
3236.7416025339035,0.0,3233.615,0.02055180804532064
3237.2071198073872,0.0,3234.077,0.02055180804532064
3237.6726370808715,0.0,3234.54,-0.03609299213668127
3238.1381543543553,0.0,3235.01,-0.033914370948453065
3238.603671627839,0.0,3235.473,0.00530132987010945
3239.0691889013233,0.0,3235.939,-0.018663892773242097
3239.534706174807,0.0,3236.402,-0.020842513961470077
3240.000223448291,0.0,3236.868,0.029266422655847224
3240.465740721775,0.0,3237.333,0.011837193434794058
3240.931257995259,0.0,3237.798,-0.12106038719610468
3241.396775268743,0.0,3238.263,-0.027378377526154685
3241.862292542227,0.0,3238.729,0.0793753592731643
3242.3278098157107,0.0,3239.189,0.02055180804532064
3242.793327089195,0.0,3239.654,-0.02955712857199666
3243.2588443626787,0.0,3240.122,-0.025199756337926482
3243.7243616361625,0.0,3240.585,-0.009949278162715514
3244.1898789096467,0.0,3241.055,-0.018663892773242097
3244.6553961831305,0.0,3241.517,0.05541026648742675
3245.1209134566143,0.0,3241.981,-0.15591871578059702
3245.5864307300985,0.0,3242.444,0.029266422655847224
3246.0519480035823,0.0,3242.909,0.031445043844075204
3246.5174652770665,0.0,3243.38,0.01837318685709244
3246.9829825505503,0.0,3243.839,0.02055180804532064
3247.448499824034,0.0,3244.305,-0.0012346635521889304
3247.9140170975184,0.0,3244.771,0.02708780146761902
3248.379534371002,0.0,3245.236,0.009658572246565855
3248.845051644486,0.0,3245.702,-0.027378377526154685
3249.31056891797,0.0,3246.166,-0.0012346635521889304
3249.776086191454,0.0,3246.632,-0.020842513961470077
3250.241603464938,0.0,3247.1,-0.02955712857199666
3250.707120738422,0.0,3247.562,0.029266422655847224
3251.1726380119057,0.0,3248.026,-0.027378377526154685
3251.63815528539,0.0,3248.495,0.16869999670904434
3252.1036725588738,0.0,3248.959,0.022730559091162617
3252.5691898323576,0.0,3249.421,0.02055180804532064
3253.034707105842,0.0,3249.887,-0.003413284740417133
3253.5002243793256,0.0,3250.352,-0.07966606518931396
3253.9657416528094,0.0,3250.817,-0.020842513961470077
3254.4312589262936,0.0,3251.285,-0.027378377526154685
3254.8967761997774,0.0,3251.751,0.022730559091162617
3255.3622934732616,0.0,3252.215,0.0031227086818812477
3255.8278107467454,0.0,3252.674,0.022730559091162617
3256.293328020229,0.0,3253.144,0.02708780146761902
3256.7588452937134,0.0,3253.606,0.029266422655847224
3257.224362567197,0.0,3254.07,-0.025199756337926482
3257.689879840681,0.0,3254.539,0.0031227086818812477
3258.155397114165,0.0,3255.003,0.133841668124552
3258.620914387649,0.0,3255.466,0.00530132987010945
3259.086431661133,0.0,3255.931,-0.02302113514969828
3259.551948934617,0.0,3256.4,-0.02302113514969828
3260.017466208101,0.0,3256.865,0.02708780146761902
3260.482983481585,0.0,3257.325,0.011837193434794058
3260.948500755069,0.0,3257.791,-0.033914370948453065
3261.4140180285526,0.0,3258.256,-0.027378377526154685
3261.879535302037,0.0,3258.721,0.02055180804532064
3262.3450525755206,0.0,3259.188,-0.018663892773242097
3262.8105698490044,0.0,3259.654,0.022730559091162617
3263.2760871224887,0.0,3260.114,-0.025199756337926482
3263.7416043959724,0.0,3260.584,0.029266422655847224
3264.2071216694567,0.0,3261.047,0.037981037266373585
3264.6726389429405,0.0,3261.51,0.02708780146761902
3265.1381562164242,0.0,3261.978,0.029266422655847224
3265.6036734899085,0.0,3262.44,0.011837193434794058
3266.0691907633923,0.0,3262.906,-0.020842513961470077
3266.534708036876,0.0,3263.369,0.02708780146761902
3267.0002253103603,0.0,3263.835,-0.02302113514969828
3267.465742583844,0.0,3264.299,-0.027378377526154685
3267.931259857328,0.0,3264.765,0.16869999670904434
3268.396777130812,0.0,3265.229,-0.027378377526154685
3268.862294404296,0.0,3265.694,-0.025199756337926482
3269.32781167778,0.0,3266.159,-0.027378377526154685
3269.793328951264,0.0,3266.625,0.016194565668864236
3270.2588462247477,0.0,3267.092,-0.0012346635521889304
3270.724363498232,0.0,3267.555,0.02708780146761902
3271.1898807717157,0.0,3268.025,0.02055180804532064
3271.6553980451995,0.0,3268.488,-0.027378377526154685
3272.1209153186837,0.0,3268.959,-0.025199756337926482
3272.5864325921675,0.0,3269.414,-0.2648512036257582
3273.0519498656513,0.0,3269.879,-0.027378377526154685
3273.5174671391355,0.0,3270.344,-0.020842513961470077
3273.9829844126193,0.0,3270.81,0.01837318685709244
3274.4485016861036,0.0,3271.277,0.07501811689670812
3274.9140189595873,0.0,3271.743,0.01837318685709244
3275.379536233071,0.0,3272.211,0.02055180804532064
3275.8450535065554,0.0,3272.669,0.02055180804532064
3276.310570780039,0.0,3273.136,0.02490918027939082
3276.776088053523,0.0,3273.599,-0.3062455256325489
3277.241605327007,0.0,3274.07,0.0031227086818812477
3277.707122600491,0.0,3274.532,-0.007770527116873316
3278.1726398739747,0.0,3275.0,-0.03609299213668127
3278.638157147459,0.0,3275.462,-0.018663892773242097
3279.1036744209428,0.0,3275.928,0.02055180804532064
3279.569191694427,0.0,3276.391,-0.027378377526154685
3280.034708967911,0.0,3276.857,0.022730559091162617
3280.5002262413946,0.0,3277.322,0.02708780146761902
3280.965743514879,0.0,3277.788,-0.04480760674720785
3281.4312607883626,0.0,3278.255,0.011837193434794058
3281.8967780618464,0.0,3278.721,-0.03173574976022486
3282.3622953353306,0.0,3279.186,-0.025199756337926482
3282.8278126088144,0.0,3279.644,-0.07095145057878738
3283.2933298822986,0.0,3280.114,0.011837193434794058
3283.7588471557824,0.0,3280.577,-0.027378377526154685
3284.224364429266,0.0,3281.04,0.009658572246565855
3284.6898817027504,0.0,3281.51,0.1425561528774646
3285.155398976234,0.0,3281.974,-0.033914370948453065
3285.620916249718,0.0,3282.436,-0.018663892773242097
3286.0864335232022,0.0,3282.902,0.02055180804532064
3286.551950796686,0.0,3283.366,0.02490918027939082
3287.01746807017,0.0,3283.832,-0.13848948655954407
3287.482985343654,0.0,3284.299,0.011837193434794058
3287.948502617138,0.0,3284.765,-0.025199756337926482
3288.414019890622,0.0,3285.23,-0.04262898555897965
3288.879537164106,0.0,3285.695,-0.5567902087191354
3289.3450544375896,0.0,3286.155,0.009658572246565855
3289.810571711074,0.0,3286.621,-0.027378377526154685
3290.2760889845576,0.0,3287.084,0.02055180804532064
3290.7416062580414,0.0,3287.554,-0.5851126088101364
3291.2071235315257,0.0,3288.015,-0.027378377526154685
3291.6726408050095,0.0,3288.484,0.02055180804532064
3292.1381580784932,0.0,3288.955,0.044517030688671966
3292.6036753519775,0.0,3289.41,-0.027378377526154685
3293.0691926254613,0.0,3289.876,0.02708780146761902
3293.5347098989455,0.0,3290.342,0.17305723908550052
3294.0002271724293,0.0,3290.808,0.02055180804532064
3294.465744445913,0.0,3291.274,-0.275744439424513
3294.9312617193973,0.0,3291.739,-0.02302113514969828
3295.396778992881,0.0,3292.203,-0.027378377526154685
3295.862296266365,0.0,3292.669,-0.005591905928645335
3296.327813539849,0.0,3293.129,-0.0012346635521889304
3296.793330813333,0.0,3293.599,0.029266422655847224
3297.258848086817,0.0,3294.062,-0.0164851417273999
3297.724365360301,0.0,3294.525,0.044517030688671966
3298.1898826337847,0.0,3294.996,0.07501811689670812
3298.655399907269,0.0,3295.458,0.011837193434794058
3299.1209171807527,0.0,3295.924,-0.025199756337926482
3299.5864344542365,0.0,3296.387,0.02490918027939082
3300.0519517277207,0.0,3296.853,-0.0665940783447172
3300.5174690012045,0.0,3297.318,0.0009439576360392721
3300.9829862746883,0.0,3297.783,-0.027378377526154685
3301.4485035481725,0.0,3298.248,-0.025199756337926482
3301.9140208216563,0.0,3298.714,0.01837318685709244
3302.3795380951406,0.0,3299.174,-0.027378377526154685
3302.8450553686243,0.0,3299.64,0.01837318685709244
3303.310572642108,0.0,3300.111,0.1904864683065537
3303.7760899155924,0.0,3300.573,0.02490918027939082
3304.241607189076,0.0,3301.036,-0.007770527116873316
3304.70712446256,0.0,3301.499,0.02708780146761902
3305.172641736044,0.0,3301.97,-0.0164851417273999
3305.638159009528,0.0,3302.432,0.02055180804532064
3306.1036762830117,0.0,3302.898,-0.038271743182523243
3306.569193556496,0.0,3303.359,0.02055180804532064
3307.0347108299798,0.0,3303.824,-0.033914370948453065
3307.500228103464,0.0,3304.296,-0.027378377526154685
3307.965745376948,0.0,3304.755,0.029266422655847224
3308.4312626504316,0.0,3305.221,-0.033914370948453065
3308.896779923916,0.0,3305.687,-0.14066823760538605
3309.3622971973996,0.0,3306.151,-0.03609299213668127
3309.8278144708834,0.0,3306.617,0.01837318685709244
3310.2933317443676,0.0,3307.085,0.022730559091162617
3310.7588490178514,0.0,3307.547,0.02055180804532064
3311.224366291335,0.0,3308.01,-0.012127899350943716
3311.6898835648194,0.0,3308.48,-0.055700842545962415
3312.155400838303,0.0,3308.946,0.0837327315072347
3312.6209181117874,0.0,3309.404,-0.027378377526154685
3313.086435385271,0.0,3309.87,0.029266422655847224
3313.551952658755,0.0,3310.337,0.0837327315072347
3314.0174699322392,0.0,3310.803,-0.007770527116873316
3314.482987205723,0.0,3311.27,0.0009439576360392721
3314.948504479207,0.0,3311.735,0.02055180804532064
3315.414021752691,0.0,3312.2,0.02708780146761902
3315.879539026175,0.0,3312.659,0.02055180804532064
3316.345056299659,0.0,3313.129,0.01837318685709244
3316.810573573143,0.0,3313.591,0.02708780146761902
3317.2760908466266,0.0,3314.059,0.022730559091162617
3317.741608120111,0.0,3314.522,-0.027378377526154685
3318.2071253935947,0.0,3314.985,0.022730559091162617
3318.6726426670784,0.0,3315.455,-0.027378377526154685
3319.1381599405627,0.0,3315.921,0.016194565668864236
3319.6036772140465,0.0,3316.384,-0.046986227935436053
3320.0691944875302,0.0,3316.85,0.029266422655847224
3320.5347117610145,0.0,3317.314,0.16869999670904434
3321.0002290344983,0.0,3317.78,0.016194565668864236
3321.4657463079825,0.0,3318.244,0.011837193434794058
3321.9312635814663,0.0,3318.71,-0.027378377526154685
3322.39678085495,0.0,3319.17,0.029266422655847224
3322.8622981284343,0.0,3319.636,0.02055180804532064
3323.327815401918,0.0,3320.099,0.05105289425335657
3323.793332675402,0.0,3320.569,-0.027378377526154685
3324.258849948886,0.0,3321.033,0.01837318685709244
3324.72436722237,0.0,3321.495,-0.033914370948453065
3325.1898844958537,0.0,3321.959,0.02055180804532064
3325.655401769338,0.0,3322.429,-0.027378377526154685
3326.1209190428217,0.0,3322.895,0.02490918027939082
3326.586436316306,0.0,3323.355,-0.007770527116873316
3327.0519535897897,0.0,3323.82,0.02708780146761902
3327.5174708632735,0.0,3324.285,0.022730559091162617
3327.9829881367577,0.0,3324.751,-0.027378377526154685
3328.4485054102415,0.0,3325.218,0.022730559091162617
3328.9140226837253,0.0,3325.684,-0.02302113514969828
3329.3795399572095,0.0,3326.144,0.02055180804532064
3329.8450572306933,0.0,3326.614,0.014015944480636033
3330.310574504177,0.0,3327.077,0.02708780146761902
3330.7760917776613,0.0,3327.539,-0.03609299213668127
3331.241609051145,0.0,3328.007,0.022730559091162617
3331.7071263246294,0.0,3328.469,-0.025199756337926482
3332.172643598113,0.0,3328.935,0.02055180804532064
3332.638160871597,0.0,3329.405,-0.02302113514969828
3333.103678145081,0.0,3329.871,0.0031227086818812477
3333.569195418565,0.0,3330.329,0.02708780146761902
3334.0347126920487,0.0,3330.795,0.0009439576360392721
3334.500229965533,0.0,3331.262,0.02055180804532064
3334.9657472390168,0.0,3331.728,-0.027378377526154685
3335.431264512501,0.0,3332.193,-0.027378377526154685
3335.896781785985,0.0,3332.658,-0.020842513961470077
3336.3622990594686,0.0,3333.121,0.0336237948899174
3336.827816332953,0.0,3333.584,-0.027378377526154685
3337.2933336064366,0.0,3334.055,-0.0164851417273999
3337.7588508799204,0.0,3334.517,-0.0164851417273999
3338.2243681534046,0.0,3334.981,-0.012127899350943716
3338.6898854268884,0.0,3335.451,0.022730559091162617
3339.155402700372,0.0,3335.909,0.01837318685709244
3339.6209199738564,0.0,3336.38,0.06194613005211136
3340.08643724734,0.0,3336.839,0.029266422655847224
3340.5519545208244,0.0,3337.31,-0.025199756337926482
3341.017471794308,0.0,3337.769,0.029266422655847224
3341.482989067792,0.0,3338.236,0.01837318685709244
3341.9485063412762,0.0,3338.702,-0.027378377526154685
3342.41402361476,0.0,3339.166,-0.02302113514969828
3342.879540888244,0.0,3339.631,-0.027378377526154685
3343.345058161728,0.0,3340.1,-0.025199756337926482
3343.810575435212,0.0,3340.562,0.02055180804532064
3344.2760927086956,0.0,3341.025,-0.0665940783447172
3344.74160998218,0.0,3341.495,0.02055180804532064
3345.2071272556636,0.0,3341.959,-0.018663892773242097
3345.672644529148,0.0,3342.421,0.02055180804532064
3346.1381618026317,0.0,3342.887,0.0009439576360392721
3346.6036790761154,0.0,3343.351,0.01837318685709244
3347.0691963495997,0.0,3343.817,-0.027378377526154685
3347.5347136230835,0.0,3344.282,-0.03173574976022486
3348.0002308965672,0.0,3344.748,0.022730559091162617
3348.4657481700515,0.0,3345.215,-0.025199756337926482
3348.9312654435353,0.0,3345.681,0.016194565668864236
3349.3967827170195,0.0,3346.144,0.011837193434794058
3349.8622999905033,0.0,3346.606,0.029266422655847224
3350.327817263987,0.0,3347.07,-0.03609299213668127
3350.7933345374713,0.0,3347.54,0.009658572246565855
3351.258851810955,0.0,3348.003,-0.0164851417273999
3351.724369084439,0.0,3348.465,0.022730559091162617
3352.189886357923,0.0,3348.931,-0.34110398407465525
3352.655403631407,0.0,3349.394,-0.0164851417273999
3353.1209209048907,0.0,3349.86,0.011837193434794058
3353.586438178375,0.0,3350.329,-0.05134360016950623
3354.0519554518587,0.0,3350.794,-0.027378377526154685
3354.517472725343,0.0,3351.259,0.11205506666942866
3354.9829899988267,0.0,3351.725,0.011837193434794058
3355.4485072723105,0.0,3352.184,-0.027378377526154685
3355.9140245457947,0.0,3352.65,0.02490918027939082
3356.3795418192785,0.0,3353.118,-0.02302113514969828
3356.8450590927623,0.0,3353.58,0.11641243890349884
3357.3105763662466,0.0,3354.048,0.01837318685709244
3357.7760936397303,0.0,3354.51,0.011837193434794058
3358.241610913214,0.0,3354.974,0.0837327315072347
3358.7071281866984,0.0,3355.443,-0.0012346635521889304
3359.172645460182,0.0,3355.909,-0.025199756337926482
3359.6381627336664,0.0,3356.373,-0.10580977916327972
3360.10368000715,0.0,3356.838,-0.018663892773242097
3360.569197280634,0.0,3357.303,-0.027378377526154685
3361.034714554118,0.0,3357.769,0.029266422655847224
3361.500231827602,0.0,3358.233,0.029266422655847224
3361.9657491010857,0.0,3358.699,0.011837193434794058
3362.43126637457,0.0,3359.16,0.022730559091162617
3362.8967836480538,0.0,3359.625,0.02055180804532064
3363.3623009215376,0.0,3360.096,0.02490918027939082
3363.827818195022,0.0,3360.558,-0.0164851417273999
3364.2933354685056,0.0,3361.022,0.0009439576360392721
3364.75885274199,0.0,3361.484,0.011837193434794058
3365.2243700154736,0.0,3361.951,0.00530132987010945
3365.6898872889574,0.0,3362.414,0.02490918027939082
3366.1554045624416,0.0,3362.879,-0.02302113514969828
3366.6209218359254,0.0,3363.344,-0.025199756337926482
3367.086439109409,0.0,3363.81,0.02055180804532064
3367.5519563828934,0.0,3364.277,-0.05134360016950623
3368.017473656377,0.0,3364.743,0.02055180804532064
3368.4829909298614,0.0,3365.207,0.029266422655847224
3368.948508203345,0.0,3365.672,0.02055180804532064
3369.414025476829,0.0,3366.14,-0.02955712857199666
3369.8795427503132,0.0,3366.603,-0.038271743182523243
3370.345060023797,0.0,3367.066,0.02490918027939082
3370.810577297281,0.0,3367.536,-0.020842513961470077
3371.276094570765,0.0,3367.996,0.01837318685709244
3371.741611844249,0.0,3368.465,-0.0164851417273999
3372.2071291177326,0.0,3368.924,-0.025199756337926482
3372.672646391217,0.0,3369.394,-0.060058214780032815
3373.1381636647006,0.0,3369.86,0.0031227086818812477
3373.603680938185,0.0,3370.326,0.0336237948899174
3374.0691982116687,0.0,3370.784,0.011837193434794058
3374.5347154851524,0.0,3371.251,0.009658572246565855
3375.0002327586367,0.0,3371.717,0.016194565668864236
3375.4657500321205,0.0,3372.182,0.011837193434794058
3375.9312673056043,0.0,3372.648,-0.033914370948453065
3376.3967845790885,0.0,3373.11,0.022730559091162617
3376.8623018525723,0.0,3373.58,-0.027378377526154685
3377.327819126056,0.0,3374.04,0.007479951058337653
3377.7933363995403,0.0,3374.51,-0.025199756337926482
3378.258853673024,0.0,3374.973,-0.04262898555897965
3378.7243709465083,0.0,3375.436,-0.02955712857199666
3379.189888219992,0.0,3375.902,0.02055180804532064
3379.655405493476,0.0,3376.366,-0.03173574976022486
3380.12092276696,0.0,3376.832,0.007479951058337653
3380.586440040444,0.0,3377.295,0.02490918027939082
3381.0519573139277,0.0,3377.761,0.02055180804532064
3381.517474587412,0.0,3378.225,0.022730559091162617
3381.9829918608957,0.0,3378.691,0.016194565668864236
3382.44850913438,0.0,3379.155,0.02708780146761902
3382.9140264078637,0.0,3379.621,-0.02955712857199666
3383.3795436813475,0.0,3380.084,0.016194565668864236
3383.8450609548318,0.0,3380.554,0.2732751123201351
3384.3105782283155,0.0,3381.015,-0.07966606518931396
3384.7760955017993,0.0,3381.484,0.037981037266373585
3385.2416127752836,0.0,3381.951,-0.027378377526154685
3385.7071300487673,0.0,3382.414,0.022730559091162617
3386.172647322251,0.0,3382.879,0.016194565668864236
3386.6381645957354,0.0,3383.345,-0.027378377526154685
3387.103681869219,0.0,3383.811,0.05105289425335657
3387.5691991427034,0.0,3384.27,0.022730559091162617
3388.034716416187,0.0,3384.735,0.022730559091162617
3388.500233689671,0.0,3385.199,0.007479951058337653
3388.965750963155,0.0,3385.665,-0.794262969889932
3389.431268236639,0.0,3386.132,-0.062236835968260795
3389.8967855101228,0.0,3386.595,-0.0164851417273999
3390.362302783607,0.0,3387.063,-0.02302113514969828
3390.827820057091,0.0,3387.525,0.05323164529919855
3391.2933373305746,0.0,3387.996,-0.012127899350943716
3391.758854604059,0.0,3388.458,0.031445043844075204
3392.2243718775426,0.0,3388.924,0.0031227086818812477
3392.689889151027,0.0,3389.387,-0.012127899350943716
3393.1554064245106,0.0,3389.852,0.022730559091162617
3393.6209236979944,0.0,3390.319,-0.02302113514969828
3394.0864409714786,0.0,3390.784,-0.027378377526154685
3394.5519582449624,0.0,3391.244,0.02055180804532064
3395.017475518446,0.0,3391.71,-0.027378377526154685
3395.4829927919304,0.0,3392.177,-0.027378377526154685
3395.948510065414,0.0,3392.643,0.029266422655847224
3396.414027338898,0.0,3393.107,-0.027378377526154685
3396.8795446123822,0.0,3393.569,-0.018663892773242097
3397.345061885866,0.0,3394.04,-0.018663892773242097
3397.8105791593503,0.0,3394.503,0.00530132987010945
3398.276096432834,0.0,3394.966,-0.018663892773242097
3398.741613706318,0.0,3395.429,0.011837193434794058
3399.207130979802,0.0,3395.894,-0.1777051873781066
3399.672648253286,0.0,3396.362,-0.007770527116873316
3400.1381655267696,0.0,3396.828,-0.025199756337926482
3400.603682800254,0.0,3397.293,-0.025199756337926482
3401.0692000737376,0.0,3397.759,0.02490918027939082
3401.534717347222,0.0,3398.225,-0.025199756337926482
3402.0002346207057,0.0,3398.684,-0.02302113514969828
3402.4657518941895,0.0,3399.156,0.011837193434794058
3402.9312691676737,0.0,3399.614,0.02490918027939082
3403.3967864411575,0.0,3400.085,-0.027378377526154685
3403.8623037146413,0.0,3400.547,0.016194565668864236
3404.3278209881255,0.0,3401.01,-0.0164851417273999
3404.7933382616093,0.0,3401.48,-0.29317366864556615
3405.258855535093,0.0,3401.946,-0.055700842545962415
3405.7243728085773,0.0,3402.404,-0.033914370948453065
3406.189890082061,0.0,3402.87,0.016194565668864236
3406.6554073555453,0.0,3403.336,-0.027378377526154685
3407.120924629029,0.0,3403.802,0.01837318685709244
3407.586441902513,0.0,3404.267,-0.02955712857199666
3408.051959175997,0.0,3404.732,0.016194565668864236
3408.517476449481,0.0,3405.199,-0.0164851417273999
3408.9829937229647,0.0,3405.665,0.02490918027939082
3409.448510996449,0.0,3406.125,-0.025199756337926482
3409.9140282699327,0.0,3406.595,-0.7746551194806507
3410.3795455434165,0.0,3407.058,0.02490918027939082
3410.8450628169007,0.0,3407.521,0.029266422655847224
3411.3105800903845,0.0,3407.989,0.01837318685709244
3411.7760973638688,0.0,3408.451,0.02055180804532064
3412.2416146373525,0.0,3408.917,-0.0164851417273999
3412.7071319108363,0.0,3409.381,-0.025199756337926482
3413.1726491843206,0.0,3409.847,0.031445043844075204
3413.6381664578043,0.0,3410.31,-0.018663892773242097
3414.103683731288,0.0,3410.776,0.029266422655847224
3414.5692010047724,0.0,3411.241,0.02055180804532064
3415.034718278256,0.0,3411.707,-0.0164851417273999
3415.5002355517404,0.0,3412.174,0.031445043844075204
3415.965752825224,0.0,3412.639,0.031445043844075204
3416.431270098708,0.0,3413.103,0.01837318685709244
3416.896787372192,0.0,3413.565,0.01837318685709244
3417.362304645676,0.0,3414.033,0.00530132987010945
3417.8278219191598,0.0,3414.495,-0.03173574976022486
3418.293339192644,0.0,3414.959,0.029266422655847224
3418.758856466128,0.0,3415.429,-0.027378377526154685
3419.2243737396116,0.0,3415.895,0.009658572246565855
3419.689891013096,0.0,3416.359,0.009658572246565855
3420.1554082865796,0.0,3416.825,-0.28228043284681137
3420.620925560064,0.0,3417.285,0.11641243890349884
3421.0864428335476,0.0,3417.75,0.02708780146761902
3421.5519601070314,0.0,3418.218,0.022730559091162617
3422.0174773805156,0.0,3418.683,0.0031227086818812477
3422.4829946539994,0.0,3419.144,-0.16899057276758
3422.948511927483,0.0,3419.614,-0.020842513961470077
3423.4140292009674,0.0,3420.077,0.01837318685709244
3423.879546474451,0.0,3420.54,-0.027378377526154685
3424.345063747935,0.0,3421.011,-0.038271743182523243
3424.8105810214192,0.0,3421.473,-0.0164851417273999
3425.276098294903,0.0,3421.939,0.02055180804532064
3425.7416155683873,0.0,3422.402,-0.018663892773242097
3426.207132841871,0.0,3422.867,-0.0164851417273999
3426.672650115355,0.0,3423.333,0.04669565187690017
3427.138167388839,0.0,3423.798,0.02055180804532064
3427.603684662323,0.0,3424.263,0.02055180804532064
3428.0692019358066,0.0,3424.729,-0.018663892773242097
3428.534719209291,0.0,3425.196,-0.10145253678682353
3429.0002364827747,0.0,3425.654,-0.007770527116873316
3429.4657537562584,0.0,3426.121,0.029266422655847224
3429.9312710297427,0.0,3426.584,-0.027378377526154685
3430.3967883032265,0.0,3427.055,-0.02302113514969828
3430.8623055767107,0.0,3427.517,-0.027378377526154685
3431.3278228501945,0.0,3427.985,-0.025199756337926482
3431.7933401236783,0.0,3428.447,0.016194565668864236
3432.2588573971625,0.0,3428.913,0.009658572246565855
3432.7243746706463,0.0,3429.379,-0.025199756337926482
3433.18989194413,0.0,3429.845,0.02055180804532064
3433.6554092176143,0.0,3430.311,0.011837193434794058
3434.120926491098,0.0,3430.769,0.011837193434794058
3434.5864437645823,0.0,3431.236,0.029266422655847224
3435.051961038066,0.0,3431.702,-0.025199756337926482
3435.51747831155,0.0,3432.169,-0.23217149622949407
3435.982995585034,0.0,3432.635,-0.033914370948453065
3436.448512858518,0.0,3433.096,-0.33892523302881306
3436.9140301320017,0.0,3433.566,0.02490918027939082
3437.379547405486,0.0,3434.029,-0.025199756337926482
3437.8450646789697,0.0,3434.492,0.02055180804532064
3438.3105819524535,0.0,3434.955,-0.02955712857199666
3438.7760992259377,0.0,3435.425,0.19702246172885207
3439.2416164994215,0.0,3435.89,0.011837193434794058
3439.7071337729058,0.0,3436.355,0.01837318685709244
3440.1726510463895,0.0,3436.821,-0.027378377526154685
3440.6381683198733,0.0,3437.28,0.0009439576360392721
3441.1036855933576,0.0,3437.746,-0.0665940783447172
3441.5692028668414,0.0,3438.21,0.016194565668864236
3442.034720140325,0.0,3438.676,-0.0665940783447172
3442.5002374138094,0.0,3439.144,0.01837318685709244
3442.965754687293,0.0,3439.607,0.00530132987010945
3443.431271960777,0.0,3440.07,-0.027378377526154685
3443.896789234261,0.0,3440.54,0.011837193434794058
3444.362306507745,0.0,3441.003,-0.02302113514969828
3444.827823781229,0.0,3441.465,0.02490918027939082
3445.293341054713,0.0,3441.931,0.016194565668864236
3445.7588583281968,0.0,3442.394,-0.027378377526154685
3446.224375601681,0.0,3442.86,0.016194565668864236
3446.689892875165,0.0,3443.325,0.1403775316892364
3447.1554101486486,0.0,3443.791,-0.027378377526154685
3447.620927422133,0.0,3444.259,-0.02302113514969828
3448.0864446956166,0.0,3444.724,-0.018663892773242097
3448.551961969101,0.0,3445.189,0.037981037266373585
3449.0174792425846,0.0,3445.655,0.011837193434794058
3449.4829965160684,0.0,3446.118,-0.02302113514969828
3449.9485137895526,0.0,3446.58,0.04887427306512837
3450.4140310630364,0.0,3447.048,0.029266422655847224
3450.87954833652,0.0,3447.51,-0.005591905928645335
3451.3450656100044,0.0,3447.974,-0.012127899350943716
3451.810582883488,0.0,3448.443,0.014015944480636033
3452.276100156972,0.0,3448.909,-0.027378377526154685
3452.7416174304562,0.0,3449.373,0.02055180804532064
3453.20713470394,0.0,3449.838,-0.025199756337926482
3453.6726519774243,0.0,3450.303,-0.02302113514969828
3454.138169250908,0.0,3450.768,-0.018663892773242097
3454.603686524392,0.0,3451.233,-0.027378377526154685
3455.069203797876,0.0,3451.699,0.011837193434794058
3455.53472107136,0.0,3452.163,0.022730559091162617
3456.0002383448436,0.0,3452.629,0.029266422655847224
3456.465755618328,0.0,3453.092,0.02055180804532064
3456.9312728918117,0.0,3453.555,0.011837193434794058
3457.3967901652954,0.0,3454.025,0.029266422655847224
3457.8623074387797,0.0,3454.488,0.011837193434794058
3458.3278247122635,0.0,3454.955,0.02055180804532064
3458.7933419857477,0.0,3455.418,-0.038271743182523243
3459.2588592592315,0.0,3455.884,0.01837318685709244
3459.7243765327153,0.0,3456.344,-0.025199756337926482
3460.1898938061995,0.0,3456.809,0.057588887675654954
3460.6554110796833,0.0,3457.274,-0.020842513961470077
3461.120928353167,0.0,3457.74,0.022730559091162617
3461.5864456266513,0.0,3458.206,-0.02302113514969828
3462.051962900135,0.0,3458.671,0.05323164529919855
3462.517480173619,0.0,3459.14,-0.003413284740417133
3462.982997447103,0.0,3459.603,-0.018663892773242097
3463.448514720587,0.0,3460.066,0.02708780146761902
3463.914031994071,0.0,3460.536,-0.02955712857199666
3464.379549267555,0.0,3460.999,0.02708780146761902
3464.8450665410387,0.0,3461.462,-0.027378377526154685
3465.310583814523,0.0,3461.928,0.02708780146761902
3465.7761010880067,0.0,3462.391,0.01837318685709244
3466.2416183614905,0.0,3462.857,-0.0164851417273999
3466.7071356349747,0.0,3463.322,0.022730559091162617
3467.1726529084585,0.0,3463.788,0.02055180804532064
3467.6381701819428,0.0,3464.252,0.016194565668864236
3468.1036874554266,0.0,3464.718,-0.027378377526154685
3468.5692047289103,0.0,3465.184,0.029266422655847224
3469.0347220023946,0.0,3465.65,-0.03609299213668127
3469.5002392758784,0.0,3466.111,0.029266422655847224
3469.965756549362,0.0,3466.574,-0.025199756337926482
3470.4312738228464,0.0,3467.044,-0.046986227935436053
3470.89679109633,0.0,3467.507,0.016194565668864236
3471.362308369814,0.0,3467.97,-0.07966606518931396
3471.827825643298,0.0,3468.44,0.029266422655847224
3472.293342916782,0.0,3468.905,0.029266422655847224
3472.758860190266,0.0,3469.369,0.02055180804532064
3473.22437746375,0.0,3469.835,0.02708780146761902
3473.6898947372338,0.0,3470.3,-0.0164851417273999
3474.155412010718,0.0,3470.765,-0.025199756337926482
3474.620929284202,0.0,3471.225,0.011837193434794058
3475.0864465576856,0.0,3471.691,0.02055180804532064
3475.55196383117,0.0,3472.156,0.011837193434794058
3476.0174811046536,0.0,3472.621,-0.027378377526154685
3476.4829983781374,0.0,3473.084,0.02055180804532064
3476.9485156516216,0.0,3473.555,0.05105289425335657
3477.4140329251054,0.0,3474.018,-0.007770527116873316
3477.8795501985896,0.0,3474.48,-0.012127899350943716
3478.3450674720734,0.0,3474.947,0.011837193434794058
3478.810584745557,0.0,3475.412,-0.07095145057878738
3479.2761020190414,0.0,3475.878,-0.020842513961470077
3479.7416192925252,0.0,3476.345,-0.064415457156489
3480.207136566009,0.0,3476.811,0.02708780146761902
3480.6726538394933,0.0,3477.27,0.029266422655847224
3481.138171112977,0.0,3477.736,-0.018663892773242097
3481.603688386461,0.0,3478.203,0.00530132987010945
3482.069205659945,0.0,3478.669,-0.012127899350943716
3482.534722933429,0.0,3479.133,0.02055180804532064
3483.000240206913,0.0,3479.595,-0.02302113514969828
3483.465757480397,0.0,3480.063,-0.02302113514969828
3483.9312747538806,0.0,3480.525,0.1774146113195707
3484.396792027365,0.0,3480.996,-0.027378377526154685
3484.8623093008487,0.0,3481.458,0.029266422655847224
3485.3278265743324,0.0,3481.924,-0.025199756337926482
3485.7933438478167,0.0,3482.387,0.02708780146761902
3486.2588611213005,0.0,3482.853,0.016194565668864236
3486.7243783947847,0.0,3483.318,0.01837318685709244
3487.1898956682685,0.0,3483.784,-0.02302113514969828
3487.6554129417523,0.0,3484.248,-0.027378377526154685
3488.1209302152365,0.0,3484.714,0.01837318685709244
3488.5864474887203,0.0,3485.174,0.00530132987010945
3489.051964762204,0.0,3485.639,-0.027378377526154685
3489.5174820356883,0.0,3486.108,-0.007770527116873316
3489.982999309172,0.0,3486.57,0.009658572246565855
3490.448516582656,0.0,3487.04,-0.025199756337926482
3490.91403385614,0.0,3487.503,0.016194565668864236
3491.379551129624,0.0,3487.966,-0.0164851417273999
3491.845068403108,0.0,3488.429,0.02055180804532064
3492.310585676592,0.0,3488.895,-0.027378377526154685
3492.7761029500757,0.0,3489.362,0.01837318685709244
3493.24162022356,0.0,3489.828,-0.027378377526154685
3493.7071374970437,0.0,3490.293,-0.0164851417273999
3494.1726547705275,0.0,3490.758,0.02055180804532064
3494.6381720440118,0.0,3491.225,-0.025199756337926482
3495.1036893174955,0.0,3491.684,-0.02302113514969828
3495.5692065909793,0.0,3492.155,-0.018663892773242097
3496.0347238644636,0.0,3492.62,0.029266422655847224
3496.5002411379473,0.0,3493.081,-0.02302113514969828
3496.9657584114316,0.0,3493.55,0.011837193434794058
3497.4312756849154,0.0,3494.011,0.0031227086818812477
3497.896792958399,0.0,3494.474,0.02055180804532064
3498.3623102318834,0.0,3494.939,-0.020842513961470077
3498.827827505367,0.0,3495.409,0.022730559091162617
3499.293344778851,0.0,3495.875,-0.027378377526154685
3499.758862052335,0.0,3496.34,-0.027378377526154685
3500.224379325819,0.0,3496.805,-0.24306473202824885
3500.689896599303,0.0,3497.27,-0.027378377526154685
3501.155413872787,0.0,3497.736,0.02055180804532064
3501.620931146271,0.0,3498.196,-0.07966606518931396
3502.086448419755,0.0,3498.662,0.029266422655847224
3502.551965693239,0.0,3499.129,0.01837318685709244
3503.0174829667226,0.0,3499.592,-0.08402330756577037
3503.483000240207,0.0,3500.055,-0.5219317502770291
3503.9485175136906,0.0,3500.525,-0.027378377526154685
3504.4140347871744,0.0,3500.989,0.011837193434794058
3504.8795520606586,0.0,3501.451,-0.005591905928645335
3505.3450693341424,0.0,3501.917,-0.025199756337926482
3505.8105866076266,0.0,3502.381,-0.02955712857199666
3506.2761038811104,0.0,3502.846,-0.018663892773242097
3506.741621154594,0.0,3503.31,-0.027378377526154685
3507.2071384280785,0.0,3503.776,0.011837193434794058
3507.6726557015622,0.0,3504.241,0.022730559091162617
3508.138172975046,0.0,3504.707,0.02055180804532064
3508.6036902485303,0.0,3505.174,0.029266422655847224
3509.069207522014,0.0,3505.64,-0.033914370948453065
3509.534724795498,0.0,3506.103,0.00530132987010945
3510.000242068982,0.0,3506.565,0.02055180804532064
3510.465759342466,0.0,3507.033,0.029266422655847224
3510.93127661595,0.0,3507.495,-0.025199756337926482
3511.396793889434,0.0,3507.959,0.011837193434794058
3511.8623111629176,0.0,3508.429,-0.009949278162715514
3512.327828436402,0.0,3508.894,0.031445043844075204
3512.7933457098857,0.0,3509.359,0.037981037266373585
3513.2588629833695,0.0,3509.825,0.04669565187690017
3513.7243802568537,0.0,3510.284,-0.02302113514969828
3514.1898975303375,0.0,3510.75,0.029266422655847224
3514.6554148038213,0.0,3511.214,-0.025199756337926482
3515.1209320773055,0.0,3511.68,0.02055180804532064
3515.5864493507893,0.0,3512.151,0.029266422655847224
3516.0519666242735,0.0,3512.61,0.011837193434794058
3516.5174838977573,0.0,3513.078,0.02490918027939082
3516.983001171241,0.0,3513.54,-0.02955712857199666
3517.4485184447253,0.0,3514.01,-0.018663892773242097
3517.914035718209,0.0,3514.473,-0.02302113514969828
3518.379552991693,0.0,3514.938,-0.14502547998184245
3518.845070265177,0.0,3515.401,0.02490918027939082
3519.310587538661,0.0,3515.866,-0.0164851417273999
3519.776104812145,0.0,3516.333,0.02055180804532064
3520.241622085629,0.0,3516.799,-0.08620192875399857
3520.7071393591127,0.0,3517.266,0.02055180804532064
3521.172656632597,0.0,3517.725,-0.28228043284681137
3521.6381739060807,0.0,3518.192,0.01837318685709244
3522.1036911795645,0.0,3518.658,-0.027378377526154685
3522.5692084530488,0.0,3519.122,0.022730559091162617
3523.0347257265325,0.0,3519.584,-0.014306520539171697
3523.5002430000163,0.0,3520.052,-0.020842513961470077
3523.9657602735006,0.0,3520.514,-0.027378377526154685
3524.4312775469843,0.0,3520.985,-0.027378377526154685
3524.8967948204686,0.0,3521.447,0.01837318685709244
3525.3623120939524,0.0,3521.914,-0.027378377526154685
3525.827829367436,0.0,3522.38,0.06848212347440974
3526.2933466409204,0.0,3522.845,0.01837318685709244
3526.758863914404,0.0,3523.31,0.01837318685709244
3527.224381187888,0.0,3523.776,-0.027378377526154685
3527.689898461372,0.0,3524.241,-0.0164851417273999
3528.155415734856,0.0,3524.699,-0.025199756337926482
3528.6209330083398,0.0,3525.166,0.0837327315072347
3529.086450281824,0.0,3525.632,0.057588887675654954
3529.551967555308,0.0,3526.095,0.02708780146761902
3530.017484828792,0.0,3526.566,0.02490918027939082
3530.483002102276,0.0,3527.029,-0.025199756337926482
3530.9485193757596,0.0,3527.492,0.037981037266373585
3531.414036649244,0.0,3527.96,0.06630350228618154
3531.8795539227276,0.0,3528.422,0.01837318685709244
3532.3450711962114,0.0,3528.888,-0.027378377526154685
3532.8105884696956,0.0,3529.355,0.022730559091162617
3533.2761057431794,0.0,3529.82,-0.027378377526154685
3533.7416230166637,0.0,3530.284,0.016194565668864236
3534.2071402901474,0.0,3530.75,-0.018663892773242097
3534.672657563631,0.0,3531.215,-0.0164851417273999
3535.1381748371155,0.0,3531.681,0.02708780146761902
3535.6036921105992,0.0,3532.144,0.16652137552081614
3536.069209384083,0.0,3532.606,-0.02302113514969828
3536.5347266575673,0.0,3533.073,-0.027378377526154685
3537.000243931051,0.0,3533.536,0.02708780146761902
3537.465761204535,0.0,3534.004,0.022730559091162617
3537.931278478019,0.0,3534.466,0.01837318685709244
3538.396795751503,0.0,3534.932,0.0009439576360392721
3538.862313024987,0.0,3535.394,-0.007770527116873316
3539.327830298471,0.0,3535.86,0.05105289425335657
3539.7933475719547,0.0,3536.325,0.02490918027939082
3540.258864845439,0.0,3536.79,-0.05787946373419062
3540.7243821189227,0.0,3537.255,-0.14066823760538605
3541.1898993924065,0.0,3537.72,-0.025199756337926482
3541.6554166658907,0.0,3538.184,-0.18424118080040497
3542.1209339393745,0.0,3538.65,-0.025199756337926482
3542.5864512128583,0.0,3539.118,-0.025199756337926482
3543.0519684863425,0.0,3539.58,0.022730559091162617
3543.5174857598263,0.0,3540.048,0.029266422655847224
3543.9830030333105,0.0,3540.51,0.02708780146761902
3544.4485203067943,0.0,3540.974,-0.018663892773242097
3544.914037580278,0.0,3541.444,-0.04262898555897965
3545.3795548537623,0.0,3541.909,-0.02302113514969828
3545.845072127246,0.0,3542.372,0.009658572246565855
3546.31058940073,0.0,3542.838,-0.02955712857199666
3546.776106674214,0.0,3543.303,-0.025199756337926482
3547.241623947698,0.0,3543.768,0.037981037266373585
3547.7071412211817,0.0,3544.233,-0.0164851417273999
3548.172658494666,0.0,3544.698,0.01837318685709244
3548.6381757681497,0.0,3545.163,0.011837193434794058
3549.103693041634,0.0,3545.629,-0.04916497898127803
3549.5692103151177,0.0,3546.092,0.029266422655847224
3550.0347275886015,0.0,3546.554,0.016194565668864236
3550.5002448620858,0.0,3547.022,0.02490918027939082
3550.9657621355695,0.0,3547.485,0.227523547936888
3551.4312794090533,0.0,3547.955,0.0009439576360392721
3551.8967966825376,0.0,3548.417,-0.027378377526154685
3552.3623139560214,0.0,3548.883,0.029266422655847224
3552.8278312295056,0.0,3549.348,0.0009439576360392721
3553.2933485029894,0.0,3549.813,0.00530132987010945
3553.758865776473,0.0,3550.281,0.02490918027939082
3554.2243830499574,0.0,3550.739,-0.064415457156489
3554.689900323441,0.0,3551.204,0.02490918027939082
3555.155417596925,0.0,3551.669,-0.0012346635521889304
3555.620934870409,0.0,3552.14,-0.02955712857199666
3556.086452143893,0.0,3552.603,-0.0164851417273999
3556.5519694173768,0.0,3553.066,0.0031227086818812477
3557.017486690861,0.0,3553.529,0.011837193434794058
3557.483003964345,0.0,3553.997,0.0009439576360392721
3557.948521237829,0.0,3554.465,-0.025199756337926482
3558.414038511313,0.0,3554.924,-0.018663892773242097
3558.8795557847966,0.0,3555.394,-0.04262898555897965
3559.345073058281,0.0,3555.86,-0.02302113514969828
3559.8105903317646,0.0,3556.326,0.011837193434794058
3560.2761076052484,0.0,3556.784,0.02708780146761902
3560.7416248787326,0.0,3557.251,-0.02302113514969828
3561.2071421522164,0.0,3557.716,0.007479951058337653
3561.6726594257,0.0,3558.181,0.029266422655847224
3562.1381766991844,0.0,3558.647,0.0009439576360392721
3562.603693972668,0.0,3559.115,0.02055180804532064
3563.0692112461525,0.0,3559.577,-0.027378377526154685
3563.5347285196362,0.0,3560.04,0.011837193434794058
3564.00024579312,0.0,3560.51,-0.020842513961470077
3564.4657630666043,0.0,3560.97,0.011837193434794058
3564.931280340088,0.0,3561.44,0.06194613005211136
3565.396797613572,0.0,3561.906,0.029266422655847224
3565.862314887056,0.0,3562.369,0.022730559091162617
3566.32783216054,0.0,3562.835,0.01837318685709244
3566.793349434024,0.0,3563.3,0.02055180804532064
3567.258866707508,0.0,3563.765,-0.018663892773242097
3567.7243839809917,0.0,3564.229,0.016194565668864236
3568.189901254476,0.0,3564.695,-0.027378377526154685
3568.6554185279597,0.0,3565.155,0.029266422655847224
3569.1209358014435,0.0,3565.621,-0.027378377526154685
3569.5864530749277,0.0,3566.085,0.009658572246565855
3570.0519703484115,0.0,3566.555,0.04015965845460179
3570.5174876218953,0.0,3567.018,0.00530132987010945
3570.9830048953795,0.0,3567.48,-0.02302113514969828
3571.4485221688633,0.0,3567.947,0.00530132987010945
3571.9140394423475,0.0,3568.411,-0.009949278162715514
3572.3795567158313,0.0,3568.877,-0.027378377526154685
3572.845073989315,0.0,3569.345,-0.009949278162715514
3573.3105912627993,0.0,3569.81,-0.0164851417273999
3573.776108536283,0.0,3570.27,0.011837193434794058
3574.241625809767,0.0,3570.736,-0.025199756337926482
3574.707143083251,0.0,3571.2,-0.007770527116873316
3575.172660356735,0.0,3571.666,-0.003413284740417133
3575.6381776302187,0.0,3572.129,0.029266422655847224
3576.103694903703,0.0,3572.598,-0.0164851417273999
3576.5692121771867,0.0,3573.059,0.02055180804532064
3577.034729450671,0.0,3573.529,0.02055180804532064
3577.5002467241547,0.0,3573.992,-0.027378377526154685
3577.9657639976385,0.0,3574.455,0.02055180804532064
3578.4312812711228,0.0,3574.92,0.029266422655847224
3578.8967985446066,0.0,3575.391,0.02708780146761902
3579.3623158180903,0.0,3575.849,0.02055180804532064
3579.8278330915746,0.0,3576.315,0.007479951058337653
3580.2933503650584,0.0,3576.781,-0.018663892773242097
3580.758867638542,0.0,3577.247,-0.2648512036257582
3581.2243849120264,0.0,3577.713,-0.02302113514969828
3581.68990218551,0.0,3578.177,-0.040450364370751446
3582.1554194589944,0.0,3578.643,-0.0164851417273999
3582.620936732478,0.0,3579.11,-0.027378377526154685
3583.086454005962,0.0,3579.573,0.037981037266373585
3583.551971279446,0.0,3580.041,0.011837193434794058
3584.01748855293,0.0,3580.502,0.029266422655847224
3584.483005826414,0.0,3580.966,-0.033914370948453065
3584.948523099898,0.0,3581.429,0.0009439576360392721
3585.414040373382,0.0,3581.895,-0.08620192875399857
3585.879557646866,0.0,3582.362,0.011837193434794058
3586.34507492035,0.0,3582.828,-0.027378377526154685
3586.8105921938336,0.0,3583.293,-0.07966606518931396
3587.276109467318,0.0,3583.758,0.007479951058337653
3587.7416267408016,0.0,3584.222,-0.018663892773242097
3588.2071440142854,0.0,3584.688,-0.009949278162715514
3588.6726612877696,0.0,3585.155,-0.027378377526154685
3589.1381785612534,0.0,3585.621,0.02055180804532064
3589.603695834737,0.0,3586.081,-0.24742197440470504
3590.0692131082214,0.0,3586.544,0.011837193434794058
3590.5347303817052,0.0,3587.014,0.02055180804532064
3591.0002476551895,0.0,3587.477,0.01837318685709244
3591.4657649286733,0.0,3587.942,-0.007770527116873316
3591.931282202157,0.0,3588.406,0.01837318685709244
3592.3967994756413,0.0,3588.872,-0.005591905928645335
3592.862316749125,0.0,3589.337,-0.062236835968260795
3593.327834022609,0.0,3589.803,0.04669565187690017
3593.793351296093,0.0,3590.27,-0.007770527116873316
3594.258868569577,0.0,3590.735,0.02490918027939082
3594.7243858430606,0.0,3591.199,-0.02302113514969828
3595.189903116545,0.0,3591.664,0.07283949570847992
3595.6554203900287,0.0,3592.125,-0.027378377526154685
3596.120937663513,0.0,3592.595,0.011837193434794058
3596.5864549369967,0.0,3593.055,0.01837318685709244
3597.0519722104805,0.0,3593.526,-0.046986227935436053
3597.5174894839647,0.0,3593.989,0.022730559091162617
3597.9830067574485,0.0,3594.451,0.0031227086818812477
3598.4485240309323,0.0,3594.916,-0.025199756337926482
3598.9140413044165,0.0,3595.38,-0.07095145057878738
3599.3795585779003,0.0,3595.846,-0.0164851417273999
3599.8450758513845,0.0,3596.31,-0.025199756337926482
3600.3105931248683,0.0,3596.777,0.02055180804532064
3600.776110398352,0.0,3597.244,0.029266422655847224
3601.2416276718363,0.0,3597.71,0.01837318685709244
3601.70714494532,0.0,3598.17,-0.02302113514969828
3602.172662218804,0.0,3598.635,0.029266422655847224
3602.638179492288,0.0,3599.103,0.011837193434794058
3603.103696765772,0.0,3599.566,0.009658572246565855
3603.5692140392557,0.0,3600.029,0.02490918027939082
3604.03473131274,0.0,3600.499,-0.027378377526154685
3604.5002485862237,0.0,3600.96,0.02055180804532064
3604.965765859708,0.0,3601.429,-0.025199756337926482
3605.4312831331918,0.0,3601.895,0.029266422655847224
3605.8968004066755,0.0,3602.354,-0.02302113514969828
3606.36231768016,0.0,3602.82,-0.025199756337926482
3606.8278349536436,0.0,3603.285,-0.025199756337926482
3607.2933522271273,0.0,3603.751,0.02055180804532064
3607.7588695006116,0.0,3604.218,0.05323164529919855
3608.2243867740954,0.0,3604.683,0.02708780146761902
3608.689904047579,0.0,3605.144,0.02708780146761902
3609.1554213210634,0.0,3605.613,-0.060058214780032815
3609.620938594547,0.0,3606.077,0.016194565668864236
3610.0864558680314,0.0,3606.54,-0.02955712857199666
3610.551973141515,0.0,3607.011,-0.02955712857199666
3611.017490414999,0.0,3607.473,0.059767508863883156
3611.483007688483,0.0,3607.939,0.014015944480636033
3611.948524961967,0.0,3608.401,0.0336237948899174
3612.414042235451,0.0,3608.867,0.0009439576360392721
3612.879559508935,0.0,3609.333,0.02055180804532064
3613.345076782419,0.0,3609.799,-0.33674661184058485
3613.8105940559026,0.0,3610.266,0.02490918027939082
3614.276111329387,0.0,3610.724,0.02490918027939082
3614.7416286028706,0.0,3611.189,0.02055180804532064
3615.207145876355,0.0,3611.655,-0.060058214780032815
3615.6726631498386,0.0,3612.125,0.02055180804532064
3616.1381804233224,0.0,3612.588,-0.025199756337926482
3616.6036976968066,0.0,3613.051,0.037981037266373585
3617.0692149702904,0.0,3613.514,-0.04262898555897965
3617.534732243774,0.0,3613.985,-0.027378377526154685
3618.0002495172585,0.0,3614.448,0.011837193434794058
3618.4657667907422,0.0,3614.913,0.011837193434794058
3618.9312840642265,0.0,3615.379,-0.0164851417273999
3619.3968013377103,0.0,3615.845,0.016194565668864236
3619.862318611194,0.0,3616.31,0.01837318685709244
3620.3278358846783,0.0,3616.776,-0.027378377526154685
3620.793353158162,0.0,3617.24,0.057588887675654954
3621.258870431646,0.0,3617.699,-0.07313007176701558
3621.72438770513,0.0,3618.17,-0.012127899350943716
3622.189904978614,0.0,3618.629,-0.027378377526154685
3622.6554222520977,0.0,3619.099,-0.02302113514969828
3623.120939525582,0.0,3619.561,-0.020842513961470077
3623.5864567990657,0.0,3620.029,-0.020842513961470077
3624.05197407255,0.0,3620.492,0.016194565668864236
3624.5174913460337,0.0,3620.955,-0.0164851417273999
3624.9830086195175,0.0,3621.425,0.01837318685709244
3625.4485258930017,0.0,3621.891,-0.027378377526154685
3625.9140431664855,0.0,3622.351,0.01837318685709244
3626.3795604399693,0.0,3622.817,-0.09927391559859533
3626.8450777134535,0.0,3623.283,-0.040450364370751446
3627.3105949869373,0.0,3623.749,0.02055180804532064
3627.776112260421,0.0,3624.214,0.059767508863883156
3628.2416295339053,0.0,3624.68,0.16434275433258794
3628.707146807389,0.0,3625.14,0.02708780146761902
3629.1726640808733,0.0,3625.604,0.035802416078145605
3629.638181354357,0.0,3626.074,0.3277414211715226
3630.103698627841,0.0,3626.537,0.0009439576360392721
3630.569215901325,0.0,3627.0,-0.027378377526154685
3631.034733174809,0.0,3627.47,0.0009439576360392721
3631.5002504482927,0.0,3627.936,-0.0164851417273999
3631.965767721777,0.0,3628.398,0.02055180804532064
3632.4312849952607,0.0,3628.864,-0.018663892773242097
3632.896802268745,0.0,3629.329,-0.027378377526154685
3633.3623195422288,0.0,3629.795,0.1403775316892364
3633.8278368157125,0.0,3630.259,-0.018663892773242097
3634.293354089197,0.0,3630.725,0.01837318685709244
3634.7588713626806,0.0,3631.185,-0.020842513961470077
3635.2243886361643,0.0,3631.65,-0.025199756337926482
3635.6899059096486,0.0,3632.118,-0.025199756337926482
3636.1554231831324,0.0,3632.58,0.04233827964282999
3636.620940456616,0.0,3633.044,-0.03609299213668127
3637.0864577301004,0.0,3633.514,0.0031227086818812477
3637.551975003584,0.0,3633.974,-0.565504823329662
3638.0174922770684,0.0,3634.444,-0.018663892773242097
3638.483009550552,0.0,3634.909,-0.027378377526154685
3638.948526824036,0.0,3635.373,0.0031227086818812477
3639.41404409752,0.0,3635.838,-0.02302113514969828
3639.879561371004,0.0,3636.303,-0.025199756337926482
3640.345078644488,0.0,3636.769,0.029266422655847224
3640.810595917972,0.0,3637.234,0.02055180804532064
3641.276113191456,0.0,3637.699,0.035802416078145605
3641.7416304649396,0.0,3638.159,-0.025199756337926482
3642.207147738424,0.0,3638.625,0.02055180804532064
3642.6726650119076,0.0,3639.092,0.04233827964282999
3643.138182285392,0.0,3639.554,0.02708780146761902
3643.6036995588756,0.0,3640.025,0.009658572246565855
3644.0692168323594,0.0,3640.487,0.01837318685709244
3644.5347341058437,0.0,3640.955,0.02055180804532064
3645.0002513793274,0.0,3641.418,-0.02955712857199666
3645.465768652811,0.0,3641.883,0.0031227086818812477
3645.9312859262955,0.0,3642.35,-0.17334794500165018
3646.3968031997792,0.0,3642.816,-0.025199756337926482
3646.862320473263,0.0,3643.28,-0.018663892773242097
3647.3278377467473,0.0,3643.739,-0.025199756337926482
3647.793355020231,0.0,3644.211,0.02055180804532064
3648.2588722937153,0.0,3644.669,0.022730559091162617
3648.724389567199,0.0,3645.136,0.02055180804532064
3649.189906840683,0.0,3645.599,0.01837318685709244
3649.655424114167,0.0,3646.07,0.02490918027939082
3650.120941387651,0.0,3646.532,-0.7659405048701241
3650.5864586611347,0.0,3647.0,0.02055180804532064
3651.051975934619,0.0,3647.462,-0.027378377526154685
3651.5174932081027,0.0,3647.928,0.01837318685709244
3651.983010481587,0.0,3648.391,0.21663031213813344
3652.4485277550707,0.0,3648.857,-0.027378377526154685
3652.9140450285545,0.0,3649.322,0.016194565668864236
3653.3795623020387,0.0,3649.787,0.016194565668864236
3653.8450795755225,0.0,3650.255,0.02055180804532064
3654.3105968490063,0.0,3650.714,0.02708780146761902
3654.7761141224905,0.0,3651.181,0.00530132987010945
3655.2416313959743,0.0,3651.647,0.016194565668864236
3655.707148669458,0.0,3652.115,-0.0164851417273999
3656.1726659429423,0.0,3652.577,-0.018663892773242097
3656.638183216426,0.0,3653.04,0.04669565187690017
3657.1037004899104,0.0,3653.51,-0.02302113514969828
3657.569217763394,0.0,3653.97,0.01837318685709244
3658.034735036878,0.0,3654.441,0.029266422655847224
3658.500252310362,0.0,3654.899,0.00530132987010945
3658.965769583846,0.0,3655.366,0.12076968127995502
3659.4312868573297,0.0,3655.832,0.02708780146761902
3659.896804130814,0.0,3656.296,0.016194565668864236
3660.3623214042977,0.0,3656.762,-0.0164851417273999
3660.8278386777815,0.0,3657.229,0.0031227086818812477
3661.2933559512658,0.0,3657.695,-0.020842513961470077
3661.7588732247495,0.0,3658.159,-0.027378377526154685
3662.224390498234,0.0,3658.625,-0.0164851417273999
3662.6899077717176,0.0,3659.088,0.011837193434794058
3663.1554250452014,0.0,3659.551,-0.027378377526154685
3663.6209423186856,0.0,3660.014,0.011837193434794058
3664.0864595921694,0.0,3660.484,-0.025199756337926482
3664.551976865653,0.0,3660.951,-0.0164851417273999
3665.0174941391374,0.0,3661.414,0.059767508863883156
3665.483011412621,0.0,3661.88,0.011837193434794058
3665.948528686105,0.0,3662.345,0.3429918993467338
3666.414045959589,0.0,3662.81,-0.025199756337926482
3666.879563233073,0.0,3663.27,0.007479951058337653
3667.345080506557,0.0,3663.735,0.00530132987010945
3667.810597780041,0.0,3664.199,0.029266422655847224
3668.276115053525,0.0,3664.665,-0.033914370948453065
3668.741632327009,0.0,3665.129,0.01837318685709244
3669.207149600493,0.0,3665.599,-0.027378377526154685
3669.6726668739766,0.0,3666.062,-0.07966606518931396
3670.138184147461,0.0,3666.525,-0.025199756337926482
3670.6037014209446,0.0,3666.996,-0.0164851417273999
3671.069218694429,0.0,3667.458,0.02490918027939082
3671.5347359679126,0.0,3667.924,0.016194565668864236
3672.0002532413964,0.0,3668.386,-0.027378377526154685
3672.4657705148807,0.0,3668.852,0.029266422655847224
3672.9312877883644,0.0,3669.318,0.011837193434794058
3673.396805061848,0.0,3669.783,-0.009949278162715514
3673.8623223353325,0.0,3670.248,-0.027378377526154685
3674.3278396088162,0.0,3670.714,0.02055180804532064
3674.7933568823,0.0,3671.174,0.016194565668864236
3675.2588741557843,0.0,3671.64,0.011837193434794058
3675.724391429268,0.0,3672.107,-0.025199756337926482
3676.1899087027523,0.0,3672.57,0.02490918027939082
3676.655425976236,0.0,3673.04,-0.025199756337926482
3677.12094324972,0.0,3673.503,0.02055180804532064
3677.586460523204,0.0,3673.966,-0.025199756337926482
3678.051977796688,0.0,3674.429,0.009658572246565855
3678.5174950701717,0.0,3674.894,0.02055180804532064
3678.983012343656,0.0,3675.36,-0.025199756337926482
3679.4485296171397,0.0,3675.825,0.1381989105010082
3679.9140468906235,0.0,3676.293,-0.027378377526154685
3680.3795641641077,0.0,3676.758,0.011837193434794058
3680.8450814375915,0.0,3677.226,-0.025199756337926482
3681.3105987110757,0.0,3677.684,-0.02302113514969828
3681.7761159845595,0.0,3678.156,0.02708780146761902
3682.2416332580433,0.0,3678.614,0.00530132987010945
3682.7071505315275,0.0,3679.085,-0.014306520539171697
3683.1726678050113,0.0,3679.547,0.007479951058337653
3683.638185078495,0.0,3680.011,-0.02302113514969828
3684.1037023519793,0.0,3680.48,0.02055180804532064
3684.569219625463,0.0,3680.939,-0.2539579678270034
3685.0347368989474,0.0,3681.409,0.02055180804532064
3685.500254172431,0.0,3681.875,-0.03173574976022486
3685.965771445915,0.0,3682.34,-0.027378377526154685
3686.431288719399,0.0,3682.806,0.029266422655847224
3686.896805992883,0.0,3683.266,0.19702246172885207
3687.3623232663667,0.0,3683.732,-0.0164851417273999
3687.827840539851,0.0,3684.197,0.037981037266373585
3688.2933578133348,0.0,3684.662,0.009658572246565855
3688.7588750868185,0.0,3685.125,-0.02955712857199666
3689.2243923603028,0.0,3685.595,0.016194565668864236
3689.6899096337866,0.0,3686.056,0.011837193434794058
3690.155426907271,0.0,3686.525,-0.027378377526154685
3690.6209441807546,0.0,3686.988,0.029266422655847224
3691.0864614542384,0.0,3687.451,0.1861292259300973
3691.5519787277226,0.0,3687.917,-0.020842513961470077
3692.0174960012064,0.0,3688.38,-0.025199756337926482
3692.48301327469,0.0,3688.846,-0.025199756337926482
3692.9485305481744,0.0,3689.311,-0.018663892773242097
3693.414047821658,0.0,3689.776,0.029266422655847224
3693.879565095142,0.0,3690.243,-0.018663892773242097
3694.345082368626,0.0,3690.709,0.011837193434794058
3694.81059964211,0.0,3691.174,0.01837318685709244
3695.2761169155942,0.0,3691.64,0.02490918027939082
3695.741634189078,0.0,3692.103,0.04015965845460179
3696.207151462562,0.0,3692.565,0.02708780146761902
3696.672668736046,0.0,3693.033,-0.0012346635521889304
3697.13818600953,0.0,3693.495,0.1883078471183255
3697.6037032830136,0.0,3693.959,0.029266422655847224
3698.069220556498,0.0,3694.429,-0.027378377526154685
3698.5347378299816,0.0,3694.894,0.02055180804532064
3699.0002551034654,0.0,3695.355,-0.04480760674720785
3699.4657723769496,0.0,3695.82,0.022730559091162617
3699.9312896504334,0.0,3696.284,-0.025199756337926482
3700.3968069239177,0.0,3696.75,0.011837193434794058
3700.8623241974014,0.0,3697.215,0.029266422655847224
3701.3278414708852,0.0,3697.681,0.02708780146761902
3701.7933587443695,0.0,3698.155,0.0009439576360392721
3702.2588760178533,0.0,3698.614,0.0336237948899174
3702.724393291337,0.0,3699.077,0.02055180804532064
3703.1899105648213,0.0,3699.54,-0.027378377526154685
3703.655427838305,0.0,3700.01,-0.009949278162715514
3704.1209451117893,0.0,3700.473,-0.018663892773242097
3704.586462385273,0.0,3700.939,0.01837318685709244
3705.051979658757,0.0,3701.402,-0.064415457156489
3705.517496932241,0.0,3701.867,-0.027378377526154685
3705.983014205725,0.0,3702.333,0.035802416078145605
3706.4485314792087,0.0,3702.798,0.011837193434794058
3706.914048752693,0.0,3703.266,0.00530132987010945
3707.3795660261767,0.0,3703.724,0.01837318685709244
3707.8450832996605,0.0,3704.196,0.02055180804532064
3708.3106005731447,0.0,3704.654,0.029266422655847224
3708.7761178466285,0.0,3705.122,0.02055180804532064
3709.2416351201127,0.0,3705.584,-0.033914370948453065
3709.7071523935965,0.0,3706.055,0.022730559091162617
3710.1726696670803,0.0,3706.517,-0.027378377526154685
3710.6381869405645,0.0,3706.981,0.016194565668864236
3711.1037042140483,0.0,3707.451,0.0837327315072347
3711.569221487532,0.0,3707.909,0.16434275433258794
3712.0347387610163,0.0,3708.38,0.037981037266373585
3712.5002560345,0.0,3708.845,0.02055180804532064
3712.965773307984,0.0,3709.31,0.02055180804532064
3713.431290581468,0.0,3709.769,0.02055180804532064
3713.896807854952,0.0,3710.234,0.057588887675654954
3714.362325128436,0.0,3710.699,-0.027378377526154685
3714.82784240192,0.0,3711.166,0.02055180804532064
3715.2933596754037,0.0,3711.632,-0.014306520539171697
3715.758876948888,0.0,3712.095,0.009658572246565855
3716.2243942223718,0.0,3712.565,0.08808997388369089
3716.6899114958555,0.0,3713.029,-0.03173574976022486
3717.15542876934,0.0,3713.491,0.08591135269546268
3717.6209460428236,0.0,3713.96,-0.02955712857199666
3718.086463316308,0.0,3714.422,0.011837193434794058
3718.5519805897916,0.0,3714.887,-0.0164851417273999
3719.0174978632754,0.0,3715.354,0.011837193434794058
3719.4830151367596,0.0,3715.82,-0.027378377526154685
3719.9485324102434,0.0,3716.285,-0.027378377526154685
3720.414049683727,0.0,3716.751,0.029266422655847224
3720.8795669572114,0.0,3717.211,-0.05134360016950623
3721.345084230695,0.0,3717.677,-0.027378377526154685
3721.810601504179,0.0,3718.14,-0.025199756337926482
3722.276118777663,0.0,3718.61,0.02490918027939082
3722.741636051147,0.0,3719.07,-0.02955712857199666
3723.2071533246312,0.0,3719.54,0.029266422655847224
3723.672670598115,0.0,3720.003,-0.025199756337926482
3724.138187871599,0.0,3720.465,0.016194565668864236
3724.603705145083,0.0,3720.931,0.016194565668864236
3725.069222418567,0.0,3721.394,-0.025199756337926482
3725.5347396920506,0.0,3721.86,0.009658572246565855
3726.000256965535,0.0,3722.325,0.02055180804532064
3726.4657742390186,0.0,3722.791,-0.02955712857199666
3726.9312915125024,0.0,3723.256,-0.03609299213668127
3727.3968087859867,0.0,3723.721,-0.0164851417273999
3727.8623260594704,0.0,3724.189,-0.02302113514969828
3728.3278433329547,0.0,3724.654,0.31031219195046966
3728.7933606064385,0.0,3725.114,-0.02955712857199666
3729.2588778799222,0.0,3725.584,0.011837193434794058
3729.7243951534065,0.0,3726.047,-0.02955712857199666
3730.1899124268903,0.0,3726.51,-0.003413284740417133
3730.655429700374,0.0,3726.974,-0.02302113514969828
3731.1209469738583,0.0,3727.443,0.022730559091162617
3731.586464247342,0.0,3727.909,-0.02955712857199666
3732.051981520826,0.0,3728.372,0.016194565668864236
3732.51749879431,0.0,3728.838,-0.0164851417273999
3732.983016067794,0.0,3729.303,-0.027378377526154685
3733.448533341278,0.0,3729.769,0.16652137552081614
3733.914050614762,0.0,3730.233,0.029266422655847224
3734.3795678882457,0.0,3730.699,0.011837193434794058
3734.84508516173,0.0,3731.159,-0.027378377526154685
3735.3106024352137,0.0,3731.625,0.029266422655847224
3735.7761197086975,0.0,3732.096,0.02055180804532064
3736.2416369821817,0.0,3732.558,0.0009439576360392721
3736.7071542556655,0.0,3733.026,0.016194565668864236
3737.1726715291497,0.0,3733.489,-0.027378377526154685
3737.6381888026335,0.0,3733.959,0.02055180804532064
3738.1037060761173,0.0,3734.414,0.02055180804532064
3738.5692233496015,0.0,3734.88,-0.02302113514969828
3739.0347406230853,0.0,3735.345,-0.018663892773242097
3739.500257896569,0.0,3735.81,-0.0012346635521889304
3739.9657751700533,0.0,3736.277,-0.04262898555897965
3740.431292443537,0.0,3736.743,0.022730559091162617
3740.896809717021,0.0,3737.207,0.022730559091162617
3741.362326990505,0.0,3737.673,-0.0012346635521889304
3741.827844263989,0.0,3738.136,-0.02302113514969828
3742.293361537473,0.0,3738.605,0.02055180804532064
3742.758878810957,0.0,3739.066,0.029266422655847224
3743.2243960844407,0.0,3739.529,-0.062236835968260795
3743.689913357925,0.0,3739.999,0.02708780146761902
3744.1554306314088,0.0,3740.462,-0.046986227935436053
3744.6209479048925,0.0,3740.928,0.011837193434794058
3745.086465178377,0.0,3741.39,0.031445043844075204
3745.5519824518606,0.0,3741.856,-0.07966606518931396
3746.0174997253444,0.0,3742.321,-0.018663892773242097
3746.4830169988286,0.0,3742.787,0.01837318685709244
3746.9485342723124,0.0,3743.252,0.02490918027939082
3747.4140515457966,0.0,3743.717,0.02055180804532064
3747.8795688192804,0.0,3744.185,0.029266422655847224
3748.345086092764,0.0,3744.65,-0.19077717422270335
3748.8106033662484,0.0,3745.114,0.029266422655847224
3749.276120639732,0.0,3745.577,0.01837318685709244
3749.741637913216,0.0,3746.04,-0.007770527116873316
3750.2071551867,0.0,3746.51,-0.027378377526154685
3750.672672460184,0.0,3746.974,0.014015944480636033
3751.1381897336682,0.0,3747.436,-0.02955712857199666
3751.603707007152,0.0,3747.902,0.02490918027939082
3752.069224280636,0.0,3748.366,-0.0164851417273999
3752.53474155412,0.0,3748.831,0.01837318685709244
3753.000258827604,0.0,3749.296,0.016194565668864236
3753.4657761010876,0.0,3749.762,0.0031227086818812477
3753.931293374572,0.0,3750.229,0.0031227086818812477
3754.3968106480556,0.0,3750.694,0.0031227086818812477
3754.8623279215394,0.0,3751.16,-0.027378377526154685
3755.3278451950237,0.0,3751.625,0.09680458849421747
3755.7933624685074,0.0,3752.088,0.01837318685709244
3756.2588797419917,0.0,3752.551,-0.025199756337926482
3756.7243970154755,0.0,3753.018,-0.04480760674720785
3757.1899142889592,0.0,3753.481,-0.018663892773242097
3757.6554315624435,0.0,3753.947,0.02055180804532064
3758.1209488359273,0.0,3754.412,-0.02302113514969828
3758.586466109411,0.0,3754.877,-0.033914370948453065
3759.0519833828953,0.0,3755.344,0.022730559091162617
3759.517500656379,0.0,3755.809,0.01837318685709244
3759.983017929863,0.0,3756.273,-0.02302113514969828
3760.448535203347,0.0,3756.738,0.016194565668864236
3760.914052476831,0.0,3757.203,0.01837318685709244
3761.379569750315,0.0,3757.669,-0.020842513961470077
3761.845087023799,0.0,3758.129,0.014015944480636033
3762.3106042972827,0.0,3758.599,0.1861292259300973
3762.776121570767,0.0,3759.062,-0.07530869295524378
3763.2416388442507,0.0,3759.525,-0.027378377526154685
3763.7071561177345,0.0,3759.996,-0.027378377526154685
3764.1726733912187,0.0,3760.458,0.02055180804532064
3764.6381906647025,0.0,3760.924,0.02055180804532064
3765.1037079381863,0.0,3761.387,-0.02302113514969828
3765.5692252116705,0.0,3761.852,0.031445043844075204
3766.0347424851543,0.0,3762.317,0.02055180804532064
3766.5002597586385,0.0,3762.783,-0.09273792217629695
3766.9657770321223,0.0,3763.248,-0.025199756337926482
3767.431294305606,0.0,3763.715,-0.007770527116873316
3767.8968115790904,0.0,3764.174,0.0031227086818812477
3768.362328852574,0.0,3764.641,0.01837318685709244
3768.827846126058,0.0,3765.111,-0.027378377526154685
3769.293363399542,0.0,3765.573,0.029266422655847224
3769.758880673026,0.0,3766.037,-0.02302113514969828
3770.22439794651,0.0,3766.499,-0.012127899350943716
3770.689915219994,0.0,3766.966,-0.025199756337926482
3771.1554324934777,0.0,3767.436,0.02490918027939082
3771.620949766962,0.0,3767.894,0.016194565668864236
3772.0864670404458,0.0,3768.359,-0.027378377526154685
3772.5519843139296,0.0,3768.825,-0.025199756337926482
3773.017501587414,0.0,3769.292,-0.07530869295524378
3773.4830188608976,0.0,3769.758,-0.027378377526154685
3773.9485361343814,0.0,3770.222,-0.033914370948453065
3774.4140534078656,0.0,3770.687,-0.018663892773242097
3774.8795706813494,0.0,3771.155,-0.027378377526154685
3775.3450879548336,0.0,3771.621,0.02055180804532064
3775.8106052283174,0.0,3772.081,-0.025199756337926482
3776.276122501801,0.0,3772.544,0.022730559091162617
3776.7416397752854,0.0,3773.014,0.05105289425335657
3777.207157048769,0.0,3773.477,0.009658572246565855
3777.672674322253,0.0,3773.943,0.037981037266373585
3778.138191595737,0.0,3774.407,0.011837193434794058
3778.603708869221,0.0,3774.872,-0.025199756337926482
3779.069226142705,0.0,3775.337,-0.012127899350943716
3779.534743416189,0.0,3775.803,0.037981037266373585
3780.000260689673,0.0,3776.27,-0.025199756337926482
3780.465777963157,0.0,3776.735,0.022730559091162617
3780.931295236641,0.0,3777.2,0.007479951058337653
3781.3968125101246,0.0,3777.666,0.011837193434794058
3781.862329783609,0.0,3778.129,-0.018663892773242097
3782.3278470570926,0.0,3778.591,0.02708780146761902
3782.7933643305764,0.0,3779.059,0.02055180804532064
3783.2588816040607,0.0,3779.521,0.02055180804532064
3783.7243988775444,0.0,3779.985,-0.0164851417273999
3784.1899161510287,0.0,3780.455,-0.064415457156489
3784.6554334245125,0.0,3780.92,-0.025199756337926482
3785.1209506979962,0.0,3781.383,0.022730559091162617
3785.5864679714805,0.0,3781.849,0.011837193434794058
3786.0519852449643,0.0,3782.314,-0.027378377526154685
3786.517502518448,0.0,3782.78,0.022730559091162617
3786.9830197919323,0.0,3783.244,0.029266422655847224
3787.448537065416,0.0,3783.71,0.0031227086818812477
3787.9140543389,0.0,3784.17,0.00530132987010945
3788.379571612384,0.0,3784.635,0.011837193434794058
3788.845088885868,0.0,3785.099,0.029266422655847224
3789.310606159352,0.0,3785.569,0.00530132987010945
3789.776123432836,0.0,3786.033,0.029266422655847224
3790.2416407063197,0.0,3786.495,0.0336237948899174
3790.707157979804,0.0,3786.959,0.016194565668864236
3791.1726752532877,0.0,3787.429,-0.027378377526154685
3791.6381925267715,0.0,3787.894,0.06630350228618154
3792.1037098002557,0.0,3788.359,0.035802416078145605
3792.5692270737395,0.0,3788.825,0.009658572246565855
3793.0347443472233,0.0,3789.285,-0.025199756337926482
3793.5002616207075,0.0,3789.751,0.022730559091162617
3793.9657788941913,0.0,3790.215,0.02055180804532064
3794.4312961676756,0.0,3790.681,0.029266422655847224
3794.8968134411593,0.0,3791.144,0.029266422655847224
3795.362330714643,0.0,3791.613,0.011837193434794058
3795.8278479881274,0.0,3792.074,0.009658572246565855
3796.293365261611,0.0,3792.543,-0.027378377526154685
3796.758882535095,0.0,3793.004,0.0031227086818812477
3797.224399808579,0.0,3793.473,-0.018663892773242097
3797.689917082063,0.0,3793.938,0.029266422655847224
3798.1554343555467,0.0,3794.402,-0.18641980198863317
3798.620951629031,0.0,3794.867,-0.0164851417273999
3799.0864689025148,0.0,3795.332,-0.02955712857199666
3799.551986175999,0.0,3795.798,0.01837318685709244
3800.017503449483,0.0,3796.262,0.0031227086818812477
3800.4830207229666,0.0,3796.728,0.016194565668864236
3800.948537996451,0.0,3797.193,0.016194565668864236
3801.4140552699346,0.0,3797.659,-0.02302113514969828
3801.8795725434184,0.0,3798.121,0.02055180804532064
3802.3450898169026,0.0,3798.584,0.10769782429297226
3802.8106070903864,0.0,3799.055,0.016194565668864236
3803.2761243638706,0.0,3799.517,-0.027378377526154685
3803.7416416373544,0.0,3799.981,0.022730559091162617
3804.207158910838,0.0,3800.451,0.057588887675654954
3804.6726761843224,0.0,3800.909,0.0009439576360392721
3805.138193457806,0.0,3801.38,-0.018663892773242097
3805.60371073129,0.0,3801.845,0.016194565668864236
3806.0692280047742,0.0,3802.31,0.02490918027939082
3806.534745278258,0.0,3802.776,-0.04480760674720785
3807.000262551742,0.0,3803.241,-0.046986227935436053
3807.465779825226,0.0,3803.699,-0.027378377526154685
3807.93129709871,0.0,3804.166,0.02055180804532064
3808.396814372194,0.0,3804.632,-0.027378377526154685
3808.862331645678,0.0,3805.1,-0.025199756337926482
3809.3278489191616,0.0,3805.562,-0.0164851417273999
3809.793366192646,0.0,3806.025,0.02490918027939082
3810.2588834661296,0.0,3806.495,0.011837193434794058
3810.7244007396134,0.0,3806.959,-0.018663892773242097
3811.1899180130977,0.0,3807.421,0.04015965845460179
3811.6554352865815,0.0,3807.887,0.01837318685709244
3812.1209525600652,0.0,3808.352,0.02055180804532064
3812.5864698335495,0.0,3808.818,-0.02302113514969828
3813.0519871070333,0.0,3809.281,0.01837318685709244
3813.5175043805175,0.0,3809.747,-0.025199756337926482
3813.9830216540013,0.0,3810.214,0.029266422655847224
3814.448538927485,0.0,3810.68,-0.027378377526154685
3814.9140562009693,0.0,3811.14,-0.025199756337926482
3815.379573474453,0.0,3811.611,0.01837318685709244
3815.845090747937,0.0,3812.073,-0.027378377526154685
3816.310608021421,0.0,3812.536,-0.003413284740417133
3816.776125294905,0.0,3813.004,-0.018663892773242097
3817.2416425683887,0.0,3813.465,0.02708780146761902
3817.707159841873,0.0,3813.931,0.011837193434794058
3818.1726771153567,0.0,3814.394,-0.009949278162715514
3818.638194388841,0.0,3814.86,0.009658572246565855
3819.1037116623247,0.0,3815.325,0.02055180804532064
3819.5692289358085,0.0,3815.791,-0.005591905928645335
3820.0347462092927,0.0,3816.255,-0.08184468637754216
3820.5002634827765,0.0,3816.721,-0.005591905928645335
3820.9657807562603,0.0,3817.185,-0.0164851417273999
3821.4312980297445,0.0,3817.652,0.009658572246565855
3821.8968153032283,0.0,3818.114,0.037981037266373585
3822.3623325767126,0.0,3818.584,0.022730559091162617
3822.8278498501963,0.0,3819.044,-0.027378377526154685
3823.29336712368,0.0,3819.514,0.011837193434794058
3823.7588843971644,0.0,3819.977,-0.027378377526154685
3824.224401670648,0.0,3820.44,-0.003413284740417133
3824.689918944132,0.0,3820.906,-0.02955712857199666
3825.155436217616,0.0,3821.37,-0.005591905928645335
3825.6209534911,0.0,3821.835,-0.027378377526154685
3826.0864707645837,0.0,3822.3,-0.027378377526154685
3826.551988038068,0.0,3822.766,0.022730559091162617
3827.0175053115518,0.0,3823.233,-0.025199756337926482
3827.483022585036,0.0,3823.699,0.01837318685709244
3827.94853985852,0.0,3824.163,0.037981037266373585
3828.4140571320036,0.0,3824.629,0.011837193434794058
3828.879574405488,0.0,3825.092,-0.0164851417273999
3829.3450916789716,0.0,3825.554,0.016194565668864236
3829.8106089524554,0.0,3826.025,0.02490918027939082
3830.2761262259396,0.0,3826.488,0.05323164529919855
3830.7416434994234,0.0,3826.959,0.02055180804532064
3831.207160772907,0.0,3827.414,0.016194565668864236
3831.6726780463914,0.0,3827.88,-0.027378377526154685
3832.138195319875,0.0,3828.344,-0.02955712857199666
3832.6037125933594,0.0,3828.81,0.02708780146761902
3833.069229866843,0.0,3829.277,-0.018663892773242097
3833.534747140327,0.0,3829.743,0.02055180804532064
3834.0002644138112,0.0,3830.207,0.01837318685709244
3834.465781687295,0.0,3830.673,0.02055180804532064
3834.931298960779,0.0,3831.136,-0.005591905928645335
3835.396816234263,0.0,3831.599,0.02055180804532064
3835.862333507747,0.0,3832.066,-0.033914370948453065
3836.327850781231,0.0,3832.529,-0.060058214780032815
3836.793368054715,0.0,3833.0,0.011837193434794058
3837.2588853281986,0.0,3833.462,-0.060058214780032815
3837.724402601683,0.0,3833.928,0.022730559091162617
3838.1899198751667,0.0,3834.391,0.02055180804532064
3838.6554371486504,0.0,3834.856,-0.02302113514969828
3839.1209544221347,0.0,3835.321,-0.027378377526154685
3839.5864716956185,0.0,3835.787,0.022730559091162617
3840.0519889691022,0.0,3836.252,0.02708780146761902
3840.5175062425865,0.0,3836.717,0.022730559091162617
3840.9830235160703,0.0,3837.184,0.029266422655847224
3841.4485407895545,0.0,3837.65,0.016194565668864236
3841.9140580630383,0.0,3838.111,0.022730559091162617
3842.379575336522,0.0,3838.581,-0.025199756337926482
3842.8450926100063,0.0,3839.044,0.011837193434794058
3843.31060988349,0.0,3839.506,-0.027378377526154685
3843.776127156974,0.0,3839.97,-0.03173574976022486
3844.241644430458,0.0,3840.44,-0.018663892773242097
3844.707161703942,0.0,3840.905,0.029266422655847224
3845.1726789774257,0.0,3841.369,0.1403775316892364
3845.63819625091,0.0,3841.835,0.0009439576360392721
3846.1037135243937,0.0,3842.3,0.00530132987010945
3846.569230797878,0.0,3842.765,-0.03173574976022486
3847.0347480713617,0.0,3843.226,0.00530132987010945
3847.5002653448455,0.0,3843.691,0.02055180804532064
3847.9657826183297,0.0,3844.156,0.02055180804532064
3848.4312998918135,0.0,3844.622,-0.025199756337926482
3848.8968171652973,0.0,3845.085,0.02055180804532064
3849.3623344387815,0.0,3845.555,-0.003413284740417133
3849.8278517122653,0.0,3846.018,0.01837318685709244
3850.293368985749,0.0,3846.48,-0.012127899350943716
3850.7588862592333,0.0,3846.947,-0.005591905928645335
3851.224403532717,0.0,3847.411,0.01837318685709244
3851.6899208062014,0.0,3847.877,-0.2692084460022146
3852.155438079685,0.0,3848.344,0.0009439576360392721
3852.620955353169,0.0,3848.809,0.022730559091162617
3853.086472626653,0.0,3849.273,0.022730559091162617
3853.551989900137,0.0,3849.739,0.02055180804532064
3854.0175071736207,0.0,3850.203,0.02708780146761902
3854.483024447105,0.0,3850.669,-0.027378377526154685
3854.9485417205888,0.0,3851.132,0.0031227086818812477
3855.414058994073,0.0,3851.595,-0.012127899350943716
3855.879576267557,0.0,3852.063,-0.025199756337926482
3856.3450935410406,0.0,3852.524,0.0009439576360392721
3856.810610814525,0.0,3852.992,-0.03173574976022486
3857.2761280880086,0.0,3853.455,0.12076968127995502
3857.7416453614924,0.0,3853.92,0.01837318685709244
3858.2071626349766,0.0,3854.391,0.029266422655847224
3858.6726799084604,0.0,3854.849,0.029266422655847224
3859.138197181944,0.0,3855.314,-0.03173574976022486
3859.6037144554284,0.0,3855.78,-0.033914370948453065
3860.069231728912,0.0,3856.245,0.31466943432692585
3860.5347490023964,0.0,3856.71,-0.020842513961470077
3861.00026627588,0.0,3857.177,0.029266422655847224
3861.465783549364,0.0,3857.643,-0.027378377526154685
3861.9313008228482,0.0,3858.107,0.011837193434794058
3862.396818096332,0.0,3858.569,-0.027378377526154685
3862.862335369816,0.0,3859.04,-0.027378377526154685
3863.3278526433,0.0,3859.503,0.02055180804532064
3863.793369916784,0.0,3859.966,-0.027378377526154685
3864.2588871902676,0.0,3860.429,0.04669565187690017
3864.724404463752,0.0,3860.894,0.011837193434794058
3865.1899217372356,0.0,3861.359,0.016194565668864236
3865.65543901072,0.0,3861.825,-0.02302113514969828
3866.1209562842037,0.0,3862.289,-0.07095145057878738
3866.5864735576874,0.0,3862.755,0.1774146113195707
3867.0519908311717,0.0,3863.222,-0.027378377526154685
3867.5175081046555,0.0,3863.688,0.029266422655847224
3867.9830253781392,0.0,3864.155,-0.025199756337926482
3868.4485426516235,0.0,3864.621,0.02055180804532064
3868.9140599251073,0.0,3865.084,-0.027378377526154685
3869.3795771985915,0.0,3865.547,0.02055180804532064
3869.8450944720753,0.0,3866.01,-0.027378377526154685
3870.310611745559,0.0,3866.48,0.022730559091162617
3870.7761290190433,0.0,3866.939,-0.05134360016950623
3871.241646292527,0.0,3867.409,0.016194565668864236
3871.707163566011,0.0,3867.875,-0.03173574976022486
3872.172680839495,0.0,3868.34,-0.053522221357734434
3872.638198112979,0.0,3868.805,-0.0164851417273999
3873.1037153864627,0.0,3869.271,0.007479951058337653
3873.569232659947,0.0,3869.729,0.14691352511153477
3874.0347499334307,0.0,3870.196,-0.04916497898127803
3874.500267206915,0.0,3870.661,0.04669565187690017
3874.9657844803987,0.0,3871.129,0.009658572246565855
3875.4313017538825,0.0,3871.592,0.01837318685709244
3875.8968190273667,0.0,3872.055,-0.027378377526154685
3876.3623363008505,0.0,3872.525,-0.005591905928645335
3876.8278535743343,0.0,3872.988,0.02055180804532064
3877.2933708478186,0.0,3873.451,0.04669565187690017
3877.7588881213023,0.0,3873.917,-0.027378377526154685
3878.224405394786,0.0,3874.381,-0.20167041002145814
3878.6899226682704,0.0,3874.846,-0.025199756337926482
3879.155439941754,0.0,3875.311,-0.02302113514969828
3879.6209572152384,0.0,3875.776,-0.29535228983379413
3880.086474488722,0.0,3876.241,-0.027378377526154685
3880.551991762206,0.0,3876.707,0.022730559091162617
3881.01750903569,0.0,3877.174,0.011837193434794058
3881.483026309174,0.0,3877.639,0.02055180804532064
3881.9485435826577,0.0,3878.1,0.029266422655847224
3882.414060856142,0.0,3878.57,-0.05787946373419062
3882.8795781296258,0.0,3879.033,0.01837318685709244
3883.3450954031096,0.0,3879.495,0.02490918027939082
3883.810612676594,0.0,3879.959,0.01837318685709244
3884.2761299500776,0.0,3880.429,-0.027378377526154685
3884.741647223562,0.0,3880.894,-0.005591905928645335
3885.2071644970456,0.0,3881.359,0.0837327315072347
3885.6726817705294,0.0,3881.825,0.029266422655847224
3886.1381990440136,0.0,3882.285,-0.027378377526154685
3886.6037163174974,0.0,3882.75,0.02055180804532064
3887.069233590981,0.0,3883.215,0.011837193434794058
3887.5347508644654,0.0,3883.681,0.3212054277492242
3888.000268137949,0.0,3884.155,0.01837318685709244
3888.4657854114334,0.0,3884.613,0.02490918027939082
3888.9313026849172,0.0,3885.074,0.022730559091162617
3889.396819958401,0.0,3885.543,-0.02302113514969828
3889.8623372318852,0.0,3886.011,0.04669565187690017
3890.327854505369,0.0,3886.473,-0.027378377526154685
3890.793371778853,0.0,3886.939,0.011837193434794058
3891.258889052337,0.0,3887.402,-0.07313007176701558
3891.724406325821,0.0,3887.868,0.011837193434794058
3892.1899235993046,0.0,3888.332,-0.02302113514969828
3892.655440872789,0.0,3888.797,0.02708780146761902
3893.1209581462726,0.0,3889.263,0.011837193434794058
3893.586475419757,0.0,3889.729,-0.033914370948453065
3894.0519926932407,0.0,3890.189,0.022730559091162617
3894.5175099667244,0.0,3890.654,0.011837193434794058
3894.9830272402087,0.0,3891.122,0.009658572246565855
3895.4485445136925,0.0,3891.584,-0.007770527116873316
3895.9140617871763,0.0,3892.052,0.01837318685709244
3896.3795790606605,0.0,3892.514,-0.033914370948453065
3896.8450963341443,0.0,3892.985,-0.03173574976022486
3897.310613607628,0.0,3893.447,-0.027378377526154685
3897.7761308811123,0.0,3893.913,0.009658572246565855
3898.241648154596,0.0,3894.38,-0.027378377526154685
3898.7071654280803,0.0,3894.845,0.022730559091162617
3899.172682701564,0.0,3895.311,0.02055180804532064
3899.638199975048,0.0,3895.769,0.011837193434794058
3900.103717248532,0.0,3896.236,0.02490918027939082
3900.569234522016,0.0,3896.702,-0.027378377526154685
3901.0347517954997,0.0,3897.17,0.02055180804532064
3901.500269068984,0.0,3897.635,-0.020842513961470077
3901.9657863424677,0.0,3898.096,0.02055180804532064
3902.431303615952,0.0,3898.559,-0.05787946373419062
3902.8968208894357,0.0,3899.029,-0.025199756337926482
3903.3623381629195,0.0,3899.491,-0.033914370948453065
3903.8278554364038,0.0,3899.955,0.011837193434794058
3904.2933727098875,0.0,3900.425,0.029266422655847224
3904.7588899833713,0.0,3900.89,0.029266422655847224
3905.2244072568556,0.0,3901.354,0.011837193434794058
3905.6899245303393,0.0,3901.82,0.029266422655847224
3906.155441803823,0.0,3902.285,-0.027378377526154685
3906.6209590773074,0.0,3902.744,-0.025199756337926482
3907.086476350791,0.0,3903.21,0.009658572246565855
3907.5519936242754,0.0,3903.676,-0.027378377526154685
3908.017510897759,0.0,3904.144,-0.0164851417273999
3908.483028171243,0.0,3904.606,-0.020842513961470077
3908.948545444727,0.0,3905.074,-0.025199756337926482
3909.414062718211,0.0,3905.537,0.009658572246565855
3909.8795799916948,0.0,3905.999,-0.020842513961470077
3910.345097265179,0.0,3906.469,0.022730559091162617
3910.810614538663,0.0,3906.935,0.016194565668864236
3911.2761318121466,0.0,3907.397,-0.027378377526154685
3911.741649085631,0.0,3907.863,0.022730559091162617
3912.2071663591146,0.0,3908.329,0.01837318685709244
3912.672683632599,0.0,3908.794,-0.027378377526154685
3913.1382009060826,0.0,3909.259,-0.02302113514969828
3913.6037181795664,0.0,3909.724,-0.02302113514969828
3914.0692354530506,0.0,3910.189,-0.027378377526154685
3914.5347527265344,0.0,3910.655,0.02055180804532064
3915.000270000018,0.0,3911.118,-0.018663892773242097
3915.4657872735024,0.0,3911.58,-0.018663892773242097
3915.931304546986,0.0,3912.048,-0.018663892773242097
3916.39682182047,0.0,3912.51,0.02055180804532064
3916.8623390939542,0.0,3912.974,-0.033914370948453065
3917.327856367438,0.0,3913.443,0.016194565668864236
3917.7933736409223,0.0,3913.909,-0.025199756337926482
3918.258890914406,0.0,3914.372,0.011837193434794058
3918.72440818789,0.0,3914.838,-0.018663892773242097
3919.189925461374,0.0,3915.303,0.02708780146761902
3919.655442734858,0.0,3915.768,-0.025199756337926482
3920.1209600083416,0.0,3916.229,-0.0164851417273999
3920.586477281826,0.0,3916.694,-0.027378377526154685
3921.0519945553096,0.0,3917.159,-0.027378377526154685
3921.517511828794,0.0,3917.624,-0.027378377526154685
3921.9830291022777,0.0,3918.092,-0.02955712857199666
3922.4485463757615,0.0,3918.554,0.029266422655847224
3922.9140636492457,0.0,3919.025,0.02708780146761902
3923.3795809227295,0.0,3919.488,0.0031227086818812477
3923.8450981962133,0.0,3919.959,0.02708780146761902
3924.3106154696975,0.0,3920.421,-0.367247698048621
3924.7761327431813,0.0,3920.879,-0.2147422670084409
3925.241650016665,0.0,3921.344,-0.027378377526154685
3925.7071672901493,0.0,3921.81,0.01837318685709244
3926.172684563633,0.0,3922.277,-0.025199756337926482
3926.6382018371173,0.0,3922.743,0.01837318685709244
3927.103719110601,0.0,3923.21,0.057588887675654954
3927.569236384085,0.0,3923.669,-0.0164851417273999
3928.034753657569,0.0,3924.136,-0.02302113514969828
3928.500270931053,0.0,3924.605,0.01837318685709244
3928.9657882045367,0.0,3925.066,0.05105289425335657
3929.431305478021,0.0,3925.536,-0.012127899350943716
3929.8968227515047,0.0,3925.996,0.007479951058337653
3930.3623400249885,0.0,3926.459,-0.7071170185710872
3930.8278572984727,0.0,3926.924,-0.025199756337926482
3931.2933745719565,0.0,3927.395,-0.02955712857199666
3931.7588918454408,0.0,3927.86,0.01837318685709244
3932.2244091189245,0.0,3928.325,0.02490918027939082
3932.6899263924083,0.0,3928.784,0.00530132987010945
3933.1554436658926,0.0,3929.251,-0.027378377526154685
3933.6209609393763,0.0,3929.717,0.02490918027939082
3934.08647821286,0.0,3930.182,0.016194565668864236
3934.5519954863444,0.0,3930.648,-0.005591905928645335
3935.017512759828,0.0,3931.11,0.09680458849421747
3935.4830300333124,0.0,3931.58,-0.027378377526154685
3935.948547306796,0.0,3932.041,0.011837193434794058
3936.41406458028,0.0,3932.51,-0.025199756337926482
3936.879581853764,0.0,3932.974,0.01837318685709244
3937.345099127248,0.0,3933.436,-0.027378377526154685
3937.8106164007318,0.0,3933.902,-0.18641980198863317
3938.276133674216,0.0,3934.366,-0.0164851417273999
3938.7416509477,0.0,3934.832,0.014015944480636033
3939.2071682211836,0.0,3935.295,-0.025199756337926482
3939.672685494668,0.0,3935.761,0.02055180804532064
3940.1382027681516,0.0,3936.229,0.009658572246565855
3940.603720041636,0.0,3936.695,-0.027378377526154685
3941.0692373151196,0.0,3937.155,0.007479951058337653
3941.5347545886034,0.0,3937.62,0.0031227086818812477
3942.0002718620876,0.0,3938.088,0.02055180804532064
3942.4657891355714,0.0,3938.551,-0.02955712857199666
3942.931306409055,0.0,3939.018,0.05541026648742675
3943.3968236825394,0.0,3939.48,-0.02302113514969828
3943.862340956023,0.0,3939.946,0.02490918027939082
3944.327858229507,0.0,3940.412,0.02055180804532064
3944.7933755029912,0.0,3940.878,-0.009949278162715514
3945.258892776475,0.0,3941.344,0.011837193434794058
3945.7244100499593,0.0,3941.809,0.02055180804532064
3946.189927323443,0.0,3942.273,0.022730559091162617
3946.655444596927,0.0,3942.739,0.01837318685709244
3947.120961870411,0.0,3943.203,0.031445043844075204
3947.586479143895,0.0,3943.669,-0.02302113514969828
3948.0519964173786,0.0,3944.129,0.029266422655847224
3948.517513690863,0.0,3944.599,-0.0164851417273999
3948.9830309643467,0.0,3945.062,0.02055180804532064
3949.4485482378304,0.0,3945.525,-0.020842513961470077
3949.9140655113147,0.0,3945.996,-0.02302113514969828
3950.3795827847985,0.0,3946.458,-0.02302113514969828
3950.8451000582827,0.0,3946.923,-0.3585330834380944
3951.3106173317665,0.0,3947.385,0.0031227086818812477
3951.7761346052503,0.0,3947.851,-0.027378377526154685
3952.2416518787345,0.0,3948.318,0.02708780146761902
3952.7071691522183,0.0,3948.784,-0.027378377526154685
3953.172686425702,0.0,3949.251,0.01837318685709244
3953.6382036991863,0.0,3949.709,0.0009439576360392721
3954.10372097267,0.0,3950.174,0.02490918027939082
3954.5692382461543,0.0,3950.639,-0.033914370948453065
3955.034755519638,0.0,3951.107,-0.04916497898127803
3955.500272793122,0.0,3951.57,-0.003413284740417133
3955.965790066606,0.0,3952.04,-0.03173574976022486
3956.43130734009,0.0,3952.502,0.037981037266373585
3956.8968246135737,0.0,3952.966,-0.027378377526154685
3957.362341887058,0.0,3953.436,0.02055180804532064
3957.8278591605417,0.0,3953.894,0.029266422655847224
3958.2933764340255,0.0,3954.366,0.02055180804532064
3958.7588937075097,0.0,3954.824,0.011837193434794058
3959.2244109809935,0.0,3955.289,0.02055180804532064
3959.6899282544778,0.0,3955.754,-0.025199756337926482
3960.1554455279615,0.0,3956.221,0.02490918027939082
3960.6209628014453,0.0,3956.687,-0.005591905928645335
3961.0864800749296,0.0,3957.152,-0.025199756337926482
3961.5519973484134,0.0,3957.618,0.022730559091162617
3962.017514621897,0.0,3958.081,-0.03609299213668127
3962.4830318953814,0.0,3958.551,0.011837193434794058
3962.948549168865,0.0,3959.011,-0.025199756337926482
3963.414066442349,0.0,3959.48,0.00530132987010945
3963.879583715833,0.0,3959.946,-0.027378377526154685
3964.345100989317,0.0,3960.405,-0.02302113514969828
3964.810618262801,0.0,3960.869,-0.027378377526154685
3965.276135536285,0.0,3961.336,0.016194565668864236
3965.7416528097688,0.0,3961.802,-0.027378377526154685
3966.207170083253,0.0,3962.266,-0.05787946373419062
3966.672687356737,0.0,3962.732,-0.02302113514969828
3967.1382046302206,0.0,3963.196,-0.08838054994222677
3967.603721903705,0.0,3963.662,0.05541026648742675
3968.0692391771886,0.0,3964.129,0.029266422655847224
3968.534756450673,0.0,3964.592,0.02490918027939082
3969.0002737241566,0.0,3965.055,-0.025199756337926482
3969.4657909976404,0.0,3965.525,0.01837318685709244
3969.9313082711246,0.0,3965.985,0.057588887675654954
3970.3968255446084,0.0,3966.455,0.0031227086818812477
3970.862342818092,0.0,3966.92,-0.025199756337926482
3971.3278600915764,0.0,3967.384,0.009658572246565855
3971.79337736506,0.0,3967.85,-0.03609299213668127
3972.258894638544,0.0,3968.314,-0.03609299213668127
3972.7244119120282,0.0,3968.78,0.029266422655847224
3973.189929185512,0.0,3969.244,0.029266422655847224
3973.6554464589963,0.0,3969.71,0.011837193434794058
3974.12096373248,0.0,3970.17,-0.02302113514969828
3974.586481005964,0.0,3970.635,-0.02302113514969828
3975.051998279448,0.0,3971.103,0.057588887675654954
3975.517515552932,0.0,3971.566,0.01837318685709244
3975.9830328264156,0.0,3972.029,0.22316617570281783
3976.4485500999,0.0,3972.499,-0.0164851417273999
3976.9140673733837,0.0,3972.96,0.011837193434794058
3977.3795846468674,0.0,3973.429,-0.005591905928645335
3977.8451019203517,0.0,3973.895,0.022730559091162617
3978.3106191938355,0.0,3974.355,-0.04480760674720785
3978.7761364673197,0.0,3974.82,-0.007770527116873316
3979.2416537408035,0.0,3975.284,-0.02302113514969828
3979.7071710142873,0.0,3975.749,-0.027378377526154685
3980.1726882877715,0.0,3976.214,-0.027378377526154685
3980.6382055612553,0.0,3976.68,0.02055180804532064
3981.103722834739,0.0,3977.152,-0.053522221357734434
3981.5692401082233,0.0,3977.611,-0.18424118080040497
3982.034757381707,0.0,3978.081,0.016194565668864236
3982.500274655191,0.0,3978.543,-0.0164851417273999
3982.965791928675,0.0,3979.004,0.01837318685709244
3983.431309202159,0.0,3979.473,-0.025199756337926482
3983.896826475643,0.0,3979.939,0.02490918027939082
3984.362343749127,0.0,3980.402,0.016194565668864236
3984.8278610226107,0.0,3980.868,-0.02302113514969828
3985.293378296095,0.0,3981.332,-0.0164851417273999
3985.7588955695787,0.0,3981.798,0.02055180804532064
3986.2244128430625,0.0,3982.262,0.029266422655847224
3986.6899301165467,0.0,3982.728,0.0031227086818812477
3987.1554473900305,0.0,3983.192,0.029266422655847224
3987.6209646635148,0.0,3983.658,-0.03173574976022486
3988.0864819369986,0.0,3984.121,0.02490918027939082
3988.5519992104823,0.0,3984.591,-0.04262898555897965
3989.0175164839666,0.0,3985.055,0.011837193434794058
3989.4830337574504,0.0,3985.517,-0.027378377526154685
3989.948551030934,0.0,3985.981,-0.003413284740417133
3990.4140683044184,0.0,3986.451,0.02055180804532064
3990.879585577902,0.0,3986.909,0.19702246172885207
3991.345102851386,0.0,3987.38,-0.0164851417273999
3991.81062012487,0.0,3987.846,0.057588887675654954
3992.276137398354,0.0,3988.31,0.029266422655847224
3992.741654671838,0.0,3988.769,0.02055180804532064
3993.207171945322,0.0,3989.236,0.029266422655847224
3993.6726892188058,0.0,3989.702,0.02055180804532064
3994.13820649229,0.0,3990.167,0.0031227086818812477
3994.603723765774,0.0,3990.633,-0.060058214780032815
3995.0692410392576,0.0,3991.096,0.01837318685709244
3995.534758312742,0.0,3991.559,-0.0164851417273999
3996.0002755862256,0.0,3992.029,-0.027378377526154685
3996.4657928597094,0.0,3992.492,-0.027378377526154685
3996.9313101331936,0.0,3992.955,0.01837318685709244
3997.3968274066774,0.0,3993.425,-0.025199756337926482
3997.8623446801616,0.0,3993.884,0.011837193434794058
3998.3278619536454,0.0,3994.351,0.02055180804532064
3998.793379227129,0.0,3994.817,0.02055180804532064
3999.2588965006134,0.0,3995.281,0.016194565668864236
3999.7244137740972,0.0,3995.747,-0.033914370948453065
4000.189931047581,0.0,3996.214,-0.0164851417273999
4000.6554483210653,0.0,3996.68,-0.018663892773242097
4001.120965594549,0.0,3997.14,-0.02302113514969828
4001.586482868033,0.0,3997.61,0.011837193434794058
4002.052000141517,0.0,3998.073,-0.05134360016950623
4002.517517415001,0.0,3998.536,0.19702246172885207
4002.983034688485,0.0,3999.004,-0.018663892773242097
4003.448551961969,0.0,3999.466,0.02055180804532064
4003.9140692354526,0.0,3999.932,0.01837318685709244
4004.379586508937,0.0,4000.395,-0.02302113514969828
4004.8451037824207,0.0,4000.86,0.06848212347440974
4005.3106210559044,0.0,4001.325,0.02055180804532064
4005.7761383293887,0.0,4001.791,-0.04480760674720785
4006.2416556028725,0.0,4002.258,0.011837193434794058
4006.7071728763567,0.0,4002.724,-0.025199756337926482
4007.1726901498405,0.0,4003.189,-0.0164851417273999
4007.6382074233243,0.0,4003.655,0.01837318685709244
4008.1037246968085,0.0,4004.118,-0.025199756337926482
4008.5692419702923,0.0,4004.58,-0.0164851417273999
4009.034759243776,0.0,4005.048,-0.0164851417273999
4009.5002765172603,0.0,4005.51,0.0336237948899174
4009.965793790744,0.0,4005.974,-0.027378377526154685
4010.431311064228,0.0,4006.444,0.029266422655847224
4010.896828337712,0.0,4006.909,-0.025199756337926482
4011.362345611196,0.0,4007.373,0.02055180804532064
4011.82786288468,0.0,4007.839,-0.027378377526154685
4012.293380158164,0.0,4008.299,0.02055180804532064
4012.7588974316477,0.0,4008.765,-0.027378377526154685
4013.224414705132,0.0,4009.23,-0.027378377526154685
4013.6899319786157,0.0,4009.695,-0.025199756337926482
4014.1554492520995,0.0,4010.162,-0.027378377526154685
4014.6209665255838,0.0,4010.628,0.0031227086818812477
4015.0864837990675,0.0,4011.092,-0.02955712857199666
4015.5520010725513,0.0,4011.555,0.01837318685709244
4016.0175183460356,0.0,4012.025,0.044517030688671966
4016.4830356195193,0.0,4012.488,0.011837193434794058
4016.9485528930036,0.0,4012.959,0.016194565668864236
4017.4140701664874,0.0,4013.414,0.009658572246565855
4017.879587439971,0.0,4013.88,-0.020842513961470077
4018.3451047134554,0.0,4014.344,-0.027378377526154685
4018.810621986939,0.0,4014.81,0.1839506047418693
4019.276139260423,0.0,4015.277,-0.025199756337926482
4019.741656533907,0.0,4015.743,0.029266422655847224
4020.207173807391,0.0,4016.208,0.0336237948899174
4020.672691080875,0.0,4016.674,0.01837318685709244
4021.138208354359,0.0,4017.137,0.0837327315072347
4021.603725627843,0.0,4017.599,0.01837318685709244
4022.069242901327,0.0,4018.07,0.0336237948899174
4022.534760174811,0.0,4018.532,0.011837193434794058
4023.0002774482946,0.0,4019.0,0.02055180804532064
4023.465794721779,0.0,4019.462,-0.04916497898127803
4023.9313119952626,0.0,4019.928,-0.018663892773242097
4024.3968292687464,0.0,4020.39,0.029266422655847224
4024.8623465422306,0.0,4020.856,-0.033914370948453065
4025.3278638157144,0.0,4021.321,0.0031227086818812477
4025.7933810891986,0.0,4021.788,0.022730559091162617
4026.2588983626824,0.0,4022.256,0.011837193434794058
4026.724415636166,0.0,4022.714,0.02490918027939082
4027.1899329096505,0.0,4023.186,0.02055180804532064
4027.6554501831342,0.0,4023.644,-0.005591905928645335
4028.120967456618,0.0,4024.114,0.02055180804532064
4028.5864847301023,0.0,4024.576,0.01837318685709244
4029.052002003586,0.0,4025.04,0.0031227086818812477
4029.51751927707,0.0,4025.51,-0.04480760674720785
4029.983036550554,0.0,4025.97,0.022730559091162617
4030.448553824038,0.0,4026.44,-0.07748731414347199
4030.914071097522,0.0,4026.906,0.02708780146761902
4031.379588371006,0.0,4027.369,-0.025199756337926482
4031.8451056444896,0.0,4027.835,0.016194565668864236
4032.310622917974,0.0,4028.3,0.011837193434794058
4032.7761401914577,0.0,4028.766,-0.02955712857199666
4033.2416574649415,0.0,4029.226,0.011837193434794058
4033.7071747384257,0.0,4029.691,0.022730559091162617
4034.1726920119095,0.0,4030.155,-0.027378377526154685
4034.6382092853933,0.0,4030.62,0.02055180804532064
4035.1037265588775,0.0,4031.088,0.044517030688671966
4035.5692438323613,0.0,4031.551,-0.025199756337926482
4036.0347611058455,0.0,4032.014,0.009658572246565855
4036.5002783793293,0.0,4032.484,0.1861292259300973
4036.965795652813,0.0,4032.955,-0.003413284740417133
4037.4313129262973,0.0,4033.41,-0.027378377526154685
4037.896830199781,0.0,4033.876,0.011837193434794058
4038.362347473265,0.0,4034.341,0.02055180804532064
4038.827864746749,0.0,4034.806,0.02055180804532064
4039.293382020233,0.0,4035.273,-0.14066823760538605
4039.758899293717,0.0,4035.739,0.02055180804532064
4040.224416567201,0.0,4036.204,-0.033914370948453065
4040.6899338406847,0.0,4036.67,-0.018663892773242097
4041.155451114169,0.0,4037.133,0.022730559091162617
4041.6209683876527,0.0,4037.595,-0.027378377526154685
4042.0864856611365,0.0,4038.063,-0.025199756337926482
4042.5520029346208,0.0,4038.526,0.19920108291708027
4043.0175202081045,0.0,4038.996,-0.027378377526154685
4043.4830374815883,0.0,4039.458,-0.0164851417273999
4043.9485547550726,0.0,4039.924,0.011837193434794058
4044.4140720285563,0.0,4040.387,-0.02955712857199666
4044.8795893020406,0.0,4040.852,0.06194613005211136
4045.3451065755244,0.0,4041.317,0.022730559091162617
4045.810623849008,0.0,4041.783,0.011837193434794058
4046.2761411224924,0.0,4042.248,-0.025199756337926482
4046.741658395976,0.0,4042.714,0.3212054277492242
4047.20717566946,0.0,4043.174,0.029266422655847224
4047.672692942944,0.0,4043.64,-0.07966606518931396
4048.138210216428,0.0,4044.108,-0.025199756337926482
4048.6037274899118,0.0,4044.57,-0.05787946373419062
4049.069244763396,0.0,4045.04,-0.02302113514969828
4049.53476203688,0.0,4045.502,-0.018663892773242097
4050.000279310364,0.0,4045.97,-0.009949278162715514
4050.465796583848,0.0,4046.432,0.029266422655847224
4050.9313138573316,0.0,4046.898,0.011837193434794058
4051.396831130816,0.0,4047.363,0.029266422655847224
4051.8623484042996,0.0,4047.829,-0.020842513961470077
4052.3278656777834,0.0,4048.295,0.011837193434794058
4052.7933829512676,0.0,4048.754,-0.009949278162715514
4053.2589002247514,0.0,4049.219,-0.025199756337926482
4053.7244174982357,0.0,4049.685,0.0837327315072347
4054.1899347717194,0.0,4050.152,-0.027378377526154685
4054.655452045203,0.0,4050.617,-0.018663892773242097
4055.1209693186875,0.0,4051.085,-0.025199756337926482
4055.5864865921712,0.0,4051.547,0.029266422655847224
4056.052003865655,0.0,4052.01,-0.025199756337926482
4056.5175211391393,0.0,4052.48,0.022730559091162617
4056.983038412623,0.0,4052.939,0.02490918027939082
4057.448555686107,0.0,4053.409,0.01837318685709244
4057.914072959591,0.0,4053.875,0.009658572246565855
4058.379590233075,0.0,4054.34,0.02055180804532064
4058.845107506559,0.0,4054.805,-0.025199756337926482
4059.310624780043,0.0,4055.271,0.07501811689670812
4059.7761420535267,0.0,4055.729,0.10116183087067387
4060.241659327011,0.0,4056.196,-0.04480760674720785
4060.7071766004947,0.0,4056.662,0.009658572246565855
4061.1726938739785,0.0,4057.125,-0.027378377526154685
4061.6382111474627,0.0,4057.595,0.02490918027939082
4062.1037284209465,0.0,4058.055,-0.02302113514969828
4062.5692456944303,0.0,4058.524,0.01837318685709244
4063.0347629679145,0.0,4058.988,-0.2713871970480566
4063.5002802413983,0.0,4059.451,0.02490918027939082
4063.9657975148825,0.0,4059.916,-0.025199756337926482
4064.4313147883663,0.0,4060.38,0.02490918027939082
4064.89683206185,0.0,4060.846,-0.02302113514969828
4065.3623493353343,0.0,4061.31,0.02490918027939082
4065.827866608818,0.0,4061.776,-0.027378377526154685
4066.293383882302,0.0,4062.241,-0.0164851417273999
4066.758901155786,0.0,4062.706,0.02055180804532064
4067.22441842927,0.0,4063.174,0.007479951058337653
4067.6899357027537,0.0,4063.639,0.009658572246565855
4068.155452976238,0.0,4064.1,-0.012127899350943716
4068.6209702497217,0.0,4064.569,0.02055180804532064
4069.086487523206,0.0,4065.029,0.009658572246565855
4069.5520047966897,0.0,4065.499,-0.025199756337926482
4070.0175220701735,0.0,4065.962,0.01837318685709244
4070.4830393436578,0.0,4066.425,0.06194613005211136
4070.9485566171415,0.0,4066.891,-0.020842513961470077
4071.4140738906253,0.0,4067.355,-0.038271743182523243
4071.8795911641096,0.0,4067.82,-0.027378377526154685
4072.3451084375934,0.0,4068.286,0.01837318685709244
4072.8106257110776,0.0,4068.751,0.02055180804532064
4073.2761429845614,0.0,4069.218,-0.012127899350943716
4073.741660258045,0.0,4069.684,0.0031227086818812477
4074.2071775315294,0.0,4070.144,0.007479951058337653
4074.672694805013,0.0,4070.613,0.02490918027939082
4075.138212078497,0.0,4071.074,0.02708780146761902
4075.603729351981,0.0,4071.544,-0.025199756337926482
4076.069246625465,0.0,4072.007,0.011837193434794058
4076.5347638989488,0.0,4072.47,-0.04262898555897965
4077.000281172433,0.0,4072.935,-0.018663892773242097
4077.465798445917,0.0,4073.406,-0.02302113514969828
4077.931315719401,0.0,4073.864,-0.07095145057878738
4078.396832992885,0.0,4074.329,-0.02302113514969828
4078.8623502663686,0.0,4074.794,-0.025199756337926482
4079.327867539853,0.0,4075.266,0.029266422655847224
4079.7933848133366,0.0,4075.724,0.022730559091162617
4080.2589020868204,0.0,4076.189,0.02055180804532064
4080.7244193603046,0.0,4076.655,0.21009431871583506
4081.1899366337884,0.0,4077.125,0.02055180804532064
4081.655453907272,0.0,4077.588,-0.0164851417273999
4082.1209711807564,0.0,4078.051,0.02708780146761902
4082.58648845424,0.0,4078.514,-0.025199756337926482
4083.0520057277245,0.0,4078.985,0.016194565668864236
4083.5175230012082,0.0,4079.447,-0.0164851417273999
4083.983040274692,0.0,4079.913,0.016194565668864236
4084.4485575481763,0.0,4080.379,-0.025199756337926482
4084.91407482166,0.0,4080.845,0.0031227086818812477
4085.379592095144,0.0,4081.31,0.029266422655847224
4085.845109368628,0.0,4081.776,0.02055180804532064
4086.310626642112,0.0,4082.241,-0.027378377526154685
4086.776143915596,0.0,4082.699,-0.033914370948453065
4087.24166118908,0.0,4083.166,0.02055180804532064
4087.7071784625637,0.0,4083.632,-0.018663892773242097
4088.172695736048,0.0,4084.1,-0.03609299213668127
4088.6382130095317,0.0,4084.562,-0.025199756337926482
4089.1037302830155,0.0,4085.025,0.01837318685709244
4089.5692475564997,0.0,4085.495,0.11423381771527064
4090.0347648299835,0.0,4085.955,-0.027378377526154685
4090.5002821034673,0.0,4086.425,0.02055180804532064
4090.9657993769515,0.0,4086.891,0.011837193434794058
4091.4313166504353,0.0,4087.355,0.029266422655847224
4091.8968339239195,0.0,4087.821,-0.027378377526154685
4092.3623511974033,0.0,4088.281,0.02055180804532064
4092.827868470887,0.0,4088.746,0.011837193434794058
4093.2933857443713,0.0,4089.211,-0.16027608801466742
4093.758903017855,0.0,4089.677,-0.027378377526154685
4094.224420291339,0.0,4090.14,-0.027378377526154685
4094.689937564823,0.0,4090.61,0.02055180804532064
4095.155454838307,0.0,4091.073,-0.08402330756577037
4095.6209721117907,0.0,4091.536,0.01837318685709244
4096.086489385275,0.0,4091.999,-0.027378377526154685
4096.552006658759,0.0,4092.469,0.01837318685709244
4097.0175239322425,0.0,4092.935,0.07501811689670812
4097.483041205726,0.0,4093.398,-0.027378377526154685
4097.948558479211,0.0,4093.864,0.02055180804532064
4098.414075752695,0.0,4094.329,-0.05134360016950623
4098.879593026179,0.0,4094.795,-0.018663892773242097
4099.345110299662,0.0,4095.259,-0.03609299213668127
4099.810627573146,0.0,4095.725,0.02490918027939082
4100.276144846631,0.0,4096.185,0.01837318685709244
4100.741662120115,0.0,4096.65,-0.027378377526154685
4101.207179393598,0.0,4097.118,-0.027378377526154685
4101.672696667082,0.0,4097.581,0.059767508863883156
4102.138213940566,0.0,4098.044,-0.07530869295524378
4102.60373121405,0.0,4098.514,0.022730559091162617
4103.069248487534,0.0,4098.974,-0.02302113514969828
4103.534765761018,0.0,4099.444,0.02708780146761902
4104.000283034502,0.0,4099.909,-0.02955712857199666
4104.465800307986,0.0,4100.373,0.011837193434794058
4104.93131758147,0.0,4100.838,-0.02302113514969828
4105.396834854954,0.0,4101.303,0.00530132987010945
4105.862352128438,0.0,4101.768,-0.025199756337926482
4106.327869401922,0.0,4102.233,-0.005591905928645335
4106.793386675406,0.0,4102.699,0.0793753592731643
4107.258903948889,0.0,4103.163,0.029266422655847224
4107.724421222373,0.0,4103.629,0.0009439576360392721
4108.189938495858,0.0,4104.092,-0.02302113514969828
4108.655455769342,0.0,4104.554,-0.20167041002145814
4109.120973042825,0.0,4105.025,0.01837318685709244
4109.586490316309,0.0,4105.488,0.00530132987010945
4110.052007589793,0.0,4105.959,0.02055180804532064
4110.517524863278,0.0,4106.414,0.02055180804532064
4110.9830421367615,0.0,4106.88,-0.027378377526154685
4111.448559410245,0.0,4107.347,0.0031227086818812477
4111.914076683729,0.0,4107.813,-0.0164851417273999
4112.379593957213,0.0,4108.277,-0.027378377526154685
4112.8451112306975,0.0,4108.743,0.01837318685709244
4113.310628504181,0.0,4109.207,-0.07966606518931396
4113.776145777665,0.0,4109.673,0.01837318685709244
4114.241663051149,0.0,4110.136,-0.055700842545962415
4114.707180324633,0.0,4110.599,0.029266422655847224
4115.172697598116,0.0,4111.07,0.029266422655847224
4115.638214871601,0.0,4111.532,0.016194565668864236
4116.103732145085,0.0,4111.996,0.059767508863883156
4116.569249418569,0.0,4112.466,-0.038271743182523243
4117.0347666920525,0.0,4112.924,-0.025199756337926482
4117.500283965536,0.0,4113.395,0.011837193434794058
4117.965801239021,0.0,4113.86,-0.025199756337926482
4118.431318512505,0.0,4114.325,-0.025199756337926482
4118.8968357859885,0.0,4114.791,0.022730559091162617
4119.362353059472,0.0,4115.256,0.022730559091162617
4119.827870332956,0.0,4115.714,0.029266422655847224
4120.29338760644,0.0,4116.181,0.0031227086818812477
4120.758904879925,0.0,4116.647,0.01837318685709244
4121.224422153408,0.0,4117.115,0.022730559091162617
4121.689939426892,0.0,4117.578,-0.04916497898127803
4122.155456700376,0.0,4118.041,0.016194565668864236
4122.62097397386,0.0,4118.51,-0.08838054994222677
4123.086491247344,0.0,4118.974,0.02055180804532064
4123.552008520828,0.0,4119.436,-0.0164851417273999
4124.017525794312,0.0,4119.902,-0.009949278162715514
4124.483043067796,0.0,4120.366,-0.0164851417273999
4124.9485603412795,0.0,4120.832,0.022730559091162617
4125.414077614763,0.0,4121.298,-0.02955712857199666
4125.879594888248,0.0,4121.764,0.02708780146761902
4126.345112161732,0.0,4122.229,0.02708780146761902
4126.810629435216,0.0,4122.695,0.029266422655847224
4127.276146708699,0.0,4123.159,0.029266422655847224
4127.741663982183,0.0,4123.625,-0.027378377526154685
4128.207181255668,0.0,4124.088,0.022730559091162617
4128.672698529152,0.0,4124.551,0.16869999670904434
4129.138215802635,0.0,4125.018,-0.02302113514969828
4129.603733076119,0.0,4125.48,-0.027378377526154685
4130.069250349603,0.0,4125.946,0.022730559091162617
4130.534767623087,0.0,4126.412,0.022730559091162617
4131.000284896571,0.0,4126.878,0.007479951058337653
4131.465802170055,0.0,4127.345,-0.005591905928645335
4131.931319443539,0.0,4127.81,-0.027378377526154685
4132.396836717023,0.0,4128.27,0.0336237948899174
4132.862353990507,0.0,4128.736,0.02490918027939082
4133.327871263991,0.0,4129.199,0.029266422655847224
4133.793388537475,0.0,4129.665,-0.13413224418308767
4134.258905810959,0.0,4130.129,0.0009439576360392721
4134.724423084443,0.0,4130.599,-0.025199756337926482
4135.189940357926,0.0,4131.062,0.029266422655847224
4135.65545763141,0.0,4131.525,-0.027378377526154685
4136.120974904895,0.0,4131.996,-0.027378377526154685
4136.586492178379,0.0,4132.458,0.0336237948899174
4137.052009451862,0.0,4132.924,0.022730559091162617
4137.517526725346,0.0,4133.387,-0.027378377526154685
4137.98304399883,0.0,4133.853,0.02490918027939082
4138.448561272315,0.0,4134.318,0.022730559091162617
4138.9140785457985,0.0,4134.783,0.007479951058337653
4139.379595819282,0.0,4135.248,-0.009949278162715514
4139.845113092766,0.0,4135.714,-0.027378377526154685
4140.31063036625,0.0,4136.174,0.0031227086818812477
4140.776147639734,0.0,4136.64,0.0031227086818812477
4141.241664913218,0.0,4137.111,-0.02302113514969828
4141.707182186702,0.0,4137.573,-0.005591905928645335
4142.172699460186,0.0,4138.041,0.0031227086818812477
4142.63821673367,0.0,4138.503,0.029266422655847224
4143.103734007153,0.0,4138.966,-0.02302113514969828
4143.569251280638,0.0,4139.436,0.011837193434794058
4144.034768554122,0.0,4139.894,-0.012127899350943716
4144.500285827606,0.0,4140.366,0.0031227086818812477
4144.9658031010895,0.0,4140.824,0.014015944480636033
4145.431320374573,0.0,4141.289,-0.2583152102034598
4145.896837648058,0.0,4141.755,-0.025199756337926482
4146.362354921542,0.0,4142.222,0.009658572246565855
4146.8278721950255,0.0,4142.687,-0.02955712857199666
4147.293389468509,0.0,4143.152,-0.025199756337926482
4147.758906741993,0.0,4143.618,0.022730559091162617
4148.224424015477,0.0,4144.081,-0.060058214780032815
4148.689941288962,0.0,4144.544,0.02055180804532064
4149.155458562445,0.0,4145.014,-0.0164851417273999
4149.620975835929,0.0,4145.477,0.02055180804532064
4150.086493109413,0.0,4145.943,0.011837193434794058
4150.552010382897,0.0,4146.406,0.02708780146761902
4151.017527656381,0.0,4146.872,0.009658572246565855
4151.483044929865,0.0,4147.337,-0.038271743182523243
4151.948562203349,0.0,4147.802,-0.020842513961470077
4152.414079476833,0.0,4148.27,-0.027378377526154685
4152.8795967503165,0.0,4148.736,0.029266422655847224
4153.3451140238,0.0,4149.2,0.02708780146761902
4153.810631297285,0.0,4149.659,0.029266422655847224
4154.276148570769,0.0,4150.129,-0.027378377526154685
4154.741665844253,0.0,4150.591,0.029266422655847224
4155.207183117736,0.0,4151.059,0.011837193434794058
4155.67270039122,0.0,4151.521,0.01837318685709244
4156.138217664705,0.0,4151.985,-0.0164851417273999
4156.603734938189,0.0,4152.455,-0.003413284740417133
4157.069252211672,0.0,4152.92,-0.027378377526154685
4157.534769485156,0.0,4153.384,0.02055180804532064
4158.00028675864,0.0,4153.849,-0.027378377526154685
4158.465804032124,0.0,4154.314,-0.027378377526154685
4158.931321305608,0.0,4154.78,0.02055180804532064
4159.396838579092,0.0,4155.24,-0.027378377526154685
4159.862355852576,0.0,4155.706,0.011837193434794058
4160.32787312606,0.0,4156.17,-0.03609299213668127
4160.793390399544,0.0,4156.636,0.022730559091162617
4161.258907673028,0.0,4157.099,-0.027378377526154685
4161.724424946512,0.0,4157.57,-0.02302113514969828
4162.189942219996,0.0,4158.033,0.037981037266373585
4162.65545949348,0.0,4158.495,0.011837193434794058
4163.120976766963,0.0,4158.959,0.05541026648742675
4163.586494040447,0.0,4159.429,-0.027378377526154685
4164.052011313932,0.0,4159.894,0.31031219195046966
4164.517528587416,0.0,4160.359,0.02055180804532064
4164.983045860899,0.0,4160.825,0.011837193434794058
4165.448563134383,0.0,4161.285,-0.027378377526154685
4165.914080407867,0.0,4161.751,0.02490918027939082
4166.379597681352,0.0,4162.218,-0.04262898555897965
4166.8451149548355,0.0,4162.684,0.009658572246565855
4167.310632228319,0.0,4163.144,0.00530132987010945
4167.776149501803,0.0,4163.614,-0.03609299213668127
4168.241666775287,0.0,4164.077,0.02055180804532064
4168.707184048771,0.0,4164.54,0.02055180804532064
4169.172701322255,0.0,4165.01,0.00530132987010945
4169.638218595739,0.0,4165.473,-0.027378377526154685
4170.103735869223,0.0,4165.939,0.02490918027939082
4170.569253142707,0.0,4166.402,-0.033914370948453065
4171.03477041619,0.0,4166.868,-0.033914370948453065
4171.500287689675,0.0,4167.332,-0.0012346635521889304
4171.965804963159,0.0,4167.798,0.02490918027939082
4172.431322236643,0.0,4168.263,0.022730559091162617
4172.8968395101265,0.0,4168.729,-0.07966606518931396
4173.36235678361,0.0,4169.196,0.009658572246565855
4173.827874057094,0.0,4169.654,0.029266422655847224
4174.293391330579,0.0,4170.122,0.07283949570847992
4174.7589086040625,0.0,4170.584,0.011837193434794058
4175.224425877546,0.0,4171.055,0.011837193434794058
4175.68994315103,0.0,4171.517,-0.0012346635521889304
4176.155460424514,0.0,4171.985,-0.02955712857199666
4176.620977697999,0.0,4172.447,-0.0164851417273999
4177.086494971482,0.0,4172.913,0.05541026648742675
4177.552012244966,0.0,4173.379,-0.025199756337926482
4178.01752951845,0.0,4173.845,0.05541026648742675
4178.483046791934,0.0,4174.31,0.02055180804532064
4178.948564065418,0.0,4174.769,0.02055180804532064
4179.414081338902,0.0,4175.236,0.0031227086818812477
4179.879598612386,0.0,4175.702,0.0031227086818812477
4180.34511588587,0.0,4176.167,-0.3040669044443207
4180.8106331593535,0.0,4176.633,-0.025199756337926482
4181.276150432837,0.0,4177.095,0.022730559091162617
4181.741667706322,0.0,4177.565,-0.0164851417273999
4182.207184979806,0.0,4178.026,-0.0164851417273999
4182.67270225329,0.0,4178.495,0.0837327315072347
4183.138219526773,0.0,4178.955,-0.04262898555897965
4183.603736800257,0.0,4179.425,-0.005591905928645335
4184.069254073742,0.0,4179.89,0.02055180804532064
4184.534771347226,0.0,4180.354,0.0031227086818812477
4185.000288620709,0.0,4180.821,-0.027378377526154685
4185.465805894193,0.0,4181.281,0.0336237948899174
4185.931323167677,0.0,4181.746,0.01837318685709244
4186.396840441161,0.0,4182.212,-0.027378377526154685
4186.862357714645,0.0,4182.677,-0.003413284740417133
4187.327874988129,0.0,4183.14,-0.020842513961470077
4187.793392261613,0.0,4183.61,0.029266422655847224
4188.258909535097,0.0,4184.074,-0.033914370948453065
4188.724426808581,0.0,4184.536,0.15780676091028956
4189.189944082065,0.0,4185.0,-0.02955712857199666
4189.655461355549,0.0,4185.47,0.011837193434794058
4190.120978629033,0.0,4185.935,-0.027378377526154685
4190.586495902517,0.0,4186.398,0.02490918027939082
4191.052013176,0.0,4186.864,-0.005591905928645335
4191.517530449484,0.0,4187.329,0.037981037266373585
4191.983047722969,0.0,4187.795,-0.020842513961470077
4192.448564996453,0.0,4188.259,-0.033914370948453065
4192.914082269936,0.0,4188.725,0.02490918027939082
4193.37959954342,0.0,4189.185,0.016194565668864236
4193.845116816904,0.0,4189.65,-0.0164851417273999
4194.310634090389,0.0,4190.114,0.011837193434794058
4194.7761513638725,0.0,4190.584,0.10116183087067387
4195.241668637356,0.0,4191.044,-0.03173574976022486
4195.70718591084,0.0,4191.515,0.0031227086818812477
4196.172703184324,0.0,4191.977,-0.020842513961470077
4196.638220457808,0.0,4192.44,0.029266422655847224
4197.103737731292,0.0,4192.906,0.15344938867621938
4197.569255004776,0.0,4193.37,0.02708780146761902
4198.03477227826,0.0,4193.835,-0.027378377526154685
4198.500289551744,0.0,4194.3,-0.025199756337926482
4198.965806825227,0.0,4194.766,-0.02302113514969828
4199.431324098712,0.0,4195.23,-0.025199756337926482
4199.896841372196,0.0,4195.696,0.02055180804532064
4200.36235864568,0.0,4196.162,-0.027378377526154685
4200.8278759191635,0.0,4196.628,0.029266422655847224
4201.293393192647,0.0,4197.092,-0.025199756337926482
4201.758910466131,0.0,4197.554,0.02055180804532064
4202.224427739616,0.0,4198.025,0.02490918027939082
4202.6899450130995,0.0,4198.488,0.016194565668864236
4203.155462286583,0.0,4198.959,0.02055180804532064
4203.620979560067,0.0,4199.414,0.009658572246565855
4204.086496833551,0.0,4199.879,-0.003413284740417133
4204.552014107036,0.0,4200.344,0.02055180804532064
4205.017531380519,0.0,4200.809,-0.027378377526154685
4205.483048654003,0.0,4201.281,-0.02302113514969828
4205.948565927487,0.0,4201.746,-0.025199756337926482
4206.414083200971,0.0,4202.211,-0.0164851417273999
4206.8796004744545,0.0,4202.67,0.02055180804532064
4207.345117747939,0.0,4203.14,0.011837193434794058
4207.810635021423,0.0,4203.603,0.037981037266373585
4208.276152294907,0.0,4204.07,0.029266422655847224
4208.7416695683905,0.0,4204.532,0.02055180804532064
4209.207186841874,0.0,4204.996,0.011837193434794058
4209.672704115359,0.0,4205.466,-0.025199756337926482
4210.138221388843,0.0,4205.924,-0.03173574976022486
4210.603738662327,0.0,4206.394,0.016194565668864236
4211.06925593581,0.0,4206.86,-0.018663892773242097
4211.534773209294,0.0,4207.325,-0.0164851417273999
4212.000290482779,0.0,4207.784,0.347349271580804
4212.465807756263,0.0,4208.256,0.0009439576360392721
4212.931325029746,0.0,4208.714,0.02708780146761902
4213.39684230323,0.0,4209.181,0.029266422655847224
4213.862359576714,0.0,4209.647,0.009658572246565855
4214.327876850198,0.0,4210.115,0.01837318685709244
4214.793394123682,0.0,4210.577,-0.018663892773242097
4215.258911397166,0.0,4211.04,0.029266422655847224
4215.72442867065,0.0,4211.51,-0.033914370948453065
4216.189945944134,0.0,4211.974,0.0009439576360392721
4216.655463217618,0.0,4212.436,-0.0164851417273999
4217.120980491102,0.0,4212.902,-0.005591905928645335
4217.586497764586,0.0,4213.366,-0.02302113514969828
4218.05201503807,0.0,4213.831,-0.0164851417273999
4218.517532311554,0.0,4214.295,-0.027378377526154685
4218.983049585037,0.0,4214.761,0.016194565668864236
4219.448566858521,0.0,4215.229,0.029266422655847224
4219.914084132006,0.0,4215.694,0.02490918027939082
4220.37960140549,0.0,4216.159,0.029266422655847224
4220.845118678973,0.0,4216.625,-0.025199756337926482
4221.310635952457,0.0,4217.088,0.02708780146761902
4221.776153225941,0.0,4217.551,-0.02955712857199666
4222.241670499426,0.0,4218.019,-0.027378377526154685
4222.7071877729095,0.0,4218.481,-0.0164851417273999
4223.172705046393,0.0,4218.947,0.031445043844075204
4223.638222319877,0.0,4219.411,0.0031227086818812477
4224.103739593361,0.0,4219.877,-0.08402330756577037
4224.569256866845,0.0,4220.344,0.011837193434794058
4225.034774140329,0.0,4220.81,-0.24960059559293324
4225.500291413813,0.0,4221.274,0.01837318685709244
4225.965808687297,0.0,4221.74,-0.027378377526154685
4226.431325960781,0.0,4222.199,0.00530132987010945
4226.896843234264,0.0,4222.665,0.022730559091162617
4227.362360507749,0.0,4223.133,0.016194565668864236
4227.827877781233,0.0,4223.595,-0.02955712857199666
4228.293395054717,0.0,4224.059,0.02055180804532064
4228.7589123282005,0.0,4224.529,0.16869999670904434
4229.224429601684,0.0,4224.992,-0.07966606518931396
4229.689946875168,0.0,4225.455,0.0031227086818812477
4230.155464148653,0.0,4225.92,-0.025199756337926482
4230.6209814221365,0.0,4226.384,-0.012127899350943716
4231.08649869562,0.0,4226.849,0.05105289425335657
4231.552015969104,0.0,4227.314,0.029266422655847224
4232.017533242588,0.0,4227.78,0.01837318685709244
4232.483050516073,0.0,4228.247,0.02055180804532064
4232.948567789556,0.0,4228.713,-0.027378377526154685
4233.41408506304,0.0,4229.178,-0.03173574976022486
4233.879602336524,0.0,4229.643,-0.018663892773242097
4234.345119610008,0.0,4230.107,0.01837318685709244
4234.8106368834915,0.0,4230.569,-0.025199756337926482
4235.276154156976,0.0,4231.04,-0.025199756337926482
4235.74167143046,0.0,4231.502,0.029266422655847224
4236.207188703944,0.0,4231.966,-0.027378377526154685
4236.6727059774275,0.0,4232.429,0.02490918027939082
4237.138223250911,0.0,4232.894,0.016194565668864236
4237.603740524396,0.0,4233.362,0.02055180804532064
4238.06925779788,0.0,4233.827,0.022730559091162617
4238.534775071364,0.0,4234.293,-0.027378377526154685
4239.000292344847,0.0,4234.758,-0.0164851417273999
4239.465809618331,0.0,4235.226,-0.03173574976022486
4239.931326891815,0.0,4235.684,-0.0164851417273999
4240.3968441653,0.0,4236.152,-0.02302113514969828
4240.862361438783,0.0,4236.617,-0.027378377526154685
4241.327878712267,0.0,4237.085,-0.03173574976022486
4241.793395985751,0.0,4237.547,0.01837318685709244
4242.258913259235,0.0,4238.01,-0.04262898555897965
4242.724430532719,0.0,4238.48,0.016194565668864236
4243.189947806203,0.0,4238.939,0.0009439576360392721
4243.655465079687,0.0,4239.409,0.02055180804532064
4244.120982353171,0.0,4239.875,0.02055180804532064
4244.586499626655,0.0,4240.34,0.022730559091162617
4245.052016900138,0.0,4240.805,-0.027378377526154685
4245.517534173623,0.0,4241.27,-0.046986227935436053
4245.983051447107,0.0,4241.735,0.057588887675654954
4246.448568720591,0.0,4242.2,-0.012127899350943716
4246.914085994074,0.0,4242.665,0.02055180804532064
4247.379603267558,0.0,4243.129,-0.05134360016950623
4247.845120541043,0.0,4243.591,0.04015965845460179
4248.310637814527,0.0,4244.059,0.029266422655847224
4248.7761550880105,0.0,4244.522,0.02055180804532064
4249.241672361494,0.0,4244.985,-0.018663892773242097
4249.707189634978,0.0,4245.455,0.029266422655847224
4250.172706908463,0.0,4245.92,-0.012127899350943716
4250.6382241819465,0.0,4246.383,0.016194565668864236
4251.10374145543,0.0,4246.849,-0.012127899350943716
4251.569258728914,0.0,4247.314,-0.027378377526154685
4252.034776002398,0.0,4247.78,0.0815539804613925
4252.500293275882,0.0,4248.244,-0.027378377526154685
4252.965810549366,0.0,4248.709,0.037981037266373585
4253.43132782285,0.0,4249.174,0.022730559091162617
4253.896845096334,0.0,4249.64,0.01837318685709244
4254.362362369818,0.0,4250.103,-0.02955712857199666
4254.8278796433015,0.0,4250.565,-0.0012346635521889304
4255.293396916786,0.0,4251.033,0.02055180804532064
4255.75891419027,0.0,4251.495,0.01837318685709244
4256.224431463754,0.0,4251.959,0.02055180804532064
4256.6899487372375,0.0,4252.429,-0.02955712857199666
4257.155466010721,0.0,4252.895,0.01837318685709244
4257.620983284205,0.0,4253.354,0.2427740261120992
4258.08650055769,0.0,4253.82,-0.02302113514969828
4258.5520178311735,0.0,4254.285,-0.0164851417273999
4259.017535104657,0.0,4254.751,0.016194565668864236
4259.483052378141,0.0,4255.218,-0.04480760674720785
4259.948569651625,0.0,4255.684,0.06630350228618154
4260.41408692511,0.0,4256.144,0.044517030688671966
4260.879604198593,0.0,4256.614,-0.027378377526154685
4261.345121472077,0.0,4257.077,0.016194565668864236
4261.810638745561,0.0,4257.539,0.01837318685709244
4262.276156019045,0.0,4258.01,0.009658572246565855
4262.7416732925285,0.0,4258.473,-0.027378377526154685
4263.207190566013,0.0,4258.939,0.01837318685709244
4263.672707839497,0.0,4259.402,-0.0164851417273999
4264.138225112981,0.0,4259.869,0.022730559091162617
4264.603742386465,0.0,4260.332,-0.038271743182523243
4265.069259659948,0.0,4260.798,0.02490918027939082
4265.534776933433,0.0,4261.262,0.011837193434794058
4266.000294206917,0.0,4261.728,0.01837318685709244
4266.465811480401,0.0,4262.193,0.016194565668864236
4266.931328753884,0.0,4262.659,-0.025199756337926482
4267.396846027368,0.0,4263.122,0.022730559091162617
4267.862363300852,0.0,4263.584,0.022730559091162617
4268.327880574337,0.0,4264.055,0.02055180804532064
4268.79339784782,0.0,4264.517,-0.025199756337926482
4269.258915121304,0.0,4264.981,0.0009439576360392721
4269.724432394788,0.0,4265.451,0.16652137552081614
4270.189949668272,0.0,4265.909,0.19920108291708027
4270.6554669417565,0.0,4266.38,0.04669565187690017
4271.12098421524,0.0,4266.846,0.02055180804532064
4271.586501488724,0.0,4267.31,0.02055180804532064
4272.052018762208,0.0,4267.769,0.011837193434794058
4272.517536035692,0.0,4268.234,0.059767508863883156
4272.983053309175,0.0,4268.699,-0.018663892773242097
4273.44857058266,0.0,4269.166,0.031445043844075204
4273.914087856144,0.0,4269.632,-0.025199756337926482
4274.379605129628,0.0,4270.095,0.02055180804532064
4274.845122403111,0.0,4270.566,-0.0164851417273999
4275.310639676595,0.0,4271.026,0.011837193434794058
4275.77615695008,0.0,4271.495,0.1316629170787098
4276.241674223564,0.0,4271.956,-0.027378377526154685
4276.7071914970475,0.0,4272.426,0.022730559091162617
4277.172708770531,0.0,4272.884,0.016194565668864236
4277.638226044015,0.0,4273.352,0.01837318685709244
4278.103743317499,0.0,4273.817,-0.027378377526154685
4278.5692605909835,0.0,4274.284,-0.003413284740417133
4279.034777864467,0.0,4274.75,-0.027378377526154685
4279.500295137951,0.0,4275.214,0.029266422655847224
4279.965812411435,0.0,4275.68,-0.027378377526154685
4280.431329684919,0.0,4276.14,-0.02302113514969828
4280.896846958403,0.0,4276.61,0.029266422655847224
4281.362364231887,0.0,4277.074,-0.02955712857199666
4281.827881505371,0.0,4277.536,0.2362381625474146
4282.293398778855,0.0,4277.999,0.227523547936888
4282.7589160523385,0.0,4278.469,0.0031227086818812477
4283.224433325823,0.0,4278.935,0.0837327315072347
4283.689950599307,0.0,4279.398,-0.03173574976022486
4284.155467872791,0.0,4279.863,0.02490918027939082
4284.6209851462745,0.0,4280.33,-0.027378377526154685
4285.086502419758,0.0,4280.795,0.029266422655847224
4285.552019693242,0.0,4281.255,0.0031227086818812477
4286.017536966727,0.0,4281.721,-0.025199756337926482
4286.483054240211,0.0,4282.189,-0.02302113514969828
4286.948571513694,0.0,4282.654,0.031445043844075204
4287.414088787178,0.0,4283.114,-0.033914370948453065
4287.879606060662,0.0,4283.584,0.029266422655847224
4288.345123334147,0.0,4284.047,-0.025199756337926482
4288.81064060763,0.0,4284.51,0.02708780146761902
4289.276157881114,0.0,4284.974,-0.02955712857199666
4289.741675154598,0.0,4285.443,0.011837193434794058
4290.207192428082,0.0,4285.909,-0.027378377526154685
4290.6727097015655,0.0,4286.373,0.011837193434794058
4291.13822697505,0.0,4286.839,-0.04480760674720785
4291.603744248534,0.0,4287.303,0.02055180804532064
4292.069261522018,0.0,4287.768,-0.02302113514969828
4292.534778795502,0.0,4288.233,-0.025199756337926482
4293.000296068985,0.0,4288.698,0.04669565187690017
4293.46581334247,0.0,4289.163,-0.020842513961470077
4293.931330615954,0.0,4289.628,0.02055180804532064
4294.396847889438,0.0,4290.096,0.022730559091162617
4294.862365162921,0.0,4290.558,0.011837193434794058
4295.327882436405,0.0,4291.022,0.057588887675654954
4295.793399709889,0.0,4291.485,0.016194565668864236
4296.258916983374,0.0,4291.955,0.016194565668864236
4296.724434256857,0.0,4292.418,-0.03609299213668127
4297.189951530341,0.0,4292.883,-0.0012346635521889304
4297.655468803825,0.0,4293.344,0.029266422655847224
4298.120986077309,0.0,4293.81,-0.027378377526154685
4298.5865033507935,0.0,4294.274,-0.027378377526154685
4299.052020624277,0.0,4294.74,0.02055180804532064
4299.517537897761,0.0,4295.206,-0.027378377526154685
4299.983055171245,0.0,4295.672,0.02055180804532064
4300.448572444729,0.0,4296.14,0.2972403349634867
4300.914089718212,0.0,4296.603,0.02708780146761902
4301.379606991697,0.0,4297.066,0.07501811689670812
4301.845124265181,0.0,4297.529,0.009658572246565855
4302.310641538665,0.0,4298.0,0.01837318685709244
4302.776158812148,0.0,4298.462,-0.027378377526154685
4303.241676085632,0.0,4298.928,0.6131445627002154
4303.707193359117,0.0,4299.39,0.031445043844075204
4304.172710632601,0.0,4299.856,0.011837193434794058
4304.6382279060845,0.0,4300.321,-0.03609299213668127
4305.103745179568,0.0,4300.787,0.029266422655847224
4305.569262453052,0.0,4301.252,0.035802416078145605
4306.034779726536,0.0,4301.718,0.02708780146761902
4306.5002970000205,0.0,4302.185,0.01837318685709244
4306.965814273504,0.0,4302.65,0.029266422655847224
4307.431331546988,0.0,4303.114,0.014015944480636033
4307.896848820472,0.0,4303.576,0.01837318685709244
4308.362366093956,0.0,4304.044,0.022730559091162617
4308.82788336744,0.0,4304.507,-0.0164851417273999
4309.293400640924,0.0,4304.97,0.044517030688671966
4309.758917914408,0.0,4305.44,-0.02302113514969828
4310.224435187892,0.0,4305.905,-0.07095145057878738
4310.6899524613755,0.0,4306.37,-0.025199756337926482
4311.155469734859,0.0,4306.836,0.011837193434794058
4311.620987008344,0.0,4307.295,-0.0164851417273999
4312.086504281828,0.0,4307.761,0.02055180804532064
4312.5520215553115,0.0,4308.226,0.02708780146761902
4313.017538828795,0.0,4308.692,-0.08838054994222677
4313.483056102279,0.0,4309.159,0.029266422655847224
4313.948573375764,0.0,4309.625,-0.027378377526154685
4314.414090649248,0.0,4310.085,0.0009439576360392721
4314.879607922731,0.0,4310.554,-0.040450364370751446
4315.345125196215,0.0,4311.018,0.022730559091162617
4315.810642469699,0.0,4311.48,0.0031227086818812477
4316.276159743184,0.0,4311.946,-0.038271743182523243
4316.741677016667,0.0,4312.412,-0.007770527116873316
4317.207194290151,0.0,4312.878,-0.025199756337926482
4317.672711563635,0.0,4313.344,0.031445043844075204
4318.138228837119,0.0,4313.809,0.01837318685709244
4318.6037461106025,0.0,4314.27,-0.018663892773242097
4319.069263384087,0.0,4314.735,0.014015944480636033
4319.534780657571,0.0,4315.199,0.029266422655847224
4320.000297931055,0.0,4315.665,0.02055180804532064
4320.465815204539,0.0,4316.129,0.02708780146761902
4320.931332478022,0.0,4316.599,-0.027378377526154685
4321.396849751507,0.0,4317.062,0.011837193434794058
4321.862367024991,0.0,4317.525,0.009658572246565855
4322.327884298475,0.0,4317.996,-0.025199756337926482
4322.793401571958,0.0,4318.458,0.13602028931277999
4323.258918845442,0.0,4318.924,0.022730559091162617
4323.724436118926,0.0,4319.386,-0.14284685879361425
4324.189953392411,0.0,4319.852,-0.027378377526154685
4324.655470665894,0.0,4320.314,-0.025199756337926482
4325.120987939378,0.0,4320.78,0.016194565668864236
4325.586505212862,0.0,4321.244,0.016194565668864236
4326.052022486346,0.0,4321.71,-0.027378377526154685
4326.5175397598305,0.0,4322.177,0.029266422655847224
4326.983057033314,0.0,4322.643,-0.027378377526154685
4327.448574306798,0.0,4323.107,0.016194565668864236
4327.914091580282,0.0,4323.569,-0.027378377526154685
4328.379608853766,0.0,4324.04,-0.027378377526154685
4328.845126127249,0.0,4324.503,0.029266422655847224
4329.310643400734,0.0,4324.966,-0.02302113514969828
4329.776160674218,0.0,4325.436,0.029266422655847224
4330.241677947702,0.0,4325.894,0.029266422655847224
4330.707195221185,0.0,4326.366,0.029266422655847224
4331.172712494669,0.0,4326.824,0.011837193434794058
4331.638229768154,0.0,4327.296,-0.012127899350943716
4332.103747041638,0.0,4327.754,-0.12323900838433288
4332.5692643151215,0.0,4328.219,-0.04480760674720785
4333.034781588605,0.0,4328.685,-0.025199756337926482
4333.500298862089,0.0,4329.152,-0.04262898555897965
4333.965816135573,0.0,4329.617,-0.0164851417273999
4334.4313334090575,0.0,4330.085,-0.025199756337926482
4334.896850682541,0.0,4330.547,0.011837193434794058
4335.362367956025,0.0,4331.011,-0.03609299213668127
4335.827885229509,0.0,4331.481,0.011837193434794058
4336.293402502993,0.0,4331.939,0.011837193434794058
4336.758919776477,0.0,4332.409,0.253667261910854
4337.224437049961,0.0,4332.874,0.022730559091162617
4337.689954323445,0.0,4333.336,0.02055180804532064
4338.155471596929,0.0,4333.802,-0.027378377526154685
4338.6209888704125,0.0,4334.267,-0.020842513961470077
4339.086506143896,0.0,4334.732,0.0815539804613925
4339.552023417381,0.0,4335.199,-0.05134360016950623
4340.017540690865,0.0,4335.665,-0.027378377526154685
4340.4830579643485,0.0,4336.126,-0.038271743182523243
4340.948575237832,0.0,4336.589,0.014015944480636033
4341.414092511316,0.0,4337.059,-0.018663892773242097
4341.879609784801,0.0,4337.522,0.011837193434794058
4342.345127058285,0.0,4337.985,-0.060058214780032815
4342.810644331768,0.0,4338.455,0.01837318685709244
4343.276161605252,0.0,4338.92,-0.0164851417273999
4343.741678878736,0.0,4339.384,0.016194565668864236
4344.20719615222,0.0,4339.85,-0.025199756337926482
4344.672713425704,0.0,4340.31,-0.005591905928645335
4345.138230699188,0.0,4340.776,-0.02955712857199666
4345.603747972672,0.0,4341.241,-0.0012346635521889304
4346.069265246156,0.0,4341.707,0.02055180804532064
4346.5347825196395,0.0,4342.174,-0.09927391559859533
4347.000299793124,0.0,4342.64,0.011837193434794058
4347.465817066608,0.0,4343.103,-0.025199756337926482
4347.931334340092,0.0,4343.565,0.02490918027939082
4348.396851613576,0.0,4344.033,0.02055180804532064
4348.862368887059,0.0,4344.495,0.029266422655847224
4349.327886160544,0.0,4344.959,0.044517030688671966
4349.793403434028,0.0,4345.428,0.009658572246565855
4350.258920707512,0.0,4345.895,0.5063905661856687
4350.724437980995,0.0,4346.354,0.016194565668864236
4351.189955254479,0.0,4346.82,-0.02302113514969828
4351.655472527963,0.0,4347.285,-0.038271743182523243
4352.120989801448,0.0,4347.751,0.014015944480636033
4352.586507074931,0.0,4348.215,0.04887427306512837
4353.052024348415,0.0,4348.681,0.009658572246565855
4353.517541621899,0.0,4349.144,-0.04480760674720785
4353.983058895383,0.0,4349.613,0.02055180804532064
4354.4485761688675,0.0,4350.074,0.0793753592731643
4354.914093442351,0.0,4350.543,0.011837193434794058
4355.379610715835,0.0,4351.004,0.022730559091162617
4355.845127989319,0.0,4351.473,-0.025199756337926482
4356.310645262803,0.0,4351.939,0.02490918027939082
4356.776162536286,0.0,4352.402,0.037981037266373585
4357.241679809771,0.0,4352.867,-0.027378377526154685
4357.707197083255,0.0,4353.333,-0.020842513961470077
4358.172714356739,0.0,4353.798,0.022730559091162617
4358.638231630222,0.0,4354.263,0.02055180804532064
4359.103748903706,0.0,4354.729,-0.027378377526154685
4359.569266177191,0.0,4355.189,0.011837193434794058
4360.034783450675,0.0,4355.655,0.09026859507191909
4360.5003007241585,0.0,4356.126,0.0031227086818812477
4360.965817997642,0.0,4356.588,-0.02955712857199666
4361.431335271126,0.0,4357.051,0.011837193434794058
4361.89685254461,0.0,4357.514,0.06848212347440974
4362.3623698180945,0.0,4357.982,0.2362381625474146
4362.827887091578,0.0,4358.451,-0.005591905928645335
4363.293404365062,0.0,4358.909,-0.02302113514969828
4363.758921638546,0.0,4359.379,-0.027378377526154685
4364.22443891203,0.0,4359.845,0.00530132987010945
4364.689956185514,0.0,4360.31,0.011837193434794058
4365.155473458998,0.0,4360.776,0.022730559091162617
4365.620990732482,0.0,4361.24,0.02055180804532064
4366.086508005966,0.0,4361.706,-0.02302113514969828
4366.5520252794495,0.0,4362.17,0.02055180804532064
4367.017542552933,0.0,4362.635,-0.009949278162715514
4367.483059826418,0.0,4363.096,0.01837318685709244
4367.948577099902,0.0,4363.566,-0.04262898555897965
4368.4140943733855,0.0,4364.029,0.01837318685709244
4368.879611646869,0.0,4364.492,-0.020842513961470077
4369.345128920353,0.0,4364.96,-0.012127899350943716
4369.810646193838,0.0,4365.422,0.011837193434794058
4370.276163467322,0.0,4365.887,0.016194565668864236
4370.741680740805,0.0,4366.354,0.022730559091162617
4371.207198014289,0.0,4366.82,0.01837318685709244
4371.672715287773,0.0,4367.285,0.240595404923871
4372.138232561257,0.0,4367.751,-0.033914370948453065
4372.603749834741,0.0,4368.211,0.00530132987010945
4373.069267108225,0.0,4368.676,0.07283949570847992
4373.534784381709,0.0,4369.144,-0.012127899350943716
4374.000301655193,0.0,4369.606,-0.02302113514969828
4374.4658189286765,0.0,4370.07,0.02708780146761902
4374.931336202161,0.0,4370.54,0.02490918027939082
4375.396853475645,0.0,4371.003,-0.027378377526154685
4375.862370749129,0.0,4371.466,0.011837193434794058
4376.327888022613,0.0,4371.932,0.037981037266373585
4376.793405296096,0.0,4372.394,-0.02955712857199666
4377.25892256958,0.0,4372.859,-0.025199756337926482
4377.724439843065,0.0,4373.326,0.01837318685709244
4378.189957116549,0.0,4373.792,-0.027378377526154685
4378.655474390032,0.0,4374.258,0.011837193434794058
4379.120991663516,0.0,4374.724,-0.027378377526154685
4379.586508937,0.0,4375.189,-0.0164851417273999
4380.052026210485,0.0,4375.655,0.02055180804532064
4380.517543483968,0.0,4376.118,-0.033914370948453065
4380.983060757452,0.0,4376.581,0.00530132987010945
4381.448578030936,0.0,4377.044,-0.027378377526154685
4381.91409530442,0.0,4377.515,0.00530132987010945
4382.3796125779045,0.0,4377.977,-0.025199756337926482
4382.845129851388,0.0,4378.44,0.029266422655847224
4383.310647124872,0.0,4378.906,0.022730559091162617
4383.776164398356,0.0,4379.369,-0.038271743182523243
4384.24168167184,0.0,4379.835,0.07501811689670812
4384.707198945323,0.0,4380.303,0.0009439576360392721
4385.172716218808,0.0,4380.769,-0.027378377526154685
4385.638233492292,0.0,4381.233,-0.0164851417273999
4386.103750765776,0.0,4381.7,0.0031227086818812477
4386.569268039259,0.0,4382.16,-0.025199756337926482
4387.034785312743,0.0,4382.625,0.02055180804532064
4387.500302586228,0.0,4383.096,-0.025199756337926482
4387.965819859712,0.0,4383.559,0.0009439576360392721
4388.4313371331955,0.0,4384.022,-0.025199756337926482
4388.896854406679,0.0,4384.484,0.01837318685709244
4389.362371680163,0.0,4384.955,0.029266422655847224
4389.827888953647,0.0,4385.418,0.05105289425335657
4390.2934062271315,0.0,4385.883,-0.04480760674720785
4390.758923500615,0.0,4386.348,-0.027378377526154685
4391.224440774099,0.0,4386.814,0.011837193434794058
4391.689958047583,0.0,4387.28,-0.02955712857199666
4392.155475321067,0.0,4387.739,-0.027378377526154685
4392.620992594551,0.0,4388.21,-0.018663892773242097
4393.086509868035,0.0,4388.669,-0.02302113514969828
4393.552027141519,0.0,4389.136,-0.027378377526154685
4394.017544415003,0.0,4389.599,0.009658572246565855
4394.4830616884865,0.0,4390.07,-0.17988393842394856
4394.94857896197,0.0,4390.532,0.01837318685709244
4395.414096235455,0.0,4390.996,-0.02302113514969828
4395.879613508939,0.0,4391.465,0.02055180804532064
4396.3451307824225,0.0,4391.931,-0.02955712857199666
4396.810648055906,0.0,4392.394,0.035802416078145605
4397.27616532939,0.0,4392.86,0.253667261910854
4397.741682602875,0.0,4393.325,-0.027378377526154685
4398.207199876359,0.0,4393.791,0.029266422655847224
4398.672717149842,0.0,4394.251,-0.03609299213668127
4399.138234423326,0.0,4394.717,0.15998538209851776
4399.60375169681,0.0,4395.181,-0.009949278162715514
4400.069268970294,0.0,4395.647,0.022730559091162617
4400.534786243778,0.0,4396.115,0.02055180804532064
4401.000303517262,0.0,4396.577,0.00530132987010945
4401.465820790746,0.0,4397.04,0.02055180804532064
4401.93133806423,0.0,4397.51,-0.025199756337926482
4402.3968553377135,0.0,4397.974,0.02490918027939082
4402.862372611198,0.0,4398.436,-0.04262898555897965
4403.327889884682,0.0,4398.902,-0.0164851417273999
4403.793407158166,0.0,4399.366,-0.03173574976022486
4404.25892443165,0.0,4399.832,-0.005591905928645335
4404.724441705133,0.0,4400.296,0.031445043844075204
4405.189958978617,0.0,4400.762,0.011837193434794058
4405.655476252102,0.0,4401.229,-0.007770527116873316
4406.120993525586,0.0,4401.694,0.04669565187690017
4406.586510799069,0.0,4402.159,0.029266422655847224
4407.052028072553,0.0,4402.626,-0.0164851417273999
4407.517545346037,0.0,4403.088,0.011837193434794058
4407.983062619522,0.0,4403.551,-0.027378377526154685
4408.448579893005,0.0,4404.014,0.02055180804532064
4408.914097166489,0.0,4404.484,-0.02302113514969828
4409.379614439973,0.0,4404.95,0.00530132987010945
4409.845131713457,0.0,4405.414,-0.018663892773242097
4410.310648986941,0.0,4405.879,0.029266422655847224
4410.776166260425,0.0,4406.344,0.06194613005211136
4411.241683533909,0.0,4406.809,-0.005591905928645335
4411.707200807393,0.0,4407.274,0.016194565668864236
4412.172718080877,0.0,4407.74,-0.027378377526154685
4412.63823535436,0.0,4408.199,-0.027378377526154685
4413.103752627845,0.0,4408.665,0.02055180804532064
4413.569269901329,0.0,4409.133,0.022730559091162617
4414.034787174813,0.0,4409.595,0.2427740261120992
4414.500304448296,0.0,4410.066,0.011837193434794058
4414.96582172178,0.0,4410.528,-0.02302113514969828
4415.431338995265,0.0,4410.989,0.01837318685709244
4415.896856268749,0.0,4411.458,-0.025199756337926482
4416.3623735422325,0.0,4411.924,0.031445043844075204
4416.827890815716,0.0,4412.387,-0.0164851417273999
4417.2934080892,0.0,4412.853,-0.15156147340414083
4417.758925362684,0.0,4413.318,0.011837193434794058
4418.2244426361685,0.0,4413.784,0.02055180804532064
4418.689959909652,0.0,4414.248,0.02708780146761902
4419.155477183136,0.0,4414.714,-0.018663892773242097
4419.62099445662,0.0,4415.174,0.02490918027939082
4420.086511730104,0.0,4415.639,-0.24088611084002065
4420.552029003588,0.0,4416.108,-0.025199756337926482
4421.017546277072,0.0,4416.57,-0.19295579541093155
4421.483063550556,0.0,4417.04,-0.005591905928645335
4421.94858082404,0.0,4417.503,0.02708780146761902
4422.4140980975235,0.0,4417.966,-0.05134360016950623
4422.879615371007,0.0,4418.429,-0.025199756337926482
4423.345132644492,0.0,4418.894,0.01837318685709244
4423.810649917976,0.0,4419.359,0.02055180804532064
4424.2761671914595,0.0,4419.825,0.016194565668864236
4424.741684464943,0.0,4420.292,0.016194565668864236
4425.207201738427,0.0,4420.758,-0.025199756337926482
4425.672719011912,0.0,4421.225,-0.007770527116873316
4426.138236285396,0.0,4421.691,-0.027378377526154685
4426.603753558879,0.0,4422.156,-0.027378377526154685
4427.069270832363,0.0,4422.614,-0.027378377526154685
4427.534788105847,0.0,4423.084,-0.02955712857199666
4428.000305379331,0.0,4423.547,-0.0164851417273999
4428.465822652815,0.0,4424.015,-0.020842513961470077
4428.931339926299,0.0,4424.477,0.016194565668864236
4429.396857199783,0.0,4424.943,-0.025199756337926482
4429.862374473267,0.0,4425.407,0.011837193434794058
4430.3278917467505,0.0,4425.872,0.037981037266373585
4430.793409020235,0.0,4426.337,0.06194613005211136
4431.258926293719,0.0,4426.803,-0.02302113514969828
4431.724443567203,0.0,4427.267,-0.025199756337926482
4432.189960840687,0.0,4427.733,0.02490918027939082
4432.65547811417,0.0,4428.2,-0.04480760674720785
4433.120995387654,0.0,4428.665,0.01837318685709244
4433.586512661139,0.0,4429.129,-0.027378377526154685
4434.052029934623,0.0,4429.592,0.031445043844075204
4434.517547208106,0.0,4430.055,-0.027378377526154685
4434.98306448159,0.0,4430.525,0.02055180804532064
4435.448581755074,0.0,4430.985,-0.027378377526154685
4435.914099028559,0.0,4431.455,0.016194565668864236
4436.379616302042,0.0,4431.92,-0.025199756337926482
4436.845133575526,0.0,4432.384,0.06194613005211136
4437.31065084901,0.0,4432.849,-0.053522221357734434
4437.776168122494,0.0,4433.314,0.029266422655847224
4438.241685395978,0.0,4433.78,-0.0164851417273999
4438.707202669462,0.0,4434.244,-0.005591905928645335
4439.172719942946,0.0,4434.71,0.02708780146761902
4439.63823721643,0.0,4435.17,-0.027378377526154685
4440.103754489914,0.0,4435.635,-0.018663892773242097
4440.569271763397,0.0,4436.103,-0.025199756337926482
4441.034789036882,0.0,4436.565,0.022730559091162617
4441.500306310366,0.0,4437.033,0.01837318685709244
4441.96582358385,0.0,4437.495,0.02708780146761902
4442.431340857333,0.0,4437.959,-0.02955712857199666
4442.896858130817,0.0,4438.429,-0.33674661184058485
4443.362375404301,0.0,4438.894,-0.007770527116873316
4443.827892677786,0.0,4439.355,0.011837193434794058
4444.2934099512695,0.0,4439.821,-0.027378377526154685
4444.758927224753,0.0,4440.288,-0.038271743182523243
4445.224444498237,0.0,4440.754,0.029266422655847224
4445.689961771721,0.0,4441.214,-0.018663892773242097
4446.1554790452055,0.0,4441.68,-0.012127899350943716
4446.620996318689,0.0,4442.152,0.02055180804532064
4447.086513592173,0.0,4442.611,0.02055180804532064
4447.552030865657,0.0,4443.074,-0.018663892773242097
4448.017548139141,0.0,4443.543,0.009658572246565855
4448.483065412625,0.0,4444.004,0.02055180804532064
4448.948582686109,0.0,4444.473,-0.027378377526154685
4449.414099959593,0.0,4444.939,0.05105289425335657
4449.879617233077,0.0,4445.402,-0.020842513961470077
4450.3451345065605,0.0,4445.867,-0.020842513961470077
4450.810651780044,0.0,4446.332,-0.02955712857199666
4451.276169053529,0.0,4446.798,0.05541026648742675
4451.741686327013,0.0,4447.263,0.022730559091162617
4452.2072036004965,0.0,4447.728,0.022730559091162617
4452.67272087398,0.0,4448.193,0.02055180804532064
4453.138238147464,0.0,4448.658,0.01837318685709244
4453.603755420949,0.0,4449.121,-0.08620192875399857
4454.069272694433,0.0,4449.584,0.011837193434794058
4454.534789967916,0.0,4450.055,0.029266422655847224
4455.0003072414,0.0,4450.518,-0.020842513961470077
4455.465824514884,0.0,4450.981,0.022730559091162617
4455.931341788368,0.0,4451.444,0.04015965845460179
4456.396859061852,0.0,4451.909,-0.02955712857199666
4456.862376335336,0.0,4452.38,-0.025199756337926482
4457.32789360882,0.0,4452.839,-0.018663892773242097
4457.793410882304,0.0,4453.31,0.06630350228618154
4458.2589281557875,0.0,4453.769,0.022730559091162617
4458.724445429272,0.0,4454.236,-0.018663892773242097
4459.189962702756,0.0,4454.701,0.029266422655847224
4459.65547997624,0.0,4455.167,0.02055180804532064
4460.120997249724,0.0,4455.633,-0.027378377526154685
4460.586514523207,0.0,4456.096,0.0031227086818812477
4461.052031796691,0.0,4456.559,-0.025199756337926482
4461.517549070176,0.0,4457.029,0.037981037266373585
4461.98306634366,0.0,4457.491,-0.0164851417273999
4462.448583617143,0.0,4457.959,-0.027378377526154685
4462.914100890627,0.0,4458.421,-0.03173574976022486
4463.379618164111,0.0,4458.888,0.007479951058337653
4463.845135437596,0.0,4459.354,0.009658572246565855
4464.3106527110795,0.0,4459.82,0.022730559091162617
4464.776169984563,0.0,4460.284,0.022730559091162617
4465.241687258047,0.0,4460.75,-0.027378377526154685
4465.707204531531,0.0,4461.215,-0.025199756337926482
4466.172721805015,0.0,4461.681,-0.0164851417273999
4466.638239078499,0.0,4462.144,-0.0164851417273999
4467.103756351983,0.0,4462.606,-0.0164851417273999
4467.569273625467,0.0,4463.07,0.02708780146761902
4468.034790898951,0.0,4463.539,-0.025199756337926482
4468.500308172434,0.0,4464.003,-0.19513441659915975
4468.965825445919,0.0,4464.466,-0.005591905928645335
4469.431342719403,0.0,4464.932,0.04015965845460179
4469.896859992887,0.0,4465.394,-0.02955712857199666
4470.3623772663705,0.0,4465.86,0.1839506047418693
4470.827894539854,0.0,4466.325,0.02708780146761902
4471.293411813338,0.0,4466.791,0.01837318685709244
4471.758929086823,0.0,4467.256,0.007479951058337653
4472.2244463603065,0.0,4467.721,-0.03609299213668127
4472.68996363379,0.0,4468.188,0.02055180804532064
4473.155480907274,0.0,4468.654,-0.0164851417273999
4473.620998180758,0.0,4469.114,0.009658572246565855
4474.0865154542425,0.0,4469.584,0.029266422655847224
4474.552032727726,0.0,4470.048,-0.02955712857199666
4475.01755000121,0.0,4470.51,-0.02955712857199666
4475.483067274694,0.0,4470.974,0.0031227086818812477
4475.948584548178,0.0,4471.444,0.02708780146761902
4476.4141018216615,0.0,4471.909,-0.060058214780032815
4476.879619095146,0.0,4472.373,0.02055180804532064
4477.34513636863,0.0,4472.839,-0.020842513961470077
4477.810653642114,0.0,4473.303,0.01837318685709244
4478.2761709155975,0.0,4473.769,-0.027378377526154685
4478.741688189081,0.0,4474.229,0.011837193434794058
4479.207205462566,0.0,4474.694,-0.08838054994222677
4479.67272273605,0.0,4475.159,-0.0164851417273999
4480.138240009534,0.0,4475.625,0.06630350228618154
4480.603757283017,0.0,4476.096,-0.0012346635521889304
4481.069274556501,0.0,4476.558,0.029266422655847224
4481.534791829986,0.0,4477.022,-0.03609299213668127
4482.00030910347,0.0,4477.485,0.02055180804532064
4482.465826376953,0.0,4477.955,0.04669565187690017
4482.931343650437,0.0,4478.418,0.01837318685709244
4483.396860923921,0.0,4478.883,0.0009439576360392721
4483.862378197405,0.0,4479.348,0.02055180804532064
4484.327895470889,0.0,4479.814,-0.0164851417273999
4484.793412744373,0.0,4480.281,-0.02955712857199666
4485.258930017857,0.0,4480.739,-0.02955712857199666
4485.724447291341,0.0,4481.204,-0.027378377526154685
4486.189964564825,0.0,4481.67,0.011837193434794058
4486.655481838309,0.0,4482.14,0.031445043844075204
4487.120999111793,0.0,4482.603,0.02490918027939082
4487.586516385277,0.0,4483.066,-0.027378377526154685
4488.052033658761,0.0,4483.529,0.029266422655847224
4488.517550932244,0.0,4484.0,0.029266422655847224
4488.983068205728,0.0,4484.462,0.029266422655847224
4489.448585479213,0.0,4484.928,-0.018663892773242097
4489.914102752697,0.0,4485.39,-0.033914370948453065
4490.37962002618,0.0,4485.856,0.011837193434794058
4490.845137299664,0.0,4486.321,0.04015965845460179
4491.310654573148,0.0,4486.787,-0.027378377526154685
4491.776171846633,0.0,4487.252,0.029266422655847224
4492.2416891201165,0.0,4487.718,0.01837318685709244
4492.7072063936,0.0,4488.185,0.029266422655847224
4493.172723667084,0.0,4488.644,0.02055180804532064
4493.638240940568,0.0,4489.114,-0.027378377526154685
4494.103758214052,0.0,4489.576,0.02490918027939082
4494.569275487536,0.0,4490.044,0.022730559091162617
4495.03479276102,0.0,4490.507,-0.0164851417273999
4495.500310034504,0.0,4490.97,0.057588887675654954
4495.965827307988,0.0,4491.44,-0.025199756337926482
4496.431344581471,0.0,4491.906,0.057588887675654954
4496.896861854956,0.0,4492.37,-0.046986227935436053
4497.36237912844,0.0,4492.836,0.02055180804532064
4497.827896401924,0.0,4493.295,-0.02955712857199666
4498.2934136754075,0.0,4493.761,-0.025199756337926482
4498.758930948891,0.0,4494.226,0.029266422655847224
4499.224448222375,0.0,4494.692,0.011837193434794058
4499.68996549586,0.0,4495.159,0.029266422655847224
4500.1554827693435,0.0,4495.625,0.19920108291708027
4500.621000042827,0.0,4496.088,0.02708780146761902
4501.086517316311,0.0,4496.551,0.02055180804532064
4501.552034589795,0.0,4497.018,0.0031227086818812477
4502.01755186328,0.0,4497.48,0.02490918027939082
4502.483069136763,0.0,4497.946,-0.02302113514969828
4502.948586410247,0.0,4498.411,0.17087861789727232
4503.414103683731,0.0,4498.877,0.022730559091162617
4503.879620957215,0.0,4499.344,-0.0164851417273999
4504.3451382306985,0.0,4499.809,0.02490918027939082
4504.810655504183,0.0,4500.273,0.04233827964282999
4505.276172777667,0.0,4500.739,0.01837318685709244
4505.741690051151,0.0,4501.199,-0.02955712857199666
4506.2072073246345,0.0,4501.665,0.029266422655847224
4506.672724598118,0.0,4502.133,0.0031227086818812477
4507.138241871603,0.0,4502.595,0.022730559091162617
4507.603759145087,0.0,4503.063,0.029266422655847224
4508.069276418571,0.0,4503.525,-0.012127899350943716
4508.534793692054,0.0,4503.989,0.01837318685709244
4509.000310965538,0.0,4504.458,-0.027378377526154685
4509.465828239022,0.0,4504.924,0.022730559091162617
4509.931345512507,0.0,4505.387,0.02055180804532064
4510.39686278599,0.0,4505.852,-0.025199756337926482
4510.862380059474,0.0,4506.318,0.0336237948899174
4511.327897332958,0.0,4506.783,0.016194565668864236
4511.793414606442,0.0,4507.248,0.016194565668864236
4512.258931879926,0.0,4507.714,-0.02955712857199666
4512.72444915341,0.0,4508.174,0.02055180804532064
4513.189966426894,0.0,4508.639,0.02055180804532064
4513.655483700378,0.0,4509.108,-0.09273792217629695
4514.121000973862,0.0,4509.57,0.0336237948899174
4514.586518247346,0.0,4510.04,0.01837318685709244
4515.05203552083,0.0,4510.503,-0.009949278162715514
4515.517552794314,0.0,4510.966,0.02708780146761902
4515.983070067798,0.0,4511.436,-0.48489480050430855
4516.448587341281,0.0,4511.894,0.09026859507191909
4516.914104614765,0.0,4512.359,0.022730559091162617
4517.37962188825,0.0,4512.825,0.02055180804532064
4517.845139161734,0.0,4513.292,-0.027378377526154685
4518.310656435217,0.0,4513.758,-0.025199756337926482
4518.776173708701,0.0,4514.225,0.01837318685709244
4519.241690982185,0.0,4514.684,0.01837318685709244
4519.70720825567,0.0,4515.156,-0.025199756337926482
4520.1727255291535,0.0,4515.614,-0.027378377526154685
4520.638242802637,0.0,4516.085,-0.03609299213668127
4521.103760076121,0.0,4516.547,0.04015965845460179
4521.569277349605,0.0,4517.01,0.029266422655847224
4522.034794623089,0.0,4517.48,0.029266422655847224
4522.500311896573,0.0,4517.939,0.016194565668864236
4522.965829170057,0.0,4518.41,0.022730559091162617
4523.431346443541,0.0,4518.875,0.02708780146761902
4523.896863717025,0.0,4519.34,0.02055180804532064
4524.362380990508,0.0,4519.806,-0.027378377526154685
4524.827898263993,0.0,4520.266,0.01837318685709244
4525.293415537477,0.0,4520.731,0.02708780146761902
4525.758932810961,0.0,4521.197,-0.027378377526154685
4526.2244500844445,0.0,4521.662,0.01837318685709244
4526.689967357928,0.0,4522.125,0.1774146113195707
4527.155484631412,0.0,4522.595,0.011837193434794058
4527.621001904897,0.0,4523.058,-0.025199756337926482
4528.0865191783805,0.0,4523.521,0.02490918027939082
4528.552036451864,0.0,4523.989,0.15780676091028956
4529.017553725348,0.0,4524.451,0.00530132987010945
4529.483070998832,0.0,4524.916,0.02055180804532064
4529.948588272317,0.0,4525.381,0.02055180804532064
4530.4141055458,0.0,4525.847,-0.027378377526154685
4530.879622819284,0.0,4526.314,-0.027378377526154685
4531.345140092768,0.0,4526.78,0.20791569752760686
4531.810657366252,0.0,4527.244,-0.02302113514969828
4532.2761746397355,0.0,4527.71,0.037981037266373585
4532.74169191322,0.0,4528.174,0.057588887675654954
4533.207209186704,0.0,4528.64,0.02490918027939082
4533.672726460188,0.0,4529.1,-0.025199756337926482
4534.1382437336715,0.0,4529.57,0.01837318685709244
4534.603761007155,0.0,4530.033,0.05541026648742675
4535.06927828064,0.0,4530.495,0.011837193434794058
4535.534795554124,0.0,4530.959,-0.02302113514969828
4536.000312827608,0.0,4531.428,0.011837193434794058
4536.465830101091,0.0,4531.894,-0.0164851417273999
4536.931347374575,0.0,4532.359,-0.02302113514969828
4537.396864648059,0.0,4532.824,-0.018663892773242097
4537.862381921544,0.0,4533.288,-0.027378377526154685
4538.327899195027,0.0,4533.755,0.029266422655847224
4538.793416468511,0.0,4534.214,-0.027378377526154685
4539.258933741995,0.0,4534.68,0.06194613005211136
4539.724451015479,0.0,4535.144,-0.020842513961470077
4540.189968288963,0.0,4535.614,0.02490918027939082
4540.655485562447,0.0,4536.077,-0.0164851417273999
4541.121002835931,0.0,4536.539,0.02490918027939082
4541.586520109415,0.0,4537.007,0.029266422655847224
4542.052037382899,0.0,4537.47,0.02055180804532064
4542.517554656382,0.0,4537.935,-0.007770527116873316
4542.983071929867,0.0,4538.405,0.016194565668864236
4543.448589203351,0.0,4538.864,0.02708780146761902
4543.914106476835,0.0,4539.33,-0.025199756337926482
4544.379623750318,0.0,4539.796,0.02055180804532064
4544.845141023802,0.0,4540.263,0.007479951058337653
4545.310658297287,0.0,4540.728,0.01837318685709244
4545.776175570771,0.0,4541.189,-0.018663892773242097
4546.241692844254,0.0,4541.654,0.02708780146761902
4546.707210117738,0.0,4542.125,0.02708780146761902
4547.172727391222,0.0,4542.588,0.01837318685709244
4547.638244664707,0.0,4543.055,0.02055180804532064
4548.1037619381905,0.0,4543.517,-0.005591905928645335
4548.569279211674,0.0,4543.985,0.02055180804532064
4549.034796485158,0.0,4544.447,-0.020842513961470077
4549.500313758642,0.0,4544.913,-0.0164851417273999
4549.965831032126,0.0,4545.379,0.022730559091162617
4550.43134830561,0.0,4545.845,-0.025199756337926482
4550.896865579094,0.0,4546.31,-0.03609299213668127
4551.362382852578,0.0,4546.776,0.011837193434794058
4551.827900126062,0.0,4547.24,0.05105289425335657
4552.293417399545,0.0,4547.706,0.011837193434794058
4552.75893467303,0.0,4548.171,-0.0012346635521889304
4553.224451946514,0.0,4548.629,0.02055180804532064
4553.689969219998,0.0,4549.099,0.011837193434794058
4554.1554864934815,0.0,4549.562,-0.027378377526154685
4554.621003766965,0.0,4550.025,0.00530132987010945
4555.086521040449,0.0,4550.495,-0.025199756337926482
4555.552038313934,0.0,4550.959,0.011837193434794058
4556.0175555874175,0.0,4551.421,-0.0164851417273999
4556.483072860901,0.0,4551.887,0.022730559091162617
4556.948590134385,0.0,4552.352,0.029266422655847224
4557.414107407869,0.0,4552.817,0.0031227086818812477
4557.879624681354,0.0,4553.284,0.02055180804532064
4558.345141954837,0.0,4553.75,0.029266422655847224
4558.810659228321,0.0,4554.211,0.02055180804532064
4559.276176501805,0.0,4554.677,-0.027378377526154685
4559.741693775289,0.0,4555.14,-0.027378377526154685
4560.2072110487725,0.0,4555.611,0.007479951058337653
4560.672728322257,0.0,4556.073,-0.0012346635521889304
4561.138245595741,0.0,4556.536,-0.027378377526154685
4561.603762869225,0.0,4557.004,-0.03173574976022486
4562.0692801427085,0.0,4557.465,-0.02302113514969828
4562.534797416192,0.0,4557.931,-0.018663892773242097
4563.000314689677,0.0,4558.4,0.029266422655847224
4563.465831963161,0.0,4558.859,0.029266422655847224
4563.931349236645,0.0,4559.326,0.022730559091162617
4564.396866510128,0.0,4559.792,-0.027378377526154685
4564.862383783612,0.0,4560.258,-0.003413284740417133
4565.327901057096,0.0,4560.724,-0.027378377526154685
4565.793418330581,0.0,4561.189,-0.020842513961470077
4566.258935604064,0.0,4561.655,-0.025199756337926482
4566.724452877548,0.0,4562.118,0.02055180804532064
4567.189970151032,0.0,4562.58,-0.0665940783447172
4567.655487424516,0.0,4563.048,-0.02955712857199666
4568.121004698,0.0,4563.51,-0.025199756337926482
4568.586521971484,0.0,4563.974,0.016194565668864236
4569.052039244968,0.0,4564.444,0.029266422655847224
4569.517556518452,0.0,4564.909,-0.08838054994222677
4569.983073791936,0.0,4565.373,0.02055180804532064
4570.448591065419,0.0,4565.839,0.01837318685709244
4570.914108338904,0.0,4566.303,0.02708780146761902
4571.379625612388,0.0,4566.769,-0.027378377526154685
4571.845142885872,0.0,4567.234,-0.025199756337926482
4572.310660159355,0.0,4567.699,0.02055180804532064
4572.776177432839,0.0,4568.159,0.00530132987010945
4573.241694706324,0.0,4568.625,0.07501811689670812
4573.707211979808,0.0,4569.095,0.0031227086818812477
4574.172729253291,0.0,4569.558,0.02055180804532064
4574.638246526775,0.0,4570.022,-0.040450364370751446
4575.103763800259,0.0,4570.484,-0.367247698048621
4575.569281073743,0.0,4570.955,-0.025199756337926482
4576.0347983472275,0.0,4571.418,0.02055180804532064
4576.500315620711,0.0,4571.883,-0.020842513961470077
4576.965832894195,0.0,4572.347,0.011837193434794058
4577.431350167679,0.0,4572.813,-0.025199756337926482
4577.896867441163,0.0,4573.281,-0.02955712857199666
4578.362384714647,0.0,4573.74,-0.033914370948453065
4578.827901988131,0.0,4574.206,-0.005591905928645335
4579.293419261615,0.0,4574.672,-0.027378377526154685
4579.758936535099,0.0,4575.14,0.01837318685709244
4580.224453808582,0.0,4575.603,0.02055180804532064
4580.689971082066,0.0,4576.066,-0.027378377526154685
4581.155488355551,0.0,4576.529,0.02055180804532064
4581.621005629035,0.0,4576.999,0.02055180804532064
4582.0865229025185,0.0,4577.462,0.037981037266373585
4582.552040176002,0.0,4577.928,-0.02302113514969828
4583.017557449486,0.0,4578.389,-0.027378377526154685
4583.483074722971,0.0,4578.855,0.17087861789727232
4583.9485919964545,0.0,4579.322,-0.027378377526154685
4584.414109269938,0.0,4579.788,0.16216400328674596
4584.879626543422,0.0,4580.255,-0.05134360016950623
4585.345143816906,0.0,4580.721,0.016194565668864236
4585.810661090391,0.0,4581.185,0.011837193434794058
4586.276178363874,0.0,4581.644,0.02055180804532064
4586.741695637358,0.0,4582.114,-0.018663892773242097
4587.207212910842,0.0,4582.576,0.02055180804532064
4587.672730184326,0.0,4583.04,0.00530132987010945
4588.1382474578095,0.0,4583.51,0.02055180804532064
4588.603764731294,0.0,4583.97,0.029266422655847224
4589.069282004778,0.0,4584.44,-0.04262898555897965
4589.534799278262,0.0,4584.906,0.044517030688671966
4590.0003165517455,0.0,4585.37,-0.025199756337926482
4590.465833825229,0.0,4585.835,0.029266422655847224
4590.931351098714,0.0,4586.296,-0.027378377526154685
4591.396868372198,0.0,4586.761,-0.025199756337926482
4591.862385645682,0.0,4587.229,-0.020842513961470077
4592.327902919165,0.0,4587.694,0.029266422655847224
4592.793420192649,0.0,4588.159,0.022730559091162617
4593.258937466133,0.0,4588.624,0.01837318685709244
4593.724454739618,0.0,4589.085,0.044517030688671966
4594.189972013101,0.0,4589.554,0.0009439576360392721
4594.655489286585,0.0,4590.015,0.029266422655847224
4595.121006560069,0.0,4590.484,-0.025199756337926482
4595.586523833553,0.0,4590.955,-0.02955712857199666
4596.052041107037,0.0,4591.41,-0.03173574976022486
4596.517558380521,0.0,4591.876,-0.009949278162715514
4596.983075654005,0.0,4592.34,-0.033914370948453065
4597.448592927489,0.0,4592.806,0.02055180804532064
4597.914110200973,0.0,4593.271,0.01837318685709244
4598.379627474456,0.0,4593.736,0.02708780146761902
4598.845144747941,0.0,4594.203,0.02055180804532064
4599.310662021425,0.0,4594.669,0.016194565668864236
4599.776179294909,0.0,4595.132,0.011837193434794058
4600.241696568392,0.0,4595.595,0.02055180804532064
4600.707213841876,0.0,4596.063,0.029266422655847224
4601.172731115361,0.0,4596.526,-0.038271743182523243
4601.638248388845,0.0,4596.996,0.016194565668864236
4602.103765662328,0.0,4597.458,-0.027378377526154685
4602.569282935812,0.0,4597.924,0.022730559091162617
4603.034800209296,0.0,4598.387,0.022730559091162617
4603.50031748278,0.0,4598.853,-0.025199756337926482
4603.9658347562645,0.0,4599.317,-0.012127899350943716
4604.431352029748,0.0,4599.783,0.02055180804532064
4604.896869303232,0.0,4600.248,0.016194565668864236
4605.362386576716,0.0,4600.714,-0.025199756337926482
4605.8279038502,0.0,4601.174,0.04015965845460179
4606.293421123684,0.0,4601.639,0.02055180804532064
4606.758938397168,0.0,4602.107,0.011837193434794058
4607.224455670652,0.0,4602.569,0.037981037266373585
4607.689972944136,0.0,4603.037,0.029266422655847224
4608.155490217619,0.0,4603.499,-0.0164851417273999
4608.621007491103,0.0,4603.97,-0.005591905928645335
4609.086524764588,0.0,4604.432,-0.027378377526154685
4609.552042038072,0.0,4604.898,0.01837318685709244
4610.0175593115555,0.0,4605.362,0.07501811689670812
4610.483076585039,0.0,4605.828,0.02055180804532064
4610.948593858523,0.0,4606.293,0.011837193434794058
4611.414111132008,0.0,4606.758,-0.025199756337926482
4611.8796284054915,0.0,4607.225,0.02055180804532064
4612.345145678975,0.0,4607.684,0.01837318685709244
4612.810662952459,0.0,4608.151,0.016194565668864236
4613.276180225943,0.0,4608.617,-0.027378377526154685
4613.741697499427,0.0,4609.085,-0.018663892773242097
4614.207214772911,0.0,4609.548,0.01837318685709244
4614.672732046395,0.0,4610.011,0.009658572246565855
4615.138249319879,0.0,4610.48,0.035802416078145605
4615.603766593363,0.0,4610.939,0.02055180804532064
4616.0692838668465,0.0,4611.41,-0.014306520539171697
4616.534801140331,0.0,4611.875,0.02055180804532064
4617.000318413815,0.0,4612.34,0.00530132987010945
4617.465835687299,0.0,4612.806,-0.025199756337926482
4617.9313529607825,0.0,4613.266,0.01837318685709244
4618.396870234266,0.0,4613.732,-0.025199756337926482
4618.862387507751,0.0,4614.197,-0.027378377526154685
4619.327904781235,0.0,4614.663,0.031445043844075204
4619.793422054719,0.0,4615.126,-0.13848948655954407
4620.258939328202,0.0,4615.596,0.011837193434794058
4620.724456601686,0.0,4616.059,-0.027378377526154685
4621.18997387517,0.0,4616.521,0.0837327315072347
4621.655491148655,0.0,4616.989,-0.020842513961470077
4622.121008422138,0.0,4617.451,0.016194565668864236
4622.586525695622,0.0,4617.917,-0.02302113514969828
4623.052042969106,0.0,4618.38,0.05541026648742675
4623.51756024259,0.0,4618.846,0.011837193434794058
4623.983077516074,0.0,4619.311,0.022730559091162617
4624.448594789558,0.0,4619.777,-0.027378377526154685
4624.914112063042,0.0,4620.244,-0.018663892773242097
4625.379629336526,0.0,4620.709,-0.025199756337926482
4625.84514661001,0.0,4621.175,0.02490918027939082
4626.310663883493,0.0,4621.64,0.02490918027939082
4626.776181156978,0.0,4622.103,-0.025199756337926482
4627.241698430462,0.0,4622.566,0.0009439576360392721
4627.707215703946,0.0,4623.029,-0.03609299213668127
4628.172732977429,0.0,4623.499,0.011837193434794058
4628.638250250913,0.0,4623.963,-0.0164851417273999
4629.103767524398,0.0,4624.425,0.02055180804532064
4629.569284797882,0.0,4624.891,-0.027378377526154685
4630.034802071365,0.0,4625.359,0.057588887675654954
4630.500319344849,0.0,4625.824,-0.02302113514969828
4630.965836618333,0.0,4626.288,-0.5306463648875557
4631.431353891817,0.0,4626.754,-0.003413284740417133
4631.8968711653015,0.0,4627.219,-0.025199756337926482
4632.362388438785,0.0,4627.685,0.02055180804532064
4632.827905712269,0.0,4628.152,0.02055180804532064
4633.293422985753,0.0,4628.61,0.029266422655847224
4633.758940259237,0.0,4629.078,0.02490918027939082
4634.224457532721,0.0,4629.54,0.02490918027939082
4634.689974806205,0.0,4630.01,0.02708780146761902
4635.155492079689,0.0,4630.473,0.0031227086818812477
4635.621009353173,0.0,4630.939,-0.02302113514969828
4636.086526626656,0.0,4631.401,0.029266422655847224
4636.55204390014,0.0,4631.867,-0.3607117046263226
4637.017561173625,0.0,4632.332,0.0031227086818812477
4637.483078447109,0.0,4632.798,-0.0164851417273999
4637.9485957205925,0.0,4633.262,-0.03609299213668127
4638.414112994076,0.0,4633.728,0.029266422655847224
4638.87963026756,0.0,4634.193,0.02055180804532064
4639.345147541045,0.0,4634.659,0.01837318685709244
4639.8106648145285,0.0,4635.122,-0.046986227935436053
4640.276182088012,0.0,4635.584,0.029266422655847224
4640.741699361496,0.0,4636.055,0.011837193434794058
4641.20721663498,0.0,4636.518,-0.3628904556721646
4641.672733908464,0.0,4636.981,0.029266422655847224
4642.138251181948,0.0,4637.451,-0.027378377526154685
4642.603768455432,0.0,4637.909,-0.025199756337926482
4643.069285728916,0.0,4638.38,-0.027378377526154685
4643.5348030024,0.0,4638.839,-0.027378377526154685
4644.0003202758835,0.0,4639.304,0.01837318685709244
4644.465837549368,0.0,4639.769,0.02055180804532064
4644.931354822852,0.0,4640.236,-0.027378377526154685
4645.396872096336,0.0,4640.702,0.02055180804532064
4645.8623893698195,0.0,4641.167,0.029266422655847224
4646.327906643303,0.0,4641.633,0.31466943432692585
4646.793423916787,0.0,4642.096,0.0009439576360392721
4647.258941190272,0.0,4642.566,-0.02302113514969828
4647.724458463756,0.0,4643.026,0.022730559091162617
4648.189975737239,0.0,4643.495,-0.02955712857199666
4648.655493010723,0.0,4643.959,0.01837318685709244
4649.121010284207,0.0,4644.421,-0.027378377526154685
4649.586527557692,0.0,4644.887,0.01837318685709244
4650.052044831175,0.0,4645.352,0.029266422655847224
4650.517562104659,0.0,4645.818,0.02708780146761902
4650.983079378143,0.0,4646.285,0.02055180804532064
4651.448596651627,0.0,4646.75,-0.0012346635521889304
4651.914113925111,0.0,4647.215,0.011837193434794058
4652.379631198595,0.0,4647.68,-0.025199756337926482
4652.845148472079,0.0,4648.144,0.02490918027939082
4653.310665745563,0.0,4648.606,0.02490918027939082
4653.776183019047,0.0,4649.074,0.022730559091162617
4654.24170029253,0.0,4649.536,-0.020842513961470077
4654.707217566015,0.0,4649.999,0.02490918027939082
4655.172734839499,0.0,,
4655.638252112983,0.0,,
4656.103769386466,0.0,,
4656.56928665995,0.0,,
4657.034803933435,0.0,,
4657.500321206919,0.0,,
4657.965838480402,0.0,,
4658.431355753886,0.0,,
4658.89687302737,0.0,,
4659.362390300854,0.0,,
4659.8279075743385,0.0,,
4660.293424847822,0.0,,
4660.758942121306,0.0,,
4661.22445939479,0.0,,
4661.689976668274,0.0,,
4662.155493941758,0.0,,
4662.621011215242,0.0,,
4663.086528488726,0.0,,
4663.55204576221,0.0,,
4664.0175630356935,0.0,,
4664.483080309177,0.0,,
4664.948597582662,0.0,,
4665.414114856146,0.0,,
4665.8796321296295,0.0,,
4666.345149403113,0.0,,
4666.810666676597,0.0,,
4667.276183950082,0.0,,
4667.7417012235655,0.0,,
4668.207218497049,0.0,,
4668.672735770533,0.0,,
4669.138253044017,0.0,,
4669.603770317501,0.0,,
4670.069287590985,0.0,,
4670.534804864469,0.0,,
4671.000322137953,0.0,,
4671.465839411437,0.0,,
4671.9313566849205,0.0,,
4672.396873958405,0.0,,
4672.862391231889,0.0,,
4673.327908505373,0.0,,
4673.7934257788565,0.0,,
4674.25894305234,0.0,,
4674.724460325824,0.0,,
4675.189977599309,0.0,,
4675.655494872793,0.0,,
4676.121012146276,0.0,,
4676.58652941976,0.0,,
4677.052046693244,0.0,,
4677.517563966729,0.0,,
4677.983081240212,0.0,,
4678.448598513696,0.0,,
4678.91411578718,0.0,,
4679.379633060664,0.0,,
4679.845150334148,0.0,,
4680.310667607632,0.0,,
4680.776184881116,0.0,,
4681.2417021546,0.0,,
4681.707219428084,0.0,,
4682.172736701567,0.0,,
4682.638253975052,0.0,,
4683.103771248536,0.0,,
4683.56928852202,0.0,,
4684.034805795503,0.0,,
4684.500323068987,0.0,,
4684.965840342472,0.0,,
4685.431357615956,0.0,,
4685.8968748894395,0.0,,
4686.362392162923,0.0,,
4686.827909436407,0.0,,
4687.293426709891,0.0,,
4687.7589439833755,0.0,,
4688.224461256859,0.0,,
4688.689978530343,0.0,,
4689.155495803827,0.0,,
4689.621013077311,0.0,,
4690.086530350795,0.0,,
4690.552047624279,0.0,,
4691.017564897763,0.0,,
4691.483082171247,0.0,,
4691.9485994447305,0.0,,
4692.414116718214,0.0,,
4692.879633991699,0.0,,
4693.345151265183,0.0,,
4693.8106685386665,0.0,,
4694.27618581215,0.0,,
4694.741703085634,0.0,,
4695.207220359119,0.0,,
4695.672737632603,0.0,,
4696.138254906086,0.0,,
4696.60377217957,0.0,,
4697.069289453054,0.0,,
4697.534806726538,0.0,,
4698.000324000022,0.0,,
4698.465841273506,0.0,,
4698.93135854699,0.0,,
4699.396875820474,0.0,,
4699.8623930939575,0.0,,
4700.327910367442,0.0,,
4700.793427640926,0.0,,
4701.25894491441,0.0,,
4701.724462187894,0.0,,
4702.189979461377,0.0,,
4702.655496734861,0.0,,
4703.121014008346,0.0,,
4703.58653128183,0.0,,
4704.052048555313,0.0,,
4704.517565828797,0.0,,
4704.983083102281,0.0,,
4705.448600375766,0.0,,
4705.914117649249,0.0,,
4706.379634922733,0.0,,
4706.845152196217,0.0,,
4707.310669469701,0.0,,
4707.776186743185,0.0,,
4708.241704016669,0.0,,
4708.707221290153,0.0,,
4709.172738563637,0.0,,
4709.638255837121,0.0,,
4710.103773110604,0.0,,
4710.569290384089,0.0,,
4711.034807657573,0.0,,
4711.500324931057,0.0,,
4711.96584220454,0.0,,
4712.431359478024,0.0,,
4712.896876751508,0.0,,
4713.362394024993,0.0,,
4713.8279112984765,0.0,,
4714.29342857196,0.0,,
4714.758945845444,0.0,,
4715.224463118928,0.0,,
4715.6899803924125,0.0,,
4716.155497665896,0.0,,
4716.62101493938,0.0,,
4717.086532212864,0.0,,
4717.552049486348,0.0,,
4718.017566759832,0.0,,
4718.483084033316,0.0,,
4718.9486013068,0.0,,
4719.414118580284,0.0,,
4719.8796358537675,0.0,,
4720.345153127251,0.0,,
4720.810670400736,0.0,,
4721.27618767422,0.0,,
4721.7417049477035,0.0,,
4722.207222221187,0.0,,
4722.672739494671,0.0,,
4723.138256768156,0.0,,
4723.60377404164,0.0,,
4724.069291315123,0.0,,
4724.534808588607,0.0,,
4725.000325862091,0.0,,
4725.465843135575,0.0,,
4725.931360409059,0.0,,
4726.396877682543,0.0,,
4726.862394956027,0.0,,
4727.327912229511,0.0,,
4727.7934295029945,0.0,,
4728.258946776479,0.0,,
4728.724464049963,0.0,,
4729.189981323447,0.0,,
4729.655498596931,0.0,,
4730.121015870414,0.0,,
4730.586533143898,0.0,,
4731.052050417383,0.0,,
4731.517567690867,0.0,,
4731.98308496435,0.0,,
4732.448602237834,0.0,,
4732.914119511318,0.0,,
4733.379636784803,0.0,,
4733.845154058286,0.0,,
4734.31067133177,0.0,,
4734.776188605254,0.0,,
4735.241705878738,0.0,,
4735.707223152222,0.0,,
4736.172740425706,0.0,,
4736.63825769919,0.0,,
4737.103774972674,0.0,,
4737.569292246158,0.0,,
4738.034809519641,0.0,,
4738.500326793126,0.0,,
4738.96584406661,0.0,,
4739.431361340094,0.0,,
4739.896878613577,0.0,,
4740.362395887061,0.0,,
4740.827913160545,0.0,,
4741.29343043403,0.0,,
4741.7589477075135,0.0,,
4742.224464980997,0.0,,
4742.689982254481,0.0,,
4743.155499527965,0.0,,
4743.6210168014495,0.0,,
4744.086534074933,0.0,,
4744.552051348417,0.0,,
4745.017568621901,0.0,,
4745.483085895385,0.0,,
4745.948603168868,0.0,,
4746.414120442353,0.0,,
4746.879637715837,0.0,,
4747.345154989321,0.0,,
4747.8106722628045,0.0,,
4748.276189536288,0.0,,
4748.741706809773,0.0,,
4749.207224083257,0.0,,
4749.6727413567405,0.0,,
4750.138258630224,0.0,,
4750.603775903708,0.0,,
4751.069293177193,0.0,,
4751.534810450677,0.0,,
4752.00032772416,0.0,,
4752.465844997644,0.0,,
4752.931362271128,0.0,,
4753.396879544612,0.0,,
4753.862396818096,0.0,,
4754.32791409158,0.0,,
4754.793431365064,0.0,,
4755.258948638548,0.0,,
4755.7244659120315,0.0,,
4756.189983185516,0.0,,
4756.655500459,0.0,,
4757.121017732484,0.0,,
4757.586535005968,0.0,,
4758.052052279451,0.0,,
4758.517569552935,0.0,,
4758.98308682642,0.0,,
4759.448604099904,0.0,,
4759.914121373387,0.0,,
4760.379638646871,0.0,,
4760.845155920355,0.0,,
4761.31067319384,0.0,,
4761.776190467323,0.0,,
4762.241707740807,0.0,,
4762.707225014291,0.0,,
4763.172742287775,0.0,,
4763.638259561259,0.0,,
4764.103776834743,0.0,,
4764.569294108227,0.0,,
4765.034811381711,0.0,,
4765.500328655195,0.0,,
4765.965845928678,0.0,,
4766.431363202163,0.0,,
4766.896880475647,0.0,,
4767.362397749131,0.0,,
4767.827915022614,0.0,,
4768.293432296098,0.0,,
4768.758949569582,0.0,,
4769.224466843067,0.0,,
4769.6899841165505,0.0,,
4770.155501390034,0.0,,
4770.621018663518,0.0,,
4771.086535937002,0.0,,
4771.5520532104865,0.0,,
4772.01757048397,0.0,,
4772.483087757454,0.0,,
4772.948605030938,0.0,,
4773.414122304422,0.0,,
4773.879639577905,0.0,,
4774.34515685139,0.0,,
4774.810674124874,0.0,,
4775.276191398358,0.0,,
4775.7417086718415,0.0,,
4776.207225945325,0.0,,
4776.67274321881,0.0,,
4777.138260492294,0.0,,
4777.6037777657775,0.0,,
4778.069295039261,0.0,,
4778.534812312745,0.0,,
4779.000329586229,0.0,,
4779.465846859714,0.0,,
4779.931364133197,0.0,,
4780.396881406681,0.0,,
4780.862398680165,0.0,,
4781.327915953649,0.0,,
4781.793433227133,0.0,,
4782.258950500617,0.0,,
4782.724467774101,0.0,,
4783.189985047585,0.0,,
4783.6555023210685,0.0,,
4784.121019594553,0.0,,
4784.586536868037,0.0,,
4785.052054141521,0.0,,
4785.517571415005,0.0,,
4785.983088688488,0.0,,
4786.448605961972,0.0,,
4786.914123235457,0.0,,
4787.379640508941,0.0,,
4787.845157782424,0.0,,
4788.310675055908,0.0,,
4788.776192329392,0.0,,
4789.241709602877,0.0,,
4789.70722687636,0.0,,
4790.172744149844,0.0,,
4790.638261423328,0.0,,
4791.103778696812,0.0,,
4791.569295970296,0.0,,
4792.03481324378,0.0,,
4792.500330517264,0.0,,
4792.965847790748,0.0,,
4793.431365064232,0.0,,
4793.896882337715,0.0,,
4794.3623996112,0.0,,
4794.827916884684,0.0,,
4795.293434158168,0.0,,
4795.758951431651,0.0,,
4796.224468705135,0.0,,
4796.689985978619,0.0,,
4797.155503252104,0.0,,
4797.6210205255875,0.0,,
4798.086537799071,0.0,,
4798.552055072555,0.0,,
4799.017572346039,0.0,,
4799.4830896195235,0.0,,
4799.948606893007,0.0,,
4800.414124166491,0.0,,
4800.879641439975,0.0,,
4801.345158713459,0.0,,
4801.810675986942,0.0,,
4802.276193260427,0.0,,
4802.741710533911,0.0,,
4803.207227807395,0.0,,
4803.6727450808785,0.0,,
4804.138262354362,0.0,,
4804.603779627847,0.0,,
4805.069296901331,0.0,,
4805.5348141748145,0.0,,
4806.000331448298,0.0,,
4806.465848721782,0.0,,
4806.931365995266,0.0,,
4807.396883268751,0.0,,
4807.862400542234,0.0,,
4808.327917815718,0.0,,
4808.793435089202,0.0,,
4809.258952362686,0.0,,
4809.72446963617,0.0,,
4810.189986909654,0.0,,
4810.655504183138,0.0,,
4811.121021456622,0.0,,
4811.5865387301055,0.0,,
4812.052056003589,0.0,,
4812.517573277074,0.0,,
4812.983090550558,0.0,,
4813.448607824042,0.0,,
4813.914125097525,0.0,,
4814.379642371009,0.0,,
4814.845159644494,0.0,,
4815.310676917978,0.0,,
4815.776194191461,0.0,,
4816.241711464945,0.0,,
4816.707228738429,0.0,,
4817.172746011914,0.0,,
4817.638263285397,0.0,,
4818.103780558881,0.0,,
4818.569297832365,0.0,,
4819.034815105849,0.0,,
4819.500332379333,0.0,,
4819.965849652817,0.0,,
4820.431366926301,0.0,,
4820.896884199785,0.0,,
4821.362401473269,0.0,,
4821.827918746752,0.0,,
4822.293436020237,0.0,,
4822.758953293721,0.0,,
4823.224470567205,0.0,,
4823.689987840688,0.0,,
4824.155505114172,0.0,,
4824.621022387656,0.0,,
4825.086539661141,0.0,,
4825.5520569346245,0.0,,
4826.017574208108,0.0,,
4826.483091481592,0.0,,
4826.948608755076,0.0,,
4827.4141260285605,0.0,,
4827.879643302044,0.0,,
4828.345160575528,0.0,,
4828.810677849012,0.0,,
4829.276195122496,0.0,,
4829.741712395979,0.0,,
4830.207229669464,0.0,,
4830.672746942948,0.0,,
4831.138264216432,0.0,,
4831.6037814899155,0.0,,
4832.069298763399,0.0,,
4832.534816036884,0.0,,
4833.000333310368,0.0,,
4833.4658505838515,0.0,,
4833.931367857335,0.0,,
4834.396885130819,0.0,,
4834.862402404303,0.0,,
4835.327919677788,0.0,,
4835.793436951271,0.0,,
4836.258954224755,0.0,,
4836.724471498239,0.0,,
4837.189988771723,0.0,,
4837.655506045207,0.0,,
4838.121023318691,0.0,,
4838.586540592175,0.0,,
4839.052057865659,0.0,,
4839.5175751391425,0.0,,
4839.983092412626,0.0,,
4840.448609686111,0.0,,
4840.914126959595,0.0,,
4841.379644233079,0.0,,
4841.845161506562,0.0,,
4842.310678780046,0.0,,
4842.776196053531,0.0,,
4843.241713327015,0.0,,
4843.707230600498,0.0,,
4844.172747873982,0.0,,
4844.638265147466,0.0,,
4845.10378242095,0.0,,
4845.569299694434,0.0,,
4846.034816967918,0.0,,
4846.500334241402,0.0,,
4846.965851514886,0.0,,
4847.43136878837,0.0,,
4847.896886061854,0.0,,
4848.362403335338,0.0,,
4848.827920608822,0.0,,
4849.293437882306,0.0,,
4849.758955155789,0.0,,
4850.224472429274,0.0,,
4850.689989702758,0.0,,
4851.155506976242,0.0,,
4851.621024249725,0.0,,
4852.086541523209,0.0,,
4852.552058796693,0.0,,
4853.017576070178,0.0,,
4853.4830933436615,0.0,,
4853.948610617145,0.0,,
4854.414127890629,0.0,,
4854.879645164113,0.0,,
4855.3451624375975,0.0,,
4855.810679711081,0.0,,
4856.276196984565,0.0,,
4856.741714258049,0.0,,
4857.207231531533,0.0,,
4857.672748805016,0.0,,
4858.138266078501,0.0,,
4858.603783351985,0.0,,
4859.069300625469,0.0,,
4859.5348178989525,0.0,,
4860.000335172436,0.0,,
4860.465852445921,0.0,,
4860.931369719405,0.0,,
4861.3968869928885,0.0,,
4861.862404266372,0.0,,
4862.327921539856,0.0,,
4862.79343881334,0.0,,
4863.258956086825,0.0,,
4863.724473360308,0.0,,
4864.189990633792,0.0,,
4864.655507907276,0.0,,
4865.12102518076,0.0,,
4865.586542454244,0.0,,
4866.052059727728,0.0,,
4866.517577001212,0.0,,
4866.983094274696,0.0,,
4867.4486115481795,0.0,,
4867.914128821663,0.0,,
4868.379646095148,0.0,,
4868.845163368632,0.0,,
4869.310680642116,0.0,,
4869.776197915599,0.0,,
4870.241715189083,0.0,,
4870.707232462568,0.0,,
4871.172749736052,0.0,,
4871.638267009535,0.0,,
4872.103784283019,0.0,,
4872.569301556503,0.0,,
4873.034818829987,0.0,,
4873.500336103471,0.0,,
4873.965853376955,0.0,,
4874.431370650439,0.0,,
4874.896887923923,0.0,,
4875.362405197407,0.0,,
4875.827922470891,0.0,,
4876.293439744375,0.0,,
4876.758957017859,0.0,,
4877.224474291343,0.0,,
4877.689991564826,0.0,,
4878.15550883831,0.0,,
4878.621026111795,0.0,,
4879.086543385279,0.0,,
4879.5520606587625,0.0,,
4880.017577932246,0.0,,
4880.48309520573,0.0,,
4880.948612479215,0.0,,
4881.4141297526985,0.0,,
4881.879647026182,0.0,,
4882.345164299666,0.0,,
4882.81068157315,0.0,,
4883.2761988466345,0.0,,
4883.741716120118,0.0,,
4884.207233393602,0.0,,
4884.672750667086,0.0,,
4885.13826794057,0.0,,
4885.6037852140535,0.0,,
4886.069302487538,0.0,,
4886.534819761022,0.0,,
4887.000337034506,0.0,,
4887.4658543079895,0.0,,
4887.931371581473,0.0,,
4888.396888854958,0.0,,
4888.862406128442,0.0,,
4889.327923401926,0.0,,
4889.793440675409,0.0,,
4890.258957948893,0.0,,
4890.724475222377,0.0,,
4891.189992495862,0.0,,
4891.655509769345,0.0,,
4892.121027042829,0.0,,
4892.586544316313,0.0,,
4893.052061589797,0.0,,
4893.517578863281,0.0,,
4893.983096136765,0.0,,
4894.448613410249,0.0,,
4894.914130683733,0.0,,
4895.379647957217,0.0,,
4895.8451652307,0.0,,
4896.310682504185,0.0,,
4896.776199777669,0.0,,
4897.241717051153,0.0,,
4897.707234324636,0.0,,
4898.17275159812,0.0,,
4898.638268871605,0.0,,
4899.103786145089,0.0,,
4899.569303418572,0.0,,
4900.034820692056,0.0,,
4900.50033796554,0.0,,
4900.965855239024,0.0,,
4901.4313725125085,0.0,,
4901.896889785992,0.0,,
4902.362407059476,0.0,,
4902.82792433296,0.0,,
4903.293441606444,0.0,,
4903.758958879928,0.0,,
4904.224476153412,0.0,,
4904.689993426896,0.0,,
4905.15551070038,0.0,,
4905.621027973863,0.0,,
4906.086545247347,0.0,,
4906.552062520832,0.0,,
4907.017579794316,0.0,,
4907.4830970677995,0.0,,
4907.948614341283,0.0,,
4908.414131614767,0.0,,
4908.879648888252,0.0,,
4909.3451661617355,0.0,,
4909.810683435219,0.0,,
4910.276200708703,0.0,,
4910.741717982187,0.0,,
4911.207235255671,0.0,,
4911.672752529155,0.0,,
4912.138269802639,0.0,,
4912.603787076123,0.0,,
4913.069304349607,0.0,,
4913.5348216230905,0.0,,
4914.000338896575,0.0,,
4914.465856170059,0.0,,
4914.931373443543,0.0,,
4915.3968907170265,0.0,,
4915.86240799051,0.0,,
4916.327925263994,0.0,,
4916.793442537479,0.0,,
4917.258959810963,0.0,,
4917.724477084446,0.0,,
4918.18999435793,0.0,,
4918.655511631414,0.0,,
4919.121028904899,0.0,,
4919.586546178382,0.0,,
4920.052063451866,0.0,,
4920.51758072535,0.0,,
4920.983097998834,0.0,,
4921.448615272318,0.0,,
4921.914132545802,0.0,,
4922.379649819286,0.0,,
4922.84516709277,0.0,,
4923.310684366254,0.0,,
4923.776201639737,0.0,,
4924.241718913222,0.0,,
4924.707236186706,0.0,,
4925.17275346019,0.0,,
4925.638270733673,0.0,,
4926.103788007157,0.0,,
4926.569305280642,0.0,,
4927.034822554126,0.0,,
4927.500339827609,0.0,,
4927.965857101093,0.0,,
4928.431374374577,0.0,,
4928.896891648061,0.0,,
4929.3624089215455,0.0,,
4929.827926195029,0.0,,
4930.293443468513,0.0,,
4930.758960741997,0.0,,
4931.224478015481,0.0,,
4931.689995288965,0.0,,
4932.155512562449,0.0,,
4932.621029835933,0.0,,
4933.086547109417,0.0,,
4933.5520643829,0.0,,
4934.017581656384,0.0,,
4934.483098929869,0.0,,
4934.948616203353,0.0,,
4935.4141334768365,0.0,,
4935.87965075032,0.0,,
4936.345168023804,0.0,,
4936.810685297289,0.0,,
4937.2762025707725,0.0,,
4937.741719844256,0.0,,
4938.20723711774,0.0,,
4938.672754391224,0.0,,
4939.138271664708,0.0,,
4939.603788938192,0.0,,
4940.069306211676,0.0,,
4940.53482348516,0.0,,
4941.000340758644,0.0,,
4941.4658580321275,0.0,,
4941.931375305612,0.0,,
4942.396892579096,0.0,,
4942.86240985258,0.0,,
4943.3279271260635,0.0,,
4943.793444399547,0.0,,
4944.258961673031,0.0,,
4944.724478946516,0.0,,
4945.18999622,0.0,,
4945.655513493483,0.0,,
4946.121030766967,0.0,,
4946.586548040451,0.0,,
4947.052065313936,0.0,,
4947.517582587419,0.0,,
4947.983099860903,0.0,,
4948.448617134387,0.0,,
4948.914134407871,0.0,,
4949.3796516813545,0.0,,
4949.845168954839,0.0,,
4950.310686228323,0.0,,
4950.776203501807,0.0,,
4951.241720775291,0.0,,
4951.707238048774,0.0,,
4952.172755322259,0.0,,
4952.638272595743,0.0,,
4953.103789869227,0.0,,
4953.56930714271,0.0,,
4954.034824416194,0.0,,
4954.500341689679,0.0,,
4954.965858963163,0.0,,
4955.431376236646,0.0,,
4955.89689351013,0.0,,
4956.362410783614,0.0,,
4956.827928057098,0.0,,
4957.2934453305825,0.0,,
4957.758962604066,0.0,,
4958.22447987755,0.0,,
4958.689997151034,0.0,,
4959.155514424518,0.0,,
4959.621031698002,0.0,,
4960.086548971486,0.0,,
4960.55206624497,0.0,,
4961.017583518454,0.0,,
4961.483100791937,0.0,,
4961.948618065421,0.0,,
4962.414135338906,0.0,,
4962.87965261239,0.0,,
4963.3451698858735,0.0,,
4963.810687159357,0.0,,
4964.276204432841,0.0,,
4964.741721706326,0.0,,
4965.2072389798095,0.0,,
4965.672756253293,0.0,,
4966.138273526777,0.0,,
4966.603790800261,0.0,,
4967.069308073745,0.0,,
4967.534825347229,0.0,,
4968.000342620713,0.0,,
4968.465859894197,0.0,,
4968.931377167681,0.0,,
4969.3968944411645,0.0,,
4969.862411714649,0.0,,
4970.327928988133,0.0,,
4970.793446261617,0.0,,
4971.2589635351005,0.0,,
