EMG_time_ms,EMG_value,FORCE_time_ms,FORCE_newtons,Force_LPF,ENVELOPE_time_ms,EMG_Envelope
0.0,0.0,0.47,0.02342577968913817,0.023582805118969225,0.0,0.0
0.4655172734839499,0.0,0.932,0.0005393130965993809,0.02488272080666638,0.4655172734839499,0.0
0.9310345469678998,0.0,1.396,0.032140394299664754,0.02594457899324702,0.9310345469678998,0.0
1.3965518204518497,0.0,1.866,0.04303363009841954,0.026622544830714138,1.3965518204518497,0.0
1.8620690939357996,0.0,2.331,0.07789202361171887,0.026823938282668703,1.8620690939357996,0.0
2.3275863674197494,0.0,2.794,0.0016393080916288216,0.02652071557529441,2.3275863674197494,0.0
2.7931036409036993,0.0,3.26,0.02996177311143655,0.025749679030851333,2.7931036409036993,0.0
3.2586209143876492,0.0,3.725,0.011432548895354167,0.024601713297463853,3.2586209143876492,0.0
3.724138187871599,0.0,4.191,0.019068537312681988,0.023203365300133606,3.724138187871599,0.0
4.189655461355549,0.0,4.655,0.02124715850090997,0.021695489994045847,4.189655461355549,0.0
4.655172734839499,0.0,5.121,0.008175171656313207,0.02021329283533721,4.655172734839499,0.0
5.120690008323448,0.0,5.581,0.004896685330669559,0.01887081677365755,5.120690008323448,0.0
5.586207281807399,0.0,6.047,0.03649763667612116,0.01775144277083711,5.586207281807399,0.0
6.051724555291348,0.0,6.514,0.02124715850090997,0.016904472754057407,6.051724555291348,0.0
6.5172418287752985,0.0,6.977,0.02124715850090997,0.01634658995772731,6.5172418287752985,0.0
6.982759102259248,0.0,7.44,0.0016393080916288216,0.016066488008868878,6.982759102259248,0.0
7.448276375743198,0.0,7.91,0.01688978626683979,0.016031400902755583,7.448276375743198,0.0
7.913793649227148,0.0,8.374,0.019068537312681988,0.016194995508209922,7.913793649227148,0.0
8.379310922711097,0.0,8.836,0.012532543890383385,0.016506305752501255,8.379310922711097,0.0
8.844828196195047,0.0,9.301,0.010353922702155405,0.016919008486612052,8.844828196195047,0.0
9.310345469678998,0.0,9.766,0.03649763667612116,0.017399812068968363,9.310345469678998,0.0
9.775862743162946,0.0,10.231,0.019068537312681988,0.01793437309916408,9.775862743162946,0.0
10.241380016646897,0.0,10.695,0.027783022065594576,0.01852913883165857,10.241380016646897,0.0
10.706897290130847,0.0,11.161,0.019068537312681988,0.019208066246842882,10.706897290130847,0.0
11.172414563614797,0.0,11.626,0.01688978626683979,0.02000434244225009,11.172414563614797,0.0
11.637931837098746,0.0,12.092,0.019068537312681988,0.020948623229076178,11.637931837098746,0.0
12.103449110582696,0.0,12.559,0.011432548895354167,0.022056352071818042,12.103449110582696,0.0
12.568966384066647,0.0,13.024,0.019068537312681988,0.023317083467454987,12.568966384066647,0.0
13.034483657550597,0.0,13.492,0.011432548895354167,0.024688354888408884,13.034483657550597,0.0
13.500000931034545,0.0,13.955,0.025604400877366373,0.02609561951087142,13.500000931034545,0.0
13.965518204518496,0.0,14.418,0.058284173202437506,0.027438275096691986,13.965518204518496,0.0
14.431035478002446,0.0,14.88,0.02342577968913817,0.028600372646747668,14.431035478002446,0.0
14.896552751486396,0.0,15.346,0.008175171656313207,0.02946389611428246,14.896552751486396,0.0
15.362070024970345,0.0,15.812,0.025604400877366373,0.029922920392397287,15.362070024970345,0.0
15.827587298454295,0.0,16.277,0.019068537312681988,0.02989772216135954,15.827587298454295,0.0
16.293104571938244,0.0,16.743,0.08332808696779481,0.029347815850358405,16.293104571938244,0.0
16.758621845422194,0.0,17.209,0.019068537312681988,0.028281854360535454,16.758621845422194,0.0
17.224139118906145,0.0,17.673,0.019068537312681988,0.0267617773011242,17.224139118906145,0.0
17.689656392390095,0.0,18.138,0.02996177311143655,0.024899667092400064,17.689656392390095,0.0
18.155173665874045,0.0,18.603,0.012532543890383385,0.02284789989830837,18.155173665874045,0.0
18.620690939357996,0.0,19.07,0.03649763667612116,0.02078480466227256,18.620690939357996,0.0
19.086208212841946,0.0,19.532,0.004896685330669559,0.018898505465419227,19.086208212841946,0.0
19.551725486325893,0.0,19.995,0.0016393080916288216,0.017371447493440766,19.551725486325893,0.0
20.017242759809843,0.0,20.462,0.003817929279857024,0.016367789782305808,20.017242759809843,0.0
20.482760033293793,0.0,20.925,0.014711165078611588,0.016025130997165352,20.482760033293793,0.0
20.948277306777744,0.0,21.395,0.031040399304635313,0.016450484919889572,20.948277306777744,0.0
21.413794580261694,0.0,21.858,0.025604400877366373,0.01771833167552508,21.413794580261694,0.0
21.879311853745644,0.0,22.324,0.07571333749468367,0.019867023368520077,21.879311853745644,0.0
22.344829127229595,0.0,22.787,0.032140394299664754,0.022889981512059922,22.344829127229595,0.0
22.810346400713545,0.0,23.252,0.0016393080916288216,0.026720578913805325,22.810346400713545,0.0
23.275863674197492,0.0,23.718,0.010353922702155405,0.03121388301692527,23.275863674197492,0.0
23.741380947681442,0.0,24.183,0.003817929279857024,0.036132694490466216,23.741380947681442,0.0
24.206898221165392,0.0,24.648,0.005996550468085005,0.04114710333632353,24.206898221165392,0.0
24.672415494649343,0.0,25.114,0.02124715850090997,0.04585485329967151,24.672415494649343,0.0
25.137932768133293,0.0,25.581,0.004896685330669559,0.04982473313773659,25.137932768133293,0.0
25.603450041617243,0.0,26.046,0.034319015487892957,0.052658330812086145,25.603450041617243,0.0
26.068967315101194,0.0,26.507,0.3153647847825154,0.054058086620360615,26.068967315101194,0.0
26.53448458858514,0.0,26.976,0.028861778116407333,0.053883956451684804,26.53448458858514,0.0
27.00000186206909,0.0,27.44,0.019068537312681988,0.05218126010497094,27.00000186206909,0.0
27.46551913555304,0.0,27.903,0.04956962352071792,0.049170959718656065,27.46551913555304,0.0
27.93103640903699,0.0,28.366,0.010353922702155405,0.04520673168796177,27.93103640903699,0.0
28.396553682520942,0.0,28.836,0.019068537312681988,0.04071281872160898,28.396553682520942,0.0
28.862070956004892,0.0,29.301,0.008175171656313207,0.03611885016367175,28.862070956004892,0.0
29.327588229488843,0.0,29.766,0.02124715850090997,0.03180464355260429,29.327588229488843,0.0
29.793105502972793,0.0,30.231,0.032140394299664754,0.02806276037315405,29.793105502972793,0.0
30.25862277645674,0.0,30.695,0.03867625786434936,0.02508115181531663,30.25862277645674,0.0
30.72414004994069,0.0,31.161,0.012532543890383385,0.02294377820434576,30.72414004994069,0.0
31.18965732342464,0.0,31.626,0.019068537312681988,0.021644479402437206,31.18965732342464,0.0
31.65517459690859,0.0,32.091,0.056105487085402306,0.021108579391242506,31.65517459690859,0.0
32.12069187039254,0.0,32.551,0.008175171656313207,0.021216953684401706,32.12069187039254,0.0
32.58620914387649,0.0,33.017,0.04303363009841954,0.021828057693952675,32.58620914387649,0.0
33.05172641736044,0.0,33.484,0.025604400877366373,0.022794789623225353,33.05172641736044,0.0
33.51724369084439,0.0,33.947,0.0016393080916288216,0.023975007938924077,33.51724369084439,0.0
33.98276096432834,0.0,34.411,0.032140394299664754,0.025236478823343286,33.98276096432834,0.0
34.44827823781229,0.0,34.88,0.025604400877366373,0.02645828981230496,34.44827823781229,0.0
34.91379551129624,0.0,35.347,0.027783022065594576,0.027530993041738113,34.91379551129624,0.0
35.37931278478019,0.0,35.805,0.025604400877366373,0.028357233229753004,35.37931278478019,0.0
35.84483005826414,0.0,36.27,0.0070753065188977615,0.028854012319780104,35.84483005826414,0.0
36.31034733174809,0.0,36.737,0.034319015487892957,0.02895726674911299,36.31034733174809,0.0
36.77586460523204,0.0,37.203,0.019068537312681988,0.028628706344086683,36.77586460523204,0.0
37.24138187871599,0.0,37.669,0.058284173202437506,0.027863607071198213,37.24138187871599,0.0
37.70689915219994,0.0,38.135,0.04521225128664774,0.026696903182938006,37.70689915219994,0.0
38.17241642568389,0.0,38.6,0.019068537312681988,0.02520447268122512,38.17241642568389,0.0
38.63793369916784,0.0,39.066,0.01688978626683979,0.023497650048743077,38.63793369916784,0.0
39.103450972651785,0.0,39.529,0.008175171656313207,0.021711313850280134,39.103450972651785,0.0
39.56896824613574,0.0,39.991,0.02996177311143655,0.019987975987788866,39.56896824613574,0.0
40.034485519619686,0.0,40.459,0.02124715850090997,0.018461004991960607,40.034485519619686,0.0
40.50000279310364,0.0,40.921,0.0016393080916288216,0.017239601345388034,40.50000279310364,0.0
40.96552006658759,0.0,41.385,0.02124715850090997,0.016397366121953062,40.96552006658759,0.0
41.43103734007154,0.0,41.855,0.008175171656313207,0.01596579059340361,41.43103734007154,0.0
41.89655461355549,0.0,42.32,0.012532543890383385,0.015933517229434403,41.89655461355549,0.0
42.36207188703944,0.0,42.783,0.009253927707125964,0.016251486743092482,42.36207188703944,0.0
42.82758916052339,0.0,43.248,0.02996177311143655,0.016843142887427137,42.82758916052339,0.0
43.293106434007335,0.0,43.714,0.0027180641424413565,0.017617913584219547,43.293106434007335,0.0
43.75862370749129,0.0,44.18,0.04956962352071792,0.01848543081096638,43.75862370749129,0.0
44.224140980975235,0.0,44.64,0.019068537312681988,0.019367649100350767,44.224140980975235,0.0
44.68965825445919,0.0,45.106,0.02124715850090997,0.0202064218454243,44.68965825445919,0.0
45.155175527943136,0.0,45.571,0.019068537312681988,0.02096526762132833,45.155175527943136,0.0
45.62069280142709,0.0,46.036,0.02342577968913817,0.021625670808640352,45.62069280142709,0.0
46.08621007491104,0.0,46.507,0.019068537312681988,0.022179646522988632,46.08621007491104,0.0
46.551727348394984,0.0,46.969,0.012532543890383385,0.022621013339597058,46.551727348394984,0.0
47.01724462187894,0.0,47.437,0.02014716350588075,0.022937896616525316,47.01724462187894,0.0
47.482761895362884,0.0,47.899,0.02124715850090997,0.02310859085723218,47.482761895362884,0.0
47.94827916884684,0.0,48.367,0.02342577968913817,0.02310210792989762,47.94827916884684,0.0
48.413796442330785,0.0,48.829,0.019068537312681988,0.02288370744762188,48.413796442330785,0.0
48.87931371581474,0.0,49.294,0.004896685330669559,0.0224247490635907,48.87931371581474,0.0
49.344830989298686,0.0,49.762,0.04085500891019134,0.021715422204087904,49.344830989298686,0.0
49.81034826278263,0.0,50.22,0.019068537312681988,0.02077812977321762,49.81034826278263,0.0
50.275865536266586,0.0,50.685,0.03649763667612116,0.01967854349923001,50.275865536266586,0.0
50.74138280975053,0.0,51.15,0.01688978626683979,0.01853106267192884,50.74138280975053,0.0
51.20690008323449,0.0,51.615,0.027783022065594576,0.017496018694636083,51.20690008323449,0.0
51.672417356718434,0.0,52.081,0.02996177311143655,0.016767359041390862,51.672417356718434,0.0
52.13793463020239,0.0,52.555,0.009253927707125964,0.01655127304104095,52.13793463020239,0.0
52.603451903686334,0.0,53.013,0.017968542317652547,0.017037984887000958,52.603451903686334,0.0
53.06896917717028,0.0,53.481,0.009253927707125964,0.018370540595172628,53.06896917717028,0.0
53.534486450654235,0.0,53.944,0.008175171656313207,0.020615509542601072,53.534486450654235,0.0
54.00000372413818,0.0,54.407,0.019068537312681988,0.02374072897945124,54.00000372413818,0.0
54.465520997622136,0.0,54.877,0.014711165078611588,0.027604435075953726,54.465520997622136,0.0
54.93103827110608,0.0,55.335,0.05174824470894612,0.03195857368620483,54.93103827110608,0.0
55.396555544590036,0.0,55.805,0.0005393130965993809,0.03646722521612554,55.396555544590036,0.0
55.86207281807398,0.0,56.271,0.025604400877366373,0.040739367292173,55.86207281807398,0.0
56.32759009155794,0.0,56.736,0.025604400877366373,0.04437361261803664,56.32759009155794,0.0
56.793107365041884,0.0,57.195,0.019068537312681988,0.047010417700291775,56.793107365041884,0.0
57.25862463852583,0.0,57.666,0.2216828400413723,0.04838408876239428,57.25862463852583,0.0
57.724141912009785,0.0,58.125,0.032140394299664754,0.0483638909327516,57.724141912009785,0.0
58.18965918549373,0.0,58.592,0.02996177311143655,0.04697368302862844,58.18965918549373,0.0
58.655176458977685,0.0,59.057,0.03867625786434936,0.04438479109176648,58.655176458977685,0.0
59.12069373246163,0.0,59.525,0.02996177311143655,0.040885089678086066,59.12069373246163,0.0
59.586211005945586,0.0,59.987,0.019068537312681988,0.036833522327602,59.586211005945586,0.0
60.05172827942953,0.0,60.455,0.004896685330669559,0.03261097012624259,60.05172827942953,0.0
60.51724555291348,0.0,60.917,0.019068537312681988,0.028576628323261532,60.51724555291348,0.0
60.98276282639743,0.0,61.381,0.034319015487892957,0.025035770260130024,60.98276282639743,0.0
61.44828009988138,0.0,61.851,0.027783022065594576,0.022220958264321727,61.44828009988138,0.0
61.913797373365334,0.0,62.317,0.02014716350588075,0.020285307572855044,61.913797373365334,0.0
62.37931464684928,0.0,62.78,0.019068537312681988,0.019304322625431712,62.37931464684928,0.0
62.844831920333235,0.0,63.246,0.04846962852568848,0.019282358829412222,62.844831920333235,0.0
63.31034919381718,0.0,63.71,0.02124715850090997,0.02016037287890051,63.31034919381718,0.0
63.77586646730113,0.0,64.176,0.011432548895354167,0.02182285719395932,63.77586646730113,0.0
64.24138374078508,0.0,64.636,0.019068537312681988,0.024103587926515884,64.24138374078508,0.0
64.70690101426904,0.0,65.102,0.027783022065594576,0.026791586478395465,64.70690101426904,0.0
65.17241828775298,0.0,65.566,0.02342577968913817,0.029639659981436417,65.17241828775298,0.0
65.63793556123693,0.0,66.032,0.017968542317652547,0.03237772036693756,65.63793556123693,0.0
66.10345283472088,0.0,66.499,0.019068537312681988,0.034732181934531536,66.10345283472088,0.0
66.56897010820484,0.0,66.962,0.02124715850090997,0.03645140973723271,66.56897010820484,0.0
67.03448738168878,0.0,67.425,0.034319015487892957,0.037335262024014465,67.03448738168878,0.0
67.50000465517273,0.0,67.895,0.13235826753429936,0.03726421617139764,67.50000465517273,0.0
67.96552192865668,0.0,68.359,0.0016393080916288216,0.03622133376774841,67.96552192865668,0.0
68.43103920214062,0.0,68.821,0.08007064479994686,0.03430019260058912,68.43103920214062,0.0
68.89655647562458,0.0,69.287,0.01688978626683979,0.03169493087449268,68.89655647562458,0.0
69.36207374910853,0.0,69.752,0.0027180641424413565,0.02867355873614815,69.36207374910853,0.0
69.82759102259249,0.0,70.217,0.01688978626683979,0.025540205399370297,69.82759102259249,0.0
70.29310829607643,0.0,70.685,0.009253927707125964,0.022594172703397766,70.29310829607643,0.0
70.75862556956038,0.0,71.15,0.025604400877366373,0.02009319584233223,70.75862556956038,0.0
71.22414284304433,0.0,71.615,0.010353922702155405,0.01822599656794797,71.22414284304433,0.0
71.68966011652827,0.0,72.081,0.019068537312681988,0.017096480131273385,71.68966011652827,0.0
72.15517739001223,0.0,72.544,0.008175171656313207,0.016719851845723117,72.15517739001223,0.0
72.62069466349618,0.0,73.006,0.01688978626683979,0.017029677361442702,72.62069466349618,0.0
73.08621193698013,0.0,73.473,0.008175171656313207,0.01789407876101975,73.08621193698013,0.0
73.55172921046407,0.0,73.936,0.034319015487892957,0.019138467598781798,73.55172921046407,0.0
74.01724648394803,0.0,74.407,0.02996177311143655,0.020571407758401345,74.01724648394803,0.0
74.48276375743198,0.0,74.869,0.02342577968913817,0.022009679565688403,74.48276375743198,0.0
74.94828103091592,0.0,75.335,0.03649763667612116,0.023298829844828842,74.94828103091592,0.0
75.41379830439988,0.0,75.797,0.025604400877366373,0.0243265883325492,75.41379830439988,0.0
75.87931557788383,0.0,76.263,0.019068537312681988,0.025028172585188576,75.87931557788383,0.0
76.34483285136778,0.0,76.729,0.02668315692817913,0.025384166661925233,76.34483285136778,0.0
76.81035012485172,0.0,77.195,0.02124715850090997,0.025412919209174243,76.81035012485172,0.0
77.27586739833568,0.0,77.655,0.010353922702155405,0.02516000607470324,77.27586739833568,0.0
77.74138467181963,0.0,78.121,0.03867625786434936,0.024687201179947316,77.74138467181963,0.0
78.20690194530357,0.0,78.585,0.012532543890383385,0.024062766174762776,78.20690194530357,0.0
78.67241921878752,0.0,79.051,0.025604400877366373,0.02335399929046184,78.67241921878752,0.0
79.13793649227148,0.0,79.522,0.02124715850090997,0.022622198954232103,79.13793649227148,0.0
79.60345376575543,0.0,79.984,0.03649763667612116,0.021919668454469736,79.60345376575543,0.0
80.06897103923937,0.0,80.447,0.009253927707125964,0.021288115872365076,80.06897103923937,0.0
80.53448831272333,0.0,80.91,0.02124715850090997,0.020757819446555772,80.53448831272333,0.0
81.00000558620728,0.0,81.377,0.019068537312681988,0.020347208298265737,81.00000558620728,0.0
81.46552285969122,0.0,81.84,0.03649763667612116,0.020062776598591577,81.46552285969122,0.0
81.93104013317517,0.0,82.305,0.008175171656313207,0.019899301383029772,81.93104013317517,0.0
82.39655740665913,0.0,82.777,0.015789921129424345,0.01984038360311559,82.39655740665913,0.0
82.86207468014308,0.0,83.235,0.02124715850090997,0.019859603133520462,82.86207468014308,0.0
83.32759195362702,0.0,83.7,0.019068537312681988,0.01992282403275058,83.32759195362702,-7.408796433907181e-05
83.79310922711097,0.0,84.165,0.01688978626683979,0.019992047323459886,83.79310922711097,-8.716992922092872e-05
84.25862650059493,0.0,84.63,0.0070753065188977615,0.020030745374408267,84.25862650059493,-0.00011191525863364128
84.72414377407888,0.0,85.095,0.04303363009841954,0.020010080857438568,84.72414377407888,-0.00013135008733489433
85.18966104756282,0.0,85.562,0.01688978626683979,0.019914896727105395,85.18966104756282,-0.00013228142922246683
85.65517832104678,0.0,86.028,0.02342577968913817,0.01974800023051575,85.65517832104678,-0.0001230132379923025
86.12069559453073,0.0,86.496,0.019068537312681988,0.01953139704867149,86.12069559453073,-0.00011341815183403282
86.58621286801467,0.0,86.958,0.027783022065594576,0.01930384769177296,86.58621286801467,-0.00012595940374639033
87.05173014149862,0.0,87.421,0.008175171656313207,0.019115036570404753,87.05173014149862,-0.00012705933298113234
87.51724741498258,0.0,87.892,0.02996177311143655,0.01901738824482701,87.51724741498258,-0.00011763489010730826
87.98276468846653,0.0,88.35,0.0016393080916288216,0.019057053086699707,87.98276468846653,-0.00011205711655463996
88.44828196195047,0.0,88.821,0.019068537312681988,0.019265803343905794,88.44828196195047,-0.00010093446479079996
88.91379923543442,0.0,89.286,0.02342577968913817,0.019655433774160954,88.91379923543442,-8.921764551146346e-05
89.37931650891838,0.0,89.752,0.02124715850090997,0.020215714491417763,89.37931650891838,-8.141739761460042e-05
89.84483378240232,0.0,90.21,0.0005393130965993809,0.020916197602951235,89.84483378240232,-7.263235303605393e-05
90.31035105588627,0.0,90.677,0.010353922702155405,0.021711498428204034,90.31035105588627,-5.8401115509372424e-05
90.77586832937023,0.0,91.143,0.08442795210521026,0.02254898756238763,90.77586832937023,-6.388020333699883e-05
91.24138560285418,0.0,91.607,0.0005393130965993809,0.023377011028877407,91.24138560285418,-8.265713036452646e-05
91.70690287633812,0.0,92.073,0.02342577968913817,0.024151395018793785,91.70690287633812,-7.960199889386445e-05
92.17242014982207,0.0,92.536,0.009253927707125964,0.024838898340343946,92.17242014982207,-6.999868903782397e-05
92.63793742330603,0.0,93.006,0.027783022065594576,0.02541795326723722,92.63793742330603,-9.025384219929082e-05
93.10345469678997,0.0,93.469,0.02124715850090997,0.02587793894767139,93.10345469678997,-0.00011044937272059569
93.56897197027392,0.0,93.932,0.04956962352071792,0.026217714640298897,93.56897197027392,-0.0001235210574141402
94.03448924375787,0.0,94.396,0.04303363009841954,0.026443082731125615,94.03448924375787,-0.00010285471782411872
94.50000651724183,0.0,94.865,0.010353922702155405,0.026562521632210886,94.50000651724183,-5.809889435535009e-05
94.96552379072577,0.0,95.331,0.003817929279857024,0.026581470483475745,94.96552379072577,-2.2897037931434816e-05
95.43104106420972,0.0,95.794,0.02996177311143655,0.026497024696172843,95.43104106420972,-8.881676268518749e-07
95.89655833769368,0.0,96.259,0.01688978626683979,0.026295699336936554,95.89655833769368,9.194177434036587e-06
96.36207561117762,0.0,96.725,0.014711165078611588,0.02595608552897683,96.36207561117762,1.7572145747450527e-05
96.82759288466157,0.0,97.191,0.02996177311143655,0.02545626019065112,96.82759288466157,3.806989791044979e-05
97.29311015814552,0.0,97.651,0.0713560301894205,0.0247837665759392,97.29311015814552,6.075722932996496e-05
97.75862743162948,0.0,98.116,0.01688978626683979,0.023944660058603413,97.75862743162948,6.760351695773885e-05
98.22414470511342,0.0,98.581,0.01688978626683979,0.02296819050136855,98.22414470511342,7.373639265381306e-05
98.68966197859737,0.0,99.046,0.019068537312681988,0.02190543942983148,98.68966197859737,0.0001019357077443827
99.15517925208133,0.0,99.514,0.02124715850090997,0.02082271239619377,99.15517925208133,0.0001593438047223215
99.62069652556526,0.0,99.976,0.0005393130965993809,0.019792154592038678,99.62069652556526,0.00022084117225882553
100.08621379904922,0.0,100.444,0.025604400877366373,0.018882267025182486,100.08621379904922,0.0002814770996582194
100.55173107253317,0.0,100.906,0.02996177311143655,0.01815020928644233,100.55173107253317,0.00033225066855436245
101.01724834601713,0.0,101.37,0.014711165078611588,0.017636691788963287,101.01724834601713,0.00038747535397353866
101.48276561950107,0.0,101.84,0.0005393130965993809,0.017363485735677708,101.48276561950107,0.00043321186251181167
101.94828289298502,0.0,102.305,0.02014716350588075,0.017333406225888075,101.94828289298502,0.000463559637816778
102.41380016646897,0.0,102.769,0.01688978626683979,0.017532674460004737,102.41380016646897,0.00047998456411887176
102.87931743995291,0.0,103.235,0.019068537312681988,0.017935197206534168,102.87931743995291,0.0004951491976451963
103.34483471343687,0.0,103.7,0.04521225128664774,0.018507518440886526,103.34483471343687,0.0005363235691901176
103.81035198692082,0.0,104.165,0.01688978626683979,0.019212690673387614,103.81035198692082,0.0005922575553480413
104.27586926040478,0.0,104.625,0.01688978626683979,0.02001172362025083,104.27586926040478,0.0006481154715757815
104.74138653388871,0.0,105.091,0.0070753065188977615,0.02086261375398255,104.74138653388871,0.0006948717281914379
105.20690380737267,0.0,105.555,0.010353922702155405,0.02171850469042604,105.20690380737267,0.0007288544110328532
105.67242108085662,0.0,106.02,0.028861778116407333,0.022527229359031075,105.67242108085662,0.0007647676242924977
106.13793835434056,0.0,106.488,0.02124715850090997,0.023233864828287598,106.13793835434056,0.0008115053773015555
106.60345562782452,0.0,106.951,0.014711165078611588,0.02378648896885478,106.60345562782452,0.0008501571065306163
107.06897290130847,0.0,107.421,0.02996177311143655,0.02414394477879096,107.06897290130847,0.0008815164028556761
107.53449017479242,0.0,107.884,0.04303363009841954,0.024283531788400148,107.53449017479242,0.0009018702366686838
108.00000744827636,-0.00553902518004179,108.35,0.04521225128664774,0.02420616230083111,108.00000744827636,0.000916901234360466
108.46552472176032,-0.0015106431674212217,108.813,0.009253927707125964,0.02393684323630508,108.46552472176032,0.0009408159619166466
108.93104199524427,-0.002517738612368703,109.279,0.008175171656313207,0.023519701792360802,108.93104199524427,0.0009685485758289699
109.39655926872823,-0.0023498893715441227,109.744,0.02996177311143655,0.02300875251117832,109.39655926872823,0.0009775124865142044
109.86207654221217,-0.0011749446857720613,110.21,0.02996177311143655,0.022456991983942368,109.86207654221217,0.0009697307418588988
110.32759381569612,0.0005035477224737406,110.674,0.0016393080916288216,0.021906491689207438,110.32759381569612,0.000960655809294515
110.79311108918007,-0.0005035477224737406,111.14,0.027783022065594576,0.02138146649825413,110.79311108918007,0.0009509332549110478
111.25862836266401,-0.0021820401307195425,111.606,0.010353922702155405,0.020885608468872906,111.25862836266401,0.0009299667454699689
111.72414563614797,-0.0015106431674212217,112.065,0.019068537312681988,0.020404337247216957,111.72414563614797,0.0008927130562495073
112.18966290963192,0.000839246204122901,112.533,0.01688978626683979,0.0199117467718061,112.18966290963192,0.0008437199362241213
112.65518018311587,0.0011749446857720613,112.995,0.03867625786434936,0.019380983060350816,112.65518018311587,0.000827681526409431
113.12069745659981,0.000839246204122901,113.462,0.01688978626683979,0.018795921235384164,113.12069745659981,0.0008604491471750055
113.58621473008377,0.000839246204122901,113.925,0.012532543890383385,0.018161708244197734,113.58621473008377,0.0009202585861295848
114.05173200356772,0.0011749446857720613,114.395,0.02124715850090997,0.017512163695819982,114.05173200356772,0.0009871384131604102
114.51724927705166,0.0011749446857720613,114.858,0.02124715850090997,0.016912848824089294,114.51724927705166,0.0010428770853455438
114.98276655053562,0.000839246204122901,115.323,0.019068537312681988,0.01645926674738722,114.98276655053562,0.001068744959017847
115.44828382401957,-0.0023498893715441227,115.786,0.012532543890383385,0.016270010842026828,115.44828382401957,0.0010815987296490675
115.91380109750352,-0.003524834057316184,116.252,0.032140394299664754,0.016475016146817862,115.91380109750352,0.001112645519966111
116.37931837098746,-0.0021820401307195425,116.717,0.01688978626683979,0.01719958259243848,116.37931837098746,0.001170035114669281
116.84483564447142,-0.0018463416490703821,117.183,0.011432548895354167,0.018545526090004996,116.84483564447142,0.0012565718131386837
117.31035291795537,-0.0041962312534451485,117.648,0.02342577968913817,0.020571639515501887,117.31035291795537,0.0013791430243513857
117.77587019143931,-0.004531929735094309,118.114,0.01688978626683979,0.023276426680260514,117.77587019143931,0.0015258448384478796
118.24138746492326,-0.004364080261439085,118.578,0.008175171656313207,0.026586452028589943,118.24138746492326,0.0017036469021244295
118.70690473840722,-0.0021820401307195425,119.044,0.02124715850090997,0.030353375661071682,118.70690473840722,0.0019411391615685172
119.17242201189117,-0.0005035477224737406,119.507,0.025604400877366373,0.03436172584514297,119.17242201189117,0.0022235270476771473
119.63793928537511,-0.0011749446857720613,119.976,0.04303363009841954,0.03834767685881782,119.63793928537511,0.002496574784639724
120.10345655885907,-0.0021820401307195425,120.44,0.012532543890383385,0.042026781444418806,120.10345655885907,0.002751297901633946
120.56897383234302,-0.0031891355756670237,120.902,0.13453688872252756,0.04512632141857511,120.56897383234302,0.002950389257345974
121.03449110582696,-0.003524834057316184,121.37,0.03867625786434936,0.047416430458093774,121.03449110582696,0.0031342830792478664
121.50000837931091,-0.0028534370940178633,121.832,0.019068537312681988,0.04873432026916615,121.50000837931091,0.003346608539844714
121.96552565279487,-0.0028534370940178633,122.298,0.0713560301894205,0.048998296833128216,121.96552565279487,0.0035752355721355112
122.43104292627882,-0.0041962312534451485,122.763,0.0070753065188977615,0.04821165342224284,122.43104292627882,0.0037730337392483052
122.89656019976276,-0.004531929735094309,123.228,0.02342577968913817,0.04645868896555898,122.89656019976276,0.003987034792792014
123.36207747324671,-0.0031891355756670237,123.695,0.1606806676253002,0.04389484501897379,123.36207747324671,0.004206029731640045
123.82759474673067,-0.0011749446857720613,124.161,0.0016393080916288216,0.04073128376488472,123.82759474673067,0.004412978900374733
124.29311202021461,-0.000839246204122901,124.626,0.012532543890383385,0.037213451113688754,124.29311202021461,0.004603603881654833
124.75862929369856,-0.000839246204122901,125.092,0.019068537312681988,0.033594828981380546,124.75862929369856,0.004776298984013022
125.22414656718252,-0.0015106431674212217,125.552,0.032140394299664754,0.030109905217965856,125.22414656718252,0.0049498678619437535
125.68966384066647,-0.0011749446857720613,126.017,0.025604400877366373,0.026951443812397672,125.68966384066647,0.0051189198329536474
126.15518111415041,-0.0018463416490703821,126.481,0.027783022065594576,0.02425553803274775,126.15518111415041,0.005247081153841756
126.62069838763436,-0.0030212863348424435,126.95,0.0070753065188977615,0.02209549108467006,126.62069838763436,0.005355322443003377
127.08621566111832,-0.0041962312534451485,127.411,0.034319015487892957,0.02048396375393131,127.08621566111832,0.0054583395808590635
127.55173293460226,-0.004531929735094309,127.88,0.003817929279857024,0.019382093320910055,127.55173293460226,0.005547057631981143
128.0172502080862,-0.0028534370940178633,128.347,0.02124715850090997,0.018713810535209985,128.0172502080862,0.005613265163521469
128.48276748157016,-0.0018463416490703821,128.805,0.034319015487892957,0.018383078094628764,128.48276748157016,0.005685519223465591
128.94828475505412,-0.0018463416490703821,129.27,0.025604400877366373,0.01829133546030639,128.94828475505412,0.005762812399747639
129.41380202853807,-0.002517738612368703,129.737,0.02124715850090997,0.018352377193077963,129.41380202853807,0.005835173368909234
129.87931930202203,-0.003524834057316184,130.203,0.0005393130965993809,0.01850255587429279,129.87931930202203,0.005893510751087424
130.34483657550595,-0.003524834057316184,130.669,0.027783022065594576,0.018705445776338914,130.34483657550595,0.005929596662470817
130.8103538489899,-0.0028534370940178633,131.135,0.032140394299664754,0.018951188488099974,130.8103538489899,0.005954010985628431
131.27587112247386,-0.003524834057316184,131.6,0.02996177311143655,0.019251159794224645,131.27587112247386,0.005985417570926389
131.7413883959578,-0.0041962312534451485,132.065,0.008175171656313207,0.019628784224614972,131.7413883959578,0.006009305572806626
132.20690566944177,-0.00520332669839263,132.529,0.008175171656313207,0.020108027714745964,132.20690566944177,0.006003495478395936
132.67242294292572,-0.00587472366169095,132.991,0.011432548895354167,0.02070220725000302,132.67242294292572,0.005977144454606976
133.13794021640967,-0.00553902518004179,133.459,0.010353922702155405,0.02140628539461201,133.13794021640967,0.006031285667529724
133.6034574898936,-0.00553902518004179,133.921,0.015789921129424345,0.022195034659042084,133.6034574898936,0.0060170503251498276
134.06897476337755,-0.007217517588287592,134.392,0.028861778116407333,0.02302756320740923,134.06897476337755,0.005997880709719207
134.5344920368615,-0.008896009996533394,134.855,0.06264148050770069,0.023856491347017693,134.5344920368615,0.005982436472658923
135.00000931034546,-0.009567406959831715,135.321,0.0070753065188977615,0.0246384933708755,135.00000931034546,0.005984829596330706
135.46552658382942,-0.010238803923130035,135.784,0.017968542317652547,0.025342754111731796,135.46552658382942,0.00601699277379578
135.93104385731337,-0.0117494473233819,136.249,0.037576392726933694,0.025955148130520772,135.93104385731337,0.006066212053671952
136.39656113079732,-0.013763638213276863,136.714,0.04846962852568848,0.026477601749125813,136.39656113079732,0.006137236664248569
136.86207840428125,-0.015609979629516602,137.18,0.011432548895354167,0.02692318998012112,136.86207840428125,0.006175164697966728
137.3275956777652,-0.01426718570291996,137.644,0.02014716350588075,0.027308265582750534,137.3275956777652,0.006176628527058414
137.79311295124916,-0.011581597849726677,138.11,0.015789921129424345,0.027643849976796756,137.79311295124916,0.00619832695324699
138.2586302247331,-0.010238803923130035,138.577,0.011432548895354167,0.027929202954009753,138.2586302247331,0.006260720708007108
138.72414749821706,-0.010238803923130035,139.035,0.037576392726933694,0.02815003883525541,138.72414749821706,0.006350273469592011
139.18966477170102,-0.011581597849726677,139.503,0.02668315692817913,0.028282175374461073,139.18966477170102,0.006437305645137705
139.65518204518497,-0.014435035176575184,139.965,0.04846962852568848,0.028299319238027938,139.65518204518497,0.006499275875806513
140.1206993186689,-0.016281375661492348,140.433,0.02014716350588075,0.028182240057133465,140.1206993186689,0.00656432179721608
140.58621659215285,-0.01594567857682705,140.895,0.037576392726933694,0.027926342461323046,140.58621659215285,0.006653202265629065
141.0517338656368,-0.01493858266621828,141.366,0.037576392726933694,0.027545470709053107,141.0517338656368,0.0067350925279416555
141.51725113912076,-0.01359578873962164,141.829,0.0005393130965993809,0.02707106791471623,141.51725113912076,0.006762788133328916
141.9827684126047,-0.011581597849726677,142.294,0.06372023655851344,0.026547012191905164,141.9827684126047,0.006788172865055209
142.44828568608867,-0.010238803923130035,142.755,0.017968542317652547,0.0260213273933976,142.44828568608867,0.006849659952115361
142.91380295957262,-0.008224613033235073,143.22,0.0005393130965993809,0.0255365949372527,142.91380295957262,0.006915735904237537
143.37932023305655,-0.0038605325389653444,143.685,0.004896685330669559,0.02512144732154926,143.37932023305655,0.0070018223462948
143.8448375065405,-0.0001678492408245802,144.151,0.041933764961004094,0.024785691008052554,143.8448375065405,0.007062410983534913
144.31035478002445,-0.0001678492408245802,144.618,0.028861778116407333,0.024520667933739335,144.31035478002445,0.00706067165340968
144.7758720535084,0.000839246204122901,145.084,0.02014716350588075,0.02430452469217549,144.7758720535084,0.007040803024324478
145.24138932699236,0.004364080261439085,145.548,0.03539777153870571,0.024110385843580585,145.24138932699236,0.007060009640691299
145.70690660047632,0.00520332669839263,146.014,0.01688978626683979,0.023914988307531557,145.70690660047632,0.007103377698966834
146.17242387396027,0.0028534370940178633,146.477,0.03321915035047751,0.023705848565567508,146.17242387396027,0.007151992523730004
146.6379411474442,-0.0011749446857720613,146.947,0.009253927707125964,0.023485760708312445,146.6379411474442,0.007177535556369529
147.10345842092815,-0.0028534370940178633,147.407,0.037576392726933694,0.02327398002247793,147.10345842092815,0.0071807962852125165
147.5689756944121,-0.0011749446857720613,147.877,0.039755013915161896,0.02310378040827791,147.5689756944121,0.007192112201457127
148.03449296789606,-0.0001678492408245802,148.335,0.011432548895354167,0.023016352392422026,148.03449296789606,0.007248617737875525
148.50001024138,0.0003356984816491604,148.805,0.028861778116407333,0.023051601382597858,148.50001024138,0.007331098057910932
148.96552751486396,-0.000839246204122901,149.271,0.013611299941196142,0.02323745280106241,148.96552751486396,0.007396185100039525
149.43104478834792,-0.0015106431674212217,149.736,0.004896685330669559,0.02358030285058361,149.43104478834792,0.007427793166386316
149.89656206183184,-0.000839246204122901,150.195,0.011432548895354167,0.02405955826193782,149.89656206183184,0.0074407044869770145
150.3620793353158,0.0005035477224737406,150.663,0.028861778116407333,0.024628392244992418,150.3620793353158,0.007440712709129063
150.82759660879975,0.0028534370940178633,151.129,0.03321915035047751,0.025221002163953652,150.82759660879975,0.007405790459755477
151.2931138822837,0.0038605325389653444,151.596,0.037576392726933694,0.02576443159473641,151.2931138822837,0.007343010179592966
151.75863115576766,0.0038605325389653444,152.061,0.037576392726933694,0.02619145678167179,151.75863115576766,0.00727217677078092
152.2241484292516,0.004531929735094309,152.521,0.02668315692817913,0.026450905321380388,152.2241484292516,0.007187515092902404
152.68966570273557,0.00587472366169095,152.991,0.019068537312681988,0.026513006064508505,152.68966570273557,0.007080764363949806
153.1551829762195,0.00520332669839263,153.455,0.0441123861492323,0.02636920363892771,153.1551829762195,0.006925267223825921
153.62070024970345,0.004531929735094309,153.918,0.009253927707125964,0.0260274682837292,153.62070024970345,0.006740057595747509
154.0862175231874,0.004531929735094309,154.381,0.028861778116407333,0.025505111425291275,154.0862175231874,0.006555777250767509
154.55173479667135,0.00520332669839263,154.851,0.003817929279857024,0.024821550623567834,154.55173479667135,0.006364237368290598
155.0172520701553,0.006546120624989271,155.316,0.013611299941196142,0.023993380270261207,155.0172520701553,0.006188614615617386
155.48276934363926,0.007217517588287592,155.78,0.04846962852568848,0.023033289336810155,155.48276934363926,0.006020056081776943
155.94828661712322,0.006546120624989271,156.246,0.02014716350588075,0.021952869203944854,155.94828661712322,0.005848388960921683
156.41380389060714,0.0068818191066384315,156.71,0.02668315692817913,0.020767892457515345,156.41380389060714,0.005669674060090654
156.8793211640911,0.008896009996533394,157.175,0.017968542317652547,0.019504148952870465,156.8793211640911,0.005495617935104028
157.34483843757505,0.01040665339678526,157.64,0.005996550468085005,0.01820257200008976,157.34483843757505,0.00537340034307799
157.810355711059,0.010574501939117908,158.105,0.004896685330669559,0.016923386229555495,157.810355711059,0.005296483399013988
158.27587298454296,0.01191729586571455,158.571,0.017968542317652547,0.015749399232174312,158.27587298454296,0.005230134002209061
158.7413902580269,0.013763638213276863,159.036,0.03321915035047751,0.014787954915024746,158.7413902580269,0.005141827147177721
159.20690753151086,0.013931486755609512,159.499,0.037576392726933694,0.014169888793763751,159.20690753151086,0.005081041137791664
159.6724248049948,0.01191729586571455,159.962,0.011432548895354167,0.014043142947129852,159.6724248049948,0.005090597161287133
160.13794207847874,0.009231708012521267,160.425,0.003817929279857024,0.01455947054009478,160.13794207847874,0.005176712383018333
160.6034593519627,0.007888914085924625,160.895,0.017968542317652547,0.01585474513018291,160.6034593519627,0.005309851136088641
161.06897662544665,0.007888914085924625,161.359,0.024504535739950928,0.01802554214841662,161.06897662544665,0.005477546179159199
161.5344938989306,0.009567406959831715,161.821,0.013611299941196142,0.02110578634359893,161.5344938989306,0.005676982926601338
162.00001117241456,0.011581597849726677,162.287,0.015789921129424345,0.025047393464071338,162.00001117241456,0.005899540806086496
162.4655284458985,0.010574501939117908,162.752,0.02014716350588075,0.029708588387638207,162.4655284458985,0.006119857708128496
162.93104571938244,0.007217517588287592,163.217,0.017968542317652547,0.03485309430008194,162.93104571938244,0.006315770567403678
163.3965629928664,0.004867628216743469,163.681,0.02668315692817913,0.040162286531156235,163.3965629928664,0.006520709019879983
163.86208026635035,0.004867628216743469,164.147,0.039755013915161896,0.04526044715830119,163.86208026635035,0.006738932975998126
164.3275975398343,0.006210422143340111,164.614,0.11818641555228715,0.049750672629654207,164.3275975398343,0.006966365500834605
164.79311481331825,0.00520332669839263,165.08,0.024504535739950928,0.05325661978415906,164.79311481331825,0.007216600489683583
165.2586320868022,0.004531929735094309,165.54,0.02014716350588075,0.05546439963268464,165.2586320868022,0.007489578303412457
165.72414936028616,0.00587472366169095,166.01,0.027783022065594576,0.05615992350210308,165.72414936028616,0.007774793109458696
166.1896666337701,0.008224613033235073,166.473,0.11818641555228715,0.05525817678100271,166.1896666337701,0.008065842678984102
166.65518390725404,0.007888914085924625,166.936,0.15086612294855128,0.05282027944938629,166.65518390725404,0.008346464505832216
167.120701180738,0.007553216069936752,167.403,0.010353922702155405,0.04905291628742413,167.120701180738,0.008627312486530758
167.58621845422195,0.007553216069936752,167.866,0.011432548895354167,0.04428638173824887,167.58621845422195,0.008872818807532611
168.0517357277059,0.00587472366169095,168.332,0.05500562194798686,0.038933181461060166,168.0517357277059,0.009054928067825074
168.51725300118986,0.00520332669839263,168.795,0.0005393130965993809,0.03343528375925728,168.51725300118986,0.00916660894241678
168.9827702746738,0.007553216069936752,169.26,0.008175171656313207,0.0282106648045894,168.9827702746738,0.009243856887223189
169.44828754815777,0.009231708012521267,169.725,0.017968542317652547,0.02360838968540279,169.44828754815777,0.009324386116848746
169.9138048216417,0.007217517588287592,170.19,0.0070753065188977615,0.019878134508163867,169.9138048216417,0.009364635311434668
170.37932209512564,0.006210422143340111,170.655,0.04846962852568848,0.01715625540599766,170.37932209512564,0.009442051843034977
170.8448393686096,0.00587472366169095,171.121,0.0027180641424413565,0.015467055568565155,170.8448393686096,0.0095242916201088
171.31035664209355,0.006546120624989271,171.585,0.03321915035047751,0.014735685587822352,171.31035664209355,0.009556670661633692
171.7758739155775,0.007888914085924625,172.051,0.0005393130965993809,0.014808633285129299,171.7758739155775,0.009564769019808184
172.24139118906146,0.008560311049222946,172.521,0.011432548895354167,0.015478550598037696,172.24139118906146,0.00959025243164416
172.7069084625454,0.00553902518004179,172.983,0.004896685330669559,0.01651117142896857,172.7069084625454,0.009585562824129845
173.17242573602934,0.0018463416490703821,173.451,0.05174824470894612,0.0176724434289875,173.17242573602934,0.009566851685315578
173.6379430095133,-0.0001678492408245802,173.914,0.004896685330669559,0.018753628912389596,173.6379430095133,0.00955317555068235
174.10346028299725,-0.0011749446857720613,174.377,0.03539777153870571,0.019591712735791817,174.10346028299725,0.009525461437205328
174.5689775564812,-0.0015106431674212217,174.84,0.010353922702155405,0.02008278058414854,174.5689775564812,0.00948277594677163
175.03449482996515,-0.0021820401307195425,175.306,0.028861778116407333,0.020187129671806595,175.03449482996515,0.009411640317204822
175.5000121034491,-0.003524834057316184,175.77,0.02014716350588075,0.019926095069586678,175.5000121034491,0.00934345290969442
175.96552937693306,-0.00553902518004179,176.235,0.037576392726933694,0.01937146052308889,175.96552937693306,0.00929256420624034
176.431046650417,-0.0068818191066384315,176.7,0.009253927707125964,0.018629012410374304,176.431046650417,0.009233410611830122
176.89656392390094,-0.008896009996533394,177.166,0.0005393130965993809,0.017818634585910067,176.89656392390094,0.00914897714236185
177.3620811973849,-0.010910200886428356,177.633,0.003817929279857024,0.0170542678984666,177.3620811973849,0.009077426214848418
177.82759847086885,-0.012924391776323318,178.099,0.01688978626683979,0.016427403708243637,177.82759847086885,0.009026015304900437
178.2931157443528,-0.01426718570291996,178.566,0.0027180641424413565,0.01599688224650739,178.2931157443528,0.008939018078052561
178.75863301783676,-0.014435035176575184,179.032,0.05282700075975866,0.015785799212760347,178.75863301783676,0.008823920222700427
179.2241502913207,-0.01594567857682705,179.492,0.009253927707125964,0.015784302683848457,179.2241502913207,0.008699619966721271
179.68966756480464,-0.016281375661492348,179.955,0.008175171656313207,0.01595606886470438,179.68966756480464,0.00856705482011964
180.1551848382886,-0.016281375661492348,180.425,0.008175171656313207,0.016246635684591837,180.1551848382886,0.008433412359559085
180.62070211177254,-0.016281375661492348,180.887,0.02014716350588075,0.016592843549370722,180.62070211177254,0.00831891895208187
181.0862193852565,-0.017959868535399437,181.355,0.0070753065188977615,0.016933212160992816,181.0862193852565,0.008203520929867454
181.55173665874045,-0.01896696351468563,181.817,0.02668315692817913,0.0172186903049816,181.55173665874045,0.008102169110271598
182.0172539322244,-0.016952773556113243,182.283,0.037576392726933694,0.01742235332400292,182.0172539322244,0.008007135203638445
182.48277120570836,-0.01493858266621828,182.747,0.011432548895354167,0.017546067351159753,182.48277120570836,0.00789068042759361
182.94828847919229,-0.01426718570291996,183.213,0.009253927707125964,0.017622385087558375,182.94828847919229,0.007734669299163751
183.41380575267624,-0.016281375661492348,183.678,0.03321915035047751,0.01771095852002729,183.41380575267624,0.007601446248832189
183.8793230261602,-0.016617074608802795,184.143,0.005996550468085005,0.017889947666195557,183.8793230261602,0.007518649315269037
184.34484029964415,-0.013931486755609512,184.61,0.024504535739950928,0.01824365458867469,184.34484029964415,0.00746736997813139
184.8103575731281,-0.009567406959831715,185.076,0.02014716350588075,0.018847894396420706,184.8103575731281,0.007414211508984603
185.27587484661206,-0.007049668114632368,185.536,0.03539777153870571,0.01975476337118899,185.27587484661206,0.007336106227582435
185.741392120096,-0.006210422143340111,186.006,0.0016393080916288216,0.020978724137308818,185.741392120096,0.007221557300769703
186.20690939357993,-0.006210422143340111,186.469,0.003817929279857024,0.022486388181191162,186.20690939357993,0.007099323258938279
186.6724266670639,-0.0068818191066384315,186.932,0.028861778116407333,0.024192780954056387,186.6724266670639,0.00701742682504082
187.13794394054784,-0.006210422143340111,187.395,0.02668315692817913,0.025966577285802758,187.13794394054784,0.006990765358795647
187.6034612140318,-0.00553902518004179,187.865,0.008175171656313207,0.027645492612215113,187.6034612140318,0.006962134292476627
188.06897848751575,-0.003524834057316184,188.331,0.019068537312681988,0.029061236307120104,188.06897848751575,0.0068770511501772
188.5344957609997,-0.0023498893715441227,188.793,0.04629100733746028,0.030071768559678844,188.5344957609997,0.006728916345594713
189.00001303448366,-0.0028534370940178633,189.259,0.003817929279857024,0.030597020610812094,189.00001303448366,0.006551784521668163
189.46553030796758,-0.0041962312534451485,189.725,0.03539777153870571,0.030652599459084967,189.46553030796758,0.0063948914008809575
189.93104758145154,-0.004867628216743469,190.191,0.037576392726933694,0.030374484848438372,189.93104758145154,0.006234433275411443
190.3965648549355,-0.0041962312534451485,190.655,0.17700996678013103,0.030026629919111758,190.3965648549355,0.006082079677613711
190.86208212841944,-0.0031891355756670237,191.121,0.0027180641424413565,0.029983587043874535,190.86208212841944,0.005973727375031631
191.3275994019034,-0.0028534370940178633,191.581,0.037576392726933694,0.030683698102039313,191.3275994019034,0.005905383722984461
191.79311667538735,-0.000839246204122901,192.046,0.0005393130965993809,0.03255585059025759,191.79311667538735,0.005821978225978646
192.2586339488713,0.0018463416490703821,192.514,0.01688978626683979,0.03593161987038427,192.2586339488713,0.005724057774794215
192.72415122235523,0.0041962312534451485,192.976,0.013611299941196142,0.04096033400144753,192.72415122235523,0.005603604189000335
193.1896684958392,0.004531929735094309,193.44,0.025604400877366373,0.04754515177778174,193.1896684958392,0.005424737157939749
193.65518576932314,0.002517738612368703,193.91,0.02014716350588075,0.05531484302665962,193.65518576932314,0.005239422689545799
194.1207030428071,0.0011749446857720613,194.37,0.011432548895354167,0.06364059781195056,194.1207030428071,0.005104540496084167
194.58622031629105,0.0036926832981407642,194.84,0.0005393130965993809,0.0717007842303207,194.58622031629105,0.005016480341682093
195.051737589775,0.0038605325389653444,195.305,0.004896685330669559,0.07858882537509253,195.051737589775,0.004930504920152189
195.51725486325896,0.0038605325389653444,195.769,0.3469446270413641,0.08344970141550222,195.51725486325896,0.004865179393488978
195.98277213674288,0.004531929735094309,196.235,0.02014716350588075,0.08562033203273474,195.98277213674288,0.004785227888629093
196.44828941022683,0.0038605325389653444,196.7,0.3131860986654803,0.08474309313574595,196.44828941022683,0.004696559185702558
196.9138066837108,0.003524834057316184,197.166,0.037576392726933694,0.08082543610987113,196.9138066837108,0.004615814080355828
197.37932395719474,0.0031891355756670237,197.626,0.037576392726933694,0.07423248378444329,197.37932395719474,0.004544859375037489
197.8448412306787,0.0021820401307195425,198.091,0.017968542317652547,0.065617792581504,197.8448412306787,0.004425976533362058
198.31035850416265,-0.000839246204122901,198.556,0.037576392726933694,0.05581232887535555,198.31035850416265,0.004277257843910711
198.7758757776466,-0.0011749446857720613,199.021,0.011432548895354167,0.045697965668807496,198.7758757776466,0.004098353799491118
199.24139305113053,0.0018463416490703821,199.492,0.011432548895354167,0.0360895276047606,199.24139305113053,0.0039035819870155224
199.70691032461448,0.0021820401307195425,199.954,0.013611299941196142,0.027642538453012584,199.70691032461448,0.003686120784562257
200.17242759809844,0.0005035477224737406,200.418,0.0027180641424413565,0.020796169618630875,200.17242759809844,0.0034799754955473464
200.6379448715824,0.0005035477224737406,200.88,0.008175171656313207,0.01575402674406421,200.6379448715824,0.0033039538829318003
201.10346214506635,0.0011749446857720613,201.346,0.024504535739950928,0.012499628136691998,201.10346214506635,0.0031589687888181153
201.5689794185503,0.0021820401307195425,201.812,0.025604400877366373,0.010838901216954588,201.5689794185503,0.0030280381210835046
202.03449669203425,0.0011749446857720613,202.277,0.02668315692817913,0.010459101228826732,202.03449669203425,0.0029184234703387886
202.50001396551818,-0.0003356984816491604,202.744,0.037576392726933694,0.010992651670669758,202.50001396551818,0.002822151889713499
202.96553123900213,-0.0015106431674212217,203.21,0.011432548895354167,0.012075643963697822,202.96553123900213,0.0027615570878043332
203.4310485124861,-0.0021820401307195425,203.67,0.02014716350588075,0.013393657388037883,203.4310485124861,0.0027429158585347275
203.89656578597004,-0.0021820401307195425,204.135,0.0005393130965993809,0.014711208496322835,203.89656578597004,0.0027517461429791574
204.362083059454,-0.0028534370940178633,204.6,0.037576392726933694,0.015884398360935317,204.362083059454,0.0027773878771032343
204.82760033293795,-0.0038605325389653444,205.066,0.024504535739950928,0.016858468300181836,204.82760033293795,0.0028082722461452874
205.2931176064219,-0.0028534370940178633,205.536,0.008175171656313207,0.017653139514544655,205.2931176064219,0.002872573911370729
205.75863487990583,-0.0018463416490703821,205.998,0.0005393130965993809,0.01833952375589357,205.75863487990583,0.0029190957806761934
206.22415215338978,-0.0006713969632983208,206.466,0.0005393130965993809,0.01901330873685354,206.22415215338978,0.002997924743760478
206.68966942687373,-0.0018463416490703821,206.929,0.031040399304635313,0.01976915752687011,206.68966942687373,0.0031156891477178506
207.1551867003577,-0.004867628216743469,207.392,0.019068537312681988,0.02068012673679961,207.1551867003577,0.0032423475736145816
207.62070397384164,-0.008224613033235073,207.862,0.037576392726933694,0.021783835696212117,207.62070397384164,0.003337550072075214
208.0862212473256,-0.008560311049222946,208.32,0.009253927707125964,0.023075384051449408,208.0862212473256,0.003415544327956376
208.55173852080955,-0.007553216069936752,208.79,0.02124715850090997,0.02450645385358153,208.55173852080955,0.0035169393133257488
209.01725579429348,-0.006210422143340111,209.256,0.011432548895354167,0.025990331428953118,209.01725579429348,0.003621788285556507
209.48277306777743,-0.004867628216743469,209.722,0.028861778116407333,0.027412765200166563,209.48277306777743,0.0037241207865286773
209.94829034126138,-0.0041962312534451485,210.181,0.03867625786434936,0.028647964356314212,209.94829034126138,0.0038122138327843953
210.41380761474534,-0.00553902518004179,210.647,0.01688978626683979,0.029577802566723346,210.41380761474534,0.003881698535849086
210.8793248882293,-0.006210422143340111,211.113,0.028861778116407333,0.03011111286763536,210.8793248882293,0.00393930400362973
211.34484216171325,-0.00520332669839263,211.577,0.09857856514300578,0.030199338730182487,211.34484216171325,0.003987423350646418
211.8103594351972,-0.003524834057316184,212.043,0.02014716350588075,0.029844930942548246,211.8103594351972,0.004023457864978215
212.27587670868112,-0.0028534370940178633,212.51,0.003817929279857024,0.02910018651509379,212.27587670868112,0.004062304909463415
212.74139398216508,-0.003524834057316184,212.973,0.017968542317652547,0.0280569886568558,212.74139398216508,0.004111291864888194
213.20691125564903,-0.00553902518004179,213.44,0.011432548895354167,0.026830934449306353,213.20691125564903,0.004107770033354372
213.672428529133,-0.007553216069936752,213.903,0.04303363009841954,0.025544529871494286,213.672428529133,0.004090598796239894
214.13794580261694,-0.007553216069936752,214.366,0.013611299941196142,0.024312872460752824,214.13794580261694,0.0040779711929741745
214.6034630761009,-0.0068818191066384315,214.836,0.031040399304635313,0.023232994447362248,214.6034630761009,0.004103103041760397
215.06898034958485,-0.00553902518004179,215.301,0.037576392726933694,0.022376472031214265,215.06898034958485,0.004115597009222946
215.5344976230688,-0.003524834057316184,215.766,0.011432548895354167,0.021784513401813702,215.5344976230688,0.004141323025884
216.00001489655273,-0.0028534370940178633,216.231,0.0005393130965993809,0.021465180327726468,216.00001489655273,0.004122977845593208
216.46553217003668,-0.003524834057316184,216.696,0.037576392726933694,0.021393096153918684,216.46553217003668,0.004087481988844047
216.93104944352064,-0.0041962312534451485,217.161,0.02668315692817913,0.021512281614882427,216.93104944352064,0.004033291442458587
217.3965667170046,-0.00587472366169095,217.626,0.0005393130965993809,0.021742347664554587,217.3965667170046,0.004012230361131967
217.86208399048854,-0.008560311049222946,218.092,0.02668315692817913,0.02198760851105625,217.86208399048854,0.004011741048562171
218.3276012639725,-0.008560311049222946,218.551,0.037576392726933694,0.022148237400164177,218.3276012639725,0.004001786174703847
218.79311853745645,-0.007553216069936752,219.017,0.014711165078611588,0.022132269664646525,218.79311853745645,0.0039788582974195266
219.25863581094038,-0.006210422143340111,219.485,0.010353922702155405,0.021866968859658532,219.25863581094038,0.003935204458846142
219.72415308442433,-0.0041962312534451485,219.947,0.041933764961004094,0.0213080516107457,219.72415308442433,0.003927794838957602
220.18967035790828,-0.0015106431674212217,220.41,0.03539777153870571,0.020445510107315983,220.18967035790828,0.003911585783006582
220.65518763139224,-0.0018463416490703821,220.88,0.004896685330669559,0.019305112980273435,220.65518763139224,0.0038762975760934255
221.1207049048762,-0.0028534370940178633,221.346,0.010353922702155405,0.017945328043504634,221.1207049048762,0.003860524383256817
221.58622217836015,-0.003524834057316184,221.811,0.019068537312681988,0.016450481383050265,221.58622217836015,0.0038356310241443076
222.0517394518441,-0.003524834057316184,222.277,0.003817929279857024,0.01492177485242251,222.0517394518441,0.003814697411108477
222.51725672532802,-0.0038605325389653444,222.736,0.037576392726933694,0.013467676652126417,222.51725672532802,0.0037695201183506268
222.98277399881198,-0.0018463416490703821,223.202,0.0027180641424413565,0.012194469141923868,222.98277399881198,0.0037185162830849832
223.44829127229593,-0.0015106431674212217,223.666,0.0027180641424413565,0.011197213758631076,223.44829127229593,0.003668034657233572
223.9138085457799,-0.0028534370940178633,224.131,0.019068537312681988,0.010551473004616799,223.9138085457799,0.0036073514422130743
224.37932581926384,-0.0041962312534451485,224.596,0.010353922702155405,0.010306485486676613,224.37932581926384,0.003556195466858911
224.8448430927478,-0.003524834057316184,225.062,0.0005393130965993809,0.010480630091475315,224.8448430927478,0.003469697831577057
225.31036036623175,-0.0021820401307195425,225.525,0.004896685330669559,0.011059875737860813,225.31036036623175,0.0033154774344335875
225.77587763971567,-0.0015106431674212217,225.995,0.02014716350588075,0.011999640236205885,225.77587763971567,0.003142471889294072
226.24139491319963,-0.0015106431674212217,226.455,0.0070753065188977615,0.01323001325943847,226.24139491319963,0.003013977503039446
226.70691218668358,-0.0018463416490703821,226.924,0.024504535739950928,0.01466362515400032,226.70691218668358,0.002946088207263984
227.17242946016754,-0.0030212863348424435,227.385,0.01688978626683979,0.016204891953505884,227.17242946016754,0.0028747120320918914
227.6379467336515,-0.0028534370940178633,227.854,0.014711165078611588,0.01775925844758153,227.6379467336515,0.0027996742223698728
228.10346400713544,-0.001678492408245802,228.32,0.017968542317652547,0.019241372129606072,228.10346400713544,0.0027256890553509104
228.5689812806194,-0.0003356984816491604,228.783,0.02014716350588075,0.0205815662683221,228.5689812806194,0.002665758314440092
229.03449855410332,0.0011749446857720613,229.249,0.019068537312681988,0.021730297566531175,229.03449855410332,0.002587620142396332
229.50001582758728,0.0018463416490703821,229.714,0.04629100733746028,0.02266016268613465,229.50001582758728,0.002502479428460258
229.96553310107123,-0.0001678492408245802,230.179,0.011432548895354167,0.02336503011720001,229.96553310107123,0.0024444237072391356
230.43105037455518,-0.0021820401307195425,230.643,0.037576392726933694,0.023856077301096797,230.43105037455518,0.002379447681844894
230.89656764803914,-0.002517738612368703,231.109,0.009253927707125964,0.02415531903938881,230.89656764803914,0.002287448341819765
231.3620849215231,-0.0018463416490703821,231.573,0.0027180641424413565,0.024288244812262518,231.3620849215231,0.0021430861899360888
231.82760219500705,-0.0001678492408245802,232.039,0.02668315692817913,0.024277759333032032,231.82760219500705,0.002009283361094675
232.29311946849097,0.0011749446857720613,232.503,0.037576392726933694,0.024141157492797303,232.29311946849097,0.0019375371184762568
232.75863674197493,0.002517738612368703,232.972,0.03539777153870571,0.02389045264869288,232.75863674197493,0.0019350350356301211
233.22415401545888,0.0038605325389653444,233.433,0.014711165078611588,0.023534971019706016,233.22415401545888,0.001942257556454137
233.68967128894283,0.00520332669839263,233.895,0.0070753065188977615,0.023084762159313415,233.68967128894283,0.0019401049837263662
234.1551885624268,0.0038605325389653444,234.363,0.028861778116407333,0.022554002608061615,234.1551885624268,0.0019359540346359934
234.62070583591074,0.0011749446857720613,234.826,0.037576392726933694,0.021964118887358938,234.62070583591074,0.0018999318576903151
235.0862231093947,0.0001678492408245802,235.291,0.0070753065188977615,0.021346151920299598,235.0862231093947,0.0018460394245883712
235.55174038287862,-0.0001678492408245802,235.758,0.041933764961004094,0.0207414103786253,235.55174038287862,0.0018241210169413257
236.01725765636257,0.000839246204122901,236.224,0.010353922702155405,0.020199497458670928,236.01725765636257,0.0017667149746401303
236.48277492984653,0.002517738612368703,236.688,0.012532543890383385,0.019773428269369966,236.48277492984653,0.0017153287370402898
236.94829220333048,0.0018463416490703821,237.154,0.037576392726933694,0.01951232393995453,236.94829220333048,0.0016664836417866458
237.41380947681444,-0.0005035477224737406,237.619,0.013611299941196142,0.019452697093964844,237.41380947681444,0.0016306115466736295
237.8793267502984,-0.0021820401307195425,238.084,0.011432548895354167,0.019609611875336885,237.8793267502984,0.0015974779675471391
238.34484402378234,-0.0018463416490703821,238.552,0.024504535739950928,0.01996922053832602,238.34484402378234,0.0015926876216986543
238.81036129726627,-0.0018463416490703821,239.011,0.015789921129424345,0.020484387986701973,238.81036129726627,0.0015920626165756245
239.27587857075022,-0.0003356984816491604,239.481,0.0016393080916288216,0.02107507110776131,239.27587857075022,0.0016163268574214637
239.74139584423418,0.0018463416490703821,239.943,0.017968542317652547,0.02163463262993511,239.74139584423418,0.0016315655088449245
240.20691311771813,0.0001678492408245802,240.411,0.037576392726933694,0.02204230341422373,240.20691311771813,0.001614139338468458
240.67243039120208,-0.0021820401307195425,240.873,0.0027180641424413565,0.02218061989564392,240.67243039120208,0.0015632341894583053
241.13794766468604,-0.0030212863348424435,241.339,0.004896685330669559,0.021955185968152564,241.13794766468604,0.0015057911417377479
241.60346493817,-0.0021820401307195425,241.803,0.09749987402100002,0.02131295104045749,241.60346493817,0.0014651245886992098
242.06898221165392,-0.0005035477224737406,242.268,0.031040399304635313,0.020254567772476043,242.06898221165392,0.0014506630882680652
242.53449948513787,0.0011749446857720613,242.732,0.003817929279857024,0.018836876024898076,242.53449948513787,0.0014812966414353736
243.00001675862183,0.0021820401307195425,243.198,0.0005393130965993809,0.017164037513324973,243.00001675862183,0.0015454379467331257
243.46553403210578,0.0010070954449474812,243.663,0.0005393130965993809,0.015369746722941797,243.46553403210578,0.0015992378585081512
243.93105130558973,0.000839246204122901,244.129,0.004896685330669559,0.013595847866893405,243.93105130558973,0.0016253154385269656
244.3965685790737,0.0005035477224737406,244.597,0.02014716350588075,0.01197280729945775,244.3965685790737,0.0016376552081299577
244.86208585255764,0.0011749446857720613,245.055,0.011432548895354167,0.010605419337467937,244.86208585255764,0.0016542960141373044
245.32760312604157,0.002517738612368703,245.525,0.008175171656313207,0.009564697970848655,245.32760312604157,0.0016558564752440761
245.79312039952552,0.0018463416490703821,245.987,0.0070753065188977615,0.008885394766529976,245.79312039952552,0.0016430417830066491
246.25863767300947,0.0018463416490703821,246.455,0.011432548895354167,0.008568111497108634,246.25863767300947,0.0016099267066426001
246.72415494649343,0.0011749446857720613,246.917,0.0005393130965993809,0.00858499870587522,246.72415494649343,0.0015743157157718437
247.18967221997738,0.002517738612368703,247.381,0.011432548895354167,0.008888041716412517,247.18967221997738,0.0015468668187966401
247.65518949346134,0.0018463416490703821,247.851,0.004896685330669559,0.009418765727808061,247.65518949346134,0.0015279377497897952
248.1207067669453,-0.0001678492408245802,248.316,0.02668315692817913,0.010117874892216857,248.1207067669453,0.001492795514697028
248.58622404042922,-0.000839246204122901,248.78,0.02342577968913817,0.010933044084539075,248.58622404042922,0.0014943189669564736
249.05174131391317,0.0005035477224737406,249.246,0.0016393080916288216,0.01182317227859899,249.05174131391317,0.0015306824323105073
249.51725858739712,0.0031891355756670237,249.71,0.017968542317652547,0.012758211244671436,249.51725858739712,0.0016112980177212563
249.98277586088108,0.006378271151334047,250.176,0.013611299941196142,0.013715025100710909,249.98277586088108,0.0016927400890386429
250.44829313436503,0.007888914085924625,250.641,0.0027180641424413565,0.014670959295103246,250.44829313436503,0.001741003352488855
250.91381040784898,0.00553902518004179,251.107,0.015789921129424345,0.015597394489016802,250.91381040784898,0.0017655163625778605
251.37932768133294,0.0021820401307195425,251.566,0.011432548895354167,0.01645549064120977,251.37932768133294,0.0017945072164201187
251.84484495481686,0.0011749446857720613,252.032,0.0070753065188977615,0.017195741407297908,251.84484495481686,0.0018459119605725538
252.31036222830082,0.0001678492408245802,252.496,0.02014716350588075,0.017762006424939036,252.31036222830082,0.0019240172361483228
252.77587950178477,-0.000839246204122901,252.965,0.01688978626683979,0.018099540894201033,252.77587950178477,0.0019916474821843034
253.24139677526873,-0.0001678492408245802,253.425,0.024504535739950928,0.018165393360244447,253.24139677526873,0.0020098055722371513
253.70691404875268,0.0011749446857720613,253.895,0.037576392726933694,0.01793865268614443,253.70691404875268,0.0019999802223331135
254.17243132223663,0.0021820401307195425,254.359,0.013611299941196142,0.017427743752814313,254.17243132223663,0.0020246823787770088
254.6379485957206,0.0011749446857720613,254.821,0.02014716350588075,0.01667256142127353,254.6379485957206,0.0020735870959236206
255.1034658692045,0.0005035477224737406,255.287,0.02014716350588075,0.015740583640687252,255.1034658692045,0.0021025635577087186
255.56898314268847,0.0011749446857720613,255.751,0.0070753065188977615,0.014717684819479632,255.56898314268847,0.002160730297865847
256.0345004161724,0.003524834057316184,256.216,0.011432548895354167,0.013695600150712023,256.0345004161724,0.002216705402749331
256.5000176896564,0.0038605325389653444,256.68,0.009253927707125964,0.012758617490372236,256.5000176896564,0.0022184611793090213
256.9655349631403,0.002517738612368703,257.146,0.008175171656313207,0.011972109028661571,256.9655349631403,0.0021903831641156292
257.4310522366243,0.0011749446857720613,257.61,0.0016393080916288216,0.011375058520579927,257.4310522366243,0.0021770092533571193
257.89656951010824,0.0011749446857720613,258.076,0.003817929279857024,0.010977931442632226,257.89656951010824,0.002189005682321927
258.3620867835922,0.0011749446857720613,258.54,0.003817929279857024,0.010766162874073082,258.3620867835922,0.002236639826832425
258.82760405707614,-0.0001678492408245802,259.01,0.039755013915161896,0.010708213427188489,258.82760405707614,0.002306905795016972
259.2931213305601,-0.0011749446857720613,259.473,0.02014716350588075,0.010765802064430003,259.2931213305601,0.00235319946487852
259.75863860404405,-0.0018463416490703821,259.936,0.010353922702155405,0.010903255438002588,259.75863860404405,0.0023683990530488403
260.22415587752795,0.0010070954449474812,260.407,0.0070753065188977615,0.01109358529098743,260.22415587752795,0.00236641095784419
260.6896731510119,0.004531929735094309,260.869,0.0005393130965993809,0.011320694147665664,260.6896731510119,0.0023653377572028698
261.15519042449586,0.003524834057316184,261.335,0.004896685330669559,0.011578855652693482,261.15519042449586,0.002368010484608242
261.6207076979798,0.0018463416490703821,261.797,0.011432548895354167,0.011871258094030926,261.6207076979798,0.0023859835364932673
262.08622497146376,-0.0001678492408245802,262.263,0.003817929279857024,0.012208786780367771,262.08622497146376,0.002405745262121796
262.5517422449477,-0.0005035477224737406,262.729,0.04629100733746028,0.01260893894440394,262.5517422449477,0.0024156343494922483
263.0172595184317,0.0005035477224737406,263.195,0.02014716350588075,0.013093628455589411,263.0172595184317,0.0024573247628078367
263.4827767919156,0.002517738612368703,263.655,0.0005393130965993809,0.013684419555431575,263.4827767919156,0.00248459479199374
263.9482940653996,0.0011749446857720613,264.121,0.010353922702155405,0.014394790071492128,263.9482940653996,0.0024982997093296105
264.41381133888353,-0.0015106431674212217,264.588,0.017968542317652547,0.015220793335061832,264.41381133888353,0.0024775244037663455
264.8793286123675,-0.0028534370940178633,265.054,0.011432548895354167,0.016132762090867017,264.8793286123675,0.002488320158833911
265.34484588585144,-0.003524834057316184,265.522,0.0016393080916288216,0.017070842408811227,265.34484588585144,0.0024938732626422076
265.8103631593354,-0.003524834057316184,265.984,0.0005393130965993809,0.017946481581347457,265.8103631593354,0.0025533701982780976
266.27588043281935,-0.0031891355756670237,266.447,0.028861778116407333,0.01865088282884365,266.27588043281935,0.0026316276135260096
266.74139770630325,-0.0021820401307195425,266.91,0.009253927707125964,0.019069810320965844,266.74139770630325,0.002686323922144054
267.2069149797872,-0.000839246204122901,267.381,0.06917740900119229,0.01910214350994121,267.2069149797872,0.002695966296220024
267.67243225327115,-0.0015106431674212217,267.843,0.010353922702155405,0.018678105946578344,267.67243225327115,0.0027035650628940886
268.1379495267551,-0.0028534370940178633,268.309,0.010353922702155405,0.017773144044413686,268.1379495267551,0.0027247495006996894
268.60346680023906,-0.004531929735094309,268.773,0.010353922702155405,0.016415166950645765,268.60346680023906,0.0027512279915987608
269.068984073723,-0.004867628216743469,269.238,0.014711165078611588,0.014685170933956774,269.068984073723,0.002780576578817965
269.53450134720697,-0.0030212863348424435,269.703,0.008175171656313207,0.012712661762169161,269.53450134720697,0.002804748301533846
270.0000186206909,-0.0015106431674212217,270.168,0.011432548895354167,0.01066726317037326,270.0000186206909,0.0028017404579751813
270.4655358941749,-0.0028534370940178633,270.633,0.031040399304635313,0.008747137486370059,270.4655358941749,0.0027943205575874726
270.93105316765883,-0.00553902518004179,271.099,0.0005393130965993809,0.007164235410217836,270.93105316765883,0.0027702968619134306
271.3965704411428,-0.0068818191066384315,271.566,0.0005393130965993809,0.006126445651892203,271.3965704411428,0.0027708869189232797
271.86208771462674,-0.0068818191066384315,272.025,0.011432548895354167,0.0058174663090655625,271.86208771462674,0.0027974682069941636
272.3276049881107,-0.007217517588287592,272.492,0.0005393130965993809,0.006376180319360245,272.3276049881107,0.002834826748074588
272.79312226159465,-0.0068818191066384315,272.962,0.009253927707125964,0.007877873621913473,272.79312226159465,0.002839906984278826
273.25863953507854,-0.0041962312534451485,273.425,0.003817929279857024,0.010319653459115561,273.25863953507854,0.002830437311922827
273.7241568085625,-0.0031891355756670237,273.887,0.009253927707125964,0.01361215931185782,273.7241568085625,0.0028263706576268297
274.18967408204645,-0.0015106431674212217,274.359,0.02014716350588075,0.01757924963111507,274.18967408204645,0.0028047997047084333
274.6551913555304,-0.000839246204122901,274.821,0.005996550468085005,0.021966754714124233,274.6551913555304,0.00281049466749863
275.12070862901436,-0.0018463416490703821,275.287,0.03321915035047751,0.02646060830475847,275.12070862901436,0.0028821997914542296
275.5862259024983,-0.0028534370940178633,275.752,0.010353922702155405,0.030713749898469995,275.5862259024983,0.0029663721501294654
276.05174317598227,-0.002517738612368703,276.21,0.008175171656313207,0.03438007943213697,276.05174317598227,0.003009746382747641
276.5172604494662,-0.0011749446857720613,276.677,0.06372023655851344,0.03715225817283933,276.5172604494662,0.0030182723786504584
276.9827777229502,-0.0003356984816491604,277.143,0.10947180094176057,0.038798211982232246,276.9827777229502,0.0030211650906970026
277.44829499643413,-0.000839246204122901,277.607,0.024504535739950928,0.03918957900605514,277.44829499643413,0.002998239270710306
277.9138122699181,-0.0031891355756670237,278.072,0.05718424313621506,0.03831579134506771,277.9138122699181,0.002964659550996087
278.37932954340204,-0.0038605325389653444,278.54,0.003817929279857024,0.03628092778421687,278.37932954340204,0.002918978554224435
278.844846816886,-0.0021820401307195425,279.004,0.015789921129424345,0.033285338730108194,278.844846816886,0.002896309727130193
279.31036409036994,-0.0010070954449474812,279.466,0.05282700075975866,0.029597442423731354,279.31036409036994,0.0028992764529557537
279.77588136385384,-0.0005035477224737406,279.936,0.013611299941196142,0.02552160955788498,279.77588136385384,0.0028850308240563637
280.2413986373378,-0.0001678492408245802,280.396,0.011432548895354167,0.021366616330621004,280.2413986373378,0.0028573578314580756
280.70691591082175,-0.0005035477224737406,280.866,0.028861778116407333,0.017417520885144297,280.70691591082175,0.0028330072426183935
281.1724331843057,-0.0036926832981407642,281.325,0.0027180641424413565,0.013912848815400088,281.1724331843057,0.002833401980273947
281.63795045778966,-0.0041962312534451485,281.795,0.008175171656313207,0.011028394626164815,281.63795045778966,0.0028418847978150348
282.1034677312736,-0.0041962312534451485,282.261,0.011432548895354167,0.008868381578321897,282.1034677312736,0.0028432170489829578
282.56898500475756,-0.0038605325389653444,282.725,0.0027180641424413565,0.00746412445616381,282.56898500475756,0.002843714587192657
283.0345022782415,-0.0028534370940178633,283.191,0.003817929279857024,0.006779731642117326,283.0345022782415,0.0028326124950012097
283.5000195517255,-0.0028534370940178633,283.655,0.009253927707125964,0.00672378826699913,283.5000195517255,0.0028152397766126012
283.9655368252094,-0.003524834057316184,284.121,0.009253927707125964,0.00716543558666328,283.9655368252094,0.002786176966331729
284.4310540986934,-0.0031891355756670237,284.581,0.009253927707125964,0.007952847443353554,284.4310540986934,0.0027686891149195005
284.89657137217733,-0.003356984816491604,285.047,0.01688978626683979,0.008931892657883541,284.89657137217733,0.002781575764984409
285.3620886456613,-0.0031891355756670237,285.51,0.0027180641424413565,0.009962875686450358,285.3620886456613,0.002783387050108055
285.82760591914524,-0.003524834057316184,285.98,0.008175171656313207,0.010933643459595755,285.82760591914524,0.0028321889712920544
286.29312319262914,-0.0041962312534451485,286.44,0.034319015487892957,0.01176782912918279,286.29312319262914,0.0028616444658179723
286.7586404661131,-0.003524834057316184,286.91,0.02014716350588075,0.012427405233717907,286.7586404661131,0.0028431101392036606
287.22415773959705,-0.0028534370940178633,287.37,0.0005393130965993809,0.012909227824015997,287.22415773959705,0.002790031858537869
287.689675013081,-0.0021820401307195425,287.84,0.013611299941196142,0.013236247596322356,287.689675013081,0.002753039275644395
288.15519228656495,-0.0028534370940178633,288.306,0.0027180641424413565,0.013445398404385717,288.15519228656495,0.0027217827735622614
288.6207095600489,-0.0038605325389653444,288.769,0.01688978626683979,0.013575064702047418,288.6207095600489,0.0027249304212036357
289.08622683353286,-0.004867628216743469,289.235,0.0016393080916288216,0.013654935266811148,289.08622683353286,0.0026925225908474067
289.5517441070168,-0.0041962312534451485,289.7,0.02014716350588075,0.013700199509072652,289.5517441070168,0.0026667061135821684
290.01726138050077,-0.0028534370940178633,290.165,0.0070753065188977615,0.013710969070914592,290.01726138050077,0.0026577730399654624
290.4827786539847,-0.000839246204122901,290.63,0.008175171656313207,0.013676829113314264,290.4827786539847,0.002653157446503943
290.9482959274687,0.0001678492408245802,291.095,0.013611299941196142,0.01358560813715806,290.9482959274687,0.0026443518411466563
291.41381320095263,-0.000839246204122901,291.555,0.015789921129424345,0.013434734155205222,291.41381320095263,0.0026179103568048485
291.8793304744366,-0.0021820401307195425,292.02,0.025604400877366373,0.013242860204761087,291.8793304744366,0.0025603542281878305
292.34484774792054,-0.0028534370940178633,292.488,0.004896685330669559,0.013058942572808131,292.34484774792054,0.0024716176685339515
292.8103650214045,-0.0028534370940178633,292.951,0.017968542317652547,0.012965921059081608,292.8103650214045,0.0023941887954607717
293.2758822948884,-0.0011749446857720613,293.418,0.06154148551267147,0.013076656979610463,293.2758822948884,0.002365642025978074
293.74139956837234,0.0005035477224737406,293.88,0.0070753065188977615,0.013520773815869578,293.74139956837234,0.0024012283451109923
294.2069168418563,-0.0001678492408245802,294.346,0.0027180641424413565,0.014422762100057343,294.2069168418563,0.0024438521572552933
294.67243411534025,-0.002517738612368703,294.812,0.0016393080916288216,0.015874334663370977,294.67243411534025,0.0024550508777287107
295.1379513888242,-0.0041962312534451485,295.277,0.011432548895354167,0.01790669433478084,295.1379513888242,0.002442310198035434
295.60346866230816,-0.004867628216743469,295.744,0.004896685330669559,0.020469577635596717,295.60346866230816,0.0024276040367449694
296.0689859357921,-0.0031891355756670237,296.21,0.008175171656313207,0.023423048423501697,296.0689859357921,0.002429690817911368
296.53450320927607,-0.0005035477224737406,296.677,0.009253927707125964,0.026545690381577218,296.53450320927607,0.002479504263030086
297.00002048276,-0.000839246204122901,297.135,0.009253927707125964,0.02955987547600816,297.00002048276,0.002565971059797509
297.465537756244,-0.0023498893715441227,297.606,0.034319015487892957,0.03217141197781734,297.465537756244,0.002632733699253454
297.93105502972793,-0.0015106431674212217,298.065,0.03867625786434936,0.03411719720658212,297.93105502972793,0.002682115396970948
298.3965723032119,-0.0015106431674212217,298.533,0.17265259454606063,0.03521110727153902,298.3965723032119,0.0027034581445477316
298.86208957669584,-0.0021820401307195425,298.995,0.0070753065188977615,0.03537676342877406,298.86208957669584,0.0027354383379085707
299.3276068501798,-0.0028534370940178633,299.463,0.03539777153870571,0.034658034052856695,299.3276068501798,0.002755736663177586
299.7931241236637,-0.0015106431674212217,299.925,0.017968542317652547,0.03320459749345546,299.7931241236637,0.002730746676404816
300.25864139714764,-0.002517738612368703,300.392,0.0016393080916288216,0.03123775455826715,300.25864139714764,0.0026827794676942194
300.7241586706316,-0.003524834057316184,300.855,0.017968542317652547,0.029006771572337046,300.7241586706316,0.0026435253455521696
301.18967594411555,-0.0028534370940178633,301.32,0.01688978626683979,0.026746596043814408,301.18967594411555,0.0026133420440514685
301.6551932175995,-0.0021820401307195425,301.791,0.028861778116407333,0.024645093097166643,301.6551932175995,0.0025805353595165625
302.12071049108346,-0.0028534370940178633,302.257,0.004896685330669559,0.02282416459684995,302.12071049108346,0.002531377760664743
302.5862277645674,-0.0041962312534451485,302.721,0.004896685330669559,0.021335716583716136,302.5862277645674,0.0024803286944681674
303.05174503805137,-0.004364080261439085,303.187,0.028861778116407333,0.020170852384368665,303.05174503805137,0.0024693992997730533
303.5172623115353,-0.0036926832981407642,303.651,0.05500562194798686,0.019278539916834477,303.5172623115353,0.00249898020885414
303.9827795850193,-0.0028534370940178633,304.116,0.031040399304635313,0.01858824960585564,303.9827795850193,0.002519346381379395
304.4482968585032,-0.0030212863348424435,304.581,0.009253927707125964,0.018030522824024255,304.4482968585032,0.002520902731461476
304.9138141319872,-0.0031891355756670237,305.047,0.037576392726933694,0.01755090634715079,304.9138141319872,0.0025119408771384485
305.37933140547113,-0.003524834057316184,305.51,0.0005393130965993809,0.017115605760364742,305.37933140547113,0.002494224817487093
305.8448486789551,-0.0041962312534451485,305.973,0.011432548895354167,0.016710044405624992,305.8448486789551,0.0024726353611417675
306.310365952439,-0.0041962312534451485,306.436,0.008175171656313207,0.016333219301521786,306.310365952439,0.0025168504716353325
306.77588322592294,-0.003524834057316184,306.906,0.013611299941196142,0.01599114619774998,306.77588322592294,0.0025715179995384994
307.2414004994069,-0.0021820401307195425,307.37,0.0027180641424413565,0.015691996202285712,307.2414004994069,0.002611592444361189
307.70691777289085,-0.0028534370940178633,307.832,0.009253927707125964,0.015444129730459603,307.70691777289085,0.0026290391775241227
308.1724350463748,-0.0031891355756670237,308.298,0.06372023655851344,0.01525659362617527,308.1724350463748,0.0026377933836595332
308.63795231985875,-0.0028534370940178633,308.766,0.0016393080916288216,0.015140268962404694,308.63795231985875,0.0026553840326143186
309.1034695933427,-0.0028534370940178633,309.232,0.008175171656313207,0.015107433313832512,309.1034695933427,0.0026953063341087504
309.56898686682666,-0.0011749446857720613,309.696,0.015789921129424345,0.015168463642885575,309.56898686682666,0.002737905473254679
310.0345041403106,0.000839246204122901,310.155,0.032140394299664754,0.015326094788698869,310.0345041403106,0.00275340933975972
310.50002141379457,0.000839246204122901,310.622,0.0005393130965993809,0.015568859300698457,310.50002141379457,0.002753246920649309
310.9655386872785,0.0011749446857720613,311.087,0.003817929279857024,0.0158657514371642,310.9655386872785,0.002763874090189208
311.4310559607625,0.0028534370940178633,311.555,0.008175171656313207,0.016164231678820754,311.4310559607625,0.002774521822469943
311.89657323424643,0.003524834057316184,312.02,0.009253927707125964,0.016393402659710187,311.89657323424643,0.002780932253052115
312.3620905077304,0.002517738612368703,312.481,0.031040399304635313,0.016473108815694904,312.3620905077304,0.0028111916220988254
312.8276077812143,0.0018463416490703821,312.951,0.02014716350588075,0.01632800742675286,312.8276077812143,0.0028344402254813013
313.29312505469824,0.0011749446857720613,313.411,0.011432548895354167,0.015904206067236037,313.29312505469824,0.0028646214684894386
313.7586423281822,0.0021820401307195425,313.881,0.019068537312681988,0.015185575352753698,313.7586423281822,0.0028716733528706775
314.22415960166614,0.0018463416490703821,314.34,0.009253927707125964,0.014207236623746657,314.22415960166614,0.002869424151413189
314.6896768751501,0.0018463416490703821,314.81,0.010353922702155405,0.013064333667127236,314.6896768751501,0.0028596173040691076
315.15519414863405,0.0021820401307195425,315.276,0.02014716350588075,0.011914499697128716,315.15519414863405,0.0028408917731663113
315.620711422118,0.002517738612368703,315.74,0.037576392726933694,0.010972408244207945,315.620711422118,0.0028101019690540538
316.08622869560196,0.003524834057316184,316.206,0.011432548895354167,0.010494877895528158,316.08622869560196,0.0027918986511702723
316.5517459690859,0.004867628216743469,316.67,0.003817929279857024,0.01075579897543246,316.5517459690859,0.0027938764694634246
317.01726324256987,0.00587472366169095,317.136,0.037576392726933694,0.012011909099490644,317.01726324256987,0.0028074703654791143
317.4827805160538,0.00587472366169095,317.596,0.0005393130965993809,0.014462655156832009,317.4827805160538,0.002793588636282666
317.9482977895378,0.0038605325389653444,318.061,0.010353922702155405,0.01820930323260038,317.9482977895378,0.0027826427938469323
318.41381506302173,0.0010070954449474812,318.529,0.0016393080916288216,0.023219760832232657,318.41381506302173,0.0027678934601922493
318.8793323365057,0.000839246204122901,318.992,0.02014716350588075,0.029306032317159364,318.8793323365057,0.002742153055241371
319.3448496099896,0.0011749446857720613,319.455,0.008175171656313207,0.03612039864250684,319.3448496099896,0.002713887952185654
319.81036688347353,0.0011749446857720613,319.924,0.05718424313621506,0.04317412134942498,319.81036688347353,0.002726075583077587
320.2758841569575,0.002517738612368703,320.385,0.01688978626683979,0.04987918582568335,320.2758841569575,0.0027575849693888435
320.74140143044144,0.0041962312534451485,320.854,0.024504535739950928,0.05561005574683726,320.74140143044144,0.0027918082006189817
321.2069187039254,0.002517738612368703,321.32,0.03649763667612116,0.05977892787219721,321.2069187039254,0.002791536814189239
321.67243597740935,-0.0001678492408245802,321.783,0.26415598302778265,0.06191433501405862,321.67243597740935,0.0027590282420195404
322.1379532508933,-0.0021820401307195425,322.248,0.02668315692817913,0.06172980300574683,322.1379532508933,0.0027390938204090304
322.60347052437726,-0.003524834057316184,322.715,0.0016393080916288216,0.05916941993397144,322.60347052437726,0.0027799145696729955
323.0689877978612,-0.0031891355756670237,323.18,0.013611299941196142,0.05442268359927562,323.0689877978612,0.002795652814456311
323.53450507134517,-0.0015106431674212217,323.64,0.17810989684635337,0.04790877997831457,323.53450507134517,0.0028118927092012475
324.0000223448291,-0.0005035477224737406,324.105,0.0070753065188977615,0.04023492691696504,324.0000223448291,0.0027886790549215583
324.4655396183131,-0.0028534370940178633,324.57,0.011432548895354167,0.03213393549300371,324.4655396183131,0.00278287924097011
324.931056891797,-0.00553902518004179,325.035,0.011432548895354167,0.02438684470591983,324.931056891797,0.0027516412412825248
325.396574165281,-0.006210422143340111,325.503,0.013611299941196142,0.017739023194219838,325.396574165281,0.002744026029716872
325.8620914387649,-0.00553902518004179,325.966,0.0027180641424413565,0.012819859641836273,325.8620914387649,0.002787389980144713
326.32760871224883,-0.004531929735094309,326.436,0.004896685330669559,0.010075213541186722,326.32760871224883,0.002814536652209962
326.7931259857328,-0.004867628216743469,326.899,0.004896685330669559,0.009719300348165403,326.7931259857328,0.0028430279108471964
327.25864325921674,-0.00553902518004179,327.362,0.008175171656313207,0.011710257933456585,327.25864325921674,0.0028545124090175464
327.7241605327007,-0.00520332669839263,327.825,0.004896685330669559,0.0157517206464995,327.7241605327007,0.00287093528550821
328.18967780618465,-0.0031891355756670237,328.291,0.0070753065188977615,0.021321125222998553,328.18967780618465,0.002916320227511727
328.6551950796686,-0.0021820401307195425,328.756,0.0005393130965993809,0.027723908606011947,328.6551950796686,0.0029537733413674805
329.12071235315256,-0.0021820401307195425,329.221,0.0016393080916288216,0.03417079775130095,329.12071235315256,0.002973064254807332
329.5862296266365,-0.0021820401307195425,329.688,0.015789921129424345,0.039872469780972794,329.5862296266365,0.002992854762260121
330.05174690012046,-0.0021820401307195425,330.154,0.004896685330669559,0.044141545295980696,330.05174690012046,0.003013410080370256
330.5172641736044,-0.002517738612368703,330.619,0.3752670920611718,0.04648648048724566,330.5172641736044,0.0030239940748965385
330.98278144708837,-0.000839246204122901,331.085,0.004896685330669559,0.0466778674200101,330.98278144708837,0.003067251118548114
331.4482987205723,0.0005035477224737406,331.552,0.008175171656313207,0.044769846110706606,331.4482987205723,0.0031096405544418274
331.9138159940563,-0.0015106431674212217,332.01,0.0027180641424413565,0.041070746749084806,331.9138159940563,0.0031413925381233387
332.3793332675402,-0.0028534370940178633,332.481,0.008175171656313207,0.03607287989095966,332.3793332675402,0.003147350661058849
332.84485054102413,-0.002517738612368703,332.943,0.0005393130965993809,0.03036194116487562,332.84485054102413,0.0031670342592086025
333.3103678145081,-0.0018463416490703821,333.411,0.009253927707125964,0.024527263440119053,333.3103678145081,0.003191304666026806
333.77588508799204,-0.000839246204122901,333.873,0.0005393130965993809,0.019088427639980005,333.77588508799204,0.0032083504890937507
334.241402361476,-0.0001678492408245802,334.338,0.003817929279857024,0.014446518987107766,334.241402361476,0.003186806262307599
334.70691963495995,-0.0021820401307195425,334.801,0.02014716350588075,0.010861950431762064,334.70691963495995,0.00312799190106147
335.1724369084439,-0.0031891355756670237,335.267,0.017968542317652547,0.008455771630960987,335.1724369084439,0.0030776233534571193
335.63795418192785,-0.0028534370940178633,335.732,0.037576392726933694,0.0072279795588854005,335.63795418192785,0.003043311720406256
336.1034714554118,-0.0036926832981407642,336.198,0.0070753065188977615,0.0070849310073400965,336.1034714554118,0.003019230459503754
336.56898872889576,-0.003524834057316184,336.663,0.010353922702155405,0.007868708536523111,336.56898872889576,0.003011197889382817
337.0345060023797,-0.0011749446857720613,337.128,0.0070753065188977615,0.009383678963993593,337.0345060023797,0.00300261432642348
337.50002327586367,0.000839246204122901,337.596,0.0070753065188977615,0.011418280109123206,337.50002327586367,0.0029930809176876355
337.9655405493476,-0.000839246204122901,338.061,0.010353922702155405,0.013762091160559405,337.9655405493476,0.002957988025705503
338.4310578228316,-0.003524834057316184,338.522,0.0016393080916288216,0.016219039878660343,338.4310578228316,0.0029336970580201506
338.89657509631553,-0.00553902518004179,338.991,0.05500562194798686,0.01861741475398747,338.89657509631553,0.0029058822039474174
339.3620923697994,-0.00587472366169095,339.455,0.01688978626683979,0.02081671915577809,339.3620923697994,0.0028529971810576193
339.8276096432834,-0.00553902518004179,339.917,0.005996550468085005,0.02271104045512175,339.8276096432834,0.0027835206981999937
340.29312691676733,-0.004531929735094309,340.385,0.024504535739950928,0.024229042599878507,340.29312691676733,0.0027375539231981063
340.7586441902513,-0.0028534370940178633,340.847,0.028861778116407333,0.025331586448326875,340.7586441902513,0.0027249982774433094
341.22416146373524,-0.0018463416490703821,341.313,0.01688978626683979,0.026008386873141817,341.22416146373524,0.0027106950800357904
341.6896787372192,-0.0021820401307195425,341.779,0.03539777153870571,0.02627468472178901,341.6896787372192,0.002715742421255018
342.15519601070315,-0.004867628216743469,342.244,0.0027180641424413565,0.026168170204788344,342.15519601070315,0.0027325703159403296
342.6207132841871,-0.004867628216743469,342.711,0.06372023655851344,0.02574580233011551,342.6207132841871,0.0027527452859937482
343.08623055767106,-0.003524834057316184,343.177,0.011432548895354167,0.02507975230467287,343.08623055767106,0.002753528598643529
343.551747831155,-0.003524834057316184,343.636,0.03539777153870571,0.02425156617373252,343.551747831155,0.0027148748129495934
344.01726510463897,-0.0031891355756670237,344.102,0.02014716350588075,0.02334410453022888,344.01726510463897,0.002647573517670623
344.4827823781229,-0.002517738612368703,344.567,0.02668315692817913,0.022431851341942696,344.4827823781229,0.002601370309149043
344.9482996516069,-0.0028534370940178633,345.032,0.0070753065188977615,0.02157129165834654,344.9482996516069,0.002563279851523606
345.4138169250908,-0.003524834057316184,345.495,0.009253927707125964,0.020793755512633558,345.4138169250908,0.002533982661920668
345.8793341985747,-0.004531929735094309,345.965,0.014711165078611588,0.020103157704083937,345.8793341985747,0.0025276051279747485
346.3448514720587,-0.0041962312534451485,346.429,0.0070753065188977615,0.019480250509145307,346.3448514720587,0.002506108186143191
346.81036874554263,-0.003524834057316184,346.891,0.008175171656313207,0.018893346041554262,346.81036874554263,0.002420687865082636
347.2758860190266,-0.0005035477224737406,347.359,0.07353471630645547,0.01831331865451097,347.2758860190266,0.002375358432033783
347.74140329251054,0.0011749446857720613,347.821,0.028861778116407333,0.017728799985561396,347.74140329251054,0.0023301729148965614
348.2069205659945,-0.000839246204122901,348.287,0.0005393130965993809,0.01715690549260371,348.2069205659945,0.002250554461520224
348.67243783947845,-0.0041962312534451485,348.752,0.015789921129424345,0.016646364314972583,348.67243783947845,0.002141832079522459
349.1379551129624,-0.0036926832981407642,349.218,0.011432548895354167,0.016272867591548598,349.1379551129624,0.0020528590891009547
349.60347238644636,-0.0041962312534451485,349.684,0.013611299941196142,0.016128866985420695,349.60347238644636,0.0020105107734699665
350.0689896599303,-0.003524834057316184,350.15,0.015789921129424345,0.016310743736571126,350.0689896599303,0.0020170034425812705
350.53450693341426,-0.000839246204122901,350.615,0.0070753065188977615,0.016905678573648865,350.53450693341426,0.0020185536249713023
351.0000242068982,0.0011749446857720613,351.08,0.041933764961004094,0.01797965503270768,351.0000242068982,0.001986937335417266
351.46554148038217,-0.0001678492408245802,351.544,0.010353922702155405,0.01956732944102531,351.46554148038217,0.0019394224390133087
351.9310587538661,-0.0018463416490703821,352.006,0.019068537312681988,0.02166421475266277,351.9310587538661,0.0019132215037018984
352.39657602735,-0.0028534370940178633,352.477,0.02014716350588075,0.024221851569955637,352.39657602735,0.0019060853247544352
352.862093300834,-0.0010070954449474812,352.939,0.008175171656313207,0.02714707635334965,352.862093300834,0.0019106351262353533
353.32761057431793,0.000839246204122901,353.4,0.017968542317652547,0.03030648801548873,353.32761057431793,0.0019099052663691064
353.7931278478019,0.0011749446857720613,353.869,0.02668315692817913,0.03353626447884376,353.7931278478019,0.0018783732655834144
354.25864512128584,0.0011749446857720613,354.335,0.14325150333305403,0.03665565901613138,354.25864512128584,0.0018491809281284794
354.7241623947698,0.0011749446857720613,354.797,0.008175171656313207,0.039480804598903636,354.7241623947698,0.001817788731898908
355.18967966825375,0.0021820401307195425,355.263,0.011432548895354167,0.0418356988722036,355.18967966825375,0.0017913143545997792
355.6551969417377,0.0005035477224737406,355.729,0.0070753065188977615,0.043560250529544015,355.6551969417377,0.0017789046831293977
356.12071421522165,-0.0005035477224737406,356.194,0.013611299941196142,0.04451883674477631,356.12071421522165,0.001739500477121293
356.5862314887056,-0.0005035477224737406,356.659,0.0005393130965993809,0.044613264242031714,356.5862314887056,0.0016932253129909982
357.05174876218956,-0.000839246204122901,357.125,0.2107896042426175,0.04380005816699429,357.05174876218956,0.00167744595097936
357.5172660356735,-0.0003356984816491604,357.592,0.039755013915161896,0.04210621506066273,357.5172660356735,0.0017035667067960604
357.98278330915747,-0.0001678492408245802,358.05,0.037576392726933694,0.039634607662388396,357.98278330915747,0.0017240788500608403
358.4483005826414,-0.0001678492408245802,358.518,0.008175171656313207,0.03655328884361943,358.4483005826414,0.0017246565700895344
358.9138178561253,-0.0028534370940178633,358.98,0.003817929279857024,0.03307036235445427,358.9138178561253,0.0017093418507806903
359.3793351296093,-0.0038605325389653444,359.448,0.011432548895354167,0.029402451617746492,359.3793351296093,0.0016817120329193883
359.8448524030932,-0.0028534370940178633,359.91,0.014711165078611588,0.025746219154542064,359.8448524030932,0.0017049750274806441
360.3103696765772,-0.0015106431674212217,360.381,0.037576392726933694,0.022259367449664964,360.3103696765772,0.0017286841615658786
360.77588695006114,-0.000839246204122901,360.843,0.01688978626683979,0.01905291549565707,360.77588695006114,0.00174681346630091
361.2414042235451,0.0011749446857720613,361.309,0.037576392726933694,0.01619273676937102,361.2414042235451,0.0017874450668486246
361.70692149702904,0.0018463416490703821,361.773,0.017968542317652547,0.01370653092300727,361.70692149702904,0.0018134198497897402
362.172438770513,-0.000839246204122901,362.238,0.011432548895354167,0.011592597269286253,362.172438770513,0.0017824038932244832
362.63795604399695,-0.0018463416490703821,362.705,0.0005393130965993809,0.009828274950369038,362.63795604399695,0.001745507939633954
363.1034733174809,-0.0001678492408245802,363.17,0.0005393130965993809,0.008377724226921155,363.1034733174809,0.0017071728258548054
363.56899059096486,0.0011749446857720613,363.636,0.0005393130965993809,0.007199904991036343,363.56899059096486,0.001688829698395587
364.0345078644488,0.002517738612368703,364.095,0.008175171656313207,0.006257641073003864,364.0345078644488,0.0016813912961181137
364.50002513793277,0.0036926832981407642,364.567,0.01688978626683979,0.005527710621919196,364.50002513793277,0.0017054499407951243
364.9655424114167,0.0023498893715441227,365.025,0.0016393080916288216,0.005010680772873824,364.9655424114167,0.0017723092100445396
365.4310596849006,-0.0001678492408245802,365.495,0.011432548895354167,0.004738464464301626,365.4310596849006,0.001836376508929691
365.89657695838457,-0.0011749446857720613,365.958,0.0005393130965993809,0.004777634457218353,365.89657695838457,0.001876701775071371
366.3620942318685,-0.0011749446857720613,366.426,0.012532543890383385,0.005227132276392912,366.3620942318685,0.0019009947977585804
366.8276115053525,-0.0015106431674212217,366.888,0.017968542317652547,0.006209713164132809,366.8276115053525,0.001923190758509297
367.29312877883643,-0.0015106431674212217,367.359,0.014711165078611588,0.007857127981697687,367.29312877883643,0.0019966660523879102
367.7586460523204,-0.0010070954449474812,367.821,0.005996550468085005,0.010289889381541845,367.7586460523204,0.0020528632016770703
368.22416332580434,0.000839246204122901,368.287,0.0005393130965993809,0.013593690873519198,368.22416332580434,0.0020918644406822686
368.6896805992883,0.002517738612368703,368.752,0.01688978626683979,0.017795840230116176,368.6896805992883,0.0021406601919583047
369.15519787277225,0.0011749446857720613,369.21,0.0005393130965993809,0.02284573377613002,369.15519787277225,0.0021800356124147386
369.6207151462562,0.0003356984816491604,369.681,0.05174824470894612,0.02860296295343901,369.6207151462562,0.002220825521555808
370.08623241974016,-0.000839246204122901,370.14,0.0027180641424413565,0.0348352918635475,370.08623241974016,0.002255688147000178
370.5517496932241,-0.000839246204122901,370.606,0.09749987402100002,0.04122713105770515,370.5517496932241,0.0022886736964183147
371.01726696670806,-0.0001678492408245802,371.072,0.0005393130965993809,0.04739795441453052,371.01726696670806,0.0023289784061788603
371.482784240192,0.0021820401307195425,371.54,0.008175171656313207,0.0529297092589455,371.482784240192,0.0023860719465388248
371.9483015136759,0.0011749446857720613,372.003,0.13889419602779074,0.05740223636708524,371.9483015136759,0.0024484081383092096
372.41381878715987,-0.002517738612368703,372.466,0.009253927707125964,0.06043506400988289,372.41381878715987,0.0024613975866011263
372.8793360606438,-0.004867628216743469,372.936,0.0027180641424413565,0.061732416379853834,372.8793360606438,0.0024802423604257406
373.3448533341278,-0.00553902518004179,373.396,0.02668315692817913,0.06112652514173724,373.3448533341278,0.002482068038188331
373.81037060761173,-0.0031891355756670237,373.866,0.3360513912426093,0.05861216923301951,373.81037060761173,0.0025215380352587298
374.2758878810957,-0.0021820401307195425,374.331,0.0016393080916288216,0.05436273420506881,374.2758878810957,0.002551783012995472
374.74140515457964,-0.0015106431674212217,374.794,0.011432548895354167,0.04871833678214724,374.74140515457964,0.0025896555425387246
375.2069224280636,-0.0028534370940178633,375.26,0.014711165078611588,0.04214359444689981,375.2069224280636,0.002623315441739099
375.67243970154755,-0.005035477224737406,375.725,0.011432548895354167,0.03516364292399405,375.67243970154755,0.002633340220379438
376.1379569750315,-0.0057068741880357265,376.191,0.0016393080916288216,0.02829412925702801,376.1379569750315,0.0026323122494969235
376.60347424851545,-0.005035477224737406,376.651,0.01688978626683979,0.021980372468752632,376.60347424851545,0.0026112264988394545
377.0689915219994,-0.004867628216743469,377.116,0.0070753065188977615,0.016555578592091117,377.0689915219994,0.002631037565876044
377.53450879548336,-0.0041962312534451485,377.581,0.0005393130965993809,0.012222023210463598,377.53450879548336,0.002666625939277886
378.0000260689673,-0.0028534370940178633,378.046,0.004896685330669559,0.009054262130928187,378.0000260689673,0.002659269775652177
378.4655433424512,-0.0041962312534451485,378.514,0.04739087247487572,0.007019889610926452,378.4655433424512,0.0026551620018720177
378.93106061593517,-0.0041962312534451485,378.977,0.013611299941196142,0.006011063096967472,378.93106061593517,0.0026383464444701596
379.3965778894191,-0.004531929735094309,379.44,0.0027180641424413565,0.005879257507721855,379.3965778894191,0.0026193022448153143
379.8620951629031,-0.004364080261439085,379.91,0.008175171656313207,0.006466858138943941,379.8620951629031,0.002598204158060776
380.327612436387,-0.0038605325389653444,380.37,0.0070753065188977615,0.007631680614645205,380.327612436387,0.002592258371005592
380.793129709871,-0.0041962312534451485,380.839,0.010353922702155405,0.009262893317686085,380.793129709871,0.002545358196613172
381.25864698335494,-0.004364080261439085,381.305,0.0016393080916288216,0.011288156458330301,381.25864698335494,0.002477125558097689
381.7241642568389,-0.0031891355756670237,381.769,0.037576392726933694,0.013672202940329297,381.7241642568389,0.0024030910487238414
382.18968153032284,-0.0015106431674212217,382.235,0.037576392726933694,0.01640715729070796,382.18968153032284,0.002328908511680738
382.6551988038068,-0.0015106431674212217,382.7,0.009253927707125964,0.019495244350300426,382.6551988038068,0.0022501432810692183
383.12071607729075,-0.0021820401307195425,383.165,0.028861778116407333,0.02292574812548081,383.12071607729075,0.0021755947863097247
383.5862333507747,-0.0021820401307195425,383.626,0.010353922702155405,0.026650125732763867,383.5862333507747,0.002109352301403046
384.05175062425866,-0.0021820401307195425,384.092,0.0005393130965993809,0.03056112821648635,384.05175062425866,0.0021037149038669782
384.5172678977426,-0.0003356984816491604,384.559,0.0070753065188977615,0.03448243556896315,384.5172678977426,0.0021491882521287513
384.98278517122657,0.0011749446857720613,385.024,0.017968542317652547,0.03817396733158749,384.98278517122657,0.0022144397717547976
385.44830244471046,0.0011749446857720613,385.492,0.03321915035047751,0.041354587637507406,385.44830244471046,0.0022497690971482525
385.9138197181944,-0.0003356984816491604,385.955,0.13017958141726416,0.04373904578673991,385.9138197181944,0.0022574130942712802
386.3793369916784,-0.0011749446857720613,386.418,0.037576392726933694,0.04508140300650394,386.3793369916784,0.002270729437973271
386.8448542651623,-0.0028534370940178633,386.88,0.013611299941196142,0.04521519998386416,386.8448542651623,0.0023240133131024656
387.3103715386463,-0.0028534370940178633,387.347,0.08332808696779481,0.04408227449984018,387.3103715386463,0.0023612608328855244
387.77588881213023,-0.0028534370940178633,387.811,0.03321915035047751,0.04174583552450128,387.77588881213023,0.0024105253392836166
388.2414060856142,-0.0041962312534451485,388.277,0.08332808696779481,0.03838653367741817,388.2414060856142,0.002413300862916827
388.70692335909814,-0.00587472366169095,388.743,0.019068537312681988,0.03428222951506392,388.70692335909814,0.0024040655675586103
389.1724406325821,-0.004531929735094309,389.209,0.004896685330669559,0.02977420000788258,389.1724406325821,0.0024002003920470497
389.63795790606605,-0.0015106431674212217,389.673,0.024504535739950928,0.025225098837688174,389.63795790606605,0.00240227894788725
390.10347517955,-0.000839246204122901,390.139,0.009253927707125964,0.0209758842432883,390.10347517955,0.0024030889870999086
390.56899245303396,-0.000839246204122901,390.604,0.0005393130965993809,0.017308900292902576,390.56899245303396,0.002405140819172078
391.0345097265179,0.000839246204122901,391.069,0.0027180641424413565,0.014422460497825964,391.0345097265179,0.002429084331974778
391.50002700000186,0.0011749446857720613,391.532,0.011432548895354167,0.012419603981898553,391.50002700000186,0.002433412092686171
391.96554427348576,-0.0001678492408245802,391.995,0.02014716350588075,0.011310858325000736,391.96554427348576,0.002431304751750601
392.4310615469697,-0.0015106431674212217,392.462,0.028861778116407333,0.01102824262373299,392.4310615469697,0.002437079896080308
392.89657882045367,-0.0015106431674212217,392.925,0.017968542317652547,0.011446007581288989,392.89657882045367,0.002437955728169059
393.3620960939376,-0.000839246204122901,393.392,0.0070753065188977615,0.012403367342233547,393.3620960939376,0.002433251730890497
393.8276133674216,-0.0011749446857720613,393.862,0.013611299941196142,0.013725678913135109,393.8276133674216,0.002445348899524156
394.29313064090553,-0.0003356984816491604,394.32,0.0016393080916288216,0.015242291829410642,394.29313064090553,0.002428033747767136
394.7586479143895,0.0010070954449474812,394.791,0.037576392726933694,0.016800555629033518,394.7586479143895,0.0023922706195314107
395.22416518787344,0.0018463416490703821,395.256,0.0005393130965993809,0.0182757880966381,395.22416518787344,0.0023839913369316313
395.6896824613574,0.002517738612368703,395.715,0.04629100733746028,0.019576745681402954,395.6896824613574,0.0023897541447650055
396.15519973484135,0.0011749446857720613,396.18,0.037576392726933694,0.020646000273212513,396.15519973484135,0.0023799945829801163
396.6207170083253,-0.0001678492408245802,396.647,0.0016393080916288216,0.02145513858530535,396.6207170083253,0.0023932739181085614
397.08623428180925,0.0005035477224737406,397.113,0.010353922702155405,0.02199600558140424,397.08623428180925,0.002374439423770697
397.5517515552932,0.0005035477224737406,397.577,0.003817929279857024,0.022270808591623344,397.5517515552932,0.0023535119793594832
398.01726882877716,0.0011749446857720613,398.043,0.014711165078611588,0.022284628537619828,398.01726882877716,0.0023577821754099393
398.48278610226106,0.0018463416490703821,398.506,0.04739087247487572,0.02204289111264663,398.48278610226106,0.002393541194332105
398.948303375745,0.0021820401307195425,398.976,0.004896685330669559,0.021554087938591628,398.948303375745,0.0024201183686832673
399.41382064922897,0.0023498893715441227,399.44,0.004896685330669559,0.020835886365243306,399.41382064922897,0.002416107223270635
399.8793379227129,0.0021820401307195425,399.903,0.08332808696779481,0.01992164967964014,399.8793379227129,0.0024066683882826125
400.3448551961969,0.0011749446857720613,400.37,0.009253927707125964,0.018864232184466808,400.3448551961969,0.002410883070515944
400.81037246968083,0.0021820401307195425,400.832,0.013611299941196142,0.017734582434912622,400.81037246968083,0.0024184098767815734
401.2758897431648,0.002517738612368703,401.298,0.0070753065188977615,0.016614469015004588,401.2758897431648,0.0024193514975741105
401.74140701664874,0.0011749446857720613,401.762,0.004896685330669559,0.015585121331575103,401.74140701664874,0.0024462720137526923
402.2069242901327,-0.0010070954449474812,402.228,0.008175171656313207,0.014715273418627002,402.2069242901327,0.0025006517076822756
402.67244156361664,-0.0021820401307195425,402.692,0.019068537312681988,0.014052024059309923,402.67244156361664,0.0025454095886682645
403.1379588371006,-0.001678492408245802,403.158,0.009253927707125964,0.013616535598891933,403.1379588371006,0.0025699040924328253
403.60347611058455,-0.0028534370940178633,403.626,0.013611299941196142,0.013404958932178489,403.60347611058455,0.0026029019796848293
404.0689933840685,-0.0030212863348424435,404.085,0.0027180641424413565,0.01339378268900174,404.0689933840685,0.0026408752491621588
404.53451065755246,-0.0031891355756670237,404.551,0.031040399304635313,0.013548118874627998,404.53451065755246,0.0026749340034252925
405.00002793103636,-0.0031891355756670237,405.017,0.013611299941196142,0.013830996886509923,405.00002793103636,0.002685614626869515
405.4655452045203,-0.004531929735094309,405.485,0.011432548895354167,0.014211478675944765,405.4655452045203,0.002687964569279202
405.93106247800426,-0.006210422143340111,405.947,0.0441123861492323,0.01466956069426045,405.93106247800426,0.0026941056738834387
406.3965797514882,-0.0068818191066384315,406.41,0.0005393130965993809,0.01519654536311219,406.3965797514882,0.0027069594291287452
406.8620970249722,-0.007553216069936752,406.88,0.02014716350588075,0.01579075634990939,406.8620970249722,0.002733986855203551
407.3276142984561,-0.007721065077930689,407.346,0.011432548895354167,0.016449905558357802,407.3276142984561,0.0027546737530541
407.7931315719401,-0.007553216069936752,407.812,0.0005393130965993809,0.017162664549766393,407.7931315719401,0.0027538225921727366
408.25864884542403,-0.007217517588287592,408.27,0.009253927707125964,0.017902504131109363,408.25864884542403,0.0027138673957389247
408.724166118908,-0.00587472366169095,408.737,0.01688978626683979,0.018626346312188187,408.724166118908,0.002652828500857508
409.18968339239194,-0.003524834057316184,409.202,0.02014716350588075,0.01927913431434738,409.18968339239194,0.002606686969033976
409.6552006658759,-0.0011749446857720613,409.669,0.027783022065594576,0.01980354041543447,409.6552006658759,0.0025742894193651372
410.12071793935985,-0.0018463416490703821,410.135,0.014711165078611588,0.020152397153065715,410.12071793935985,0.002584569133988163
410.5862352128438,-0.0030212863348424435,410.596,0.05282700075975866,0.020300609998766813,410.5862352128438,0.0026052601437760053
411.05175248632776,-0.0028534370940178633,411.061,0.0070753065188977615,0.020253431739079144,411.05175248632776,0.002600290929145765
411.51726975981165,-0.0005035477224737406,411.529,0.0027180641424413565,0.020048913710595112,411.51726975981165,0.002589589745401918
411.9827870332956,0.0003356984816491604,411.991,0.06154148551267147,0.01975374097954665,411.9827870332956,0.00261033626539355
412.44830430677956,0.0001678492408245802,412.459,0.011432548895354167,0.019452933593295623,412.44830430677956,0.0026392407670439927
412.9138215802635,-0.0015106431674212217,412.921,0.02014716350588075,0.01923482275202989,412.9138215802635,0.0026575201552885923
413.37933885374747,-0.0031891355756670237,413.385,0.0005393130965993809,0.01917371631469196,413.37933885374747,0.002694796460001612
413.8448561272314,-0.0041962312534451485,413.854,0.009253927707125964,0.019313897959918044,413.8448561272314,0.0027713042688829862
414.3103734007154,-0.00520332669839263,414.32,0.0005393130965993809,0.019659240222974262,414.3103734007154,0.0027987901735818735
414.77589067419933,-0.0041962312534451485,414.783,0.0005393130965993809,0.020171865874870406,414.77589067419933,0.0027943842875933593
415.2414079476833,-0.0018463416490703821,415.249,0.019068537312681988,0.020780927082555047,415.2414079476833,0.002783259579877983
415.70692522116724,-0.0010070954449474812,415.714,0.09857856514300578,0.02139934315768485,415.70692522116724,0.00275148909268969
416.1724424946512,-0.0021820401307195425,416.18,0.0005393130965993809,0.021943427799522817,416.1724424946512,0.0027097637295241212
416.63795976813515,-0.0028534370940178633,416.644,0.014711165078611588,0.022349369973962373,416.63795976813515,0.0026638277919529526
417.1034770416191,-0.0021820401307195425,417.109,0.034319015487892957,0.02258231199891969,417.1034770416191,0.0026221476596954996
417.56899431510305,-0.0018463416490703821,417.574,0.03867625786434936,0.022636987113734665,417.56899431510305,0.0026160887954341933
418.03451158858695,-0.0018463416490703821,418.04,0.008175171656313207,0.02253143557141632,418.03451158858695,0.002616950235169189
418.5000288620709,-0.0021820401307195425,418.503,0.0005393130965993809,0.02229665231304686,418.5000288620709,0.0026005376419126485
418.96554613555486,-0.0028534370940178633,418.965,0.011432548895354167,0.021965725218543567,418.96554613555486,0.002563232556019896
419.4310634090388,-0.0031891355756670237,419.433,0.01688978626683979,0.02156599357352738,419.4310634090388,0.002485887977404569
419.89658068252277,-0.0015106431674212217,419.895,0.037576392726933694,0.021116392269321122,419.89658068252277,0.002437020268343829
420.3620979560067,-0.0001678492408245802,420.363,0.013611299941196142,0.020629812215170466,420.3620979560067,0.002436113597039082
420.8276152294907,-0.0001678492408245802,420.826,0.041933764961004094,0.020118299776669856,420.8276152294907,0.002442386278540403
421.29313250297463,-0.0001678492408245802,421.291,0.013611299941196142,0.01959820276815338,421.29313250297463,0.0024002373908985223
421.7586497764586,0.0011749446857720613,421.758,0.008175171656313207,0.01909292400664834,421.7586497764586,0.002324416265937212
422.22416704994254,0.002517738612368703,422.224,0.05174824470894612,0.018632110410856786,422.22416704994254,0.0022529455165410323
422.6896843234265,0.0031891355756670237,422.688,0.009253927707125964,0.018247241937345893,422.6896843234265,0.002176754322276821
423.15520159691044,0.0018463416490703821,423.153,0.0070753065188977615,0.01796452941294941,423.15520159691044,0.002088083554332613
423.6207188703944,-0.0001678492408245802,423.618,0.004896685330669559,0.017796983129874797,423.6207188703944,0.00201458564889704
424.08623614387835,-0.0011749446857720613,424.084,0.009253927707125964,0.017738283109423846,424.08623614387835,0.001974338506058976
424.55175341736225,-0.0006713969632983208,424.552,0.02014716350588075,0.017760941804359064,424.55175341736225,0.001965092930726338
425.0172706908462,0.000839246204122901,425.01,0.025604400877366373,0.017819915086426462,425.0172706908462,0.0019525619584033968
425.48278796433016,0.0028534370940178633,425.481,0.01688978626683979,0.017861000742869757,425.48278796433016,0.001912974776356185
425.9483052378141,0.004364080261439085,425.943,0.013611299941196142,0.01783207240379469,425.9483052378141,0.0018801372550037168
426.41382251129806,0.0021820401307195425,426.411,0.011432548895354167,0.017694808882966984,426.41382251129806,0.0018618516979548333
426.879339784782,-0.0001678492408245802,426.873,0.05174824470894612,0.017434714391589053,426.879339784782,0.0018150584354378455
427.344857058266,-0.0001678492408245802,427.339,0.009253927707125964,0.017067429445635232,427.344857058266,0.0017650558458208146
427.8103743317499,-0.0001678492408245802,427.802,0.017968542317652547,0.016639750490489803,427.8103743317499,0.001744753408383502
428.2758916052339,-0.000839246204122901,428.267,0.019068537312681988,0.01622483145145853,428.2758916052339,0.001725221949455294
428.74140887871783,-0.0005035477224737406,428.732,0.008175171656313207,0.015912554012962998,428.74140887871783,0.0017071173148467858
429.2069261522018,-0.0011749446857720613,429.198,0.011432548895354167,0.01579727809280554,429.2069261522018,0.001696469585318118
429.67244342568574,-0.0028534370940178633,429.663,0.008175171656313207,0.01596563559671293,429.67244342568574,0.0017065416490328292
430.1379606991697,-0.0031891355756670237,430.128,0.008175171656313207,0.016486734029159445,430.1379606991697,0.0017154171538248488
430.60347797265365,-0.003524834057316184,430.596,0.017968542317652547,0.01740625459626375,430.60347797265365,0.0017069446150632427
431.0689952461376,-0.003524834057316184,431.061,0.039755013915161896,0.018744658262019636,431.0689952461376,0.001713801184248233
431.5345125196215,-0.0015106431674212217,431.521,0.019068537312681988,0.020498475772175024,431.5345125196215,0.001756180339862374
432.00002979310545,0.0001678492408245802,431.991,0.004896685330669559,0.022643062345387724,432.00002979310545,0.0018220589239453199
432.4655470665894,-0.0015106431674212217,432.451,0.04521225128664774,0.02513551826856194,432.4655470665894,0.001899882533536152
432.93106434007336,-0.005035477224737406,432.921,0.02014716350588075,0.0279172381161113,432.93106434007336,0.001996065717265921
433.3965816135573,-0.0068818191066384315,433.381,0.028861778116407333,0.030916061871442694,433.3965816135573,0.0021022531197556317
433.86209888704127,-0.006210422143340111,433.851,0.025604400877366373,0.03404814206107747,433.86209888704127,0.0021665609639694356
434.3276161605252,-0.003524834057316184,434.317,0.04739087247487572,0.03721963138729501,434.3276161605252,0.002204330693009876
434.7931334340092,-0.0011749446857720613,434.78,0.01688978626683979,0.04032809930098879,434.7931334340092,0.0022437061134434944
435.25865070749313,-0.0001678492408245802,435.246,0.13125827253926992,0.04326314809631583,435.25865070749313,0.0022575878408518124
435.7241679809771,0.000839246204122901,435.71,0.02014716350588075,0.04590551400941524,435.7241679809771,0.0022887374332744253
436.18968525446104,0.0018463416490703821,436.175,0.008175171656313207,0.048124960576978265,436.18968525446104,0.002336939016698443
436.655202527945,0.0011749446857720613,436.641,0.012532543890383385,0.04977973386136606,436.655202527945,0.0023681996298936755
437.12071980142895,0.0005035477224737406,437.106,0.037576392726933694,0.05072249092743956,437.12071980142895,0.002382792713276453
437.5862370749129,0.0011749446857720613,437.566,0.005996550468085005,0.05081674377114204,437.5862370749129,0.0023948364272899656
438.0517543483968,0.0011749446857720613,438.031,0.10075718633123398,0.04996325082361021,438.0517543483968,0.00242584827116218
438.51727162188075,0.0001678492408245802,438.499,0.1879032025788856,0.04812959764977674,438.51727162188075,0.002464150488767082
438.9827888953647,0.002517738612368703,438.962,0.012532543890383385,0.0453720570706577,438.9827888953647,0.0025169224364100023
439.44830616884866,0.0018463416490703821,439.425,0.011432548895354167,0.04183999550811972,439.44830616884866,0.002594538399259123
439.9138234423326,-0.0015106431674212217,439.895,0.019068537312681988,0.03775992365951909,439.9138234423326,0.002645521676988618
440.37934071581657,-0.0028534370940178633,440.355,0.03539777153870571,0.03340449762703607,440.37934071581657,0.0026704232589034077
440.8448579893005,-0.003524834057316184,440.825,0.008175171656313207,0.029056028626938794,440.8448579893005,0.002692199807431664
441.3103752627845,-0.0041962312534451485,441.29,0.010353922702155405,0.024973213580356653,441.3103752627845,0.0026955962256622937
441.77589253626843,-0.0028534370940178633,441.755,0.02014716350588075,0.02136651994093047,441.77589253626843,0.002700279664141323
442.2414098097524,-0.0015106431674212217,442.22,0.03649763667612116,0.01838428245422414,442.2414098097524,0.002724202616969513
442.70692708323634,-0.000839246204122901,442.685,0.02014716350588075,0.016108779151302776,442.70692708323634,0.0027418590555378353
443.1724443567203,-0.0011749446857720613,443.15,0.017968542317652547,0.014559752340191998,443.1724443567203,0.0027577556068582986
443.63796163020425,-0.0028534370940178633,443.614,0.008175171656313207,0.013702505634806714,443.63796163020425,0.002767858510804277
444.1034789036882,-0.004867628216743469,444.08,0.011432548895354167,0.013458588790913146,444.1034789036882,0.0027694456988703407
444.5689961771721,-0.003524834057316184,444.54,0.0016393080916288216,0.01371819001083868,444.5689961771721,0.002760218623690669
445.03451345065605,-0.000839246204122901,445.01,0.028861778116407333,0.014353843542450402,445.03451345065605,0.00273970442490784
445.50003072414,-0.000839246204122901,445.473,0.02014716350588075,0.01523479640622785,445.50003072414,0.0027276565992536282
445.96554799762396,-0.0028534370940178633,445.936,0.0070753065188977615,0.016240844576745867,445.96554799762396,0.002734864735486715
446.4310652711079,-0.0041962312534451485,446.403,0.004896685330669559,0.017274235611949632,446.4310652711079,0.002732187897809549
446.89658254459187,-0.0041962312534451485,446.866,0.037576392726933694,0.018268411087185174,446.89658254459187,0.0027438286469818845
447.3620998180758,-0.004531929735094309,447.331,0.015789921129424345,0.01919244784325078,447.3620998180758,0.0027599061210421714
447.8276170915598,-0.006210422143340111,447.801,0.06699878781296409,0.020049869568700973,447.8276170915598,0.002791417558990063
448.2931343650437,-0.006042572669684887,448.267,0.004896685330669559,0.020870703084143495,448.2931343650437,0.002788862021697747
448.7586516385277,-0.0041962312534451485,448.725,0.008175171656313207,0.0216970602522082,448.7586516385277,0.002728916892000879
449.22416891201163,-0.0021820401307195425,449.19,0.0070753065188977615,0.022564957848848835,449.22416891201163,0.0026922244773442956
449.6896861854956,-0.0021820401307195425,449.655,0.008175171656313207,0.023487156962381645,449.6896861854956,0.0026704602646022545
450.15520345897954,-0.0030212863348424435,450.12,0.010353922702155405,0.02444202865829073,450.15520345897954,0.0026481532828507705
450.6207207324635,-0.003524834057316184,450.592,0.017968542317652547,0.025371545019351183,450.6207207324635,0.0026256818255981492
451.0862380059474,-0.0028534370940178633,451.05,0.0920425717207074,0.026188402566348485,451.0862380059474,0.0026188745947326292
451.55175527943135,-0.003524834057316184,451.518,0.003817929279857024,0.026789457804173057,451.55175527943135,0.002612285297173945
452.0172725529153,-0.003524834057316184,451.981,0.019068537312681988,0.027071516403430876,452.0172725529153,0.002591653908993882
452.48278982639926,-0.002517738612368703,452.451,0.0070753065188977615,0.026946580943192747,452.48278982639926,0.002528478892661651
452.9483070998832,-0.0018463416490703821,452.913,0.0070753065188977615,0.0263555926017143,452.9483070998832,0.0024331448130546275
453.41382437336716,-0.0028534370940178633,453.381,0.0920425717207074,0.025280340263464048,453.41382437336716,0.002349875007084845
453.8793416468511,-0.002517738612368703,453.843,0.02014716350588075,0.02375203880036054,453.8793416468511,0.0022915684610026895
454.34485892033507,-0.0011749446857720613,454.309,0.010353922702155405,0.021853891450954625,454.34485892033507,0.0022429042877160094
454.810376193819,0.0011749446857720613,454.772,0.019068537312681988,0.01971567556163785,454.810376193819,0.002228459232715459
455.275893467303,0.0038605325389653444,455.238,0.02014716350588075,0.017500761321091584,455.275893467303,0.002238796514303743
455.74141074078693,0.004867628216743469,455.703,0.011432548895354167,0.015388060624316883,455.74141074078693,0.002245679811594482
456.2069280142709,0.003524834057316184,456.168,0.008175171656313207,0.013552077187365529,456.2069280142709,0.0022365349742081574
456.67244528775484,0.0030212863348424435,456.633,0.009253927707125964,0.012143951421653455,456.67244528775484,0.0022104656175334805
457.1379625612388,0.0028534370940178633,457.099,0.0005393130965993809,0.011275864531054775,457.1379625612388,0.0021737629236696326
457.6034798347227,0.0018463416490703821,457.566,0.011432548895354167,0.01101047205447104,457.6034798347227,0.0021676526612502034
458.06899710820664,0.0011749446857720613,458.032,0.027783022065594576,0.011356075645004652,458.06899710820664,0.0022291027409973413
458.5345143816906,0.0031891355756670237,458.492,0.008175171656313207,0.012267209435246026,458.5345143816906,0.0023094921707980543
459.00003165517455,0.0030212863348424435,458.962,0.011432548895354167,0.013649687245750145,459.00003165517455,0.002388754944059656
459.4655489286585,-0.0005035477224737406,459.425,0.004896685330669559,0.015369232711929406,459.4655489286585,0.0024136709173899324
459.93106620214246,-0.0028534370940178633,459.888,0.008175171656313207,0.01726326454449328,459.93106620214246,0.002409894150406727
460.3965834756264,-0.0028534370940178633,460.359,0.03539777153870571,0.01915548996289669,460.3965834756264,0.0024115697441207447
460.86210074911037,-0.0015106431674212217,460.821,0.019068537312681988,0.020872329013713647,460.86210074911037,0.002394926885798014
461.3276180225943,-0.0001678492408245802,461.28,0.03539777153870571,0.022259316830708337,461.3276180225943,0.002385911575845273
461.7931352960783,-0.000839246204122901,461.747,0.011432548895354167,0.023195289975989176,461.7931352960783,0.002388565798161068
462.25865256956223,-0.0005035477224737406,462.213,0.028861778116407333,0.02360264315227725,462.25865256956223,0.002341453864619082
462.7241698430462,-0.0001678492408245802,462.678,0.028861778116407333,0.0234528195011211,462.7241698430462,0.002298301677170888
463.18968711653014,0.0011749446857720613,463.144,0.019068537312681988,0.022766900247124654,463.18968711653014,0.002259491641210752
463.6552043900141,0.0011749446857720613,463.61,0.02668315692817913,0.021611554680545278,463.6552043900141,0.0021895381809050565
464.120721663498,-0.0005035477224737406,464.076,0.02668315692817913,0.020090929910623806,464.120721663498,0.002155820712420842
464.58623893698194,-0.0015106431674212217,464.537,0.013611299941196142,0.018335480327143806,464.58623893698194,0.0021414825657936104
465.0517562104659,-0.0010070954449474812,465.007,0.0027180641424413565,0.01648925240448066,465.0517562104659,0.0021456808009821817
465.51727348394985,-0.0001678492408245802,465.47,0.003817929279857024,0.014697576152846458,465.51727348394985,0.002167784243491718
465.9827907574338,0.002517738612368703,465.932,0.010353922702155405,0.013097066128238057,465.9827907574338,0.0021770873849169398
466.44830803091776,0.0031891355756670237,466.4,0.01688978626683979,0.011808919198324289,466.44830803091776,0.002172005096639727
466.9138253044017,0.0011749446857720613,466.862,0.03649763667612116,0.010934905231984203,466.9138253044017,0.0021599490465747744
467.37934257788567,0.0011749446857720613,467.327,0.01688978626683979,0.010554070208039884,467.37934257788567,0.002147259765986445
467.8448598513696,0.0011749446857720613,467.796,0.0016393080916288216,0.010717998944722794,467.8448598513696,0.0021223170651521682
468.3103771248536,0.0018463416490703821,468.255,0.014711165078611588,0.011443777542609094,468.3103771248536,0.002090034647793978
468.7758943983375,0.0031891355756670237,468.722,0.0070753065188977615,0.012705768514633412,468.7758943983375,0.0020624480041163953
469.2414116718215,0.004531929735094309,469.188,0.011432548895354167,0.014428797531595714,469.2414116718215,0.0020394502253896158
469.70692894530544,0.0038605325389653444,469.655,0.0016393080916288216,0.01648580002683426,469.70692894530544,0.0020129244456146105
470.1724462187894,0.0018463416490703821,470.12,0.011432548895354167,0.018702567179069145,470.1724462187894,0.0019874184168858
470.6379634922733,-0.0001678492408245802,470.584,0.0027180641424413565,0.020871205025462136,470.6379634922733,0.0019773401841871353
471.10348076575724,-0.0005035477224737406,471.05,0.017968542317652547,0.022772272801351315,471.10348076575724,0.00199255005005037
471.5689980392412,-0.0001678492408245802,471.511,0.027783022065594576,0.02420331942588666,471.5689980392412,0.0020034259914400564
472.03451531272515,0.0010070954449474812,471.98,0.04739087247487572,0.02500902765294147,472.03451531272515,0.002007718803627598
472.5000325862091,0.0005035477224737406,472.444,0.10511455856530416,0.02510618741833296,472.5000325862091,0.002038204329604766
472.96554985969306,-0.0015106431674212217,472.906,0.0016393080916288216,0.024496491273868538,472.96554985969306,0.0020953883313503284
473.431067133177,-0.0038605325389653444,473.37,0.009253927707125964,0.023262782297496024,473.431067133177,0.002149971562043575
473.89658440666096,-0.0031891355756670237,473.839,0.011432548895354167,0.02154946860182879,473.89658440666096,0.0022000687285055743
474.3621016801449,-0.0015106431674212217,474.305,0.009253927707125964,0.01953283939669179,474.3621016801449,0.002227891805545996
474.82761895362887,-0.0015106431674212217,474.769,0.003817929279857024,0.01738933272726846,474.82761895362887,0.0022507867872007805
475.2931362271128,-0.003524834057316184,475.235,0.008175171656313207,0.015269015063177828,475.2931362271128,0.002274604887190813
475.7586535005968,-0.0041962312534451485,475.699,0.0027180641424413565,0.013279094779785984,475.7586535005968,0.0023099115964899616
476.22417077408073,-0.0021820401307195425,476.165,0.011432548895354167,0.011479529581395559,476.22417077408073,0.002344227341210041
476.6896880475647,-0.0010070954449474812,476.625,0.011432548895354167,0.009890210472168705,476.6896880475647,0.002386598270462752
477.1552053210486,-0.0038605325389653444,477.091,0.0070753065188977615,0.008507032757859185,477.1552053210486,0.002405675365690096
477.62072259453254,-0.006210422143340111,477.556,0.027783022065594576,0.007322639664577404,477.62072259453254,0.0023799287888919734
478.0862398680165,-0.006210422143340111,478.022,0.008175171656313207,0.006346939229494127,478.0862398680165,0.0023249878220155283
478.55175714150045,-0.0041962312534451485,478.492,0.019068537312681988,0.005622749465231161,478.55175714150045,0.0023071360667280523
479.0172744149844,-0.0041962312534451485,478.954,0.0070753065188977615,0.005233099954594275,479.0172744149844,0.002306171830417289
479.48279168846835,-0.003524834057316184,479.418,0.0005393130965993809,0.005298549828867092,479.48279168846835,0.002269166910474217
479.9483089619523,-0.0021820401307195425,479.88,0.0070753065188977615,0.005964851183841001,479.9483089619523,0.0022382105749976984
480.41382623543626,-0.0028534370940178633,480.346,0.0070753065188977615,0.007382837049337173,480.41382623543626,0.0022612104104146502
480.8793435089202,-0.0041962312534451485,480.812,0.01688978626683979,0.009683258625056536,480.8793435089202,0.0022977712490553823
481.34486078240417,-0.003524834057316184,481.277,0.02014716350588075,0.012949589883567121,481.34486078240417,0.0023286453462138083
481.8103780558881,-0.0028534370940178633,481.744,0.0005393130965993809,0.01719201095797263,481.8103780558881,0.002388230687001423
482.2758953293721,-0.0018463416490703821,482.21,0.02014716350588075,0.02232617806671735,482.2758953293721,0.0024371518514665754
482.74141260285603,0.0005035477224737406,482.677,0.004896685330669559,0.028160757569348698,482.74141260285603,0.0024703080450760575
483.20692987634,0.0011749446857720613,483.135,0.019068537312681988,0.0343974160984522,483.20692987634,0.002473373457145703
483.67244714982394,-0.000839246204122901,483.6,0.0920425717207074,0.04064558291998293,483.67244714982394,0.0024933798392844284
484.13796442330784,-0.0021820401307195425,484.066,0.0016393080916288216,0.046452157213169934,484.13796442330784,0.002513250529100921
484.6034816967918,-0.0018463416490703821,484.536,0.0005393130965993809,0.051344396069103376,484.6034816967918,0.002500499571569284
485.06899897027574,-0.0001678492408245802,484.999,0.008175171656313207,0.05488285721990593,485.06899897027574,0.002538752447398233
485.5345162437597,0.0018463416490703821,485.462,0.14868750176032308,0.05671915832063892,485.5345162437597,0.0025724000108665788
486.00003351724365,0.0021820401307195425,485.932,0.2031536807540968,0.05664925931698263,486.00003351724365,0.0025911666589606224
486.4655507907276,-0.0005035477224737406,486.392,0.010353922702155405,0.054649370344313074,486.4655507907276,0.0025973427121600092
486.93106806421156,-0.0031891355756670237,486.855,0.0070753065188977615,0.05088342673850159,486.93106806421156,0.00259989208185724
487.3965853376955,-0.003524834057316184,487.32,0.05500562194798686,0.04567959571690247,487.3965853376955,0.002612708830710693
487.86210261117947,-0.0031891355756670237,487.79,0.011432548895354167,0.0394830447352714,487.86210261117947,0.002602170067226566
488.3276198846634,-0.004364080261439085,488.256,0.04629100733746028,0.03279694562942004,488.3276198846634,0.0026023222071525267
488.7931371581474,-0.0041962312534451485,488.715,0.011432548895354167,0.026122783240721533,488.7931371581474,0.0026041848915522347
489.2586544316313,-0.0021820401307195425,489.18,0.0016393080916288216,0.01990800028201738,489.2586544316313,0.002601956249336322
489.7241717051153,-0.0003356984816491604,489.648,0.008175171656313207,0.014506385535509548,489.7241717051153,0.0025871041171380725
490.18968897859924,0.0001678492408245802,490.113,0.0070753065188977615,0.01015451209911877,490.18968897859924,0.0025454445443389385
490.65520625208313,-0.001678492408245802,490.577,0.0005393130965993809,0.006965323607022025,490.65520625208313,0.0024775840310037435
491.1207235255671,-0.003524834057316184,491.043,0.0027180641424413565,0.004937586953895732,491.1207235255671,0.0024596664878651937
491.58624079905104,-0.0028534370940178633,491.511,0.01688978626683979,0.003977822749859965,491.58624079905104,0.002486529438681275
492.051758072535,-0.0015106431674212217,491.973,0.02014716350588075,0.003929869445163336,492.051758072535,0.0024737209136653357
492.51727534601895,-0.0015106431674212217,492.44,0.0016393080916288216,0.00460665386904238,492.51727534601895,0.0024580422921581507
492.9827926195029,-0.0021820401307195425,492.902,0.011432548895354167,0.005819218810772243,492.9827926195029,0.002417042676818868
493.44830989298686,-0.003524834057316184,493.37,0.0005393130965993809,0.007399458449215282,493.44830989298686,0.002358250927725741
493.9138271664708,-0.00553902518004179,493.832,0.031040399304635313,0.009214674517103885,493.9138271664708,0.0023353847295863833
494.37934443995476,-0.004867628216743469,494.298,0.0027180641424413565,0.011173363034158864,494.37934443995476,0.0023398872477183186
494.8448617134387,-0.0021820401307195425,494.763,0.02342577968913817,0.01322257187836551,494.8448617134387,0.0023569926931117182
495.3103789869227,-0.000839246204122901,495.228,0.011432548895354167,0.015338105257174717,495.3103789869227,0.0023711170210929567
495.7758962604066,-0.000839246204122901,495.695,0.01688978626683979,0.017509901056679468,495.7758962604066,0.0023327757400780596
496.2414135338906,-0.002517738612368703,496.161,0.0016393080916288216,0.01972580595989348,496.2414135338906,0.0022964163880045568
496.70693080737453,-0.0031891355756670237,496.626,0.011432548895354167,0.021957375436447397,496.70693080737453,0.0022480873358106316
497.17244808085843,-0.0018463416490703821,497.092,0.031040399304635313,0.024150944832772147,497.17244808085843,0.002209476725991583
497.6379653543424,-0.0018463416490703821,497.552,0.019068537312681988,0.026225964257245542,497.6379653543424,0.0021619268760045317
498.10348262782634,-0.0021820401307195425,498.017,0.011432548895354167,0.028080822486766133,498.10348262782634,0.0021224239867496724
498.5689999013103,-0.000839246204122901,498.481,0.06154148551267147,0.029604718893828545,498.5689999013103,0.00210343529645731
499.03451717479425,0.0003356984816491604,498.951,0.031040399304635313,0.03069293607685771,499.03451717479425,0.0020829498795842966
499.5000344482782,0.0005035477224737406,499.414,0.019068537312681988,0.03126227647380664,499.5000344482782,0.0020538295021043113
499.96555172176215,-0.0011749446857720613,499.877,0.06372023655851344,0.031263678074206304,499.96555172176215,0.002041670654117501
500.4310689952461,-0.000839246204122901,500.343,0.014711165078611588,0.03069006990654584,500.4310689952461,0.002065322220863879
500.89658626873006,-0.0001678492408245802,500.806,0.009253927707125964,0.029578871688133418,500.89658626873006,0.002093426963432937
501.362103542214,-0.0001678492408245802,501.271,0.02668315692817913,0.028009643185354007,501.362103542214,0.002087945818282019
501.82762081569797,-0.0018463416490703821,501.737,0.07789202361171887,0.02609779462330848,501.82762081569797,0.00202759772274011
502.2931380891819,-0.0041962312534451485,502.203,0.0016393080916288216,0.023984887119269497,502.2931380891819,0.0020228464371759543
502.7586553626659,-0.00587472366169095,502.669,0.017968542317652547,0.021825746364934697,502.7586553626659,0.0020822117927177977
503.22417263614983,-0.004531929735094309,503.135,0.003817929279857024,0.01977339217752819,503.22417263614983,0.0021133819464581585
503.6896899096337,-0.0031891355756670237,503.599,0.017968542317652547,0.017964155488869423,503.6896899096337,0.002125851243084063
504.1552071831177,-0.004531929735094309,504.065,0.013611299941196142,0.01650579925036844,504.1552071831177,0.002166359490306982
504.62072445660164,-0.0041962312534451485,504.525,0.019068537312681988,0.015470467138579339,504.62072445660164,0.002173312688977438
505.0862417300856,-0.0031891355756670237,504.995,0.014711165078611588,0.014892721478798499,505.0862417300856,0.0021137108983245506
505.55175900356954,-0.003524834057316184,505.455,0.011432548895354167,0.014771763856144066,505.55175900356954,0.0020537842720317976
506.0172762770535,-0.0028534370940178633,505.924,0.02014716350588075,0.015076415967684807,506.0172762770535,0.0020416151454565813
506.48279355053745,-0.0003356984816491604,506.385,0.03539777153870571,0.015751355088664046,506.48279355053745,0.002022657292284081
506.9483108240214,0.000839246204122901,506.855,0.004896685330669559,0.01672328643110208,506.9483108240214,0.0019739458387655275
507.41382809750536,-0.000839246204122901,507.321,0.011432548895354167,0.01790628882302794,507.41382809750536,0.0019370724983233084
507.8793453709893,-0.0021820401307195425,507.784,0.013611299941196142,0.019206450694600717,507.8793453709893,0.0019263466409308624
508.34486264447327,-0.0030212863348424435,508.25,0.017968542317652547,0.020526575400079954,508.34486264447327,0.0019610489029625398
508.8103799179572,-0.0030212863348424435,508.714,0.037576392726933694,0.021771601485637705,508.8103799179572,0.0020057800547704716
509.2758971914412,-0.0028534370940178633,509.179,0.01688978626683979,0.02285460840235172,509.2758971914412,0.002047086005493984
509.7414144649251,-0.0015106431674212217,509.644,0.019068537312681988,0.023702616926734997,509.7414144649251,0.0020458914997422413
510.206931738409,-0.0018463416490703821,510.109,0.0005393130965993809,0.024261304204503217,510.206931738409,0.002034890149310077
510.672449011893,-0.0015106431674212217,510.574,0.0920425717207074,0.024497906661916216,510.672449011893,0.002068770034044263
511.13796628537693,-0.000839246204122901,511.04,0.0070753065188977615,0.024401529243318683,511.13796628537693,0.0021143482342487027
511.6034835588609,-0.0015106431674212217,511.503,0.01688978626683979,0.02398025074500672,511.6034835588609,0.0021236760477454327
512.0690008323448,-0.0001678492408245802,511.965,0.0016393080916288216,0.023255643141163924,512.0690008323448,0.0021729713926864755
512.5345181058289,0.0011749446857720613,512.433,0.0005393130965993809,0.02225715599930618,512.5345181058289,0.002203911278617133
513.0000353793127,0.0011749446857720613,512.895,0.017968542317652547,0.021019485296461554,513.0000353793127,0.0022205171300061512
513.4655526527966,0.000839246204122901,513.366,0.028861778116407333,0.019584477834615678,513.4655526527966,0.0022501124259425623
513.9310699262807,0.0001678492408245802,513.829,0.0713560301894205,0.018006137068387485,513.9310699262807,0.002281915808272721
514.3965871997646,-0.0018463416490703821,514.294,0.014711165078611588,0.016354864740128195,514.3965871997646,0.002324512891461412
514.8621044732486,-0.0031891355756670237,514.755,0.0016393080916288216,0.014716953435873875,514.8621044732486,0.0023472845164033617
515.3276217467325,-0.0041962312534451485,515.22,0.0005393130965993809,0.01318780440895146,515.3276217467325,0.00236258895635094
515.7931390202165,-0.0030212863348424435,515.685,0.008175171656313207,0.011860679891155287,515.7931390202165,0.0023858601752544937
516.2586562937004,-0.0005035477224737406,516.151,0.0005393130965993809,0.010814715761340458,516.2586562937004,0.002397951173027661
516.7241735671844,0.0011749446857720613,516.618,0.013611299941196142,0.010105595059982396,516.7241735671844,0.0023947500671242837
517.1896908406683,0.0011749446857720613,517.083,0.0027180641424413565,0.009760619591384986,517.1896908406683,0.0023708373918435617
517.6552081141523,-0.0028534370940178633,517.555,0.028861778116407333,0.009778149939983601,517.6552081141523,0.002355748827143741
518.1207253876362,-0.004867628216743469,518.013,0.011432548895354167,0.010130178451579982,518.1207253876362,0.0023586065854931154
518.5862426611202,-0.0038605325389653444,518.477,0.011432548895354167,0.010766412041058741,518.5862426611202,0.0024006670678891587
519.0517599346041,-0.003524834057316184,518.947,0.0027180641424413565,0.011618706277130365,519.0517599346041,0.0025007873833438033
519.5172772080881,-0.0021820401307195425,519.41,0.01688978626683979,0.012605649004900972,519.5172772080881,0.0025882101951511705
519.982794481572,-0.0003356984816491604,519.873,0.0027180641424413565,0.013637866155895533,519.982794481572,0.00262402472305937
520.4483117550559,0.0021820401307195425,520.339,0.005996550468085005,0.014624746203260791,520.4483117550559,0.0026616731520030003
520.9138290285399,0.0021820401307195425,520.801,0.03539777153870571,0.015482772564583079,520.9138290285399,0.002672022769956431
521.3793463020238,0.002517738612368703,521.267,0.0027180641424413565,0.016144814586411108,521.3793463020238,0.0026863814766180613
521.8448635755078,0.002517738612368703,521.732,0.01688978626683979,0.01656894568258191,521.8448635755078,0.0027163447903947044
522.3103808489917,0.002517738612368703,522.198,0.022325914551722725,0.016744947811164534,522.3103808489917,0.0027552226728296634
522.7758981224757,0.0028534370940178633,522.662,0.05282700075975866,0.016696630525934744,522.7758981224757,0.0028048819201487154
523.2414153959596,0.0038605325389653444,523.128,0.011432548895354167,0.01647839495444533,523.2414153959596,0.002851013169211537
523.7069326694436,0.003524834057316184,523.596,0.004896685330669559,0.01616547130854962,523.7069326694436,0.0028766219953460133
524.1724499429275,0.002517738612368703,524.062,0.005996550468085005,0.015839180554884136,524.1724499429275,0.002865125162476016
524.6379672164115,0.0011749446857720613,524.525,0.009253927707125964,0.015570604957040834,524.6379672164115,0.0028617739755898413
525.1034844898954,0.0005035477224737406,524.987,0.004896685330669559,0.015406881297740463,525.1034844898954,0.0028732790325739837
525.5690017633794,0.000839246204122901,525.455,0.011432548895354167,0.015363518097018353,525.5690017633794,0.002871387564998223
526.0345190368633,0.0011749446857720613,525.917,0.010353922702155405,0.015424327769084981,526.0345190368633,0.0028646317362292784
526.5000363103474,0.0038605325389653444,526.385,0.02014716350588075,0.015548562137593086,526.5000363103474,0.002838652840495304
526.9655535838313,0.0028534370940178633,526.847,0.03649763667612116,0.01568311394036912,526.9655535838313,0.0028463297312401425
527.4310708573151,-0.000839246204122901,527.313,0.008175171656313207,0.01577654494438088,527.4310708573151,0.002875984655757191
527.8965881307992,-0.0031891355756670237,527.779,0.02014716350588075,0.015791558659682976,527.8965881307992,0.0029397517864054507
528.362105404283,-0.0028534370940178633,528.244,0.02668315692817913,0.01571335327068459,528.362105404283,0.002978995629402978
528.8276226777671,-0.0010070954449474812,528.71,0.009253927707125964,0.015552569874230798,528.8276226777671,0.0029971927809151334
529.293139951251,-0.0028534370940178633,529.176,0.017968542317652547,0.015342745251133143,529.293139951251,0.003043519347612563
529.758657224735,-0.006546120624989271,529.636,0.019068537312681988,0.015133113912530154,529.758657224735,0.0030898130194476144
530.2241744982189,-0.007721065077930689,530.101,0.008175171656313207,0.014978303923920864,530.2241744982189,0.0031209420526742823
530.6896917717029,-0.006210422143340111,530.566,0.009253927707125964,0.01492691352511924,530.6896917717029,0.0031374204361518106
531.1552090451868,-0.006546120624989271,531.031,0.008175171656313207,0.015011095560660671,531.1552090451868,0.003108746196715674
531.6207263186708,-0.008560311049222946,531.5,0.024504535739950928,0.015239035221577593,531.6207263186708,0.003037351518324839
532.0862435921547,-0.007217517588287592,531.962,0.008175171656313207,0.015591557139738779,532.0862435921547,0.0029785474349626998
532.5517608656387,-0.0041962312534451485,532.429,0.013611299941196142,0.016023278073272487,532.5517608656387,0.0029318035164489866
533.0172781391226,-0.0015106431674212217,532.892,0.014711165078611588,0.01646807361860291,533.0172781391226,0.0029246508918085562
533.4827954126065,0.0001678492408245802,533.355,0.014711165078611588,0.016848194548522502,533.4827954126065,0.002924778361168804
533.9483126860905,-0.0015106431674212217,533.824,0.017968542317652547,0.017085933833647392,533.9483126860905,0.0029124324243785453
534.4138299595744,-0.0041962312534451485,534.29,0.019068537312681988,0.01711622290448454,534.4138299595744,0.002899926123944593
534.8793472330584,-0.0031891355756670237,534.754,0.03321915035047751,0.016898084450180057,534.8793472330584,0.002872012586727773
535.3448645065423,-0.0015106431674212217,535.22,0.012532543890383385,0.016422737214836825,535.3448645065423,0.002846827285754061
535.8103817800263,-0.000839246204122901,535.685,0.02668315692817913,0.015716551518383477,535.8103817800263,0.0028443149238717752
536.2758990535102,-0.0015106431674212217,536.151,0.010353922702155405,0.014838030286397663,536.2758990535102,0.0028385048293584183
536.7414163269942,-0.0011749446857720613,536.611,0.014711165078611588,0.013869273265690084,536.7414163269942,0.002838377361150332
537.2069336004781,-0.0028534370940178633,537.076,0.008175171656313207,0.012903547632896448,537.2069336004781,0.002788306925982487
537.6724508739621,-0.0036926832981407642,537.544,0.0070753065188977615,0.01203132456606794,537.6724508739621,0.0027505598129450924
538.137968147446,-0.0041962312534451485,538.006,0.003817929279857024,0.01132732855567516,538.137968147446,0.0027183596339762925
538.60348542093,-0.0041962312534451485,538.47,0.0005393130965993809,0.010840780635585712,538.60348542093,0.0027085383942527875
539.0690026944139,-0.0015106431674212217,538.94,0.037576392726933694,0.01059016711165893,539.0690026944139,0.0026702258966221316
539.534519967898,0.000839246204122901,539.403,0.0005393130965993809,0.010562773856245275,539.534519967898,0.0026607993977682525
540.0000372413818,0.000839246204122901,539.865,0.0005393130965993809,0.010718399913879871,540.0000372413818,0.0026452503006288773
540.4655545148657,-0.0015106431674212217,540.331,0.0005393130965993809,0.01099648940686758,540.4655545148657,0.0026361034132571575
540.9310717883498,-0.0041962312534451485,540.801,0.011432548895354167,0.011326045547094763,540.9310717883498,0.0025945651379225445
541.3965890618337,-0.004867628216743469,541.267,0.03321915035047751,0.011637314760347416,541.3965890618337,0.0025325373381780824
541.8621063353177,-0.00520332669839263,541.725,0.022325914551722725,0.011873243501388051,541.8621063353177,0.002510131671451601
542.3276236088016,-0.004699778743088245,542.19,0.009253927707125964,0.011998039511660367,542.3276236088016,0.0024793747642493785
542.7931408822856,-0.0041962312534451485,542.656,0.011432548895354167,0.012000719232856675,542.7931408822856,0.002469847524166668
543.2586581557695,-0.0028534370940178633,543.121,0.010353922702155405,0.011893121870588315,543.2586581557695,0.002488721083736881
543.7241754292535,-0.000839246204122901,543.588,0.015789921129424345,0.011703505316086143,543.7241754292535,0.0024965994570506065
544.1896927027374,0.0011749446857720613,544.054,0.0027180641424413565,0.0114677554276377,544.1896927027374,0.0025086082197254586
544.6552099762214,0.0021820401307195425,544.521,0.0016393080916288216,0.011220455943152534,544.6552099762214,0.0024997347694675877
545.1207272497053,-0.0005035477224737406,544.984,0.011432548895354167,0.010987867237988263,545.1207272497053,0.0024451535947943213
545.5862445231893,-0.0021820401307195425,545.447,0.010353922702155405,0.010784292320236569,545.5862445231893,0.002395942543099081
546.0517617966732,-0.003524834057316184,545.91,0.017968542317652547,0.010612375310602381,546.0517617966732,0.0023650705026992736
546.5172790701571,-0.0031891355756670237,546.381,0.0016393080916288216,0.010466903391484626,546.5172790701571,0.002342253646809281
546.9827963436411,-0.0011749446857720613,546.843,0.003817929279857024,0.010341082245886687,546.9827963436411,0.0023315750781872477
547.448313617125,-0.0001678492408245802,547.309,0.010353922702155405,0.010234033310854032,547.448313617125,0.002286870653161791
547.913830890609,0.0005035477224737406,547.773,0.024504535739950928,0.010158022746566034,547.913830890609,0.002252071761328088
548.3793481640929,-0.0003356984816491604,548.238,0.02668315692817913,0.010143487369757426,548.3793481640929,0.0022550158706344126
548.8448654375769,-0.0021820401307195425,548.703,0.004896685330669559,0.010239714891493605,548.8448654375769,0.002243753413863853
549.3103827110608,-0.0015106431674212217,549.169,0.013611299941196142,0.010509701978494304,549.3103827110608,0.002204431447217631
549.7758999845448,0.000839246204122901,549.636,0.019068537312681988,0.011019253439895469,549.7758999845448,0.002141108402138131
550.2414172580287,0.0011749446857720613,550.102,0.0027180641424413565,0.011822093744984106,550.2414172580287,0.002093723026953504
550.7069345315127,-0.0005035477224737406,550.567,0.008175171656313207,0.012944003866396464,550.7069345315127,0.002051095103738882
551.1724518049966,-0.0015106431674212217,551.025,0.0016393080916288216,0.014369623169113374,551.1724518049966,0.0020087509005699343
551.6379690784806,-0.0005035477224737406,551.495,0.0005393130965993809,0.01603553015704357,551.6379690784806,0.001983705401548575
552.1034863519645,-0.0011749446857720613,551.958,0.017968542317652547,0.017832361943542794,552.1034863519645,0.0019450248885987524
552.5690036254485,-0.0005035477224737406,552.426,0.010353922702155405,0.01961701726131127,552.5690036254485,0.0018901024260219136
553.0345208989324,0.0010070954449474812,552.888,0.0027180641424413565,0.021233736451480096,553.0345208989324,0.0018566275605261648
553.5000381724163,0.0011749446857720613,553.359,0.031040399304635313,0.022540517254835007,553.5000381724163,0.0018181485297317059
553.9655554459003,0.0005035477224737406,553.821,0.12472240897458553,0.023435242392759383,553.9655554459003,0.0017655513384085008
554.4310727193842,0.0001678492408245802,554.28,0.0016393080916288216,0.023874729122645186,554.4310727193842,0.001699956475480611
554.8965899928683,-0.0001678492408245802,554.747,0.0070753065188977615,0.02388105476428733,554.8965899928683,0.00168136047240781
555.3621072663522,-0.0015106431674212217,555.212,0.004896685330669559,0.023533600664356308,555.3621072663522,0.001692051373890024
555.8276245398362,-0.0041962312534451485,555.678,0.02668315692817913,0.022950256802750393,555.8276245398362,0.0016937989267490918
556.2931418133201,-0.004867628216743469,556.143,0.02124715850090997,0.022263930380992475,556.2931418133201,0.0017068911732024245
556.7586590868041,-0.004531929735094309,556.61,0.0070753065188977615,0.021600014854822384,556.7586590868041,0.0017565092960351108
557.224176360288,-0.0036926832981407642,557.076,0.02014716350588075,0.021058533671804425,557.224176360288,0.0017781707095719478
557.689693633772,-0.0021820401307195425,557.536,0.02668315692817913,0.020702918118667212,557.689693633772,0.001760769207026238
558.1552109072559,-0.002517738612368703,558.006,0.02014716350588075,0.020556075969625727,558.1552109072559,0.0017124422104074
558.6207281807399,-0.003524834057316184,558.466,0.0016393080916288216,0.02060338972682855,558.6207281807399,0.001658081021068314
559.0862454542238,-0.003524834057316184,558.936,0.019068537312681988,0.020801574808679744,559.0862454542238,0.00163193970499762
559.5517627277077,-0.003356984816491604,559.399,0.039755013915161896,0.021091748514176833,559.5517627277077,0.001663566278122303
560.0172800011917,-0.003524834057316184,559.862,0.01688978626683979,0.021414276102031504,560.0172800011917,0.0016960645678877754
560.4827972746756,-0.0015106431674212217,560.328,0.03321915035047751,0.021722174136168258,560.4827972746756,0.0016990395163929844
560.9483145481596,0.000839246204122901,560.79,0.056105487085402306,0.021989750257075714,560.9483145481596,0.0016810479583204065
561.4138318216435,-0.000839246204122901,561.256,0.0070753065188977615,0.022214143726887323,561.4138318216435,0.001679754769062387
561.8793490951275,-0.0028534370940178633,561.722,0.02014716350588075,0.02240939035593,561.8793490951275,0.0016803859423651386
562.3448663686114,-0.0028534370940178633,562.188,0.0027180641424413565,0.02259507024346222,562.3448663686114,0.001688776244405707
562.8103836420954,-0.0023498893715441227,562.655,0.0027180641424413565,0.022783516067574703,562.8103836420954,0.001696161190260643
563.2759009155793,-0.0001678492408245802,563.121,0.04846962852568848,0.02296988910424475,563.2759009155793,0.0017180282018171814
563.7414181890633,0.0011749446857720613,563.584,0.008175171656313207,0.023128012806355878,563.7414181890633,0.0017652203192429267
564.2069354625472,0.0005035477224737406,564.05,0.02124715850090997,0.023212713283732735,564.2069354625472,0.0017602737195263126
564.6724527360312,-0.0021820401307195425,564.51,0.031040399304635313,0.023167786232387407,564.6724527360312,0.0017440482165647553
565.1379700095151,-0.0028534370940178633,564.98,0.004896685330669559,0.02293795105602579,565.1379700095151,0.001734496304459019
565.6034872829991,-0.0041962312534451485,565.44,0.027783022065594576,0.022482790608103615,565.6034872829991,0.0017226458480446814
566.069004556483,-0.0031891355756670237,565.91,0.037576392726933694,0.021790237401956306,566.069004556483,0.0017039244304395257
566.5345218299669,-0.000839246204122901,566.373,0.04739087247487572,0.020886675389059448,566.5345218299669,0.0017015642076219316
567.000039103451,0.0011749446857720613,566.836,0.0070753065188977615,0.019840694048481163,567.000039103451,0.0017160133751615235
567.4655563769348,0.0011749446857720613,567.301,0.02342577968913817,0.018758586859347504,567.4655563769348,0.001761912302713243
567.9310736504189,0.0011749446857720613,567.766,0.008175171656313207,0.01777175185584208,567.9310736504189,0.0018086500583631455
568.3965909239027,0.0010070954449474812,568.231,0.015789921129424345,0.017018194940555186,568.3965909239027,0.0018249064002269911
568.8621081973868,-0.0003356984816491604,568.695,0.02014716350588075,0.016621356991509628,568.8621081973868,0.0018452910755432056
569.3276254708707,-0.0003356984816491604,569.161,0.02668315692817913,0.0166694388271279,569.3276254708707,0.0018447298037285432
569.7931427443547,-0.0015106431674212217,569.626,0.0005393130965993809,0.017197961332504882,569.7931427443547,0.0018761178857706836
570.2586600178386,-0.0028534370940178633,570.092,0.010353922702155405,0.018178071572722602,570.2586600178386,0.0018726741817954886
570.7241772913226,-0.0015106431674212217,570.559,0.004896685330669559,0.019513057807828485,570.7241772913226,0.001877873662056593
571.1896945648065,0.0011749446857720613,571.024,0.02014716350588075,0.02104506899076781,571.1896945648065,0.0019127568470106158
571.6552118382905,-0.0001678492408245802,571.492,0.011432548895354167,0.022572673277015,571.6552118382905,0.0019401317281505935
572.1207291117744,-0.002517738612368703,571.954,0.004896685330669559,0.023877812003908795,572.1207291117744,0.0019084393643115467
572.5862463852583,-0.0021820401307195425,572.418,0.0920425717207074,0.024758465285411483,572.5862463852583,0.0018642674268324283
573.0517636587423,-0.0005035477224737406,572.88,0.0016393080916288216,0.025061522343890783,573.0517636587423,0.0018438786411018268
573.5172809322262,0.0011749446857720613,573.346,0.041933764961004094,0.024709696695399165,573.5172809322262,0.001856461012877646
573.9827982057102,0.0021820401307195425,573.812,0.03649763667612116,0.023717460934713077,573.9827982057102,0.0018874481861470712
574.4483154791941,0.002517738612368703,574.277,0.013611299941196142,0.022193496486411765,574.4483154791941,0.001871333705683522
574.9138327526781,0.0005035477224737406,574.745,0.031040399304635313,0.02032986383061745,574.9138327526781,0.0018241868187038872
575.379350026162,0.0001678492408245802,575.21,0.009253927707125964,0.01838021783636255,575.379350026162,0.001793450468826773
575.844867299646,-0.0001678492408245802,575.677,0.008175171656313207,0.016630821056487256,575.844867299646,0.001763820219618121
576.3103845731299,-0.0015106431674212217,576.135,0.0027180641424413565,0.015368832555393706,576.3103845731299,0.0017626031023179752
576.7759018466139,-0.0015106431674212217,576.607,0.011432548895354167,0.014852241186766627,576.7759018466139,0.0017332524612062965
577.2414191200978,0.0005035477224737406,577.065,0.008175171656313207,0.015284812706382336,577.2414191200978,0.0016958548560827597
577.7069363935818,0.0011749446857720613,577.533,0.037576392726933694,0.01679775836750801,577.7069363935818,0.0016511997724653626
578.1724536670657,0.0011749446857720613,577.995,0.0027180641424413565,0.01943809333477172,578.1724536670657,0.0016312715184014553
578.6379709405497,-0.0001678492408245802,578.466,0.028861778116407333,0.023162488267536953,578.6379709405497,0.001630194205434984
579.1034882140336,-0.0028534370940178633,578.928,0.0713560301894205,0.027835089218723998,579.1034882140336,0.0016140838373136963
579.5690054875175,-0.003524834057316184,579.392,0.037576392726933694,0.03322819830193732,579.5690054875175,0.0015739024855835565
580.0345227610015,-0.0031891355756670237,579.855,0.01688978626683979,0.039025983305798186,580.0345227610015,0.0015247818939905647
580.5000400344854,-0.0028534370940178633,580.32,0.004896685330669559,0.044833659123852156,580.5000400344854,0.0014872074783810567
580.9655573079694,-0.0028534370940178633,580.791,0.031040399304635313,0.05019687380245935,580.9655573079694,0.0014969115311599481
581.4310745814533,-0.0028534370940178633,581.257,0.0005393130965993809,0.05463625002230669,581.4310745814533,0.001536348631822245
581.8965918549374,-0.0041962312534451485,581.721,0.037576392726933694,0.057698820996202674,581.8965918549374,0.001594794984898882
582.3621091284213,-0.004531929735094309,582.187,0.014711165078611588,0.05902188760824404,582.3621091284213,0.001671676975465344
582.8276264019053,-0.004364080261439085,582.651,0.38290288569207886,0.058397252727019414,582.8276264019053,0.0017220331896077652
583.2931436753892,-0.003524834057316184,583.117,0.013611299941196142,0.05581795602463551,583.2931436753892,0.0017759544087804235
583.7586609488732,-0.0028534370940178633,583.582,0.011432548895354167,0.051490523559477565,583.7586609488732,0.0018527541613367966
584.2241782223571,-0.0015106431674212217,584.04,0.004896685330669559,0.045806203020574913,584.2241782223571,0.001915705081883386
584.6896954958411,-0.0005035477224737406,584.51,0.0016393080916288216,0.03927968484143266,584.6896954958411,0.001986162250152742
585.155212769325,-0.000839246204122901,584.973,0.0027180641424413565,0.032473630216550316,585.155212769325,0.0020590372072695337
585.620730042809,-0.0015106431674212217,585.44,0.024504535739950928,0.0259272875335483,585.620730042809,0.002100324656345691
586.0862473162929,-0.000839246204122901,585.903,0.031040399304635313,0.020100947714491307,586.0862473162929,0.002136318052151562
586.5517645897768,0.0001678492408245802,586.366,0.014711165078611588,0.015340478674333385,586.5517645897768,0.0021596303915602513
587.0172818632608,0.0011749446857720613,586.836,0.022325914551722725,0.011860832940704997,587.0172818632608,0.0021827535841178213
587.4827991367447,0.0021820401307195425,587.302,0.004896685330669559,0.009744964644455265,587.4827991367447,0.0022352603136476107
587.9483164102287,0.0018463416490703821,587.766,0.0070753065188977615,0.008954326108176123,587.9483164102287,0.002284705743983317
588.4138336837126,-0.0001678492408245802,588.231,0.011432548895354167,0.009347789402704835,588.4138336837126,0.0023008860168067663
588.8793509571966,-0.0011749446857720613,588.696,0.013611299941196142,0.010706481667408412,588.8793509571966,0.0023367416638511974
589.3448682306805,-0.0011749446857720613,589.162,0.010353922702155405,0.012762305724178085,589.3448682306805,0.002359106212964353
589.8103855041645,-0.0005035477224737406,589.621,0.011432548895354167,0.015227986861079453,589.8103855041645,0.0023926386442475337
590.2759027776484,0.0011749446857720613,590.087,0.0027180641424413565,0.017826523637773702,590.2759027776484,0.002430151381042896
590.7414200511324,0.004531929735094309,590.552,0.015789921129424345,0.020317795989338795,590.7414200511324,0.002500826481427002
591.2069373246163,0.004531929735094309,591.018,0.09857856514300578,0.022519533165782386,591.2069373246163,0.0025392602807943017
591.6724545981003,0.0041962312534451485,591.481,0.028861778116407333,0.02431919445034423,591.6724545981003,0.0025531543446618774
592.1379718715842,0.0018463416490703821,591.951,0.004896685330669559,0.02567388221837476,592.1379718715842,0.0025645195985728782
592.6034891450681,-0.0015106431674212217,592.414,0.012532543890383385,0.02659826299194218,592.6034891450681,0.0025760411040590928
593.0690064185521,-0.002517738612368703,592.877,0.011432548895354167,0.027144539493249326,593.0690064185521,0.002596483346043971
593.534523692036,-0.0001678492408245802,593.343,0.0027180641424413565,0.02738107703416821,593.534523692036,0.0026110805420456427
594.00004096552,0.0018463416490703821,593.806,0.037576392726933694,0.027375763001766647,594.00004096552,0.002589787141355389
594.4655582390039,0.0005035477224737406,594.272,0.0027180641424413565,0.02718731258979817,594.4655582390039,0.0025527267138607786
594.931075512488,-0.0011749446857720613,594.737,0.07789202361171887,0.02686421620241507,594.931075512488,0.002522903205564267
595.3965927859718,-0.0021820401307195425,595.203,0.037576392726933694,0.026448230650667485,595.3965927859718,0.0025208678224932514
595.8621100594559,-0.0015106431674212217,595.67,0.02014716350588075,0.025978241882672944,595.8621100594559,0.0024858242716739175
596.3276273329398,-0.0018463416490703821,596.136,0.003817929279857024,0.025491430957268194,596.3276273329398,0.002461463403900751
596.7931446064238,-0.0041962312534451485,596.6,0.0441123861492323,0.025021197908486132,596.7931446064238,0.0024450960423365955
597.2586618799077,-0.0041962312534451485,597.066,0.0005393130965993809,0.024593453119092373,597.2586618799077,0.002460020132830035
597.7241791533917,-0.0028534370940178633,597.529,0.03539777153870571,0.024223470431960097,597.7241791533917,0.0024519382212810745
598.1896964268756,-0.0001678492408245802,597.991,0.01688978626683979,0.02391484064087459,598.1896964268756,0.0024091684396777458
598.6552137003596,-0.0005035477224737406,598.459,0.011432548895354167,0.023661083012892305,598.6552137003596,0.00236504378843942
599.1207309738435,-0.0031891355756670237,598.922,0.05282700075975866,0.023449595827440946,599.1207309738435,0.0023376175062865827
599.5862482473274,-0.004867628216743469,599.385,0.008175171656313207,0.023266917556520845,599.5862482473274,0.002322781819139626
600.0517655208114,-0.0041962312534451485,599.854,0.02014716350588075,0.02310388464080394,600.0517655208114,0.0022904747318545447
600.5172827942953,-0.003524834057316184,600.32,0.013611299941196142,0.02295934975929499,600.5172827942953,0.00227073356794873
600.9828000677793,-0.002517738612368703,600.783,0.07789202361171887,0.022841410631448882,600.9828000677793,0.0022639941873339267
601.4483173412632,-0.003524834057316184,601.249,0.0005393130965993809,0.02276528729418241,601.4483173412632,0.0022659658370110186
601.9138346147472,-0.004867628216743469,601.714,0.015789921129424345,0.022747473554313037,601.9138346147472,0.002257102667069795
602.3793518882311,-0.004867628216743469,602.18,0.010353922702155405,0.022797130704654524,602.3793518882311,0.0022414384376368834
602.8448691617151,-0.0036926832981407642,602.644,0.037576392726933694,0.022907287145166714,602.8448691617151,0.0022279288363328646
603.310386435199,-0.002517738612368703,603.109,0.0027180641424413565,0.02304898014157651,603.310386435199,0.00218556613113441
603.775903708683,-0.0028534370940178633,603.574,0.008175171656313207,0.02317076036982115,603.775903708683,0.0021470357035364724
604.2414209821669,-0.0041962312534451485,604.039,0.010353922702155405,0.02320467677689844,604.2414209821669,0.0021769023868808235
604.7069382556509,-0.004867628216743469,604.503,0.011432548895354167,0.023078235526594867,604.7069382556509,0.002185473612724969
605.1724555291348,-0.00553902518004179,604.965,0.11928634561850959,0.022729651716824895,605.1724555291348,0.0021841783680943464
605.6379728026187,-0.00520332669839263,605.433,0.012532543890383385,0.022121593533884286,605.6379728026187,0.0021889604907983267
606.1034900761027,-0.0041962312534451485,605.895,0.0005393130965993809,0.021248374365000856,606.1034900761027,0.002207936843721679
606.5690073495866,-0.0028534370940178633,606.366,0.011432548895354167,0.020134346841738298,606.5690073495866,0.0022330933611286303
607.0345246230706,-0.000839246204122901,606.828,0.0005393130965993809,0.01882555757993828,607.0345246230706,0.002238642353641308
607.5000418965545,0.0011749446857720613,607.294,0.011432548895354167,0.017379397449041104,607.5000418965545,0.002222044725456685
607.9655591700385,0.0011749446857720613,607.759,0.008175171656313207,0.015856548373581664,607.9655591700385,0.002233274282587958
608.4310764435224,-0.0005035477224737406,608.225,0.037576392726933694,0.014317077713183567,608.4310764435224,0.0022555648162565977
608.8965937170065,-0.0015106431674212217,608.685,0.02014716350588075,0.0128199084175534,608.8965937170065,0.0022593518629917776
609.3621109904904,-0.000839246204122901,609.15,0.011432548895354167,0.011423348525200702,609.3621109904904,0.002257425444071652
609.8276282639744,-0.000839246204122901,609.618,0.008175171656313207,0.010184395544042157,609.8276282639744,0.0022585582681915886
610.2931455374583,-0.0010070954449474812,610.083,0.011432548895354167,0.009155776426787849,610.2931455374583,0.0022479352102382027
610.7586628109423,-0.0005035477224737406,610.555,0.0005393130965993809,0.008381140105646109,610.7586628109423,0.002223224827757991
611.2241800844262,0.0011749446857720613,611.013,0.0005393130965993809,0.007889676197755123,611.2241800844262,0.0021856812493824193
611.6896973579102,0.0031891355756670237,611.481,0.02014716350588075,0.0076915361817196035,611.6896973579102,0.0021617151217402423
612.1552146313941,0.0011749446857720613,611.944,0.0016393080916288216,0.007775020219217277,612.1552146313941,0.002168341425513964
612.620731904878,-0.000839246204122901,612.407,0.004896685330669559,0.008105920273709289,612.620731904878,0.0021871512472612783
613.086249178362,-0.000839246204122901,612.877,0.019068537312681988,0.008629023405871116,613.086249178362,0.0022177210627283167
613.5517664518459,-0.0001678492408245802,613.335,0.0005393130965993809,0.009271679604217419,613.5517664518459,0.0021977599115091157
614.0172837253299,-0.0001678492408245802,613.805,0.009253927707125964,0.009949381325160636,614.0172837253299,0.0021756482438074214
614.4828009988138,0.000839246204122901,614.27,0.003817929279857024,0.01057334265134598,614.4828009988138,0.002184096112433949
614.9483182722978,0.0011749446857720613,614.736,0.004896685330669559,0.01105997097305987,614.9483182722978,0.002147317347262458
615.4138355457817,-0.0001678492408245802,615.195,0.011432548895354167,0.011341703144472576,615.4138355457817,0.002100645381231796
615.8793528192657,-0.0015106431674212217,615.667,0.034319015487892957,0.011377891416421352,615.8793528192657,0.00211302832806432
616.3448700927496,-0.000839246204122901,616.125,0.009253927707125964,0.011163605916938761,616.3448700927496,0.0021521796526752205
616.8103873662336,-0.0011749446857720613,616.592,0.024504535739950928,0.010733983114115261,616.8103873662336,0.0022110351349911594
617.2759046397175,-0.0010070954449474812,617.058,0.0005393130965993809,0.010162521810084087,617.2759046397175,0.002230531641670955
617.7414219132015,-0.0001678492408245802,617.521,0.003817929279857024,0.009553272918738762,617.7414219132015,0.0022466235066619087
618.2069391866854,-0.0001678492408245802,617.991,0.004896685330669559,0.009028384280359953,618.2069391866854,0.0022714490173175363
618.6724564601693,-0.0018463416490703821,618.455,0.01688978626683979,0.008713214326385868,618.6724564601693,0.0022617901962566967
619.1379737336533,-0.0028534370940178633,618.917,0.009253927707125964,0.008721088323052167,619.1379737336533,0.002266773800984853
619.6034910071372,-0.003524834057316184,619.385,0.0070753065188977615,0.009139235637103489,619.6034910071372,0.002253681554919376
620.0690082806212,-0.0030212863348424435,619.847,0.003817929279857024,0.010017132066415382,620.0690082806212,0.0022319420125662317
620.5345255541051,-0.0041962312534451485,620.313,0.0070753065188977615,0.011358505850399244,620.5345255541051,0.002226645902052505
621.0000428275891,-0.0031891355756670237,620.779,0.008175171656313207,0.01311826169844983,621.0000428275891,0.0021736436905183706
621.465560101073,-0.0015106431674212217,621.245,0.014711165078611588,0.015205155096395615,621.465560101073,0.002112767214142765
621.931077374557,-0.0015106431674212217,621.71,0.017968542317652547,0.01749021296059676,621.931077374557,0.0020887620227740345
622.396594648041,-0.0028534370940178633,622.175,0.012532543890383385,0.019819932046216644,622.396594648041,0.0020746788127169774
622.862111921525,-0.0036926832981407642,622.641,0.037576392726933694,0.022032472432901944,622.862111921525,0.0020548471862734037
623.3276291950089,-0.004531929735094309,623.106,0.01688978626683979,0.023974532422234154,623.3276291950089,0.002006890259744587
623.7931464684929,-0.004531929735094309,623.571,0.037576392726933694,0.02551640485308689,623.7931464684929,0.0019572433479664872
624.2586637419768,-0.0041962312534451485,624.036,0.05500562194798686,0.026562965209056558,624.2586637419768,0.001938986573486204
624.7241810154608,-0.003524834057316184,624.499,0.003817929279857024,0.02705915329165787,624.7241810154608,0.0019325165202952414
625.1896982889447,-0.0021820401307195425,624.962,0.011432548895354167,0.026989922439125943,625.1896982889447,0.001925022611105053
625.6552155624286,-0.0010070954449474812,625.425,0.009253927707125964,0.026376219712565815,625.6552155624286,0.0019288631123348964
626.1207328359126,-0.0015106431674212217,625.895,0.06372023655851344,0.02526929332467374,626.1207328359126,0.0019299527617435157
626.5862501093965,-0.0021820401307195425,626.359,0.01688978626683979,0.02374485353049583,626.5862501093965,0.0019421938457612074
627.0517673828805,-0.0015106431674212217,626.821,0.024504535739950928,0.0218972057749519,627.0517673828805,0.00198126498897234
627.5172846563644,0.0018463416490703821,627.287,0.004896685330669559,0.01983297253689841,627.5172846563644,0.002060246097506686
627.9828019298484,0.0038605325389653444,627.752,0.0027180641424413565,0.017664699293463607,627.9828019298484,0.0021180653817316694
628.4483192033323,0.002517738612368703,628.217,0.037576392726933694,0.015505301661506755,628.4483192033323,0.002149210861632353
628.9138364768163,-0.0001678492408245802,628.684,0.008175171656313207,0.013463957801718352,628.9138364768163,0.0021887116937008115
629.3793537503002,-0.0023498893715441227,629.15,0.017968542317652547,0.011643017486513129,629.3793537503002,0.0022379371393810867
629.8448710237842,-0.0028534370940178633,629.614,0.015789921129424345,0.0101348323577069,629.8448710237842,0.0022987128729308054
630.3103882972681,-0.0021820401307195425,630.08,0.008175171656313207,0.009017635936715514,630.3103882972681,0.002385471614074791
630.7759055707521,-0.0011749446857720613,630.54,0.0005393130965993809,0.008350412064128883,630.7759055707521,0.0024606553964613563
631.241422844236,-0.0006713969632983208,631.01,0.0016393080916288216,0.008167525767170758,631.241422844236,0.0025329032924978788
631.70694011772,-0.003524834057316184,631.473,0.017968542317652547,0.00847433551222358,631.70694011772,0.0025637444937301715
632.1724573912039,-0.00587472366169095,631.936,0.0005393130965993809,0.009244870478228182,632.1724573912039,0.002588676914763993
632.6379746646878,-0.0041962312534451485,632.403,0.011432548895354167,0.010422110144262928,632.6379746646878,0.0026149292511167812
633.1034919381718,-0.0028534370940178633,632.866,0.019068537312681988,0.011920852648593874,633.1034919381718,0.002633537591396036
633.5690092116557,-0.0036926832981407642,633.331,0.011432548895354167,0.013632840531394637,633.5690092116557,0.0026216192902351163
634.0345264851397,-0.0028534370940178633,633.801,0.004896685330669559,0.015433719321360765,634.0345264851397,0.0026136442876355573
634.5000437586236,-0.0015106431674212217,634.26,0.028861778116407333,0.01719145826791462,634.5000437586236,0.002618560047446019
634.9655610321076,-0.002517738612368703,634.725,0.008175171656313207,0.018775908581959846,634.9655610321076,0.0026319133971719716
635.4310783055915,-0.0041962312534451485,635.191,0.019068537312681988,0.020069042802258318,635.4310783055915,0.0026416112802054577
635.8965955790756,-0.004531929735094309,635.655,0.027783022065594576,0.020975119879051488,635.8965955790756,0.002622530073331711
636.3621128525594,-0.0028534370940178633,636.121,0.02014716350588075,0.02142968313977856,636.3621128525594,0.0025974825198560553
636.8276301260435,-0.0015106431674212217,636.585,0.041933764961004094,0.02140605465605776,636.8276301260435,0.00258834796497092
637.2931473995274,-0.0015106431674212217,637.051,0.004896685330669559,0.02091805811126583,637.2931473995274,0.002571339148398499
637.7586646730114,-0.0001678492408245802,637.521,0.011432548895354167,0.020018262354731108,637.7586646730114,0.0025801447518079487
638.2241819464953,0.0018463416490703821,637.984,0.034319015487892957,0.018791857441118345,638.2241819464953,0.0025578192665411258
638.6896992199792,0.0028534370940178633,638.447,0.037576392726933694,0.017346806931938158,638.6896992199792,0.0024971093226505738
639.1552164934632,0.0005035477224737406,638.91,0.0027180641424413565,0.01580106528437793,639.1552164934632,0.0024364775048185587
639.6207337669471,-0.0028534370940178633,639.381,0.0005393130965993809,0.014268031212897318,639.6207337669471,0.0024171166896995422
640.0862510404311,-0.0041962312534451485,639.843,0.008175171656313207,0.012842358922347238,640.0862510404311,0.0024228918333676123
640.551768313915,-0.003524834057316184,640.309,0.0005393130965993809,0.01158900417875651,640.551768313915,0.00240540603807518
641.017285587399,-0.0018463416490703821,640.772,0.017968542317652547,0.010537977951107485,641.017285587399,0.0023893018363797054
641.4828028608829,-0.0001678492408245802,641.238,0.009253927707125964,0.009685790640745266,641.4828028608829,0.0023346075848653582
641.9483201343669,0.0005035477224737406,641.703,0.003817929279857024,0.00900290368360214,641.9483201343669,0.002257807831230974
642.4138374078508,-0.0001678492408245802,642.169,0.011432548895354167,0.008445392278936578,642.4138374078508,0.0021814213223494464
642.8793546813348,0.0003356984816491604,642.633,0.015789921129424345,0.00796854392871851,642.8793546813348,0.002095256748863552
643.3448719548187,-0.0001678492408245802,643.099,0.01688978626683979,0.00754001051211589,643.3448719548187,0.0020193883380236386
643.8103892283027,-0.0005035477224737406,643.566,0.0070753065188977615,0.007150316312110567,643.8103892283027,0.0020044128496743757
644.2759065017866,-0.0001678492408245802,644.032,0.003817929279857024,0.006819161271926476,644.2759065017866,0.002021181120826885
644.7414237752706,0.0011749446857720613,644.492,0.0005393130965993809,0.006597000245785105,644.7414237752706,0.0020509018326445925
645.2069410487545,-0.000839246204122901,644.962,0.003817929279857024,0.00656235182131889,645.2069410487545,0.0020678530825055724
645.6724583222384,-0.003524834057316184,645.425,0.0005393130965993809,0.006815671811681529,645.6724583222384,0.0021077445474476666
646.1379755957224,-0.004531929735094309,645.888,0.031040399304635313,0.007470304141392975,646.1379755957224,0.0021080734984100127
646.6034928692063,-0.004531929735094309,646.358,0.019068537312681988,0.008640393996027703,646.6034928692063,0.0020825551341259897
647.0690101426903,-0.0041962312534451485,646.821,0.008175171656313207,0.010425435931235655,647.0690101426903,0.0020628201373418475
647.5345274161742,-0.003524834057316184,647.287,0.008175171656313207,0.012891914386398239,647.5345274161742,0.0020791463803230374
648.0000446896582,-0.0028534370940178633,647.752,0.0016393080916288216,0.016054096817643772,648.0000446896582,0.0020815394976265627
648.4655619631421,-0.0031891355756670237,648.21,0.02342577968913817,0.019857483390714085,648.4655619631421,0.002100493238950179
648.9310792366261,-0.0036926832981407642,648.677,0.019068537312681988,0.024168797744048072,648.9310792366261,0.0021133942843490627
649.39659651011,-0.004867628216743469,649.143,0.0027180641424413565,0.028775663930803583,649.39659651011,0.002111743365549882
649.862113783594,-0.004699778743088245,649.607,0.04521225128664774,0.03339777604678045,649.862113783594,0.002118439572049411
650.327631057078,-0.003524834057316184,650.073,0.0005393130965993809,0.0377097486072608,650.327631057078,0.002125929372453637
650.793148330562,-0.0028534370940178633,650.536,0.0920425717207074,0.041373903440635795,650.793148330562,0.00210623343874867
651.2586656040459,-0.0031891355756670237,651.006,0.02014716350588075,0.04407916831123453,651.2586656040459,0.002083313786365615
651.7241828775298,-0.0028534370940178633,651.466,0.039755013915161896,0.04558067727060237,651.7241828775298,0.002070122856078039
652.1897001510138,-0.0001678492408245802,651.936,0.02342577968913817,0.04573406744151709,652.1897001510138,0.002056783897810351
652.6552174244977,-0.0005035477224737406,652.399,0.19553906113859953,0.04451851754685107,652.6552174244977,0.0020652913895618605
653.1207346979817,-0.0011749446857720613,652.861,0.014711165078611588,0.0420429840828531,653.1207346979817,0.002103285215445992
653.5862519714656,-0.000839246204122901,653.327,0.0016393080916288216,0.03853215343678062,653.5862519714656,0.0021194716540564327
654.0517692449496,-0.0015106431674212217,653.79,0.008175171656313207,0.03429369476139417,654.0517692449496,0.0020998065588972697
654.5172865184335,-0.0015106431674212217,654.255,0.02124715850090997,0.029674498060912356,654.5172865184335,0.002112240901398222
654.9828037919175,0.0005035477224737406,654.722,0.004896685330669559,0.025016480421642628,654.9828037919175,0.0021143831932560805
655.4483210654014,0.0011749446857720613,655.188,0.027783022065594576,0.02062066452823414,655.4483210654014,0.002077736008826013
655.9138383388854,-0.0005035477224737406,655.655,0.0016393080916288216,0.01672386539517291,655.9138383388854,0.0020150235760965592
656.3793556123693,-0.0021820401307195425,656.12,0.04846962852568848,0.013488248130900285,656.3793556123693,0.0019649819232805715
656.8448728858533,-0.0005035477224737406,656.584,0.003817929279857024,0.011001396046515066,656.8448728858533,0.0019834031716050465
657.3103901593372,0.0005035477224737406,657.05,0.004896685330669559,0.00928351698789382,657.3103901593372,0.0020550610107800183
657.7759074328212,0.000839246204122901,657.511,0.0016393080916288216,0.008298811192959065,657.7759074328212,0.0020908220857449797
658.2414247063051,0.0021820401307195425,657.98,0.019068537312681988,0.007969068246399036,658.2414247063051,0.00211277133257665
658.706941979789,0.0028534370940178633,658.444,0.0005393130965993809,0.008188264757888553,658.706941979789,0.0021350885931218757
659.172459253273,0.0011749446857720613,658.906,0.010353922702155405,0.008836968412467151,659.172459253273,0.0021600682997462606
659.6379765267569,0.0003356984816491604,659.37,0.01688978626683979,0.009795137363682442,659.6379765267569,0.0021712135659788323
660.1034938002409,0.0005035477224737406,659.839,0.027783022065594576,0.010951851557197943,660.1034938002409,0.0021714623343379144
660.5690110737248,0.0018463416490703821,660.305,0.015789921129424345,0.012210785637055925,660.5690110737248,0.0021607405911813807
661.0345283472088,0.0028534370940178633,660.769,0.0005393130965993809,0.01349103031560525,661.0345283472088,0.0021699409391450907
661.5000456206927,0.0038605325389653444,661.235,0.0016393080916288216,0.014724214329193576,661.5000456206927,0.002204980375292176
661.9655628941767,0.002517738612368703,661.7,0.01688978626683979,0.01585015237275116,661.9655628941767,0.0021968943514180665
662.4310801676606,-0.0001678492408245802,662.165,0.015789921129424345,0.016813549365264215,662.4310801676606,0.0021950131633832405
662.8965974411446,-0.0021820401307195425,662.625,0.02668315692817913,0.01756343145113078,662.8965974411446,0.0021924226749461904
663.3621147146285,-0.0041962312534451485,663.091,0.0005393130965993809,0.018055688870504218,663.3621147146285,0.002209548679612535
663.8276319881126,-0.0041962312534451485,663.555,0.017968542317652547,0.01825821657225249,663.8276319881126,0.0022297914937623076
664.2931492615965,-0.0018463416490703821,664.02,0.028861778116407333,0.018157697188607703,664.2931492615965,0.0022060988063567926
664.7586665350804,-0.0001678492408245802,664.492,0.027783022065594576,0.017766678995360094,664.7586665350804,0.0022052682048139677
665.2241838085644,-0.0005035477224737406,664.955,0.0005393130965993809,0.01712920851299746,665.2241838085644,0.0022164854324788013
665.6897010820483,-0.0015106431674212217,665.418,0.02996177311143655,0.016323285045861575,665.6897010820483,0.0022038619390513897
666.1552183555323,-0.003524834057316184,665.88,0.008175171656313207,0.015458905900672894,666.1552183555323,0.0021534707733136364
666.6207356290162,-0.00553902518004179,666.346,0.037576392726933694,0.014671037177136637,666.6207356290162,0.0020917225787800407
667.0862529025002,-0.00553902518004179,666.812,0.004896685330669559,0.014107249246122321,667.0862529025002,0.002053983689699938
667.5517701759841,-0.00553902518004179,667.278,0.03539777153870571,0.013910316114217586,667.5517701759841,0.0020200195118454324
668.0172874494681,-0.004867628216743469,667.744,0.004896685330669559,0.01419712192425941,668.0172874494681,0.0020093101049513773
668.482804722952,-0.0021820401307195425,668.21,0.0005393130965993809,0.015036637418579114,668.482804722952,0.001987983808423399
668.948321996436,0.000839246204122901,668.677,0.004896685330669559,0.016431041479590954,668.948321996436,0.001959132760503314
669.4138392699199,0.0005035477224737406,669.135,0.0027180641424413565,0.018304601151136343,669.4138392699199,0.0019276459935974012
669.8793565434039,-0.000839246204122901,669.607,0.010353922702155405,0.020504141862158626,669.8793565434039,0.0019123230503141529
670.3448738168878,0.0003356984816491604,670.065,0.03321915035047751,0.022812848851874852,670.3448738168878,0.0018988052248817286
670.8103910903718,0.0021820401307195425,670.533,0.019068537312681988,0.024976405835719594,670.8103910903718,0.0019166734248953839
671.2759083638557,0.0023498893715441227,670.995,0.0005393130965993809,0.02673798683316662,671.2759083638557,0.0019520294792301886
671.7414256373396,0.0018463416490703821,671.466,0.028861778116407333,0.027876834438402512,671.7414256373396,0.0019777986716748713
672.2069429108236,-0.0005035477224737406,671.929,0.1377942659615683,0.028243857033523306,672.2069429108236,0.0019969518398411366
672.6724601843075,-0.0023498893715441227,672.396,0.01688978626683979,0.027786870387361714,672.6724601843075,0.0020046081716809227
673.1379774577915,-0.0021820401307195425,672.858,0.0070753065188977615,0.026559131749630687,673.1379774577915,0.00200035236982654
673.6034947312754,-0.0028534370940178633,673.324,0.01688978626683979,0.024708897903857083,673.6034947312754,0.002025475993086934
674.0690120047594,-0.0038605325389653444,673.786,0.019068537312681988,0.022453343681364316,674.0690120047594,0.002067263034131228
674.5345292782433,-0.0028534370940178633,674.252,0.011432548895354167,0.02004393110730891,674.5345292782433,0.0021264515799086278
675.0000465517273,-0.0015106431674212217,674.718,0.004896685330669559,0.017730769800974273,675.0000465517273,0.00218945800862276
675.4655638252112,-0.0021820401307195425,675.183,0.008175171656313207,0.015731937663795624,675.4655638252112,0.0022319625738782744
675.9310810986952,-0.0028534370940178633,675.648,0.009253927707125964,0.014211672365716558,675.9310810986952,0.0022648247664951685
676.3965983721791,-0.0028534370940178633,676.114,0.008175171656313207,0.013269238560467215,676.3965983721791,0.0022930323041427552
676.8621156456632,-0.0021820401307195425,676.581,0.011432548895354167,0.012938161784260436,676.8621156456632,0.002317074501250259
677.327632919147,-0.000839246204122901,677.047,0.04739087247487572,0.013193640596484651,677.327632919147,0.0023110218049547833
677.7931501926311,-0.0006713969632983208,677.51,0.019068537312681988,0.013964725529385144,677.7931501926311,0.002305857275963896
678.258667466115,-0.000839246204122901,677.973,0.0005393130965993809,0.015147797024715408,678.258667466115,0.002288990319468497
678.7241847395989,-0.000839246204122901,678.44,0.0070753065188977615,0.01661917398112892,678.7241847395989,0.002248253864913351
679.1897020130829,-0.0005035477224737406,678.903,0.01688978626683979,0.018246560894210107,679.1897020130829,0.0022221516124266163
679.6552192865668,-0.001678492408245802,679.366,0.02014716350588075,0.019900106078953293,679.6552192865668,0.0022057205156547385
680.1207365600508,-0.0038605325389653444,679.836,0.014711165078611588,0.021463478091939055,680.1207365600508,0.002165313011788157
680.5862538335347,-0.004867628216743469,680.302,0.04303363009841954,0.022844219326341585,680.5862538335347,0.002161003754700472
681.0517711070187,-0.003524834057316184,680.766,0.01688978626683979,0.023981673230250227,681.0517711070187,0.0021398892196320862
681.5172883805026,-0.0015106431674212217,681.231,0.04521225128664774,0.024850501053609284,681.5172883805026,0.0021225535076980734
681.9828056539866,-0.0001678492408245802,681.695,0.04629100733746028,0.02545832036053442,681.9828056539866,0.002099568064392466
682.4483229274705,0.0011749446857720613,682.161,0.0027180641424413565,0.025837306182170026,682.4483229274705,0.0020691565549806053
682.9138402009545,-0.000839246204122901,682.626,0.003817929279857024,0.026031514512898212,682.9138402009545,0.002041154610678482
683.3793574744384,-0.001678492408245802,683.085,0.009253927707125964,0.026083511162949605,683.3793574744384,0.0020307762095375915
683.8448747479224,-0.0006713969632983208,683.551,0.041933764961004094,0.02602439686843997,683.8448747479224,0.0020389177426971827
684.3103920214063,0.0001678492408245802,684.017,0.013611299941196142,0.025869834765790477,684.3103920214063,0.0020109116863208758
684.7759092948902,0.0018463416490703821,684.485,0.028861778116407333,0.025622043648858527,684.7759092948902,0.001962461332889387
685.2414265683742,0.004531929735094309,684.947,0.06372023655851344,0.025275500237854798,685.2414265683742,0.0019415482796683614
685.7069438418581,0.0038605325389653444,685.41,0.02668315692817913,0.02482321233126549,685.7069438418581,0.0019091342813548566
686.1724611153421,-0.0005035477224737406,685.881,0.009253927707125964,0.024261029581224513,686.1724611153421,0.0018781512192926429
686.637978388826,-0.0021820401307195425,686.347,0.012532543890383385,0.02358931942043386,686.637978388826,0.0018691914183687145
687.10349566231,-0.001678492408245802,686.805,0.004896685330669559,0.022813504077843785,687.10349566231,0.0018800796909103044
687.5690129357939,-0.0001678492408245802,687.271,0.013611299941196142,0.021945922767648205,687.5690129357939,0.0018324311548645407
688.0345302092779,-0.0001678492408245802,687.737,0.037576392726933694,0.021010478618405177,688.0345302092779,0.0018298283294463369
688.5000474827618,-0.000839246204122901,688.202,0.019068537312681988,0.02004922526431477,688.5000474827618,0.0018282904858484045
688.9655647562458,-0.0015106431674212217,688.667,0.06154148551267147,0.019127888211072523,688.9655647562458,0.0018327436603421071
689.4310820297297,-0.0021820401307195425,689.132,0.0070753065188977615,0.01833654717062124,689.4310820297297,0.0018085020354993134
689.8965993032137,-0.0028534370940178633,689.599,0.025604400877366373,0.01778281857510103,689.8965993032137,0.0017778335328499195
690.3621165766976,-0.0041962312534451485,690.065,0.008175171656313207,0.017577404739492958,690.3621165766976,0.0017528723278614816
690.8276338501817,-0.00553902518004179,690.525,0.011432548895354167,0.01781461439998931,690.8276338501817,0.0017389885435975818
691.2931511236656,-0.004867628216743469,690.996,0.008175171656313207,0.018552216614348315,691.2931511236656,0.0017208859642875276
691.7586683971494,-0.003524834057316184,691.458,0.008175171656313207,0.019795296417927412,691.7586683971494,0.0017312417510737617
692.2241856706335,-0.0028534370940178633,691.921,0.019068537312681988,0.021487860919323948,692.2241856706335,0.0017683083493147884
692.6897029441174,-0.0011749446857720613,692.385,0.019068537312681988,0.023514250532837445,692.6897029441174,0.001821220100367373
693.1552202176014,-0.0015106431674212217,692.854,0.03321915035047751,0.025710412856546322,693.1552202176014,0.001867906456347654
693.6207374910853,-0.0021820401307195425,693.32,0.008175171656313207,0.02788327754552896,693.6207374910853,0.001869024888977955
694.0862547645693,-0.0018463416490703821,693.783,0.07571333749468367,0.029835178102200204,694.0862547645693,0.0018304471745232182
694.5517720380532,-0.0015106431674212217,694.249,0.014711165078611588,0.03138963825061559,694.5517720380532,0.0017895811955032988
695.0172893115372,-0.000839246204122901,694.715,0.0027180641424413565,0.03241496122075095,695.0172893115372,0.0017623049995522078
695.4828065850211,-0.0011749446857720613,695.181,0.011432548895354167,0.03284277284735504,695.4828065850211,0.001726839982683531
695.9483238585051,-0.0010070954449474812,695.64,0.14868750176032308,0.03267911854629872,695.9483238585051,0.0016990312974436003
696.413841131989,-0.0018463416490703821,696.105,0.011432548895354167,0.03200527461630918,696.413841131989,0.0016673553803156424
696.879358405473,-0.0021820401307195425,696.57,0.037576392726933694,0.03096544697461583,696.879358405473,0.0016230066309303156
697.3448756789569,-0.002517738612368703,697.035,0.012532543890383385,0.029741146089848285,697.3448756789569,0.001562786002005142
697.8103929524408,-0.0028534370940178633,697.507,0.0005393130965993809,0.028516789326159704,697.8103929524408,0.0015765649321304244
698.2759102259248,-0.0011749446857720613,697.969,0.013611299941196142,0.027444850219388604,698.2759102259248,0.0016058621198226
698.7414274994087,0.0005035477224737406,698.433,0.009253927707125964,0.026619346413090505,698.7414274994087,0.0016161706181064975
699.2069447728927,0.0005035477224737406,698.895,0.017968542317652547,0.026063910610945956,699.2069447728927,0.0016114666175910469
699.6724620463766,-0.0001678492408245802,699.366,0.017968542317652547,0.025736660802602552,699.6724620463766,0.001573287756844426
700.1379793198606,0.0005035477224737406,699.828,0.008175171656313207,0.02554991685143048,700.1379793198606,0.0014977174579561972
700.6034965933445,0.0005035477224737406,700.293,0.08878525941047344,0.02539923997490153,700.6034965933445,0.0014395281012684249
701.0690138668285,0.0011749446857720613,700.758,0.06154148551267147,0.02519378225518429,701.0690138668285,0.0014084319614126005
701.5345311403124,0.0011749446857720613,701.224,0.01688978626683979,0.024879407806620745,701.5345311403124,0.0013899634235762226
702.0000484137964,0.0005035477224737406,701.69,0.022325914551722725,0.024448463334474882,702.0000484137964,0.0013782054838573435
702.4655656872803,-0.0005035477224737406,702.156,0.014711165078611588,0.02393491652251624,702.4655656872803,0.0013659212229609019
702.9310829607643,-0.0018463416490703821,702.622,0.012532543890383385,0.023398417243067196,702.9310829607643,0.0013716614143891143
703.3966002342482,-0.0031891355756670237,703.08,0.010353922702155405,0.022903406222509394,703.3966002342482,0.001425231066630604
703.8621175077323,-0.0028534370940178633,703.555,0.024504535739950928,0.022499388252118134,703.8621175077323,0.0014526326765322642
704.3276347812161,-0.0021820401307195425,704.013,0.011432548895354167,0.022206933424306186,704.3276347812161,0.0014600751918934884
704.7931520547,-0.0028534370940178633,704.481,0.01688978626683979,0.022011914185234994,704.7931520547,0.0015064716588042157
705.258669328184,-0.000839246204122901,704.943,0.011432548895354167,0.02186851938578417,705.258669328184,0.001601458282011386
705.724186601668,0.0011749446857720613,705.407,0.013611299941196142,0.021709844882260593,705.724186601668,0.00170651080537645
706.189703875152,0.002517738612368703,705.876,0.0920425717207074,0.021463234226988682,706.189703875152,0.0017822414667619162
706.6552211486359,0.0011749446857720613,706.335,0.0005393130965993809,0.02106628723333223,706.6552211486359,0.001831645778203802
707.1207384221199,-0.0015106431674212217,706.805,0.0005393130965993809,0.02047947669088071,707.1207384221199,0.0018774398536873704
707.5862556956038,-0.0015106431674212217,707.271,0.03321915035047751,0.019693125382842708,707.5862556956038,0.0019281640803512595
708.0517729690878,-0.0015106431674212217,707.737,0.014711165078611588,0.01872897893956998,708.0517729690878,0.0019748545468029656
708.5172902425717,-0.000839246204122901,708.195,0.019068537312681988,0.017638010018257013,708.5172902425717,0.002006962209612461
708.9828075160557,0.001678492408245802,708.662,0.008175171656313207,0.016496092972960164,708.9828075160557,0.0020343432594255363
709.4483247895396,0.0021820401307195425,709.127,0.009253927707125964,0.015398752314986441,709.4483247895396,0.002048494316077196
709.9138420630236,-0.0001678492408245802,709.592,0.02668315692817913,0.014455830774090682,709.9138420630236,0.0020742614504799116
710.3793593365075,-0.0021820401307195425,710.058,0.0016393080916288216,0.01378645479760243,710.3793593365075,0.0021295149224346594
710.8448766099914,-0.0031891355756670237,710.521,0.008175171656313207,0.013514058401724004,710.8448766099914,0.0022008335296404826
711.3103938834754,-0.0028534370940178633,710.991,0.011432548895354167,0.013760663882660902,711.3103938834754,0.0022188291996389467
711.7759111569593,0.0001678492408245802,711.451,0.06372023655851344,0.014639116189162414,711.7759111569593,0.002257968187163175
712.2414284304433,0.0018463416490703821,711.921,0.025604400877366373,0.016241610897330866,712.2414284304433,0.0022929192187574306
712.7069457039272,-0.0005035477224737406,712.385,0.005996550468085005,0.018623380969620382,712.7069457039272,0.0022876066629528512
713.1724629774112,-0.002517738612368703,712.847,0.0027180641424413565,0.02178253958800352,713.1724629774112,0.0022682211773707894
713.6379802508951,-0.0023498893715441227,713.313,0.02014716350588075,0.02564009191168549,713.6379802508951,0.002254637562798241
714.1034975243791,-0.0021820401307195425,713.779,0.01688978626683979,0.030026070682239593,714.1034975243791,0.0022703531915528453
714.569014797863,-0.000839246204122901,714.244,0.037576392726933694,0.03467742508756698,714.569014797863,0.0022985525060017415
715.034532071347,0.0005035477224737406,714.71,0.011432548895354167,0.039251268782994814,715.034532071347,0.0023419452389924784
715.5000493448309,-0.0005035477224737406,715.176,0.02014716350588075,0.04335456805368442,715.5000493448309,0.0023747437011471845
715.9655666183149,-0.0028534370940178633,715.641,0.015789921129424345,0.046588724738450986,715.9655666183149,0.0024128259338770594
716.4310838917988,-0.0031891355756670237,716.1,0.011432548895354167,0.04860423945168699,716.4310838917988,0.002445879333728433
716.8966011652828,-0.001678492408245802,716.567,0.299014311612275,0.04915631302553734,716.8966011652828,0.002472376328234104
717.3621184387667,-0.000839246204122901,717.033,0.003817929279857024,0.04814831009922773,717.3621184387667,0.0025019942441148646
717.8276357122506,-0.000839246204122901,717.495,0.0027180641424413565,0.045650294762290544,717.8276357122506,0.002513684337142177
718.2931529857347,-0.0015106431674212217,717.965,0.04303363009841954,0.04188690124699137,718.2931529857347,0.0025276112960632103
718.7586702592185,-0.0030212863348424435,718.426,0.02668315692817913,0.037199214328899124,718.7586702592185,0.0025448380433985875
719.2241875327026,-0.0028534370940178633,718.895,0.010353922702155405,0.03199227802293596,719.2241875327026,0.002567796759693569
719.6897048061865,-0.0021820401307195425,719.359,0.011432548895354167,0.026680595860885826,719.6897048061865,0.0025951428582392795
720.1552220796705,-0.0021820401307195425,719.821,0.014711165078611588,0.021641123464788484,720.1552220796705,0.0025981589274920347
720.6207393531544,-0.003524834057316184,720.287,0.014711165078611588,0.017179659857269776,720.6207393531544,0.002592017823529471
721.0862566266384,-0.0041962312534451485,720.752,0.0027180641424413565,0.013513084297815855,721.0862566266384,0.0025934610965651366
721.5517739001223,-0.004867628216743469,721.218,0.011432548895354167,0.010766804755736985,721.5517739001223,0.0026295881275980974
722.0172911736063,-0.004867628216743469,721.685,0.037576392726933694,0.008984403440975848,722.0172911736063,0.0026896586705011933
722.4828084470902,-0.0015106431674212217,722.15,0.0016393080916288216,0.008144963605615426,722.4828084470902,0.0027542173368553307
722.9483257205742,-0.0001678492408245802,722.61,0.003817929279857024,0.008183121661760379,722.9483257205742,0.002807826050824204
723.4138429940581,-0.0021820401307195425,723.076,0.031040399304635313,0.009007581405948978,723.4138429940581,0.002822704910862977
723.8793602675421,-0.004531929735094309,723.548,0.008175171656313207,0.010515193465182216,723.8793602675421,0.002832945563464876
724.344877541026,-0.006378271151334047,724.007,0.012532543890383385,0.012599100782608369,724.344877541026,0.0028468396266679626
724.8103948145099,-0.008224613033235073,724.47,0.02124715850090997,0.015150721394853371,724.8103948145099,0.0028565354542318807
725.2759120879939,-0.008224613033235073,724.94,0.013611299941196142,0.01805656853068712,725.2759120879939,0.002875487137017302
725.7414293614778,-0.007553216069936752,725.403,0.031040399304635313,0.021191950157589557,725.7414293614778,0.0028893524167962234
726.2069466349618,-0.007217517588287592,725.866,0.014711165078611588,0.0244142998917701,726.2069466349618,0.0029079998198723173
726.6724639084457,-0.006546120624989271,726.331,0.0005393130965993809,0.027559332796662166,726.6724639084457,0.0028865522228796354
727.1379811819297,-0.00553902518004179,726.802,0.025604400877366373,0.030443308104298527,727.1379811819297,0.002832098514098726
727.6034984554136,-0.0041962312534451485,727.26,0.01688978626683979,0.03287395101986078,727.6034984554136,0.002782661306414148
728.0690157288976,-0.000839246204122901,727.725,0.004896685330669559,0.03467062040141073,728.0690157288976,0.0027709013131136497
728.5345330023815,0.002517738612368703,728.191,0.027783022065594576,0.03569122558079072,728.5345330023815,0.0027788331415893788
729.0000502758655,0.003524834057316184,728.655,0.20533243179993876,0.035859804867805656,729.0000502758655,0.002752142887083247
729.4655675493494,0.0018463416490703821,729.121,0.004896685330669559,0.03518596209814469,729.4655675493494,0.00271093356346673
729.9310848228334,0.0005035477224737406,729.588,0.009253927707125964,0.03376803715214718,729.9310848228334,0.0026972862116473612
730.3966020963173,-0.000839246204122901,730.054,0.003817929279857024,0.031777445005678535,730.3966020963173,0.00269372120751832
730.8621193698012,-0.001678492408245802,730.521,0.0005393130965993809,0.029429263983238016,730.8621193698012,0.0027061062089249193
731.3276366432852,-0.0015106431674212217,730.984,0.04739087247487572,0.026948582214545245,731.3276366432852,0.0027214106492603534
731.7931539167691,-0.0001678492408245802,731.447,0.0027180641424413565,0.024541140282190108,731.7931539167691,0.0027347126010306673
732.2586711902532,-0.0005035477224737406,731.91,0.013611299941196142,0.022372838654651513,732.2586711902532,0.00272224947527381
732.724188463737,-0.0001678492408245802,732.381,0.056105487085402306,0.020558915343651406,732.724188463737,0.0027135692844973583
733.1897057372211,0.0018463416490703821,732.843,0.010353922702155405,0.01916126393659801,733.1897057372211,0.0027082073855878496
733.655223010705,0.0010070954449474812,733.309,0.01688978626683979,0.018191377324075973,733.655223010705,0.002695847056671986
734.120740284189,-0.0011749446857720613,733.772,0.02124715850090997,0.017616612819443468,734.120740284189,0.002706309750673675
734.5862575576729,-0.0018463416490703821,734.238,0.014711165078611588,0.017368469847130294,734.5862575576729,0.0027254855309216453
735.0517748311569,-0.002517738612368703,734.703,0.004896685330669559,0.01735251965424354,735.0517748311569,0.002687473201137171
735.5172921046408,-0.000839246204122901,735.168,0.02014716350588075,0.017459969765279675,735.5172921046408,0.0026646316744989443
735.9828093781248,0.0011749446857720613,735.633,0.015789921129424345,0.017580584195442662,735.9828093781248,0.0026840521116535242
736.4483266516087,0.0011749446857720613,736.099,0.01688978626683979,0.01761600430409998,736.4483266516087,0.002711272796371296
736.9138439250927,-0.000839246204122901,736.567,0.04846962852568848,0.017491720339410294,736.9138439250927,0.0026876376754348123
737.3793611985766,-0.0020141908898949623,737.025,0.014711165078611588,0.01716552191808946,737.3793611985766,0.0026745824369703883
737.8448784720605,-0.0028534370940178633,737.495,0.0027180641424413565,0.01663069762069433,737.8448784720605,0.0026398041048773407
738.3103957455445,-0.0030212863348424435,737.958,0.02124715850090997,0.015913605280184605,738.3103957455445,0.002635309812776017
738.7759130190284,-0.0015106431674212217,738.421,0.013611299941196142,0.015066800110371013,738.7759130190284,0.00260210016497132
739.2414302925124,0.0011749446857720613,738.892,0.003817929279857024,0.014159767646444317,739.2414302925124,0.0025917505470578156
739.7069475659963,0.0006713969632983208,739.355,0.01688978626683979,0.013269237338720015,739.7069475659963,0.002573164821464037
740.1724648394803,-0.0028534370940178633,739.817,0.004896685330669559,0.012470488305191157,740.1724648394803,0.0025445995485430025
740.6379821129642,-0.0041962312534451485,740.283,0.022325914551722725,0.011830365124400532,740.6379821129642,0.002512798221268888
741.1034993864482,-0.004364080261439085,740.747,0.008175171656313207,0.011402038534943959,741.1034993864482,0.002480632991984658
741.5690166599321,-0.0038605325389653444,741.212,0.013611299941196142,0.011221065368662434,741.5690166599321,0.0024446848275146856
742.0345339334161,-0.0031891355756670237,741.678,0.019068537312681988,0.011302205219241034,742.0345339334161,0.0024195776502752247
742.5000512069,-0.0028534370940178633,742.143,0.004896685330669559,0.011636714756119246,742.5000512069,0.0023472783577717475
742.965568480384,-0.0030212863348424435,742.61,0.02014716350588075,0.012190303909792014,742.965568480384,0.0022644937559679504
743.4310857538679,-0.003524834057316184,743.076,0.0027180641424413565,0.01290244978865431,743.4310857538679,0.002181898297701382
743.8966030273518,-0.0028534370940178633,743.536,0.008175171656313207,0.01368817677253676,743.8966030273518,0.0021651485285641195
744.3621203008358,-0.0021820401307195425,744.006,0.0005393130965993809,0.014443525775550345,744.3621203008358,0.002147031557236831
744.8276375743197,-0.0031891355756670237,744.466,0.0027180641424413565,0.01505550991021634,744.8276375743197,0.002126496796856772
745.2931548478037,-0.0041962312534451485,744.936,0.05500562194798686,0.015416230459099838,745.2931548478037,0.002066792210714684
745.7586721212876,-0.003524834057316184,745.399,0.009253927707125964,0.015439269071559276,745.7586721212876,0.002009102445470301
746.2241893947717,-0.0018463416490703821,745.862,0.014711165078611588,0.015075354808505966,746.2241893947717,0.0019785017916542384
746.6897066682556,0.0003356984816491604,746.328,0.013611299941196142,0.014324470954942842,746.6897066682556,0.001983555301192929
747.1552239417396,0.0001678492408245802,746.79,0.011432548895354167,0.01324281109207664,747.1552239417396,0.0020086748144182358
747.6207412152235,-0.0011749446857720613,747.256,0.003817929279857024,0.011944225000379637,747.6207412152235,0.0019714828045965553
748.0862584887075,-0.0021820401307195425,747.721,0.019068537312681988,0.010596261303499607,748.0862584887075,0.0018984886036253815
748.5517757621914,-0.001678492408245802,748.187,0.011432548895354167,0.009410719899028249,748.5517757621914,0.001856465127606933
749.0172930356754,-0.0011749446857720613,748.651,0.031040399304635313,0.00862826929196552,749.0172930356754,0.0018435702550506
749.4828103091593,-0.000839246204122901,749.117,0.008175171656313207,0.008496694460574336,749.4828103091593,0.0018761919009214556
749.9483275826433,-0.0001678492408245802,749.581,0.0070753065188977615,0.009243140097986392,749.9483275826433,0.001932890698358438
750.4138448561272,-0.0001678492408245802,750.046,0.01688978626683979,0.01104228641068636,750.4138448561272,0.0019965303595152646
750.8793621296111,-0.0001678492408245802,750.514,0.0005393130965993809,0.013984161874047035,750.8793621296111,0.0020708855957087937
751.3448794030951,-0.0028534370940178633,750.976,0.013611299941196142,0.01804654828448647,751.3448794030951,0.0021453888600278795
751.810396676579,-0.004531929735094309,751.44,0.008175171656313207,0.023077308046161944,751.810396676579,0.002187893428044017
752.275913950063,-0.0041962312534451485,751.91,0.01688978626683979,0.028791427750240125,752.275913950063,0.00221553352855766
752.7414312235469,-0.0028534370940178633,752.373,0.02342577968913817,0.03478617684960517,752.7414312235469,0.002245231628242327
753.2069484970309,-0.0028534370940178633,752.836,0.01688978626683979,0.04057562913438009,753.2069484970309,0.0022374293248074517
753.6724657705148,-0.00520332669839263,753.301,0.03539777153870571,0.04564304900219194,753.6724657705148,0.002251810646074704
754.1379830439988,-0.00587472366169095,753.769,0.014711165078611588,0.04950640789162021,754.1379830439988,0.0022829931333226243
754.6035003174827,-0.004867628216743469,754.235,0.01688978626683979,0.05178852687981425,754.6035003174827,0.0022882070047396934
755.0690175909667,-0.0021820401307195425,754.7,0.3589377279775343,0.05227916410455445,755.0690175909667,0.00227266407578004
755.5345348644506,0.0011749446857720613,755.166,0.0005393130965993809,0.050973437121402204,755.5345348644506,0.0022682191269747234
756.0000521379346,0.0021820401307195425,755.626,0.004896685330669559,0.04807332718166763,756.0000521379346,0.00226836509879226
756.4655694114185,-0.000839246204122901,756.092,0.0005393130965993809,0.04394927356362632,756.4655694114185,0.002273342536561302
756.9310866849024,-0.0028534370940178633,756.559,0.009253927707125964,0.03907257810918,756.9310866849024,0.0022558485175083577
757.3966039583864,-0.002517738612368703,757.024,0.02014716350588075,0.033937643714504646,757.3966039583864,0.0022297935518356443
757.8621212318703,-0.0021820401307195425,757.492,0.01688978626683979,0.028992129240532342,757.8621212318703,0.002195609387568948
758.3276385053543,-0.0018463416490703821,757.954,0.009253927707125964,0.024586630887399097,758.3276385053543,0.002168949974557467
758.7931557788382,-0.000839246204122901,758.418,0.02014716350588075,0.020948597254345953,758.7931557788382,0.0021073785937524335
759.2586730523223,0.0005035477224737406,758.88,0.014711165078611588,0.01817994025595971,759.2586730523223,0.0020222337675739133
759.7241903258061,0.0023498893715441227,759.347,0.0005393130965993809,0.016274117896467225,759.7241903258061,0.0019393792652374086
760.1897075992902,0.0031891355756670237,759.812,0.0920425717207074,0.01514591241267845,760.1897075992902,0.0018741544707825226
760.655224872774,0.0011749446857720613,760.277,0.011432548895354167,0.014665741937991975,760.655224872774,0.0018150687254223788
761.1207421462581,-0.0001678492408245802,760.744,0.0070753065188977615,0.014690745628456464,761.1207421462581,0.0017869968798517623
761.586259419742,-0.000839246204122901,761.21,0.0070753065188977615,0.015087516589492955,761.586259419742,0.0017627902070206753
762.051776693226,-0.0015106431674212217,761.677,0.019068537312681988,0.015745197932528487,762.051776693226,0.0017460342714861188
762.5172939667099,-0.0015106431674212217,762.135,0.0005393130965993809,0.01658056222861251,762.5172939667099,0.001752656463513623
762.9828112401939,0.0011749446857720613,762.607,0.028861778116407333,0.017537513136037436,762.9828112401939,0.0017739334170393383
763.4483285136778,0.0030212863348424435,763.065,0.039755013915161896,0.018582832185535945,763.4483285136778,0.0017872600389989164
763.9138457871617,0.0011749446857720613,763.536,0.01688978626683979,0.01969921829398414,763.9138457871617,0.0017826094954792317
764.3793630606457,0.0001678492408245802,763.998,0.0016393080916288216,0.020876628448803537,764.3793630606457,0.001756881424466547
764.8448803341296,-0.0001678492408245802,764.466,0.010353922702155405,0.02210376614705863,764.8448803341296,0.0017309333674922678
765.3103976076136,0.0,764.929,0.015789921129424345,0.02336243265821801,765.3103976076136,0.0017291919831009617
765.7759148810975,0.0021820401307195425,765.392,0.014711165078611588,0.024627166979831257,765.7759148810975,0.0017381826244215655
766.2414321545815,0.0028534370940178633,765.855,0.01688978626683979,0.025870845074747264,766.2414321545815,0.0017702882294942457
766.7069494280654,0.0005035477224737406,766.32,0.0005393130965993809,0.027074368483849438,766.7069494280654,0.0017603210173685684
767.1724667015494,-0.0028534370940178633,766.791,0.1857245813906574,0.028236039991950047,767.1724667015494,0.0017266528913989449
767.6379839750333,-0.003524834057316184,767.256,0.003817929279857024,0.029374644226880974,767.6379839750333,0.00169751195211354
768.1035012485173,-0.0041962312534451485,767.721,0.0005393130965993809,0.030521405069731364,768.1035012485173,0.0017108118471138275
768.5690185220012,-0.0010070954449474812,768.187,0.0016393080916288216,0.031701002150313205,768.5690185220012,0.0017367886864599273
769.0345357954852,0.000839246204122901,768.651,0.0005393130965993809,0.03290833811206108,769.0345357954852,0.0017629546724917359
769.5000530689691,-0.0001678492408245802,769.116,0.010353922702155405,0.03409107546548928,769.5000530689691,0.0017516860486765048
769.9655703424531,-0.0028534370940178633,769.581,0.019068537312681988,0.03514587175577354,769.9655703424531,0.0017473459526351981
770.431087615937,-0.0041962312534451485,770.047,0.11818641555228715,0.035930580349227866,770.431087615937,0.0017656047851802626
770.8966048894209,-0.0031891355756670237,770.507,0.011432548895354167,0.03628883417135166,770.8966048894209,0.001778234442669276
771.3621221629049,-0.0015106431674212217,770.976,0.013611299941196142,0.03608010487757307,771.3621221629049,0.0017875416962399783
771.8276394363888,0.0001678492408245802,771.44,0.008175171656313207,0.03520840041201687,771.8276394363888,0.0017920400991178797
772.2931567098728,0.0011749446857720613,771.902,0.14650888057209488,0.033644504077650905,772.2931567098728,0.0017628128132902415
772.7586739833567,0.0021820401307195425,772.366,0.019068537312681988,0.031437703956926966,772.7586739833567,0.0017194858673292334
773.2241912568408,0.0018463416490703821,772.836,0.01688978626683979,0.028713667198672677,773.2241912568408,0.0016749253558169738
773.6897085303247,0.0021820401307195425,773.302,0.02014716350588075,0.02565772414995311,773.6897085303247,0.0016368842397250793
774.1552258038087,0.0010070954449474812,773.762,0.0005393130965993809,0.022487278009533467,774.1552258038087,0.0016172150334414093
774.6207430772926,-0.0015106431674212217,774.228,0.004896685330669559,0.01942046521222281,774.6207430772926,0.001597512931990208
775.0862603507766,-0.0015106431674212217,774.692,0.0005393130965993809,0.01664852981243023,775.0862603507766,0.001567428318410499
775.5517776242605,-0.0005035477224737406,775.158,0.019068537312681988,0.014317147213751002,775.5517776242605,0.0015358757614632665
776.0172948977445,0.0005035477224737406,775.626,0.019068537312681988,0.012518625301619334,776.0172948977445,0.0015297305477821749
776.4828121712284,0.002517738612368703,776.091,0.013611299941196142,0.011293760770600703,776.4828121712284,0.0015678168912914802
776.9483294447123,0.0030212863348424435,776.551,0.034319015487892957,0.010640055490717735,776.9483294447123,0.001620089244701869
777.4138467181963,0.0018463416490703821,777.017,0.004896685330669559,0.010522467928550792,777.4138467181963,0.0016736074997890983
777.8793639916802,0.0011749446857720613,777.485,0.0027180641424413565,0.010883730322642546,777.8793639916802,0.0016993211788330304
778.3448812651642,0.0011749446857720613,777.947,0.008175171656313207,0.011652844953618232,778.3448812651642,0.0017295826036801262
778.8103985386481,0.0010070954449474812,778.41,0.02124715850090997,0.012751770895897978,778.8103985386481,0.001791776938242483
779.2759158121321,0.0011749446857720613,778.88,0.017968542317652547,0.014100871462584872,779.2759158121321,0.0018646560087139548
779.741433085616,0.0011749446857720613,779.346,0.0070753065188977615,0.015623562466125717,779.741433085616,0.0019225390313379188
780.2069503591,0.0005035477224737406,779.805,0.009253927707125964,0.017250446089873854,780.2069503591,0.0019265070020905665
780.6724676325839,-0.000839246204122901,780.27,0.0005393130965993809,0.01892325901968147,780.6724676325839,0.0019353557814262379
781.1379849060679,-0.0001678492408245802,780.737,0.04846962852568848,0.020598725209701012,781.1379849060679,0.00197108807111616
781.6035021795518,-0.0001678492408245802,781.203,0.04956962352071792,0.022251531173757607,781.6035021795518,0.00199025357222246
782.0690194530358,-0.000839246204122901,781.67,0.003817929279857024,0.02387474561204074,782.0690194530358,0.0020175194886183564
782.5345367265197,-0.000839246204122901,782.136,0.009253927707125964,0.02547621485525763,782.5345367265197,0.0020183171950392794
783.0000540000037,-0.0018463416490703821,782.596,0.037576392726933694,0.027070914889008348,783.0000540000037,0.002003370486954296
783.4655712734876,-0.003524834057316184,783.061,0.059362864324443265,0.028670632407264866,783.4655712734876,0.0020004510486642826
783.9310885469715,-0.00553902518004179,783.529,0.008175171656313207,0.030272699690243713,783.9310885469715,0.001988925433003238
784.3966058204555,-0.006378271151334047,783.992,0.031040399304635313,0.031849489372671465,784.3966058204555,0.0019723545332124034
784.8621230939394,-0.006210422143340111,784.455,0.01688978626683979,0.03334095104146526,784.8621230939394,0.0020137180505960237
785.3276403674234,-0.004364080261439085,784.925,0.004896685330669559,0.03465318345591944,785.3276403674234,0.0020482188302555953
785.7931576409073,-0.002517738612368703,785.388,0.0070753065188977615,0.03566558992783901,785.7931576409073,0.0020637843750129586
786.2586749143913,-0.0021820401307195425,785.851,0.12690103016281373,0.03624695485913781,786.2586749143913,0.00207617554375227
786.7241921878752,-0.0011749446857720613,786.317,0.011432548895354167,0.03627752676489516,786.7241921878752,0.0020827072749417387
787.1897094613593,0.0005035477224737406,786.78,0.0070753065188977615,0.0356717844134407,787.1897094613593,0.002087600419519164
787.6552267348432,0.0001678492408245802,787.246,0.09096388059870164,0.03439661344768626,787.6552267348432,0.002067034822119059
788.1207440083272,-0.000839246204122901,787.71,0.0027180641424413565,0.03248158637364017,788.1207440083272,0.002034166458755749
788.5862612818111,-0.0005035477224737406,788.176,0.05500562194798686,0.03002004532171251,788.5862612818111,0.0020348778154403286
789.0517785552951,-0.0015106431674212217,788.641,0.015789921129424345,0.027161065537475403,789.0517785552951,0.0020617983331703347
789.517295828779,-0.000839246204122901,789.106,0.031040399304635313,0.02409365679163199,789.517295828779,0.0020391952963370067
789.9828131022629,0.0011749446857720613,789.574,0.009253927707125964,0.021025831318581895,789.9828131022629,0.002041933812611574
790.4483303757469,0.0018463416490703821,790.04,0.011432548895354167,0.018162017025298974,790.4483303757469,0.0020065284187167297
790.9138476492308,-0.0005035477224737406,790.503,0.0005393130965993809,0.015682474847185844,790.9138476492308,0.0020106917033509072
791.3793649227148,-0.0031891355756670237,790.965,0.014711165078611588,0.013727792106129379,791.3793649227148,0.0020521785767800213
791.8448821961987,-0.004531929735094309,791.433,0.009253927707125964,0.012390174757550332,791.8448821961987,0.0020534923243185304
792.3103994696827,-0.0041962312534451485,791.895,0.01688978626683979,0.01171145991461789,792.3103994696827,0.002087750502104722
792.7759167431666,-0.0015106431674212217,792.366,0.03539777153870571,0.01168611744694632,792.7759167431666,0.0021332238487836996
793.2414340166506,0.0011749446857720613,792.829,0.011432548895354167,0.012266632628865915,793.2414340166506,0.002168203665849773
793.7069512901345,0.0005035477224737406,793.294,0.019068537312681988,0.013368954071005345,793.7069512901345,0.0021389147021918897
794.1724685636185,-0.002517738612368703,793.755,0.0016393080916288216,0.01487708312241535,794.1724685636185,0.002100945547215698
794.6379858371024,-0.0031891355756670237,794.22,0.0070753065188977615,0.01664769216690184,794.6379858371024,0.0020607415821632833
795.1035031105864,-0.0028534370940178633,794.685,0.011432548895354167,0.018516886741323832,795.1035031105864,0.0020817060325927558
795.5690203840703,-0.0028534370940178633,795.151,0.0070753065188977615,0.02031120217643657,795.5690203840703,0.0021409809278726435
796.0345376575543,-0.0015106431674212217,795.618,0.008175171656313207,0.02186366399112731,796.0345376575543,0.0021547619137270145
796.5000549310382,-0.0001678492408245802,796.084,0.03539777153870571,0.023033688377729514,796.5000549310382,0.0021239453812951187
796.9655722045221,-0.0021820401307195425,796.556,0.07571333749468367,0.023727319133654896,796.9655722045221,0.002073601505802203
797.4310894780061,-0.0041962312534451485,797.014,0.03539777153870571,0.02391265012053363,797.4310894780061,0.0020321084616665985
797.89660675149,-0.00553902518004179,797.477,0.0070753065188977615,0.023625512873726173,797.89660675149,0.0019991105741664814
798.362124024974,-0.004867628216743469,797.947,0.008175171656313207,0.022963196027393853,798.362124024974,0.0019839459363109975
798.8276412984579,-0.0031891355756670237,798.407,0.041933764961004094,0.022067793259821892,798.8276412984579,0.0019852370694121452
799.293158571942,-0.0028534370940178633,798.87,0.0005393130965993809,0.021103452186084372,799.293158571942,0.0019309334452045578
799.7586758454258,-0.0028534370940178633,799.335,0.009253927707125964,0.0202323619765047,799.7586758454258,0.0018749110528910448
800.2241931189099,-0.0028534370940178633,799.805,0.02014716350588075,0.019593571600840822,800.2241931189099,0.0018520181259757454
800.6897103923937,-0.000839246204122901,800.271,0.02014716350588075,0.019287546571852738,800.6897103923937,0.0018245198901135477
801.1552276658778,-0.0001678492408245802,800.737,0.008175171656313207,0.019367938825918724,801.1552276658778,0.001773684642280629
801.6207449393617,-0.000839246204122901,801.195,0.019068537312681988,0.019840544301967713,801.6207449393617,0.0017493176076937944
802.0862622128457,-0.0005035477224737406,801.667,0.041933764961004094,0.020668192676958914,802.0862622128457,0.0017593547197219137
802.5517794863296,-0.0011749446857720613,802.125,0.011432548895354167,0.021779482963730137,802.5517794863296,0.0017867357700454768
803.0172967598135,-0.000839246204122901,802.592,0.04739087247487572,0.023078951554084792,803.0172967598135,0.0018321659436871913
803.4828140332975,0.0010070954449474812,803.057,0.015789921129424345,0.024456673609435813,803.4828140332975,0.0018772774460643485
803.9483313067814,0.0011749446857720613,803.525,0.019068537312681988,0.025796437629991467,803.9483313067814,0.0018901908253301293
804.4138485802654,-0.0015106431674212217,803.987,0.0005393130965993809,0.026982997066814444,804.4138485802654,0.0018871747551704751
804.8793658537493,-0.0028534370940178633,804.455,0.03321915035047751,0.027909705244825975,804.8793658537493,0.0018856142928373929
805.3448831272333,-0.0015106431674212217,804.918,0.02014716350588075,0.028487401149691595,805.3448831272333,0.0018935193952892484
805.8104004007172,0.0005035477224737406,805.381,0.09314256671573684,0.028653779041963465,805.8104004007172,0.0019454175655116057
806.2759176742012,0.0001678492408245802,805.851,0.004896685330669559,0.02838078293614087,806.2759176742012,0.0019556541070745535
806.7414349476851,-0.0015106431674212217,806.316,0.008175171656313207,0.027677360316089243,806.7414349476851,0.0019829385277130183
807.2069522211691,-0.0031891355756670237,806.781,0.02996177311143655,0.026586583450514827,807.2069522211691,0.0020081896206302556
807.672469494653,-0.0041962312534451485,807.246,0.04085500891019134,0.025178258074311524,807.672469494653,0.002029805806244898
808.137986768137,-0.0031891355756670237,807.71,0.028861778116407333,0.023539002819772434,808.137986768137,0.0020805218086834176
808.6035040416209,-0.0028534370940178633,808.176,0.003817929279857024,0.021761505645808487,808.6035040416209,0.002138367821262264
809.0690213151049,-0.0028534370940178633,808.636,0.0027180641424413565,0.019934526922884502,809.0690213151049,0.002227566967590401
809.5345385885888,-0.0005035477224737406,809.102,0.02014716350588075,0.018135489593440572,809.5345385885888,0.0023244142185812546
810.0000558620727,0.0018463416490703821,809.567,0.02668315692817913,0.016427208284115674,810.0000558620727,0.002395792451247752
810.4655731355567,0.0011749446857720613,810.033,0.02014716350588075,0.014859006659575152,810.4655731355567,0.002450967794072485
810.9310904090406,-0.0001678492408245802,810.495,0.004896685330669559,0.013471006770372506,810.9310904090406,0.002500579755090854
811.3966076825246,-0.0010070954449474812,810.966,0.01688978626683979,0.01229977852156611,811.3966076825246,0.002558160550996771
811.8621249560085,-0.001678492408245802,811.429,0.008175171656313207,0.01138383062109907,811.8621249560085,0.002576201451409976
812.3276422294925,-0.003524834057316184,811.891,0.013611299941196142,0.01076788466605915,812.3276422294925,0.0025761952842426735
812.7931595029764,-0.0041962312534451485,812.359,0.011432548895354167,0.010505043060391444,812.7931595029764,0.002598711972317852
813.2586767764604,-0.0038605325389653444,812.821,0.019068537312681988,0.010655950729329441,813.2586767764604,0.0026170592079270637
813.7241940499443,-0.0001678492408245802,813.287,0.014711165078611588,0.01128414921364351,813.7241940499443,0.0026047194385151484
814.1897113234284,0.002517738612368703,813.755,0.02342577968913817,0.012447223122709048,814.1897113234284,0.002592087721983157
814.6552285969123,0.0005035477224737406,814.22,0.0070753065188977615,0.014184131282774234,814.6552285969123,0.002570557884430802
815.1207458703963,-0.0028534370940178633,814.685,0.012532543890383385,0.016500227634719155,815.1207458703963,0.0025539581983353987
815.5862631438802,-0.0021820401307195425,815.151,0.019068537312681988,0.019352591999944827,815.5862631438802,0.002538604413871208
816.0517804173642,-0.0001678492408245802,815.61,0.010353922702155405,0.022638958250359272,816.0517804173642,0.0025190523971359213
816.5172976908481,0.0005035477224737406,816.076,0.037576392726933694,0.02619349253071493,816.5172976908481,0.0025692626374701905
816.982814964332,0.0003356984816491604,816.543,0.0027180641424413565,0.02979205955114922,816.982814964332,0.0026295840086736893
817.448332237816,-0.0001678492408245802,817.006,0.012532543890383385,0.03316867974120555,817.448332237816,0.0026668376998277288
817.9138495112999,-0.001678492408245802,817.474,0.0005393130965993809,0.036043555873873055,817.9138495112999,0.0026615354208975733
818.3793667847839,-0.0031891355756670237,817.936,0.019068537312681988,0.03816076426236348,818.3793667847839,0.002651997899614131
818.8448840582678,-0.0036926832981407642,818.404,0.19118175383333624,0.03933003000434165,818.8448840582678,0.002664212258352293
819.3104013317518,-0.0031891355756670237,818.866,0.01688978626683979,0.039463024509064464,819.3104013317518,0.0027246467036162857
819.7759186052357,-0.0015106431674212217,819.332,0.053926865897174325,0.03859334951454831,819.7759186052357,0.0027781567327983866
820.2414358787197,-0.0001678492408245802,819.801,0.0441123861492323,0.0368731796965994,820.2414358787197,0.0028391421705300356
820.7069531522036,-0.002517738612368703,820.26,0.003817929279857024,0.034546935558788155,820.7069531522036,0.002879407814784451
821.1724704256876,-0.0041962312534451485,820.725,0.02014716350588075,0.031909094357679635,821.1724704256876,0.002907966919585654
821.6379876991715,-0.004364080261439085,821.19,0.008175171656313207,0.029256476579591507,821.6379876991715,0.002908725563286738
822.1035049726555,-0.004867628216743469,821.655,0.008175171656313207,0.026845043905338598,822.1035049726555,0.0029071897744967355
822.5690222461394,-0.00553902518004179,822.12,0.03321915035047751,0.02485856999162411,822.5690222461394,0.002899634184841163
823.0345395196233,-0.0041962312534451485,822.592,0.02342577968913817,0.02339275322828914,823.0345395196233,0.0029182384141470596
823.5000567931073,-0.003524834057316184,823.05,0.024504535739950928,0.022454692345365502,823.5000567931073,0.0029755848365658646
823.9655740665912,-0.006546120624989271,823.518,0.017968542317652547,0.021975128692066852,823.9655740665912,0.003043112285387255
824.4310913400752,-0.007553216069936752,823.98,0.02124715850090997,0.02182973560177685,824.4310913400752,0.00310838642058286
824.8966086135591,-0.00553902518004179,824.448,0.01688978626683979,0.021865500853616066,824.8966086135591,0.00316878797079625
825.3621258870431,-0.005035477224737406,824.91,0.04303363009841954,0.021928198966503176,825.3621258870431,0.003224598600215672
825.827643160527,-0.0068818191066384315,825.381,0.041933764961004094,0.021886852675363434,825.827643160527,0.003248760043282248
826.293160434011,-0.0073853665962815285,825.843,0.02124715850090997,0.02165135006445682,826.293160434011,0.0032583612980451706
826.7586777074949,-0.00587472366169095,826.309,0.025604400877366373,0.021180623582608558,826.7586777074949,0.0032542740843279293
827.224194980979,-0.0036926832981407642,826.773,0.004896685330669559,0.020481030303961697,827.224194980979,0.003251264184612392
827.6897122544628,-0.001678492408245802,827.239,0.02014716350588075,0.01959693381699672,827.6897122544628,0.0032560504205569763
828.1552295279469,-0.0015106431674212217,827.703,0.014711165078611588,0.018596912754107006,828.1552295279469,0.003236545690073891
828.6207468014308,-0.003524834057316184,828.169,0.01688978626683979,0.01755914139485987,828.6207468014308,0.003239378779947982
829.0862640749148,-0.004867628216743469,828.633,0.0005393130965993809,0.016558732452138344,829.0862640749148,0.0032311508964702625
829.5517813483987,-0.004867628216743469,829.099,0.0005393130965993809,0.01565878268993377,829.5517813483987,0.003208691775565677
830.0172986218826,-0.003524834057316184,829.566,0.06372023655851344,0.014905687790007054,830.0172986218826,0.0031954864538939853
830.4828158953666,-0.0005035477224737406,830.025,0.0027180641424413565,0.01432801098952433,830.4828158953666,0.00318840578623973
830.9483331688505,0.002517738612368703,830.492,0.0005393130965993809,0.013937344116399282,830.9483331688505,0.00317698296689208
831.4138504423345,0.0010070954449474812,830.955,0.017968542317652547,0.013729893871056612,831.4138504423345,0.0031459957940276223
831.8793677158184,-0.0015106431674212217,831.425,0.013611299941196142,0.013688622532943909,831.8793677158184,0.003120518548229602
832.3448849893024,-0.0015106431674212217,831.888,0.01688978626683979,0.0137864955709507,832.3448849893024,0.0031081212115501274
832.8104022627863,-0.0001678492408245802,832.355,0.0027180641424413565,0.0139912816176985,832.8104022627863,0.0031200086766492332
833.2759195362703,0.0011749446857720613,832.817,0.014711165078611588,0.014271948876669358,833.2759195362703,0.0031181254324404257
833.7414368097542,0.0010070954449474812,833.283,0.0005393130965993809,0.01460636985113857,833.7414368097542,0.0031267686161747937
834.2069540832382,-0.0015106431674212217,833.748,0.024504535739950928,0.014989548288285264,834.2069540832382,0.0031354796459134226
834.6724713567221,-0.003524834057316184,834.214,0.03539777153870571,0.015440731239382154,834.6724713567221,0.0030893874594649213
835.1379886302061,-0.0031891355756670237,834.681,0.010353922702155405,0.01600691112720284,835.1379886302061,0.0030660751211199844
835.60350590369,-0.0018463416490703821,835.146,0.037576392726933694,0.016760042997842686,835.60350590369,0.0030281018532710823
836.0690231771739,0.000839246204122901,835.611,0.041933764961004094,0.017786234587153237,836.0690231771739,0.0029496717393490087
836.5345404506579,0.002517738612368703,836.077,0.0016393080916288216,0.019167093485385783,836.5345404506579,0.0028946362004815033
837.0000577241418,0.0030212863348424435,836.54,0.008175171656313207,0.020955924119157806,837.0000577241418,0.002869269974643314
837.4655749976258,0.000839246204122901,837.003,0.011432548895354167,0.023153920836309554,837.4655749976258,0.0028491340676319956
837.9310922711097,-0.0015106431674212217,837.466,0.003817929279857024,0.025692884084089384,837.9310922711097,0.00282120202814611
838.3966095445937,-0.0031891355756670237,837.936,0.010353922702155405,0.028430444811800296,838.3966095445937,0.002804787378011174
838.8621268180776,-0.0041962312534451485,838.399,0.0070753065188977615,0.031161360102616054,838.8621268180776,0.002748878063123379
839.3276440915616,-0.0041962312534451485,838.862,0.025604400877366373,0.03364478082689558,839.3276440915616,0.0027337956638226932
839.7931613650455,-0.0041962312534451485,839.327,0.03321915035047751,0.03564307453571943,839.7931613650455,0.0026862643163613766
840.2586786385295,-0.004867628216743469,839.79,0.19771774725563462,0.03696351237437477,840.2586786385295,0.0026677484920674638
840.7241959120134,-0.0038605325389653444,840.256,0.008175171656313207,0.037491509147866565,840.7241959120134,0.002637026534193323
841.1897131854975,-0.0015106431674212217,840.722,0.024504535739950928,0.03720558589962572,841.1897131854975,0.0025735513485975223
841.6552304589814,-0.0021820401307195425,841.187,0.010353922702155405,0.036170671964288276,841.6552304589814,0.0025091982752409197
842.1207477324654,-0.0036926832981407642,841.652,0.01688978626683979,0.03451463639326234,842.1207477324654,0.002437024394680284
842.5862650059493,-0.0041962312534451485,842.117,0.009253927707125964,0.03239801952053102,842.5862650059493,0.002356817944788686
843.0517822794332,-0.0041962312534451485,842.584,0.014711165078611588,0.02998674301539144,843.0517822794332,-0.0002147514282049231
843.5172995529172,-0.0018463416490703821,843.05,0.01688978626683979,0.027433837705831677,843.5172995529172,-0.0025088055804325
843.9828168264011,0.0001678492408245802,843.511,0.08442795210521026,0.024871478204767483,843.9828168264011,-0.004562357571438536
844.4483340998851,0.0011749446857720613,843.98,0.019068537312681988,0.022410566286228645,844.4483340998851,-0.006394007517505076
844.913851373369,-0.0001678492408245802,844.444,0.013611299941196142,0.020143115613965017,844.913851373369,-0.008026152861598083
845.379368646853,-0.0015106431674212217,844.906,0.025604400877366373,0.018143461448993762,845.379368646853,-0.009456096075871676
845.8448859203369,-0.000839246204122901,845.374,0.008175171656313207,0.0164668902720474,845.8448859203369,-0.010640843424247743
846.3104031938209,0.0011749446857720613,845.836,0.003817929279857024,0.015146656808916093,846.3104031938209,-0.011591665582625883
846.7759204673048,0.0031891355756670237,846.302,0.014711165078611588,0.014191352560162417,846.7759204673048,-0.012337487750020549
847.2414377407888,0.00587472366169095,846.769,0.01688978626683979,0.01358435008839379,847.2414377407888,-0.012872682660489436
847.7069550142727,0.00587472366169095,847.235,0.008175171656313207,0.013286156228343655,847.7069550142727,-0.013194075810523878
848.1724722877567,0.0028534370940178633,847.7,0.019068537312681988,0.01323951240709443,848.1724722877567,-0.013339714624422985
848.6379895612406,0.0005035477224737406,848.166,0.008175171656313207,0.01337640196447727,848.6379895612406,-0.01330145763981663
849.1035068347245,-0.0001678492408245802,848.625,0.011432548895354167,0.013625848203879826,849.1035068347245,-0.013030850379335303
849.5690241082085,0.0003356984816491604,849.091,0.034319015487892957,0.01392131513449278,849.5690241082085,-0.01256730924131215
850.0345413816924,0.0005035477224737406,849.556,0.014711165078611588,0.014206540667782819,850.0345413816924,-0.011953314194848338
850.5000586551764,0.0005035477224737406,850.022,0.0016393080916288216,0.014438911467351736,850.5000586551764,-0.011169237224270328
850.9655759286603,0.0005035477224737406,850.485,0.01688978626683979,0.014590209515311434,850.9655759286603,-0.010190569351707713
851.4310932021443,0.0018463416490703821,850.954,0.019068537312681988,0.01464543432594157,851.4310932021443,-0.009034487856640974
851.8966104756282,0.0011749446857720613,851.418,0.013611299941196142,0.014600856938578608,851.8966104756282,-0.007741435296167464
852.3621277491122,-0.0010070954449474812,851.88,0.008175171656313207,0.014462382701653715,852.3621277491122,-0.0063319095623322295
852.8276450225961,-0.0021820401307195425,852.347,0.008175171656313207,0.014245087579889513,852.8276450225961,-0.004803363232695739
853.2931622960801,-0.0005035477224737406,852.812,0.0005393130965993809,0.013974607876100038,853.2931622960801,-0.0031313327102819467
853.758679569564,0.0011749446857720613,853.278,0.02124715850090997,0.01369059283008103,853.758679569564,-0.0012979105881490087
854.224196843048,0.0023498893715441227,853.743,0.025604400877366373,0.01345144226609102,854.224196843048,0.0006901554570068418
854.689714116532,0.0030212863348424435,854.209,0.01688978626683979,0.01333837108281869,854.689714116532,0.0028104803148830244
855.155231390016,0.0011749446857720613,854.673,0.014711165078611588,0.013456190292949165,855.155231390016,0.00504340909863553
855.6207486634999,-0.0001678492408245802,855.14,0.010353922702155405,0.013928528583797364,855.6207486634999,0.007357642341323912
856.0862659369838,-0.000839246204122901,855.606,0.039755013915161896,0.014886267814958621,856.0862659369838,0.009813727420177554
856.5517832104678,-0.0015106431674212217,856.065,0.02668315692817913,0.016449145807637393,856.5517832104678,0.012358072069624132
857.0173004839517,-0.0021820401307195425,856.533,0.02668315692817913,0.018701711997245872,857.0173004839517,0.015009284498861776
857.4828177574357,-0.0015106431674212217,856.995,0.0027180641424413565,0.021666531312117727,857.4828177574357,0.01776330658496488
857.9483350309196,-0.0015106431674212217,857.466,0.0005393130965993809,0.025279718870257744,857.9483350309196,0.02059570323027977
858.4138523044036,-0.0003356984816491604,857.928,0.019068537312681988,0.029375580592551537,858.4138523044036,0.023527747183720048
858.8793695778875,-0.0001678492408245802,858.392,0.008175171656313207,0.03368707515280602,858.8793695778875,0.026543926498963286
859.3448868513715,-0.0015106431674212217,858.862,0.003817929279857024,0.03786655395656537,859.3448868513715,0.02964488064263592
859.8104041248554,-0.0010070954449474812,859.32,0.011432548895354167,0.04152726864743872,859.8104041248554,0.03286061406787352
860.2759213983394,0.0011749446857720613,859.791,0.003817929279857024,0.04430102430620755,860.2759213983394,0.036145170010336666
860.7414386718233,0.0028534370940178633,860.256,0.3022928628667255,0.04590147308298404,860.7414386718233,0.03947683590580262
861.2069559453073,0.0018463416490703821,860.722,0.0070753065188977615,0.04617753176494477,861.2069559453073,0.04285921369111675
861.6724732187912,-0.0001678492408245802,861.18,0.04739087247487572,0.04514117839101961,861.6724732187912,0.04632590158642851
862.1379904922752,-0.0015106431674212217,861.652,0.01688978626683979,0.042961284080046694,862.1379904922752,0.049857361965571154
862.6035077657591,-0.0028534370940178633,862.11,0.011432548895354167,0.039927043483783745,862.6035077657591,0.05341034395604732
863.069025039243,-0.0018463416490703821,862.577,0.019068537312681988,0.0363937237436108,863.069025039243,0.05701937095234747
863.534542312727,-0.000839246204122901,863.043,0.0005393130965993809,0.03272576376514348,863.534542312727,0.06069560672482417
864.0000595862109,0.0,863.511,0.01688978626683979,0.029249190911336844,864.0000595862109,0.06443366069091683
864.4655768596949,0.0,863.973,0.02668315692817913,0.026220023900897994,864.4655768596949,0.06820150310943728
864.9310941331788,0.0,864.436,0.06482010169592889,0.023809792348767147,864.9310941331788,0.07200208847642649
865.3966114066628,0.0,864.906,0.031040399304635313,0.02210483467318827,865.3966114066628,0.07584083625755675
865.8621286801467,0.0,865.367,0.012532543890383385,0.02111391437605706,865.8621286801467,0.07968730619188179
866.3276459536307,0.0,865.837,0.003817929279857024,0.020779411658300703,866.3276459536307,0.08352745004883988
866.7931632271146,0.0,866.295,0.04956962352071792,0.020989722502739682,866.7931632271146,0.08738595947032449
867.2586805005986,0.0,866.762,0.008175171656313207,0.021592515523383458,867.2586805005986,0.09127402307910705
867.7241977740825,-0.18748760223388672,867.228,0.01688978626683979,0.022409256599260505,867.7241977740825,0.0951698952380679
868.1897150475666,-0.18614481389522552,867.693,0.004896685330669559,0.023251482855298898,868.1897150475666,0.09907182002502449
868.6552323210504,-0.18614481389522552,868.159,0.011432548895354167,0.02393916839856778,868.6552323210504,0.10293143357748982
869.1207495945343,-0.18614481389522552,868.625,0.011432548895354167,0.02432073273952512,869.1207495945343,0.10772812880081381
869.5862668680184,-0.18614481389522552,869.091,0.11600779436405895,0.024292412914757564,869.5862668680184,0.11250594405503675
870.0517841415023,-0.18580910563468933,869.552,0.011432548895354167,0.023812668799684664,870.0517841415023,0.1172570801452044
870.5173014149863,-0.18580910563468933,870.017,0.02014716350588075,0.022906907610678432,870.5173014149863,0.12197373787637164
870.9828186884702,-0.18580910563468933,870.481,0.0027180641424413565,0.021660331122297757,870.9828186884702,0.12664811805359333
871.4483359619542,-0.18614481389522552,870.951,0.01688978626683979,0.020200885256531704,871.4483359619542,0.13127242148192417
871.9138532354381,-0.18614481389522552,871.414,0.0005393130965993809,0.01867728476762473,871.9138532354381,0.13583884896641896
872.3793705089221,-0.18580910563468933,871.876,0.011432548895354167,0.017237341536372287,872.3793705089221,0.1403396013121323
872.844887782406,-0.18580910563468933,872.342,0.039755013915161896,0.016010042918097947,872.844887782406,0.14476687932411916
873.31040505589,-0.18547341227531433,872.806,0.024504535739950928,0.015092522559315395,873.31040505589,0.14911288380743426
873.7759223293739,-0.18513771891593933,873.272,0.0016393080916288216,0.014541484068097082,873.7759223293739,0.1533698155671324
874.2414396028579,-0.18547341227531433,873.737,0.004896685330669559,0.01436845357883943,874.2414396028579,0.1575298754082683
874.7069568763418,-0.18547341227531433,874.203,0.008175171656313207,0.014539085564775062,874.7069568763418,0.16158526413589672
875.1724741498258,-0.18513771891593933,874.669,0.024504535739950928,0.014977380432830024,875.1724741498258,0.16552818255507248
875.6379914233097,-0.18513771891593933,875.135,0.019068537312681988,0.015575276672964506,875.6379914233097,0.1693508314708503
876.1035086967936,-0.18480201065540314,875.6,0.0016393080916288216,0.016207088622247616,876.1035086967936,0.17304541168828508
876.5690259702776,-0.18496985733509064,876.066,0.003817929279857024,0.016747540901651946,876.5690259702776,0.17660412401243147
877.0345432437615,-0.18547341227531433,876.529,0.0005393130965993809,0.017091778229744666,877.0345432437615,0.18001916924834432
877.5000605172455,-0.18547341227531433,876.991,0.0920425717207074,0.017175021107760927,877.5000605172455,0.1832827482010783
877.9655777907294,-0.18513771891593933,877.455,0.013611299941196142,0.016988354862329785,877.9655777907294,0.18638706167568828
878.4310950642134,-0.18547341227531433,877.924,0.0005393130965993809,0.01658672204052767,878.4310950642134,0.18932431047722897
878.8966123376973,-0.18547341227531433,878.385,0.008175171656313207,0.016086859019389218,878.8966123376973,0.19208669541075518
879.3621296111813,-0.18547341227531433,878.854,0.0070753065188977615,0.015655977038287687,879.3621296111813,0.19466641728132164
879.8276468846652,-0.18513771891593933,879.32,0.014711165078611588,0.015494124738163159,879.8276468846652,0.19705567689398315
880.2931641581492,-0.18480201065540314,879.783,0.037576392726933694,0.015813140633089248,880.2931641581492,0.19924667505379454
880.7586814316331,-0.18480201065540314,880.249,0.008175171656313207,0.016813831053028645,880.7586814316331,0.2012316125658105
881.2241987051171,-0.18480201065540314,880.714,0.013611299941196142,0.018662076336510645,881.2241987051171,0.20300269023508585
881.689715978601,-0.18513771891593933,881.18,0.03321915035047751,0.021464626336159295,881.689715978601,0.20455210886667533
882.1552332520849,-0.18496985733509064,881.64,0.037576392726933694,0.025245973310549816,882.1552332520849,0.20587206926563376
882.620750525569,-0.18480201065540314,882.106,0.05282700075975866,0.029928358573627918,882.620750525569,0.20695477223701586
883.0862677990528,-0.18513771891593933,882.57,0.0027180641424413565,0.03531786046069597,883.0862677990528,0.20779241858587652
883.5517850725369,-0.18513771891593933,883.035,0.003817929279857024,0.04110098294975914,883.5517850725369,0.20837720911727028
884.0173023460208,-0.18547341227531433,883.506,0.008175171656313207,0.0468574993424641,884.0173023460208,0.2087013446362521
884.4828196195048,-0.18496985733509064,883.969,0.013611299941196142,0.052094675656513954,884.4828196195048,0.2087570259478767
884.9483368929887,-0.18513771891593933,884.437,0.02014716350588075,0.05630400803877766,884.9483368929887,0.20853645385719885
885.4138541664727,-0.18547341227531433,884.899,0.07353471630645547,0.059034565135192556,885.4138541664727,0.20803182916927335
885.8793714399566,-0.18547341227531433,885.362,0.3273367766320827,0.05996891250277581,885.8793714399566,0.2072353526891549
886.3448887134406,-0.18547341227531433,885.825,0.019068537312681988,0.05898205948984043,886.3448887134406,0.2061392252218984
886.8104059869245,-0.18547341227531433,886.29,0.008175171656313207,0.05616565958960074,886.8104059869245,0.20473564757255847
887.2759232604085,-0.18547341227531433,886.762,0.034319015487892957,0.05181047160808861,887.2759232604085,0.20301682054619
887.7414405338924,-0.18547341227531433,887.22,0.04629100733746028,0.04635421998310541,887.7414405338924,0.20097494494784787
888.2069578073764,-0.18547341227531433,887.685,0.0016393080916288216,0.04031083356487744,888.2069578073764,0.19860222158258645
888.6724750808603,-0.18496985733509064,888.151,0.011432548895354167,0.034197685865194324,888.6724750808603,0.195890851255461
889.1379923543442,-0.18547341227531433,888.618,0.037576392726933694,0.02847341569133376,889.1379923543442,0.19283303477152577
889.6035096278282,-0.18547341227531433,889.083,0.0005393130965993809,0.02349388759049452,889.6035096278282,0.18942097293583618
890.0690269013121,-0.18547341227531433,889.55,0.028861778116407333,0.01948913950759966,890.0690269013121,0.18564686655344637
890.5345441747961,-0.18564125895500183,890.015,0.01688978626683979,0.016560246982450726,890.5345441747961,0.1815029164294116
891.00006144828,-0.18496985733509064,890.477,0.019068537312681988,0.014692339559007195,891.00006144828,0.1769813233687862
891.465578721764,-0.18513771891593933,890.947,0.02124715850090997,0.01377857012671415,891.465578721764,0.1720742881766254
891.9310959952479,-0.18513771891593933,891.407,0.027783022065594576,0.01364946589942803,891.9310959952479,0.1667740116579838
892.3966132687319,-0.18547341227531433,891.877,0.013611299941196142,0.014102600246119881,892.3966132687319,0.16107269461791587
892.8621305422158,-0.18513771891593933,892.335,0.019068537312681988,0.014928724386328194,892.8621305422158,0.15496253786147687
893.3276478156998,-0.18547341227531433,892.805,0.019068537312681988,0.01593210479669135,893.3276478156998,0.14843574219372105
,,893.271,0.003817929279857024,0.016944418421215968,,
,,893.736,0.019068537312681988,0.017832748328456473,,
,,894.202,0.03321915035047751,0.018502765052240775,,
,,894.667,0.011432548895354167,0.018898147504710392,,
,,895.125,0.02014716350588075,0.018997107233515668,,
,,895.592,0.010353922702155405,0.018806965556739004,,
,,896.057,0.008175171656313207,0.018358023907394917,,
,,896.525,0.01688978626683979,0.01769794786668694,,
,,896.987,0.037576392726933694,0.016887227202562107,,
,,897.455,0.013611299941196142,0.015995250223309478,,
,,897.917,0.01688978626683979,0.015095863598700337,,
,,898.385,0.012532543890383385,0.014261526147928385,,
,,898.847,0.02124715850090997,0.013556105839192707,,
,,899.313,0.0005393130965993809,0.013027327870553171,,
,,899.779,0.0070753065188977615,0.012700436890170709,,
,,900.244,0.0016393080916288216,0.01257473663557613,,
,,900.71,0.02014716350588075,0.0126242366632453,,
,,901.176,0.019068537312681988,0.01280262402038045,,
,,901.641,0.011432548895354167,0.01305156213613483,,
,,902.107,0.019068537312681988,0.013310555626651632,,
,,902.566,0.009253927707125964,0.01352663130073483,,
,,903.032,0.019068537312681988,0.01366261177814984,,
,,903.5,0.0070753065188977615,0.013703339534570754,,
,,903.961,0.012532543890383385,0.013659595498873855,,
,,904.429,0.0027180641424413565,0.013569586348482826,,
,,904.891,0.037576392726933694,0.013497706659867135,,
,,905.359,0.015789921129424345,0.013529882598074486,,
,,905.821,0.019068537312681988,0.013764571846080443,,
,,906.287,0.019068537312681988,0.014298973226436511,,
,,906.752,0.01688978626683979,0.015211284030337915,,
,,907.217,0.003817929279857024,0.016541425744697504,,
,,907.685,0.01688978626683979,0.018273925309500328,,
,,908.15,0.0027180641424413565,0.020327211132112007,,
,,908.615,0.003817929279857024,0.022553254873523946,,
,,909.081,0.008175171656313207,0.02475016450386556,,
,,909.543,0.011432548895354167,0.026688009096619864,,
,,910.006,0.0027180641424413565,0.02814491990482793,,
,,910.47,0.18464582533984475,0.028946757489110176,,
,,910.94,0.011432548895354167,0.02900063779301396,,
,,911.403,0.011432548895354167,0.028312722832790155,,
,,911.865,0.012532543890383385,0.026985387429584673,,
,,912.331,0.015789921129424345,0.025196027011350597,,
,,912.801,0.01688978626683979,0.023164863894428716,,
,,913.26,0.017968542317652547,0.021119940103235705,,
,,913.725,0.0027180641424413565,0.01926555540035437,,
,,914.191,0.037576392726933694,0.017757986399706042,,
,,914.656,0.003817929279857024,0.016690349743959162,,
,,915.121,0.01688978626683979,0.016087062353566824,,
,,915.589,0.003817929279857024,0.015907514187372726,,
,,916.055,0.010353922702155405,0.01605809170909604,,
,,916.518,0.0070753065188977615,0.01641106968069111,,
,,916.98,0.05174824470894612,0.016827791883348955,,
,,917.448,0.0070753065188977615,0.017182259427092214,,
,,917.91,0.058284173202437506,0.017380539269909245,,
,,918.381,0.010353922702155405,0.017372065537566858,,
,,918.843,0.0027180641424413565,0.017151032967469445,,
,,919.309,0.0070753065188977615,0.016748915730640555,,
,,919.773,0.01688978626683979,0.016221414449665763,,
,,920.238,0.019068537312681988,0.015633834467146553,,
,,920.703,0.004896685330669559,0.015048106650680836,,
,,921.168,0.011432548895354167,0.014513375578879249,,
,,921.633,0.008175171656313207,0.014061066105774388,,
,,922.099,0.008175171656313207,0.013704534618464713,,
,,922.567,0.03539777153870571,0.013442481318062884,,
,,923.025,0.019068537312681988,0.013264326543488903,,
,,923.495,0.01688978626683979,0.0131552795097312,,
,,923.958,0.0027180641424413565,0.013099346920007107,,
,,924.426,0.019068537312681988,0.013079878611827427,,
,,924.887,0.0027180641424413565,0.013078603593678283,,
,,925.355,0.0070753065188977615,0.01307474404035067,,
,,925.818,0.0070753065188977615,0.013045605465979897,,
,,926.284,0.01688978626683979,0.012969277329617347,,
,,926.748,0.028861778116407333,0.012829002012047138,,
,,927.214,0.009253927707125964,0.012617780978789038,,
,,927.681,0.012532543890383385,0.012341430284019145,,
,,928.146,0.025604400877366373,0.012018800206695674,,
,,928.611,0.0005393130965993809,0.011678881896727857,,
,,929.077,0.0070753065188977615,0.01135551756284459,,
,,929.54,0.010353922702155405,0.01108112822200941,,
,,930.003,0.0005393130965993809,0.010881107603936985,,
,,930.466,0.024504535739950928,0.010770185051281033,,
,,930.935,0.0005393130965993809,0.010751301873068593,,
,,931.396,0.008175171656313207,0.010816790116008107,,
,,931.865,0.02342577968913817,0.010951167937723971,,
,,932.331,0.011432548895354167,0.011134641604450015,,
,,932.794,0.01688978626683979,0.011346368833968272,,
,,933.259,0.005996550468085005,0.011566821815801839,,
,,933.725,0.003817929279857024,0.011779231976106742,,
,,934.191,0.0016393080916288216,0.011970741979434452,,
,,934.651,0.031040399304635313,0.012134011790563535,,
,,935.117,0.0027180641424413565,0.012269470738904718,,
,,935.582,0.024504535739950928,0.012387612835578496,,
,,936.048,0.0070753065188977615,0.012510343830620402,,
,,936.51,0.014711165078611588,0.012670628977063302,,
,,936.98,0.01688978626683979,0.012910255993608746,,
,,937.44,0.0027180641424413565,0.013276042228197418,,
,,937.91,0.0070753065188977615,0.013815114337884907,,
,,938.37,0.027783022065594576,0.01456989542040307,,
,,938.84,0.02014716350588075,0.01557310043121288,,
,,939.305,0.019068537312681988,0.01684259177613204,,
,,939.769,0.014711165078611588,0.018375889696745574,,
,,940.235,0.010353922702155405,0.020144684701298755,,
,,940.695,0.04739087247487572,0.022090442456193602,,
,,941.161,0.003817929279857024,0.024122602466577932,,
,,941.628,0.008175171656313207,0.02612094512858046,,
,,942.094,0.02342577968913817,0.027943625225956684,,
,,942.559,0.008175171656313207,0.029441827745317287,,
,,943.024,0.014711165078611588,0.030480414607214047,,
,,943.485,0.09967849520922822,0.030961317155611033,,
,,943.955,0.06372023655851344,0.030843742890840756,,
,,944.418,0.03867625786434936,0.03015421977345172,,
,,944.88,0.019068537312681988,0.028981693761572582,,
,,945.347,0.0027180641424413565,0.027458032521216535,,
,,945.812,0.0070753065188977615,0.025729682909599677,,
,,946.277,0.008175171656313207,0.023928969440564964,,
,,946.745,0.02124715850090997,0.022152741656104306,,
,,947.21,0.01688978626683979,0.02045293610042452,,
,,947.677,0.027783022065594576,0.018839907461939056,,
,,948.135,0.0027180641424413565,0.01729644533420579,,
,,948.607,0.019068537312681988,0.015798693167755035,,
,,949.065,0.039755013915161896,0.014339431982197481,,
,,949.533,0.013611299941196142,0.012948932837784888,,
,,949.995,0.019068537312681988,0.011708841184559738,,
,,950.466,0.02014716350588075,0.010755674550335222,,
,,950.928,0.0070753065188977615,0.010272409361635775,,
,,951.396,0.01688978626683979,0.010468695591044241,,
,,951.858,0.0070753065188977615,0.011551957889342549,,
,,952.324,0.019068537312681988,0.013692878943116327,,
,,952.787,0.008175171656313207,0.016989550316991554,,
,,953.252,0.03539777153870571,0.021435002625545548,,
,,953.718,0.0016393080916288216,0.026893002780787365,,
,,954.184,0.019068537312681988,0.03308697722507294,,
,,954.648,0.03649763667612116,0.039606496040398065,,
,,955.114,0.014711165078611588,0.04593452268669944,,
,,955.581,0.009253927707125964,0.05149632794466958,,
,,956.046,0.01688978626683979,0.055727548968719155,,
,,956.507,0.02996177311143655,0.0581541049431686,,
,,956.976,0.3752670920611718,0.05847051784523728,,
,,957.437,0.01688978626683979,0.05659790643572384,,
,,957.9,0.011432548895354167,0.05270383619201783,,
,,958.37,0.01688978626683979,0.047176656339639814,,
,,958.832,0.02014716350588075,0.040562111469318624,,
,,959.298,0.0027180641424413565,0.03348024963976465,,
,,959.762,0.010353922702155405,0.026541590918590423,,
,,960.228,0.027783022065594576,0.02027647078838712,,
,,960.692,0.0027180641424413565,0.015085204494224985,,
,,961.158,0.008175171656313207,0.01121152287174572,,
,,961.625,0.0070753065188977615,0.00873814817059898,,
,,962.091,0.010353922702155405,0.007601203352317669,,
,,962.555,0.009253927707125964,0.007618820277649729,,
,,963.02,0.019068537312681988,0.008528483299973244,,
,,963.481,0.02996177311143655,0.01002736640473899,,
,,963.95,0.0016393080916288216,0.011810371015923457,,
,,964.411,0.01688978626683979,0.013601799592663937,,
,,964.88,0.027783022065594576,0.015178321833099447,,
,,965.347,0.01688978626683979,0.01638252894077161,,
,,965.812,0.0005393130965993809,0.017127583879601477,,
,,966.27,0.01688978626683979,0.017394347419390548,,
,,966.737,0.02124715850090997,0.01722286399791145,,
,,967.202,0.032140394299664754,0.016699970714756682,,
,,967.67,0.009253927707125964,0.015944242736205337,,
,,968.135,0.0027180641424413565,0.015089239864597034,,
,,968.599,0.019068537312681988,0.014266399248087511,,
,,969.065,0.010353922702155405,0.01358938273933788,,
,,969.526,0.010353922702155405,0.013141590987806992,,
,,969.995,0.014711165078611588,0.012967951159888361,,
,,970.458,0.014711165078611588,0.013071439677784895,,
,,970.921,0.009253927707125964,0.013414370708434356,,
,,971.385,0.011432548895354167,0.013924246660509558,,
,,971.854,0.0005393130965993809,0.0145038132198824,,
,,972.32,0.0070753065188977615,0.015044659104762378,,
,,972.783,0.04629100733746028,0.015442977464552364,,
,,973.249,0.03321915035047751,0.015615038830182896,,
,,973.714,0.003817929279857024,0.01550926827886823,,
,,974.18,0.011432548895354167,0.015112486341195205,,
,,974.644,0.010353922702155405,0.014449753651932669,,
,,975.109,0.027783022065594576,0.013579064710870259,,
,,975.574,0.0005393130965993809,0.01258285420324993,,
,,976.04,0.0070753065188977615,0.011558168757445721,,
,,976.503,0.0005393130965993809,0.010607126041197316,,
,,976.965,0.01688978626683979,0.009829001948701328,,
,,977.433,0.0005393130965993809,0.009314613162590935,,
,,977.895,0.02668315692817913,0.00914263972416272,,
,,978.363,0.011432548895354167,0.009376660524956512,,
,,978.826,0.01688978626683979,0.010061426029769728,,
,,979.291,0.008175171656313207,0.011217423307971559,,
,,979.758,0.019068537312681988,0.012833900663784785,,
,,980.224,0.0005393130965993809,0.014861751004395617,,
,,980.688,0.015789921129424345,0.01720854232798298,,
,,981.153,0.0005393130965993809,0.019738253727306507,,
,,981.618,0.03321915035047751,0.022277793002150124,,
,,982.084,0.0005393130965993809,0.02463116373838574,,
,,982.551,0.012532543890383385,0.02660046778719868,,
,,983.01,0.08878525941047344,0.028011079632901583,,
,,983.477,0.019068537312681988,0.02873664335379316,,
,,983.94,0.014711165078611588,0.02871874642216114,,
,,984.41,0.0713560301894205,0.027976986550130378,,
,,984.873,0.01688978626683979,0.026607361658531458,,
,,985.338,0.0027180641424413565,0.024769339567518808,,
,,985.801,0.037576392726933694,0.022663957742813254,,
,,986.267,0.019068537312681988,0.020506682083724522,,
,,986.732,0.009253927707125964,0.018499244795473723,,
,,987.198,0.012532543890383385,0.016804409235684766,,
,,987.663,0.0005393130965993809,0.015527102436142257,,
,,988.129,0.004896685330669559,0.014704686676214818,,
,,988.596,0.019068537312681988,0.014307939733957858,,
,,989.061,0.004896685330669559,0.014252509163954688,,
,,989.522,0.01688978626683979,0.014418618646315702,,
,,989.991,0.037576392726933694,0.014675167802160206,,
,,990.455,0.028861778116407333,0.014903450894579246,,
,,990.917,0.019068537312681988,0.015015825671911573,,
,,991.381,0.012532543890383385,0.014966025072477719,,
,,991.851,0.019068537312681988,0.0147501395849441,,
,,992.316,0.0070753065188977615,0.01439968879497535,,
,,992.78,0.0005393130965993809,0.01396979429877818,,
,,993.246,0.008175171656313207,0.013526010943651521,,
,,993.705,0.011432548895354167,0.013132965882962526,,
,,994.17,0.008175171656313207,0.012846768863227869,,
,,994.636,0.01688978626683979,0.012711567780940168,,
,,995.102,0.02668315692817913,0.012759177862802533,,
,,995.569,0.02342577968913817,0.013009860247750724,,
,,996.035,0.013611299941196142,0.013472345787938036,,
,,996.495,0.0027180641424413565,0.014142166169920858,,
,,996.966,0.004896685330669559,0.014998864952505934,,
,,997.429,0.011432548895354167,0.01600382415984862,,
,,997.892,0.02668315692817913,0.017100502744485817,,
,,998.355,0.02014716350588075,0.01821790548559059,,
,,998.825,0.003817929279857024,0.019276894650265608,,
,,999.291,0.0070753065188977615,0.020198232877956586,,
,,999.755,0.07571333749468367,0.02091091881290292,,
,,1000.221,0.019068537312681988,0.021359039061327828,,
,,1000.68,0.008175171656313207,0.02150537519078289,,
,,1001.146,0.01688978626683979,0.02133121273948367,,
,,1001.61,0.0016393080916288216,0.020833889242644125,,
,,1002.076,0.010353922702155405,0.020024973042783424,,
,,1002.544,0.01688978626683979,0.01893146303716395,,
,,1003.006,0.02014716350588075,0.017600389187135784,,
,,1003.473,0.06264148050770069,0.016104786988927606,,
,,1003.936,0.011432548895354167,0.014547396715096646,,
,,1004.407,0.0005393130965993809,0.013058572605780324,,
,,1004.869,0.009253927707125964,0.011786893217720295,,
,,1005.335,0.019068537312681988,0.010883613745865309,,
,,1005.798,0.008175171656313207,0.010483787559628284,,
,,1006.263,0.0027180641424413565,0.010687208353648328,,
,,1006.729,0.004896685330669559,0.011542062770329972,,
,,1007.194,0.008175171656313207,0.013033881892327721,,
,,1007.658,0.019068537312681988,0.01508184735990769,,
,,1008.124,0.0016393080916288216,0.017543546639583255,,
,,1008.589,0.019068537312681988,0.020228096503455903,,
,,1009.055,0.02342577968913817,0.022916403244208055,,
,,1009.522,0.03649763667612116,0.025386200530681986,,
,,1009.984,0.01688978626683979,0.02743846964706118,,
,,1010.447,0.03321915035047751,0.028921214979689948,,
,,1010.91,0.08007064479994686,0.029746532431717654,,
,,1011.378,0.04303363009841954,0.029897491247616963,,
,,1011.84,0.010353922702155405,0.029422922916862337,,
,,1012.305,0.008175171656313207,0.02842118111569395,,
,,1012.777,0.008175171656313207,0.027017435957870345,,
,,1013.235,0.01688978626683979,0.02534101268721741,,
,,1013.707,0.02014716350588075,0.02350840615184953,,
,,1014.165,0.037576392726933694,0.021614655793513075,,
,,1014.636,0.010353922702155405,0.019732557966175995,,
,,1015.102,0.039755013915161896,0.017917092249422274,,
,,1015.56,0.0070753065188977615,0.016211831760740064,,
,,1016.025,0.025604400877366373,0.014654641017962364,,
,,1016.495,0.008175171656313207,0.013281046862352526,,
,,1016.958,0.011432548895354167,0.012124810610074132,,
,,1017.422,0.009253927707125964,0.011216117382025076,,
,,1017.891,0.009253927707125964,0.01057827275746619,,
,,1018.35,0.010353922702155405,0.010223856652840998,,
,,1018.821,0.019068537312681988,0.010151073041277252,,
,,1019.286,0.011432548895354167,0.010340800684194216,,
,,1019.752,0.0005393130965993809,0.010754853590254194,,
,,1020.21,0.0070753065188977615,0.011336266319089272,,
,,1020.681,0.0027180641424413565,0.012012722165558057,,
,,1021.14,0.0005393130965993809,0.01270403590389287,,
,,1021.607,0.039755013915161896,0.01333364997045303,,
,,1022.072,0.003817929279857024,0.013842706418141568,,
,,1022.54,0.019068537312681988,0.014204108512764364,,
,,1023.003,0.019068537312681988,0.01443366359670357,,
,,1023.466,0.028861778116407333,0.01459587791149049,,
,,1023.936,0.008175171656313207,0.014802823221098108,,
,,1024.399,0.01688978626683979,0.015205492534645164,,
,,1024.862,0.0070753065188977615,0.015978170463577464,,
,,1025.328,0.02668315692817913,0.017297277442722855,,
,,1025.79,0.039755013915161896,0.01931657164895736,,
,,1026.256,0.01688978626683979,0.022140700650724814,,
,,1026.722,0.010353922702155405,0.025799529745933462,,
,,1027.188,0.025604400877366373,0.030226687271128243,,
,,1027.655,0.025604400877366373,0.03524668711941137,,
,,1028.12,0.04521225128664774,0.04057489421307745,,
,,1028.584,0.01688978626683979,0.04583336897144524,,
,,1029.05,0.0070753065188977615,0.050583819773817866,,
,,1029.511,0.04739087247487572,0.05437664940609622,,
,,1029.98,0.01688978626683979,0.0568117482309472,,
,,1030.44,0.2064322969373542,0.05760190339284899,,
,,1030.91,0.14868750176032308,0.05662495563603279,,
,,1031.373,0.028861778116407333,0.05394979341754599,,
,,1031.836,0.0005393130965993809,0.049827172245115146,,
,,1032.302,0.004896685330669559,0.04464771936759562,,
,,1032.769,0.04846962852568848,0.03887972115542287,,
,,1033.235,0.010353922702155405,0.03300263614993164,,
,,1033.695,0.019068537312681988,0.027449075300066215,,
,,1034.161,0.008175171656313207,0.022562574760293712,,
,,1034.625,0.013611299941196142,0.018573923111066468,,
,,1035.091,0.04521225128664774,0.01559541826218633,,
,,1035.555,0.013611299941196142,0.013629826566844352,,
,,1036.02,0.008175171656313207,0.012589323551827281,,
,,1036.488,0.019068537312681988,0.01231976424796659,,
,,1036.951,0.003817929279857024,0.01262682738356325,,
,,1037.421,0.008175171656313207,0.013301810859104396,,
,,1037.884,0.028861778116407333,0.014145413477760238,,
,,1038.351,0.01688978626683979,0.01498777870593478,,
,,1038.814,0.019068537312681988,0.015702891144615084,,
,,1039.279,0.039755013915161896,0.01621564063905655,,
,,1039.744,0.008175171656313207,0.016500775220440606,,
,,1040.21,0.0005393130965993809,0.016574445563243195,,
,,1040.677,0.019068537312681988,0.016480670658964403,,
,,1041.135,0.010353922702155405,0.01627613174732819,,
,,1041.607,0.003817929279857024,0.016016676608502044,,
,,1042.065,0.02342577968913817,0.01574792707034607,,
,,1042.533,0.0070753065188977615,0.01550103454537396,,
,,1042.995,0.02014716350588075,0.01529336455214502,,
,,1043.463,0.008175171656313207,0.015132889982349497,,
,,1043.932,0.02342577968913817,0.015024398076066361,,
,,1044.392,0.039755013915161896,0.014975247184855267,,
,,1044.862,0.011432548895354167,0.014998428639713212,,
,,1045.32,0.013611299941196142,0.015111405236249554,,
,,1045.791,0.013611299941196142,0.01533071241073774,,
,,1046.257,0.012532543890383385,0.015664050917719847,,
,,1046.715,0.0016393080916288216,0.01610272524028735,,
,,1047.18,0.0027180641424413565,0.016617414780678262,,
,,1047.647,0.010353922702155405,0.01715948653569641,,
,,1048.113,0.019068537312681988,0.017668480152154224,,
,,1048.579,0.05282700075975866,0.018084269762409812,,
,,1049.044,0.01688978626683979,0.01836049878609001,,
,,1049.507,0.008175171656313207,0.01847524102701403,,
,,1049.976,0.04521225128664774,0.01843587571040154,,
,,1050.44,0.008175171656313207,0.018277146881758726,,
,,1050.902,0.008175171656313207,0.018053231487924346,,
,,1051.37,0.008175171656313207,0.017825913501356667,,
,,1051.832,0.03539777153870571,0.01765158140467191,,
,,1052.298,0.0016393080916288216,0.017569599675308044,,
,,1052.763,0.012532543890383385,0.01759385448779707,,
,,1053.229,0.014711165078611588,0.017708488167033878,,
,,1053.696,0.04629100733746028,0.017868193251521967,,
,,1054.162,0.0027180641424413565,0.018002815120303647,,
,,1054.621,0.0027180641424413565,0.018025673602354447,,
,,1055.087,0.011432548895354167,0.017845236813635,,
,,1055.552,0.011432548895354167,0.017380003948983702,,
,,1056.018,0.03321915035047751,0.01657578258586928,,
,,1056.481,0.028861778116407333,0.015423040308348934,,
,,1056.95,0.01688978626683979,0.013970772093103318,,
,,1057.41,0.019068537312681988,0.012333364505416592,,
,,1057.88,0.0027180641424413565,0.010688301855424878,,
,,1058.347,0.015789921129424345,0.009264451184457763,,
,,1058.805,0.004896685330669559,0.008322199964473377,,
,,1059.27,0.008175171656313207,0.008127549123550203,,
,,1059.737,0.008175171656313207,0.00892255179922027,,
,,1060.202,0.011432548895354167,0.010894527229874175,,
,,1060.67,0.034319015487892957,0.014146445447139588,,
,,1061.136,0.017968542317652547,0.0186709479439156,,
,,1061.6,0.0016393080916288216,0.024330924541966625,,
,,1062.066,0.02014716350588075,0.03085044097361857,,
,,1062.529,0.037576392726933694,0.03782045484385279,,
,,1062.991,0.0016393080916288216,0.044723243415116264,,
,,1063.459,0.02342577968913817,0.05097747383555951,,
,,1063.921,0.017968542317652547,0.056002564334342766,,
,,1064.389,0.02342577968913817,0.05929632843384732,,
,,1064.85,0.31644354083332815,0.06051387962586577,,
,,1065.316,0.01688978626683979,0.05953031129668677,,
,,1065.78,0.11818641555228715,0.05646913233673649,,
,,1066.245,0.008175171656313207,0.05168609716975685,,
,,1066.71,0.009253927707125964,0.04571130377162959,,
,,1067.176,0.017968542317652547,0.03916410583132656,,
,,1067.64,0.0016393080916288216,0.03266038766951459,,
,,1068.105,0.017968542317652547,0.026730123273567934,,
,,1068.571,0.008175171656313207,0.02175777691493697,,
,,1069.036,0.013611299941196142,0.017951855793223493,,
,,1069.507,0.0005393130965993809,0.015344462351777735,,
,,1069.969,0.003817929279857024,0.01381749885295314,,
,,1070.437,0.031040399304635313,0.013149012456876526,,
,,1070.899,0.05282700075975866,0.013070719002870183,,
,,1071.362,0.0070753065188977615,0.013326268902632842,,
,,1071.825,0.034319015487892957,0.013720129211286371,,
,,1072.29,0.03539777153870571,0.014149368426925274,,
,,1072.755,0.014711165078611588,0.01461432604904768,,
,,1073.22,0.011432548895354167,0.015208002387389853,,
,,1073.688,0.014711165078611588,0.016087426096295872,,
,,1074.154,0.008175171656313207,0.017432879011974586,,
,,1074.619,0.02124715850090997,0.0194022670930812,,
,,1075.084,0.011432548895354167,0.022088085133236304,,
,,1075.551,0.010353922702155405,0.02548375634374114,,
,,1076.01,0.019068537312681988,0.02946501768640288,,
,,1076.477,0.010353922702155405,0.033790471932618735,,
,,1076.94,0.0027180641424413565,0.038123199856431006,,
,,1077.41,0.08550670815602301,0.04207223785571128,,
,,1077.873,0.0005393130965993809,0.045248942787050106,,
,,1078.338,0.0016393080916288216,0.04732945218741597,,
,,1078.801,0.299014311612275,0.04811136977303074,,
,,1079.267,0.011432548895354167,0.047551330648682055,,
,,1079.732,0.019068537312681988,0.04577231508501757,,
,,1080.198,0.019068537312681988,0.0430374120243239,,
,,1080.663,0.01688978626683979,0.03969756876544405,,
,,1081.129,0.019068537312681988,0.036128258979005165,,
,,1081.596,0.005996550468085005,0.0326705675308245,,
,,1082.061,0.0027180641424413565,0.02958806549919376,,
,,1082.522,0.003817929279857024,0.027045308848610252,,
,,1082.992,0.0920425717207074,0.025108164012833067,,
,,1083.455,0.03867625786434936,0.023760995979702774,,
,,1083.917,0.014711165078611588,0.022932454727880157,,
,,1084.381,0.008175171656313207,0.022521643825893257,,
,,1084.851,0.06264148050770069,0.022419322653390666,,
,,1085.316,0.011432548895354167,0.022522068775006718,,
,,1085.78,0.011432548895354167,0.022739423708215585,,
,,1086.246,0.02996177311143655,0.02299533978627166,,
,,1086.71,0.010353922702155405,0.02322629558654185,,
,,1087.175,0.010353922702155405,0.02337890652139664,,
,,1087.64,0.008175171656313207,0.023409369195588316,,
,,1088.105,0.031040399304635313,0.02328575961129556,,
,,1088.57,0.06372023655851344,0.022992318659589034,,
,,1089.036,0.037576392726933694,0.022533064616706153,,
,,1089.499,0.004896685330669559,0.021931648097614966,,
,,1089.962,0.008175171656313207,0.02122610723878977,,
,,1090.429,0.003817929279857024,0.020460100958102957,,
,,1090.892,0.017968542317652547,0.019674116639871134,,
,,1091.355,0.019068537312681988,0.018899783683656232,,
,,1091.825,0.037576392726933694,0.018158398399319688,,
,,1092.29,0.01688978626683979,0.01746266541022856,,
,,1092.756,0.01688978626683979,0.016819693190505976,,
,,1093.215,0.004896685330669559,0.01623366223411564,,
,,1093.681,0.01688978626683979,0.01570761619799906,,
,,1094.147,0.027783022065594576,0.015244540474148641,,
,,1094.614,0.019068537312681988,0.01484791115974691,,
,,1095.08,0.0016393080916288216,0.014521690044936236,,
,,1095.54,0.0005393130965993809,0.014269905746443698,,
,,1096.01,0.014711165078611588,0.014096345310206806,,
,,1096.473,0.04846962852568848,0.0140047569835911,,
,,1096.935,0.008175171656313207,0.013999184454406304,,
,,1097.403,0.0005393130965993809,0.014083540832896509,,
,,1097.865,0.003817929279857024,0.014260125121159735,,
,,1098.331,0.01688978626683979,0.014527935050410083,,
,,1098.801,0.010353922702155405,0.014882002119749577,,
,,1099.266,0.03649763667612116,0.015314141760317897,,
,,1099.726,0.019068537312681988,0.015814340020634858,,
,,1100.191,0.009253927707125964,0.016371555834798063,,
,,1100.658,0.003817929279857024,0.016973320373780566,,
,,1101.124,0.019068537312681988,0.017604568682558032,,
,,1101.589,0.02124715850090997,0.018246670319562938,,
,,1102.055,0.032140394299664754,0.018877219710922967,,
,,1102.518,0.019068537312681988,0.019470372698701697,,
,,1102.98,0.014711165078611588,0.019997265994449516,,
,,1103.451,0.0005393130965993809,0.020426583635226325,,
,,1103.913,0.019068537312681988,0.020726013036265086,,
,,1104.381,0.04739087247487572,0.02086529175061053,,
,,1104.843,0.010353922702155405,0.020820613052131048,,
,,1105.309,0.017968542317652547,0.020579154397335642,,
,,1105.773,0.03321915035047751,0.020142313747470646,,
,,1106.238,0.019068537312681988,0.01952683464501963,,
,,1106.703,0.008175171656313207,0.018763732109044688,,
,,1107.168,0.017968542317652547,0.01789549423764767,,
,,1107.632,0.014711165078611588,0.01697238924016651,,
,,1108.098,0.032140394299664754,0.0160486851341,,
,,1108.562,0.0070753065188977615,0.015179226864975543,,
,,1109.028,0.003817929279857024,0.014416570964006961,,
,,1109.496,0.012532543890383385,0.013809021512223171,,
,,1109.958,0.0005393130965993809,0.013400051038721534,,
,,1110.425,0.039755013915161896,0.013229154721968636,,
,,1110.888,0.008175171656313207,0.013333220355659656,,
,,1111.359,0.01688978626683979,0.013746715260848821,,
,,1111.821,0.03649763667612116,0.014499060690383293,,
,,1112.287,0.0005393130965993809,0.015608510954123918,,
,,1112.751,0.02014716350588075,0.017073241162359688,,
,,1113.217,0.0016393080916288216,0.018861703947103056,,
,,1113.681,0.009253927707125964,0.020905160057194238,,
,,1114.147,0.03321915035047751,0.02309514804622277,,
,,1114.606,0.008175171656313207,0.025287465627435963,,
,,1115.072,0.07571333749468367,0.027312539807936714,,
,,1115.54,0.0016393080916288216,0.02899074772745443,,
,,1116.003,0.014711165078611588,0.030151001917815955,,
,,1116.466,0.003817929279857024,0.03065160059188028,,
,,1116.937,0.01688978626683979,0.030402745136177942,,
,,1117.399,0.10839310981975481,0.029388895737981518,,
,,1117.862,0.04303363009841954,0.027686576165822152,,
,,1118.327,0.0005393130965993809,0.025471688219575506,,
,,1118.79,0.017968542317652547,0.02301195922475817,,
,,1119.256,0.04085500891019134,0.02064406992987795,,
,,1119.721,0.01688978626683979,0.018738445106978887,,
,,1120.187,0.013611299941196142,0.0176561130094307,,
,,1120.651,0.024504535739950928,0.01770238551892079,,
,,1121.117,0.004896685330669559,0.019082560132670928,,
,,1121.584,0.008175171656313207,0.02186534745258461,,
,,1122.05,0.025604400877366373,0.025959715911187394,,
,,1122.51,0.004896685330669559,0.031110012013188224,,
,,1122.98,0.02124715850090997,0.036912530482276384,,
,,1123.44,0.01688978626683979,0.042854262291743425,,
,,1123.91,0.019068537312681988,0.048371339046814815,,
,,1124.37,0.12690103016281373,0.05292067334332292,,
,,1124.84,0.09096388059870164,0.05605404473478329,,
,,1125.306,0.010353922702155405,0.0574811597223325,,
,,1125.769,0.217325532736109,0.05710894731024261,,
,,1126.235,0.01688978626683979,0.055048789594127796,,
,,1126.699,0.011432548895354167,0.05159027560798035,,
,,1127.165,0.01688978626683979,0.04714790892043554,,
,,1127.629,0.019068537312681988,0.04219364356800775,,
,,1128.094,0.04303363009841954,0.03719013693408067,,
,,1128.559,0.0027180641424413565,0.03253654822845179,,
,,1129.025,0.01688978626683979,0.028533252106987636,,
,,1129.485,0.05174824470894612,0.02536679366597042,,
,,1129.954,0.019068537312681988,0.023112615262202423,,
,,1130.418,0.0441123861492323,0.02175053015827048,,
,,1130.88,0.014711165078611588,0.021186940090865112,,
,,1131.346,0.03321915035047751,0.02127852062771418,,
,,1131.811,0.01688978626683979,0.021853855571929426,,
,,1132.277,0.02014716350588075,0.02273134406329662,,
,,1132.743,0.037576392726933694,0.023733080934078273,,
,,1133.209,0.008175171656313207,0.02469522964039041,,
,,1133.673,0.02124715850090997,0.025475819021899077,,
,,1134.139,0.02996177311143655,0.025961021146742622,,
,,1134.604,0.025604400877366373,0.026070735130115597,,
,,1135.069,0.014711165078611588,0.025763694644072906,,
,,1135.532,0.03649763667612116,0.025041607707415287,,
,,1135.995,0.011432548895354167,0.02395128226494725,,
,,1136.463,0.06372023655851344,0.022583297442750467,,
,,1136.925,0.019068537312681988,0.021065663006324776,,
,,1137.392,0.017968542317652547,0.019551526548373215,,
,,1137.862,0.0005393130965993809,0.01820162444536567,,
,,1138.32,0.012532543890383385,0.017164234413537174,,
,,1138.791,0.009253927707125964,0.016556625936274348,,
,,1139.256,0.010353922702155405,0.016451669597564302,,
,,1139.721,0.010353922702155405,0.01687171780531332,,
,,1140.18,0.008175171656313207,0.017789939039748116,,
,,1140.651,0.07353471630645547,0.019137501808781238,,
,,1141.117,0.008175171656313207,0.020813713594731345,,
,,1141.582,0.01688978626683979,0.02269604490009395,,
,,1142.047,0.012532543890383385,0.02464830041728256,,
,,1142.51,0.04521225128664774,0.026527235609328122,,
,,1142.972,0.008175171656313207,0.02818918748046204,,
,,1143.44,0.0070753065188977615,0.029498276240633958,,
,,1143.903,0.01688978626683979,0.030336943979443226,,
,,1144.37,0.10621442370271961,0.03061826606529423,,
,,1144.832,0.008175171656313207,0.030297708260255782,,
,,1145.298,0.037576392726933694,0.029380951192130515,,
,,1145.762,0.014711165078611588,0.027925427019414674,,
,,1146.228,0.011432548895354167,0.02603579457445341,,
,,1146.695,0.028861778116407333,0.02385561924260274,,
,,1147.161,0.01688978626683979,0.02155772724702943,,
,,1147.621,0.027783022065594576,0.01933452984281501,,
,,1148.087,0.011432548895354167,0.017388221466388673,,
,,1148.552,0.012532543890383385,0.015919905295507734,,
,,1149.018,0.04956962352071792,0.015116465843082285,,
,,1149.481,0.02342577968913817,0.015134199564275082,,
,,1149.95,0.013611299941196142,0.01607898684675727,,
,,1150.414,0.0005393130965993809,0.01798450789484679,,
,,1150.877,0.02014716350588075,0.02079232585352877,,
,,1151.342,0.0027180641424413565,0.02433934480984891,,
,,1151.806,0.009253927707125964,0.028358185665476682,,
,,1152.272,0.014711165078611588,0.0324943925758495,,
,,1152.737,0.010353922702155405,0.03634154238988751,,
,,1153.203,0.04303363009841954,0.039491592213485,,
,,1153.67,0.02124715850090997,0.041593474151625724,,
,,1154.136,0.24782661894414493,0.04240878407590074,,
,,1154.596,0.0005393130965993809,0.04185116903074704,,
,,1155.062,0.01688978626683979,0.03999834433642611,,
,,1155.529,0.02124715850090997,0.03707352524713401,,
,,1155.991,0.008175171656313207,0.033402838287652385,,
,,1156.459,0.014711165078611588,0.029361233494546397,,
,,1156.922,0.014711165078611588,0.025319361039247396,,
,,1157.385,0.01688978626683979,0.02160011245922285,,
,,1157.855,0.019068537312681988,0.018449048960217897,,
,,1158.321,0.034319015487892957,0.016019213086957643,,
,,1158.784,0.019068537312681988,0.014368361151523214,,
,,1159.25,0.0005393130965993809,0.013465695565567778,,
,,1159.71,0.0070753065188977615,0.01320555466194206,,
,,1160.176,0.019068537312681988,0.01342643894047451,,
,,1160.641,0.0005393130965993809,0.013934201613723043,,
,,1161.106,0.025604400877366373,0.014527829992133772,,
,,1161.574,0.019068537312681988,0.015025421990743986,,
,,1162.039,0.031040399304635313,0.015287330047335913,,
,,1162.5,0.017968542317652547,0.01523341561177583,,
,,1162.969,0.008175171656313207,0.01485214358241504,,
,,1163.437,0.014711165078611588,0.014200686657123747,,
,,1163.899,0.01688978626683979,0.013396687749055588,,
,,1164.366,0.009253927707125964,0.01260323519000822,,
,,1164.829,0.012532543890383385,0.012008869885076602,,
,,1165.295,0.02124715850090997,0.011804427876093287,,
,,1165.755,0.012532543890383385,0.012158547979874828,,
,,1166.221,0.0005393130965993809,0.013193878392281961,,
,,1166.688,0.013611299941196142,0.014966388722880124,,
,,1167.153,0.01688978626683979,0.01745046794642224,,
,,1167.619,0.019068537312681988,0.020532287095671804,,
,,1168.084,0.010353922702155405,0.024013204743995386,,
,,1168.551,0.025604400877366373,0.027624112553577287,,
,,1169.01,0.010353922702155405,0.03105068100660871,,
,,1169.477,0.019068537312681988,0.03396821895865989,,
,,1169.94,0.012532543890383385,0.036082990194597896,,
,,1170.41,0.15086612294855128,0.03717428359704533,,
,,1170.873,0.04739087247487572,0.03712905878681284,,
,,1171.339,0.017968542317652547,0.03596055818329363,,
,,1171.802,0.04521225128664774,0.03380563004644874,,
,,1172.268,0.02342577968913817,0.030901579488606532,,
,,1172.732,0.004896685330669559,0.02754875785243279,,
,,1173.198,0.0016393080916288216,0.024067566298577647,,
,,1173.666,0.019068537312681988,0.02075828560834663,,
,,1174.132,0.004896685330669559,0.017870075376262617,,
,,1174.592,0.02996177311143655,0.015582345364355588,,
,,1175.057,0.008175171656313207,0.013998451915388174,,
,,1175.525,0.027783022065594576,0.013149312815222932,,
,,1175.988,0.010353922702155405,0.013003494622541849,,
,,1176.451,0.019068537312681988,0.013480422996556943,,
,,1176.921,0.019068537312681988,0.014464142075997968,,
,,1177.384,0.017968542317652547,0.01581606843505399,,
,,1177.847,0.008175171656313207,0.01738618545891754,,
,,1178.312,0.011432548895354167,0.019022962228260075,,
,,1178.779,0.0070753065188977615,0.020582731533347127,,
,,1179.244,0.03649763667612116,0.021939004027309222,,
,,1179.711,0.05174824470894612,0.022991206550333182,,
,,1180.177,0.01688978626683979,0.02367128631990099,,
,,1180.636,0.010353922702155405,0.023946569843523193,,
,,1181.102,0.011432548895354167,0.023818515208747146,,
,,1181.567,0.031040399304635313,0.023318491080354147,,
,,1182.033,0.034319015487892957,0.022502100332215363,,
,,1182.495,0.019068537312681988,0.021442775752402138,,
,,1182.966,0.02342577968913817,0.020224567525550477,,
,,1183.429,0.01688978626683979,0.018934100543913965,,
,,1183.891,0.0027180641424413565,0.017652386316854615,,
,,1184.359,0.019068537312681988,0.01644776516835434,,
,,1184.821,0.019068537312681988,0.015371218631007365,,
,,1185.287,0.008175171656313207,0.01445463898533983,,
,,1185.752,0.019068537312681988,0.013711790122302194,,
,,1186.218,0.02342577968913817,0.01314110469535578,,
,,1186.684,0.0005393130965993809,0.012729308688131772,,
,,1187.15,0.022325914551722725,0.012455079325050345,,
,,1187.614,0.008175171656313207,0.012292374839120634,,
,,1188.08,0.0027180641424413565,0.012213492763359538,,
,,1188.54,0.014711165078611588,0.01219209934900733,,
,,1189.011,0.019068537312681988,0.01220633917123734,,
,,1189.474,0.012532543890383385,0.0122417475596678,,
,,1189.936,0.008175171656313207,0.012293322082972265,,
,,1190.403,0.019068537312681988,0.012366072417943788,,
,,1190.866,0.01688978626683979,0.012473652994535032,,
,,1191.331,0.0016393080916288216,0.01263505097680382,,
,,1191.801,0.02342577968913817,0.012869646754409053,,
,,1192.267,0.01688978626683979,0.013191288483692182,,
,,1192.726,0.004896685330669559,0.013602295098665155,,
,,1193.191,0.008175171656313207,0.01408854841463893,,
,,1193.658,0.0005393130965993809,0.014617028865568739,,
,,1194.124,0.025604400877366373,0.01513698213768201,,
,,1194.589,0.019068537312681988,0.015585093888070493,,
,,1195.055,0.01688978626683979,0.015893885180774964,,
,,1195.518,0.010353922702155405,0.016001725513677102,,
,,1195.98,0.01688978626683979,0.015862754349989055,,
,,1196.451,0.02124715850090997,0.015455287102833963,,
,,1196.914,0.017968542317652547,0.014787478412091421,,
,,1197.381,0.02342577968913817,0.01389909602022575,,
,,1197.843,0.019068537312681988,0.012858569215678881,,
,,1198.308,0.0005393130965993809,0.01175525777109173,,
,,1198.772,0.0005393130965993809,0.010688001248681906,,
,,1199.238,0.02124715850090997,0.009751960818058746,,
,,1199.705,0.0070753065188977615,0.009026041877667607,,
,,1200.17,0.0005393130965993809,0.008562785347857102,,
,,1200.636,0.0005393130965993809,0.008382059896138851,,
,,1201.095,0.0005393130965993809,0.008469473619949836,,
,,1201.567,0.02124715850090997,0.008779856135819452,,
,,1202.025,0.01688978626683979,0.009245188712027869,,
,,1202.495,0.004896685330669559,0.00978537252024696,,
,,1202.958,0.011432548895354167,0.010319883929324855,,
,,1203.426,0.004896685330669559,0.010778793236520059,,
,,1203.888,0.014711165078611588,0.011112263198439878,,
,,1204.358,0.02014716350588075,0.011297936066230101,,
,,1204.821,0.0005393130965993809,0.011345560460225156,,
,,1205.286,0.02014716350588075,0.011298169342221479,,
,,1205.752,0.019068537312681988,0.011229309893202285,,
,,1206.21,0.0005393130965993809,0.011236173207214976,,
,,1206.681,0.01688978626683979,0.011428891118632854,,
,,1207.146,0.015789921129424345,0.011916729074080814,,
,,1207.611,0.02342577968913817,0.01279230648267509,,
,,1208.077,0.011432548895354167,0.014115325130003789,,
,,1208.54,0.0016393080916288216,0.01589781592419298,,
,,1209.003,0.0027180641424413565,0.018093637808946232,,
,,1209.466,0.02342577968913817,0.02059532134677632,,
,,1209.936,0.0005393130965993809,0.023240684552589125,,
,,1210.399,0.019068537312681988,0.025829903641552014,,
,,1210.862,0.01688978626683979,0.028151370974638403,,
,,1211.327,0.10947180094176057,0.030012184445157568,,
,,1211.79,0.027783022065594576,0.03126711794254887,,
,,1212.255,0.009253927707125964,0.031839669421666675,,
,,1212.722,0.011432548895354167,0.0317310869887865,,
,,1213.187,0.09749987402100002,0.031016833084126023,,
,,1213.655,0.0070753065188977615,0.029832381570637143,,
,,1214.121,0.0016393080916288216,0.028351091324305435,,
,,1214.585,0.034319015487892957,0.026757604890832933,,
,,1215.051,0.027783022065594576,0.025221176217043777,,
,,1215.514,0.008175171656313207,0.023873427480383496,,
,,1215.977,0.019068537312681988,0.022793957548139242,,
,,1216.44,0.0016393080916288216,0.022005817896153666,,
,,1216.91,0.025604400877366373,0.021481499824106434,,
,,1217.373,0.019068537312681988,0.02115838680878575,,
,,1217.836,0.010353922702155405,0.020960585116469508,,
,,1218.301,0.08332808696779481,0.020822191883374423,,
,,1218.766,0.027783022065594576,0.02070609548782162,,
,,1219.231,0.019068537312681988,0.020613068118846115,,
,,1219.695,0.008175171656313207,0.02057861247146668,,
,,1220.161,0.019068537312681988,0.02065892426474878,,
,,1220.626,0.008175171656313207,0.020910487939628984,,
,,1221.091,0.027783022065594576,0.021368915063897903,,
,,1221.559,0.01688978626683979,0.022031983065254307,,
,,1222.024,0.0005393130965993809,0.02285053412751516,,
,,1222.492,0.0027180641424413565,0.023729605760242103,,
,,1222.954,0.02124715850090997,0.024540703961357296,,
,,1223.422,0.02124715850090997,0.025143929088581943,,
,,1223.884,0.09749987402100002,0.025415729223892965,,
,,1224.355,0.019068537312681988,0.0252755633478986,,
,,1224.81,0.022325914551722725,0.02470444514156627,,
,,1225.276,0.025604400877366373,0.023750897053210387,,
,,1225.74,0.019068537312681988,0.022523895070610832,,
,,1226.205,0.019068537312681988,0.021175645736411973,,
,,1226.67,0.01688978626683979,0.01987846178473434,,
,,1227.136,0.0016393080916288216,0.01880010248447762,,
,,1227.603,0.012532543890383385,0.01808142963550506,,
,,1228.069,0.019068537312681988,0.01781924700903739,,
,,1228.533,0.041933764961004094,0.01805572999223936,,
,,1228.995,0.014711165078611588,0.018774344030087736,,
,,1229.463,0.019068537312681988,0.019901418757370257,,
,,1229.932,0.003817929279857024,0.021313003789123135,,
,,1230.396,0.0027180641424413565,0.02284764412722144,,
,,1230.858,0.01688978626683979,0.024326027250731925,,
,,1231.324,0.027783022065594576,0.025577267294713976,,
,,1231.787,0.0005393130965993809,0.026469111161377314,,
,,1232.252,0.1377942659615683,0.026936542805741665,,
,,1232.717,0.019068537312681988,0.027001431290775757,,
,,1233.183,0.014711165078611588,0.026776464714551806,,
,,1233.648,0.02342577968913817,0.026450336115684776,,
,,1234.114,0.014711165078611588,0.026256498980954612,,
,,1234.581,0.037576392726933694,0.02643181493022581,,
,,1235.046,0.019068537312681988,0.027172588082016155,,
,,1235.507,0.013611299941196142,0.02859483236261328,,
,,1235.976,0.031040399304635313,0.030704649548146654,,
,,1236.44,0.0005393130965993809,0.033383657912564195,,
,,1236.902,0.025604400877366373,0.03639303644758051,,
,,1237.366,0.04739087247487572,0.039397534448495794,,
,,1237.836,0.02996177311143655,0.042007809332787326,,
,,1238.302,0.008175171656313207,0.04383626173454674,,
,,1238.765,0.019068537312681988,0.044558687724033694,,
,,1239.231,0.24454813261850128,0.04397147355600849,,
,,1239.695,0.037576392726933694,0.04203203337025114,,
,,1240.161,0.019068537312681988,0.03887123377171165,,
,,1240.626,0.005996550468085005,0.03477325279231572,,
,,1241.092,0.0005393130965993809,0.030128552053745095,,
,,1241.551,0.009253927707125964,0.02537321188191333,,
,,1242.017,0.008175171656313207,0.02092901269653265,,
,,1242.486,0.019068537312681988,0.017154854171312746,,
,,1242.949,0.0016393080916288216,0.014314891851195716,,
,,1243.411,0.019068537312681988,0.012564360941422313,,
,,1243.88,0.003817929279857024,0.011951047102605044,,
,,1244.347,0.041933764961004094,0.01242854478427752,,
,,1244.805,0.019068537312681988,0.013876545856768549,,
,,1245.271,0.010353922702155405,0.016123486723965155,,
,,1245.737,0.011432548895354167,0.018968042441614864,,
,,1246.202,0.019068537312681988,0.02219767588372688,,
,,1246.67,0.01688978626683979,0.025603681725446425,,
,,1247.136,0.08332808696779481,0.028992291641279432,,
,,1247.6,0.034319015487892957,0.0321909575618696,,
,,1248.066,0.019068537312681988,0.03504922608014342,,
,,1248.529,0.010353922702155405,0.0374354852341264,,
,,1248.991,0.01688978626683979,0.03923340220072241,,
,,1249.458,0.010353922702155405,0.04034290045783076,,
,,1249.921,0.015789921129424345,0.040688610272658424,,
,,1250.389,0.18900313264510804,0.04023437809030997,,
,,1250.85,0.011432548895354167,0.03899785280623831,,
,,1251.316,0.02124715850090997,0.037057504813177336,,
,,1251.78,0.02342577968913817,0.034547505455803,,
,,1252.245,0.003817929279857024,0.031641635766774354,,
,,1252.712,0.0713560301894205,0.028531369132168107,,
,,1253.178,0.008175171656313207,0.02540347736522331,,
,,1253.644,0.005996550468085005,0.022420765273193397,,
,,1254.11,0.0070753065188977615,0.019708254628214246,,
,,1254.574,0.02124715850090997,0.017346602857631642,,
,,1255.04,0.015789921129424345,0.01537362886726454,,
,,1255.503,0.008175171656313207,0.013793107410192023,,
,,1255.965,0.019068537312681988,0.012588252645491635,,
,,1256.433,0.039755013915161896,0.011736291146595938,,
,,1256.895,0.010353922702155405,0.011220363606886902,,
,,1257.363,0.013611299941196142,0.011035742457368056,,
,,1257.825,0.010353922702155405,0.01118904814377474,,
,,1258.29,0.003817929279857024,0.011691281799595053,,
,,1258.755,0.008175171656313207,0.012547153362986705,,
,,1259.22,0.01688978626683979,0.013743833007782306,,
,,1259.685,0.003817929279857024,0.015242002003376,,
,,1260.151,0.017968542317652547,0.01697134387417147,,
,,1260.618,0.010353922702155405,0.01883174168614494,,
,,1261.083,0.01688978626683979,0.020700535239618477,,
,,1261.555,0.0027180641424413565,0.022445173437042748,,
,,1262.013,0.0713560301894205,0.023939407380635498,,
,,1262.477,0.012532543890383385,0.025079961369907186,,
,,1262.947,0.04956962352071792,0.02579997793939843,,
,,1263.407,0.019068537312681988,0.026076170713220395,,
,,1263.87,0.011432548895354167,0.025928509439300196,,
,,1264.336,0.009253927707125964,0.025413401711228405,,
,,1264.806,0.07571333749468367,0.024612559047113194,,
,,1265.271,0.004896685330669559,0.02361971024166302,,
,,1265.736,0.0005393130965993809,0.02252689419111111,,
,,1266.195,0.008175171656313207,0.021412246989551405,,
,,1266.666,0.02124715850090997,0.020331652658633532,,
,,1267.131,0.03321915035047751,0.019316035104532298,,
,,1267.596,0.019068537312681988,0.018374206634499336,,
,,1268.055,0.019068537312681988,0.017499387199192726,,
,,1268.525,0.027783022065594576,0.01667695125312801,,
,,1268.987,0.0016393080916288216,0.01589156215487527,,
,,1269.455,0.0016393080916288216,0.015132828297801016,,
,,1269.918,0.037576392726933694,0.014399270572584486,,
,,1270.381,0.019068537312681988,0.01370040222343917,,
,,1270.851,0.009253927707125964,0.013056350685241889,,
,,1271.316,0.02124715850090997,0.012494458914695054,,
,,1271.78,0.005996550468085005,0.012043101951555299,,
,,1272.246,0.0016393080916288216,0.011724095336546829,,
,,1272.711,0.003817929279857024,0.011545848141829665,,
,,1273.177,0.010353922702155405,0.01149945056511629,,
,,1273.636,0.0016393080916288216,0.011559129447847143,,
,,1274.102,0.027783022065594576,0.011687182313981533,,
,,1274.567,0.011432548895354167,0.011842109585397413,,
,,1275.033,0.014711165078611588,0.011987745060845517,,
,,1275.495,0.019068537312681988,0.012101044911988322,,
,,1275.965,0.010353922702155405,0.01217675722415457,,
,,1276.426,0.02014716350588075,0.012228092814029111,,
,,1276.895,0.0070753065188977615,0.012283432583694288,,
,,1277.359,0.0005393130965993809,0.012379902473997022,,
,,1277.821,0.019068537312681988,0.012555195781365509,,
,,1278.287,0.02342577968913817,0.012839128439085357,,
,,1278.752,0.010353922702155405,0.013246107187862833,,
,,1279.217,0.0005393130965993809,0.013769415203567855,,
,,1279.685,0.0027180641424413565,0.014378320411457195,,
,,1280.151,0.019068537312681988,0.01501912798444675,,
,,1280.615,0.01688978626683979,0.015620750034085107,,
,,1281.08,0.037576392726933694,0.016104133955449212,,
,,1281.543,0.0016393080916288216,0.01639378821963236,,
,,1282.006,0.010353922702155405,0.01642944458599351,,
,,1282.474,0.010353922702155405,0.01617649739970459,,
,,1282.936,0.037576392726933694,0.015634408271439436,,
,,1283.407,0.02124715850090997,0.014842171122592585,,
,,1283.869,0.008175171656313207,0.013879636985312756,,
,,1284.334,0.0005393130965993809,0.012863852193999884,,
,,1284.797,0.014711165078611588,0.011940586835672062,,
,,1285.263,0.027783022065594576,0.011272036968664403,,
,,1285.73,0.0016393080916288216,0.011021714624262246,,
,,1286.195,0.025604400877366373,0.011337269260557548,,
,,1286.655,0.005996550468085005,0.012332167144239176,,
,,1287.121,0.014711165078611588,0.014067889195093863,,
,,1287.588,0.0027180641424413565,0.01653914298780058,,
,,1288.054,0.010353922702155405,0.019665062587101455,,
,,1288.521,0.014711165078611588,0.02328916803182301,,
,,1288.984,0.017968542317652547,0.027189798779648267,,
,,1289.447,0.02014716350588075,0.03110092584041164,,
,,1289.91,0.019068537312681988,0.034741011750392216,,
,,1290.378,0.15196605301477373,0.037845294867276384,,
,,1290.84,0.0070753065188977615,0.04019524241361616,,
,,1291.305,0.0016393080916288216,0.04163930895843055,,
,,1291.777,0.05174824470894612,0.04210217489794601,,
,,1292.235,0.0920425717207074,0.04158342862818414,,
,,1292.7,0.0005393130965993809,0.040148544325059314,,
,,1293.165,0.019068537312681988,0.03791502841663955,,
,,1293.632,0.014711165078611588,0.03503655963644182,,
,,1294.098,0.07789202361171887,0.031687888150651065,,
,,1294.563,0.037576392726933694,0.028052012079576548,,
,,1295.029,0.003817929279857024,0.02430931499429916,,
,,1295.492,0.010353922702155405,0.02062786486202808,,
,,1295.962,0.019068537312681988,0.017155230119909923,,
,,1296.425,0.013611299941196142,0.014013219206469767,,
,,1296.888,0.008175171656313207,0.011296640003254352,,
,,1297.355,0.008175171656313207,0.009076021014771483,,
,,1297.818,0.008175171656313207,0.007403249275430868,,
,,1298.283,0.008175171656313207,0.006318537163157745,,
,,1298.747,0.019068537312681988,0.005856845830259838,,
,,1299.213,0.004896685330669559,0.0060518496094771985,,
,,1299.681,0.008175171656313207,0.006935898129313183,,
,,1300.146,0.0005393130965993809,0.008535246531474869,,
,,1300.611,0.034319015487892957,0.010860772359654897,,
,,1301.07,0.012532543890383385,0.013895129247673709,,
,,1301.54,0.019068537312681988,0.01757788139246088,,
,,1302.003,0.019068537312681988,0.021791013205199723,,
,,1302.466,0.008175171656313207,0.02634834142012377,,
,,1302.936,0.008175171656313207,0.030993180549182105,,
,,1303.396,0.025604400877366373,0.03540838616896531,,
,,1303.866,0.025604400877366373,0.039241224113479786,,
,,1304.331,0.008175171656313207,0.04214251564459827,,
,,1304.794,0.01688978626683979,0.043815684832359446,,
,,1305.26,0.22386152615840738,0.04406718445503222,,
,,1305.725,0.04629100733746028,0.04284634917870828,,
,,1306.191,0.027783022065594576,0.04026265129845285,,
,,1306.656,0.005996550468085005,0.03657397154501581,,
,,1307.121,0.014711165078611588,0.03214887499386092,,
,,1307.581,0.019068537312681988,0.027413282521173702,,
,,1308.047,0.01688978626683979,0.022793718779800177,,
,,1308.514,0.014711165078611588,0.018666782143676543,,
,,1308.977,0.0027180641424413565,0.015320812964155517,,
,,1309.44,0.0016393080916288216,0.01293273747223671,,
,,1309.91,0.02014716350588075,0.011560832942061165,,
,,1310.373,0.008175171656313207,0.011152235655631056,,
,,1310.836,0.02124715850090997,0.01156229268179642,,
,,1311.302,0.019068537312681988,0.012581703368468089,,
,,1311.766,0.010353922702155405,0.013967133313318333,,
,,1312.232,0.01688978626683979,0.01547151942695117,,
,,1312.7,0.01688978626683979,0.01687118649863066,,
,,1313.165,0.01688978626683979,0.017987684757917795,,
,,1313.63,0.04629100733746028,0.018702712694304565,,
,,1314.095,0.014711165078611588,0.018964821721597514,,
,,1314.555,0.01688978626683979,0.01878729966374549,,
,,1315.021,0.011432548895354167,0.01823794568266367,,
,,1315.492,0.019068537312681988,0.017422949233705548,,
,,1315.954,0.014711165078611588,0.01646799766047193,,
,,1316.418,0.0027180641424413565,0.015499767175340797,,
,,1316.88,0.008175171656313207,0.014630416185106543,,
,,1317.346,0.019068537312681988,0.013946889929609107,,
,,1317.812,0.019068537312681988,0.01350577868060414,,
,,1318.278,0.011432548895354167,0.01333331891522379,,
,,1318.744,0.011432548895354167,0.013429359099178396,,
,,1319.21,0.019068537312681988,0.013773988826297963,,
,,1319.67,0.0016393080916288216,0.014335783103995232,,
,,1320.136,0.01688978626683979,0.015080803396171821,,
,,1320.603,0.034319015487892957,0.015981416706325545,,
,,1321.069,0.008175171656313207,0.01702373258373675,,
,,1321.536,0.02124715850090997,0.018212349570906807,,
,,1321.998,0.01688978626683979,0.01957144169816377,,
,,1322.466,0.019068537312681988,0.02114183732173311,,
,,1322.929,0.04629100733746028,0.022974195845751,,
,,1323.392,0.011432548895354167,0.02511858029437531,,
,,1323.855,0.04303363009841954,0.027611042195459387,,
,,1324.32,0.019068537312681988,0.030458589946741138,,
,,1324.791,0.019068537312681988,0.03362490556061212,,
,,1325.257,0.011432548895354167,0.037019833761772265,,
,,1325.721,0.10621442370271961,0.04049543502261552,,
,,1326.187,0.014711165078611588,0.04385025251304857,,
,,1326.651,0.005996550468085005,0.0468422910961659,,
,,1327.116,0.011432548895354167,0.049210897799869466,,
,,1327.582,0.037576392726933694,0.05070733550804316,,
,,1328.04,0.18464582533984475,0.051131376799674735,,
,,1328.51,0.012532543890383385,0.05036701719620981,,
,,1328.973,0.06372023655851344,0.04840793109292343,,
,,1329.436,0.025604400877366373,0.045365420011452696,,
,,1329.907,0.09314256671573684,0.041456884201112654,,
,,1330.37,0.012532543890383385,0.03697755330982655,,
,,1330.832,0.014711165078611588,0.03226082895912412,,
,,1331.298,0.0005393130965993809,0.027634070961859256,,
,,1331.766,0.037576392726933694,0.023377351386156996,,
,,1332.231,0.0016393080916288216,0.019691789932853265,,
,,1332.696,0.0070753065188977615,0.016681574013039324,,
,,1333.162,0.02014716350588075,0.014350880530834194,,
,,1333.621,0.019068537312681988,0.012614583305118082,,
,,1334.087,0.0005393130965993809,0.011319941351179894,,
,,1334.552,0.008175171656313207,0.010275384436920363,,
,,1335.018,0.037576392726933694,0.00928204279891465,,
,,1335.481,0.0070753065188977615,0.008163609147445447,,
,,1335.95,0.004896685330669559,0.006790451825358771,,
,,1336.414,0.004896685330669559,0.0050948812018420065,,
,,1336.876,0.037576392726933694,0.003075974953972392,,
,,1337.342,0.0005393130965993809,0.0007938678876906469,,
