EMG_time_ms,EMG_value,FORCE_time_ms,FORCE_newtons
0.0,0.0,0.471,-0.0160653257032366
0.4655172734839499,0.0,0.93,0.0035425247060447695
0.9310345469678998,0.0,1.4,0.036222232102308904
1.3965518204518497,0.0,1.866,0.02315037511532614
1.8620690939357996,0.0,2.331,-0.005172089904481814
2.3275863674197494,0.0,2.79,0.02315037511532614
2.7931036409036993,0.0,3.261,0.02315037511532614
3.2586209143876492,0.0,3.727,-0.02913731254783336
3.724138187871599,0.0,4.192,0.05365146132336207
4.189655461355549,0.0,4.65,0.014435760504799555
4.655172734839499,0.0,5.12,-0.026958561501991163
5.120690008323448,0.0,5.583,0.018793002881255738
5.586207281807399,0.0,6.051,0.042758225524607285
6.051724555291348,0.0,6.513,0.3499477087931955
6.5172418287752985,0.0,6.976,-0.05092378414534271
6.982759102259248,0.0,7.446,0.02097162406948394
7.448276375743198,0.0,7.912,-0.02477994031376296
7.913793649227148,0.0,8.376,-0.03131593373606134
8.379310922711097,0.0,8.841,0.02315037511532614
8.844828196195047,0.0,9.305,0.02750761749178232
9.310345469678998,0.0,9.771,0.02097162406948394
9.775862743162946,0.0,10.236,-0.026958561501991163
10.241380016646897,0.0,10.695,-0.013886704515008397
10.706897290130847,0.0,11.162,-0.03131593373606134
11.172414563614797,0.0,11.628,0.014435760504799555
11.637931837098746,0.0,12.091,-0.0160653257032366
12.103449110582696,0.0,12.561,-0.02913731254783336
12.568966384066647,0.0,13.024,0.014435760504799555
13.034483657550597,0.0,13.487,-0.02260131912553498
13.500000931034545,0.0,13.953,-0.03131593373606134
13.965518204518496,0.0,14.417,0.029686238680010524
14.431035478002446,0.0,14.882,-0.02260131912553498
14.896552751486396,0.0,15.347,-0.020422697937306777
15.362070024970345,0.0,15.813,0.005721145894272972
15.827587298454295,0.0,16.28,0.02315037511532614
16.293104571938244,0.0,16.745,0.060187324888046456
16.758621845422194,0.0,17.209,0.014435760504799555
17.224139118906145,0.0,17.675,-0.02260131912553498
17.689656392390095,0.0,18.135,-0.026958561501991163
18.155173665874045,0.0,18.605,0.02315037511532614
18.620690939357996,0.0,19.065,0.012257139316571353
19.086208212841946,0.0,19.535,-0.026958561501991163
19.551725486325893,0.0,19.999,-0.02260131912553498
20.017242759809843,0.0,20.46,-0.03131593373606134
20.482760033293793,0.0,20.926,0.014435760504799555
20.948277306777744,0.0,21.39,0.007899767082501175
21.413794580261694,0.0,21.856,-0.04874516295711451
21.879311853745644,0.0,22.32,-0.013886704515008397
22.344829127229595,0.0,22.786,0.02315037511532614
22.810346400713545,0.0,23.25,0.02315037511532614
23.275863674197492,0.0,23.715,0.02315037511532614
23.741380947681442,0.0,24.18,-0.0160653257032366
24.206898221165392,0.0,24.646,-0.013886704515008397
24.672415494649343,0.0,25.113,0.02315037511532614
25.137932768133293,0.0,25.576,-0.005172089904481814
25.603450041617243,0.0,26.047,-0.02477994031376296
26.068967315101194,0.0,26.509,0.02532899630355412
26.53448458858514,0.0,26.97,-0.026958561501991163
27.00000186206909,0.0,27.44,-0.005172089904481814
27.46551913555304,0.0,27.905,0.02532899630355412
27.93103640903699,0.0,28.365,-0.04874516295711451
28.396553682520942,0.0,28.831,0.02315037511532614
28.862070956004892,0.0,29.295,0.02315037511532614
29.327588229488843,0.0,29.761,-0.03131593373606134
29.793105502972793,0.0,30.228,-0.04438779072304433
30.25862277645674,0.0,30.694,0.007899767082501175
30.72414004994069,0.0,31.158,0.07761655410909962
31.18965732342464,0.0,31.624,-0.03131593373606134
31.65517459690859,0.0,32.087,0.029686238680010524
32.12069187039254,0.0,32.557,-0.05745964771002732
32.58620914387649,0.0,33.017,-0.03785179730074595
33.05172641736044,0.0,33.487,0.02315037511532614
33.51724369084439,0.0,33.945,0.02097162406948394
33.98276096432834,0.0,34.415,0.014435760504799555
34.44827823781229,0.0,34.881,-0.02913731254783336
34.91379551129624,0.0,35.346,0.02750761749178232
35.37931278478019,0.0,35.812,0.02315037511532614
35.84483005826414,0.0,36.277,-0.035673176112517746
36.31034733174809,0.0,36.742,-0.013886704515008397
36.77586460523204,0.0,37.207,0.04929408908929189
37.24138187871599,0.0,37.665,0.02315037511532614
37.70689915219994,0.0,38.135,0.02315037511532614
38.17241642568389,0.0,38.597,0.016614381693027758
38.63793369916784,0.0,39.065,-0.02477994031376296
39.103450972651785,0.0,39.527,-0.02913731254783336
39.56896824613574,0.0,39.995,0.5416687107943243
40.034485519619686,0.0,40.457,0.042758225524607285
40.50000279310364,0.0,40.923,-0.03131593373606134
40.96552006658759,0.0,41.389,0.02097162406948394
41.43103734007154,0.0,41.855,-0.020422697937306777
41.89655461355549,0.0,42.32,0.051472710277520095
42.36207188703944,0.0,42.786,-0.03131593373606134
42.82758916052339,0.0,43.246,0.02315037511532614
43.293106434007335,0.0,43.712,-0.03131593373606134
43.75862370749129,0.0,44.177,0.02315037511532614
44.224140980975235,0.0,44.642,0.014435760504799555
44.68965825445919,0.0,45.106,0.02315037511532614
45.155175527943136,0.0,45.576,-0.02260131912553498
45.62069280142709,0.0,46.036,-0.04874516295711451
46.08621007491104,0.0,46.505,0.02315037511532614
46.551727348394984,0.0,46.969,-0.33850541700464976
47.01724462187894,0.0,47.431,0.02315037511532614
47.482761895362884,0.0,47.897,-0.02913731254783336
47.94827916884684,0.0,48.362,0.012257139316571353
48.413796442330785,0.0,48.828,0.06890193949857304
48.87931371581474,0.0,49.295,0.02315037511532614
49.344830989298686,0.0,49.76,-0.03131593373606134
49.81034826278263,0.0,50.227,0.014435760504799555
50.275865536266586,0.0,50.685,-0.05092378414534271
50.74138280975053,0.0,51.154,0.018793002881255738
51.20690008323449,0.0,51.616,0.018793002881255738
51.672417356718434,0.0,52.084,0.02097162406948394
52.13793463020239,0.0,52.546,-0.009529462138551992
52.603451903686334,0.0,53.014,0.02097162406948394
53.06896917717028,0.0,53.476,0.014435760504799555
53.534486450654235,0.0,53.942,-0.08796073391806325
54.00000372413818,0.0,54.405,0.02315037511532614
54.465520997622136,0.0,54.87,-0.02477994031376296
54.93103827110608,0.0,55.335,-0.013886704515008397
55.396555544590036,0.0,55.801,-0.002993468716253611
55.86207281807398,0.0,56.265,0.007899767082501175
56.32759009155794,0.0,56.731,0.1364401053369435
56.793107365041884,0.0,57.195,-0.011708083326780194
57.25862463852583,0.0,57.661,0.02315037511532614
57.724141912009785,0.0,58.131,0.007899767082501175
58.18965918549373,0.0,58.594,-0.020422697937306777
58.655176458977685,0.0,59.057,-0.05745964771002732
59.12069373246163,0.0,59.52,0.02315037511532614
59.586211005945586,0.0,59.991,0.036222232102308904
60.05172827942953,0.0,60.453,-0.6217298074875002
60.51724555291348,0.0,60.919,0.005721145894272972
60.98276282639743,0.0,61.383,-0.02913731254783336
61.44828009988138,0.0,61.848,0.02315037511532614
61.913797373365334,0.0,62.313,0.014435760504799555
62.37931464684928,0.0,62.778,-0.03131593373606134
62.844831920333235,0.0,63.243,-0.03785179730074595
63.31034919381718,0.0,63.708,0.029686238680010524
63.77586646730113,0.0,64.172,0.06890193949857304
64.24138374078508,0.0,64.638,0.031864859868238726
64.70690101426904,0.0,65.106,0.02097162406948394
65.17241828775298,0.0,65.568,0.1495119623239265
65.63793556123693,0.0,66.036,-0.0160653257032366
66.10345283472088,0.0,66.499,-0.03131593373606134
66.56897010820484,0.0,66.969,-0.026958561501991163
67.03448738168878,0.0,67.425,-0.02913731254783336
67.50000465517273,0.0,67.89,0.014435760504799555
67.96552192865668,0.0,68.357,0.060187324888046456
68.43103920214062,0.0,68.823,0.005721145894272972
68.89655647562458,0.0,69.288,-0.05092378414534271
69.36207374910853,0.0,69.754,0.018793002881255738
69.82759102259249,0.0,70.221,0.05365146132336207
70.29310829607643,0.0,70.686,0.02315037511532614
70.75862556956038,0.0,71.146,0.02315037511532614
71.22414284304433,0.0,71.616,-0.020422697937306777
71.68966011652827,0.0,72.08,-0.013886704515008397
72.15517739001223,0.0,72.542,0.02315037511532614
72.62069466349618,0.0,73.006,0.0013637736602027939
73.08621193698013,0.0,73.475,-0.03131593373606134
73.55172921046407,0.0,73.941,0.014435760504799555
74.01724648394803,0.0,74.404,-0.02260131912553498
74.48276375743198,0.0,74.87,0.05583008251159027
74.94828103091592,0.0,75.335,0.0013637736602027939
75.41379830439988,0.0,75.801,-0.02260131912553498
75.87931557788383,0.0,76.266,-0.03131593373606134
76.34483285136778,0.0,76.731,0.04057947447876531
76.81035012485172,0.0,77.191,0.02315037511532614
77.27586739833568,0.0,77.657,0.014435760504799555
77.74138467181963,0.0,78.124,0.02315037511532614
78.20690194530357,0.0,78.586,-0.02260131912553498
78.67241921878752,0.0,79.054,-0.03131593373606134
79.13793649227148,0.0,79.517,0.018793002881255738
79.60345376575543,0.0,79.98,0.02315037511532614
80.06897103923937,0.0,80.45,-0.03131593373606134
80.53448831272333,0.0,80.916,0.02097162406948394
81.00000558620728,0.0,81.379,0.02315037511532614
81.46552285969122,0.0,81.845,-0.08796073391806325
81.93104013317517,0.0,82.309,0.5917776474116416
82.39655740665913,0.0,82.775,-0.005172089904481814
82.86207468014308,0.0,83.235,-0.02477994031376296
83.32759195362702,0.0,83.701,0.02315037511532614
83.79310922711097,0.0,84.166,0.029686238680010524
84.25862650059493,0.0,84.632,-0.03131593373606134
84.72414377407888,0.0,85.102,-0.03131593373606134
85.18966104756282,0.0,85.564,0.02315037511532614
85.65517832104678,0.0,86.028,-0.020422697937306777
86.12069559453073,0.0,86.49,-0.03785179730074595
86.58621286801467,0.0,86.957,-0.020422697937306777
87.05173014149862,0.0,87.422,0.018793002881255738
87.51724741498258,0.0,87.887,-0.013886704515008397
87.98276468846653,0.0,88.354,-0.03131593373606134
88.44828196195047,0.0,88.82,0.02532899630355412
88.91379923543442,0.0,89.28,-0.05745964771002732
89.37931650891838,0.0,89.745,0.06890193949857304
89.84483378240232,0.0,90.21,0.014435760504799555
90.31035105588627,0.0,90.676,-0.04438779072304433
90.77586832937023,0.0,91.146,0.02315037511532614
91.24138560285418,0.0,91.608,-0.026958561501991163
91.70690287633812,0.0,92.076,0.005721145894272972
92.17242014982207,0.0,92.539,0.014435760504799555
92.63793742330603,0.0,93.002,0.02315037511532614
93.10345469678997,0.0,93.465,-0.09667534852858983
93.56897197027392,0.0,93.93,0.016614381693027758
94.03448924375787,0.0,94.401,-0.03131593373606134
94.50000651724183,0.0,94.867,0.02097162406948394
94.96552379072577,0.0,95.331,-0.04438779072304433
95.43104106420972,0.0,95.79,-0.020422697937306777
95.89655833769368,0.0,96.262,0.04929408908929189
96.36207561117762,0.0,96.72,0.007899767082501175
96.82759288466157,0.0,97.187,0.02315037511532614
97.29311015814552,0.0,97.653,-0.05092378414534271
97.75862743162948,0.0,98.121,-0.04874516295711451
98.22414470511342,0.0,98.583,0.02532899630355412
98.68966197859737,0.0,99.051,0.07761655410909962
99.15517925208133,0.0,99.513,-0.005172089904481814
99.62069652556526,0.0,99.976,0.02315037511532614
100.08621379904922,0.0,100.446,0.014435760504799555
100.55173107253317,0.0,100.912,0.02315037511532614
101.01724834601713,0.0,101.376,0.02097162406948394
101.48276561950107,0.0,101.842,-0.0160653257032366
101.94828289298502,0.0,102.306,0.04493684671283549
102.41380016646897,0.0,102.765,0.02315037511532614
102.87931743995291,0.0,103.231,-0.013886704515008397
103.34483471343687,0.0,103.697,0.02315037511532614
103.81035198692082,0.0,104.162,-0.002993468716253611
104.27586926040478,0.0,104.627,-0.005172089904481814
104.74138653388871,0.0,105.095,0.02315037511532614
105.20690380737267,0.0,105.557,0.014435760504799555
105.67242108085662,0.0,106.02,-0.04220916953481613
106.13793835434056,0.0,106.491,-0.002993468716253611
106.60345562782452,0.0,106.957,0.02315037511532614
107.06897290130847,0.0,107.422,-0.02260131912553498
107.53449017479242,0.0,107.88,-0.026958561501991163
108.00000744827636,0.0,108.347,0.0013637736602027939
108.46552472176032,0.0,108.813,-0.061817019944097495
108.93104199524427,0.0,109.28,-0.020422697937306777
109.39655926872823,0.0,109.745,0.02315037511532614
109.86207654221217,0.0,110.21,0.0013637736602027939
110.32759381569612,0.0,110.676,0.007899767082501175
110.79311108918007,0.0,111.139,-0.02260131912553498
111.25862836266401,0.0,111.601,-0.013886704515008397
111.72414563614797,0.0,112.069,0.02315037511532614
112.18966290963192,0.0,112.532,-0.02260131912553498
112.65518018311587,0.0,112.995,-0.009529462138551992
113.12069745659981,0.0,113.464,-0.02260131912553498
113.58621473008377,0.0,113.93,0.02315037511532614
114.05173200356772,0.0,114.393,-0.009529462138551992
114.51724927705166,0.0,114.858,0.016614381693027758
114.98276655053562,0.0,115.324,-0.026958561501991163
115.44828382401957,0.0,115.79,0.02315037511532614
115.91380109750352,0.0,116.254,0.04057947447876531
116.37931837098746,0.0,116.72,0.02315037511532614
116.84483564447142,0.0,117.185,-0.02260131912553498
117.31035291795537,0.0,117.65,0.04057947447876531
117.77587019143931,0.0,118.113,-0.03785179730074595
118.24138746492326,0.0,118.575,0.02315037511532614
118.70690473840722,0.0,119.043,0.007899767082501175
119.17242201189117,0.0,119.505,-0.026958561501991163
119.63793928537511,0.0,119.976,-0.03131593373606134
120.10345655885907,0.0,120.439,0.018793002881255738
120.56897383234302,0.0,120.904,-0.05310240533357091
121.03449110582696,0.0,121.368,-0.013886704515008397
121.50000837931091,0.0,121.834,0.005721145894272972
121.96552565279487,0.0,122.299,0.014435760504799555
122.43104292627882,0.0,122.765,0.04929408908929189
122.89656019976276,0.0,123.231,0.02315037511532614
123.36207747324671,0.0,123.696,0.014435760504799555
123.82759474673067,0.0,124.162,-0.026958561501991163
124.29311202021461,0.0,124.62,0.029686238680010524
124.75862929369856,0.0,125.091,0.014435760504799555
125.22414656718252,0.0,125.554,-0.013886704515008397
125.68966384066647,0.0,126.017,-0.002993468716253611
126.15518111415041,0.0,126.48,0.060187324888046456
126.62069838763436,0.0,126.946,0.029686238680010524
127.08621566111832,0.0,127.416,0.0013637736602027939
127.55173293460226,0.0,127.875,-0.020422697937306777
128.0172502080862,0.0,128.346,-0.026958561501991163
128.48276748157016,0.0,128.812,0.02315037511532614
128.94828475505412,0.0,129.276,0.02315037511532614
129.41380202853807,0.0,129.741,0.014435760504799555
129.87931930202203,0.0,130.206,-0.08360349154160684
130.34483657550595,0.0,130.671,-0.02477994031376296
130.8103538489899,0.0,131.132,-0.02260131912553498
131.27587112247386,0.0,131.601,0.012257139316571353
131.7413883959578,0.0,132.065,0.02097162406948394
132.20690566944177,0.0,132.528,-0.02260131912553498
132.67242294292572,0.0,132.991,0.014435760504799555
133.13794021640967,0.0,133.461,0.02315037511532614
133.6034574898936,0.0,133.926,-0.040030548346587924
134.06897476337755,0.0,134.39,0.02315037511532614
134.5344920368615,0.0,134.856,-0.013886704515008397
135.00000931034546,0.0,135.32,-0.02260131912553498
135.46552658382942,0.0,135.786,-0.002993468716253611
135.93104385731337,0.0,136.251,-0.13806967053538055
136.39656113079732,0.0,136.717,0.06890193949857304
136.86207840428125,0.0,137.176,0.04057947447876531
137.3275956777652,0.0,137.642,0.014435760504799555
137.79311295124916,0.0,138.109,0.04057947447876531
138.2586302247331,0.0,138.572,0.02097162406948394
138.72414749821706,0.0,139.035,0.005721145894272972
139.18966477170102,0.0,139.505,0.04929408908929189
139.65518204518497,0.0,139.969,-0.02913731254783336
140.1206993186689,0.0,140.431,0.02315037511532614
140.58621659215285,0.0,140.897,-0.3101829519848418
141.0517338656368,0.0,141.362,-0.02477994031376296
141.51725113912076,0.0,141.827,0.02315037511532614
141.9827684126047,0.0,142.291,0.02532899630355412
142.44828568608867,0.0,142.757,0.02315037511532614
142.91380295957262,0.0,143.224,0.0035425247060447695
143.37932023305655,0.0,143.69,-0.02477994031376296
143.8448375065405,0.0,144.154,0.051472710277520095
144.31035478002445,0.0,144.616,0.02315037511532614
144.7758720535084,0.0,145.084,0.02097162406948394
145.24138932699236,0.0,145.547,-0.0008148475280254086
145.70690660047632,0.0,146.01,0.02315037511532614
146.17242387396027,0.0,146.48,0.029686238680010524
146.6379411474442,0.0,146.945,0.0013637736602027939
147.10345842092815,0.0,147.408,0.02315037511532614
147.5689756944121,0.0,147.874,-0.02260131912553498
148.03449296789606,0.0,148.339,-0.02260131912553498
148.50001024138,0.0,148.805,0.02315037511532614
148.96552751486396,0.0,149.268,0.02532899630355412
149.43104478834792,0.0,149.734,-0.007350711092710016
149.89656206183184,0.0,150.199,-0.0160653257032366
150.3620793353158,0.0,150.665,-0.02477994031376296
150.82759660879975,0.0,151.128,0.029686238680010524
151.2931138822837,0.0,151.591,-0.05963839875586929
151.75863115576766,0.0,152.061,0.014435760504799555
152.2241484292516,0.0,152.524,-0.02260131912553498
152.68966570273557,0.0,152.987,-0.040030548346587924
153.1551829762195,0.0,153.45,0.02315037511532614
153.62070024970345,0.0,153.915,0.007899767082501175
154.0862175231874,0.0,154.387,-0.013886704515008397
154.55173479667135,0.0,154.845,-0.02477994031376296
155.0172520701553,0.0,155.31,0.02315037511532614
155.48276934363926,0.0,155.776,0.005721145894272972
155.94828661712322,0.0,156.243,0.014435760504799555
156.41380389060714,0.0,156.708,-0.03131593373606134
156.8793211640911,0.0,157.172,-0.03131593373606134
157.34483843757505,0.0,157.638,0.005721145894272972
157.810355711059,0.0,158.106,0.02315037511532614
158.27587298454296,0.0,158.568,-0.02260131912553498
158.7413902580269,0.0,159.036,-0.026958561501991163
159.20690753151086,0.0,159.498,0.029686238680010524
159.6724248049948,0.0,159.969,0.02315037511532614
160.13794207847874,0.0,160.431,-0.602121957078219
160.6034593519627,0.0,160.89,-0.02913731254783336
161.06897662544665,0.0,161.362,0.02315037511532614
161.5344938989306,0.0,161.82,0.018793002881255738
162.00001117241456,0.0,162.292,-0.020422697937306777
162.4655284458985,0.0,162.75,-0.03131593373606134
162.93104571938244,0.0,163.216,-0.005172089904481814
163.3965629928664,0.0,163.682,0.014435760504799555
163.86208026635035,0.0,164.15,-0.02477994031376296
164.3275975398343,0.0,164.613,-0.02913731254783336
164.79311481331825,0.0,165.076,0.042758225524607285
165.2586320868022,0.0,165.546,0.06890193949857304
165.72414936028616,0.0,166.009,-0.033494554924289544
166.1896666337701,0.0,166.472,0.02315037511532614
166.65518390725404,0.0,166.938,-0.03131593373606134
167.120701180738,0.0,167.4,0.04711546790106369
167.58621845422195,0.0,167.866,-0.033494554924289544
168.0517357277059,0.0,168.331,-0.013886704515008397
168.51725300118986,0.0,168.797,0.02097162406948394
168.9827702746738,0.0,169.262,-0.05745964771002732
169.44828754815777,0.0,169.728,0.031864859868238726
169.9138048216417,0.0,170.195,-0.02260131912553498
170.37932209512564,0.0,170.66,0.02315037511532614
170.8448393686096,0.0,171.121,0.02532899630355412
171.31035664209355,0.0,171.591,-0.02260131912553498
171.7758739155775,0.0,172.054,-0.07053163455462408
172.24139118906146,0.0,172.517,0.02097162406948394
172.7069084625454,0.0,172.98,-0.03131593373606134
173.17242573602934,0.0,173.45,0.04929408908929189
173.6379430095133,0.0,173.915,0.0013637736602027939
174.10346028299725,0.0,174.38,-0.033494554924289544
174.5689775564812,0.0,174.846,0.031864859868238726
175.03449482996515,0.0,175.306,0.02315037511532614
175.5000121034491,0.0,175.771,0.016614381693027758
175.96552937693306,0.0,176.235,0.02315037511532614
176.431046650417,0.0,176.701,-0.0160653257032366
176.89656392390094,0.0,177.165,-0.02260131912553498
177.3620811973849,0.0,177.631,0.018793002881255738
177.82759847086885,0.0,178.099,-0.013886704515008397
178.2931157443528,0.0,178.561,-0.005172089904481814
178.75863301783676,0.0,179.032,-0.026958561501991163
179.2241502913207,0.0,179.494,0.018793002881255738
179.68966756480464,0.0,179.961,0.02315037511532614
180.1551848382886,0.0,180.424,-0.011708083326780194
180.62070211177254,0.0,180.889,-0.04874516295711451
181.0862193852565,0.0,181.354,0.02532899630355412
181.55173665874045,0.0,181.819,0.02097162406948394
182.0172539322244,0.0,182.284,-0.011708083326780194
182.48277120570836,0.0,182.749,-0.4104008252194764
182.94828847919229,0.0,183.217,-0.020422697937306777
183.41380575267624,0.0,183.675,0.02315037511532614
183.8793230261602,0.0,184.143,0.02315037511532614
184.34484029964415,0.0,184.605,-0.002993468716253611
184.8103575731281,0.0,185.073,-0.02913731254783336
185.27587484661206,0.0,185.535,0.031864859868238726
185.741392120096,0.0,186.006,-0.020422697937306777
186.20690939357993,0.0,186.468,0.016614381693027758
186.6724266670639,0.0,186.934,-0.026958561501991163
187.13794394054784,0.0,187.397,0.02097162406948394
187.6034612140318,0.0,187.862,-0.026958561501991163
188.06897848751575,0.0,188.328,0.02750761749178232
188.5344957609997,0.0,188.794,-0.03131593373606134
189.00001303448366,0.0,189.261,-0.09013948496390523
189.46553030796758,0.0,189.727,0.005721145894272972
189.93104758145154,0.0,190.187,-0.035673176112517746
190.3965648549355,0.0,190.652,0.02315037511532614
190.86208212841944,0.0,191.121,0.02097162406948394
191.3275994019034,0.0,191.583,-0.02260131912553498
191.79311667538735,0.0,192.047,-0.02260131912553498
192.2586339488713,0.0,192.516,0.02097162406948394
192.72415122235523,0.0,192.98,0.018793002881255738
193.1896684958392,0.0,193.443,-0.03131593373606134
193.65518576932314,0.0,193.908,0.02750761749178232
194.1207030428071,0.0,194.376,0.02315037511532614
194.58622031629105,0.0,194.842,-0.009529462138551992
195.051737589775,0.0,195.305,0.02097162406948394
195.51725486325896,0.0,195.771,-0.026958561501991163
195.98277213674288,0.0,196.235,-0.026958561501991163
196.44828941022683,0.0,196.701,0.02097162406948394
196.9138066837108,0.0,197.166,0.02315037511532614
197.37932395719474,0.0,197.631,-0.03785179730074595
197.8448412306787,0.0,198.094,-0.040030548346587924
198.31035850416265,0.0,198.557,-0.020422697937306777
198.7758757776466,0.0,199.024,0.16694119154497944
199.24139305113053,0.0,199.487,-0.005172089904481814
199.70691032461448,0.0,199.953,0.02315037511532614
200.17242759809844,0.0,200.416,-0.03131593373606134
200.6379448715824,0.0,200.882,0.03840085329053711
201.10346214506635,0.0,201.347,0.018793002881255738
201.5689794185503,0.0,201.812,0.0013637736602027939
202.03449669203425,0.0,202.277,-0.002993468716253611
202.50001396551818,0.0,202.743,0.014435760504799555
202.96553123900213,0.0,203.209,-0.02260131912553498
203.4310485124861,0.0,203.675,0.018793002881255738
203.89656578597004,0.0,204.135,0.0340436109140807
204.362083059454,0.0,204.605,-0.013886704515008397
204.82760033293795,0.0,205.069,-0.0160653257032366
205.2931176064219,0.0,205.531,0.02097162406948394
205.75863487990583,0.0,205.995,-0.007350711092710016
206.22415215338978,0.0,206.465,-0.03131593373606134
206.68966942687373,0.0,206.931,0.02315037511532614
207.1551867003577,0.0,207.394,-0.040030548346587924
207.62070397384164,0.0,207.859,0.06454469712211686
208.0862212473256,0.0,208.324,0.014435760504799555
208.55173852080955,0.0,208.789,-0.013886704515008397
209.01725579429348,0.0,209.254,-0.03131593373606134
209.48277306777743,0.0,209.719,0.02750761749178232
209.94829034126138,0.0,210.185,0.042758225524607285
210.41380761474534,0.0,210.65,-0.02913731254783336
210.8793248882293,0.0,211.113,0.016614381693027758
211.34484216171325,0.0,211.575,-0.03131593373606134
211.8103594351972,0.0,212.043,-0.018244076749078575
212.27587670868112,0.0,212.506,0.018793002881255738
212.74139398216508,0.0,212.976,0.02315037511532614
213.20691125564903,0.0,213.439,-0.0160653257032366
213.672428529133,0.0,213.905,0.02097162406948394
214.13794580261694,0.0,214.365,0.060187324888046456
214.6034630761009,0.0,214.83,0.007899767082501175
215.06898034958485,0.0,215.302,-0.03131593373606134
215.5344976230688,0.0,215.76,-0.03131593373606134
216.00001489655273,0.0,216.225,0.014435760504799555
216.46553217003668,0.0,216.691,0.014435760504799555
216.93104944352064,0.0,217.165,-0.035673176112517746
217.3965667170046,0.0,217.623,-0.02260131912553498
217.86208399048854,0.0,218.091,-0.03131593373606134
218.3276012639725,0.0,218.553,0.02315037511532614
218.79311853745645,0.0,219.021,0.02315037511532614
219.25863581094038,0.0,219.483,-0.14024842158122253
219.72415308442433,0.0,219.949,0.04711546790106369
220.18967035790828,0.0,220.412,-0.04874516295711451
220.65518763139224,0.0,220.877,0.02315037511532614
221.1207049048762,0.0,221.342,0.018793002881255738
221.58622217836015,0.0,221.808,-0.02477994031376296
222.0517394518441,0.0,222.273,0.16694119154497944
222.51725672532802,0.0,222.739,0.014435760504799555
222.98277399881198,0.0,223.206,0.02315037511532614
223.44829127229593,0.0,223.672,-0.03131593373606134
223.9138085457799,0.0,224.132,-0.02913731254783336
224.37932581926384,0.0,224.595,0.11683225492766214
224.8448430927478,0.0,225.065,-0.02260131912553498
225.31036036623175,0.0,225.528,0.02315037511532614
225.77587763971567,0.0,225.991,0.02097162406948394
226.24139491319963,0.0,226.461,0.0013637736602027939
226.70691218668358,0.0,226.926,-0.035673176112517746
227.17242946016754,0.0,227.39,0.02315037511532614
227.6379467336515,0.0,227.856,0.02315037511532614
228.10346400713544,0.0,228.32,-0.011708083326780194
228.5689812806194,0.0,228.786,0.016614381693027758
229.03449855410332,0.0,229.251,0.018793002881255738
229.50001582758728,0.0,229.717,-0.02913731254783336
229.96553310107123,0.0,230.176,0.02315037511532614
230.43105037455518,0.0,230.642,-0.026958561501991163
230.89656764803914,0.0,231.105,0.014435760504799555
231.3620849215231,0.0,231.576,0.02315037511532614
231.82760219500705,0.0,232.036,0.17129843392143584
232.29311946849097,0.0,232.505,-0.03131593373606134
232.75863674197493,0.0,232.969,0.042758225524607285
233.22415401545888,0.0,233.431,-0.013886704515008397
233.68967128894283,0.0,233.897,0.06454469712211686
234.1551885624268,0.0,234.362,0.5503834552624647
234.62070583591074,0.0,234.827,-0.020422697937306777
235.0862231093947,0.0,235.294,-0.02260131912553498
235.55174038287862,0.0,235.76,0.02097162406948394
236.01725765636257,0.0,236.224,0.014435760504799555
236.48277492984653,0.0,236.69,0.014435760504799555
236.94829220333048,0.0,237.15,-0.02260131912553498
237.41380947681444,0.0,237.621,0.018793002881255738
237.8793267502984,0.0,238.083,-0.026958561501991163
238.34484402378234,0.0,238.546,0.005721145894272972
238.81036129726627,0.0,239.01,0.029686238680010524
239.27587857075022,0.0,239.479,-0.013886704515008397
239.74139584423418,0.0,239.945,0.029686238680010524
240.20691311771813,0.0,240.408,-0.033494554924289544
240.67243039120208,0.0,240.874,0.018793002881255738
241.13794766468604,0.0,241.34,-0.013886704515008397
241.60346493817,0.0,241.805,0.031864859868238726
242.06898221165392,0.0,242.265,-0.04874516295711451
242.53449948513787,0.0,242.731,0.02097162406948394
243.00001675862183,0.0,243.195,-0.005172089904481814
243.46553403210578,0.0,243.661,-0.020422697937306777
243.93105130558973,0.0,244.131,0.018793002881255738
244.3965685790737,0.0,244.594,0.02315037511532614
244.86208585255764,0.0,245.061,0.007899767082501175
245.32760312604157,0.0,245.524,0.02315037511532614
245.79312039952552,0.0,245.991,-0.013886704515008397
246.25863767300947,0.0,246.454,0.1909062843307172
246.72415494649343,0.0,246.919,0.02315037511532614
247.18967221997738,0.0,247.382,0.02750761749178232
247.65518949346134,0.0,247.848,0.02315037511532614
248.1207067669453,0.0,248.313,-0.026958561501991163
248.58622404042922,0.0,248.778,-0.03131593373606134
249.05174131391317,0.0,249.244,0.02532899630355412
249.51725858739712,0.0,249.709,-0.026958561501991163
249.98277586088108,0.0,250.176,-0.03131593373606134
250.44829313436503,0.0,250.635,-0.02477994031376296
250.91381040784898,0.0,251.106,-0.018244076749078575
251.37932768133294,0.0,251.569,-0.005172089904481814
251.84484495481686,0.0,252.032,0.02315037511532614
252.31036222830082,0.0,252.502,-0.013886704515008397
252.77587950178477,0.0,252.965,-0.03131593373606134
253.24139677526873,0.0,253.428,0.051472710277520095
253.70691404875268,0.0,253.894,-0.035673176112517746
254.17243132223663,0.0,254.358,0.10376039794067937
254.6379485957206,0.0,254.824,0.02315037511532614
255.1034658692045,0.0,255.29,-0.026958561501991163
255.56898314268847,0.0,255.756,0.02097162406948394
256.0345004161724,0.0,256.216,0.014435760504799555
256.5000176896564,0.0,256.682,-0.040030548346587924
256.9655349631403,0.0,257.15,0.029686238680010524
257.4310522366243,0.0,257.613,0.02315037511532614
257.89656951010824,0.0,258.076,-0.040030548346587924
258.3620867835922,0.0,258.546,-0.02477994031376296
258.82760405707614,0.0,259.009,0.005721145894272972
259.2931213305601,0.0,259.472,-0.013886704515008397
259.75863860404405,0.0,259.938,-0.14242704276945073
260.22415587752795,0.0,260.401,-0.37336387544675587
260.6896731510119,0.0,260.867,0.018793002881255738
261.15519042449586,0.0,261.332,-0.02913731254783336
261.6207076979798,0.0,261.797,0.02315037511532614
262.08622497146376,0.0,262.262,0.02315037511532614
262.5517422449477,0.0,262.727,-0.026958561501991163
263.0172595184317,0.0,263.195,-0.05092378414534271
263.4827767919156,0.0,263.66,-0.03131593373606134
263.9482940653996,0.0,264.124,-0.0160653257032366
264.41381133888353,0.0,264.586,0.02315037511532614
264.8793286123675,0.0,265.05,0.04929408908929189
265.34484588585144,0.0,265.52,-0.02260131912553498
265.8103631593354,0.0,265.984,-0.009529462138551992
266.27588043281935,0.0,266.446,0.05583008251159027
266.74139770630325,0.0,266.912,-0.09449672734036163
267.2069149797872,0.0,267.376,0.014435760504799555
267.67243225327115,0.0,267.842,-0.013886704515008397
268.1379495267551,0.0,268.306,-0.02477994031376296
268.60346680023906,0.0,268.772,0.014435760504799555
269.068984073723,0.0,269.239,0.02315037511532614
269.53450134720697,0.0,269.704,0.042758225524607285
270.0000186206909,0.0,270.169,-0.011708083326780194
270.4655358941749,0.0,270.635,0.02315037511532614
270.93105316765883,0.0,271.095,-0.38425711124551065
271.3965704411428,0.0,271.565,-0.033494554924289544
271.86208771462674,0.0,272.028,0.005721145894272972
272.3276049881107,0.0,272.49,-0.035673176112517746
272.79312226159465,0.0,272.956,0.018793002881255738
273.25863953507854,0.0,273.422,-0.03131593373606134
273.7241568085625,0.0,273.888,-0.007350711092710016
274.18967408204645,0.0,274.355,-0.013886704515008397
274.6551913555304,0.0,274.82,0.014435760504799555
275.12070862901436,0.0,275.28,-0.02260131912553498
275.5862259024983,0.0,275.745,0.02315037511532614
276.05174317598227,0.0,276.216,-0.009529462138551992
276.5172604494662,0.0,276.675,-0.013886704515008397
276.9827777229502,0.0,277.143,-0.02913731254783336
277.44829499643413,0.0,277.605,0.02315037511532614
277.9138122699181,0.0,278.073,0.016614381693027758
278.37932954340204,0.0,278.535,-0.3646492608362293
278.844846816886,0.0,279.002,-0.02260131912553498
279.31036409036994,0.0,279.465,0.05583008251159027
279.77588136385384,0.0,279.93,0.02315037511532614
280.2413986373378,0.0,280.401,0.02315037511532614
280.70691591082175,0.0,280.867,-0.03131593373606134
281.1724331843057,0.0,281.332,0.02097162406948394
281.63795045778966,0.0,281.79,0.018793002881255738
282.1034677312736,0.0,282.255,0.02315037511532614
282.56898500475756,0.0,282.72,-0.026958561501991163
283.0345022782415,0.0,283.187,0.018793002881255738
283.5000195517255,0.0,283.652,-0.02260131912553498
283.9655368252094,0.0,284.12,-0.009529462138551992
284.4310540986934,0.0,284.583,0.014435760504799555
284.89657137217733,0.0,285.051,-0.18817860715269785
285.3620886456613,0.0,285.512,-0.02260131912553498
285.82760591914524,0.0,285.98,-0.03131593373606134
286.29312319262914,0.0,286.442,0.016614381693027758
286.7586404661131,0.0,286.908,-0.0160653257032366
287.22415773959705,0.0,287.376,-0.026958561501991163
287.689675013081,0.0,287.842,0.018793002881255738
288.15519228656495,0.0,288.301,-0.033494554924289544
288.6207095600489,0.0,288.766,0.02532899630355412
289.08622683353286,0.0,289.231,0.02097162406948394
289.5517441070168,0.0,289.697,-0.026958561501991163
290.01726138050077,0.0,290.161,-0.03131593373606134
290.4827786539847,0.0,290.627,0.02315037511532614
290.9482959274687,0.0,291.094,0.02315037511532614
291.41381320095263,0.0,291.557,0.012257139316571353
291.8793304744366,0.0,292.02,0.02315037511532614
292.34484774792054,0.0,292.49,0.02315037511532614
292.8103650214045,0.0,292.956,-0.05310240533357091
293.2758822948884,0.0,293.415,-0.03131593373606134
293.74139956837234,0.0,293.88,0.02315037511532614
294.2069168418563,0.0,294.347,0.036222232102308904
294.67243411534025,0.0,294.813,0.04057947447876531
295.1379513888242,0.0,295.28,0.007899767082501175
295.60346866230816,0.0,295.745,-0.02260131912553498
296.0689859357921,0.0,296.209,-0.020422697937306777
296.53450320927607,0.0,296.675,0.07761655410909962
297.00002048276,0.0,297.136,0.031864859868238726
297.465537756244,0.0,297.605,-0.03131593373606134
297.93105502972793,0.0,298.069,0.02315037511532614
298.3965723032119,0.0,298.531,-0.026958561501991163
298.86208957669584,0.0,298.999,-0.03131593373606134
299.3276068501798,0.0,299.461,0.02315037511532614
299.7931241236637,0.0,299.927,-0.04438779072304433
300.25864139714764,0.0,300.391,-0.0160653257032366
300.7241586706316,0.0,300.856,-0.0160653257032366
301.18967594411555,0.0,301.321,0.018793002881255738
301.6551932175995,0.0,301.787,-0.03131593373606134
302.12071049108346,0.0,302.254,0.02315037511532614
302.5862277645674,0.0,302.719,-0.013886704515008397
303.05174503805137,0.0,303.184,-0.018244076749078575
303.5172623115353,0.0,303.649,0.02097162406948394
303.9827795850193,0.0,304.113,0.02315037511532614
304.4482968585032,0.0,304.575,0.02097162406948394
304.9138141319872,0.0,305.043,0.02315037511532614
305.37933140547113,0.0,305.505,0.051472710277520095
305.8448486789551,0.0,305.976,-0.002993468716253611
306.310365952439,0.0,306.439,0.02315037511532614
306.77588322592294,0.0,306.904,-0.02913731254783336
307.2414004994069,0.0,307.369,0.02315037511532614
307.70691777289085,0.0,307.835,0.02532899630355412
308.1724350463748,0.0,308.302,0.02315037511532614
308.63795231985875,0.0,308.76,-0.0008148475280254086
309.1034695933427,0.0,309.231,-0.02913731254783336
309.56898686682666,0.0,309.69,-0.033494554924289544
310.0345041403106,0.0,310.161,0.02315037511532614
310.50002141379457,0.0,310.627,0.02315037511532614
310.9655386872785,0.0,311.087,0.060187324888046456
311.4310559607625,0.0,311.557,0.16258381931090926
311.89657323424643,0.0,312.02,-0.03131593373606134
312.3620905077304,0.0,312.483,0.02315037511532614
312.8276077812143,0.0,312.948,-0.2557167729910683
313.29312505469824,0.0,313.411,0.02750761749178232
313.7586423281822,0.0,313.877,-0.009529462138551992
314.22415960166614,0.0,314.346,0.04929408908929189
314.6896768751501,0.0,314.811,0.02750761749178232
315.15519414863405,0.0,315.276,0.058008703699818476
315.620711422118,0.0,315.735,-0.03131593373606134
316.08622869560196,0.0,316.202,-0.026958561501991163
316.5517459690859,0.0,316.668,0.02315037511532614
317.01726324256987,0.0,317.136,0.02315037511532614
317.4827805160538,0.0,317.598,-0.03131593373606134
317.9482977895378,0.0,318.065,-0.03131593373606134
318.41381506302173,0.0,318.528,0.051472710277520095
318.8793323365057,0.0,318.991,-0.03131593373606134
319.3448496099896,0.0,319.461,-0.005172089904481814
319.81036688347353,0.0,319.927,0.02315037511532614
320.2758841569575,0.0,320.391,-0.020422697937306777
320.74140143044144,0.0,320.857,0.02750761749178232
321.2069187039254,0.0,321.317,0.02750761749178232
321.67243597740935,0.0,321.782,0.014435760504799555
322.1379532508933,0.0,322.246,0.007899767082501175
322.60347052437726,0.0,322.712,-0.03131593373606134
323.0689877978612,0.0,323.177,0.007899767082501175
323.53450507134517,0.0,323.642,0.018793002881255738
324.0000223448291,0.0,324.105,0.0340436109140807
324.4655396183131,0.0,324.575,-0.02260131912553498
324.931056891797,0.0,325.036,-0.020422697937306777
325.396574165281,0.0,325.506,0.018793002881255738
325.8620914387649,0.0,325.969,0.02750761749178232
326.32760871224883,0.0,326.431,0.014435760504799555
326.7931259857328,0.0,326.897,-0.026958561501991163
327.25864325921674,0.0,327.362,-0.009529462138551992
327.7241605327007,0.0,327.827,0.02315037511532614
328.18967780618465,0.0,328.291,0.02532899630355412
328.6551950796686,0.0,328.757,-0.026958561501991163
329.12071235315256,0.0,329.224,-0.02913731254783336
329.5862296266365,0.0,329.689,0.02315037511532614
330.05174690012046,0.0,330.15,0.02097162406948394
330.5172641736044,0.0,330.621,0.07108056068680124
330.98278144708837,0.0,331.083,0.014435760504799555
331.4482987205723,0.0,331.546,-0.011708083326780194
331.9138159940563,0.0,332.013,-0.0160653257032366
332.3793332675402,0.0,332.475,0.016614381693027758
332.84485054102413,0.0,332.941,-0.020422697937306777
333.3103678145081,0.0,333.411,-0.08578211272983505
333.77588508799204,0.0,333.87,-0.03131593373606134
334.241402361476,0.0,334.335,-0.02260131912553498
334.70691963495995,0.0,334.801,0.02315037511532614
335.1724369084439,0.0,335.265,0.06236594607627466
335.63795418192785,0.0,335.73,-0.02260131912553498
336.1034714554118,0.0,336.202,0.051472710277520095
336.56898872889576,0.0,336.66,0.02315037511532614
337.0345060023797,0.0,337.128,0.014435760504799555
337.50002327586367,0.0,337.59,-0.02477994031376296
337.9655405493476,0.0,338.058,-0.03131593373606134
338.4310578228316,0.0,338.521,0.018793002881255738
338.89657509631553,0.0,338.991,0.005721145894272972
339.3620923697994,0.0,339.454,-0.007350711092710016
339.8276096432834,0.0,339.919,0.005721145894272972
340.29312691676733,0.0,340.383,-0.013886704515008397
340.7586441902513,0.0,340.849,0.012257139316571353
341.22416146373524,0.0,341.313,0.02315037511532614
341.6896787372192,0.0,341.778,-0.020422697937306777
342.15519601070315,0.0,342.243,-0.0160653257032366
342.6207132841871,0.0,342.708,0.02532899630355412
343.08623055767106,0.0,343.173,0.02097162406948394
343.551747831155,0.0,343.639,-0.020422697937306777
344.01726510463897,0.0,344.102,0.018793002881255738
344.4827823781229,0.0,344.572,0.02315037511532614
344.9482996516069,0.0,345.035,-0.013886704515008397
345.4138169250908,0.0,345.498,0.02315037511532614
345.8793341985747,0.0,345.969,0.014435760504799555
346.3448514720587,0.0,346.431,-0.009529462138551992
346.81036874554263,0.0,346.897,0.02315037511532614
347.2758860190266,0.0,347.362,0.014435760504799555
347.74140329251054,0.0,347.82,-0.2622527664133667
348.2069205659945,0.0,348.292,-0.013886704515008397
348.67243783947845,0.0,348.75,0.02315037511532614
349.1379551129624,0.0,349.217,-0.002993468716253611
349.60347238644636,0.0,349.683,0.014435760504799555
350.0689896599303,0.0,350.146,0.02315037511532614
350.53450693341426,0.0,350.616,-0.02260131912553498
351.0000242068982,0.0,351.076,-0.040030548346587924
351.46554148038217,0.0,351.546,0.018793002881255738
351.9310587538661,0.0,352.009,0.029686238680010524
352.39657602735,0.0,352.472,-0.2666100087898229
352.862093300834,0.0,352.938,0.031864859868238726
353.32761057431793,0.0,353.4,0.02750761749178232
353.7931278478019,0.0,353.866,-0.009529462138551992
354.25864512128584,0.0,354.332,0.014435760504799555
354.7241623947698,0.0,354.797,-0.02913731254783336
355.18967966825375,0.0,355.261,-0.419115439830003
355.6551969417377,0.0,355.726,0.04929408908929189
356.12071421522165,0.0,356.191,0.06890193949857304
356.5862314887056,0.0,356.656,0.014435760504799555
357.05174876218956,0.0,357.124,0.005721145894272972
357.5172660356735,0.0,357.586,-0.03131593373606134
357.98278330915747,0.0,358.054,-0.617372565111044
358.4483005826414,0.0,358.517,-0.0160653257032366
358.9138178561253,0.0,358.98,0.02315037511532614
359.3793351296093,0.0,359.45,-0.04220916953481613
359.8448524030932,0.0,359.916,0.02315037511532614
360.3103696765772,0.0,360.379,0.02315037511532614
360.77588695006114,0.0,360.845,-0.02260131912553498
361.2414042235451,0.0,361.31,-0.040030548346587924
361.70692149702904,0.0,361.776,0.02315037511532614
362.172438770513,0.0,362.235,-0.020422697937306777
362.63795604399695,0.0,362.701,0.02097162406948394
363.1034733174809,0.0,363.165,0.02315037511532614
363.56899059096486,0.0,363.63,-0.05745964771002732
364.0345078644488,0.0,364.098,-0.03785179730074595
364.50002513793277,0.0,364.561,-0.02913731254783336
364.9655424114167,0.0,365.028,0.05583008251159027
365.4310596849006,0.0,365.491,-0.026958561501991163
365.89657695838457,0.0,365.958,-0.013886704515008397
366.3620942318685,0.0,366.422,0.0035425247060447695
366.8276115053525,0.0,366.888,-0.02260131912553498
367.29312877883643,0.0,367.354,0.02315037511532614
367.7586460523204,0.0,367.819,-0.02260131912553498
368.22416332580434,0.0,368.283,-0.03131593373606134
368.6896805992883,0.0,368.749,0.02097162406948394
369.15519787277225,0.0,369.214,0.018793002881255738
369.6207151462562,0.0,369.679,-0.02913731254783336
370.08623241974016,0.0,370.143,0.014435760504799555
370.5517496932241,0.0,370.605,-0.02260131912553498
371.01726696670806,0.0,371.073,-0.03131593373606134
371.482784240192,0.0,371.535,0.0013637736602027939
371.9483015136759,0.0,372.002,0.02315037511532614
372.41381878715987,0.0,372.465,-0.002993468716253611
372.8793360606438,0.0,372.931,0.02750761749178232
373.3448533341278,0.0,373.401,0.02315037511532614
373.81037060761173,0.0,373.867,0.007899767082501175
374.2758878810957,0.0,374.332,-0.018244076749078575
374.74140515457964,0.0,374.79,-0.02260131912553498
375.2069224280636,0.0,375.262,0.02315037511532614
375.67243970154755,0.0,375.72,0.018793002881255738
376.1379569750315,0.0,376.187,0.018793002881255738
376.60347424851545,0.0,376.653,-0.035673176112517746
377.0689915219994,0.0,377.121,-0.026958561501991163
377.53450879548336,0.0,377.583,0.02315037511532614
378.0000260689673,0.0,378.051,0.02097162406948394
378.4655433424512,0.0,378.513,-0.02913731254783336
378.93106061593517,0.0,378.976,0.010078388270729377
379.3965778894191,0.0,379.446,0.29548152979942177
379.8620951629031,0.0,379.911,0.02097162406948394
380.327612436387,0.0,380.376,0.02097162406948394
380.793129709871,0.0,380.842,-0.02477994031376296
381.25864698335494,0.0,381.306,0.005721145894272972
381.7241642568389,0.0,381.765,0.02097162406948394
382.18968153032284,0.0,382.232,0.02315037511532614
382.6551988038068,0.0,382.698,-0.040030548346587924
383.12071607729075,0.0,383.165,0.02315037511532614
383.5862333507747,0.0,383.63,-0.026958561501991163
384.05175062425866,0.0,384.091,-0.02260131912553498
384.5172678977426,0.0,384.561,0.02315037511532614
384.98278517122657,0.0,385.021,0.02315037511532614
385.44830244471046,0.0,385.491,-0.02260131912553498
385.9138197181944,0.0,385.957,0.0340436109140807
386.3793369916784,0.0,386.422,-0.04874516295711451
386.8448542651623,0.0,386.88,-0.033494554924289544
387.3103715386463,0.0,387.346,-0.002993468716253611
387.77588881213023,0.0,387.812,-0.020422697937306777
388.2414060856142,0.0,388.276,-0.03131593373606134
388.70692335909814,0.0,388.741,0.02315037511532614
389.1724406325821,0.0,389.206,0.0013637736602027939
389.63795790606605,0.0,389.672,-0.03131593373606134
390.10347517955,0.0,390.135,0.014435760504799555
390.56899245303396,0.0,390.605,0.02315037511532614
391.0345097265179,0.0,391.065,-0.007350711092710016
391.50002700000186,0.0,391.535,0.16258381931090926
391.96554427348576,0.0,391.995,0.02315037511532614
392.4310615469697,0.0,392.465,0.007899767082501175
392.89657882045367,0.0,392.93,0.02315037511532614
393.3620960939376,0.0,393.393,0.051472710277520095
393.8276133674216,0.0,393.859,-0.02260131912553498
394.29313064090553,0.0,394.324,-0.03131593373606134
394.7586479143895,0.0,394.79,0.018793002881255738
395.22416518787344,0.0,395.254,0.016614381693027758
395.6896824613574,0.0,395.72,-0.02913731254783336
396.15519973484135,0.0,396.18,0.02097162406948394
396.6207170083253,0.0,396.645,-0.02913731254783336
397.08623428180925,0.0,397.113,-0.0160653257032366
397.5517515552932,0.0,397.576,0.02097162406948394
398.01726882877716,0.0,398.047,0.02097162406948394
398.48278610226106,0.0,398.509,-0.02913731254783336
398.948303375745,0.0,398.977,-0.013886704515008397
399.41382064922897,0.0,399.439,0.02315037511532614
399.8793379227129,0.0,399.904,0.031864859868238726
400.3448551961969,0.0,400.369,-0.03131593373606134
400.81037246968083,0.0,400.835,0.02315037511532614
401.2758897431648,0.0,401.302,0.051472710277520095
401.74140701664874,0.0,401.76,0.018793002881255738
402.2069242901327,0.0,402.225,0.016614381693027758
402.67244156361664,0.0,402.691,-0.009529462138551992
403.1379588371006,0.0,403.165,-0.02260131912553498
403.60347611058455,0.0,403.624,0.02315037511532614
404.0689933840685,0.0,404.091,0.02315037511532614
404.53451065755246,0.0,404.554,-0.0160653257032366
405.00002793103636,0.0,405.018,0.02315037511532614
405.4655452045203,0.0,405.48,-0.020422697937306777
405.93106247800426,0.0,405.945,0.016614381693027758
406.3965797514882,0.0,406.415,-0.002993468716253611
406.8620970249722,0.0,406.881,0.02097162406948394
407.3276142984561,0.0,407.347,0.16040519812268106
407.7931315719401,0.0,407.805,0.02315037511532614
408.25864884542403,0.0,408.277,0.018793002881255738
408.724166118908,0.0,408.736,-0.0160653257032366
409.18968339239194,0.0,409.203,-0.06835288350878188
409.6552006658759,0.0,409.668,0.06890193949857304
410.12071793935985,0.0,410.131,-0.03131593373606134
410.5862352128438,0.0,410.601,0.014435760504799555
411.05175248632776,0.0,411.062,0.02315037511532614
411.51726975981165,0.0,411.532,-0.002993468716253611
411.9827870332956,0.0,411.995,-0.02260131912553498
412.44830430677956,0.0,412.457,0.005721145894272972
412.9138215802635,0.0,412.923,-0.7633420676577325
413.37933885374747,0.0,413.389,0.02097162406948394
413.8448561272314,0.0,413.855,-0.013886704515008397
414.3103734007154,0.0,414.32,-0.033494554924289544
414.77589067419933,0.0,414.786,0.012257139316571353
415.2414079476833,0.0,415.25,0.04057947447876531
415.70692522116724,0.0,415.716,-0.026958561501991163
416.1724424946512,0.0,416.176,-0.020422697937306777
416.63795976813515,0.0,416.642,0.02750761749178232
417.1034770416191,0.0,417.11,0.02315037511532614
417.56899431510305,0.0,417.571,0.02315037511532614
418.03451158858695,0.0,418.039,0.02315037511532614
418.5000288620709,0.0,418.502,-0.020422697937306777
418.96554613555486,0.0,418.965,-0.08578211272983505
419.4310634090388,0.0,419.435,0.02532899630355412
419.89658068252277,0.0,419.901,-0.026958561501991163
420.3620979560067,0.0,420.365,-0.02260131912553498
420.8276152294907,0.0,420.831,0.016614381693027758
421.29313250297463,0.0,421.29,-0.0160653257032366
421.7586497764586,0.0,421.756,-0.0008148475280254086
422.22416704994254,0.0,422.224,0.02315037511532614
422.6896843234265,0.0,422.69,-0.020422697937306777
423.15520159691044,0.0,423.15,0.018793002881255738
423.6207188703944,0.0,423.621,-0.02477994031376296
424.08623614387835,0.0,424.083,0.014435760504799555
424.55175341736225,0.0,424.546,0.1495119623239265
425.0172706908462,0.0,425.014,-0.03131593373606134
425.48278796433016,0.0,425.476,0.17129843392143584
425.9483052378141,0.0,425.941,-0.002993468716253611
426.41382251129806,0.0,426.412,0.014435760504799555
426.879339784782,0.0,426.87,0.02315037511532614
427.344857058266,0.0,427.339,-0.026958561501991163
427.8103743317499,0.0,427.805,0.018793002881255738
428.2758916052339,0.0,428.269,0.02097162406948394
428.74140887871783,0.0,428.736,0.014435760504799555
429.2069261522018,0.0,429.195,0.014435760504799555
429.67244342568574,0.0,429.66,0.005721145894272972
430.1379606991697,0.0,430.131,0.06890193949857304
430.60347797265365,0.0,430.593,0.010078388270729377
431.0689952461376,0.0,431.061,-0.6892679733258706
431.5345125196215,0.0,431.524,-0.02260131912553498
432.00002979310545,0.0,431.991,-0.0160653257032366
432.4655470665894,0.0,432.453,0.02315037511532614
432.93106434007336,0.0,432.919,-0.03131593373606134
433.3965816135573,0.0,433.383,-0.23828754377001515
433.86209888704127,0.0,433.848,-0.020422697937306777
434.3276161605252,0.0,434.313,-0.013886704515008397
434.7931334340092,0.0,434.778,0.02315037511532614
435.25865070749313,0.0,435.243,0.02315037511532614
435.7241679809771,0.0,435.708,-0.03131593373606134
436.18968525446104,0.0,436.172,-0.02913731254783336
436.655202527945,0.0,436.638,0.02315037511532614
437.12071980142895,0.0,437.106,0.02315037511532614
437.5862370749129,0.0,437.568,-0.03131593373606134
438.0517543483968,0.0,438.032,0.014435760504799555
438.51727162188075,0.0,438.495,0.05365146132336207
438.9827888953647,0.0,438.965,0.29548152979942177
439.44830616884866,0.0,439.428,0.031864859868238726
439.9138234423326,0.0,439.893,0.02097162406948394
440.37934071581657,0.0,440.358,-0.5432985357079891
440.8448579893005,0.0,440.824,0.018793002881255738
441.3103752627845,0.0,441.291,0.02315037511532614
441.77589253626843,0.0,441.756,-0.03131593373606134
442.2414098097524,0.0,442.222,0.014435760504799555
442.70692708323634,0.0,442.68,0.02097162406948394
443.1724443567203,0.0,443.15,0.014435760504799555
443.63796163020425,0.0,443.613,0.02315037511532614
444.1034789036882,0.0,444.081,-0.026958561501991163
444.5689961771721,0.0,444.543,0.02315037511532614
445.03451345065605,0.0,445.006,-0.02260131912553498
445.50003072414,0.0,445.475,0.02097162406948394
445.96554799762396,0.0,445.941,-0.02477994031376296
446.4310652711079,0.0,446.404,-0.04874516295711451
446.89658254459187,0.0,446.869,-0.03131593373606134
447.3620998180758,0.0,447.336,0.02315037511532614
447.8276170915598,0.0,447.801,-0.03131593373606134
448.2931343650437,0.0,448.261,0.02315037511532614
448.7586516385277,0.0,448.726,0.11247488269359196
449.22416891201163,0.0,449.191,-0.026958561501991163
449.6896861854956,0.0,449.657,0.014435760504799555
450.15520345897954,0.0,450.121,0.051472710277520095
450.6207207324635,0.0,450.59,-0.03131593373606134
451.0862380059474,0.0,451.054,0.010078388270729377
451.55175527943135,0.0,451.516,0.3499477087931955
452.0172725529153,0.0,451.98,-0.033494554924289544
452.48278982639926,0.0,452.45,0.0035425247060447695
452.9483070998832,0.0,452.916,0.02315037511532614
453.41382437336716,0.0,453.379,-0.02260131912553498
453.8793416468511,0.0,453.845,0.02315037511532614
454.34485892033507,0.0,454.31,-0.04656641191127253
454.810376193819,0.0,454.776,-0.009529462138551992
455.275893467303,0.0,455.235,0.031864859868238726
455.74141074078693,0.0,455.701,-0.026958561501991163
456.2069280142709,0.0,456.165,-0.013886704515008397
456.67244528775484,0.0,456.631,0.04493684671283549
457.1379625612388,0.0,457.098,0.005721145894272972
457.6034798347227,0.0,457.561,-0.02913731254783336
458.06899710820664,0.0,458.029,-0.02913731254783336
458.5345143816906,0.0,458.491,0.051472710277520095
459.00003165517455,0.0,458.958,-0.03131593373606134
459.4655489286585,0.0,459.422,0.042758225524607285
459.93106620214246,0.0,459.888,0.0013637736602027939
460.3965834756264,0.0,460.354,0.02315037511532614
460.86210074911037,0.0,460.82,0.02532899630355412
461.3276180225943,0.0,461.284,-0.07706749811930846
461.7931352960783,0.0,461.75,0.04929408908929189
462.25865256956223,0.0,462.217,-0.03131593373606134
462.7241698430462,0.0,462.675,0.018793002881255738
463.18968711653014,0.0,463.143,0.007899767082501175
463.6552043900141,0.0,463.606,-0.007350711092710016
464.120721663498,0.0,464.076,-0.03131593373606134
464.58623893698194,0.0,464.539,0.02315037511532614
465.0517562104659,0.0,465.002,-0.03131593373606134
465.51727348394985,0.0,465.465,0.02315037511532614
465.9827907574338,0.0,465.93,-0.020422697937306777
466.44830803091776,0.0,466.4,0.02315037511532614
466.9138253044017,0.0,466.866,-0.020422697937306777
467.37934257788567,0.0,467.331,-0.02260131912553498
467.8448598513696,0.0,467.79,-0.03131593373606134
468.3103771248536,0.0,468.262,-0.013886704515008397
468.7758943983375,0.0,468.72,0.6571373219193979
469.2414116718215,0.0,469.187,-0.020422697937306777
469.70692894530544,0.0,469.653,0.0035425247060447695
470.1724462187894,0.0,470.12,0.014435760504799555
470.6379634922733,0.0,470.582,-0.002993468716253611
471.10348076575724,0.0,471.046,-0.020422697937306777
471.5689980392412,0.0,471.516,0.014435760504799555
472.03451531272515,0.0,471.977,0.02315037511532614
472.5000325862091,0.0,472.446,-0.026958561501991163
472.96554985969306,0.0,472.905,-0.026958561501991163
473.431067133177,0.0,473.372,-0.013886704515008397
473.89658440666096,0.0,473.838,0.014435760504799555
474.3621016801449,0.0,474.303,-0.07924624916515066
474.82761895362887,0.0,474.768,0.16476257035675146
475.2931362271128,0.0,475.236,-0.02260131912553498
475.7586535005968,0.0,475.702,0.014435760504799555
476.22417077408073,0.0,476.166,-0.002993468716253611
476.6896880475647,0.0,476.632,0.16476257035675146
477.1552053210486,0.0,477.095,-0.04438779072304433
477.62072259453254,0.0,477.557,-0.02913731254783336
478.0862398680165,0.0,478.025,0.1364401053369435
478.55175714150045,0.0,478.487,0.012257139316571353
479.0172744149844,0.0,478.952,0.016614381693027758
479.48279168846835,0.0,479.417,-0.007350711092710016
479.9483089619523,0.0,479.882,0.02315037511532614
480.41382623543626,0.0,480.347,0.018793002881255738
480.8793435089202,0.0,480.813,-0.03131593373606134
481.34486078240417,0.0,481.28,-0.03131593373606134
481.8103780558881,0.0,481.746,0.04057947447876531
482.2758953293721,0.0,482.206,0.0013637736602027939
482.74141260285603,0.0,482.672,0.014435760504799555
483.20692987634,0.0,483.14,-0.061817019944097495
483.67244714982394,0.0,483.602,-0.02260131912553498
484.13796442330784,0.0,484.065,0.02315037511532614
484.6034816967918,0.0,484.534,0.02532899630355412
485.06899897027574,0.0,484.995,0.0013637736602027939
485.5345162437597,0.0,485.465,-0.03131593373606134
486.00003351724365,0.0,485.931,0.016614381693027758
486.4655507907276,0.0,486.394,-0.026958561501991163
486.93106806421156,0.0,486.86,0.02315037511532614
487.3965853376955,0.0,487.324,0.018793002881255738
487.86210261117947,0.0,487.789,-0.026958561501991163
488.3276198846634,0.0,488.253,-0.03131593373606134
488.7931371581474,0.0,488.719,0.0013637736602027939
489.2586544316313,0.0,489.184,0.014435760504799555
489.7241717051153,0.0,489.65,-0.02913731254783336
490.18968897859924,0.0,490.113,0.016614381693027758
490.65520625208313,0.0,490.575,-0.02477994031376296
491.1207235255671,0.0,491.046,-0.020422697937306777
491.58624079905104,0.0,491.509,0.04711546790106369
492.051758072535,0.0,491.97,0.02315037511532614
492.51727534601895,0.0,492.439,-0.03131593373606134
492.9827926195029,0.0,492.905,0.012257139316571353
493.44830989298686,0.0,493.37,-0.061817019944097495
493.9138271664708,0.0,493.836,0.029686238680010524
494.37934443995476,0.0,494.295,0.1364401053369435
494.8448617134387,0.0,494.761,-0.061817019944097495
495.3103789869227,0.0,495.228,-0.03131593373606134
495.7758962604066,0.0,495.694,0.02315037511532614
496.2414135338906,0.0,496.165,0.02315037511532614
496.70693080737453,0.0,496.623,-0.04220916953481613
497.17244808085843,0.0,497.091,-0.011708083326780194
497.6379653543424,0.0,497.553,0.018793002881255738
498.10348262782634,0.0,498.021,0.018793002881255738
498.5689999013103,0.0,498.483,-0.02260131912553498
499.03451717479425,0.0,498.949,0.018793002881255738
499.5000344482782,0.0,499.412,-0.02913731254783336
499.96555172176215,0.0,499.878,0.02315037511532614
500.4310689952461,0.0,500.343,0.018793002881255738
500.89658626873006,0.0,500.808,-0.026958561501991163
501.362103542214,0.0,501.276,-0.02477994031376296
501.82762081569797,0.0,501.742,0.014435760504799555
502.2931380891819,0.0,502.206,0.02315037511532614
502.7586553626659,0.0,502.665,0.02315037511532614
503.22417263614983,0.0,503.132,0.02315037511532614
503.6896899096337,0.0,503.601,0.031864859868238726
504.1552071831177,0.0,504.065,-0.013886704515008397
504.62072445660164,0.0,504.527,0.02315037511532614
505.0862417300856,0.0,504.991,-0.02260131912553498
505.55175900356954,0.0,505.461,-0.03131593373606134
506.0172762770535,0.0,505.926,0.014435760504799555
506.48279355053745,0.0,506.39,0.02315037511532614
506.9483108240214,0.0,506.856,0.018793002881255738
507.41382809750536,0.0,507.32,0.014435760504799555
507.8793453709893,0.0,507.786,0.005721145894272972
508.34486264447327,0.0,508.25,-0.013886704515008397
508.8103799179572,0.0,508.716,-0.0008148475280254086
509.2758971914412,0.0,509.18,0.031864859868238726
509.7414144649251,0.0,509.645,-0.03131593373606134
510.206931738409,0.0,510.106,-0.02260131912553498
510.672449011893,0.0,510.576,0.018793002881255738
511.13796628537693,0.0,511.039,-0.026958561501991163
511.6034835588609,0.0,511.501,0.02315037511532614
512.0690008323448,0.0,511.965,0.02532899630355412
512.5345181058289,0.0,512.435,-0.013886704515008397
513.0000353793127,0.0,512.9,0.02097162406948394
513.4655526527966,0.0,513.36,-0.020422697937306777
513.9310699262807,0.0,513.825,0.018793002881255738
514.3965871997646,0.0,514.291,0.02315037511532614
514.8621044732486,0.0,514.756,-0.02477994031376296
515.3276217467325,0.0,515.221,0.007899767082501175
515.7931390202165,0.0,515.687,-0.005172089904481814
516.2586562937004,0.0,516.15,-0.02260131912553498
516.7241735671844,0.0,516.62,0.02315037511532614
517.1896908406683,0.0,517.083,-0.02260131912553498
517.6552081141523,0.0,517.546,0.016614381693027758
518.1207253876362,0.0,518.017,0.014435760504799555
518.5862426611202,0.0,518.479,-0.026958561501991163
519.0517599346041,0.0,518.945,0.0013637736602027939
519.5172772080881,0.0,519.408,-0.026958561501991163
519.982794481572,0.0,519.874,0.014435760504799555
520.4483117550559,0.0,520.339,0.005721145894272972
520.9138290285399,0.0,520.805,-0.02260131912553498
521.3793463020238,0.0,521.268,-0.013886704515008397
521.8448635755078,0.0,521.734,0.02315037511532614
522.3103808489917,0.0,522.198,0.014435760504799555
522.7758981224757,0.0,522.664,-0.03131593373606134
523.2414153959596,0.0,523.132,-0.035673176112517746
523.7069326694436,0.0,523.594,0.02315037511532614
524.1724499429275,0.0,524.057,-0.02260131912553498
524.6379672164115,0.0,524.52,0.02315037511532614
525.1034844898954,0.0,524.991,0.02315037511532614
525.5690017633794,0.0,525.453,-0.03131593373606134
526.0345190368633,0.0,525.919,0.02315037511532614
526.5000363103474,0.0,526.383,0.014435760504799555
526.9655535838313,0.0,526.848,-0.02477994031376296
527.4310708573151,0.0,527.313,-0.020422697937306777
527.8965881307992,0.0,527.779,0.02315037511532614
528.362105404283,0.0,528.243,0.02315037511532614
528.8276226777671,0.0,528.709,-0.03131593373606134
529.293139951251,0.0,529.176,0.46759481124888325
529.758657224735,0.0,529.635,-0.02913731254783336
530.2241744982189,0.0,530.106,-0.02260131912553498
530.6896917717029,0.0,530.568,0.02315037511532614
531.1552090451868,0.0,531.036,0.02315037511532614
531.6207263186708,0.0,531.498,-0.02260131912553498
532.0862435921547,0.0,531.969,-0.020422697937306777
532.5517608656387,0.0,532.431,0.02097162406948394
533.0172781391226,0.0,532.89,0.02315037511532614
533.4827954126065,0.0,533.357,0.02315037511532614
533.9483126860905,0.0,533.823,-0.07924624916515066
534.4138299595744,0.0,534.287,-0.02913731254783336
534.8793472330584,0.0,534.753,0.0340436109140807
535.3448645065423,0.0,535.217,0.010078388270729377
535.8103817800263,0.0,535.682,-0.020422697937306777
536.2758990535102,0.0,536.15,0.051472710277520095
536.7414163269942,0.0,536.613,0.016614381693027758
537.2069336004781,0.0,537.076,-0.002993468716253611
537.6724508739621,0.0,537.546,0.17565580615550602
538.137968147446,0.0,538.006,0.014435760504799555
538.60348542093,0.0,538.475,-0.02260131912553498
539.0690026944139,0.0,538.941,0.014435760504799555
539.534519967898,0.0,539.404,-0.02260131912553498
540.0000372413818,0.0,539.869,0.02315037511532614
540.4655545148657,0.0,540.336,-0.020422697937306777
540.9310717883498,0.0,540.801,0.02097162406948394
541.3965890618337,0.0,541.261,-0.02260131912553498
541.8621063353177,0.0,541.727,0.02315037511532614
542.3276236088016,0.0,542.191,0.02315037511532614
542.7931408822856,0.0,542.657,-0.02477994031376296
543.2586581557695,0.0,543.125,0.005721145894272972
543.7241754292535,0.0,543.587,0.02315037511532614
544.1896927027374,0.0,544.05,-0.06835288350878188
544.6552099762214,0.0,544.52,-0.03131593373606134
545.1207272497053,0.0,544.98,0.02315037511532614
545.5862445231893,0.0,545.45,0.02750761749178232
546.0517617966732,0.0,545.916,-0.02913731254783336
546.5172790701571,0.0,546.38,0.02315037511532614
546.9827963436411,0.0,546.845,-0.013886704515008397
547.448313617125,0.0,547.309,-0.026958561501991163
547.913830890609,0.0,547.775,0.02097162406948394
548.3793481640929,0.0,548.24,0.012257139316571353
548.8448654375769,0.0,548.705,-0.020422697937306777
549.3103827110608,0.0,549.165,0.018793002881255738
549.7758999845448,0.0,549.631,-0.026958561501991163
550.2414172580287,0.0,550.099,-0.02477994031376296
550.7069345315127,0.0,550.561,-0.03131593373606134
551.1724518049966,0.0,551.032,0.016614381693027758
551.6379690784806,0.0,551.495,0.04929408908929189
552.1034863519645,0.0,551.965,-0.061817019944097495
552.5690036254485,0.0,552.42,0.031864859868238726
553.0345208989324,0.0,552.886,-0.03131593373606134
553.5000381724163,0.0,553.351,-0.026958561501991163
553.9655554459003,0.0,553.816,0.005721145894272972
554.4310727193842,0.0,554.284,0.0340436109140807
554.8965899928683,0.0,554.75,-0.055281026521799115
555.3621072663522,0.0,555.216,0.010078388270729377
555.8276245398362,0.0,555.682,-0.02477994031376296
556.2931418133201,0.0,556.143,-0.03131593373606134
556.7586590868041,0.0,556.605,-0.2622527664133667
557.224176360288,0.0,557.073,0.02315037511532614
557.689693633772,0.0,557.535,0.02315037511532614
558.1552109072559,0.0,558.006,0.04929408908929189
558.6207281807399,0.0,558.468,0.02315037511532614
559.0862454542238,0.0,558.934,0.02097162406948394
559.5517627277077,0.0,559.397,-0.02260131912553498
560.0172800011917,0.0,559.863,0.016614381693027758
560.4827972746756,0.0,560.328,-0.026958561501991163
560.9483145481596,0.0,560.793,0.018793002881255738
561.4138318216435,0.0,561.261,-0.0008148475280254086
561.8793490951275,0.0,561.72,0.005721145894272972
562.3448663686114,0.0,562.192,-0.0160653257032366
562.8103836420954,0.0,562.65,0.02315037511532614
563.2759009155793,0.0,563.12,-0.026958561501991163
563.7414181890633,0.0,563.583,0.02315037511532614
564.2069354625472,0.0,564.051,0.0013637736602027939
564.6724527360312,0.0,564.513,-0.020422697937306777
565.1379700095151,0.0,564.976,-0.05963839875586929
565.6034872829991,0.0,565.446,0.02315037511532614
566.069004556483,0.0,565.912,-0.03131593373606134
566.5345218299669,0.0,566.376,-0.026958561501991163
567.000039103451,0.0,566.842,0.02315037511532614
567.4655563769348,0.0,567.306,0.02097162406948394
567.9310736504189,0.0,567.765,0.02315037511532614
568.3965909239027,0.0,568.232,0.018793002881255738
568.8621081973868,0.0,568.697,-0.03131593373606134
569.3276254708707,0.0,569.161,-0.02913731254783336
569.7931427443547,0.0,569.627,0.02315037511532614
570.2586600178386,0.0,570.095,0.02315037511532614
570.7241772913226,0.0,570.557,0.014435760504799555
571.1896945648065,0.0,571.02,0.029686238680010524
571.6552118382905,0.0,571.491,0.02532899630355412
572.1207291117744,0.0,571.957,0.02315037511532614
572.5862463852583,0.0,572.421,-0.026958561501991163
573.0517636587423,0.0,572.88,-0.2121438297960494
573.5172809322262,0.0,573.347,-0.04874516295711451
573.9827982057102,0.0,573.812,0.02315037511532614
574.4483154791941,0.0,574.277,0.05583008251159027
574.9138327526781,0.0,574.742,-0.02913731254783336
575.379350026162,0.0,575.209,0.02097162406948394
575.844867299646,0.0,575.675,0.06236594607627466
576.3103845731299,0.0,576.139,-0.013886704515008397
576.7759018466139,0.0,576.601,0.02315037511532614
577.2414191200978,0.0,577.069,0.02097162406948394
577.7069363935818,0.0,577.532,-0.02260131912553498
578.1724536670657,0.0,577.995,0.02315037511532614
578.6379709405497,0.0,578.465,0.005721145894272972
579.1034882140336,0.0,578.931,-0.026958561501991163
579.5690054875175,0.0,579.394,0.005721145894272972
580.0345227610015,0.0,579.86,0.07979517529732782
580.5000400344854,0.0,580.325,0.02315037511532614
580.9655573079694,0.0,580.79,-0.03131593373606134
581.4310745814533,0.0,581.25,0.02315037511532614
581.8965918549374,0.0,581.715,-0.510618698454111
582.3621091284213,0.0,582.18,-0.14678428514590713
582.8276264019053,0.0,582.646,0.036222232102308904
583.2931436753892,0.0,583.113,0.02315037511532614
583.7586609488732,0.0,583.576,-0.03131593373606134
584.2241782223571,0.0,584.046,0.4109498812092678
584.6896954958411,0.0,584.509,0.09286703228431081
585.155212769325,0.0,584.972,-0.02913731254783336
585.620730042809,0.0,585.435,0.02532899630355412
586.0862473162929,0.0,585.901,-0.02260131912553498
586.5517645897768,0.0,586.366,-0.02260131912553498
587.0172818632608,0.0,586.831,0.018793002881255738
587.4827991367447,0.0,587.298,-0.002993468716253611
587.9483164102287,0.0,587.764,-0.02260131912553498
588.4138336837126,0.0,588.231,0.010078388270729377
588.8793509571966,0.0,588.69,-0.02260131912553498
589.3448682306805,0.0,589.161,0.0013637736602027939
589.8103855041645,0.0,589.62,0.02097162406948394
590.2759027776484,0.0,590.087,0.018793002881255738
590.7414200511324,0.0,590.55,-0.020422697937306777
591.2069373246163,0.0,591.02,-0.02913731254783336
591.6724545981003,0.0,591.483,0.02315037511532614
592.1379718715842,0.0,591.949,-0.033494554924289544
592.6034891450681,0.0,592.412,0.029686238680010524
593.0690064185521,0.0,592.878,-0.02260131912553498
593.534523692036,0.0,593.343,-0.013886704515008397
594.00004096552,0.0,593.808,0.016614381693027758
594.4655582390039,0.0,594.276,0.016614381693027758
594.931075512488,0.0,594.742,-0.013886704515008397
595.3965927859718,0.0,595.206,0.07761655410909962
595.8621100594559,0.0,595.665,0.02315037511532614
596.3276273329398,0.0,596.135,0.029686238680010524
596.7931446064238,0.0,596.598,-0.018244076749078575
597.2586618799077,0.0,597.065,0.031864859868238726
597.7241791533917,0.0,597.527,-0.013886704515008397
598.1896964268756,0.0,597.991,-0.03131593373606134
598.6552137003596,0.0,598.461,-0.7633420676577325
599.1207309738435,0.0,598.927,-0.02260131912553498
599.5862482473274,0.0,599.391,-0.02260131912553498
600.0517655208114,0.0,599.856,0.05583008251159027
600.5172827942953,0.0,600.32,0.02532899630355412
600.9828000677793,0.0,600.786,-0.03131593373606134
601.4483173412632,0.0,601.246,0.02315037511532614
601.9138346147472,0.0,601.712,-0.02477994031376296
602.3793518882311,0.0,602.177,-0.013886704515008397
602.8448691617151,0.0,602.643,0.010078388270729377
603.310386435199,0.0,603.106,0.02315037511532614
603.775903708683,0.0,603.576,-0.02260131912553498
604.2414209821669,0.0,604.039,-0.005172089904481814
604.7069382556509,0.0,604.502,0.018793002881255738
605.1724555291348,0.0,604.965,-0.03131593373606134
605.6379728026187,0.0,605.435,-0.020422697937306777
606.1034900761027,0.0,605.901,0.014435760504799555
606.5690073495866,0.0,606.36,0.02315037511532614
607.0345246230706,0.0,606.825,-0.03131593373606134
607.5000418965545,0.0,607.294,0.02315037511532614
607.9655591700385,0.0,607.76,-0.03131593373606134
608.4310764435224,0.0,608.225,-0.0008148475280254086
608.8965937170065,0.0,608.691,-0.29057523143317443
609.3621109904904,0.0,609.154,0.02097162406948394
609.8276282639744,0.0,609.616,0.018793002881255738
610.2931455374583,0.0,610.084,0.005721145894272972
610.7586628109423,0.0,610.546,0.018793002881255738
611.2241800844262,0.0,611.017,-0.0160653257032366
611.6896973579102,0.0,611.479,0.02315037511532614
612.1552146313941,0.0,611.945,-0.013886704515008397
612.620731904878,0.0,612.408,0.02097162406948394
613.086249178362,0.0,612.874,-0.009529462138551992
613.5517664518459,0.0,613.339,0.04057947447876531
614.0172837253299,0.0,613.805,-0.013886704515008397
614.4828009988138,0.0,614.268,0.02315037511532614
614.9483182722978,0.0,614.734,-0.02260131912553498
615.4138355457817,0.0,615.198,-0.013886704515008397
615.8793528192657,0.0,615.664,0.018793002881255738
616.3448700927496,0.0,616.125,0.014435760504799555
616.8103873662336,0.0,616.595,0.051472710277520095
617.2759046397175,0.0,617.058,0.3107320079746332
617.7414219132015,0.0,617.52,0.051472710277520095
618.2069391866854,0.0,617.991,-0.04438779072304433
618.6724564601693,0.0,618.453,-0.03131593373606134
619.1379737336533,0.0,618.92,0.02315037511532614
619.6034910071372,0.0,619.383,-0.013886704515008397
620.0690082806212,0.0,619.849,0.02097162406948394
620.5345255541051,0.0,620.314,0.02315037511532614
621.0000428275891,0.0,620.779,-0.02913731254783336
621.465560101073,0.0,621.246,-0.02260131912553498
621.931077374557,0.0,621.705,-0.0160653257032366
622.396594648041,0.0,622.17,0.02097162406948394
622.862111921525,0.0,622.635,-0.03131593373606134
623.3276291950089,0.0,623.106,-0.15549889975643372
623.7931464684929,0.0,623.568,-0.05092378414534271
624.2586637419768,0.0,624.036,0.12772549072641692
624.7241810154608,0.0,624.498,0.0013637736602027939
625.1896982889447,0.0,624.969,0.018793002881255738
625.6552155624286,0.0,625.431,-0.0160653257032366
626.1207328359126,0.0,625.897,-0.009529462138551992
626.5862501093965,0.0,626.362,0.02097162406948394
627.0517673828805,0.0,626.82,-0.02260131912553498
627.5172846563644,0.0,627.287,0.005721145894272972
627.9828019298484,0.0,627.753,-0.020422697937306777
628.4483192033323,0.0,628.218,-0.040030548346587924
628.9138364768163,0.0,628.683,0.05365146132336207
629.3793537503002,0.0,629.146,0.018793002881255738
629.8448710237842,0.0,629.616,-0.013886704515008397
630.3103882972681,0.0,630.076,-0.02260131912553498
630.7759055707521,0.0,630.546,0.058008703699818476
631.241422844236,0.0,631.009,-0.026958561501991163
631.70694011772,0.0,631.472,0.029686238680010524
632.1724573912039,0.0,631.938,0.005721145894272972
632.6379746646878,0.0,632.401,-0.007350711092710016
633.1034919381718,0.0,632.867,0.06890193949857304
633.5690092116557,0.0,633.331,0.014435760504799555
634.0345264851397,0.0,633.797,-0.1598562719905039
634.5000437586236,0.0,634.261,0.02315037511532614
634.9655610321076,0.0,634.727,0.07979517529732782
635.4310783055915,0.0,635.192,0.02315037511532614
635.8965955790756,0.0,635.657,0.012257139316571353
636.3621128525594,0.0,636.12,0.02750761749178232
636.8276301260435,0.0,636.59,-0.02477994031376296
637.2931473995274,0.0,637.05,-0.03131593373606134
637.7586646730114,0.0,637.52,0.02315037511532614
638.2241819464953,0.0,637.98,0.02315037511532614
638.6896992199792,0.0,638.45,0.029686238680010524
639.1552164934632,0.0,638.916,0.02315037511532614
639.6207337669471,0.0,639.379,-0.020422697937306777
640.0862510404311,0.0,639.845,0.02315037511532614
640.551768313915,0.0,640.309,-0.19035735819853983
641.017285587399,0.0,640.775,0.005721145894272972
641.4828028608829,0.0,641.24,0.04711546790106369
641.9483201343669,0.0,641.706,-0.06835288350878188
642.4138374078508,0.0,642.165,-0.02260131912553498
642.8793546813348,0.0,642.63,0.02097162406948394
643.3448719548187,0.0,643.098,0.029686238680010524
643.8103892283027,0.0,643.561,0.02315037511532614
644.2759065017866,0.0,644.028,0.031864859868238726
644.7414237752706,0.0,644.49,0.02750761749178232
645.2069410487545,0.0,644.956,-0.0160653257032366
645.6724583222384,0.0,645.422,0.0340436109140807
646.1379755957224,0.0,645.888,-0.009529462138551992
646.6034928692063,0.0,646.354,0.014435760504799555
647.0690101426903,0.0,646.819,-0.03131593373606134
647.5345274161742,0.0,647.284,-0.02913731254783336
648.0000446896582,0.0,647.75,0.02315037511532614
648.4655619631421,0.0,648.21,-0.026958561501991163
648.9310792366261,0.0,648.675,0.02097162406948394
649.39659651011,0.0,649.146,0.02315037511532614
649.862113783594,0.0,649.608,-0.02913731254783336
650.327631057078,0.0,650.076,-0.02260131912553498
650.793148330562,0.0,650.539,0.018793002881255738
651.2586656040459,0.0,651.002,0.02315037511532614
651.7241828775298,0.0,651.465,0.02315037511532614
652.1897001510138,0.0,651.93,-0.02260131912553498
652.6552174244977,0.0,652.401,-0.020422697937306777
653.1207346979817,0.0,652.867,0.02315037511532614
653.5862519714656,0.0,653.331,0.07761655410909962
654.0517692449496,0.0,653.79,-0.035673176112517746
654.5172865184335,0.0,654.261,-0.013886704515008397
654.9828037919175,0.0,654.727,0.014435760504799555
655.4483210654014,0.0,655.191,0.007899767082501175
655.9138383388854,0.0,655.657,-0.026958561501991163
656.3793556123693,0.0,656.117,0.014435760504799555
656.8448728858533,0.0,656.586,0.018793002881255738
657.3103901593372,0.0,657.047,-0.011708083326780194
657.7759074328212,0.0,657.517,-0.026958561501991163
658.2414247063051,0.0,657.98,0.02750761749178232
658.706941979789,0.0,658.442,-0.03131593373606134
659.172459253273,0.0,658.909,0.005721145894272972
659.6379765267569,0.0,659.376,-0.005172089904481814
660.1034938002409,0.0,659.842,-0.02913731254783336
660.5690110737248,0.0,660.306,-0.02260131912553498
661.0345283472088,0.0,660.772,0.014435760504799555
661.5000456206927,0.0,661.231,-0.020422697937306777
661.9655628941767,0.0,661.697,0.02315037511532614
662.4310801676606,0.0,662.162,0.012257139316571353
662.8965974411446,0.0,662.628,-0.040030548346587924
663.3621147146285,0.0,663.091,0.02532899630355412
663.8276319881126,0.0,663.561,-0.005172089904481814
664.2931492615965,0.0,664.024,0.02315037511532614
664.7586665350804,0.0,664.487,-0.06835288350878188
665.2241838085644,0.0,664.952,0.014435760504799555
665.6897010820483,0.0,665.416,-0.03131593373606134
666.1552183555323,0.0,665.882,0.007899767082501175
666.6207356290162,0.0,666.346,0.005721145894272972
667.0862529025002,0.0,666.812,-0.002993468716253611
667.5517701759841,0.0,667.276,-0.03131593373606134
668.0172874494681,0.0,667.742,0.051472710277520095
668.482804722952,0.0,668.207,0.018793002881255738
668.948321996436,0.0,668.672,0.005721145894272972
669.4138392699199,0.0,669.135,0.018793002881255738
669.8793565434039,0.0,669.605,0.007899767082501175
670.3448738168878,0.0,670.065,0.005721145894272972
670.8103910903718,0.0,670.535,0.2540870779350173
671.2759083638557,0.0,670.998,0.018793002881255738
671.7414256373396,0.0,671.461,-0.020422697937306777
672.2069429108236,0.0,671.927,0.02315037511532614
672.6724601843075,0.0,672.39,0.04929408908929189
673.1379774577915,0.0,672.856,0.014435760504799555
673.6034947312754,0.0,673.32,0.02097162406948394
674.0690120047594,0.0,673.786,-0.026958561501991163
674.5345292782433,0.0,674.251,0.0340436109140807
675.0000465517273,0.0,674.717,-0.2012505939972946
675.4655638252112,0.0,675.184,0.02315037511532614
675.9310810986952,0.0,675.649,-0.02477994031376296
676.3965983721791,0.0,676.11,-0.02913731254783336
676.8621156456632,0.0,676.58,-0.43436604786282795
677.327632919147,0.0,677.043,0.014435760504799555
677.7931501926311,0.0,677.505,0.014435760504799555
678.258667466115,0.0,677.976,-0.20342921518552282
678.7241847395989,0.0,678.439,0.11683225492766214
679.1897020130829,0.0,678.904,0.04057947447876531
679.6552192865668,0.0,679.37,-0.020422697937306777
680.1207365600508,0.0,679.835,0.03840085329053711
680.5862538335347,0.0,680.295,-0.011708083326780194
681.0517711070187,0.0,680.76,-0.02913731254783336
681.5172883805026,0.0,681.231,0.018793002881255738
681.9828056539866,0.0,681.697,-0.3297908023941232
682.4483229274705,0.0,682.162,-0.013886704515008397
682.9138402009545,0.0,682.621,0.007899767082501175
683.3793574744384,0.0,683.091,-0.0160653257032366
683.8448747479224,0.0,683.553,0.014435760504799555
684.3103920214063,0.0,684.021,0.02097162406948394
684.7759092948902,0.0,684.483,-0.02913731254783336
685.2414265683742,0.0,684.949,0.02315037511532614
685.7069438418581,0.0,685.413,0.016614381693027758
686.1724611153421,0.0,685.878,-0.005172089904481814
686.637978388826,0.0,686.343,-0.02913731254783336
687.10349566231,0.0,686.809,0.02315037511532614
687.5690129357939,0.0,687.276,-0.020422697937306777
688.0345302092779,0.0,687.741,0.016614381693027758
688.5000474827618,0.0,688.202,0.02315037511532614
688.9655647562458,0.0,688.667,0.26062307135731566
689.4310820297297,0.0,689.135,-0.02260131912553498
689.8965993032137,0.0,689.598,0.02315037511532614
690.3621165766976,0.0,690.065,0.06890193949857304
690.8276338501817,0.0,690.527,0.02097162406948394
691.2931511236656,0.0,690.995,-0.04874516295711451
691.7586683971494,0.0,691.457,-0.0160653257032366
692.2241856706335,0.0,691.923,0.018793002881255738
692.6897029441174,0.0,692.39,0.02315037511532614
693.1552202176014,0.0,692.855,0.016614381693027758
693.6207374910853,0.0,693.32,-0.007350711092710016
694.0862547645693,0.0,693.786,0.02097162406948394
694.5517720380532,0.0,694.251,0.014435760504799555
695.0172893115372,0.0,694.71,-0.03131593373606134
695.4828065850211,0.0,695.177,-0.02260131912553498
695.9483238585051,0.0,695.642,-0.005172089904481814
696.413841131989,0.0,696.105,-0.02913731254783336
696.879358405473,0.0,696.576,0.02315037511532614
697.3448756789569,0.0,697.036,0.02315037511532614
697.8103929524408,0.0,697.505,-0.03131593373606134
698.2759102259248,0.0,697.969,-0.04220916953481613
698.7414274994087,0.0,698.431,0.02750761749178232
699.2069447728927,0.0,698.897,0.02315037511532614
699.6724620463766,0.0,699.361,0.02315037511532614
700.1379793198606,0.0,699.826,-0.02260131912553498
700.6034965933445,0.0,700.29,-0.03131593373606134
701.0690138668285,0.0,700.756,0.02315037511532614
701.5345311403124,0.0,701.221,0.007899767082501175
702.0000484137964,0.0,701.687,-0.026958561501991163
702.4655656872803,0.0,702.15,0.051472710277520095
702.9310829607643,0.0,702.621,0.02097162406948394
703.3966002342482,0.0,703.084,0.05365146132336207
703.8621175077323,0.0,703.546,0.02315037511532614
704.3276347812161,0.0,704.014,-0.4539738982721091
704.7931520547,0.0,704.476,0.0013637736602027939
705.258669328184,0.0,704.942,0.02315037511532614
705.724186601668,0.0,705.411,0.02315037511532614
706.189703875152,0.0,705.87,0.04929408908929189
706.6552211486359,0.0,706.335,-0.04874516295711451
707.1207384221199,0.0,706.801,0.02315037511532614
707.5862556956038,0.0,707.265,0.016614381693027758
708.0517729690878,0.0,707.731,-0.02260131912553498
708.5172902425717,0.0,708.199,-0.3559346462257027
708.9828075160557,0.0,708.664,-0.013886704515008397
709.4483247895396,0.0,709.131,-0.002993468716253611
709.9138420630236,0.0,709.594,0.02315037511532614
710.3793593365075,0.0,710.061,-0.005172089904481814
710.8448766099914,0.0,710.524,-0.0160653257032366
711.3103938834754,0.0,710.987,0.014435760504799555
711.7759111569593,0.0,711.45,-0.020422697937306777
712.2414284304433,0.0,711.915,0.018793002881255738
712.7069457039272,0.0,712.38,-0.03131593373606134
713.1724629774112,0.0,712.846,-0.013886704515008397
713.6379802508951,0.0,713.313,-0.040030548346587924
714.1034975243791,0.0,713.778,0.02315037511532614
714.569014797863,0.0,714.243,0.029686238680010524
715.034532071347,0.0,714.709,-0.03785179730074595
715.5000493448309,0.0,715.173,-0.026958561501991163
715.9655666183149,0.0,715.64,-0.002993468716253611
716.4310838917988,0.0,716.102,0.09068841109608261
716.8966011652828,0.0,716.572,-0.03131593373606134
717.3621184387667,0.0,717.035,0.02315037511532614
717.8276357122506,0.0,717.498,-0.013886704515008397
718.2931529857347,0.0,717.969,-0.6260871797215706
718.7586702592185,0.0,718.431,0.02315037511532614
719.2241875327026,0.0,718.897,-0.02260131912553498
719.6897048061865,0.0,719.355,-0.0160653257032366
720.1552220796705,0.0,719.82,0.02315037511532614
720.6207393531544,0.0,720.287,-0.005172089904481814
721.0862566266384,0.0,720.753,0.41530712358572375
721.5517739001223,0.0,721.218,-0.03131593373606134
722.0172911736063,0.0,721.683,0.042758225524607285
722.4828084470902,0.0,722.146,-0.03131593373606134
722.9483257205742,0.0,722.616,0.02097162406948394
723.4138429940581,0.0,723.08,0.029686238680010524
723.8793602675421,0.0,723.542,-0.02260131912553498
724.344877541026,0.0,724.006,0.014435760504799555
724.8103948145099,0.0,724.476,0.014435760504799555
725.2759120879939,0.0,724.941,-0.033494554924289544
725.7414293614778,0.0,725.404,0.02315037511532614
726.2069466349618,0.0,725.87,0.3608409445919505
726.6724639084457,0.0,726.331,-0.033494554924289544
727.1379811819297,0.0,726.797,0.02097162406948394
727.6034984554136,0.0,727.261,0.0340436109140807
728.0690157288976,0.0,727.727,-0.009529462138551992
728.5345330023815,0.0,728.191,0.0013637736602027939
729.0000502758655,0.0,728.657,0.15604795574622488
729.4655675493494,0.0,729.124,0.02097162406948394
729.9310848228334,0.0,729.587,0.018793002881255738
730.3966020963173,0.0,730.05,0.02315037511532614
730.8621193698012,0.0,730.52,-0.12064057117194138
731.3276366432852,0.0,730.983,-0.026958561501991163
731.7931539167691,0.0,731.446,0.02097162406948394
732.2586711902532,0.0,731.912,-0.03131593373606134
732.724188463737,0.0,732.38,-0.020422697937306777
733.1897057372211,0.0,732.845,0.02315037511532614
733.655223010705,0.0,733.31,0.0013637736602027939
734.120740284189,0.0,733.776,-0.08796073391806325
734.5862575576729,0.0,734.235,0.02315037511532614
735.0517748311569,0.0,734.701,-0.02913731254783336
735.5172921046408,0.0,735.166,-0.02260131912553498
735.9828093781248,0.0,735.631,0.02097162406948394
736.4483266516087,0.0,736.102,0.016614381693027758
736.9138439250927,0.0,736.565,-0.03131593373606134
737.3793611985766,0.0,737.028,0.014435760504799555
737.8448784720605,0.0,737.49,-0.013886704515008397
738.3103957455445,0.0,737.956,0.02315037511532614
738.7759130190284,0.0,738.421,-0.03131593373606134
739.2414302925124,0.0,738.887,0.036222232102308904
739.7069475659963,0.0,739.354,-0.020422697937306777
740.1724648394803,0.0,739.819,0.014435760504799555
740.6379821129642,0.0,740.283,0.0340436109140807
741.1034993864482,0.0,740.749,-0.04874516295711451
741.5690166599321,0.0,741.213,-0.007350711092710016
742.0345339334161,0.0,741.679,0.09722440451838099
742.5000512069,0.0,742.147,0.029686238680010524
742.965568480384,0.0,742.609,0.051472710277520095
743.4310857538679,0.0,743.072,0.02532899630355412
743.8966030273518,0.0,743.535,-0.02913731254783336
744.3621203008358,0.0,744.006,-0.02260131912553498
744.8276375743197,0.0,744.468,0.014435760504799555
745.2931548478037,0.0,744.934,-0.03131593373606134
745.7586721212876,0.0,745.397,0.02097162406948394
746.2241893947717,0.0,745.863,-0.0160653257032366
746.6897066682556,0.0,746.328,0.014435760504799555
747.1552239417396,0.0,746.794,-0.02260131912553498
747.6207412152235,0.0,747.261,0.012257139316571353
748.0862584887075,0.0,747.726,-0.013886704515008397
748.5517757621914,0.0,748.191,-0.02477994031376296
749.0172930356754,0.0,748.657,0.02097162406948394
749.4828103091593,0.0,749.12,0.029686238680010524
749.9483275826433,0.0,749.583,-0.04874516295711451
750.4138448561272,0.0,750.05,-0.03131593373606134
750.8793621296111,0.0,750.513,0.02315037511532614
751.3448794030951,0.0,750.976,-0.026958561501991163
751.810396676579,0.0,751.446,-0.02260131912553498
752.275913950063,0.0,751.905,-0.02913731254783336
752.7414312235469,0.0,752.377,0.02097162406948394
753.2069484970309,0.0,752.835,0.02097162406948394
753.6724657705148,0.0,753.302,0.02315037511532614
754.1379830439988,0.0,753.768,-0.013886704515008397
754.6035003174827,0.0,754.231,0.018793002881255738
755.0690175909667,0.0,754.697,-0.02913731254783336
755.5345348644506,0.0,755.161,0.005721145894272972
756.0000521379346,0.0,755.627,0.018793002881255738
756.4655694114185,0.0,756.095,-0.040030548346587924
756.9310866849024,0.0,756.557,-0.06835288350878188
757.3966039583864,0.0,757.02,0.014435760504799555
757.8621212318703,0.0,757.49,0.02315037511532614
758.3276385053543,0.0,757.956,0.014435760504799555
758.7931557788382,0.0,758.422,0.02315037511532614
759.2586730523223,0.0,758.88,0.02315037511532614
759.7241903258061,0.0,759.346,-0.03131593373606134
760.1897075992902,0.0,759.812,0.02315037511532614
760.655224872774,0.0,760.276,0.016614381693027758
761.1207421462581,0.0,760.742,-0.007350711092710016
761.586259419742,0.0,761.206,-0.026958561501991163
762.051776693226,0.0,761.672,0.02315037511532614
762.5172939667099,0.0,762.14,0.02315037511532614
762.9828112401939,0.0,762.602,0.02097162406948394
763.4483285136778,0.0,763.065,0.02097162406948394
763.9138457871617,0.0,763.535,0.02097162406948394
764.3793630606457,0.0,763.995,-0.03131593373606134
764.8448803341296,0.0,764.465,-0.020422697937306777
765.3103976076136,0.0,764.93,-0.013886704515008397
765.7759148810975,0.0,765.394,-0.02913731254783336
766.2414321545815,0.0,765.859,0.04057947447876531
766.7069494280654,0.0,766.325,-0.2666100087898229
767.1724667015494,0.0,766.791,-0.020422697937306777
767.6379839750333,0.0,767.25,0.02097162406948394
768.1035012485173,0.0,767.716,-0.026958561501991163
768.5690185220012,0.0,768.18,-0.020422697937306777
769.0345357954852,0.0,768.645,0.02315037511532614
769.5000530689691,0.0,769.113,0.014435760504799555
769.9655703424531,0.0,769.575,-0.035673176112517746
770.431087615937,0.0,770.043,-0.026958561501991163
770.8966048894209,0.0,770.505,0.02750761749178232
771.3621221629049,0.0,770.973,0.0013637736602027939
771.8276394363888,0.0,771.435,0.02315037511532614
772.2931567098728,0.0,771.9,-0.026958561501991163
772.7586739833567,0.0,772.372,0.02532899630355412
773.2241912568408,0.0,772.83,0.02532899630355412
773.6897085303247,0.0,773.296,-0.24700215838054174
774.1552258038087,0.0,773.761,0.02750761749178232
774.6207430772926,0.0,774.228,-0.07706749811930846
775.0862603507766,0.0,774.694,0.02097162406948394
775.5517776242605,0.0,775.166,-0.005172089904481814
776.0172948977445,0.0,775.625,0.06236594607627466
776.4828121712284,0.0,776.088,0.012257139316571353
776.9483294447123,0.0,776.55,-0.013886704515008397
777.4138467181963,0.0,777.02,-0.020422697937306777
777.8793639916802,0.0,777.483,0.016614381693027758
778.3448812651642,0.0,777.949,-0.009529462138551992
778.8103985386481,0.0,778.411,0.02315037511532614
779.2759158121321,0.0,778.877,-0.03131593373606134
779.741433085616,0.0,779.342,0.051472710277520095
780.2069503591,0.0,779.808,-0.02260131912553498
780.6724676325839,0.0,780.273,-0.033494554924289544
781.1379849060679,0.0,780.738,0.02315037511532614
781.6035021795518,0.0,781.203,0.02315037511532614
782.0690194530358,0.0,781.668,-0.07706749811930846
782.5345367265197,0.0,782.131,0.02315037511532614
783.0000540000037,0.0,782.601,-0.020422697937306777
783.4655712734876,0.0,783.062,-0.020422697937306777
783.9310885469715,0.0,783.531,0.018793002881255738
784.3966058204555,0.0,783.992,0.02097162406948394
784.8621230939394,0.0,784.462,0.17565580615550602
785.3276403674234,0.0,784.92,0.016614381693027758
785.7931576409073,0.0,785.391,0.02315037511532614
786.2586749143913,0.0,785.856,0.09286703228431081
786.7241921878752,0.0,786.32,0.02315037511532614
787.1897094613593,0.0,786.786,-0.020422697937306777
787.6552267348432,0.0,787.25,-0.02260131912553498
788.1207440083272,0.0,787.716,0.029686238680010524
788.5862612818111,0.0,788.181,0.02315037511532614
789.0517785552951,0.0,788.646,-0.026958561501991163
789.517295828779,0.0,789.109,0.02097162406948394
789.9828131022629,0.0,789.572,-0.040030548346587924
790.4483303757469,0.0,790.035,-0.033494554924289544
790.9138476492308,0.0,790.505,0.005721145894272972
791.3793649227148,0.0,790.969,0.0013637736602027939
791.8448821961987,0.0,791.431,-0.03131593373606134
792.3103994696827,0.0,791.897,0.04929408908929189
792.7759167431666,0.0,792.364,0.014435760504799555
793.2414340166506,0.0,792.83,-0.24700215838054174
793.7069512901345,0.0,793.294,-0.04874516295711451
794.1724685636185,0.0,793.76,0.051472710277520095
794.6379858371024,0.0,794.225,0.02315037511532614
795.1035031105864,0.0,794.69,-0.03131593373606134
795.5690203840703,0.0,795.154,-0.3646492608362293
796.0345376575543,0.0,795.616,-0.02260131912553498
796.5000549310382,0.0,796.084,-0.026958561501991163
796.9655722045221,0.0,796.546,0.02097162406948394
797.4310894780061,0.0,797.017,0.02315037511532614
797.89660675149,0.0,797.479,-0.03785179730074595
798.362124024974,0.0,797.945,0.02097162406948394
798.8276412984579,0.0,798.408,-0.005172089904481814
799.293158571942,0.0,798.874,0.060187324888046456
799.7586758454258,0.0,799.339,0.02315037511532614
800.2241931189099,0.0,799.804,-0.0160653257032366
800.6897103923937,0.0,800.268,-0.02477994031376296
801.1552276658778,0.0,800.734,0.02315037511532614
801.6207449393617,0.0,801.199,0.012257139316571353
802.0862622128457,0.0,801.665,-0.03131593373606134
802.5517794863296,0.0,802.128,-0.0008148475280254086
803.0172967598135,0.0,802.591,-0.013886704515008397
803.4828140332975,0.0,803.058,0.051472710277520095
803.9483313067814,0.0,803.521,0.02097162406948394
804.4138485802654,0.0,803.991,0.0035425247060447695
804.8793658537493,0.0,804.454,-0.03131593373606134
805.3448831272333,0.0,804.92,0.02750761749178232
805.8104004007172,0.0,805.383,0.02097162406948394
806.2759176742012,0.0,805.849,-0.02913731254783336
806.7414349476851,0.0,806.313,-0.0661742623205539
807.2069522211691,0.0,806.778,-0.020422697937306777
807.672469494653,0.0,807.243,-0.013886704515008397
808.137986768137,0.0,807.709,-0.03131593373606134
808.6035040416209,0.0,808.173,-0.08578211272983505
809.0690213151049,0.0,808.639,0.06890193949857304
809.5345385885888,0.0,809.102,0.02315037511532614
810.0000558620727,0.0,809.572,0.029686238680010524
810.4655731355567,0.0,810.035,0.02315037511532614
810.9310904090406,0.0,810.498,-0.002993468716253611
811.3966076825246,0.0,810.969,-0.013886704515008397
811.8621249560085,0.0,811.431,0.02532899630355412
812.3276422294925,0.0,811.89,0.02315037511532614
812.7931595029764,0.0,812.355,0.018793002881255738
813.2586767764604,0.0,812.82,-0.02260131912553498
813.7241940499443,0.0,813.287,-0.02913731254783336
814.1897113234284,0.0,813.753,0.05583008251159027
814.6552285969123,0.0,814.217,0.1364401053369435
815.1207458703963,0.0,814.682,0.005721145894272972
815.5862631438802,0.0,815.15,0.11247488269359196
816.0517804173642,0.0,815.613,0.02315037511532614
816.5172976908481,0.0,816.076,-0.040030548346587924
816.982814964332,0.0,816.546,0.014435760504799555
817.448332237816,0.0,817.006,0.016614381693027758
817.9138495112999,0.0,817.475,-0.03131593373606134
818.3793667847839,0.0,817.941,0.014435760504799555
818.8448840582678,0.0,818.404,-0.02260131912553498
819.3104013317518,0.0,818.87,0.02315037511532614
819.7759186052357,0.0,819.335,-0.033494554924289544
820.2414358787197,0.0,819.801,0.02315037511532614
820.7069531522036,0.0,820.266,0.02315037511532614
821.1724704256876,0.0,820.731,-0.19907184295145264
821.6379876991715,0.0,821.191,0.02315037511532614
822.1035049726555,0.0,821.656,-0.007350711092710016
822.5690222461394,0.0,822.124,-0.04220916953481613
823.0345395196233,0.0,822.586,-0.2578953941792963
823.5000567931073,0.0,823.05,-0.03131593373606134
823.9655740665912,0.0,823.52,-0.06835288350878188
824.4310913400752,0.0,823.984,0.02315037511532614
824.8966086135591,0.0,824.446,-0.035673176112517746
825.3621258870431,0.0,824.912,0.04057947447876531
825.827643160527,0.0,825.376,0.0013637736602027939
826.293160434011,0.0,825.842,-0.02260131912553498
826.7586777074949,0.0,826.309,-0.03131593373606134
827.224194980979,0.0,826.775,0.02315037511532614
827.6897122544628,0.0,827.239,0.02315037511532614
828.1552295279469,0.0,827.704,0.02315037511532614
828.6207468014308,0.0,828.169,-0.02913731254783336
829.0862640749148,0.0,828.635,0.02315037511532614
829.5517813483987,0.0,829.098,-0.03131593373606134
830.0172986218826,0.0,829.561,0.012257139316571353
830.4828158953666,0.0,830.032,0.018793002881255738
830.9483331688505,0.0,830.494,-0.03131593373606134
831.4138504423345,0.0,830.965,-0.040030548346587924
831.8793677158184,0.0,831.42,0.036222232102308904
832.3448849893024,0.0,831.886,0.0340436109140807
832.8104022627863,0.0,832.351,-0.013886704515008397
833.2759195362703,0.0,832.816,-0.15332027856820551
833.7414368097542,0.0,833.283,-0.013886704515008397
834.2069540832382,0.0,833.749,0.014435760504799555
834.6724713567221,0.0,834.213,0.02315037511532614
835.1379886302061,0.0,834.679,-0.026958561501991163
835.60350590369,0.0,835.147,-0.018244076749078575
836.0690231771739,0.0,835.609,0.051472710277520095
836.5345404506579,0.0,836.072,-0.02260131912553498
837.0000577241418,0.0,836.535,0.02097162406948394
837.4655749976258,0.0,837.006,0.02315037511532614
837.9310922711097,0.0,837.468,-0.03131593373606134
838.3966095445937,0.0,837.934,0.014435760504799555
838.8621268180776,0.0,838.397,-0.03131593373606134
839.3276440915616,0.0,838.863,0.014435760504799555
839.7931613650455,0.0,839.328,-0.02260131912553498
840.2586786385295,0.0,839.793,0.27369492834429865
840.7241959120134,0.0,840.258,0.018793002881255738
841.1897131854975,0.0,840.724,-0.020422697937306777
841.6552304589814,0.0,841.191,0.5656339334376757
842.1207477324654,0.0,841.657,0.058008703699818476
842.5862650059493,0.0,842.117,-0.03131593373606134
843.0517822794332,0.0,842.58,0.02315037511532614
843.5172995529172,0.0,843.05,0.02315037511532614
843.9828168264011,0.0,843.513,-0.02477994031376296
844.4483340998851,0.0,843.976,0.016614381693027758
844.913851373369,0.0,844.446,0.02315037511532614
845.379368646853,0.0,844.912,0.02750761749178232
845.8448859203369,0.0,845.376,0.38698478842353
846.3104031938209,0.0,845.842,0.27151630715607045
846.7759204673048,0.0,846.306,0.02315037511532614
847.2414377407888,0.0,846.765,0.02315037511532614
847.7069550142727,0.0,847.231,0.029686238680010524
848.1724722877567,0.0,847.697,0.014435760504799555
848.6379895612406,0.0,848.161,0.02532899630355412
849.1035068347245,0.0,848.627,-0.02477994031376296
849.5690241082085,0.0,849.095,0.04929408908929189
850.0345413816924,0.0,849.557,0.005721145894272972
850.5000586551764,0.0,850.02,0.02532899630355412
850.9655759286603,0.0,850.49,-0.02260131912553498
851.4310932021443,0.0,850.956,-0.0008148475280254086
851.8966104756282,0.0,851.415,0.02315037511532614
852.3621277491122,0.0,851.88,-0.03131593373606134
852.8276450225961,0.0,852.347,-0.02913731254783336
853.2931622960801,0.0,852.813,0.02315037511532614
853.758679569564,0.0,853.28,0.02750761749178232
854.224196843048,0.0,853.745,0.3368758518062127
854.689714116532,0.0,854.206,-0.040030548346587924
855.155231390016,0.0,854.672,-0.02913731254783336
855.6207486634999,0.0,855.139,-0.02260131912553498
856.0862659369838,0.0,855.602,0.02315037511532614
856.5517832104678,0.0,856.065,-0.02477994031376296
857.0173004839517,0.0,856.535,-0.061817019944097495
857.4828177574357,0.0,856.998,0.02315037511532614
857.9483350309196,0.0,857.461,-0.020422697937306777
858.4138523044036,0.0,857.926,0.02532899630355412
858.8793695778875,0.0,858.39,0.014435760504799555
859.3448868513715,0.0,858.856,-0.07271025574285228
859.8104041248554,0.0,859.32,-0.02913731254783336
860.2759213983394,0.0,859.786,0.02315037511532614
860.7414386718233,0.0,860.251,-0.005172089904481814
861.2069559453073,0.0,860.717,-0.026958561501991163
861.6724732187912,0.0,861.184,-0.03131593373606134
862.1379904922752,0.0,861.65,0.018793002881255738
862.6035077657591,0.0,862.11,-0.02260131912553498
863.069025039243,0.0,862.579,-0.03785179730074595
863.534542312727,0.0,863.043,0.029686238680010524
864.0000595862109,0.0,863.505,-0.02260131912553498
864.4655768596949,0.0,863.976,-0.03131593373606134
864.9310941331788,0.0,864.439,0.02315037511532614
865.3966114066628,0.0,864.905,-0.013886704515008397
865.8621286801467,0.0,865.372,-0.03131593373606134
866.3276459536307,0.0,865.83,-0.02913731254783336
866.7931632271146,0.0,866.295,-0.026958561501991163
867.2586805005986,0.0,866.761,0.3826274161894596
867.7241977740825,0.0,867.228,0.02315037511532614
868.1897150475666,0.0,867.693,0.0013637736602027939
868.6552323210504,0.0,868.165,0.07761655410909962
869.1207495945343,0.0,868.623,0.02315037511532614
869.5862668680184,0.0,869.091,0.02315037511532614
870.0517841415023,0.0,869.553,-0.061817019944097495
870.5173014149863,0.0,870.021,-0.02913731254783336
870.9828186884702,0.0,870.483,-0.02260131912553498
871.4483359619542,0.0,870.949,0.06454469712211686
871.9138532354381,0.0,871.412,0.02315037511532614
872.3793705089221,0.0,871.877,0.04929408908929189
872.844887782406,0.0,872.343,-0.03131593373606134
873.31040505589,0.0,872.809,0.02097162406948394
873.7759223293739,0.0,873.276,0.02315037511532614
874.2414396028579,0.0,873.741,-0.03131593373606134
874.7069568763418,0.0,874.206,-0.02260131912553498
875.1724741498258,0.0,874.671,0.02315037511532614
875.6379914233097,0.0,875.132,-0.02260131912553498
876.1035086967936,0.0,875.601,0.47413080467118185
876.5690259702776,0.0,876.065,0.02315037511532614
877.0345432437615,0.0,876.528,-0.03131593373606134
877.5000605172455,0.0,876.991,-0.6544095798125713
877.9655777907294,0.0,877.461,0.02315037511532614
878.4310950642134,0.0,877.926,-0.033494554924289544
878.8966123376973,0.0,878.39,0.0013637736602027939
879.3621296111813,0.0,878.856,0.031864859868238726
879.8276468846652,0.0,879.321,0.02315037511532614
880.2931641581492,0.0,879.786,-0.4125795762653184
880.7586814316331,0.0,880.246,0.02315037511532614
881.2241987051171,0.0,880.712,0.018793002881255738
881.689715978601,0.0,881.177,-0.02913731254783336
882.1552332520849,0.0,881.642,0.014435760504799555
882.620750525569,0.0,882.11,0.014435760504799555
883.0862677990528,0.0,882.573,-0.02913731254783336
883.5517850725369,0.0,883.035,0.012257139316571353
884.0173023460208,0.0,883.505,0.02315037511532614
884.4828196195048,0.0,883.969,-0.02260131912553498
884.9483368929887,0.0,884.431,0.02315037511532614
885.4138541664727,0.0,884.897,-0.007350711092710016
885.8793714399566,0.0,885.361,-0.03131593373606134
886.3448887134406,0.0,885.827,0.04929408908929189
886.8104059869245,0.0,886.29,-0.03131593373606134
887.2759232604085,0.0,886.756,0.014435760504799555
887.7414405338924,0.0,887.221,0.02097162406948394
888.2069578073764,0.0,887.686,-0.013886704515008397
888.6724750808603,0.0,888.154,0.014435760504799555
889.1379923543442,0.0,888.616,0.02315037511532614
889.6035096278282,0.0,889.08,0.02315037511532614
890.0690269013121,0.0,889.55,-0.009529462138551992
890.5345441747961,0.0,890.013,-0.03131593373606134
891.00006144828,0.0,890.475,-0.02260131912553498
891.465578721764,0.0,890.941,0.02097162406948394
891.9310959952479,0.0,891.411,0.014435760504799555
892.3966132687319,0.0,891.87,0.02097162406948394
892.8621305422158,0.0,892.335,-0.002993468716253611
893.3276478156998,0.0,892.801,0.04711546790106369
893.7931650891837,0.0,893.268,0.0340436109140807
894.2586823626677,0.0,893.734,-0.02913731254783336
894.7241996361516,0.0,894.199,-0.020422697937306777
895.1897169096355,0.0,894.665,0.02097162406948394
895.6552341831195,0.0,895.128,-0.011708083326780194
896.1207514566034,0.0,895.59,0.0013637736602027939
896.5862687300875,0.0,896.058,0.014435760504799555
897.0517860035714,0.0,896.52,0.016614381693027758
897.5173032770554,0.0,896.991,-0.03131593373606134
897.9828205505393,0.0,897.454,0.018793002881255738
898.4483378240233,0.0,897.919,-0.03131593373606134
898.9138550975072,0.0,898.383,-0.03785179730074595
899.3793723709912,0.0,898.849,0.014435760504799555
899.8448896444751,0.0,899.313,0.07761655410909962
900.3104069179591,0.0,899.779,-0.007350711092710016
900.775924191443,0.0,900.244,-0.03131593373606134
901.241441464927,0.0,900.709,0.02097162406948394
901.7069587384109,0.0,901.176,0.018793002881255738
902.1724760118948,0.0,901.635,0.02315037511532614
902.6379932853788,0.0,902.102,0.02315037511532614
903.1035105588627,0.0,902.565,-0.02260131912553498
903.5690278323467,0.0,903.035,-0.05745964771002732
904.0345451058306,0.0,903.498,0.018793002881255738
904.5000623793146,0.0,903.969,0.02532899630355412
904.9655796527985,0.0,904.431,-0.05092378414534271
905.4310969262825,0.0,904.89,-0.03131593373606134
905.8966141997664,0.0,905.357,-0.03131593373606134
906.3621314732504,0.0,905.823,0.02315037511532614
906.8276487467343,0.0,906.287,0.014435760504799555
907.2931660202183,0.0,906.753,-0.03131593373606134
907.7586832937022,0.0,907.217,-0.02913731254783336
908.2242005671862,0.0,907.682,0.02097162406948394
908.6897178406701,0.0,908.151,-0.026958561501991163
909.155235114154,0.0,908.614,-0.02260131912553498
909.620752387638,0.0,909.076,0.04057947447876531
910.086269661122,0.0,909.546,0.02315037511532614
910.551786934606,0.0,910.009,-0.02477994031376296
911.0173042080899,0.0,910.472,0.018793002881255738
911.4828214815739,0.0,910.938,-0.03131593373606134
911.9483387550578,0.0,911.401,0.02315037511532614
912.4138560285418,0.0,911.866,-0.009529462138551992
912.8793733020257,0.0,912.332,0.04057947447876531
913.3448905755097,0.0,912.798,-0.055281026521799115
913.8104078489936,0.0,913.265,-0.05745964771002732
914.2759251224776,0.0,913.731,0.02315037511532614
914.7414423959615,0.0,914.195,-0.026958561501991163
915.2069596694454,0.0,914.66,0.02315037511532614
915.6724769429294,0.0,915.121,0.02315037511532614
916.1379942164133,0.0,915.591,-0.03131593373606134
916.6035114898973,0.0,916.054,0.21269275592822656
917.0690287633812,0.0,916.516,-0.011708083326780194
917.5345460368652,0.0,916.984,0.007899767082501175
918.0000633103491,0.0,917.446,0.02315037511532614
918.4655805838331,0.0,917.912,-0.026958561501991163
918.931097857317,0.0,918.376,-0.03131593373606134
919.396615130801,0.0,918.842,0.02315037511532614
919.8621324042849,0.0,919.305,0.02315037511532614
920.3276496777689,0.0,919.771,0.005721145894272972
920.7931669512528,0.0,920.236,-0.03131593373606134
921.2586842247368,0.0,920.702,0.02315037511532614
921.7242014982207,0.0,921.169,-0.013886704515008397
922.1897187717046,0.0,921.635,-0.02913731254783336
922.6552360451886,0.0,922.098,0.02315037511532614
923.1207533186725,0.0,922.561,-0.02477994031376296
923.5862705921566,0.0,923.029,-0.03131593373606134
924.0517878656404,0.0,923.491,0.0013637736602027939
924.5173051391245,0.0,923.958,-0.02260131912553498
924.9828224126084,0.0,924.421,-0.02477994031376296
925.4483396860924,0.0,924.887,0.018793002881255738
925.9138569595763,0.0,925.354,-0.0008148475280254086
926.3793742330603,0.0,925.819,0.02532899630355412
926.8448915065442,0.0,926.283,0.02315037511532614
927.3104087800282,0.0,926.749,-0.03131593373606134
927.7759260535121,0.0,927.213,-0.02477994031376296
928.241443326996,0.0,927.679,0.018793002881255738
928.70696060048,0.0,928.147,0.02097162406948394
929.1724778739639,0.0,928.609,-0.02260131912553498
929.6379951474479,0.0,929.072,0.014435760504799555
930.1035124209318,0.0,929.535,-0.002993468716253611
930.5690296944158,0.0,930.002,0.051472710277520095
931.0345469678997,0.0,930.465,0.05583008251159027
931.5000642413837,0.0,930.931,-0.02260131912553498
931.9655815148676,0.0,931.401,-0.02260131912553498
932.4310987883516,0.0,931.86,0.051472710277520095
932.8966160618355,0.0,932.327,0.02315037511532614
933.3621333353195,0.0,932.793,0.014435760504799555
933.8276506088034,0.0,933.257,0.031864859868238726
934.2931678822874,0.0,933.723,0.17129843392143584
934.7586851557713,0.0,934.188,0.018793002881255738
935.2242024292552,0.0,934.653,0.09286703228431081
935.6897197027392,0.0,935.117,0.02315037511532614
936.1552369762231,0.0,935.586,-0.005172089904481814
936.6207542497071,0.0,936.047,-0.02260131912553498
937.086271523191,0.0,936.517,0.02315037511532614
937.551788796675,0.0,936.977,0.02097162406948394
938.017306070159,0.0,937.44,-0.03131593373606134
938.482823343643,0.0,937.906,0.014435760504799555
938.9483406171269,0.0,938.372,0.07108056068680124
939.4138578906109,0.0,938.838,0.02097162406948394
939.8793751640948,0.0,939.303,-0.02913731254783336
940.3448924375788,0.0,939.768,0.16911981273320764
940.8104097110627,0.0,940.235,-0.02260131912553498
941.2759269845466,0.0,940.701,0.02097162406948394
941.7414442580306,0.0,941.162,0.036222232102308904
942.2069615315145,0.0,941.627,-0.026958561501991163
942.6724788049985,0.0,942.091,0.018793002881255738
943.1379960784824,0.0,942.561,0.02315037511532614
943.6035133519664,0.0,943.021,0.051472710277520095
944.0690306254503,0.0,943.491,-0.02260131912553498
944.5345478989343,0.0,943.95,0.04711546790106369
945.0000651724182,0.0,944.42,-0.02260131912553498
945.4655824459022,0.0,944.885,0.005721145894272972
945.9310997193861,0.0,945.35,0.014435760504799555
946.3966169928701,0.0,945.815,-0.026958561501991163
946.862134266354,0.0,946.281,-0.013886704515008397
947.327651539838,0.0,946.746,0.02315037511532614
947.7931688133219,0.0,947.206,0.1473333411356983
948.2586860868058,0.0,947.672,0.02097162406948394
948.7242033602898,0.0,948.135,0.07325931173264344
949.1897206337737,0.0,948.605,-0.02913731254783336
949.6552379072577,0.0,949.066,-0.02913731254783336
950.1207551807416,0.0,949.536,0.04711546790106369
950.5862724542257,0.0,949.998,0.02315037511532614
951.0517897277095,0.0,950.461,0.02097162406948394
951.5173070011936,0.0,950.927,0.04711546790106369
951.9828242746775,0.0,951.391,-0.02260131912553498
952.4483415481615,0.0,951.856,0.02315037511532614
952.9138588216454,0.0,952.32,0.02315037511532614
953.3793760951294,0.0,952.786,-0.005172089904481814
953.8448933686133,0.0,953.25,-0.03131593373606134
954.3104106420972,0.0,953.716,0.02315037511532614
954.7759279155812,0.0,954.18,-0.013886704515008397
955.2414451890651,0.0,954.645,0.02315037511532614
955.7069624625491,0.0,955.113,0.014435760504799555
956.172479736033,0.0,955.575,-0.02260131912553498
956.637997009517,0.0,956.043,-0.02913731254783336
957.1035142830009,0.0,956.505,0.02315037511532614
957.5690315564849,0.0,956.973,0.02315037511532614
958.0345488299688,0.0,957.435,-0.02913731254783336
958.5000661034528,0.0,957.901,0.029686238680010524
958.9655833769367,0.0,958.365,-0.28403923801087605
959.4311006504207,0.0,958.83,0.014435760504799555
959.8966179239046,0.0,959.302,-0.03131593373606134
960.3621351973886,0.0,959.76,-0.002993468716253611
960.8276524708725,0.0,960.225,0.018793002881255738
961.2931697443564,0.0,960.691,0.007899767082501175
961.7586870178404,0.0,961.165,-0.005172089904481814
962.2242042913243,0.0,961.624,-0.02260131912553498
962.6897215648083,0.0,962.087,-0.007350711092710016
963.1552388382922,0.0,962.557,0.02315037511532614
963.6207561117762,0.0,963.017,0.018793002881255738
964.0862733852601,0.0,963.487,-0.026958561501991163
964.5517906587442,0.0,963.945,-0.020422697937306777
965.017307932228,0.0,964.416,-0.020422697937306777
965.4828252057121,0.0,964.881,0.018793002881255738
965.948342479196,0.0,965.346,-0.07706749811930846
966.41385975268,0.0,965.805,-0.02260131912553498
966.8793770261639,0.0,966.276,-0.013886704515008397
967.3448942996479,0.0,966.741,0.02315037511532614
967.8104115731318,0.0,967.206,-0.007350711092710016
968.2759288466157,0.0,967.671,-0.03131593373606134
968.7414461200997,0.0,968.132,0.1364401053369435
969.2069633935836,0.0,968.602,0.04929408908929189
969.6724806670676,0.0,969.065,-0.009529462138551992
970.1379979405515,0.0,969.527,0.02315037511532614
970.6035152140355,0.0,969.995,0.02315037511532614
971.0690324875194,0.0,970.457,-0.02477994031376296
971.5345497610034,0.0,970.923,0.02315037511532614
972.0000670344873,0.0,971.389,-0.020422697937306777
972.4655843079713,0.0,971.855,0.0013637736602027939
972.9311015814552,0.0,972.32,-0.040030548346587924
973.3966188549392,0.0,972.786,-0.02477994031376296
973.8621361284231,0.0,973.251,0.02315037511532614
974.327653401907,0.0,973.716,-0.0008148475280254086
974.793170675391,0.0,974.176,0.02532899630355412
975.2586879488749,0.0,974.642,-0.03131593373606134
975.7242052223589,0.0,975.106,-0.0008148475280254086
976.1897224958428,0.0,975.576,0.014435760504799555
976.6552397693268,0.0,976.039,0.05583008251159027
977.1207570428107,0.0,976.501,0.042758225524607285
977.5862743162947,0.0,976.969,-0.02260131912553498
978.0517915897786,0.0,977.431,-0.02260131912553498
978.5173088632627,0.0,977.897,0.02097162406948394
978.9828261367466,0.0,978.362,-0.02260131912553498
979.4483434102306,0.0,978.828,0.02315037511532614
979.9138606837145,0.0,979.295,0.16694119154497944
980.3793779571985,0.0,979.761,0.02315037511532614
980.8448952306824,0.0,980.225,0.02315037511532614
981.3104125041663,0.0,980.691,-0.02260131912553498
981.7759297776503,0.0,981.154,-0.02913731254783336
982.2414470511342,0.0,981.616,-0.03131593373606134
982.7069643246182,0.0,982.084,-0.013886704515008397
983.1724815981021,0.0,982.546,0.031864859868238726
983.6379988715861,0.0,983.014,0.014435760504799555
984.10351614507,0.0,983.477,0.04711546790106369
984.569033418554,0.0,983.942,0.018793002881255738
985.0345506920379,0.0,984.405,-0.040030548346587924
985.5000679655219,0.0,984.871,0.02315037511532614
985.9655852390058,0.0,985.335,0.014435760504799555
986.4311025124898,0.0,985.801,-0.040030548346587924
986.8966197859737,0.0,986.266,0.04057947447876531
987.3621370594576,0.0,986.731,-0.02260131912553498
987.8276543329416,0.0,987.198,0.02315037511532614
988.2931716064255,0.0,987.664,-0.02260131912553498
988.7586888799095,0.0,988.131,-0.026958561501991163
989.2242061533934,0.0,988.594,0.02315037511532614
989.6897234268774,0.0,989.062,0.02315037511532614
990.1552407003613,0.0,989.524,-0.02260131912553498
990.6207579738453,0.0,989.992,-0.02260131912553498
991.0862752473292,0.0,990.454,0.04929408908929189
991.5517925208133,0.0,990.919,0.06890193949857304
992.0173097942971,0.0,991.383,0.010078388270729377
992.4828270677812,0.0,991.848,-0.08796073391806325
992.948344341265,0.0,992.313,-0.026958561501991163
993.4138616147491,0.0,992.779,0.02315037511532614
993.879378888233,0.0,993.243,0.02097162406948394
994.3448961617169,0.0,993.709,-0.02913731254783336
994.8104134352009,0.0,994.176,-0.02913731254783336
995.2759307086848,0.0,994.635,-0.02913731254783336
995.7414479821688,0.0,995.102,-0.0160653257032366
996.2069652556527,0.0,995.572,0.02315037511532614
996.6724825291367,0.0,996.035,-0.002993468716253611
997.1379998026206,0.0,996.498,-0.026958561501991163
997.6035170761046,0.0,996.969,-0.03131593373606134
998.0690343495885,0.0,997.431,0.016614381693027758
998.5345516230725,0.0,997.89,0.02315037511532614
999.0000688965564,0.0,998.357,0.02315037511532614
999.4655861700404,0.0,998.823,-0.033494554924289544
999.9311034435243,0.0,999.288,0.016614381693027758
1000.3966207170082,0.0,999.753,0.005721145894272972
1000.8621379904922,0.0,1000.221,0.005721145894272972
1001.3276552639761,0.0,1000.687,0.04057947447876531
1001.7931725374601,0.0,1001.15,0.029686238680010524
1002.258689810944,0.0,1001.613,0.018793002881255738
1002.724207084428,0.0,1002.076,-0.02260131912553498
1003.1897243579119,0.0,1002.546,-0.02913731254783336
1003.6552416313959,0.0,1003.006,0.060187324888046456
1004.1207589048798,0.0,1003.476,0.07543793292087142
1004.5862761783638,0.0,1003.941,0.02315037511532614
1005.0517934518477,0.0,1004.404,0.10593901912890757
1005.5173107253318,0.0,1004.87,-0.05092378414534271
1005.9828279988157,0.0,1005.335,-0.02913731254783336
1006.4483452722997,0.0,1005.801,0.02315037511532614
1006.9138625457836,0.0,1006.261,0.0013637736602027939
1007.3793798192675,0.0,1006.726,0.02097162406948394
1007.8448970927515,0.0,1007.192,0.36519818696840645
1008.3104143662354,0.0,1007.657,0.06454469712211686
1008.7759316397194,0.0,1008.12,-0.020422697937306777
1009.2414489132033,0.0,1008.59,0.02315037511532614
1009.7069661866873,0.0,1009.05,-0.020422697937306777
1010.1724834601712,0.0,1009.52,-0.035673176112517746
1010.6380007336552,0.0,1009.983,0.0035425247060447695
1011.1035180071391,0.0,1010.446,-0.29493247380963084
1011.5690352806231,0.0,1010.912,0.0035425247060447695
1012.034552554107,0.0,1011.376,0.016614381693027758
1012.500069827591,0.0,1011.842,-0.02260131912553498
1012.9655871010749,0.0,1012.306,-0.013886704515008397
1013.4311043745589,0.0,1012.772,0.02315037511532614
1013.8966216480428,0.0,1013.239,0.02315037511532614
1014.3621389215267,0.0,1013.704,0.005721145894272972
1014.8276561950107,0.0,1014.169,-0.007350711092710016
1015.2931734684946,0.0,1014.635,0.018793002881255738
1015.7586907419786,0.0,1015.098,-0.0160653257032366
1016.2242080154625,0.0,1015.561,0.014435760504799555
1016.6897252889465,0.0,1016.028,0.018793002881255738
1017.1552425624304,0.0,1016.49,0.02315037511532614
1017.6207598359144,0.0,1016.956,0.02315037511532614
1018.0862771093983,0.0,1017.422,-0.18817860715269785
1018.5517943828823,0.0,1017.887,0.016614381693027758
1019.0173116563662,0.0,1018.354,-0.03131593373606134
1019.4828289298503,0.0,1018.82,0.02315037511532614
1019.9483462033342,0.0,1019.28,0.031864859868238726
1020.413863476818,0.0,1019.746,0.012257139316571353
1020.8793807503021,0.0,1020.212,0.02315037511532614
1021.344898023786,0.0,1020.678,-0.04220916953481613
1021.81041529727,0.0,1021.146,-0.0160653257032366
1022.2759325707539,0.0,1021.609,0.018793002881255738
1022.7414498442379,0.0,1022.072,0.036222232102308904
1023.2069671177218,0.0,1022.535,-0.05745964771002732
1023.6724843912058,0.0,1023.006,-0.020422697937306777
1024.1380016646897,0.0,1023.468,0.051472710277520095
1024.6035189381737,0.0,1023.934,-0.08578211272983505
1025.0690362116577,0.0,1024.397,0.007899767082501175
1025.5345534851415,0.0,1024.862,0.02097162406948394
1026.0000707586255,0.0,1025.327,-0.03131593373606134
1026.4655880321095,0.0,1025.793,0.018793002881255738
1026.9311053055933,0.0,1026.258,0.02315037511532614
1027.3966225790773,0.0,1026.724,-0.02260131912553498
1027.8621398525613,0.0,1027.191,-0.002993468716253611
1028.3276571260453,0.0,1027.657,0.02315037511532614
1028.793174399529,0.0,1028.117,-0.5629063861172703
1029.2586916730131,0.0,1028.58,0.014435760504799555
1029.7242089464971,0.0,1029.05,0.014435760504799555
1030.1897262199811,0.0,1029.513,-0.013886704515008397
1030.655243493465,0.0,1029.976,-0.018244076749078575
1031.120760766949,0.0,1030.446,0.02315037511532614
1031.586278040433,0.0,1030.912,-0.02913731254783336
1032.051795313917,0.0,1031.376,-0.026958561501991163
1032.5173125874007,0.0,1031.842,0.02315037511532614
1032.9828298608847,0.0,1032.305,0.02315037511532614
1033.4483471343688,0.0,1032.771,0.018793002881255738
1033.9138644078525,0.0,1033.236,-0.020422697937306777
1034.3793816813366,0.0,1033.701,-0.02260131912553498
1034.8448989548206,0.0,1034.166,0.02315037511532614
1035.3104162283046,0.0,1034.631,0.018793002881255738
1035.7759335017884,0.0,1035.094,-0.03131593373606134
1036.2414507752724,0.0,1035.557,-0.02260131912553498
1036.7069680487564,0.0,1036.024,0.02315037511532614
1037.1724853222404,0.0,1036.487,0.060187324888046456
1037.6380025957242,0.0,1036.953,-0.020422697937306777
1038.1035198692082,0.0,1037.416,0.018793002881255738
1038.5690371426922,0.0,1037.882,-0.011708083326780194
1039.0345544161762,0.0,1038.347,-0.020422697937306777
1039.50007168966,0.0,1038.812,0.02097162406948394
1039.965588963144,0.0,1039.28,-0.007350711092710016
1040.431106236628,0.0,1039.746,-0.013886704515008397
1040.8966235101118,0.0,1040.206,-0.14896290633413534
1041.3621407835958,0.0,1040.672,0.15822657693445308
1041.8276580570798,0.0,1041.135,-0.035673176112517746
1042.2931753305638,0.0,1041.605,0.018793002881255738
1042.7586926040476,0.0,1042.065,0.02315037511532614
1043.2242098775316,0.0,1042.535,-0.02260131912553498
1043.6897271510156,0.0,1042.995,-0.02260131912553498
1044.1552444244996,0.0,1043.465,0.007899767082501175
1044.6207616979834,0.0,1043.93,-0.033494554924289544
1045.0862789714674,0.0,1044.394,0.018793002881255738
1045.5517962449514,0.0,1044.859,-0.026958561501991163
1046.0173135184355,0.0,1045.324,-0.0160653257032366
1046.4828307919192,0.0,1045.79,0.018793002881255738
1046.9483480654033,0.0,1046.254,-0.03131593373606134
1047.4138653388873,0.0,1046.72,0.014435760504799555
1047.879382612371,0.0,1047.18,-0.03131593373606134
1048.344899885855,0.0,1047.646,0.02315037511532614
1048.810417159339,0.0,1048.117,0.02532899630355412
1049.275934432823,0.0,1048.579,-0.05310240533357091
1049.7414517063069,0.0,1049.043,0.007899767082501175
1050.2069689797909,0.0,1049.505,-0.02260131912553498
1050.6724862532749,0.0,1049.976,-0.020422697937306777
1051.138003526759,0.0,1050.439,0.02315037511532614
1051.6035208002427,0.0,1050.904,-0.07924624916515066
1052.0690380737267,0.0,1051.369,-0.6086579505005174
1052.5345553472107,0.0,1051.835,0.018793002881255738
1053.0000726206947,0.0,1052.295,0.02315037511532614
1053.4655898941785,0.0,1052.761,-0.03131593373606134
1053.9311071676625,0.0,1053.228,-0.018244076749078575
1054.3966244411465,0.0,1053.694,0.04057947447876531
1054.8621417146303,0.0,1054.162,0.02315037511532614
1055.3276589881143,0.0,1054.62,0.018793002881255738
1055.7931762615983,0.0,1055.087,0.02532899630355412
1056.2586935350823,0.0,1055.557,-0.020422697937306777
1056.724210808566,0.0,1056.017,-0.02913731254783336
1057.1897280820501,0.0,1056.48,-0.033494554924289544
1057.6552453555341,0.0,1056.946,0.014435760504799555
1058.1207626290181,0.0,1057.416,0.0340436109140807
1058.586279902502,0.0,1057.882,0.3041960145523346
1059.051797175986,0.0,1058.34,0.051472710277520095
1059.51731444947,0.0,1058.806,-0.29493247380963084
1059.9828317229537,0.0,1059.272,0.051472710277520095
1060.4483489964377,0.0,1059.738,-0.02260131912553498
1060.9138662699218,0.0,1060.203,-0.0160653257032366
1061.3793835434058,0.0,1060.669,0.018793002881255738
1061.8449008168895,0.0,1061.131,-0.007350711092710016
1062.3104180903736,0.0,1061.601,-0.055281026521799115
1062.7759353638576,0.0,1062.065,0.018793002881255738
1063.2414526373416,0.0,1062.528,-0.03131593373606134
1063.7069699108254,0.0,1062.991,-0.013886704515008397
1064.1724871843094,0.0,1063.461,-0.002993468716253611
1064.6380044577934,0.0,1063.927,0.6571373219193979
1065.1035217312774,0.0,1064.391,-0.020422697937306777
1065.5690390047612,0.0,1064.856,-0.03131593373606134
1066.0345562782452,0.0,1065.321,0.018793002881255738
1066.5000735517292,0.0,1065.787,-0.018244076749078575
1066.965590825213,0.0,1066.246,0.018793002881255738
1067.431108098697,0.0,1066.712,-0.03131593373606134
1067.896625372181,0.0,1067.177,-0.013886704515008397
1068.362142645665,0.0,1067.643,-0.009529462138551992
1068.8276599191488,0.0,1068.106,-0.055281026521799115
1069.2931771926328,0.0,1068.576,-0.020422697937306777
1069.7586944661168,0.0,1069.036,-0.026958561501991163
1070.2242117396008,0.0,1069.505,0.010078388270729377
1070.6897290130846,0.0,1069.969,-0.02260131912553498
1071.1552462865686,0.0,1070.431,0.02315037511532614
1071.6207635600526,0.0,1070.897,-0.02913731254783336
1072.0862808335366,0.0,1071.362,-0.06835288350878188
1072.5517981070204,0.0,1071.827,0.014435760504799555
1073.0173153805044,0.0,1072.291,-0.002993468716253611
1073.4828326539885,0.0,1072.757,-0.02260131912553498
1073.9483499274722,0.0,1073.224,0.005721145894272972
1074.4138672009562,0.0,1073.69,0.02315037511532614
1074.8793844744403,0.0,1074.15,0.02315037511532614
1075.3449017479243,0.0,1074.62,-0.02260131912553498
1075.810419021408,0.0,1075.084,0.02315037511532614
1076.275936294892,0.0,1075.546,-0.0160653257032366
1076.741453568376,0.0,1076.01,-0.03131593373606134
1077.20697084186,0.0,1076.48,0.02315037511532614
1077.6724881153439,0.0,1076.945,-0.03131593373606134
1078.1380053888279,0.0,1077.408,0.018793002881255738
1078.603522662312,0.0,1077.874,-0.02260131912553498
1079.069039935796,0.0,1078.339,0.02315037511532614
1079.5345572092797,0.0,1078.805,-0.018244076749078575
1080.0000744827637,0.0,1079.269,-0.02913731254783336
1080.4655917562477,0.0,1079.736,0.02097162406948394
1080.9311090297315,0.0,1080.195,-0.002993468716253611
1081.3966263032155,0.0,1080.661,0.007899767082501175
1081.8621435766995,0.0,1081.131,0.02315037511532614
1082.3276608501835,0.0,1081.594,-0.0160653257032366
1082.7931781236673,0.0,1082.062,-0.03131593373606134
1083.2586953971513,0.0,1082.524,0.02315037511532614
1083.7242126706353,0.0,1082.987,-0.03131593373606134
1084.1897299441193,0.0,1083.45,0.08850978990785441
1084.6552472176031,0.0,1083.915,-0.02260131912553498
1085.1207644910871,0.0,1084.387,0.02532899630355412
1085.5862817645711,0.0,1084.845,0.014435760504799555
1086.051799038055,0.0,1085.31,0.02097162406948394
1086.517316311539,0.0,1085.776,-0.020422697937306777
1086.982833585023,0.0,1086.243,-0.02260131912553498
1087.448350858507,0.0,1086.708,0.029686238680010524
1087.9138681319907,0.0,1087.173,0.02097162406948394
1088.3793854054747,0.0,1087.639,-0.07706749811930846
1088.8449026789588,0.0,1088.102,0.02315037511532614
1089.3104199524428,0.0,1088.565,-0.02913731254783336
1089.7759372259266,0.0,1089.036,-0.02260131912553498
1090.2414544994106,0.0,1089.498,0.0013637736602027939
1090.7069717728946,0.0,1089.969,0.014435760504799555
1091.1724890463786,0.0,1090.431,-0.03131593373606134
1091.6380063198624,0.0,1090.897,0.02315037511532614
1092.1035235933464,0.0,1091.355,0.02315037511532614
1092.5690408668304,0.0,1091.82,-0.03131593373606134
1093.0345581403142,0.0,1092.287,0.02097162406948394
1093.5000754137982,0.0,1092.753,-0.02260131912553498
1093.9655926872822,0.0,1093.217,-0.020422697937306777
1094.4311099607662,0.0,1093.683,0.018793002881255738
1094.89662723425,0.0,1094.146,0.007899767082501175
1095.362144507734,0.0,1094.616,-0.026958561501991163
1095.827661781218,0.0,1095.076,0.15822657693445308
1096.293179054702,0.0,1095.547,0.018793002881255738
1096.7586963281858,0.0,1096.009,0.05583008251159027
1097.2242136016698,0.0,1096.472,0.02097162406948394
1097.6897308751538,0.0,1096.938,-0.026958561501991163
1098.1552481486378,0.0,1097.401,0.029686238680010524
1098.6207654221216,0.0,1097.866,-0.002993468716253611
1099.0862826956056,0.0,1098.331,0.029686238680010524
1099.5517999690896,0.0,1098.797,-0.020422697937306777
1100.0173172425734,0.0,1099.261,0.012257139316571353
1100.4828345160574,0.0,1099.726,-0.0160653257032366
1100.9483517895414,0.0,1100.191,-0.020422697937306777
1101.4138690630255,0.0,1100.656,0.018793002881255738
1101.8793863365092,0.0,1101.124,0.02315037511532614
1102.3449036099933,0.0,1101.586,-0.02260131912553498
1102.8104208834773,0.0,1102.054,-0.02913731254783336
1103.2759381569613,0.0,1102.517,0.02532899630355412
1103.741455430445,0.0,1102.98,0.02315037511532614
1104.206972703929,0.0,1103.45,-0.03131593373606134
1104.672489977413,0.0,1103.915,0.09722440451838099
1105.138007250897,0.0,1104.38,0.02315037511532614
1105.6035245243809,0.0,1104.845,0.02315037511532614
1106.0690417978649,0.0,1105.31,-0.026958561501991163
1106.534559071349,0.0,1105.776,0.02315037511532614
1107.0000763448327,0.0,1106.236,-0.02260131912553498
1107.4655936183167,0.0,1106.701,0.02315037511532614
1107.9311108918007,0.0,1107.166,0.016614381693027758
1108.3966281652847,0.0,1107.631,-0.02913731254783336
1108.8621454387685,0.0,1108.102,-0.013886704515008397
1109.3276627122525,0.0,1108.564,-0.33850541700464976
1109.7931799857365,0.0,1109.025,-0.0160653257032366
1110.2586972592205,0.0,1109.494,0.014435760504799555
1110.7242145327043,0.0,1109.96,0.014435760504799555
1111.1897318061883,0.0,1110.424,-0.05310240533357091
1111.6552490796723,0.0,1110.889,0.02532899630355412
1112.1207663531563,0.0,1111.354,0.018793002881255738
1112.5862836266401,0.0,1111.82,-0.020422697937306777
1113.0518009001241,0.0,1112.28,-0.10321134195088821
1113.5173181736081,0.0,1112.746,0.051472710277520095
1113.982835447092,0.0,1113.212,-0.08360349154160684
1114.448352720576,0.0,1113.677,-0.29057523143317443
1114.91386999406,0.0,1114.146,0.02315037511532614
1115.379387267544,0.0,1114.609,-0.02260131912553498
1115.8449045410277,0.0,1115.077,-0.02477994031376296
1116.3104218145118,0.0,1115.539,0.02315037511532614
1116.7759390879958,0.0,1116.002,-0.15332027856820551
1117.2414563614798,0.0,1116.465,0.02315037511532614
1117.7069736349636,0.0,1116.93,-0.02260131912553498
1118.1724909084476,0.0,1117.4,0.02315037511532614
1118.6380081819316,0.0,1117.866,0.02315037511532614
1119.1035254554154,0.0,1118.325,0.012257139316571353
1119.5690427288994,0.0,1118.79,-0.07924624916515066
1120.0345600023834,0.0,1119.261,-0.011708083326780194
1120.5000772758674,0.0,1119.727,0.018793002881255738
1120.9655945493512,0.0,1120.191,-0.013886704515008397
1121.4311118228352,0.0,1120.65,-0.07706749811930846
1121.8966290963192,0.0,1121.12,0.018793002881255738
1122.3621463698032,0.0,1121.583,0.04929408908929189
1122.827663643287,0.0,1122.047,-0.035673176112517746
1123.293180916771,0.0,1122.517,-0.02260131912553498
1123.758698190255,0.0,1122.977,0.02097162406948394
1124.224215463739,0.0,1123.446,-0.020422697937306777
1124.6897327372228,0.0,1123.912,0.014435760504799555
1125.1552500107068,0.0,1124.376,0.0340436109140807
1125.6207672841908,0.0,1124.841,-0.02913731254783336
1126.0862845576746,0.0,1125.307,0.17565580615550602
1126.5518018311586,0.0,1125.765,0.02315037511532614
1127.0173191046426,0.0,1126.232,-0.02260131912553498
1127.4828363781266,0.0,1126.697,0.051472710277520095
1127.9483536516104,0.0,1127.162,0.02315037511532614
1128.4138709250944,0.0,1127.627,-0.026958561501991163
1128.8793881985785,0.0,1128.091,0.41966449581979415
1129.3449054720625,0.0,1128.561,0.018793002881255738
1129.8104227455462,0.0,1129.021,0.02097162406948394
1130.2759400190303,0.0,1129.491,-0.02477994031376296
1130.7414572925143,0.0,1129.95,0.02097162406948394
1131.2069745659983,0.0,1130.42,0.2758736793901406
1131.672491839482,0.0,1130.885,0.029686238680010524
1132.138009112966,0.0,1131.35,0.02315037511532614
1132.60352638645,0.0,1131.815,-0.03131593373606134
1133.0690436599339,0.0,1132.28,-0.020422697937306777
1133.5345609334179,0.0,1132.746,0.018793002881255738
1134.000078206902,0.0,1133.21,0.02532899630355412
1134.465595480386,0.0,1133.676,-0.026958561501991163
1134.9311127538697,0.0,1134.139,0.0340436109140807
1135.3966300273537,0.0,1134.602,0.031864859868238726
1135.8621473008377,0.0,1135.065,-0.02913731254783336
1136.3276645743217,0.0,1135.535,0.02315037511532614
1136.7931818478055,0.0,1135.999,0.02315037511532614
1137.2586991212895,0.0,1136.461,-0.03131593373606134
1137.7242163947735,0.0,1136.927,0.02315037511532614
1138.1897336682575,0.0,1137.391,-0.3690065032126857
1138.6552509417413,0.0,1137.856,0.014435760504799555
1139.1207682152253,0.0,1138.32,0.014435760504799555
1139.5862854887093,0.0,1138.786,-0.03131593373606134
1140.0518027621931,0.0,1139.251,0.051472710277520095
1140.5173200356771,0.0,1139.717,0.012257139316571353
1140.9828373091611,0.0,1140.184,0.02315037511532614
1141.4483545826452,0.0,1140.649,-0.03131593373606134
1141.913871856129,0.0,1141.11,-0.040030548346587924
1142.379389129613,0.0,1141.579,0.02315037511532614
1142.844906403097,0.0,1142.043,0.04711546790106369
1143.310423676581,0.0,1142.505,0.016614381693027758
1143.7759409500648,0.0,1142.976,0.018793002881255738
1144.2414582235488,0.0,1143.439,-0.002993468716253611
1144.7069754970328,0.0,1143.904,0.036222232102308904
1145.1724927705166,0.0,1144.369,-0.02913731254783336
1145.6380100440006,0.0,1144.835,-0.0160653257032366
1146.1035273174846,0.0,1145.295,0.12772549072641692
1146.5690445909686,0.0,1145.761,0.02315037511532614
1147.0345618644524,0.0,1146.227,-0.03131593373606134
1147.5000791379364,0.0,1146.692,0.07979517529732782
1147.9655964114204,0.0,1147.165,-0.020422697937306777
1148.4311136849044,0.0,1147.623,0.0013637736602027939
1148.8966309583882,0.0,1148.087,-0.03131593373606134
1149.3621482318722,0.0,1148.55,0.0013637736602027939
1149.8276655053562,0.0,1149.02,0.02097162406948394
1150.2931827788402,0.0,1149.483,-0.02260131912553498
1150.758700052324,0.0,1149.949,0.016614381693027758
1151.224217325808,0.0,1150.413,-0.17728537135394307
1151.689734599292,0.0,1150.878,0.02097162406948394
1152.1552518727758,0.0,1151.343,-0.009529462138551992
1152.6207691462598,0.0,1151.809,-0.6217298074875002
1153.0862864197438,0.0,1152.276,-0.02260131912553498
1153.5518036932278,0.0,1152.741,0.02315037511532614
1154.0173209667116,0.0,1153.206,0.018793002881255738
1154.4828382401956,0.0,1153.671,-0.026958561501991163
1154.9483555136796,0.0,1154.132,0.04057947447876531
1155.4138727871637,0.0,1154.602,0.016614381693027758
1155.8793900606474,0.0,1155.065,-0.13806967053538055
1156.3449073341314,0.0,1155.528,0.018793002881255738
1156.8104246076155,0.0,1155.991,0.02315037511532614
1157.2759418810995,0.0,1156.461,-0.013886704515008397
1157.7414591545833,0.0,1156.926,0.012257139316571353
1158.2069764280673,0.0,1157.39,0.02315037511532614
1158.6724937015513,0.0,1157.855,0.19308490551894542
1159.138010975035,0.0,1158.32,-0.02913731254783336
1159.603528248519,0.0,1158.786,-0.03131593373606134
1160.069045522003,0.0,1159.25,0.02315037511532614
1160.534562795487,0.0,1159.716,-0.002993468716253611
1161.0000800689709,0.0,1160.18,0.02315037511532614
1161.4655973424549,0.0,1160.645,-0.02477994031376296
1161.931114615939,0.0,1161.106,-0.026958561501991163
1162.396631889423,0.0,1161.575,0.02097162406948394
1162.8621491629067,0.0,1162.036,0.02532899630355412
1163.3276664363907,0.0,1162.505,-0.02477994031376296
1163.7931837098747,0.0,1162.969,0.018793002881255738
1164.2587009833587,0.0,1163.431,-0.03131593373606134
1164.7242182568425,0.0,1163.897,0.02315037511532614
1165.1897355303265,0.0,1164.362,-0.005172089904481814
1165.6552528038105,0.0,1164.828,0.02315037511532614
1166.1207700772943,0.0,1165.294,-0.02260131912553498
1166.5862873507783,0.0,1165.76,0.02097162406948394
1167.0518046242623,0.0,1166.224,0.02097162406948394
1167.5173218977463,0.0,1166.69,-0.02260131912553498
1167.9828391712301,0.0,1167.151,0.0863311687196262
1168.4483564447141,0.0,1167.621,-0.5846928577147799
1168.9138737181981,0.0,1168.084,0.02315037511532614
1169.3793909916822,0.0,1168.546,0.0035425247060447695
1169.844908265166,0.0,1169.01,-0.04874516295711451
1170.31042553865,0.0,1169.48,-0.03131593373606134
1170.775942812134,0.0,1169.945,0.02315037511532614
1171.241460085618,0.0,1170.408,-0.020422697937306777
1171.7069773591018,0.0,1170.873,0.02097162406948394
1172.1724946325858,0.0,1171.339,-0.026958561501991163
1172.6380119060698,0.0,1171.805,0.02315037511532614
1173.1035291795536,0.0,1172.269,0.02315037511532614
1173.5690464530376,0.0,1172.735,-0.026958561501991163
1174.0345637265216,0.0,1173.202,0.02097162406948394
1174.5000810000056,0.0,1173.66,-0.05963839875586929
1174.9655982734894,0.0,1174.128,-0.03131593373606134
1175.4311155469734,0.0,1174.59,0.02315037511532614
1175.8966328204574,0.0,1175.058,0.02315037511532614
1176.3621500939414,0.0,1175.52,0.018793002881255738
1176.8276673674252,0.0,1175.988,-0.09667534852858983
1177.2931846409092,0.0,1176.45,0.09068841109608261
1177.7587019143932,0.0,1176.916,0.02315037511532614
1178.224219187877,0.0,1177.387,0.007899767082501175
1178.689736461361,0.0,1177.845,-0.03131593373606134
1179.155253734845,0.0,1178.31,0.0994030257066092
1179.620771008329,0.0,1178.776,0.014435760504799555
1180.0862882818128,0.0,1179.243,0.02315037511532614
1180.5518055552968,0.0,1179.708,-0.03131593373606134
1181.0173228287808,0.0,1180.172,0.02315037511532614
1181.4828401022648,0.0,1180.637,-0.03131593373606134
1181.9483573757486,0.0,1181.106,0.05583008251159027
1182.4138746492326,0.0,1181.569,0.016614381693027758
1182.8793919227166,0.0,1182.032,0.02315037511532614
1183.3449091962007,0.0,1182.502,0.02315037511532614
1183.8104264696844,0.0,1182.965,-0.018244076749078575
1184.2759437431685,0.0,1183.427,0.04929408908929189
1184.7414610166525,0.0,1183.893,0.02315037511532614
1185.2069782901362,0.0,1184.357,0.02315037511532614
1185.6724955636203,0.0,1184.823,-0.05963839875586929
1186.1380128371043,0.0,1185.287,-0.013886704515008397
1186.6035301105883,0.0,1185.753,-0.009529462138551992
1187.069047384072,0.0,1186.216,0.02315037511532614
1187.534564657556,0.0,1186.682,-0.033494554924289544
1188.00008193104,0.0,1187.15,0.014435760504799555
1188.465599204524,0.0,1187.613,0.02315037511532614
1188.9311164780079,0.0,1188.08,0.02097162406948394
1189.396633751492,0.0,1188.543,-0.03131593373606134
1189.862151024976,0.0,1189.006,0.018793002881255738
1190.32766829846,0.0,1189.476,0.014435760504799555
1190.7931855719437,0.0,1189.941,-0.2622527664133667
1191.2587028454277,0.0,1190.404,0.042758225524607285
1191.7242201189117,0.0,1190.87,0.02097162406948394
1192.1897373923955,0.0,1191.335,-0.02260131912553498
1192.6552546658795,0.0,1191.801,0.02097162406948394
1193.1207719393635,0.0,1192.266,-0.020422697937306777
1193.5862892128475,0.0,1192.731,0.16694119154497944
1194.0518064863313,0.0,1193.191,-0.312361703030684
1194.5173237598153,0.0,1193.657,0.10593901912890757
1194.9828410332993,0.0,1194.125,0.036222232102308904
1195.4483583067833,0.0,1194.587,0.014435760504799555
1195.9138755802671,0.0,1195.05,0.005721145894272972
1196.3793928537511,0.0,1195.52,-0.013886704515008397
1196.8449101272352,0.0,1195.983,0.02315037511532614
1197.3104274007192,0.0,1196.446,0.17565580615550602
1197.775944674203,0.0,1196.911,0.016614381693027758
1198.241461947687,0.0,1197.376,0.02315037511532614
1198.706979221171,0.0,1197.841,-0.002993468716253611
1199.1724964946548,0.0,1198.305,-0.033494554924289544
1199.6380137681388,0.0,1198.772,0.02097162406948394
1200.1035310416228,0.0,1199.239,-0.013886704515008397
1200.5690483151068,0.0,1199.705,-0.026958561501991163
1201.0345655885906,0.0,1200.17,-0.02477994031376296
1201.5000828620746,0.0,1200.636,-0.08360349154160684
1201.9656001355586,0.0,1201.098,0.02750761749178232
1202.4311174090426,0.0,1201.561,0.018793002881255738
1202.8966346825264,0.0,1202.028,-0.2578953941792963
1203.3621519560104,0.0,1202.491,-0.02260131912553498
1203.8276692294944,0.0,1202.957,0.018793002881255738
1204.2931865029784,0.0,1203.422,-0.03131593373606134
1204.7587037764622,0.0,1203.888,0.007899767082501175
1205.2242210499462,0.0,1204.354,0.05583008251159027
1205.6897383234302,0.0,1204.82,0.012257139316571353
1206.155255596914,0.0,1205.28,0.12772549072641692
1206.620772870398,0.0,1205.746,0.018793002881255738
1207.086290143882,0.0,1206.21,-0.1119259565614148
1207.551807417366,0.0,1206.676,0.058008703699818476
1208.0173246908498,0.0,1207.146,-0.02260131912553498
1208.4828419643338,0.0,1207.609,0.012257139316571353
1208.9483592378178,0.0,1208.076,0.016614381693027758
1209.4138765113019,0.0,1208.54,0.007899767082501175
1209.8793937847856,0.0,1209.002,-0.10103272076266001
1210.3449110582696,0.0,1209.465,0.02315037511532614
1210.8104283317537,0.0,1209.93,0.014435760504799555
1211.2759456052374,0.0,1210.401,0.031864859868238726
1211.7414628787214,0.0,1210.866,-0.026958561501991163
1212.2069801522055,0.0,1211.331,0.0013637736602027939
1212.6724974256895,0.0,1211.79,0.014435760504799555
1213.1380146991733,0.0,1212.262,-0.02260131912553498
1213.6035319726573,0.0,1212.72,-0.03131593373606134
1214.0690492461413,0.0,1213.187,-0.026958561501991163
1214.5345665196253,0.0,1213.653,0.018793002881255738
1215.000083793109,0.0,1214.117,-0.035673176112517746
1215.465601066593,0.0,1214.58,0.02315037511532614
1215.931118340077,0.0,1215.05,0.02315037511532614
1216.396635613561,0.0,1215.513,-0.020422697937306777
1216.8621528870449,0.0,1215.976,-0.03131593373606134
1217.327670160529,0.0,1216.446,0.02097162406948394
1217.793187434013,0.0,1216.912,-0.02260131912553498
1218.2587047074967,0.0,1217.376,-0.020422697937306777
1218.7242219809807,0.0,1217.842,0.02097162406948394
1219.1897392544647,0.0,1218.306,0.02315037511532614
1219.6552565279487,0.0,1218.765,-0.09885409957443181
1220.1207738014325,0.0,1219.231,0.02315037511532614
1220.5862910749165,0.0,1219.697,-0.02913731254783336
1221.0518083484005,0.0,1220.162,0.07108056068680124
1221.5173256218845,0.0,1220.628,0.031864859868238726
1221.9828428953683,0.0,1221.091,-0.03131593373606134
1222.4483601688523,0.0,1221.561,-0.0160653257032366
1222.9138774423363,0.0,1222.024,-0.03131593373606134
1223.3793947158204,0.0,1222.487,0.018793002881255738
1223.8449119893041,0.0,1222.953,-0.17074950778925868
1224.3104292627881,0.0,1223.416,0.016614381693027758
1224.7759465362722,0.0,1223.882,0.0035425247060447695
1225.241463809756,0.0,1224.35,-0.03131593373606134
1225.70698108324,0.0,1224.815,0.014435760504799555
1226.172498356724,0.0,1225.28,-0.04874516295711451
1226.638015630208,0.0,1225.746,0.0013637736602027939
1227.1035329036918,0.0,1226.206,-0.02260131912553498
1227.5690501771758,0.0,1226.672,0.02097162406948394
1228.0345674506598,0.0,1227.14,0.02097162406948394
1228.5000847241438,0.0,1227.602,-0.03131593373606134
1228.9656019976276,0.0,1228.065,0.018793002881255738
1229.4311192711116,0.0,1228.535,-0.005172089904481814
1229.8966365445956,0.0,1228.995,-0.002993468716253611
1230.3621538180796,0.0,1229.465,0.018793002881255738
1230.8276710915634,0.0,1229.93,-0.02260131912553498
1231.2931883650474,0.0,1230.394,0.014435760504799555
1231.7587056385314,0.0,1230.859,-0.007350711092710016
1232.2242229120152,0.0,1231.324,0.02315037511532614
1232.6897401854992,0.0,1231.789,0.018793002881255738
1233.1552574589832,0.0,1232.254,-0.05310240533357091
1233.6207747324672,0.0,1232.72,0.06890193949857304
1234.086292005951,0.0,1233.18,-0.03131593373606134
1234.551809279435,0.0,1233.646,0.018793002881255738
1235.017326552919,0.0,1234.117,0.0994030257066092
1235.482843826403,0.0,1234.579,-0.035673176112517746
1235.9483610998868,0.0,1235.047,-0.03131593373606134
1236.4138783733708,0.0,1235.509,0.02532899630355412
1236.8793956468548,0.0,1235.977,0.02097162406948394
1237.3449129203386,0.0,1236.439,-0.02260131912553498
1237.8104301938226,0.0,1236.905,0.02315037511532614
1238.2759474673067,0.0,1237.365,-0.03131593373606134
1238.7414647407907,0.0,1237.831,0.014435760504799555
1239.2069820142744,0.0,1238.295,0.02315037511532614
1239.6724992877585,0.0,1238.761,-0.03131593373606134
1240.1380165612425,0.0,1239.228,-0.04874516295711451
1240.6035338347265,0.0,1239.693,-0.007350711092710016
1241.0690511082103,0.0,1240.165,0.005721145894272972
1241.5345683816943,0.0,1240.623,0.014435760504799555
1242.0000856551783,0.0,1241.091,0.007899767082501175
1242.4656029286623,0.0,1241.554,-0.02913731254783336
1242.931120202146,0.0,1242.017,0.0013637736602027939
1243.39663747563,0.0,1242.48,0.02097162406948394
1243.862154749114,0.0,1242.945,-0.03131593373606134
1244.3276720225979,0.0,1243.416,-0.07271025574285228
1244.793189296082,0.0,1243.881,-0.03131593373606134
1245.258706569566,0.0,1244.346,0.02097162406948394
1245.72422384305,0.0,1244.805,0.02315037511532614
1246.1897411165337,0.0,1245.277,-0.02913731254783336
1246.6552583900177,0.0,1245.735,-0.009529462138551992
1247.1207756635017,0.0,1246.202,-0.03131593373606134
1247.5862929369857,0.0,1246.667,0.02315037511532614
1248.0518102104695,0.0,1247.135,0.02315037511532614
1248.5173274839535,0.0,1247.597,-0.002993468716253611
1248.9828447574375,0.0,1248.065,-0.0160653257032366
1249.4483620309215,0.0,1248.527,0.0863311687196262
1249.9138793044053,0.0,1248.995,0.04057947447876531
1250.3793965778893,0.0,1249.457,0.014435760504799555
1250.8449138513733,0.0,1249.923,-0.0160653257032366
1251.3104311248571,0.0,1250.39,0.007899767082501175
1251.7759483983411,0.0,1250.855,-0.026958561501991163
1252.2414656718252,0.0,1251.321,0.014435760504799555
1252.7069829453092,0.0,1251.786,-0.002993468716253611
1253.172500218793,0.0,1252.246,0.02315037511532614
1253.638017492277,0.0,1252.712,-0.03131593373606134
1254.103534765761,0.0,1253.177,0.02315037511532614
1254.569052039245,0.0,1253.643,-0.009529462138551992
1255.0345693127288,0.0,1254.106,0.02532899630355412
1255.5000865862128,0.0,1254.575,-0.033494554924289544
1255.9656038596968,0.0,1255.036,-0.02477994031376296
1256.4311211331808,0.0,1255.506,-0.5585490138832001
1256.8966384066646,0.0,1255.969,0.02315037511532614
1257.3621556801486,0.0,1256.431,0.02315037511532614
1257.8276729536326,0.0,1256.897,-0.013886704515008397
1258.2931902271164,0.0,1257.362,0.014435760504799555
1258.7587075006004,0.0,1257.828,-0.03131593373606134
1259.2242247740844,0.0,1258.295,0.02315037511532614
1259.6897420475684,0.0,1258.761,0.0340436109140807
1260.1552593210522,0.0,1259.221,-0.04438779072304433
1260.6207765945362,0.0,1259.687,0.018793002881255738
1261.0862938680202,0.0,1260.15,0.018793002881255738
1261.5518111415042,0.0,1260.62,-0.02913731254783336
1262.017328414988,0.0,1261.083,0.04057947447876531
1262.482845688472,0.0,1261.546,-0.002993468716253611
1262.948362961956,0.0,1262.014,0.02315037511532614
1263.41388023544,0.0,1262.476,0.02097162406948394
1263.8793975089238,0.0,1262.942,-0.03131593373606134
1264.3449147824078,0.0,1263.412,-0.04220916953481613
1264.8104320558919,0.0,1263.87,-0.03785179730074595
1265.2759493293756,0.0,1264.335,-0.0160653257032366
1265.7414666028596,0.0,1264.801,0.014435760504799555
1266.2069838763437,0.0,1265.265,-0.2012505939972946
1266.6725011498277,0.0,1265.731,-0.002993468716253611
1267.1380184233115,0.0,1266.195,-0.002993468716253611
1267.6035356967955,0.0,1266.661,-0.3690065032126857
1268.0690529702795,0.0,1267.131,0.005721145894272972
1268.5345702437635,0.0,1267.594,-0.033494554924289544
1269.0000875172473,0.0,1268.062,-0.02260131912553498
1269.4656047907313,0.0,1268.524,0.02315037511532614
1269.9311220642153,0.0,1268.987,0.07761655410909962
1270.396639337699,0.0,1269.45,-0.07924624916515066
1270.862156611183,0.0,1269.916,0.17565580615550602
1271.327673884667,0.0,1270.387,0.031864859868238726
1271.793191158151,0.0,1270.845,0.02532899630355412
1272.258708431635,0.0,1271.317,0.3063747655981768
1272.724225705119,0.0,1271.775,-0.03131593373606134
1273.189742978603,0.0,1272.243,-0.03131593373606134
1273.655260252087,0.0,1272.709,0.02315037511532614
1274.1207775255707,0.0,1273.173,0.02315037511532614
1274.5862947990547,0.0,1273.638,-0.035673176112517746
1275.0518120725387,0.0,1274.102,0.02315037511532614
1275.5173293460227,0.0,1274.572,0.02315037511532614
1275.9828466195065,0.0,1275.032,-0.02260131912553498
1276.4483638929905,0.0,1275.502,-0.005172089904481814
1276.9138811664745,0.0,1275.965,0.014435760504799555
1277.3793984399583,0.0,1276.428,-0.02260131912553498
1277.8449157134423,0.0,1276.893,-0.0008148475280254086
1278.3104329869263,0.0,1277.358,0.02315037511532614
1278.7759502604104,0.0,1277.824,-0.03131593373606134
1279.2414675338941,0.0,1278.291,0.02532899630355412
1279.7069848073781,0.0,1278.757,0.005721145894272972
1280.1725020808622,0.0,1279.216,-0.03131593373606134
1280.6380193543462,0.0,1279.682,0.02315037511532614
1281.10353662783,0.0,1280.15,0.005721145894272972
1281.569053901314,0.0,1280.613,-0.02260131912553498
1282.034571174798,0.0,1281.076,0.012257139316571353
1282.500088448282,0.0,1281.546,0.02315037511532614
1282.9656057217658,0.0,1282.006,0.051472710277520095
1283.4311229952498,0.0,1282.475,0.005721145894272972
1283.8966402687338,0.0,1282.941,0.04057947447876531
1284.3621575422176,0.0,1283.404,-0.02260131912553498
1284.8276748157016,0.0,1283.87,0.02532899630355412
1285.2931920891856,0.0,1284.335,0.02097162406948394
1285.7587093626696,0.0,1284.801,-0.02477994031376296
1286.2242266361534,0.0,1285.261,0.018793002881255738
1286.6897439096374,0.0,1285.726,-0.020422697937306777
1287.1552611831214,0.0,1286.192,0.02315037511532614
1287.6207784566054,0.0,1286.657,-0.026958561501991163
1288.0862957300892,0.0,1287.12,0.02315037511532614
1288.5518130035732,0.0,1287.59,-0.0160653257032366
1289.0173302770572,0.0,1288.051,-0.026958561501991163
1289.4828475505412,0.0,1288.52,-0.002993468716253611
1289.948364824025,0.0,1288.983,0.02532899630355412
1290.413882097509,0.0,1289.446,-0.02913731254783336
1290.879399370993,0.0,1289.912,0.02315037511532614
1291.3449166444768,0.0,1290.376,0.02097162406948394
1291.8104339179608,0.0,1290.842,-0.02260131912553498
1292.2759511914448,0.0,1291.306,0.36301956578017824
1292.7414684649289,0.0,1291.772,0.014435760504799555
1293.2069857384126,0.0,1292.239,-0.03131593373606134
1293.6725030118967,0.0,1292.705,0.02097162406948394
1294.1380202853807,0.0,1293.169,-0.05963839875586929
1294.6035375588647,0.0,1293.635,-0.02260131912553498
1295.0690548323485,0.0,1294.098,-0.026958561501991163
1295.5345721058325,0.0,1294.561,0.02315037511532614
1296.0000893793165,0.0,1295.028,0.014435760504799555
1296.4656066528005,0.0,1295.491,0.02315037511532614
1296.9311239262843,0.0,1295.957,-0.03131593373606134
1297.3966411997683,0.0,1296.422,0.036222232102308904
1297.8621584732523,0.0,1296.888,-0.040030548346587924
1298.327675746736,0.0,1297.355,-0.03131593373606134
1298.79319302022,0.0,1297.82,0.02315037511532614
1299.258710293704,0.0,1298.28,0.02315037511532614
1299.724227567188,0.0,1298.745,-0.03131593373606134
1300.189744840672,0.0,1299.21,0.02315037511532614
1300.655262114156,0.0,1299.676,-0.0661742623205539
1301.12077938764,0.0,1300.146,0.02315037511532614
1301.586296661124,0.0,1300.608,-0.03131593373606134
1302.0518139346077,0.0,1301.076,-0.0160653257032366
1302.5173312080917,0.0,1301.539,0.02315037511532614
1302.9828484815757,0.0,1302.002,0.02315037511532614
1303.4483657550595,0.0,1302.465,0.014435760504799555
1303.9138830285435,0.0,1302.93,-0.17510675016571486
1304.3794003020275,0.0,1303.401,0.060187324888046456
1304.8449175755115,0.0,1303.866,0.02315037511532614
1305.3104348489953,0.0,1304.332,-0.005172089904481814
1305.7759521224793,0.0,1304.79,-0.03131593373606134
1306.2414693959633,0.0,1305.255,0.3020173933641064
1306.7069866694474,0.0,1305.72,0.014435760504799555
1307.1725039429311,0.0,1306.187,0.02315037511532614
1307.6380212164152,0.0,1306.653,-0.08796073391806325
1308.1035384898992,0.0,1307.121,-0.02477994031376296
1308.5690557633832,0.0,1307.583,0.02315037511532614
1309.034573036867,0.0,1308.047,-0.02260131912553498
1309.500090310351,0.0,1308.517,-0.03131593373606134
1309.965607583835,0.0,1308.98,0.02097162406948394
1310.4311248573188,0.0,1309.443,-0.02477994031376296
1310.8966421308028,0.0,1309.908,0.02315037511532614
1311.3621594042868,0.0,1310.373,0.02315037511532614
1311.8276766777708,0.0,1310.838,-0.026958561501991163
1312.2931939512546,0.0,1311.306,-0.026958561501991163
1312.7587112247386,0.0,1311.772,0.02097162406948394
1313.2242284982226,0.0,1312.232,-0.0160653257032366
1313.6897457717066,0.0,1312.697,0.02315037511532614
1314.1552630451904,0.0,1313.161,0.005721145894272972
1314.6207803186744,0.0,1313.627,-0.03131593373606134
1315.0862975921584,0.0,1314.095,-0.03131593373606134
1315.5518148656424,0.0,1314.557,0.014435760504799555
1316.0173321391262,0.0,1315.02,-0.013886704515008397
1316.4828494126102,0.0,1315.49,-0.02477994031376296
1316.9483666860942,0.0,1315.957,0.042758225524607285
1317.413883959578,0.0,1316.415,0.014435760504799555
1317.879401233062,0.0,1316.88,-0.026958561501991163
1318.344918506546,0.0,1317.347,0.036222232102308904
1318.81043578003,0.0,1317.813,-0.002993468716253611
1319.2759530535138,0.0,1318.28,-0.02260131912553498
1319.7414703269978,0.0,1318.745,0.005721145894272972
1320.2069876004819,0.0,1319.21,0.02315037511532614
1320.6725048739659,0.0,1319.675,-0.03131593373606134
1321.1380221474496,0.0,1320.139,0.014435760504799555
1321.6035394209337,0.0,1320.601,-0.03131593373606134
1322.0690566944177,0.0,1321.069,-0.013886704515008397
1322.5345739679017,0.0,1321.531,0.014435760504799555
1323.0000912413855,0.0,1321.995,0.02097162406948394
1323.4656085148695,0.0,1322.465,-0.03131593373606134
1323.9311257883535,0.0,1322.93,0.02315037511532614
1324.3966430618373,0.0,1323.393,-0.02260131912553498
1324.8621603353213,0.0,1323.859,0.014435760504799555
1325.3276776088053,0.0,1324.324,-0.0008148475280254086
1325.7931948822893,0.0,1324.79,0.036222232102308904
1326.258712155773,0.0,1325.254,-0.020422697937306777
1326.724229429257,0.0,1325.719,0.018793002881255738
1327.189746702741,0.0,1326.184,-0.12499781354839756
1327.6552639762251,0.0,1326.65,0.02097162406948394
1328.120781249709,0.0,1327.113,-0.02913731254783336
1328.586298523193,0.0,1327.576,0.02315037511532614
1329.051815796677,0.0,1328.047,0.005721145894272972
1329.5173330701607,0.0,1328.509,-0.02477994031376296
1329.9828503436447,0.0,1328.972,0.018793002881255738
1330.4483676171287,0.0,1329.435,-0.03131593373606134
1330.9138848906127,0.0,1329.901,0.04929408908929189
1331.3794021640965,0.0,1330.365,0.02315037511532614
1331.8449194375805,0.0,1330.831,0.06236594607627466
1332.3104367110645,0.0,1331.298,-0.020422697937306777
1332.7759539845486,0.0,1331.764,0.018793002881255738
1333.2414712580323,0.0,1332.228,0.02315037511532614
1333.7069885315163,0.0,1332.693,-0.42565143325230137
1334.1725058050004,0.0,1333.165,-0.002993468716253611
1334.6380230784844,0.0,1333.623,-0.020422697937306777
1335.1035403519681,0.0,1334.091,-0.1620348931787321
1335.5690576254522,0.0,1334.553,0.02315037511532614
1336.0345748989362,0.0,1335.017,0.02315037511532614
1336.50009217242,0.0,1335.487,-0.013886704515008397
1336.965609445904,0.0,1335.945,0.012257139316571353
1337.431126719388,0.0,1336.415,-0.020422697937306777
1337.896643992872,0.0,1336.881,0.02315037511532614
1338.3621612663558,0.0,1337.346,-0.03131593373606134
1338.8276785398398,0.0,1337.812,0.02315037511532614
1339.2931958133238,0.0,1338.276,0.0013637736602027939
1339.7587130868078,0.0,1338.741,0.02097162406948394
1340.2242303602916,0.0,1339.202,0.02315037511532614
1340.6897476337756,0.0,1339.668,-0.02913731254783336
1341.1552649072596,0.0,1340.135,-0.03131593373606134
1341.6207821807436,0.0,1340.598,0.02532899630355412
1342.0862994542274,0.0,1341.066,0.02315037511532614
1342.5518167277114,0.0,1341.528,-0.02913731254783336
1343.0173340011954,0.0,1341.991,0.036222232102308904
1343.4828512746792,0.0,1342.461,0.1974422777530156
1343.9483685481632,0.0,1342.926,0.014435760504799555
1344.4138858216472,0.0,1343.39,0.05583008251159027
1344.8794030951312,0.0,1343.856,-0.03131593373606134
1345.344920368615,0.0,1344.32,-0.03131593373606134
1345.810437642099,0.0,1344.786,0.036222232102308904
1346.275954915583,0.0,1345.246,0.0013637736602027939
1346.741472189067,0.0,1345.712,0.016614381693027758
1347.2069894625508,0.0,1346.177,-0.033494554924289544
1347.6725067360348,0.0,1346.643,0.02315037511532614
1348.1380240095189,0.0,1347.106,-0.02913731254783336
1348.6035412830029,0.0,1347.575,0.014435760504799555
1349.0690585564867,0.0,1348.036,0.014435760504799555
1349.5345758299707,0.0,1348.505,0.09504578333015279
1350.0000931034547,0.0,1348.969,-0.013886704515008397
1350.4656103769385,0.0,1349.431,0.012257139316571353
1350.9311276504225,0.0,1349.897,-0.02913731254783336
1351.3966449239065,0.0,1350.362,-0.03131593373606134
1351.8621621973905,0.0,1350.828,0.02315037511532614
1352.3276794708743,0.0,1351.294,-0.02260131912553498
1352.7931967443583,0.0,1351.76,0.02315037511532614
1353.2587140178423,0.0,1352.224,0.02315037511532614
1353.7242312913263,0.0,1352.689,-0.2121438297960494
1354.18974856481,0.0,1353.15,-0.02260131912553498
1354.655265838294,0.0,1353.62,0.014435760504799555
1355.120783111778,0.0,1354.083,0.16476257035675146
1355.5863003852621,0.0,1354.546,0.014435760504799555
1356.051817658746,0.0,1355.017,0.012257139316571353
1356.51733493223,0.0,1355.48,0.014435760504799555
1356.982852205714,0.0,1355.945,0.02315037511532614
1357.4483694791977,0.0,1356.408,0.0994030257066092
1357.9138867526817,0.0,1356.874,0.02315037511532614
1358.3794040261657,0.0,1357.339,-0.005172089904481814
1358.8449212996497,0.0,1357.805,0.02315037511532614
1359.3104385731335,0.0,1358.269,0.02097162406948394
1359.7759558466175,0.0,1358.735,-0.02913731254783336
1360.2414731201015,0.0,1359.202,0.016614381693027758
1360.7069903935856,0.0,1359.66,-0.020422697937306777
1361.1725076670693,0.0,1360.128,-0.03131593373606134
1361.6380249405534,0.0,1360.59,0.02532899630355412
1362.1035422140374,0.0,1361.058,0.02315037511532614
1362.5690594875211,0.0,1361.52,-0.002993468716253611
1363.0345767610052,0.0,1361.991,-0.03131593373606134
1363.5000940344892,0.0,1362.453,0.018793002881255738
1363.9656113079732,0.0,1362.918,0.02315037511532614
1364.431128581457,0.0,1363.382,0.029686238680010524
1364.896645854941,0.0,1363.848,-0.10756858432734462
1365.362163128425,0.0,1364.313,-0.02913731254783336
1365.827680401909,0.0,1364.779,0.018793002881255738
1366.2931976753928,0.0,1365.243,0.02315037511532614
1366.7587149488768,0.0,1365.708,-0.033494554924289544
1367.2242322223608,0.0,1366.172,-0.03131593373606134
1367.6897494958448,0.0,1366.638,0.036222232102308904
1368.1552667693286,0.0,1367.106,0.02097162406948394
1368.6207840428126,0.0,1367.569,-0.007350711092710016
1369.0863013162966,0.0,1368.032,0.02315037511532614
1369.5518185897804,0.0,1368.502,-0.0008148475280254086
1370.0173358632644,0.0,1368.965,-0.026958561501991163
1370.4828531367484,0.0,1369.428,0.016614381693027758
1370.9483704102324,0.0,1369.894,-0.040030548346587924
1371.4138876837162,0.0,1370.358,-0.3973289682324934
1371.8794049572002,0.0,1370.824,0.02315037511532614
1372.3449222306842,0.0,1371.29,0.04057947447876531
1372.8104395041682,0.0,1371.756,0.02315037511532614
1373.275956777652,0.0,1372.221,-0.03131593373606134
1373.741474051136,0.0,1372.687,0.02097162406948394
1374.20699132462,0.0,1373.15,0.018793002881255738
1374.672508598104,0.0,1373.612,0.02315037511532614
1375.1380258715878,0.0,1374.08,0.012257139316571353
1375.6035431450719,0.0,1374.543,-0.1598562719905039
1376.0690604185559,0.0,1375.006,0.007899767082501175
1376.5345776920396,0.0,1375.475,0.014435760504799555
1377.0000949655237,0.0,1375.941,-0.026958561501991163
1377.4656122390077,0.0,1376.404,0.2780523005783688
1377.9311295124917,0.0,1376.869,0.007899767082501175
1378.3966467859755,0.0,1377.335,-0.02260131912553498
1378.8621640594595,0.0,1377.8,0.007899767082501175
1379.3276813329435,0.0,1378.266,-0.3646492608362293
1379.7931986064275,0.0,1378.732,0.005721145894272972
1380.2587158799113,0.0,1379.191,-0.055281026521799115
1380.7242331533953,0.0,1379.657,-0.040030548346587924
1381.1897504268793,0.0,1380.124,-0.14460566395767893
1381.6552677003633,0.0,1380.587,0.018793002881255738
1382.120784973847,0.0,1381.05,0.02315037511532614
1382.586302247331,0.0,1381.52,-0.026958561501991163
1383.0518195208151,0.0,1381.983,-0.033494554924289544
1383.517336794299,0.0,1382.446,0.014435760504799555
1383.982854067783,0.0,1382.912,-0.009529462138551992
1384.448371341267,0.0,1383.376,0.02750761749178232
1384.913888614751,0.0,1383.841,-0.026958561501991163
1385.3794058882347,0.0,1384.305,-0.03131593373606134
1385.8449231617187,0.0,1384.771,0.014435760504799555
1386.3104404352027,0.0,1385.235,0.005721145894272972
1386.7759577086867,0.0,1385.701,-0.03131593373606134
1387.2414749821705,0.0,1386.169,-0.02477994031376296
1387.7069922556545,0.0,1386.635,0.014435760504799555
1388.1725095291386,0.0,1387.098,0.02532899630355412
1388.6380268026226,0.0,1387.561,-0.033494554924289544
1389.1035440761063,0.0,1388.032,-0.03131593373606134
1389.5690613495904,0.0,1388.494,0.02315037511532614
1390.0345786230744,0.0,1388.961,0.02315037511532614
1390.5000958965582,0.0,1389.424,0.014435760504799555
1390.9656131700422,0.0,1389.89,-0.013886704515008397
1391.4311304435262,0.0,1390.354,-0.02913731254783336
1391.8966477170102,0.0,1390.82,0.018793002881255738
1392.362164990494,0.0,1391.28,0.02315037511532614
1392.827682263978,0.0,1391.745,0.02315037511532614
1393.293199537462,0.0,1392.216,-0.03131593373606134
1393.758716810946,0.0,1392.675,0.06890193949857304
1394.2242340844298,0.0,1393.146,0.49156003389223457
1394.6897513579138,0.0,1393.609,0.02315037511532614
1395.1552686313978,0.0,1394.072,0.0340436109140807
1395.6207859048816,0.0,1394.535,-0.026958561501991163
1396.0863031783656,0.0,1395.006,-0.03131593373606134
1396.5518204518496,0.0,1395.468,0.02315037511532614
1397.0173377253336,0.0,1395.934,-0.040030548346587924
1397.4828549988174,0.0,1396.397,0.014435760504799555
1397.9483722723014,0.0,1396.863,-0.02260131912553498
1398.4138895457854,0.0,1397.328,0.16258381931090926
1398.8794068192694,0.0,1397.793,0.007899767082501175
1399.3449240927532,0.0,1398.258,-0.08578211272983505
1399.8104413662372,0.0,1398.724,0.02315037511532614
1400.2759586397212,0.0,1399.191,-0.03131593373606134
1400.7414759132052,0.0,1399.657,0.02315037511532614
1401.206993186689,0.0,1400.117,0.02315037511532614
1401.672510460173,0.0,1400.586,-0.026958561501991163
1402.138027733657,0.0,1401.047,0.016614381693027758
1402.6035450071408,0.0,1401.51,-0.040030548346587924
1403.0690622806248,0.0,1401.98,-0.02260131912553498
1403.5345795541089,0.0,1402.442,0.02750761749178232
1404.0000968275929,0.0,1402.908,-0.03131593373606134
1404.4656141010767,0.0,1403.372,-0.026958561501991163
1404.9311313745607,0.0,1403.838,0.02315037511532614
1405.3966486480447,0.0,1404.303,0.02315037511532614
1405.8621659215287,0.0,1404.768,-0.02260131912553498
1406.3276831950125,0.0,1405.235,-0.013886704515008397
1406.7932004684965,0.0,1405.701,0.02097162406948394
1407.2587177419805,0.0,1406.166,0.02315037511532614
1407.7242350154645,0.0,1406.631,-0.026958561501991163
1408.1897522889483,0.0,1407.095,0.02315037511532614
1408.6552695624323,0.0,1407.557,-0.02260131912553498
1409.1207868359163,0.0,1408.021,-0.03131593373606134
1409.5863041094,0.0,1408.491,0.029686238680010524
1410.051821382884,0.0,1408.957,-0.040030548346587924
1410.517338656368,0.0,1409.415,0.018793002881255738
1410.9828559298521,0.0,1409.88,0.014435760504799555
1411.448373203336,0.0,1410.346,-0.03131593373606134
1411.91389047682,0.0,1410.812,0.014435760504799555
1412.379407750304,0.0,1411.278,0.05365146132336207
1412.844925023788,0.0,1411.744,0.02315037511532614
1413.3104422972717,0.0,1412.21,-0.0160653257032366
1413.7759595707557,0.0,1412.675,0.02315037511532614
1414.2414768442397,0.0,1413.135,-0.17292812897748666
1414.7069941177238,0.0,1413.605,-0.02260131912553498
1415.1725113912075,0.0,1414.069,0.018793002881255738
1415.6380286646915,0.0,1414.531,-0.002993468716253611
1416.1035459381756,0.0,1414.995,-0.03131593373606134
1416.5690632116593,0.0,1415.465,0.007899767082501175
1417.0345804851434,0.0,1415.93,-0.03131593373606134
1417.5000977586274,0.0,1416.394,0.0035425247060447695
1417.9656150321114,0.0,1416.86,0.05583008251159027
1418.4311323055952,0.0,1417.325,0.0013637736602027939
1418.8966495790792,0.0,1417.79,-0.035673176112517746
1419.3621668525632,0.0,1418.254,-0.03131593373606134
1419.8276841260472,0.0,1418.72,0.02315037511532614
1420.293201399531,0.0,1419.184,0.02097162406948394
1420.758718673015,0.0,1419.65,-0.033494554924289544
1421.224235946499,0.0,1420.113,0.014435760504799555
1421.6897532199828,0.0,1420.575,-0.03131593373606134
1422.1552704934668,0.0,1421.043,-0.02913731254783336
1422.6207877669508,0.0,1421.505,0.17347705510966405
1423.0863050404348,0.0,1421.976,0.02315037511532614
1423.5518223139186,0.0,1422.439,-0.02913731254783336
1424.0173395874026,0.0,1422.904,0.1364401053369435
1424.4828568608866,0.0,1423.369,-0.002993468716253611
1424.9483741343706,0.0,1423.835,-0.03785179730074595
1425.4138914078544,0.0,1424.302,0.02315037511532614
1425.8794086813384,0.0,1424.76,-0.03131593373606134
1426.3449259548224,0.0,1425.231,-0.0160653257032366
1426.8104432283064,0.0,1425.697,0.02315037511532614
1427.2759605017902,0.0,1426.162,0.018793002881255738
1427.7414777752742,0.0,1426.62,0.02097162406948394
1428.2069950487582,0.0,1427.091,0.02532899630355412
1428.672512322242,0.0,1427.554,-0.002993468716253611
1429.138029595726,0.0,1428.017,-0.03131593373606134
1429.60354686921,0.0,1428.487,0.02315037511532614
1430.069064142694,0.0,1428.945,0.016614381693027758
1430.5345814161778,0.0,1429.415,0.02315037511532614
1431.0000986896619,0.0,1429.88,-0.026958561501991163
1431.4656159631459,0.0,1430.34,0.02315037511532614
1431.9311332366299,0.0,1430.805,-0.02913731254783336
1432.3966505101137,0.0,1431.272,0.029686238680010524
1432.8621677835977,0.0,1431.738,-0.0160653257032366
1433.3276850570817,0.0,1432.203,0.1473333411356983
1433.7932023305657,0.0,1432.668,0.02097162406948394
1434.2587196040495,0.0,1433.131,0.051472710277520095
1434.7242368775335,0.0,1433.601,-0.02260131912553498
1435.1897541510175,0.0,1434.062,-0.0160653257032366
1435.6552714245013,0.0,1434.531,0.005721145894272972
1436.1207886979853,0.0,1434.995,0.04929408908929189
1436.5863059714693,0.0,1435.458,-0.026958561501991163
1437.0518232449533,0.0,1435.924,0.02315037511532614
1437.517340518437,0.0,1436.389,-0.03131593373606134
1437.982857791921,0.0,1436.855,0.02097162406948394
1438.4483750654051,0.0,1437.32,0.02315037511532614
1438.9138923388891,0.0,1437.786,-0.020422697937306777
1439.379409612373,0.0,1438.251,-0.020422697937306777
1439.844926885857,0.0,1438.716,0.02315037511532614
1440.310444159341,0.0,1439.18,0.02315037511532614
1440.775961432825,0.0,1439.645,0.02315037511532614
1441.2414787063087,0.0,1440.106,0.02097162406948394
1441.7069959797927,0.0,1440.576,0.02315037511532614
1442.1725132532767,0.0,1441.039,-0.02477994031376296
1442.6380305267605,0.0,1441.502,0.02532899630355412
1443.1035478002445,0.0,1441.965,0.4479869608396019
1443.5690650737286,0.0,1442.435,-0.020422697937306777
1444.0345823472126,0.0,1442.9,0.02315037511532614
1444.5000996206963,0.0,1443.365,0.02750761749178232
1444.9656168941804,0.0,1443.83,0.02315037511532614
1445.4311341676644,0.0,1444.294,0.27369492834429865
1445.8966514411484,0.0,1444.76,0.16694119154497944
1446.3621687146322,0.0,1445.225,0.036222232102308904
1446.8276859881162,0.0,1445.69,0.02315037511532614
1447.2932032616002,0.0,1446.154,0.014435760504799555
1447.7587205350842,0.0,1446.616,-0.013886704515008397
1448.224237808568,0.0,1447.08,0.016614381693027758
1448.689755082052,0.0,1447.55,0.02532899630355412
1449.155272355536,0.0,1448.013,-0.007350711092710016
1449.6207896290198,0.0,1448.476,0.012257139316571353
1450.0863069025038,0.0,1448.941,-0.020422697937306777
1450.5518241759878,0.0,1449.411,-0.0639956411323257
1451.0173414494718,0.0,1449.877,0.05365146132336207
1451.4828587229556,0.0,1450.335,0.02315037511532614
1451.9483759964396,0.0,1450.801,-0.02260131912553498
1452.4138932699236,0.0,1451.266,-0.03131593373606134
1452.8794105434076,0.0,1451.732,0.02315037511532614
1453.3449278168914,0.0,1452.198,0.014435760504799555
1453.8104450903754,0.0,1452.664,-0.002993468716253611
1454.2759623638594,0.0,1453.132,0.036222232102308904
1454.7414796373432,0.0,1453.594,0.22576474277282332
1455.2069969108272,0.0,1454.058,-0.03131593373606134
1455.6725141843112,0.0,1454.52,0.02315037511532614
1456.1380314577953,0.0,1454.991,0.005721145894272972
1456.603548731279,0.0,1455.454,-0.03131593373606134
1457.069066004763,0.0,1455.919,0.02315037511532614
1457.534583278247,0.0,1456.382,-0.02260131912553498
1458.000100551731,0.0,1456.848,0.02097162406948394
1458.4656178252148,0.0,1457.313,0.02097162406948394
1458.9311350986989,0.0,1457.779,-0.02913731254783336
1459.3966523721829,0.0,1458.244,-0.018244076749078575
1459.8621696456669,0.0,1458.709,0.02097162406948394
1460.3276869191507,0.0,1459.176,0.018793002881255738
1460.7932041926347,0.0,1459.635,0.02097162406948394
1461.2587214661187,0.0,1460.103,-0.013886704515008397
1461.7242387396025,0.0,1460.565,0.036222232102308904
1462.1897560130865,0.0,1461.035,-0.013886704515008397
1462.6552732865705,0.0,1461.498,0.014435760504799555
1463.1207905600545,0.0,1461.969,-0.17510675016571486
1463.5863078335383,0.0,1462.432,0.02315037511532614
1464.0518251070223,0.0,1462.89,0.014435760504799555
1464.5173423805063,0.0,1463.355,0.014435760504799555
1464.9828596539903,0.0,1463.821,-0.02260131912553498
1465.448376927474,0.0,1464.288,-0.011708083326780194
1465.913894200958,0.0,1464.754,-0.0008148475280254086
1466.3794114744421,0.0,1465.221,0.02315037511532614
1466.8449287479261,0.0,1465.686,0.3390544729944409
1467.31044602141,0.0,1466.147,0.02315037511532614
1467.775963294894,0.0,1466.616,0.042758225524607285
1468.241480568378,0.0,1467.08,-0.026958561501991163
1468.7069978418617,0.0,1467.542,-0.04438779072304433
1469.1725151153457,0.0,1468.006,-0.020422697937306777
1469.6380323888297,0.0,1468.476,-0.02477994031376296
1470.1035496623138,0.0,1468.941,0.04057947447876531
1470.5690669357975,0.0,1469.404,-0.03131593373606134
1471.0345842092815,0.0,1469.87,0.02532899630355412
1471.5001014827656,0.0,1470.335,0.02315037511532614
1471.9656187562496,0.0,1470.801,-0.0160653257032366
1472.4311360297334,0.0,1471.266,0.02315037511532614
1472.8966533032174,0.0,1471.731,0.02315037511532614
1473.3621705767014,0.0,1472.195,0.016614381693027758
1473.8276878501854,0.0,1472.661,-0.3014684672319292
1474.2932051236692,0.0,1473.124,0.02097162406948394
1474.7587223971532,0.0,1473.587,-0.03131593373606134
1475.2242396706372,0.0,1474.05,-0.02260131912553498
1475.689756944121,0.0,1474.52,0.005721145894272972
1476.155274217605,0.0,1474.984,0.02315037511532614
1476.620791491089,0.0,1475.446,-0.03131593373606134
1477.086308764573,0.0,1475.912,0.0340436109140807
1477.5518260380568,0.0,1476.379,0.02315037511532614
1478.0173433115408,0.0,1476.845,0.05365146132336207
1478.4828605850248,0.0,1477.309,-0.12499781354839756
1478.9483778585088,0.0,1477.775,-0.020422697937306777
1479.4138951319926,0.0,1478.239,-0.02260131912553498
1479.8794124054766,0.0,1478.704,0.02315037511532614
1480.3449296789606,0.0,1479.169,0.016614381693027758
1480.8104469524444,0.0,1479.635,-0.026958561501991163
1481.2759642259284,0.0,1480.098,-0.020422697937306777
1481.7414814994124,0.0,1480.561,0.016614381693027758
1482.2069987728964,0.0,1481.032,0.02315037511532614
1482.6725160463802,0.0,1481.494,-0.013886704515008397
1483.1380333198642,0.0,1481.961,-0.17074950778925868
1483.6035505933482,0.0,1482.424,0.12554686953818872
1484.0690678668323,0.0,1482.89,0.02097162406948394
1484.534585140316,0.0,1483.35,0.02315037511532614
1485.0001024138,0.0,1483.815,0.02532899630355412
1485.465619687284,0.0,1484.28,-0.013886704515008397
1485.931136960768,0.0,1484.746,0.018793002881255738
1486.3966542342519,0.0,1485.21,0.02097162406948394
1486.8621715077359,0.0,1485.676,-0.03131593373606134
1487.3276887812199,0.0,1486.146,-0.3080043307966136
1487.7932060547037,0.0,1486.609,0.05365146132336207
1488.2587233281877,0.0,1487.076,0.018793002881255738
1488.7242406016717,0.0,1487.539,0.029686238680010524
1489.1897578751557,0.0,1488.006,0.0035425247060447695
1489.6552751486395,0.0,1488.468,-0.02260131912553498
1490.1207924221235,0.0,1488.934,0.012257139316571353
1490.5863096956075,0.0,1489.396,-0.03131593373606134
1491.0518269690915,0.0,1489.862,0.014435760504799555
1491.5173442425753,0.0,1490.327,0.02315037511532614
1491.9828615160593,0.0,1490.793,-0.02260131912553498
1492.4483787895433,0.0,1491.257,-0.02477994031376296
1492.9138960630273,0.0,1491.723,0.02315037511532614
1493.379413336511,0.0,1492.187,0.02315037511532614
1493.8449306099951,0.0,1492.653,-0.03131593373606134
1494.3104478834791,0.0,1493.121,-0.02260131912553498
1494.775965156963,0.0,1493.583,0.02097162406948394
1495.241482430447,0.0,1494.046,-0.0160653257032366
1495.706999703931,0.0,1494.517,-0.03131593373606134
1496.172516977415,0.0,1494.98,0.04493684671283549
1496.6380342508987,0.0,1495.442,-0.002993468716253611
1497.1035515243827,0.0,1495.908,0.02532899630355412
1497.5690687978667,0.0,1496.373,0.02532899630355412
1498.0345860713508,0.0,1496.839,0.02315037511532614
1498.5001033448345,0.0,1497.305,-0.05092378414534271
1498.9656206183186,0.0,1497.771,0.02097162406948394
1499.4311378918026,0.0,1498.235,0.02315037511532614
1499.8966551652866,0.0,1498.701,0.02315037511532614
1500.3621724387704,0.0,1499.166,-0.026958561501991163
1500.8276897122544,0.0,1499.631,0.0035425247060447695
1501.2932069857384,0.0,1500.094,-0.020422697937306777
1501.7587242592222,0.0,1500.557,0.016614381693027758
1502.2242415327062,0.0,1501.02,0.08197379648555603
1502.6897588061902,0.0,1501.491,-0.0160653257032366
1503.1552760796742,0.0,1501.957,0.018793002881255738
1503.620793353158,0.0,1502.415,0.018793002881255738
1504.086310626642,0.0,1502.88,-0.03131593373606134
1504.551827900126,0.0,1503.347,-0.026958561501991163
1505.01734517361,0.0,1503.813,0.014435760504799555
1505.4828624470938,0.0,1504.28,0.016614381693027758
1505.9483797205778,0.0,1504.746,-0.055281026521799115
1506.4138969940618,0.0,1505.206,0.005721145894272972
1506.8794142675458,0.0,1505.673,0.13208273310287333
1507.3449315410296,0.0,1506.135,0.018793002881255738
1507.8104488145136,0.0,1506.605,0.02532899630355412
1508.2759660879976,0.0,1507.065,-0.02260131912553498
1508.7414833614814,0.0,1507.535,0.3281612371956859
1509.2070006349654,0.0,1507.998,0.018793002881255738
1509.6725179084494,0.0,1508.461,-0.005172089904481814
1510.1380351819334,0.0,1508.926,0.02315037511532614
1510.6035524554172,0.0,1509.39,-0.03131593373606134
1511.0690697289012,0.0,1509.856,0.02315037511532614
1511.5345870023853,0.0,1510.32,-0.13153380697069594
1512.0001042758693,0.0,1510.786,0.02315037511532614
1512.465621549353,0.0,1511.251,0.02315037511532614
1512.931138822837,0.0,1511.717,-0.02913731254783336
1513.396656096321,0.0,1512.184,-0.0661742623205539
1513.8621733698049,0.0,1512.649,-0.03131593373606134
1514.3276906432889,0.0,1513.11,-0.03131593373606134
1514.7932079167729,0.0,1513.579,0.02315037511532614
1515.2587251902569,0.0,1514.047,0.02315037511532614
1515.7242424637407,0.0,1514.509,-0.03131593373606134
1516.1897597372247,0.0,1514.972,0.012257139316571353
1516.6552770107087,0.0,1515.435,0.07761655410909962
1517.1207942841927,0.0,1515.901,-0.0661742623205539
1517.5863115576765,0.0,1516.366,-0.020422697937306777
1518.0518288311605,0.0,1516.831,0.014435760504799555
1518.5173461046445,0.0,1517.298,-0.02913731254783336
1518.9828633781285,0.0,1517.763,0.005721145894272972
1519.4483806516123,0.0,1518.228,0.018793002881255738
1519.9138979250963,0.0,1518.693,-0.013886704515008397
1520.3794151985803,0.0,1519.166,0.014435760504799555
1520.844932472064,0.0,1519.624,0.016614381693027758
1521.310449745548,0.0,1520.087,-0.018244076749078575
1521.7759670190321,0.0,1520.55,0.0013637736602027939
1522.2414842925161,0.0,1521.02,0.02315037511532614
1522.707001566,0.0,1521.482,-0.005172089904481814
1523.172518839484,0.0,1521.948,0.051472710277520095
1523.638036112968,0.0,1522.411,-0.040030548346587924
1524.103553386452,0.0,1522.878,0.007899767082501175
1524.5690706599357,0.0,1523.343,-0.013886704515008397
1525.0345879334197,0.0,1523.809,0.02315037511532614
1525.5001052069038,0.0,1524.276,0.016614381693027758
1525.9656224803878,0.0,1524.741,-0.2666100087898229
1526.4311397538715,0.0,1525.206,-0.07924624916515066
1526.8966570273556,0.0,1525.671,-0.02260131912553498
1527.3621743008396,0.0,1526.132,-0.040030548346587924
1527.8276915743234,0.0,1526.601,0.014435760504799555
1528.2932088478074,0.0,1527.065,0.018793002881255738
1528.7587261212914,0.0,1527.527,-0.026958561501991163
1529.2242433947754,0.0,1527.991,0.02097162406948394
1529.6897606682592,0.0,1528.461,0.0013637736602027939
1530.1552779417432,0.0,1528.92,0.005721145894272972
1530.6207952152272,0.0,1529.391,0.2845882940006672
1531.0863124887112,0.0,1529.856,0.2388365997598063
1531.551829762195,0.0,1530.321,0.02315037511532614
1532.017347035679,0.0,1530.787,-0.29711109499785904
1532.482864309163,0.0,1531.246,0.02097162406948394
1532.948381582647,0.0,1531.712,-0.035673176112517746
1533.4138988561308,0.0,1532.177,-0.02477994031376296
1533.8794161296148,0.0,1532.643,0.02315037511532614
1534.3449334030988,0.0,1533.106,-0.02260131912553498
1534.8104506765826,0.0,1533.575,0.02315037511532614
1535.2759679500666,0.0,1534.036,0.014435760504799555
1535.7414852235506,0.0,1534.505,0.04057947447876531
1536.2070024970346,0.0,1534.969,-0.03131593373606134
1536.6725197705184,0.0,1535.431,0.02097162406948394
1537.1380370440024,0.0,1535.897,-0.03131593373606134
1537.6035543174864,0.0,1536.364,0.04929408908929189
1538.0690715909705,0.0,1536.83,0.029686238680010524
1538.5345888644542,0.0,1537.291,-0.0160653257032366
1539.0001061379382,0.0,1537.757,0.018793002881255738
1539.4656234114223,0.0,1538.224,0.02315037511532614
1539.9311406849063,0.0,1538.689,-0.02260131912553498
1540.39665795839,0.0,1539.15,0.014435760504799555
1540.862175231874,0.0,1539.621,0.042758225524607285
1541.327692505358,0.0,1540.083,0.014435760504799555
1541.7932097788419,0.0,1540.546,-0.040030548346587924
1542.2587270523259,0.0,1541.017,-0.013886704515008397
1542.7242443258099,0.0,1541.479,0.010078388270729377
1543.189761599294,0.0,1541.945,-0.312361703030684
1543.6552788727777,0.0,1542.408,0.029686238680010524
1544.1207961462617,0.0,1542.874,0.02315037511532614
1544.5863134197457,0.0,1543.34,0.02532899630355412
1545.0518306932297,0.0,1543.805,-0.0008148475280254086
1545.5173479667135,0.0,1544.265,0.0863311687196262
1545.9828652401975,0.0,1544.731,-0.035673176112517746
1546.4483825136815,0.0,1545.195,-0.013886704515008397
1546.9138997871653,0.0,1545.661,0.02315037511532614
1547.3794170606493,0.0,1546.132,0.02750761749178232
1547.8449343341333,0.0,1546.594,0.02315037511532614
1548.3104516076173,0.0,1547.062,-0.03131593373606134
1548.775968881101,0.0,1547.524,0.02315037511532614
1549.2414861545851,0.0,1547.987,-0.0661742623205539
1549.7070034280691,0.0,1548.45,0.02532899630355412
1550.1725207015531,0.0,1548.915,0.02097162406948394
1550.638037975037,0.0,1549.387,-0.03131593373606134
1551.103555248521,0.0,1549.845,-0.026958561501991163
1551.569072522005,0.0,1550.313,-0.02913731254783336
1552.034589795489,0.0,1550.778,0.018793002881255738
1552.5001070689727,0.0,1551.244,-0.061817019944097495
1552.9656243424567,0.0,1551.709,-0.02260131912553498
1553.4311416159408,0.0,1552.176,-0.0160653257032366
1553.8966588894245,0.0,1552.635,0.02315037511532614
1554.3621761629086,0.0,1553.105,0.051472710277520095
1554.8276934363926,0.0,1553.568,-0.05963839875586929
1555.2932107098766,0.0,1554.036,-0.02913731254783336
1555.7587279833604,0.0,1554.498,-0.007350711092710016
1556.2242452568444,0.0,1554.969,0.02750761749178232
1556.6897625303284,0.0,1555.431,0.007899767082501175
1557.1552798038124,0.0,1555.897,-0.02913731254783336
1557.6207970772962,0.0,1556.361,-0.013886704515008397
1558.0863143507802,0.0,1556.827,0.02097162406948394
1558.5518316242642,0.0,1557.291,0.029686238680010524
1559.0173488977482,0.0,1557.756,-0.02260131912553498
1559.482866171232,0.0,1558.221,-0.011708083326780194
1559.948383444716,0.0,1558.68,0.15604795574622488
1560.4139007182,0.0,1559.15,0.02315037511532614
1560.8794179916838,0.0,1559.613,-0.114104577749643
1561.3449352651678,0.0,1560.076,0.02315037511532614
1561.8104525386518,0.0,1560.546,-0.02260131912553498
1562.2759698121358,0.0,1561.007,-0.03131593373606134
1562.7414870856196,0.0,1561.476,0.02315037511532614
1563.2070043591036,0.0,1561.935,-0.03131593373606134
1563.6725216325876,0.0,1562.405,-0.009529462138551992
1564.1380389060716,0.0,1562.87,-0.020422697937306777
1564.6035561795554,0.0,1563.335,-0.02260131912553498
1565.0690734530394,0.0,1563.801,0.02097162406948394
1565.5345907265234,0.0,1564.265,0.02315037511532614
1566.0001080000075,0.0,1564.73,-0.02260131912553498
1566.4656252734912,0.0,1565.194,-0.026958561501991163
1566.9311425469753,0.0,1565.66,0.02097162406948394
1567.3966598204593,0.0,1566.124,0.2780523005783688
1567.862177093943,0.0,1566.586,0.018793002881255738
1568.327694367427,0.0,1567.054,-0.002993468716253611
1568.793211640911,0.0,1567.517,0.051472710277520095
1569.258728914395,0.0,1567.98,-0.005172089904481814
1569.7242461878789,0.0,1568.45,0.02315037511532614
1570.1897634613629,0.0,1568.915,-0.03131593373606134
1570.6552807348469,0.0,1569.379,-0.02477994031376296
1571.120798008331,0.0,1569.845,0.016614381693027758
1571.5863152818147,0.0,1570.31,0.005721145894272972
1572.0518325552987,0.0,1570.776,-0.020422697937306777
1572.5173498287827,0.0,1571.235,0.031864859868238726
1572.9828671022665,0.0,1571.701,-0.013886704515008397
1573.4483843757505,0.0,1572.166,0.04057947447876531
1573.9139016492345,0.0,1572.632,-0.007350711092710016
1574.3794189227185,0.0,1573.095,0.018793002881255738
1574.8449361962023,0.0,1573.564,-0.026958561501991163
1575.3104534696863,0.0,1574.028,-0.03131593373606134
1575.7759707431703,0.0,1574.49,0.051472710277520095
1576.2414880166543,0.0,1574.957,-0.0008148475280254086
1576.707005290138,0.0,1575.423,0.02315037511532614
1577.1725225636221,0.0,1575.888,0.07761655410909962
1577.6380398371061,0.0,1576.354,0.02315037511532614
1578.1035571105901,0.0,1576.82,0.32598261600745815
1578.569074384074,0.0,1577.28,0.02532899630355412
1579.034591657558,0.0,1577.745,-0.03131593373606134
1579.500108931042,0.0,1578.21,-0.03131593373606134
1579.9656262045257,0.0,1578.676,0.02315037511532614
1580.4311434780097,0.0,1579.147,0.02315037511532614
1580.8966607514938,0.0,1579.609,0.3129106291628614
1581.3621780249778,0.0,1580.072,0.016614381693027758
1581.8276952984615,0.0,1580.535,-0.02477994031376296
1582.2932125719456,0.0,1581.006,-0.018244076749078575
1582.7587298454296,0.0,1581.468,0.02315037511532614
1583.2242471189136,0.0,1581.934,-0.0160653257032366
1583.6897643923974,0.0,1582.397,0.016614381693027758
1584.1552816658814,0.0,1582.863,0.012257139316571353
1584.6207989393654,0.0,1583.327,-0.020422697937306777
1585.0863162128494,0.0,1583.793,0.036222232102308904
1585.5518334863332,0.0,1584.257,0.014435760504799555
1586.0173507598172,0.0,1584.723,-0.0160653257032366
1586.4828680333012,0.0,1585.187,-0.03131593373606134
1586.948385306785,0.0,1585.653,0.02315037511532614
1587.413902580269,0.0,1586.117,0.012257139316571353
1587.879419853753,0.0,1586.586,-0.040030548346587924
1588.344937127237,0.0,1587.047,-0.0008148475280254086
1588.8104544007208,0.0,1587.517,0.031864859868238726
1589.2759716742048,0.0,1587.98,0.042758225524607285
1589.7414889476888,0.0,1588.443,-0.02913731254783336
1590.2070062211728,0.0,1588.908,-0.013886704515008397
1590.6725234946566,0.0,1589.372,-0.02477994031376296
1591.1380407681406,0.0,1589.838,0.02315037511532614
1591.6035580416246,0.0,1590.302,0.02315037511532614
1592.0690753151086,0.0,1590.768,-0.03131593373606134
1592.5345925885924,0.0,1591.231,0.2758736793901406
1593.0001098620764,0.0,1591.697,0.051472710277520095
1593.4656271355605,0.0,1592.165,0.014435760504799555
1593.9311444090442,0.0,1592.631,-0.03131593373606134
1594.3966616825282,0.0,1593.091,0.014435760504799555
1594.8621789560123,0.0,1593.561,0.05583008251159027
1595.3276962294963,0.0,1594.024,-0.007350711092710016
1595.79321350298,0.0,1594.487,0.02315037511532614
1596.258730776464,0.0,1594.952,0.02315037511532614
1596.724248049948,0.0,1595.416,0.036222232102308904
1597.189765323432,0.0,1595.883,0.02750761749178232
1597.6552825969159,0.0,1596.35,0.042758225524607285
1598.1207998703999,0.0,1596.815,0.02315037511532614
1598.586317143884,0.0,1597.28,-0.03131593373606134
1599.051834417368,0.0,1597.746,0.0340436109140807
1599.5173516908517,0.0,1598.206,-0.02477994031376296
1599.9828689643357,0.0,1598.672,0.02315037511532614
1600.4483862378197,0.0,1599.135,-0.013886704515008397
1600.9139035113035,0.0,1599.605,-0.013886704515008397
1601.3794207847875,0.0,1600.065,0.02315037511532614
1601.8449380582715,0.0,1600.535,0.014435760504799555
1602.3104553317555,0.0,1600.995,0.014435760504799555
1602.7759726052393,0.0,1601.465,-0.055281026521799115
1603.2414898787233,0.0,1601.93,0.3041960145523346
1603.7070071522073,0.0,1602.393,0.014435760504799555
1604.1725244256913,0.0,1602.858,-0.013886704515008397
1604.6380416991751,0.0,1603.324,0.02315037511532614
1605.1035589726591,0.0,1603.79,-0.009529462138551992
1605.5690762461431,0.0,1604.254,-0.03131593373606134
1606.034593519627,0.0,1604.72,0.018793002881255738
1606.500110793111,0.0,1605.187,0.16911981273320764
1606.965628066595,0.0,1605.645,0.02532899630355412
1607.431145340079,0.0,1606.113,0.02315037511532614
1607.8966626135627,0.0,1606.575,-0.03131593373606134
1608.3621798870468,0.0,1607.043,-0.020422697937306777
1608.8276971605308,0.0,1607.505,0.02315037511532614
1609.2932144340148,0.0,1607.976,0.02315037511532614
1609.7587317074986,0.0,1608.438,-0.5716208708701831
1610.2242489809826,0.0,1608.904,0.042758225524607285
1610.6897662544666,0.0,1609.368,-0.02260131912553498
1611.1552835279506,0.0,1609.834,0.02097162406948394
1611.6208008014344,0.0,1610.298,0.018793002881255738
1612.0863180749184,0.0,1610.764,-0.026958561501991163
1612.5518353484024,0.0,1611.231,-0.02260131912553498
1613.0173526218862,0.0,1611.69,0.16476257035675146
1613.4828698953702,0.0,1612.162,-0.026958561501991163
1613.9483871688542,0.0,1612.621,-0.013886704515008397
1614.4139044423382,0.0,1613.091,-0.37118525425852766
1614.879421715822,0.0,1613.554,0.02315037511532614
1615.344938989306,0.0,1614.017,-0.03131593373606134
1615.81045626279,0.0,1614.487,-0.02260131912553498
1616.275973536274,0.0,1614.945,-0.02260131912553498
1616.7414908097578,0.0,1615.415,0.02315037511532614
1617.2070080832418,0.0,1615.88,-0.03131593373606134
1617.6725253567258,0.0,1616.346,0.007899767082501175
1618.1380426302098,0.0,1616.805,0.02315037511532614
1618.6035599036936,0.0,1617.277,0.02750761749178232
1619.0690771771776,0.0,1617.735,-0.011708083326780194
1619.5345944506616,0.0,1618.206,0.016614381693027758
1620.0001117241454,0.0,1618.665,0.02097162406948394
1620.4656289976294,0.0,1619.136,-0.03131593373606134
1620.9311462711134,0.0,1619.598,-0.013886704515008397
1621.3966635445975,0.0,1620.061,0.29548152979942177
1621.8621808180812,0.0,1620.531,0.018793002881255738
1622.3276980915653,0.0,1620.992,0.014435760504799555
1622.7932153650493,0.0,1621.461,-0.026958561501991163
1623.2587326385333,0.0,1621.926,0.06890193949857304
1623.724249912017,0.0,1622.39,-0.02913731254783336
1624.189767185501,0.0,1622.856,0.007899767082501175
1624.655284458985,0.0,1623.32,0.018793002881255738
1625.120801732469,0.0,1623.786,0.0035425247060447695
1625.5863190059529,0.0,1624.251,0.0340436109140807
1626.0518362794369,0.0,1624.71,0.02097162406948394
1626.517353552921,0.0,1625.177,0.02097162406948394
1626.9828708264047,0.0,1625.642,-0.03131593373606134
1627.4483880998887,0.0,1626.106,0.016614381693027758
1627.9139053733727,0.0,1626.576,0.02315037511532614
1628.3794226468567,0.0,1627.039,-0.02260131912553498
1628.8449399203405,0.0,1627.502,0.014435760504799555
1629.3104571938245,0.0,1627.97,0.014435760504799555
1629.7759744673085,0.0,1628.431,-0.02260131912553498
1630.2414917407925,0.0,1628.897,0.05583008251159027
1630.7070090142763,0.0,1629.362,0.014435760504799555
1631.1725262877603,0.0,1629.828,-0.02260131912553498
1631.6380435612443,0.0,1630.294,-0.06835288350878188
1632.1035608347283,0.0,1630.76,0.3129106291628614
1632.5690781082121,0.0,1631.22,-0.3537560250374747
1633.0345953816961,0.0,1631.685,-0.02477994031376296
1633.5001126551801,0.0,1632.154,0.13208273310287333
1633.965629928664,0.0,1632.616,-0.02260131912553498
1634.431147202148,0.0,1633.084,-0.02913731254783336
1634.896664475632,0.0,1633.547,0.014435760504799555
1635.362181749116,0.0,1634.017,0.0013637736602027939
1635.8276990225997,0.0,1634.479,-0.03131593373606134
1636.2932162960838,0.0,1634.945,0.016614381693027758
1636.7587335695678,0.0,1635.409,-0.020422697937306777
1637.2242508430518,0.0,1635.874,0.018793002881255738
1637.6897681165356,0.0,1636.34,-0.02260131912553498
1638.1552853900196,0.0,1636.805,0.1386187265251717
1638.6208026635036,0.0,1637.271,-0.033494554924289544
1639.0863199369874,0.0,1637.73,-0.02260131912553498
1639.5518372104714,0.0,1638.195,-0.02260131912553498
1640.0173544839554,0.0,1638.66,0.02532899630355412
1640.4828717574394,0.0,1639.128,0.005721145894272972
1640.9483890309232,0.0,1639.59,-0.009529462138551992
1641.4139063044072,0.0,1640.058,0.016614381693027758
1641.8794235778912,0.0,1640.521,0.031864859868238726
1642.3449408513752,0.0,1640.991,0.007899767082501175
1642.810458124859,0.0,1641.453,-0.013886704515008397
1643.275975398343,0.0,1641.919,0.018793002881255738
1643.741492671827,0.0,1642.382,0.036222232102308904
1644.207009945311,0.0,1642.848,0.02315037511532614
1644.6725272187948,0.0,1643.313,0.02097162406948394
1645.1380444922788,0.0,1643.779,-0.02260131912553498
1645.6035617657628,0.0,1644.246,0.007899767082501175
1646.0690790392466,0.0,1644.705,0.02097162406948394
1646.5345963127306,0.0,1645.172,0.02315037511532614
1647.0001135862146,0.0,1645.638,0.005721145894272972
1647.4656308596986,0.0,1646.106,-0.03131593373606134
1647.9311481331824,0.0,1646.568,0.02315037511532614
1648.3966654066664,0.0,1647.032,-0.020422697937306777
1648.8621826801505,0.0,1647.501,-0.02913731254783336
1649.3276999536345,0.0,1647.961,0.02315037511532614
1649.7932172271182,0.0,1648.431,0.05583008251159027
1650.2587345006023,0.0,1648.897,0.02315037511532614
1650.7242517740863,0.0,1649.361,0.02750761749178232
1651.1897690475703,0.0,1649.827,-0.02260131912553498
1651.655286321054,0.0,1650.29,-0.03131593373606134
1652.120803594538,0.0,1650.757,0.016614381693027758
1652.586320868022,0.0,1651.221,0.014435760504799555
1653.0518381415059,0.0,1651.687,-0.02913731254783336
1653.5173554149899,0.0,1652.15,-0.02913731254783336
1653.982872688474,0.0,1652.612,-0.013886704515008397
1654.448389961958,0.0,1653.081,0.031864859868238726
1654.9139072354417,0.0,1653.543,0.02315037511532614
1655.3794245089257,0.0,1654.006,0.04057947447876531
1655.8449417824097,0.0,1654.475,-0.02913731254783336
1656.3104590558937,0.0,1654.941,0.005721145894272972
1656.7759763293775,0.0,1655.404,-0.040030548346587924
1657.2414936028615,0.0,1655.869,0.02532899630355412
1657.7070108763455,0.0,1656.331,0.02315037511532614
1658.1725281498295,0.0,1656.797,-0.02260131912553498
1658.6380454233133,0.0,1657.262,0.07543793292087142
1659.1035626967973,0.0,1657.727,0.014435760504799555
1659.5690799702813,0.0,1658.194,0.014435760504799555
1660.0345972437651,0.0,1658.66,-0.03131593373606134
1660.5001145172491,0.0,1659.121,0.37391280157893325
1660.9656317907331,0.0,1659.59,0.02315037511532614
1661.4311490642172,0.0,1660.05,-0.02477994031376296
1661.896666337701,0.0,1660.52,0.018793002881255738
1662.362183611185,0.0,1660.98,0.016614381693027758
1662.827700884669,0.0,1661.45,0.02315037511532614
1663.293218158153,0.0,1661.916,-0.013886704515008397
1663.7587354316368,0.0,1662.38,0.02315037511532614
1664.2242527051208,0.0,1662.845,-0.013886704515008397
1664.6897699786048,0.0,1663.31,-0.33196955343996515
1665.1552872520886,0.0,1663.775,0.02097162406948394
1665.6208045255726,0.0,1664.235,0.04057947447876531
1666.0863217990566,0.0,1664.701,0.018793002881255738
1666.5518390725406,0.0,1665.166,0.018793002881255738
1667.0173563460244,0.0,1665.631,-0.026958561501991163
1667.4828736195084,0.0,1666.095,-0.013886704515008397
1667.9483908929924,0.0,1666.564,0.02315037511532614
1668.4139081664764,0.0,1667.025,0.012257139316571353
1668.8794254399602,0.0,1667.494,-0.02477994031376296
1669.3449427134442,0.0,1667.965,-0.0661742623205539
1669.8104599869282,0.0,1668.42,0.16911981273320764
1670.2759772604122,0.0,1668.886,0.02097162406948394
1670.741494533896,0.0,1669.35,0.018793002881255738
1671.20701180738,0.0,1669.815,-0.03131593373606134
1671.672529080864,0.0,1670.281,0.02315037511532614
1672.1380463543478,0.0,1670.746,0.02097162406948394
1672.6035636278318,0.0,1671.213,0.02315037511532614
1673.0690809013158,0.0,1671.679,-0.02477994031376296
1673.5345981747998,0.0,1672.147,-0.02260131912553498
1674.0001154482836,0.0,1672.609,0.02315037511532614
1674.4656327217676,0.0,1673.072,-0.026958561501991163
1674.9311499952516,0.0,1673.535,0.014435760504799555
1675.3966672687357,0.0,1674.006,0.02315037511532614
1675.8621845422194,0.0,1674.468,-0.009529462138551992
1676.3277018157034,0.0,1674.934,0.018793002881255738
1676.7932190891875,0.0,1675.396,-0.03131593373606134
1677.2587363626715,0.0,1675.862,0.02097162406948394
1677.7242536361553,0.0,1676.327,0.018793002881255738
1678.1897709096393,0.0,1676.793,0.005721145894272972
1678.6552881831233,0.0,1677.258,0.02315037511532614
1679.120805456607,0.0,1677.724,-0.013886704515008397
1679.586322730091,0.0,1678.191,-0.04874516295711451
1680.051840003575,0.0,1678.656,0.16040519812268106
1680.517357277059,0.0,1679.117,-0.03131593373606134
1680.9828745505429,0.0,1679.587,0.02315037511532614
1681.4483918240269,0.0,1680.05,0.02097162406948394
1681.913909097511,0.0,1680.512,-0.04874516295711451
1682.379426370995,0.0,1680.98,-0.0160653257032366
1682.8449436444787,0.0,1681.443,0.014435760504799555
1683.3104609179627,0.0,1681.909,-0.02477994031376296
1683.7759781914467,0.0,1682.376,-0.018244076749078575
1684.2414954649307,0.0,1682.841,0.042758225524607285
1684.7070127384145,0.0,1683.305,-0.03131593373606134
1685.1725300118985,0.0,1683.771,0.018793002881255738
1685.6380472853825,0.0,1684.236,0.0013637736602027939
1686.1035645588663,0.0,1684.702,0.02097162406948394
1686.5690818323503,0.0,1685.162,-0.033494554924289544
1687.0345991058343,0.0,1685.627,0.012257139316571353
1687.5001163793183,0.0,1686.095,0.02097162406948394
1687.9656336528021,0.0,1686.557,0.02315037511532614
1688.4311509262861,0.0,1687.02,0.02315037511532614
1688.8966681997701,0.0,1687.49,-0.009529462138551992
1689.3621854732542,0.0,1687.956,0.02315037511532614
1689.827702746738,0.0,1688.422,-0.013886704515008397
1690.293220020222,0.0,1688.88,0.02315037511532614
1690.758737293706,0.0,1689.347,-0.009529462138551992
1691.22425456719,0.0,1689.813,0.014435760504799555
1691.6897718406738,0.0,1690.28,0.04057947447876531
1692.1552891141578,0.0,1690.745,0.014435760504799555
1692.6208063876418,0.0,1691.206,-0.2557167729910683
1693.0863236611256,0.0,1691.672,0.02315037511532614
1693.5518409346096,0.0,1692.135,-0.0008148475280254086
1694.0173582080936,0.0,1692.605,0.02315037511532614
1694.4828754815776,0.0,1693.065,0.02315037511532614
1694.9483927550614,0.0,1693.535,-0.03131593373606134
1695.4139100285454,0.0,1693.998,-0.29275385262140263
1695.8794273020294,0.0,1694.461,0.16040519812268106
1696.3449445755134,0.0,1694.927,0.018793002881255738
1696.8104618489972,0.0,1695.39,0.02315037511532614
1697.2759791224812,0.0,1695.856,-0.03131593373606134
1697.7414963959652,0.0,1696.32,0.15169058351215448
1698.207013669449,0.0,1696.786,0.02315037511532614
1698.672530942933,0.0,1697.251,0.02315037511532614
1699.138048216417,0.0,1697.716,-0.02477994031376296
1699.603565489901,0.0,1698.184,-0.03131593373606134
1700.0690827633848,0.0,1698.649,0.029686238680010524
1700.5346000368688,0.0,1699.117,0.02315037511532614
1701.0001173103528,0.0,1699.579,0.014435760504799555
1701.4656345838368,0.0,1700.047,-0.3014684672319292
1701.9311518573206,0.0,1700.509,-0.020422697937306777
1702.3966691308046,0.0,1700.97,-0.020422697937306777
1702.8621864042887,0.0,1701.439,0.014435760504799555
1703.3277036777727,0.0,1701.905,0.0013637736602027939
1703.7932209512564,0.0,1702.365,0.02315037511532614
1704.2587382247405,0.0,1702.83,-0.0160653257032366
1704.7242554982245,0.0,1703.302,0.02315037511532614
1705.1897727717082,0.0,1703.76,0.02315037511532614
1705.6552900451923,0.0,1704.232,-0.07271025574285228
1706.1208073186763,0.0,1704.69,-0.03131593373606134
1706.5863245921603,0.0,1705.162,0.012257139316571353
1707.051841865644,0.0,1705.62,0.031864859868238726
1707.517359139128,0.0,1706.088,-0.0160653257032366
1707.982876412612,0.0,1706.55,0.26715906477961404
1708.448393686096,0.0,1707.02,0.018793002881255738
1708.9139109595799,0.0,1707.483,0.3041960145523346
1709.379428233064,0.0,1707.948,0.02097162406948394
1709.844945506548,0.0,1708.411,0.029686238680010524
1710.310462780032,0.0,1708.877,0.02315037511532614
1710.7759800535157,0.0,1709.343,-0.061817019944097495
1711.2414973269997,0.0,1709.808,0.02315037511532614
1711.7070146004837,0.0,1710.273,0.02097162406948394
1712.1725318739675,0.0,1710.739,-0.026958561501991163
1712.6380491474515,0.0,1711.206,-0.03131593373606134
1713.1035664209355,0.0,1711.672,0.02315037511532614
1713.5690836944195,0.0,1712.132,-0.02260131912553498
1714.0346009679033,0.0,1712.602,-0.05745964771002732
1714.5001182413873,0.0,1713.065,0.029686238680010524
1714.9656355148713,0.0,1713.527,0.02315037511532614
1715.4311527883553,0.0,1713.995,-0.02260131912553498
1715.8966700618391,0.0,1714.458,0.005721145894272972
1716.3621873353231,0.0,1714.924,-0.02477994031376296
1716.8277046088072,0.0,1715.39,0.005721145894272972
1717.2932218822912,0.0,1715.855,-0.013886704515008397
1717.758739155775,0.0,1716.32,-0.040030548346587924
1718.224256429259,0.0,1716.786,-0.0160653257032366
1718.689773702743,0.0,1717.246,0.02315037511532614
1719.1552909762268,0.0,1717.711,0.016614381693027758
1719.6208082497108,0.0,1718.177,-0.02260131912553498
1720.0863255231948,0.0,1718.642,0.018793002881255738
1720.5518427966788,0.0,1719.106,0.1364401053369435
1721.0173600701626,0.0,1719.576,-0.02913731254783336
1721.4828773436466,0.0,1720.039,0.018793002881255738
1721.9483946171306,0.0,1720.501,-0.020422697937306777
1722.4139118906146,0.0,1720.969,-0.0661742623205539
1722.8794291640984,0.0,1721.431,0.018793002881255738
1723.3449464375824,0.0,1721.897,-0.02913731254783336
1723.8104637110664,0.0,1722.362,0.1407973477133999
1724.2759809845504,0.0,1722.828,-0.007350711092710016
1724.7414982580342,0.0,1723.295,0.06890193949857304
1725.2070155315182,0.0,1723.76,-0.02260131912553498
1725.6725328050022,0.0,1724.224,0.05365146132336207
1726.138050078486,0.0,1724.69,0.08197379648555603
1726.60356735197,0.0,1725.15,0.02097162406948394
1727.069084625454,0.0,1725.621,-0.033494554924289544
1727.534601898938,0.0,1726.084,0.005721145894272972
1728.0001191724218,0.0,1726.546,-0.04220916953481613
1728.4656364459058,0.0,1727.017,-0.033494554924289544
1728.9311537193898,0.0,1727.479,0.018793002881255738
1729.3966709928739,0.0,1727.945,-0.02260131912553498
1729.8621882663576,0.0,1728.408,0.031864859868238726
1730.3277055398416,0.0,1728.873,0.007899767082501175
1730.7932228133257,0.0,1729.34,0.02315037511532614
1731.2587400868094,0.0,1729.805,-0.03131593373606134
1731.7242573602934,0.0,1730.265,0.014435760504799555
1732.1897746337775,0.0,1730.731,-0.03131593373606134
1732.6552919072615,0.0,1731.195,-0.040030548346587924
1733.1208091807453,0.0,1731.661,0.02315037511532614
1733.5863264542293,0.0,1732.131,0.02315037511532614
1734.0518437277133,0.0,1732.594,0.02315037511532614
1734.5173610011973,0.0,1733.061,-0.05745964771002732
1734.982878274681,0.0,1733.524,0.014435760504799555
1735.448395548165,0.0,1733.987,-0.020422697937306777
1735.913912821649,0.0,1734.45,0.02315037511532614
1736.379430095133,0.0,1734.915,-0.14460566395767893
1736.8449473686169,0.0,1735.38,-0.23610892258178695
1737.310464642101,0.0,1735.845,0.051472710277520095
1737.775981915585,0.0,1736.313,-0.020422697937306777
1738.2414991890687,0.0,1736.778,0.02315037511532614
1738.7070164625527,0.0,1737.243,-0.03131593373606134
1739.1725337360367,0.0,1737.709,0.02315037511532614
1739.6380510095207,0.0,1738.176,0.031864859868238726
1740.1035682830045,0.0,1738.635,0.014435760504799555
1740.5690855564885,0.0,1739.102,0.014435760504799555
1741.0346028299725,0.0,1739.572,-0.026958561501991163
1741.5001201034565,0.0,1740.035,-0.05092378414534271
1741.9656373769403,0.0,1740.498,0.016614381693027758
1742.4311546504243,0.0,1740.969,0.031864859868238726
1742.8966719239083,0.0,1741.431,0.21269275592822656
1743.3621891973924,0.0,1741.897,0.31726800139693134
1743.8277064708761,0.0,1742.362,0.02315037511532614
1744.2932237443601,0.0,1742.82,0.014435760504799555
1744.7587410178442,0.0,1743.287,0.02315037511532614
1745.224258291328,0.0,1743.753,-0.033494554924289544
1745.689775564812,0.0,1744.217,0.02097162406948394
1746.155292838296,0.0,1744.682,0.02315037511532614
1746.62081011178,0.0,1745.15,-0.002993468716253611
1747.0863273852638,0.0,1745.613,-0.03131593373606134
1747.5518446587478,0.0,1746.076,0.02097162406948394
1748.0173619322318,0.0,1746.546,0.02315037511532614
1748.4828792057158,0.0,1747.009,-0.03131593373606134
1748.9483964791996,0.0,1747.472,0.014435760504799555
1749.4139137526836,0.0,1747.938,-0.03131593373606134
1749.8794310261676,0.0,1748.401,0.018793002881255738
1750.3449482996516,0.0,1748.866,-0.026958561501991163
1750.8104655731354,0.0,1749.331,0.21051413473999836
1751.2759828466194,0.0,1749.797,0.02315037511532614
1751.7415001201034,0.0,1750.261,0.02315037511532614
1752.2070173935872,0.0,1750.727,-0.020422697937306777
1752.6725346670712,0.0,1751.192,0.3564837022154941
1753.1380519405552,0.0,1751.658,0.04929408908929189
1753.6035692140392,0.0,1752.121,0.04929408908929189
1754.069086487523,0.0,1752.59,-0.02260131912553498
1754.534603761007,0.0,1753.051,-0.02913731254783336
1755.000121034491,0.0,1753.521,-0.0008148475280254086
1755.465638307975,0.0,1753.984,-0.21867969336073378
1755.9311555814588,0.0,1754.446,0.014435760504799555
1756.3966728549428,0.0,1754.912,-0.018244076749078575
1756.8621901284268,0.0,1755.38,-0.02260131912553498
1757.3277074019106,0.0,1755.845,0.014435760504799555
1757.7932246753946,0.0,1756.31,0.051472710277520095
1758.2587419488787,0.0,1756.776,0.04493684671283549
1758.7242592223627,0.0,1757.236,-0.026958561501991163
1759.1897764958464,0.0,1757.702,-0.009529462138551992
1759.6552937693305,0.0,1758.166,0.014435760504799555
1760.1208110428145,0.0,1758.631,0.02315037511532614
1760.5863283162985,0.0,1759.102,0.02315037511532614
1761.0518455897823,0.0,1759.564,-0.03131593373606134
1761.5173628632663,0.0,1760.028,-0.02260131912553498
1761.9828801367503,0.0,1760.491,0.02315037511532614
1762.4483974102343,0.0,1760.957,0.0013637736602027939
1762.913914683718,0.0,1761.422,0.02750761749178232
1763.379431957202,0.0,1761.888,-0.03785179730074595
1763.844949230686,0.0,1762.354,0.014435760504799555
1764.3104665041699,0.0,1762.82,-0.026958561501991163
1764.775983777654,0.0,1763.28,0.014435760504799555
1765.241501051138,0.0,1763.746,-0.020422697937306777
1765.707018324622,0.0,1764.21,-0.013886704515008397
1766.1725355981057,0.0,1764.676,0.016614381693027758
1766.6380528715897,0.0,1765.146,0.02315037511532614
1767.1035701450737,0.0,1765.608,-0.1119259565614148
1767.5690874185577,0.0,1766.076,-0.009529462138551992
1768.0346046920415,0.0,1766.539,0.02315037511532614
1768.5001219655255,0.0,1767.002,-0.02477994031376296
1768.9656392390095,0.0,1767.465,0.016614381693027758
1769.4311565124935,0.0,1767.931,-0.03131593373606134
1769.8966737859773,0.0,1768.401,-0.02913731254783336
1770.3621910594613,0.0,1768.86,-0.0160653257032366
1770.8277083329453,0.0,1769.325,0.007899767082501175
1771.2932256064291,0.0,1769.791,-0.03131593373606134
1771.7587428799131,0.0,1770.258,-0.02260131912553498
1772.2242601533972,0.0,1770.723,0.16911981273320764
1772.6897774268812,0.0,1771.187,-0.02260131912553498
1773.155294700365,0.0,1771.652,0.031864859868238726
1773.620811973849,0.0,1772.12,0.02097162406948394
1774.086329247333,0.0,1772.583,-0.020422697937306777
1774.551846520817,0.0,1773.05,0.014435760504799555
1775.0173637943008,0.0,1773.512,0.02315037511532614
1775.4828810677848,0.0,1773.98,0.014435760504799555
1775.9483983412688,0.0,1774.442,0.02315037511532614
1776.4139156147528,0.0,1774.908,0.16040519812268106
1776.8794328882366,0.0,1775.373,0.018793002881255738
1777.3449501617206,0.0,1775.839,-0.020422697937306777
1777.8104674352046,0.0,1776.305,0.02097162406948394
1778.2759847086884,0.0,1776.771,0.0013637736602027939
1778.7415019821724,0.0,1777.235,-0.03131593373606134
1779.2070192556564,0.0,1777.701,-0.005172089904481814
1779.6725365291404,0.0,1778.166,0.02097162406948394
1780.1380538026242,0.0,1778.632,0.06454469712211686
1780.6035710761082,0.0,1779.094,0.014435760504799555
1781.0690883495922,0.0,1779.557,-0.02260131912553498
1781.5346056230762,0.0,1780.02,-0.02477994031376296
1782.00012289656,0.0,1780.491,0.016614381693027758
1782.465640170044,0.0,1780.957,-0.020422697937306777
1782.931157443528,0.0,1781.422,0.018793002881255738
1783.396674717012,0.0,1781.88,0.014435760504799555
1783.8621919904958,0.0,1782.347,0.014435760504799555
1784.3277092639798,0.0,1782.812,-0.018244076749078575
1784.7932265374639,0.0,1783.28,-0.03131593373606134
1785.2587438109476,0.0,1783.745,-0.0008148475280254086
1785.7242610844316,0.0,1784.21,0.02315037511532614
1786.1897783579157,0.0,1784.675,-0.29275385262140263
1786.6552956313997,0.0,1785.139,0.02315037511532614
1787.1208129048835,0.0,1785.601,-0.05092378414534271
1787.5863301783675,0.0,1786.069,-0.03131593373606134
1788.0518474518515,0.0,1786.531,0.02315037511532614
1788.5173647253355,0.0,1786.999,0.02750761749178232
1788.9828819988193,0.0,1787.461,0.02532899630355412
1789.4483992723033,0.0,1787.927,-0.02260131912553498
1789.9139165457873,0.0,1788.39,-0.033494554924289544
1790.379433819271,0.0,1788.856,0.005721145894272972
1790.844951092755,0.0,1789.321,0.007899767082501175
1791.310468366239,0.0,1789.786,-0.03131593373606134
1791.775985639723,0.0,1790.251,-0.02260131912553498
1792.241502913207,0.0,1790.717,0.02097162406948394
1792.707020186691,0.0,1791.184,0.02315037511532614
1793.172537460175,0.0,1791.649,-0.013886704515008397
1793.638054733659,0.0,1792.11,0.02097162406948394
1794.1035720071427,0.0,1792.58,0.0013637736602027939
1794.5690892806267,0.0,1793.043,-0.03131593373606134
1795.0346065541107,0.0,1793.506,0.018793002881255738
1795.5001238275947,0.0,1793.976,0.02315037511532614
1795.9656411010785,0.0,1794.439,-0.026958561501991163
1796.4311583745625,0.0,1794.904,0.060187324888046456
1796.8966756480465,0.0,1795.368,0.02315037511532614
1797.3621929215303,0.0,1795.834,0.02315037511532614
1797.8277101950143,0.0,1796.298,0.012257139316571353
1798.2932274684983,0.0,1796.763,-0.02260131912553498
1798.7587447419824,0.0,1797.228,0.07761655410909962
1799.2242620154661,0.0,1797.694,0.014435760504799555
1799.6897792889501,0.0,1798.162,-0.3297908023941232
1800.1552965624342,0.0,1798.62,-0.02477994031376296
1800.6208138359182,0.0,1799.091,-0.026958561501991163
1801.086331109402,0.0,1799.553,0.02315037511532614
1801.551848382886,0.0,1800.021,0.007899767082501175
1802.01736565637,0.0,1800.483,-0.04874516295711451
1802.482882929854,0.0,1800.949,0.014435760504799555
1802.9484002033378,0.0,1801.412,0.02532899630355412
1803.4139174768218,0.0,1801.877,0.005721145894272972
1803.8794347503058,0.0,1802.343,0.02315037511532614
1804.3449520237896,0.0,1802.808,-0.03131593373606134
1804.8104692972736,0.0,1803.273,-0.013886704515008397
1805.2759865707576,0.0,1803.739,0.02097162406948394
1805.7415038442416,0.0,1804.206,0.02097162406948394
1806.2070211177254,0.0,1804.672,-0.03131593373606134
1806.6725383912094,0.0,1805.135,0.02097162406948394
1807.1380556646934,0.0,1805.598,-0.013886704515008397
1807.6035729381774,0.0,1806.065,-0.013886704515008397
1808.0690902116612,0.0,1806.527,0.014435760504799555
1808.5346074851452,0.0,1806.991,0.32162524377338775
1809.0001247586292,0.0,1807.461,-0.03131593373606134
1809.4656420321132,0.0,1807.926,0.02315037511532614
1809.931159305597,0.0,1808.39,-0.0008148475280254086
1810.396676579081,0.0,1808.856,0.014435760504799555
1810.862193852565,0.0,1809.321,-0.020422697937306777
1811.3277111260488,0.0,1809.786,-0.005172089904481814
1811.7932283995328,0.0,1810.246,-0.03131593373606134
1812.2587456730168,0.0,1810.712,0.02097162406948394
1812.7242629465009,0.0,1811.18,0.018793002881255738
1813.1897802199846,0.0,1811.645,-0.03131593373606134
1813.6552974934687,0.0,1812.106,0.02097162406948394
1814.1208147669527,0.0,1812.576,0.014435760504799555
1814.5863320404367,0.0,1813.039,-0.040030548346587924
1815.0518493139205,0.0,1813.501,0.02097162406948394
1815.5173665874045,0.0,1813.969,0.02315037511532614
1815.9828838608885,0.0,1814.431,-0.02260131912553498
1816.4484011343725,0.0,1814.897,0.012257139316571353
1816.9139184078563,0.0,1815.362,0.02315037511532614
1817.3794356813403,0.0,1815.827,-0.033494554924289544
1817.8449529548243,0.0,1816.291,-0.02260131912553498
1818.310470228308,0.0,1816.757,0.02097162406948394
1818.775987501792,0.0,1817.224,0.014435760504799555
1819.241504775276,0.0,1817.69,0.02315037511532614
1819.70702204876,0.0,1818.15,-0.02260131912553498
1820.172539322244,0.0,1818.62,0.05583008251159027
1820.638056595728,0.0,1819.084,-0.02913731254783336
1821.103573869212,0.0,1819.546,0.02097162406948394
1821.569091142696,0.0,1820.017,0.012257139316571353
1822.0346084161797,0.0,1820.479,-0.03131593373606134
1822.5001256896637,0.0,1820.945,0.02315037511532614
1822.9656429631477,0.0,1821.408,-0.03131593373606134
1823.4311602366315,0.0,1821.873,0.12118949730411854
1823.8966775101155,0.0,1822.339,0.014435760504799555
1824.3621947835995,0.0,1822.805,-0.002993468716253611
1824.8277120570835,0.0,1823.265,-0.03131593373606134
1825.2932293305673,0.0,1823.731,0.02315037511532614
1825.7587466040513,0.0,1824.195,0.005721145894272972
1826.2242638775353,0.0,1824.661,-0.03131593373606134
1826.6897811510194,0.0,1825.131,-0.013886704515008397
1827.1552984245031,0.0,1825.594,-0.040030548346587924
1827.6208156979872,0.0,1826.062,0.0340436109140807
1828.0863329714712,0.0,1826.524,0.005721145894272972
1828.5518502449552,0.0,1826.987,0.02315037511532614
1829.017367518439,0.0,1827.45,-0.033494554924289544
1829.482884791923,0.0,1827.916,0.016614381693027758
1829.948402065407,0.0,1828.38,0.0013637736602027939
1830.4139193388908,0.0,1828.845,0.3804487950012314
1830.8794366123748,0.0,1829.313,-0.03131593373606134
1831.3449538858588,0.0,1829.779,0.13208273310287333
1831.8104711593428,0.0,1830.243,-0.013886704515008397
1832.2759884328266,0.0,1830.708,0.014435760504799555
1832.7415057063106,0.0,1831.173,0.014435760504799555
1833.2070229797946,0.0,1831.639,0.018793002881255738
1833.6725402532786,0.0,1832.102,0.02315037511532614
1834.1380575267624,0.0,1832.572,0.016614381693027758
1834.6035748002464,0.0,1833.035,0.02315037511532614
1835.0690920737304,0.0,1833.498,0.042758225524607285
1835.5346093472144,0.0,1833.969,-0.03131593373606134
1836.0001266206982,0.0,1834.431,0.02315037511532614
1836.4656438941822,0.0,1834.897,0.018793002881255738
1836.9311611676662,0.0,1835.362,-0.03131593373606134
1837.39667844115,0.0,1835.82,-0.02260131912553498
1837.862195714634,0.0,1836.287,-0.02260131912553498
1838.327712988118,0.0,1836.753,0.02315037511532614
1838.793230261602,0.0,1837.221,0.02315037511532614
1839.2587475350858,0.0,1837.686,-0.02477994031376296
1839.7242648085698,0.0,1838.147,-0.02913731254783336
1840.1897820820539,0.0,1838.617,0.02097162406948394
1840.6552993555379,0.0,1839.08,-0.02913731254783336
1841.1208166290216,0.0,1839.542,0.016614381693027758
1841.5863339025057,0.0,1840.006,0.02315037511532614
1842.0518511759897,0.0,1840.476,-0.026958561501991163
1842.5173684494737,0.0,1840.941,0.02097162406948394
1842.9828857229575,0.0,1841.404,-0.03131593373606134
1843.4484029964415,0.0,1841.87,0.02315037511532614
1843.9139202699255,0.0,1842.335,-0.02913731254783336
1844.3794375434093,0.0,1842.801,0.042758225524607285
1844.8449548168933,0.0,1843.266,0.014435760504799555
1845.3104720903773,0.0,1843.732,-0.03131593373606134
1845.7759893638613,0.0,1844.191,0.031864859868238726
1846.241506637345,0.0,1844.657,-0.0160653257032366
1846.707023910829,0.0,1845.124,-0.03131593373606134
1847.172541184313,0.0,1845.587,0.02315037511532614
1847.6380584577971,0.0,1846.05,-0.03131593373606134
1848.103575731281,0.0,1846.52,-0.011708083326780194
1848.569093004765,0.0,1846.983,0.02750761749178232
1849.034610278249,0.0,1847.446,-0.02913731254783336
1849.5001275517327,0.0,1847.912,0.02315037511532614
1849.9656448252167,0.0,1848.379,0.02097162406948394
1850.4311620987007,0.0,1848.845,-0.03131593373606134
1850.8966793721847,0.0,1849.305,0.02315037511532614
1851.3621966456685,0.0,1849.771,-0.02260131912553498
1851.8277139191525,0.0,1850.235,0.04493684671283549
1852.2932311926365,0.0,1850.701,0.1451547199474701
1852.7587484661206,0.0,1851.169,-0.033494554924289544
1853.2242657396043,0.0,1851.635,0.018793002881255738
1853.6897830130883,0.0,1852.098,-0.02260131912553498
1854.1553002865724,0.0,1852.561,0.02315037511532614
1854.6208175600564,0.0,1853.028,0.02315037511532614
1855.0863348335401,0.0,1853.49,-0.009529462138551992
1855.5518521070242,0.0,1853.956,0.02750761749178232
1856.0173693805082,0.0,1854.421,0.02097162406948394
1856.482886653992,0.0,1854.887,-0.03131593373606134
1856.948403927476,0.0,1855.354,-0.03131593373606134
1857.41392120096,0.0,1855.82,0.02532899630355412
1857.879438474444,0.0,1856.286,-0.02477994031376296
1858.3449557479278,0.0,1856.745,-0.020422697937306777
1858.8104730214118,0.0,1857.217,0.0013637736602027939
1859.2759902948958,0.0,1857.675,0.031864859868238726
1859.7415075683798,0.0,1858.143,-0.033494554924289544
1860.2070248418636,0.0,1858.606,0.02750761749178232
1860.6725421153476,0.0,1859.076,0.02097162406948394
1861.1380593888316,0.0,1859.539,-0.020422697937306777
1861.6035766623156,0.0,1860.002,-0.02260131912553498
1862.0690939357994,0.0,1860.472,0.042758225524607285
1862.5346112092834,0.0,1860.93,0.014435760504799555
1863.0001284827674,0.0,1861.401,0.051472710277520095
1863.4656457562512,0.0,1861.867,-0.02913731254783336
1863.9311630297352,0.0,1862.325,-0.03131593373606134
1864.3966803032192,0.0,1862.791,0.04057947447876531
1864.8621975767032,0.0,1863.258,0.02315037511532614
1865.327714850187,0.0,1863.724,-0.033494554924289544
1865.793232123671,0.0,1864.191,0.0340436109140807
1866.258749397155,0.0,1864.65,-0.013886704515008397
1866.724266670639,0.0,1865.12,-0.026958561501991163
1867.1897839441228,0.0,1865.582,0.02315037511532614
1867.6553012176068,0.0,1866.05,-0.026958561501991163
1868.1208184910909,0.0,1866.513,0.007899767082501175
1868.5863357645749,0.0,1866.976,0.02097162406948394
1869.0518530380587,0.0,1867.446,0.02750761749178232
1869.5173703115427,0.0,1867.911,0.02315037511532614
1869.9828875850267,0.0,1868.376,-0.026958561501991163
1870.4484048585105,0.0,1868.842,0.02315037511532614
1870.9139221319945,0.0,1869.306,0.02097162406948394
1871.3794394054785,0.0,1869.765,0.02097162406948394
1871.8449566789625,0.0,1870.231,0.02750761749178232
1872.3104739524463,0.0,1870.697,0.02315037511532614
1872.7759912259303,0.0,1871.161,0.02315037511532614
1873.2415084994143,0.0,1871.627,0.029686238680010524
1873.7070257728983,0.0,1872.095,0.02315037511532614
1874.172543046382,0.0,1872.557,0.014435760504799555
1874.638060319866,0.0,1873.02,0.02315037511532614
1875.10357759335,0.0,1873.49,-0.02260131912553498
1875.5690948668341,0.0,1873.957,0.02315037511532614
1876.034612140318,0.0,1874.422,-0.02477994031376296
1876.500129413802,0.0,1874.88,0.06890193949857304
1876.965646687286,0.0,1875.347,-0.013886704515008397
1877.4311639607697,0.0,1875.813,0.02532899630355412
1877.8966812342537,0.0,1876.28,0.02750761749178232
1878.3621985077377,0.0,1876.745,0.007899767082501175
1878.8277157812217,0.0,1877.209,0.02097162406948394
1879.2932330547055,0.0,1877.675,-0.020422697937306777
1879.7587503281895,0.0,1878.135,-0.05745964771002732
1880.2242676016735,0.0,1878.605,0.02315037511532614
1880.6897848751576,0.0,1879.065,0.1451547199474701
1881.1553021486413,0.0,1879.535,-0.0160653257032366
1881.6208194221254,0.0,1879.998,0.012257139316571353
1882.0863366956094,0.0,1880.461,-0.4692243764473203
1882.5518539690931,0.0,1880.927,0.018793002881255738
1883.0173712425772,0.0,1881.39,0.02315037511532614
1883.4828885160612,0.0,1881.856,-0.02913731254783336
1883.9484057895452,0.0,1882.32,0.02315037511532614
1884.413923063029,0.0,1882.786,-0.013886704515008397
1884.879440336513,0.0,1883.25,0.02315037511532614
1885.344957609997,0.0,1883.715,0.02315037511532614
1885.810474883481,0.0,1884.18,-0.07053163455462408
1886.2759921569648,0.0,1884.646,-0.02913731254783336
1886.7415094304488,0.0,1885.116,-0.4147581974535466
1887.2070267039328,0.0,1885.579,0.014435760504799555
1887.6725439774168,0.0,1886.047,-0.3036470884201574
1888.1380612509006,0.0,1886.509,-0.02260131912553498
1888.6035785243846,0.0,1886.977,-0.02913731254783336
1889.0690957978686,0.0,1887.438,0.02097162406948394
1889.5346130713524,0.0,1887.904,-0.03131593373606134
1890.0001303448364,0.0,1888.369,0.1909062843307172
1890.4656476183204,0.0,1888.835,0.02750761749178232
1890.9311648918044,0.0,1889.295,-0.009529462138551992
1891.3966821652882,0.0,1889.76,0.014435760504799555
1891.8621994387722,0.0,1890.228,0.018793002881255738
1892.3277167122562,0.0,1890.694,-0.02260131912553498
1892.7932339857402,0.0,1891.166,0.02315037511532614
1893.258751259224,0.0,1891.624,0.1473333411356983
1893.724268532708,0.0,1892.087,0.051472710277520095
1894.189785806192,0.0,1892.55,0.2540870779350173
1894.655303079676,0.0,1893.02,-0.03785179730074595
1895.1208203531598,0.0,1893.483,-0.020422697937306777
1895.5863376266439,0.0,1893.948,0.02315037511532614
1896.0518549001279,0.0,1894.412,0.031864859868238726
1896.5173721736116,0.0,1894.877,0.04711546790106369
1896.9828894470957,0.0,1895.342,-0.02913731254783336
1897.4484067205797,0.0,1895.808,0.04493684671283549
1897.9139239940637,0.0,1896.273,0.02097162406948394
1898.3794412675475,0.0,1896.739,-0.013886704515008397
1898.8449585410315,0.0,1897.206,-0.026958561501991163
1899.3104758145155,0.0,1897.672,0.018793002881255738
1899.7759930879995,0.0,1898.132,-0.14024842158122253
1900.2415103614833,0.0,1898.602,-0.03131593373606134
1900.7070276349673,0.0,1899.065,0.0013637736602027939
1901.1725449084513,0.0,1899.527,-0.02913731254783336
1901.6380621819353,0.0,1899.991,-0.002993468716253611
1902.103579455419,0.0,1900.461,0.02097162406948394
1902.569096728903,0.0,1900.92,-0.013886704515008397
1903.0346140023871,0.0,1901.391,-0.02260131912553498
1903.500131275871,0.0,1901.856,0.04057947447876531
1903.965648549355,0.0,1902.321,0.029686238680010524
1904.431165822839,0.0,1902.787,-0.02260131912553498
1904.896683096323,0.0,1903.246,0.02315037511532614
1905.3622003698067,0.0,1903.712,-0.03131593373606134
1905.8277176432907,0.0,1904.177,-0.020422697937306777
1906.2932349167747,0.0,1904.642,0.02097162406948394
1906.7587521902587,0.0,1905.106,-0.0160653257032366
1907.2242694637425,0.0,1905.576,-0.02913731254783336
1907.6897867372265,0.0,1906.039,0.012257139316571353
1908.1553040107106,0.0,1906.501,-0.0160653257032366
1908.6208212841943,0.0,1906.969,-0.04874516295711451
1909.0863385576783,0.0,1907.431,0.014435760504799555
1909.5518558311624,0.0,1907.897,-0.026958561501991163
1910.0173731046464,0.0,1908.364,-0.02477994031376296
1910.4828903781302,0.0,1908.83,0.018793002881255738
1910.9484076516142,0.0,1909.295,0.02097162406948394
1911.4139249250982,0.0,1909.761,-0.020422697937306777
1911.8794421985822,0.0,1910.221,0.02532899630355412
1912.344959472066,0.0,1910.686,-0.013886704515008397
1912.81047674555,0.0,1911.154,-0.005172089904481814
1913.275994019034,0.0,1911.616,0.02097162406948394
1913.741511292518,0.0,1912.08,0.02315037511532614
1914.2070285660018,0.0,1912.549,-0.026958561501991163
1914.6725458394858,0.0,1913.013,-0.08578211272983505
1915.1380631129698,0.0,1913.476,0.02315037511532614
1915.6035803864536,0.0,1913.941,-0.23393030139355875
1916.0690976599376,0.0,1914.411,0.014435760504799555
1916.5346149334216,0.0,1914.87,0.018793002881255738
1917.0001322069056,0.0,1915.335,-0.03131593373606134
1917.4656494803894,0.0,1915.801,0.005721145894272972
1917.9311667538734,0.0,1916.265,0.0013637736602027939
1918.3966840273574,0.0,1916.731,-0.020422697937306777
1918.8622013008414,0.0,1917.196,-0.009529462138551992
1919.3277185743252,0.0,1917.661,0.014435760504799555
1919.7932358478092,0.0,1918.125,0.17347705510966405
1920.2587531212932,0.0,1918.594,-0.03131593373606134
1920.7242703947772,0.0,1919.057,0.018793002881255738
1921.189787668261,0.0,1919.52,-0.009529462138551992
1921.655304941745,0.0,1919.988,-0.0160653257032366
1922.120822215229,0.0,1920.451,0.15604795574622488
1922.5863394887128,0.0,1920.917,0.02750761749178232
1923.0518567621968,0.0,1921.38,-0.03131593373606134
1923.5173740356809,0.0,1921.846,0.02315037511532614
1923.9828913091649,0.0,1922.313,0.07108056068680124
1924.4484085826487,0.0,1922.778,0.012257139316571353
1924.9139258561327,0.0,1923.243,0.005721145894272972
1925.3794431296167,0.0,1923.708,-0.020422697937306777
1925.8449604031007,0.0,1924.173,0.014435760504799555
1926.3104776765845,0.0,1924.639,0.0340436109140807
1926.7759949500685,0.0,1925.102,0.02315037511532614
1927.2415122235525,0.0,1925.572,-0.020422697937306777
1927.7070294970365,0.0,1926.032,-0.03131593373606134
1928.1725467705203,0.0,1926.501,0.02097162406948394
1928.6380640440043,0.0,1926.965,-0.24482353719231353
1929.1035813174883,0.0,1927.427,0.016614381693027758
1929.569098590972,0.0,1927.893,-0.020422697937306777
1930.034615864456,0.0,1928.358,0.04057947447876531
1930.50013313794,0.0,1928.824,0.02097162406948394
1930.9656504114241,0.0,1929.291,0.014435760504799555
1931.431167684908,0.0,1929.756,-0.026958561501991163
1931.896684958392,0.0,1930.22,-0.03131593373606134
1932.362202231876,0.0,1930.686,0.014435760504799555
1932.82771950536,0.0,1931.147,0.0340436109140807
1933.2932367788437,0.0,1931.617,-0.02260131912553498
1933.7587540523277,0.0,1932.079,0.016614381693027758
1934.2242713258117,0.0,1932.542,-0.02913731254783336
1934.6897885992958,0.0,1933.006,-0.02260131912553498
1935.1553058727795,0.0,1933.475,0.02315037511532614
1935.6208231462635,0.0,1933.941,-0.02477994031376296
1936.0863404197476,0.0,1934.404,0.02315037511532614
1936.5518576932313,0.0,1934.869,-0.002993468716253611
1937.0173749667154,0.0,1935.336,0.018793002881255738
1937.4828922401994,0.0,1935.802,-0.02260131912553498
1937.9484095136834,0.0,1936.261,0.018793002881255738
1938.4139267871672,0.0,1936.727,-0.02913731254783336
1938.8794440606512,0.0,1937.192,-0.020422697937306777
1939.3449613341352,0.0,1937.657,0.005721145894272972
1939.8104786076192,0.0,1938.12,0.1451547199474701
1940.275995881103,0.0,1938.59,-0.02913731254783336
1940.741513154587,0.0,1939.05,0.018793002881255738
1941.207030428071,0.0,1939.52,0.02315037511532614
1941.6725477015548,0.0,1939.98,-0.020422697937306777
1942.1380649750388,0.0,1940.45,0.19308490551894542
1942.6035822485228,0.0,1940.915,-0.04874516295711451
1943.0690995220068,0.0,1941.379,-0.03131593373606134
1943.5346167954906,0.0,1941.845,0.02315037511532614
1944.0001340689746,0.0,1942.309,0.02315037511532614
1944.4656513424586,0.0,1942.775,-0.02913731254783336
1944.9311686159426,0.0,1943.239,0.016614381693027758
1945.3966858894264,0.0,1943.705,0.02315037511532614
1945.8622031629104,0.0,1944.169,-0.026958561501991163
1946.3277204363944,0.0,1944.634,0.018793002881255738
1946.7932377098784,0.0,1945.095,0.02315037511532614
1947.2587549833622,0.0,1945.565,-0.026958561501991163
1947.7242722568462,0.0,1946.028,-0.03131593373606134
1948.1897895303302,0.0,1946.49,0.04493684671283549
1948.655306803814,0.0,1946.956,-0.17728537135394307
1949.120824077298,0.0,1947.422,0.02315037511532614
1949.586341350782,0.0,1947.887,0.02315037511532614
1950.051858624266,0.0,1948.354,0.02097162406948394
1950.5173758977498,0.0,1948.82,-0.02913731254783336
1950.9828931712339,0.0,1949.28,0.02097162406948394
1951.4484104447179,0.0,1949.746,-0.02260131912553498
1951.9139277182019,0.0,1950.214,0.2388365997598063
1952.3794449916857,0.0,1950.68,0.016614381693027758
1952.8449622651697,0.0,1951.143,0.014435760504799555
1953.3104795386537,0.0,1951.605,0.029686238680010524
1953.7759968121377,0.0,1952.073,-0.09667534852858983
1954.2415140856215,0.0,1952.535,-0.02260131912553498
1954.7070313591055,0.0,1953.006,-0.020422697937306777
1955.1725486325895,0.0,1953.468,0.018793002881255738
1955.6380659060733,0.0,1953.934,-0.0160653257032366
1956.1035831795573,0.0,1954.397,0.016614381693027758
1956.5691004530413,0.0,1954.863,0.051472710277520095
1957.0346177265253,0.0,1955.328,0.02315037511532614
1957.500135000009,0.0,1955.793,0.02315037511532614
1957.965652273493,0.0,1956.258,-0.026958561501991163
1958.4311695469771,0.0,1956.724,0.02315037511532614
1958.8966868204611,0.0,1957.191,0.02532899630355412
1959.362204093945,0.0,1957.657,0.018793002881255738
1959.827721367429,0.0,1958.117,0.005721145894272972
1960.293238640913,0.0,1958.58,-0.02477994031376296
1960.758755914397,0.0,1959.05,-0.02260131912553498
1961.2242731878807,0.0,1959.513,0.02532899630355412
1961.6897904613647,0.0,1959.976,-0.013886704515008397
1962.1553077348487,0.0,1960.446,-0.03131593373606134
1962.6208250083325,0.0,1960.912,0.02097162406948394
1963.0863422818165,0.0,1961.377,0.018793002881255738
1963.5518595553006,0.0,1961.835,0.018793002881255738
1964.0173768287846,0.0,1962.302,0.014435760504799555
1964.4828941022683,0.0,1962.768,-0.009529462138551992
1964.9484113757524,0.0,1963.236,-0.02260131912553498
1965.4139286492364,0.0,1963.701,0.014435760504799555
1965.8794459227204,0.0,1964.165,0.21051413473999836
1966.3449631962042,0.0,1964.63,0.010078388270729377
1966.8104804696882,0.0,1965.091,0.014435760504799555
1967.2759977431722,0.0,1965.561,0.018793002881255738
1967.7415150166562,0.0,1966.021,0.05365146132336207
1968.20703229014,0.0,1966.491,-0.21867969336073378
1968.672549563624,0.0,1966.957,0.06236594607627466
1969.138066837108,0.0,1967.415,0.02315037511532614
1969.6035841105918,0.0,1967.881,-0.026958561501991163
1970.0691013840758,0.0,1968.346,0.02315037511532614
1970.5346186575598,0.0,1968.812,0.014435760504799555
1971.0001359310438,0.0,1969.276,0.02315037511532614
1971.4656532045276,0.0,1969.741,-0.02913731254783336
1971.9311704780116,0.0,1970.206,-0.09013948496390523
1972.3966877514956,0.0,1970.672,0.010078388270729377
1972.8622050249796,0.0,1971.139,0.02315037511532614
1973.3277222984634,0.0,1971.602,-0.02260131912553498
1973.7932395719474,0.0,1972.065,0.02315037511532614
1974.2587568454314,0.0,1972.535,0.012257139316571353
1974.7242741189152,0.0,1972.999,0.02750761749178232
1975.1897913923992,0.0,1973.461,0.014435760504799555
1975.6553086658832,0.0,1973.927,-0.02260131912553498
1976.1208259393673,0.0,1974.39,-0.02260131912553498
1976.586343212851,0.0,1974.856,0.014435760504799555
1977.051860486335,0.0,1975.32,0.014435760504799555
1977.517377759819,0.0,1975.786,-0.04220916953481613
1977.982895033303,0.0,1976.251,-0.026958561501991163
1978.4484123067868,0.0,1976.717,0.018793002881255738
1978.9139295802709,0.0,1977.184,0.029686238680010524
1979.3794468537549,0.0,1977.649,-0.03131593373606134
1979.8449641272389,0.0,1978.113,0.02315037511532614
1980.3104814007227,0.0,1978.575,-0.02913731254783336
1980.7759986742067,0.0,1979.043,-0.026958561501991163
1981.2415159476907,0.0,1979.506,0.016614381693027758
1981.7070332211745,0.0,1979.976,0.02315037511532614
1982.1725504946585,0.0,1980.438,-0.0160653257032366
1982.6380677681425,0.0,1980.904,0.02315037511532614
1983.1035850416265,0.0,1981.368,0.02315037511532614
1983.5691023151103,0.0,1981.834,0.007899767082501175
1984.0346195885943,0.0,1982.299,-0.007350711092710016
1984.5001368620783,0.0,1982.764,0.02315037511532614
1984.9656541355623,0.0,1983.232,0.07325931173264344
1985.431171409046,0.0,1983.69,0.02315037511532614
1985.89668868253,0.0,1984.162,-0.13153380697069594
1986.3622059560141,0.0,1984.62,-0.03131593373606134
1986.8277232294981,0.0,1985.091,-0.03131593373606134
1987.293240502982,0.0,1985.554,0.02315037511532614
1987.758757776466,0.0,1986.017,-0.020422697937306777
1988.22427504995,0.0,1986.487,-0.03131593373606134
1988.6897923234337,0.0,1986.945,-0.03131593373606134
1989.1553095969177,0.0,1987.415,-0.018244076749078575
1989.6208268704017,0.0,1987.881,0.02315037511532614
1990.0863441438858,0.0,1988.34,0.018793002881255738
1990.5518614173695,0.0,1988.806,-0.02477994031376296
1991.0173786908535,0.0,1989.272,-0.026958561501991163
1991.4828959643376,0.0,1989.738,0.042758225524607285
1991.9484132378216,0.0,1990.202,-0.07706749811930846
1992.4139305113054,0.0,1990.667,0.02315037511532614
1992.8794477847894,0.0,1991.135,0.02315037511532614
1993.3449650582734,0.0,1991.597,-0.02260131912553498
1993.8104823317574,0.0,1992.065,-0.03131593373606134
1994.2759996052412,0.0,1992.527,0.012257139316571353
1994.7415168787252,0.0,1992.991,0.02315037511532614
1995.2070341522092,0.0,1993.461,-0.03131593373606134
1995.672551425693,0.0,1993.927,-0.040030548346587924
1996.138068699177,0.0,1994.391,0.02315037511532614
1996.603585972661,0.0,1994.856,-0.04874516295711451
1997.069103246145,0.0,1995.32,0.02315037511532614
1997.5346205196288,0.0,1995.786,-0.020422697937306777
1998.0001377931128,0.0,1996.25,0.15822657693445308
1998.4656550665968,0.0,1996.716,0.014435760504799555
1998.9311723400808,0.0,1997.181,-0.13371242815892415
1999.3966896135646,0.0,1997.646,-0.013886704515008397
1999.8622068870486,0.0,1998.109,0.02315037511532614
2000.3277241605326,0.0,1998.572,0.02315037511532614
2000.7932414340164,0.0,1999.035,-0.02477994031376296
2001.2587587075004,0.0,1999.505,-0.72412636683917
2001.7242759809844,0.0,1999.969,0.02315037511532614
2002.1897932544684,0.0,2000.431,-0.02477994031376296
2002.6553105279522,0.0,2000.897,0.018793002881255738
2003.1208278014362,0.0,2001.365,0.02097162406948394
2003.5863450749202,0.0,2001.831,-0.02913731254783336
2004.0518623484043,0.0,2002.291,0.02315037511532614
2004.517379621888,0.0,2002.756,-0.018244076749078575
2004.982896895372,0.0,2003.22,-0.020422697937306777
2005.448414168856,0.0,2003.686,0.02315037511532614
2005.91393144234,0.0,2004.154,-0.03131593373606134
2006.3794487158239,0.0,2004.616,-0.026958561501991163
2006.8449659893079,0.0,2005.08,0.02315037511532614
2007.3104832627919,0.0,2005.55,0.005721145894272972
2007.7760005362757,0.0,2006.013,-0.061817019944097495
2008.2415178097597,0.0,2006.476,-0.002993468716253611
2008.7070350832437,0.0,2006.942,0.02532899630355412
2009.1725523567277,0.0,2007.412,-0.02913731254783336
2009.6380696302115,0.0,2007.87,-0.013886704515008397
2010.1035869036955,0.0,2008.338,0.02315037511532614
2010.5691041771795,0.0,2008.804,-0.02260131912553498
2011.0346214506635,0.0,2009.268,-0.03131593373606134
2011.5001387241473,0.0,2009.734,0.02315037511532614
2011.9656559976313,0.0,2010.199,0.016614381693027758
2012.4311732711153,0.0,2010.665,-0.02260131912553498
2012.8966905445993,0.0,2011.128,0.02315037511532614
2013.362207818083,0.0,2011.59,-0.0160653257032366
2013.8277250915671,0.0,2012.058,0.058008703699818476
2014.2932423650511,0.0,2012.52,-0.005172089904481814
2014.758759638535,0.0,2012.991,0.02097162406948394
2015.224276912019,0.0,2013.454,-0.020422697937306777
2015.689794185503,0.0,2013.919,0.005721145894272972
2016.155311458987,0.0,2014.383,-0.02477994031376296
2016.6208287324707,0.0,2014.849,0.09286703228431081
2017.0863460059547,0.0,2015.313,0.0340436109140807
2017.5518632794387,0.0,2015.779,-0.02260131912553498
2018.0173805529228,0.0,2016.243,-0.03131593373606134
2018.4828978264065,0.0,2016.709,0.014435760504799555
2018.9484150998906,0.0,2017.173,-0.0661742623205539
2019.4139323733746,0.0,2017.639,0.20397827117531397
2019.8794496468586,0.0,2018.102,0.02532899630355412
2020.3449669203424,0.0,2018.572,0.016614381693027758
2020.8104841938264,0.0,2019.036,0.031864859868238726
2021.2760014673104,0.0,2019.498,-0.02913731254783336
2021.7415187407942,0.0,2019.969,-0.035673176112517746
2022.2070360142782,0.0,2020.431,0.005721145894272972
2022.6725532877622,0.0,2020.89,0.02097162406948394
2023.1380705612462,0.0,2021.362,-0.03131593373606134
2023.60358783473,0.0,2021.82,-0.02260131912553498
2024.069105108214,0.0,2022.288,-0.002993468716253611
2024.534622381698,0.0,2022.754,0.018793002881255738
2025.000139655182,0.0,2023.221,0.014435760504799555
2025.4656569286658,0.0,2023.687,-0.03131593373606134
2025.9311742021498,0.0,2024.15,-0.013886704515008397
2026.3966914756338,0.0,2024.612,0.005721145894272972
2026.8622087491178,0.0,2025.081,0.02532899630355412
2027.3277260226016,0.0,2025.543,-0.22957292915948857
2027.7932432960856,0.0,2026.006,0.0340436109140807
2028.2587605695696,0.0,2026.476,-0.007350711092710016
2028.7242778430534,0.0,2026.941,0.02097162406948394
2029.1897951165374,0.0,2027.404,-0.026958561501991163
2029.6553123900214,0.0,2027.87,0.014435760504799555
2030.1208296635054,0.0,2028.335,-0.005172089904481814
2030.5863469369892,0.0,2028.801,-0.0008148475280254086
2031.0518642104732,0.0,2029.261,-0.03131593373606134
2031.5173814839573,0.0,2029.726,0.02315037511532614
2031.9828987574413,0.0,2030.192,-0.002993468716253611
2032.448416030925,0.0,2030.658,0.051472710277520095
2032.913933304409,0.0,2031.12,0.02315037511532614
2033.379450577893,0.0,2031.59,0.02097162406948394
2033.8449678513769,0.0,2032.05,0.15169058351215448
2034.3104851248609,0.0,2032.52,0.02097162406948394
2034.7760023983449,0.0,2032.984,0.02532899630355412
2035.2415196718289,0.0,2033.446,-0.013886704515008397
2035.7070369453127,0.0,2033.912,0.02315037511532614
2036.1725542187967,0.0,2034.376,0.02315037511532614
2036.6380714922807,0.0,2034.841,-0.011708083326780194
2037.1035887657647,0.0,2035.305,0.02315037511532614
2037.5691060392485,0.0,2035.771,-0.02477994031376296
2038.0346233127325,0.0,2036.235,-0.013886704515008397
2038.5001405862165,0.0,2036.701,0.07325931173264344
2038.9656578597005,0.0,2037.166,0.012257139316571353
2039.4311751331843,0.0,2037.631,-0.03131593373606134
2039.8966924066683,0.0,2038.095,-0.03131593373606134
2040.3622096801523,0.0,2038.564,-0.009529462138551992
2040.827726953636,0.0,2039.028,0.02315037511532614
2041.29324422712,0.0,2039.491,-0.02913731254783336
2041.7587615006041,0.0,2039.957,0.014435760504799555
2042.2242787740881,0.0,2040.422,-0.055281026521799115
2042.689796047572,0.0,2040.888,0.02315037511532614
2043.155313321056,0.0,2041.354,-0.005172089904481814
2043.62083059454,0.0,2041.82,0.02097162406948394
2044.086347868024,0.0,2042.284,0.02315037511532614
2044.5518651415077,0.0,2042.75,-0.04220916953481613
2045.0173824149917,0.0,2043.217,0.014435760504799555
2045.4828996884758,0.0,2043.675,0.02097162406948394
2045.9484169619598,0.0,2044.146,-0.026958561501991163
2046.4139342354435,0.0,2044.609,0.02097162406948394
2046.8794515089276,0.0,2045.072,-0.03131593373606134
2047.3449687824116,0.0,2045.535,0.012257139316571353
2047.8104860558954,0.0,2046.006,0.010078388270729377
2048.2760033293794,0.0,2046.468,-0.033494554924289544
2048.741520602863,0.0,2046.934,0.02315037511532614
2049.2070378763474,0.0,2047.396,-0.020422697937306777
2049.672555149831,0.0,2047.862,0.014435760504799555
2050.1380724233154,0.0,2048.331,-0.03785179730074595
2050.603589696799,0.0,2048.796,0.06890193949857304
2051.069106970283,0.0,2049.261,0.02097162406948394
2051.534624243767,0.0,2049.72,0.02315037511532614
2052.000141517251,0.0,2050.185,-0.04874516295711451
2052.465658790735,0.0,2050.65,-0.2012505939972946
2052.931176064219,0.0,2051.12,-0.02477994031376296
2053.396693337703,0.0,2051.583,0.014435760504799555
2053.8622106111866,0.0,2052.05,0.02097162406948394
2054.327727884671,0.0,2052.513,-0.03131593373606134
2054.7932451581546,0.0,2052.976,0.02315037511532614
2055.258762431639,0.0,2053.446,0.02532899630355412
2055.7242797051226,0.0,2053.911,-0.28403923801087605
2056.1897969786064,0.0,2054.376,-0.03131593373606134
2056.6553142520906,0.0,2054.835,-0.02477994031376296
2057.1208315255744,0.0,2055.302,-0.03131593373606134
2057.586348799058,0.0,2055.768,0.02097162406948394
2058.0518660725425,0.0,2056.232,0.014435760504799555
2058.5173833460262,0.0,2056.698,-0.03131593373606134
2058.9829006195105,0.0,2057.165,-0.02913731254783336
2059.4484178929943,0.0,2057.63,0.03840085329053711
2059.913935166478,0.0,2058.091,-0.03131593373606134
2060.3794524399623,0.0,2058.561,-0.02260131912553498
2060.844969713446,0.0,2059.024,0.02315037511532614
2061.31048698693,0.0,2059.487,-0.03131593373606134
2061.776004260414,0.0,2059.953,-0.03785179730074595
2062.241521533898,0.0,2060.417,0.02315037511532614
2062.7070388073817,0.0,2060.882,-0.03131593373606134
2063.172556080866,0.0,2061.347,-0.011708083326780194
2063.6380733543497,0.0,2061.813,0.014435760504799555
2064.103590627834,0.0,2062.28,0.02315037511532614
2064.5691079013177,0.0,2062.746,-0.02913731254783336
2065.0346251748015,0.0,2063.206,0.007899767082501175
2065.5001424482857,0.0,2063.671,-0.013886704515008397
2065.9656597217695,0.0,2064.139,-0.02913731254783336
2066.4311769952533,0.0,2064.602,0.05583008251159027
2066.8966942687375,0.0,2065.065,0.15822657693445308
2067.3622115422213,0.0,2065.535,-0.055281026521799115
2067.827728815705,0.0,2065.995,0.02315037511532614
2068.2932460891893,0.0,2066.465,0.014435760504799555
2068.758763362673,0.0,2066.931,-0.04874516295711451
2069.2242806361573,0.0,2067.394,0.010078388270729377
2069.689797909641,0.0,2067.86,-0.03131593373606134
2070.155315183125,0.0,2068.325,0.012257139316571353
2070.620832456609,0.0,2068.79,0.02097162406948394
2071.086349730093,0.0,2069.25,0.005721145894272972
2071.5518670035767,0.0,2069.716,-0.19907184295145264
2072.017384277061,0.0,2070.184,-0.03131593373606134
2072.4829015505447,0.0,2070.649,0.02315037511532614
2072.948418824029,0.0,2071.11,-0.03131593373606134
2073.4139360975128,0.0,2071.579,0.018793002881255738
2073.8794533709965,0.0,2072.043,0.02315037511532614
2074.344970644481,0.0,2072.505,0.1451547199474701
2074.8104879179646,0.0,2072.973,-0.040030548346587924
2075.2760051914483,0.0,2073.435,0.04057947447876531
2075.7415224649326,0.0,2073.901,-0.020422697937306777
2076.2070397384164,0.0,2074.368,0.014435760504799555
2076.6725570119,0.0,2074.833,-0.03131593373606134
2077.1380742853844,0.0,2075.298,-0.02260131912553498
2077.603591558868,0.0,2075.764,0.02097162406948394
2078.0691088323524,0.0,2076.229,0.014435760504799555
2078.534626105836,0.0,2076.695,0.014435760504799555
2079.00014337932,0.0,2077.161,-0.03131593373606134
2079.465660652804,0.0,2077.62,-0.10756858432734462
2079.931177926288,0.0,2078.087,0.02315037511532614
2080.396695199772,0.0,2078.55,0.02097162406948394
2080.862212473256,0.0,2079.02,0.02315037511532614
2081.32772974674,0.0,2079.483,-0.013886704515008397
2081.7932470202236,0.0,2079.949,-0.02913731254783336
2082.258764293708,0.0,2080.412,0.02315037511532614
2082.7242815671916,0.0,2080.878,0.0013637736602027939
2083.189798840676,0.0,2081.342,-0.020422697937306777
2083.6553161141596,0.0,2081.808,-0.02260131912553498
2084.1208333876434,0.0,2082.273,0.016614381693027758
2084.5863506611277,0.0,2082.739,-0.02913731254783336
2085.0518679346114,0.0,2083.206,-0.03131593373606134
2085.517385208095,0.0,2083.672,0.02315037511532614
2085.9829024815795,0.0,2084.132,-0.02260131912553498
2086.4484197550632,0.0,2084.601,-0.12717643473662577
2086.913937028547,0.0,2085.065,0.014435760504799555
2087.3794543020313,0.0,2085.528,-0.0160653257032366
2087.844971575515,0.0,2085.991,0.014435760504799555
2088.3104888489993,0.0,2086.461,0.014435760504799555
2088.776006122483,0.0,2086.926,0.0035425247060447695
2089.241523395967,0.0,2087.39,-0.04874516295711451
2089.707040669451,0.0,2087.856,-0.3014684672319292
2090.172557942935,0.0,2088.32,-0.02260131912553498
2090.6380752164187,0.0,2088.786,0.02315037511532614
2091.103592489903,0.0,2089.251,-0.03131593373606134
2091.5691097633867,0.0,2089.717,0.018793002881255738
2092.034627036871,0.0,2090.177,-0.02260131912553498
2092.5001443103547,0.0,2090.642,0.02097162406948394
2092.9656615838385,0.0,2091.106,-0.013886704515008397
2093.4311788573227,0.0,2091.576,-0.02260131912553498
2093.8966961308065,0.0,2092.039,0.018793002881255738
2094.3622134042903,0.0,2092.502,-0.02260131912553498
2094.8277306777745,0.0,2092.969,-0.21650107217250558
2095.2932479512583,0.0,2093.432,0.005721145894272972
2095.758765224742,0.0,2093.897,-0.02260131912553498
2096.2242824982263,0.0,2094.365,-0.02913731254783336
2096.68979977171,0.0,2094.83,0.02315037511532614
2097.1553170451944,0.0,2095.294,0.018793002881255738
2097.620834318678,0.0,2095.76,-0.035673176112517746
2098.086351592162,0.0,2096.225,-0.02260131912553498
2098.551868865646,0.0,2096.691,0.016614381693027758
2099.01738613913,0.0,2097.154,0.02315037511532614
2099.4829034126137,0.0,2097.616,0.02315037511532614
2099.948420686098,0.0,2098.084,0.02315037511532614
2100.4139379595817,0.0,2098.547,-0.011708083326780194
2100.8794552330655,0.0,2099.017,-0.02913731254783336
2101.3449725065498,0.0,2099.479,0.02097162406948394
2101.8104897800335,0.0,2099.945,-0.03131593373606134
2102.276007053518,0.0,2100.408,0.02750761749178232
2102.7415243270016,0.0,2100.874,-0.03785179730074595
2103.2070416004854,0.0,2101.339,0.005721145894272972
2103.6725588739696,0.0,2101.805,-0.18164274358801324
2104.1380761474534,0.0,2102.266,0.005721145894272972
2104.603593420937,0.0,2102.731,-0.02913731254783336
2105.0691106944214,0.0,2103.199,-0.03131593373606134
2105.534627967905,0.0,2103.664,0.012257139316571353
2106.0001452413894,0.0,2104.125,0.04929408908929189
2106.465662514873,0.0,2104.595,-0.03131593373606134
2106.931179788357,0.0,2105.058,0.018793002881255738
2107.396697061841,0.0,2105.52,-0.03131593373606134
2107.862214335325,0.0,2105.991,-0.02477994031376296
2108.327731608809,0.0,2106.454,0.02097162406948394
2108.793248882293,0.0,2106.919,-0.02260131912553498
2109.258766155777,0.0,2107.383,0.016614381693027758
2109.7242834292606,0.0,2107.848,-0.020422697937306777
2110.189800702745,0.0,2108.313,-0.03131593373606134
2110.6553179762286,0.0,2108.778,0.02532899630355412
2111.120835249713,0.0,2109.243,-0.040030548346587924
2111.5863525231966,0.0,2109.709,0.018793002881255738
2112.0518697966804,0.0,2110.176,-0.013886704515008397
2112.5173870701647,0.0,2110.642,0.014435760504799555
2112.9829043436484,0.0,2111.102,0.02097162406948394
2113.448421617132,0.0,2111.565,-0.05963839875586929
2113.9139388906165,0.0,2112.035,0.042758225524607285
2114.3794561641002,0.0,2112.498,0.6418865840289589
2114.844973437584,0.0,2112.969,0.02315037511532614
2115.3104907110683,0.0,2113.431,0.02097162406948394
2115.776007984552,0.0,2113.897,0.16476257035675146
2116.2415252580363,0.0,2114.362,0.010078388270729377
2116.70704253152,0.0,2114.82,0.02750761749178232
2117.172559805004,0.0,2115.292,-0.020422697937306777
2117.638077078488,0.0,2115.75,-0.03131593373606134
2118.103594351972,0.0,2116.217,-0.0008148475280254086
2118.5691116254557,0.0,2116.682,0.25844445016908746
2119.03462889894,0.0,2117.15,-0.05963839875586929
2119.5001461724237,0.0,2117.613,-0.03131593373606134
2119.9656634459075,0.0,2118.076,0.014435760504799555
2120.4311807193917,0.0,2118.546,-0.02913731254783336
2120.8966979928755,0.0,2119.006,-0.040030548346587924
2121.3622152663597,0.0,2119.476,0.018793002881255738
2121.8277325398435,0.0,2119.941,-0.033494554924289544
2122.2932498133273,0.0,2120.404,0.014435760504799555
2122.7587670868115,0.0,2120.87,-0.020422697937306777
2123.2242843602953,0.0,2121.335,0.02532899630355412
2123.689801633779,0.0,2121.8,0.02315037511532614
2124.1553189072633,0.0,2122.265,0.02315037511532614
2124.620836180747,0.0,2122.731,-0.0160653257032366
2125.0863534542314,0.0,2123.195,0.018793002881255738
2125.551870727715,0.0,2123.661,-0.055281026521799115
2126.017388001199,0.0,2124.124,0.02097162406948394
2126.482905274683,0.0,2124.587,0.031864859868238726
2126.948422548167,0.0,2125.054,-0.03131593373606134
2127.4139398216507,0.0,2125.517,0.0013637736602027939
2127.879457095135,0.0,2125.98,-0.026958561501991163
2128.3449743686188,0.0,2126.45,0.31508938020870314
2128.8104916421025,0.0,2126.916,0.2758736793901406
2129.2760089155868,0.0,2127.38,-0.007350711092710016
2129.7415261890706,0.0,2127.845,0.04057947447876531
2130.207043462555,0.0,2128.305,0.07325931173264344
2130.6725607360386,0.0,2128.771,0.02315037511532614
2131.1380780095224,0.0,2129.236,-0.03131593373606134
2131.6035952830066,0.0,2129.702,0.02315037511532614
2132.0691125564904,0.0,2130.166,0.029686238680010524
2132.534629829974,0.0,2130.632,-0.020422697937306777
2133.0001471034584,0.0,2131.095,0.016614381693027758
2133.465664376942,0.0,2131.565,0.3521263299814237
2133.931181650426,0.0,2132.028,-0.03131593373606134
2134.39669892391,0.0,2132.49,0.02315037511532614
2134.862216197394,0.0,2132.957,0.15822657693445308
2135.3277334708782,0.0,2133.422,0.05365146132336207
2135.793250744362,0.0,2133.888,0.018793002881255738
2136.258768017846,0.0,2134.355,0.018793002881255738
2136.72428529133,0.0,2134.821,-0.02260131912553498
2137.189802564814,0.0,2135.28,0.016614381693027758
2137.6553198382976,0.0,2135.746,-0.020422697937306777
2138.120837111782,0.0,2136.213,-0.026958561501991163
2138.5863543852656,0.0,2136.679,0.010078388270729377
2139.0518716587494,0.0,2137.147,0.007899767082501175
2139.5173889322336,0.0,2137.609,-0.02913731254783336
2139.9829062057174,0.0,2138.072,0.014435760504799555
2140.4484234792017,0.0,2138.535,-0.02477994031376296
2140.9139407526854,0.0,2139.006,-0.02477994031376296
2141.3794580261692,0.0,2139.468,0.02315037511532614
2141.8449752996535,0.0,2139.934,-0.02913731254783336
2142.3104925731373,0.0,2140.397,0.04057947447876531
2142.776009846621,0.0,2140.862,-0.020422697937306777
2143.2415271201053,0.0,2141.327,0.02315037511532614
2143.707044393589,0.0,2141.793,0.02315037511532614
2144.1725616670733,0.0,2142.258,-0.03131593373606134
2144.638078940557,0.0,2142.724,0.02315037511532614
2145.103596214041,0.0,2143.188,0.02315037511532614
2145.569113487525,0.0,2143.654,0.02097162406948394
2146.034630761009,0.0,2144.117,0.02097162406948394
2146.5001480344927,0.0,2144.587,0.07761655410909962
2146.965665307977,0.0,2145.05,-0.02913731254783336
2147.4311825814607,0.0,2145.513,0.02315037511532614
2147.8966998549445,0.0,2145.976,-0.018244076749078575
2148.3622171284287,0.0,2146.446,-0.026958561501991163
2148.8277344019125,0.0,2146.912,0.02315037511532614
2149.2932516753967,0.0,2147.376,0.09722440451838099
2149.7587689488805,0.0,2147.842,-0.033494554924289544
2150.2242862223643,0.0,2148.303,0.02097162406948394
2150.6898034958485,0.0,2148.768,-0.02913731254783336
2151.1553207693323,0.0,2149.235,0.007899767082501175
2151.620838042816,0.0,2149.701,0.02315037511532614
2152.0863553163003,0.0,2150.165,0.02315037511532614
2152.551872589784,0.0,2150.63,0.02315037511532614
2153.017389863268,0.0,2151.091,0.02315037511532614
2153.482907136752,0.0,2151.561,0.02315037511532614
2153.948424410236,0.0,2152.021,-0.020422697937306777
2154.41394168372,0.0,2152.491,0.0013637736602027939
2154.879458957204,0.0,2152.957,0.07761655410909962
2155.3449762306877,0.0,2153.415,0.018793002881255738
2155.810493504172,0.0,2153.88,-0.39515034704426544
2156.2760107776558,0.0,2154.347,0.02097162406948394
2156.7415280511395,0.0,2154.813,-0.013886704515008397
2157.207045324624,0.0,2155.28,0.3303398583839141
2157.6725625981076,0.0,2155.745,-0.03131593373606134
2158.138079871592,0.0,2156.21,0.018793002881255738
2158.6035971450756,0.0,2156.676,-0.04220916953481613
2159.0691144185594,0.0,2157.139,0.018793002881255738
2159.5346316920436,0.0,2157.601,-0.026958561501991163
2160.0001489655274,0.0,2158.065,0.02315037511532614
2160.465666239011,0.0,2158.535,0.02315037511532614
2160.9311835124954,0.0,2158.998,-0.0160653257032366
2161.396700785979,0.0,2159.461,0.014435760504799555
2161.862218059463,0.0,2159.927,-0.020422697937306777
2162.327735332947,0.0,2160.391,-0.03131593373606134
2162.793252606431,0.0,2160.857,0.016614381693027758
2163.2587698799152,0.0,2161.321,0.02097162406948394
2163.724287153399,0.0,2161.787,-0.02260131912553498
2164.189804426883,0.0,2162.253,0.03840085329053711
2164.655321700367,0.0,2162.719,-0.02260131912553498
2165.120838973851,0.0,2163.184,0.029686238680010524
2165.5863562473346,0.0,2163.649,-0.020422697937306777
2166.051873520819,0.0,2164.11,0.005721145894272972
2166.5173907943026,0.0,2164.579,0.051472710277520095
2166.9829080677864,0.0,2165.042,-0.03131593373606134
2167.4484253412706,0.0,2165.505,0.02097162406948394
2167.9139426147544,0.0,2165.976,0.014435760504799555
2168.3794598882387,0.0,2166.439,-0.02260131912553498
2168.8449771617225,0.0,2166.905,0.04057947447876531
2169.3104944352062,0.0,2167.365,-0.02260131912553498
2169.7760117086905,0.0,2167.83,0.02097162406948394
2170.2415289821743,0.0,2168.295,-0.055281026521799115
2170.707046255658,0.0,2168.761,0.0340436109140807
2171.1725635291423,0.0,2169.228,-0.02477994031376296
2171.638080802626,0.0,2169.694,-0.05963839875586929
2172.10359807611,0.0,2170.161,0.02097162406948394
2172.569115349594,0.0,2170.62,-0.32543356001766677
2173.034632623078,0.0,2171.088,-0.02260131912553498
2173.500149896562,0.0,2171.55,-0.02260131912553498
2173.965667170046,0.0,2172.017,-0.03131593373606134
2174.4311844435297,0.0,2172.487,-0.02260131912553498
2174.896701717014,0.0,2172.945,-0.02260131912553498
2175.3622189904977,0.0,2173.415,0.005721145894272972
2175.8277362639815,0.0,2173.881,0.18219166972019063
2176.2932535374657,0.0,2174.346,0.018793002881255738
2176.7587708109495,0.0,2174.812,-0.03131593373606134
2177.2242880844337,0.0,2175.276,-0.033494554924289544
2177.6898053579175,0.0,2175.741,0.02750761749178232
2178.1553226314013,0.0,2176.206,0.02097162406948394
2178.6208399048855,0.0,2176.665,0.02315037511532614
2179.0863571783693,0.0,2177.135,0.007899767082501175
2179.551874451853,0.0,2177.597,-0.02260131912553498
2180.0173917253373,0.0,2178.065,-0.03131593373606134
2180.482908998821,0.0,2178.527,0.02315037511532614
2180.948426272305,0.0,2178.995,0.02315037511532614
2181.413943545789,0.0,2179.457,0.36955555920247685
2181.879460819273,0.0,2179.923,0.02315037511532614
2182.344978092757,0.0,2180.389,-0.03131593373606134
2182.810495366241,0.0,2180.856,0.014435760504799555
2183.2760126397247,0.0,2181.32,0.02097162406948394
2183.741529913209,0.0,2181.786,0.007899767082501175
2184.2070471866928,0.0,2182.251,0.016614381693027758
2184.6725644601765,0.0,2182.716,-0.002993468716253611
2185.138081733661,0.0,2183.176,0.029686238680010524
2185.6035990071446,0.0,2183.642,0.005721145894272972
2186.0691162806284,0.0,2184.109,-0.0008148475280254086
2186.5346335541126,0.0,2184.572,0.2388365997598063
2187.0001508275964,0.0,2185.035,-0.03131593373606134
2187.4656681010806,0.0,2185.505,0.0013637736602027939
2187.9311853745644,0.0,2185.969,0.02315037511532614
2188.396702648048,0.0,2186.431,0.058008703699818476
2188.8622199215324,0.0,2186.897,0.04929408908929189
2189.327737195016,0.0,2187.362,0.02097162406948394
2189.7932544685,0.0,2187.827,-0.013886704515008397
2190.258771741984,0.0,2188.295,-0.02260131912553498
2190.724289015468,0.0,2188.761,0.02097162406948394
2191.1898062889522,0.0,2189.221,-0.02260131912553498
2191.655323562436,0.0,2189.686,-0.002993468716253611
2192.12084083592,0.0,2190.154,-0.03131593373606134
2192.586358109404,0.0,2190.616,-0.02477994031376296
2193.051875382888,0.0,2191.08,0.02750761749178232
2193.5173926563716,0.0,2191.549,0.018793002881255738
2193.982909929856,0.0,2192.01,-0.4539738982721091
2194.4484272033396,0.0,2192.48,-0.026958561501991163
2194.9139444768234,0.0,2192.946,0.02315037511532614
2195.3794617503077,0.0,2193.409,-0.0160653257032366
2195.8449790237914,0.0,2193.875,0.02315037511532614
2196.3104962972757,0.0,2194.339,-0.06835288350878188
2196.7760135707595,0.0,2194.805,-0.005172089904481814
2197.2415308442432,0.0,2195.265,-0.03131593373606134
2197.7070481177275,0.0,2195.731,0.02097162406948394
2198.1725653912113,0.0,2196.195,0.014435760504799555
2198.638082664695,0.0,2196.661,-0.04656641191127253
2199.1035999381793,0.0,2197.132,-0.026958561501991163
2199.569117211663,0.0,2197.594,0.02097162406948394
2200.034634485147,0.0,2198.057,-0.03131593373606134
2200.500151758631,0.0,2198.52,0.02097162406948394
2200.965669032115,0.0,2198.991,0.029686238680010524
2201.431186305599,0.0,2199.454,-0.035673176112517746
2201.896703579083,0.0,2199.919,0.02315037511532614
2202.3622208525667,0.0,2200.383,-0.02913731254783336
2202.827738126051,0.0,2200.848,0.02097162406948394
2203.2932553995347,0.0,2201.314,-0.02260131912553498
2203.7587726730185,0.0,2201.779,0.02315037511532614
2204.2242899465027,0.0,2202.246,-0.04874516295711451
2204.6898072199865,0.0,2202.712,0.02097162406948394
2205.1553244934703,0.0,2203.177,-0.020422697937306777
2205.6208417669545,0.0,2203.635,-0.03131593373606134
2206.0863590404383,0.0,2204.102,-0.020422697937306777
2206.5518763139225,0.0,2204.565,0.031864859868238726
2207.0173935874063,0.0,2205.036,0.02315037511532614
2207.48291086089,0.0,2205.498,-0.03131593373606134
2207.9484281343744,0.0,2205.969,-0.3493986528034043
2208.413945407858,0.0,2206.431,0.029686238680010524
2208.879462681342,0.0,2206.89,0.0013637736602027939
2209.344979954826,0.0,2207.355,0.02315037511532614
2209.81049722831,0.0,2207.82,-0.026958561501991163
2210.276014501794,0.0,2208.292,0.031864859868238726
2210.741531775278,0.0,2208.75,0.018793002881255738
2211.2070490487617,0.0,2209.216,-0.033494554924289544
2211.672566322246,0.0,2209.682,0.014435760504799555
2212.1380835957298,0.0,2210.15,0.005721145894272972
2212.6036008692136,0.0,2210.613,0.04929408908929189
2213.069118142698,0.0,2211.076,-0.02260131912553498
2213.5346354161816,0.0,2211.546,0.014435760504799555
2214.0001526896654,0.0,2212.01,0.02097162406948394
2214.4656699631496,0.0,2212.472,-0.02260131912553498
2214.9311872366334,0.0,2212.937,0.031864859868238726
2215.3967045101176,0.0,2213.4,0.02750761749178232
2215.8622217836014,0.0,2213.866,-0.011708083326780194
2216.327739057085,0.0,2214.332,-0.03131593373606134
2216.7932563305694,0.0,2214.798,0.012257139316571353
2217.258773604053,0.0,2215.266,0.02532899630355412
2217.724290877537,0.0,2215.731,0.005721145894272972
2218.189808151021,0.0,2216.191,0.014435760504799555
2218.655325424505,0.0,2216.656,-0.08578211272983505
2219.120842697989,0.0,2217.124,-0.033494554924289544
2219.586359971473,0.0,2217.587,0.042758225524607285
2220.051877244957,0.0,2218.054,0.02315037511532614
2220.517394518441,0.0,2218.517,-0.026958561501991163
2220.982911791925,0.0,2218.98,0.014435760504799555
2221.4484290654086,0.0,2219.45,-0.0160653257032366
2221.913946338893,0.0,2219.915,0.031864859868238726
2222.3794636123766,0.0,2220.379,0.02097162406948394
2222.8449808858604,0.0,2220.845,-0.03131593373606134
2223.3104981593447,0.0,2221.306,-0.10756858432734462
2223.7760154328284,0.0,2221.772,0.02315037511532614
2224.2415327063127,0.0,2222.239,0.02315037511532614
2224.7070499797965,0.0,2222.705,0.016614381693027758
2225.1725672532802,0.0,2223.169,0.014435760504799555
2225.6380845267645,0.0,2223.634,-0.020422697937306777
2226.1036018002483,0.0,2224.095,-0.03131593373606134
2226.569119073732,0.0,2224.564,0.029686238680010524
2227.0346363472163,0.0,2225.028,0.029686238680010524
2227.5001536207,0.0,2225.491,-0.03131593373606134
2227.965670894184,0.0,2225.957,-0.04874516295711451
2228.431188167668,0.0,2226.422,0.010078388270729377
2228.896705441152,0.0,2226.887,-0.02260131912553498
2229.362222714636,0.0,2227.354,-0.009529462138551992
2229.82773998812,0.0,2227.819,-0.013886704515008397
2230.2932572616037,0.0,2228.284,-0.08796073391806325
2230.758774535088,0.0,2228.75,0.02532899630355412
2231.2242918085717,0.0,2229.217,0.018793002881255738
2231.6898090820555,0.0,2229.675,0.02097162406948394
2232.1553263555397,0.0,2230.143,-0.43436604786282795
2232.6208436290235,0.0,2230.605,-0.0160653257032366
2233.0863609025073,0.0,2231.073,0.16476257035675146
2233.5518781759915,0.0,2231.535,0.018793002881255738
2234.0173954494753,0.0,2232.006,0.014435760504799555
2234.4829127229596,0.0,2232.468,-0.026958561501991163
2234.9484299964433,0.0,2232.934,0.014435760504799555
2235.413947269927,0.0,2233.397,-0.03131593373606134
2235.8794645434114,0.0,2233.863,0.02315037511532614
2236.344981816895,0.0,2234.328,-0.05745964771002732
2236.810499090379,0.0,2234.794,0.02315037511532614
2237.276016363863,0.0,2235.257,0.060187324888046456
2237.741533637347,0.0,2235.723,0.014435760504799555
2238.2070509108307,0.0,2236.187,0.018793002881255738
2238.672568184315,0.0,2236.652,-0.013886704515008397
2239.1380854577988,0.0,2237.121,-0.02913731254783336
2239.603602731283,0.0,2237.583,0.02315037511532614
2240.069120004767,0.0,2238.046,-0.011708083326780194
2240.5346372782506,0.0,2238.516,-0.03131593373606134
2241.000154551735,0.0,2238.977,0.036222232102308904
2241.4656718252186,0.0,2239.446,0.02315037511532614
2241.9311890987024,0.0,2239.911,0.02750761749178232
2242.3967063721866,0.0,2240.376,-0.312361703030684
2242.8622236456704,0.0,2240.842,0.051472710277520095
2243.3277409191546,0.0,2241.306,0.07543793292087142
2243.7932581926384,0.0,2241.771,0.02097162406948394
2244.258775466122,0.0,2242.232,0.010078388270729377
2244.7242927396064,0.0,2242.698,-0.03131593373606134
2245.18981001309,0.0,2243.165,-0.03131593373606134
2245.655327286574,0.0,2243.631,0.005721145894272972
2246.1208445600582,0.0,2244.094,-0.020422697937306777
2246.586361833542,0.0,2244.557,0.005721145894272972
2247.051879107026,0.0,2245.025,0.012257139316571353
2247.51739638051,0.0,2245.487,-0.02260131912553498
2247.982913653994,0.0,2245.952,0.02315037511532614
2248.448430927478,0.0,2246.416,0.02315037511532614
2248.913948200962,0.0,2246.882,0.02097162406948394
2249.3794654744456,0.0,2247.347,-0.033494554924289544
2249.84498274793,0.0,2247.813,0.02097162406948394
2250.3105000214136,0.0,2248.28,0.042758225524607285
2250.7760172948974,0.0,2248.745,0.014435760504799555
2251.2415345683817,0.0,2249.209,0.02097162406948394
2251.7070518418655,0.0,2249.675,-0.03131593373606134
2252.1725691153492,0.0,2250.136,-0.03131593373606134
2252.6380863888335,0.0,2250.605,0.018793002881255738
2253.1036036623173,0.0,2251.069,0.02315037511532614
2253.5691209358015,0.0,2251.531,-0.07053163455462408
2254.0346382092853,0.0,2251.995,0.014435760504799555
2254.500155482769,0.0,2252.464,0.17565580615550602
2254.9656727562533,0.0,2252.93,0.016614381693027758
2255.431190029737,0.0,2253.393,0.0013637736602027939
2255.896707303221,0.0,2253.859,0.014435760504799555
2256.362224576705,0.0,2254.325,-0.02260131912553498
2256.827741850189,0.0,2254.79,0.02097162406948394
2257.293259123673,0.0,2255.255,0.010078388270729377
2257.758776397157,0.0,2255.72,-0.026958561501991163
2258.2242936706407,0.0,2256.18,0.014435760504799555
2258.689810944125,0.0,2256.646,-0.026958561501991163
2259.1553282176087,0.0,2257.117,-0.009529462138551992
2259.6208454910925,0.0,2257.578,0.02315037511532614
2260.0863627645767,0.0,2258.046,0.02532899630355412
2260.5518800380605,0.0,2258.509,-0.02913731254783336
2261.0173973115443,0.0,2258.976,-0.02260131912553498
2261.4829145850285,0.0,2259.439,0.02315037511532614
2261.9484318585123,0.0,2259.904,0.02750761749178232
2262.4139491319966,0.0,2260.368,-0.04874516295711451
2262.8794664054803,0.0,2260.834,-0.0160653257032366
2263.344983678964,0.0,2261.299,0.0013637736602027939
2263.8105009524484,0.0,2261.765,-0.026958561501991163
2264.276018225932,0.0,2262.231,0.016614381693027758
2264.741535499416,0.0,2262.69,0.014435760504799555
2265.2070527729,0.0,2263.162,0.02315037511532614
2265.672570046384,0.0,2263.621,0.02097162406948394
2266.1380873198677,0.0,2264.091,0.02315037511532614
2266.603604593352,0.0,2264.553,-0.026958561501991163
2267.0691218668358,0.0,2265.017,0.007899767082501175
2267.53463914032,0.0,2265.487,0.031864859868238726
2268.000156413804,0.0,2265.945,0.02315037511532614
2268.4656736872876,0.0,2266.415,-0.02260131912553498
2268.931190960772,0.0,2266.88,0.014435760504799555
2269.3967082342556,0.0,2267.346,-0.03131593373606134
2269.8622255077394,0.0,2267.812,0.018793002881255738
2270.3277427812236,0.0,2268.276,0.02315037511532614
2270.7932600547074,0.0,2268.742,-0.03131593373606134
2271.258777328191,0.0,2269.202,0.007899767082501175
2271.7242946016754,0.0,2269.667,-0.02477994031376296
2272.189811875159,0.0,2270.135,-0.020422697937306777
2272.6553291486434,0.0,2270.597,0.02315037511532614
2273.120846422127,0.0,2271.065,0.02315037511532614
2273.586363695611,0.0,2271.527,-0.02260131912553498
2274.0518809690952,0.0,2271.995,-0.020422697937306777
2274.517398242579,0.0,2272.457,0.042758225524607285
2274.982915516063,0.0,2272.923,0.014435760504799555
2275.448432789547,0.0,2273.389,0.02532899630355412
2275.913950063031,0.0,2273.855,-0.009529462138551992
2276.379467336515,0.0,2274.32,-0.0160653257032366
2276.844984609999,0.0,2274.786,0.018793002881255738
2277.3105018834826,0.0,2275.251,0.02750761749178232
2277.776019156967,0.0,2275.717,-0.026958561501991163
2278.2415364304507,0.0,2276.176,0.060187324888046456
2278.7070537039344,0.0,2276.641,-0.03131593373606134
2279.1725709774187,0.0,2277.109,0.0013637736602027939
2279.6380882509025,0.0,2277.572,0.018793002881255738
2280.1036055243862,0.0,2278.035,0.02315037511532614
2280.5691227978705,0.0,2278.505,0.02750761749178232
2281.0346400713543,0.0,2278.969,-0.026958561501991163
2281.5001573448385,0.0,2279.431,0.016614381693027758
2281.9656746183223,0.0,2279.897,-0.03131593373606134
2282.431191891806,0.0,2280.364,-0.03131593373606134
2282.8967091652903,0.0,2280.83,0.02315037511532614
2283.362226438774,0.0,2281.295,0.02315037511532614
2283.827743712258,0.0,2281.761,-0.026958561501991163
2284.293260985742,0.0,2282.221,0.17565580615550602
2284.758778259226,0.0,2282.687,0.07979517529732782
2285.2242955327097,0.0,2283.15,0.02097162406948394
2285.689812806194,0.0,2283.62,-0.33850541700464976
2286.1553300796777,0.0,2284.083,0.012257139316571353
2286.620847353162,0.0,2284.546,-0.040030548346587924
2287.0863646266457,0.0,2285.014,-0.03131593373606134
2287.5518819001295,0.0,2285.476,0.02315037511532614
2288.0173991736137,0.0,2285.941,0.02315037511532614
2288.4829164470975,0.0,2286.412,0.014435760504799555
2288.9484337205813,0.0,2286.87,0.02315037511532614
2289.4139509940655,0.0,2287.335,-0.02260131912553498
2289.8794682675493,0.0,2287.8,-0.0661742623205539
2290.344985541033,0.0,2288.265,0.0013637736602027939
2290.8105028145173,0.0,2288.731,-0.020422697937306777
2291.276020088001,0.0,2289.202,-0.03131593373606134
2291.7415373614854,0.0,2289.66,-0.02260131912553498
2292.207054634969,0.0,2290.128,0.16476257035675146
2292.672571908453,0.0,2290.591,0.02315037511532614
2293.138089181937,0.0,2291.061,0.016614381693027758
2293.603606455421,0.0,2291.524,-0.02477994031376296
2294.0691237289047,0.0,2291.987,-0.02913731254783336
2294.534641002389,0.0,2292.45,0.02315037511532614
2295.0001582758728,0.0,2292.915,0.0863311687196262
2295.465675549357,0.0,2293.387,0.0013637736602027939
2295.931192822841,0.0,2293.845,-0.03785179730074595
2296.3967100963246,0.0,2294.317,0.014435760504799555
2296.862227369809,0.0,2294.775,0.02315037511532614
2297.3277446432926,0.0,2295.246,0.042758225524607285
2297.7932619167764,0.0,2295.712,-0.026958561501991163
2298.2587791902606,0.0,2296.176,0.005721145894272972
2298.7242964637444,0.0,2296.635,0.02750761749178232
2299.189813737228,0.0,2297.102,0.02750761749178232
2299.6553310107124,0.0,2297.572,-0.02260131912553498
2300.120848284196,0.0,2298.032,-0.2578953941792963
2300.5863655576804,0.0,2298.502,0.02315037511532614
2301.051882831164,0.0,2298.961,-0.03131593373606134
2301.517400104648,0.0,2299.431,-0.07053163455462408
2301.9829173781322,0.0,2299.89,-0.03131593373606134
2302.448434651616,0.0,2300.357,-0.02913731254783336
2302.9139519251,0.0,2300.823,0.007899767082501175
2303.379469198584,0.0,2301.288,0.016614381693027758
2303.844986472068,0.0,2301.754,-0.02477994031376296
2304.3105037455516,0.0,2302.221,-0.03131593373606134
2304.776021019036,0.0,2302.686,0.02315037511532614
2305.2415382925196,0.0,2303.147,-0.020422697937306777
2305.707055566004,0.0,2303.616,-0.1598562719905039
2306.1725728394877,0.0,2304.08,0.02315037511532614
2306.6380901129714,0.0,2304.542,-0.026958561501991163
2307.1036073864557,0.0,2305.01,-0.02913731254783336
2307.5691246599395,0.0,2305.472,0.02315037511532614
2308.0346419334232,0.0,2305.937,0.06890193949857304
2308.5001592069075,0.0,2306.4,0.060187324888046456
2308.9656764803913,0.0,2306.865,0.016614381693027758
2309.4311937538755,0.0,2307.332,-0.04874516295711451
2309.8967110273593,0.0,2307.797,0.005721145894272972
2310.362228300843,0.0,2308.262,0.02315037511532614
2310.8277455743273,0.0,2308.727,-0.02477994031376296
2311.293262847811,0.0,2309.195,-0.026958561501991163
2311.758780121295,0.0,2309.66,0.02315037511532614
2312.224297394779,0.0,2310.124,0.02315037511532614
2312.689814668263,0.0,2310.587,-0.03131593373606134
2313.1553319417467,0.0,2311.05,0.005721145894272972
2313.620849215231,0.0,2311.52,0.02315037511532614
2314.0863664887147,0.0,2311.984,-0.013886704515008397
2314.551883762199,0.0,2312.446,0.02532899630355412
2315.0174010356827,0.0,2312.911,0.4087712600210396
2315.4829183091665,0.0,2313.376,-0.03131593373606134
2315.9484355826507,0.0,2313.842,0.04057947447876531
2316.4139528561345,0.0,2314.306,0.014435760504799555
2316.8794701296183,0.0,2314.772,-0.033494554924289544
2317.3449874031026,0.0,2315.239,0.1342614841487153
2317.8105046765863,0.0,2315.705,0.02532899630355412
2318.27602195007,0.0,2316.17,-0.002993468716253611
2318.7415392235544,0.0,2316.635,-0.03131593373606134
2319.207056497038,0.0,2317.098,0.02097162406948394
2319.6725737705224,0.0,2317.561,-0.020422697937306777
2320.138091044006,0.0,2318.028,-0.03131593373606134
2320.60360831749,0.0,2318.49,-0.02260131912553498
2321.069125590974,0.0,2318.956,0.02315037511532614
2321.534642864458,0.0,2319.422,-0.02260131912553498
2322.0001601379417,0.0,2319.887,0.02315037511532614
2322.465677411426,0.0,2320.354,-0.02260131912553498
2322.9311946849098,0.0,2320.819,0.02532899630355412
2323.3967119583936,0.0,2321.284,0.018793002881255738
2323.862229231878,0.0,2321.749,-0.02260131912553498
2324.3277465053616,0.0,2322.214,0.0035425247060447695
2324.793263778846,0.0,2322.68,0.13208273310287333
2325.2587810523296,0.0,2323.143,0.04057947447876531
2325.7242983258134,0.0,2323.605,0.02097162406948394
2326.1898155992976,0.0,2324.073,-0.09013948496390523
2326.6553328727814,0.0,2324.535,-0.026958561501991163
2327.120850146265,0.0,2325.006,-0.03131593373606134
2327.5863674197494,0.0,2325.468,0.016614381693027758
2328.051884693233,0.0,2325.934,-0.0160653257032366
2328.5174019667174,0.0,2326.397,0.018793002881255738
2328.982919240201,0.0,2326.863,-0.02260131912553498
2329.448436513685,0.0,2327.328,0.007899767082501175
2329.9139537871692,0.0,2327.793,0.02315037511532614
2330.379471060653,0.0,2328.257,0.02315037511532614
2330.844988334137,0.0,2328.723,-0.0160653257032366
2331.310505607621,0.0,2329.187,-0.02913731254783336
2331.776022881105,0.0,2329.653,0.005721145894272972
2332.2415401545886,0.0,2330.117,0.02750761749178232
2332.707057428073,0.0,2330.58,-0.07924624916515066
2333.1725747015566,0.0,2331.05,-0.02260131912553498
2333.638091975041,0.0,2331.512,0.06890193949857304
2334.1036092485247,0.0,2331.98,0.031864859868238726
2334.5691265220084,0.0,2332.443,0.0013637736602027939
2335.0346437954927,0.0,2332.908,-0.009529462138551992
2335.5001610689765,0.0,2333.372,0.014435760504799555
2335.9656783424603,0.0,2333.838,0.016614381693027758
2336.4311956159445,0.0,2334.303,0.02315037511532614
2336.8967128894283,0.0,2334.768,-0.0160653257032366
2337.362230162912,0.0,2335.235,-0.020422697937306777
2337.8277474363963,0.0,2335.701,0.018793002881255738
2338.29326470988,0.0,2336.166,0.018793002881255738
2338.7587819833643,0.0,2336.632,-0.02477994031376296
2339.224299256848,0.0,2337.094,0.014435760504799555
2339.689816530332,0.0,2337.557,-0.02260131912553498
2340.155333803816,0.0,2338.02,0.005721145894272972
2340.6208510773,0.0,2338.49,0.02315037511532614
2341.0863683507837,0.0,2338.956,-0.026958561501991163
2341.551885624268,0.0,2339.415,0.029686238680010524
2342.0174028977517,0.0,2339.88,0.02315037511532614
2342.482920171236,0.0,2340.347,0.007899767082501175
2342.9484374447197,0.0,2340.813,-0.0160653257032366
2343.4139547182035,0.0,2341.28,0.018793002881255738
2343.8794719916878,0.0,2341.745,-0.0160653257032366
2344.3449892651715,0.0,2342.21,0.02315037511532614
2344.8105065386553,0.0,2342.676,0.0035425247060447695
2345.2760238121396,0.0,2343.139,0.02315037511532614
2345.7415410856233,0.0,2343.601,-0.39297172585603724
2346.207058359107,0.0,2344.065,0.02315037511532614
2346.6725756325914,0.0,2344.535,0.02532899630355412
2347.138092906075,0.0,2344.998,-0.03131593373606134
2347.6036101795594,0.0,2345.461,0.02315037511532614
2348.069127453043,0.0,2345.926,-0.05310240533357091
2348.534644726527,0.0,2346.39,-0.009529462138551992
2349.000162000011,0.0,2346.856,0.014435760504799555
2349.465679273495,0.0,2347.32,0.014435760504799555
2349.9311965469788,0.0,2347.786,0.02750761749178232
2350.396713820463,0.0,2348.251,-0.020422697937306777
2350.862231093947,0.0,2348.716,0.02097162406948394
2351.3277483674306,0.0,2349.184,-0.002993468716253611
2351.793265640915,0.0,2349.65,-0.14896290633413534
2352.2587829143986,0.0,2350.11,0.007899767082501175
2352.724300187883,0.0,2350.58,0.2758736793901406
2353.1898174613666,0.0,2351.042,0.1952636565647874
2353.6553347348504,0.0,2351.505,0.02315037511532614
2354.1208520083346,0.0,2351.976,0.04057947447876531
2354.5863692818184,0.0,2352.439,-0.02913731254783336
2355.051886555302,0.0,2352.904,0.005721145894272972
2355.5174038287864,0.0,2353.368,-0.007350711092710016
2355.98292110227,0.0,2353.834,0.02097162406948394
2356.448438375754,0.0,2354.301,0.02315037511532614
2356.9139556492382,0.0,2354.766,-0.007350711092710016
2357.379472922722,0.0,2355.231,-0.03131593373606134
2357.8449901962063,0.0,2355.69,0.060187324888046456
2358.31050746969,0.0,2356.162,-0.020422697937306777
2358.776024743174,0.0,2356.62,-0.03131593373606134
2359.241542016658,0.0,2357.091,-0.09449672734036163
2359.707059290142,0.0,2357.553,0.05365146132336207
2360.1725765636256,0.0,2358.021,0.04057947447876531
2360.63809383711,0.0,2358.483,0.018793002881255738
2361.1036111105936,0.0,2358.949,0.02532899630355412
2361.569128384078,0.0,2359.412,0.031864859868238726
2362.0346456575617,0.0,2359.878,-0.02260131912553498
2362.5001629310455,0.0,2360.343,0.018793002881255738
2362.9656802045297,0.0,2360.809,-0.02260131912553498
2363.4311974780135,0.0,2361.276,-0.033494554924289544
2363.8967147514973,0.0,2361.741,0.014435760504799555
2364.3622320249815,0.0,2362.207,0.031864859868238726
2364.8277492984653,0.0,2362.665,0.014435760504799555
2365.293266571949,0.0,2363.135,0.02315037511532614
2365.7587838454333,0.0,2363.597,-0.03131593373606134
2366.224301118917,0.0,2364.061,0.0013637736602027939
2366.6898183924013,0.0,2364.531,0.029686238680010524
2367.155335665885,0.0,2364.991,0.07108056068680124
2367.620852939369,0.0,2365.461,-0.05745964771002732
2368.086370212853,0.0,2365.926,0.04929408908929189
2368.551887486337,0.0,2366.39,-0.009529462138551992
2369.0174047598207,0.0,2366.856,0.014435760504799555
2369.482922033305,0.0,2367.32,0.014435760504799555
2369.9484393067887,0.0,2367.786,-0.026958561501991163
2370.4139565802725,0.0,2368.251,0.02315037511532614
2370.8794738537567,0.0,2368.716,0.02315037511532614
2371.3449911272405,0.0,2369.181,0.014435760504799555
2371.8105084007248,0.0,2369.646,-0.020422697937306777
2372.2760256742085,0.0,2370.109,0.02097162406948394
2372.7415429476923,0.0,2370.571,-0.03131593373606134
2373.2070602211766,0.0,2371.039,-0.312361703030684
2373.6725774946603,0.0,2371.502,-0.09667534852858983
2374.138094768144,0.0,2371.965,0.02532899630355412
2374.6036120416284,0.0,2372.435,-0.02260131912553498
2375.069129315112,0.0,2372.901,0.02097162406948394
2375.5346465885964,0.0,2373.361,-0.04438779072304433
2376.00016386208,0.0,2373.826,0.014435760504799555
2376.465681135564,0.0,2374.29,0.02315037511532614
2376.931198409048,0.0,2374.756,-0.03131593373606134
2377.396715682532,0.0,2375.22,-0.03131593373606134
2377.8622329560158,0.0,2375.686,0.02097162406948394
2378.3277502295,0.0,2376.154,-0.02913731254783336
2378.793267502984,0.0,2376.617,-0.02477994031376296
2379.2587847764676,0.0,2377.08,0.012257139316571353
2379.724302049952,0.0,2377.55,0.02315037511532614
2380.1898193234356,0.0,2378.01,-0.009529462138551992
2380.65533659692,0.0,2378.479,-0.03131593373606134
2381.1208538704036,0.0,2378.945,0.02097162406948394
2381.5863711438874,0.0,2379.408,-0.026958561501991163
2382.0518884173716,0.0,2379.874,0.02315037511532614
2382.5174056908554,0.0,2380.339,0.016614381693027758
2382.982922964339,0.0,2380.805,0.036222232102308904
2383.4484402378234,0.0,2381.265,0.014435760504799555
2383.913957511307,0.0,2381.731,0.02315037511532614
2384.379474784791,0.0,2382.195,0.04711546790106369
2384.8449920582752,0.0,2382.661,-0.02260131912553498
2385.310509331759,0.0,2383.132,-0.23828754377001515
2385.7760266052433,0.0,2383.594,0.007899767082501175
2386.241543878727,0.0,2384.057,-0.03131593373606134
2386.707061152211,0.0,2384.52,0.02315037511532614
2387.172578425695,0.0,2384.991,0.02097162406948394
2387.638095699179,0.0,2385.453,-0.040030548346587924
2388.1036129726626,0.0,2385.919,0.02315037511532614
2388.569130246147,0.0,2386.382,-0.02260131912553498
2389.0346475196307,0.0,2386.848,0.02315037511532614
2389.5001647931144,0.0,2387.313,0.02315037511532614
2389.9656820665987,0.0,2387.778,-0.026958561501991163
2390.4311993400825,0.0,2388.244,0.02750761749178232
2390.8967166135667,0.0,2388.709,0.012257139316571353
2391.3622338870505,0.0,2389.177,0.02315037511532614
2391.8277511605343,0.0,2389.635,-0.03131593373606134
2392.2932684340185,0.0,2390.105,-0.002993468716253611
2392.7587857075023,0.0,2390.568,-0.03131593373606134
2393.224302980986,0.0,2391.032,-0.033494554924289544
2393.6898202544703,0.0,2391.502,-0.033494554924289544
2394.155337527954,0.0,2391.965,0.018793002881255738
2394.6208548014383,0.0,2392.427,-0.02477994031376296
2395.086372074922,0.0,2392.893,0.02315037511532614
2395.551889348406,0.0,2393.357,0.02315037511532614
2396.01740662189,0.0,2393.822,0.010078388270729377
2396.482923895374,0.0,2394.288,-0.02913731254783336
2396.9484411688577,0.0,2394.753,0.02097162406948394
2397.413958442342,0.0,2395.22,-0.02260131912553498
2397.8794757158257,0.0,2395.685,0.02315037511532614
2398.3449929893095,0.0,2396.147,0.018793002881255738
2398.8105102627937,0.0,2396.616,0.014435760504799555
2399.2760275362775,0.0,2397.079,-0.03131593373606134
2399.7415448097618,0.0,2397.542,0.02097162406948394
2400.2070620832455,0.0,2398.01,0.018793002881255738
2400.6725793567293,0.0,2398.473,-0.018244076749078575
2401.1380966302136,0.0,2398.939,0.012257139316571353
2401.6036139036974,0.0,2399.401,-0.03785179730074595
2402.069131177181,0.0,2399.867,0.018793002881255738
2402.5346484506654,0.0,2400.333,-0.03131593373606134
2403.000165724149,0.0,2400.798,0.005721145894272972
2403.465682997633,0.0,2401.266,0.02315037511532614
2403.931200271117,0.0,2401.732,-0.02260131912553498
2404.396717544601,0.0,2402.191,0.02315037511532614
2404.862234818085,0.0,2402.657,0.4044138877869692
2405.327752091569,0.0,2403.125,-0.03785179730074595
2405.7932693650528,0.0,2403.587,0.05365146132336207
2406.258786638537,0.0,2404.05,-0.026958561501991163
2406.724303912021,0.0,2404.52,0.012257139316571353
2407.1898211855046,0.0,2404.984,0.02315037511532614
2407.655338458989,0.0,2405.446,-0.026958561501991163
2408.1208557324726,0.0,2405.912,0.018793002881255738
2408.586373005957,0.0,2406.376,0.018793002881255738
2409.0518902794406,0.0,2406.842,-0.040030548346587924
2409.5174075529244,0.0,2407.306,-0.020422697937306777
2409.9829248264086,0.0,2407.772,0.014435760504799555
2410.4484420998924,0.0,2408.239,-0.020422697937306777
2410.913959373376,0.0,2408.704,0.029686238680010524
2411.3794766468604,0.0,2409.169,0.018793002881255738
2411.844993920344,0.0,2409.634,-0.033494554924289544
2412.310511193828,0.0,2410.095,-0.04220916953481613
2412.7760284673122,0.0,2410.564,0.005721145894272972
2413.241545740796,0.0,2411.028,-0.009529462138551992
2413.7070630142803,0.0,2411.49,0.02315037511532614
2414.172580287764,0.0,2411.956,0.0013637736602027939
2414.638097561248,0.0,2412.422,0.016614381693027758
2415.103614834732,0.0,2412.888,-0.02477994031376296
2415.569132108216,0.0,2413.355,-0.03131593373606134
2416.0346493816996,0.0,2413.821,0.007899767082501175
2416.500166655184,0.0,2414.28,-0.018244076749078575
2416.9656839286677,0.0,2414.746,0.02097162406948394
2417.4312012021514,0.0,2415.21,0.02315037511532614
2417.8967184756357,0.0,2415.676,-0.061817019944097495
2418.3622357491195,0.0,2416.146,-0.03131593373606134
2418.8277530226037,0.0,2416.608,-0.026958561501991163
2419.2932702960875,0.0,2417.076,0.014435760504799555
2419.7587875695713,0.0,2417.539,0.018793002881255738
2420.2243048430555,0.0,2418.007,-0.05963839875586929
2420.6898221165393,0.0,2418.468,-0.020422697937306777
2421.155339390023,0.0,2418.934,0.02097162406948394
2421.6208566635073,0.0,2419.397,-0.02913731254783336
2422.086373936991,0.0,2419.862,0.02532899630355412
2422.551891210475,0.0,2420.331,0.3848060373776878
2423.017408483959,0.0,2420.79,-0.03131593373606134
2423.482925757443,0.0,2421.262,0.02315037511532614
2423.948443030927,0.0,2421.72,0.02315037511532614
2424.413960304411,0.0,2422.192,-0.009529462138551992
2424.8794775778947,0.0,2422.65,-0.03131593373606134
2425.344994851379,0.0,2423.118,-0.026958561501991163
2425.8105121248627,0.0,2423.58,0.014435760504799555
2426.2760293983465,0.0,2424.05,0.02097162406948394
2426.7415466718307,0.0,2424.513,0.02532899630355412
2427.2070639453145,0.0,2424.976,0.02097162406948394
2427.6725812187988,0.0,2425.446,0.02315037511532614
2428.1380984922826,0.0,2425.912,0.02315037511532614
2428.6036157657663,0.0,2426.376,0.02315037511532614
2429.0691330392506,0.0,2426.842,-0.02913731254783336
2429.5346503127344,0.0,2427.305,-0.026958561501991163
2430.000167586218,0.0,2427.772,0.018793002881255738
2430.4656848597024,0.0,2428.236,0.018793002881255738
2430.931202133186,0.0,2428.695,-0.013886704515008397
2431.39671940667,0.0,2429.162,0.02315037511532614
2431.862236680154,0.0,2429.627,-0.03131593373606134
2432.327753953638,0.0,2430.095,-0.05745964771002732
2432.793271227122,0.0,2430.557,0.02315037511532614
2433.258788500606,0.0,2431.021,0.029686238680010524
2433.7243057740898,0.0,2431.49,-0.02260131912553498
2434.189823047574,0.0,2431.957,0.018793002881255738
2434.655340321058,0.0,2432.422,-0.026958561501991163
2435.1208575945416,0.0,2432.88,-0.02260131912553498
2435.586374868026,0.0,2433.347,-0.03785179730074595
2436.0518921415096,0.0,2433.813,0.05365146132336207
2436.5174094149934,0.0,2434.28,0.02315037511532614
2436.9829266884776,0.0,2434.746,0.018793002881255738
2437.4484439619614,0.0,2435.21,0.1386187265251717
2437.9139612354456,0.0,2435.676,-0.013886704515008397
2438.3794785089294,0.0,2436.139,0.016614381693027758
2438.844995782413,0.0,2436.601,0.02315037511532614
2439.3105130558974,0.0,2437.069,0.05365146132336207
2439.7760303293812,0.0,2437.531,0.02315037511532614
2440.241547602865,0.0,2437.999,0.02315037511532614
2440.7070648763492,0.0,2438.461,-0.020422697937306777
2441.172582149833,0.0,2438.926,0.06890193949857304
2441.6380994233173,0.0,2439.39,0.02315037511532614
2442.103616696801,0.0,2439.856,0.031864859868238726
2442.569133970285,0.0,2440.32,0.018793002881255738
2443.034651243769,0.0,2440.786,-0.0160653257032366
2443.500168517253,0.0,2441.25,-0.02913731254783336
2443.9656857907366,0.0,2441.716,0.014435760504799555
2444.431203064221,0.0,2442.18,0.018793002881255738
2444.8967203377047,0.0,2442.645,-0.03131593373606134
2445.3622376111884,0.0,2443.113,-0.013886704515008397
2445.8277548846727,0.0,2443.576,0.02315037511532614
2446.2932721581565,0.0,2444.046,0.02315037511532614
2446.7587894316407,0.0,2444.509,-0.03131593373606134
2447.2243067051245,0.0,2444.977,-0.026958561501991163
2447.6898239786083,0.0,2445.439,0.014435760504799555
2448.1553412520925,0.0,2445.904,0.02315037511532614
2448.6208585255763,0.0,2446.369,-0.011708083326780194
2449.08637579906,0.0,2446.835,0.02315037511532614
2449.5518930725443,0.0,2447.295,-0.02260131912553498
2450.017410346028,0.0,2447.76,0.02315037511532614
2450.482927619512,0.0,2448.225,0.02315037511532614
2450.948444892996,0.0,2448.69,-0.08796073391806325
2451.41396216648,0.0,2449.165,0.02750761749178232
2451.879479439964,0.0,2449.623,-0.02260131912553498
2452.344996713448,0.0,2450.091,-0.002993468716253611
2452.8105139869317,0.0,2450.554,-0.09449672734036163
2453.276031260416,0.0,2451.017,0.02097162406948394
2453.7415485338997,0.0,2451.487,-0.002993468716253611
2454.2070658073835,0.0,2451.945,0.02097162406948394
2454.6725830808678,0.0,2452.415,0.2889455363771236
2455.1381003543515,0.0,2452.882,-0.03131593373606134
2455.6036176278353,0.0,2453.346,-0.03131593373606134
2456.0691349013196,0.0,2453.812,0.02315037511532614
2456.5346521748033,0.0,2454.276,0.036222232102308904
2457.0001694482876,0.0,2454.741,0.02315037511532614
2457.4656867217714,0.0,2455.206,-0.03131593373606134
2457.931203995255,0.0,2455.665,-0.040030548346587924
2458.3967212687394,0.0,2456.135,-0.03131593373606134
2458.862238542223,0.0,2456.598,0.02315037511532614
2459.327755815707,0.0,2457.061,-0.02260131912553498
2459.793273089191,0.0,2457.531,-0.03131593373606134
2460.258790362675,0.0,2457.991,0.02315037511532614
2460.724307636159,0.0,2458.461,-0.05092378414534271
2461.189824909643,0.0,2458.927,-0.03131593373606134
2461.655342183127,0.0,2459.391,0.02315037511532614
2462.120859456611,0.0,2459.856,-0.02260131912553498
2462.586376730095,0.0,2460.321,0.0340436109140807
2463.0518940035786,0.0,2460.787,0.016614381693027758
2463.517411277063,0.0,2461.246,0.18219166972019063
2463.9829285505466,0.0,2461.712,-0.42565143325230137
2464.4484458240304,0.0,2462.177,-0.026958561501991163
2464.9139630975146,0.0,2462.643,0.014435760504799555
2465.3794803709984,0.0,2463.106,-0.02260131912553498
2465.8449976444826,0.0,2463.576,-0.035673176112517746
2466.3105149179664,0.0,2464.036,0.02315037511532614
2466.77603219145,0.0,2464.506,-0.0008148475280254086
2467.2415494649345,0.0,2464.969,0.02315037511532614
2467.7070667384182,0.0,2465.431,0.018793002881255738
2468.172584011902,0.0,2465.897,0.02315037511532614
2468.6381012853863,0.0,2466.362,-0.03131593373606134
2469.10361855887,0.0,2466.827,0.031864859868238726
2469.569135832354,0.0,2467.294,-0.03131593373606134
2470.034653105838,0.0,2467.76,0.02315037511532614
2470.500170379322,0.0,2468.224,0.012257139316571353
2470.965687652806,0.0,2468.69,-0.02260131912553498
2471.43120492629,0.0,2469.15,0.02315037511532614
2471.8967221997736,0.0,2469.62,0.02315037511532614
2472.362239473258,0.0,2470.084,0.02315037511532614
2472.8277567467417,0.0,2470.546,0.007899767082501175
2473.2932740202255,0.0,2471.01,0.02315037511532614
2473.7587912937097,0.0,2471.479,0.014435760504799555
2474.2243085671935,0.0,2471.945,-0.02913731254783336
2474.6898258406773,0.0,2472.408,0.1407973477133999
2475.1553431141615,0.0,2472.874,0.016614381693027758
2475.6208603876453,0.0,2473.339,-0.03131593373606134
2476.0863776611295,0.0,2473.805,0.02097162406948394
2476.5518949346133,0.0,2474.269,0.02315037511532614
2477.017412208097,0.0,2474.735,-0.026958561501991163
2477.4829294815813,0.0,2475.202,-0.05092378414534271
2477.948446755065,0.0,2475.66,-0.007350711092710016
2478.413964028549,0.0,2476.128,-0.020422697937306777
2478.879481302033,0.0,2476.59,0.02315037511532614
2479.344998575517,0.0,2477.058,0.02097162406948394
2479.810515849001,0.0,2477.52,-0.0008148475280254086
2480.276033122485,0.0,2477.988,-0.02260131912553498
2480.7415503959687,0.0,2478.45,0.06454469712211686
2481.207067669453,0.0,2478.915,-0.002993468716253611
2481.6725849429367,0.0,2479.38,0.0013637736602027939
2482.1381022164205,0.0,2479.845,-0.026958561501991163
2482.6036194899048,0.0,2480.31,-0.009529462138551992
2483.0691367633885,0.0,2480.776,0.042758225524607285
2483.5346540368723,0.0,2481.243,0.02315037511532614
2484.0001713103566,0.0,2481.708,-0.040030548346587924
2484.4656885838403,0.0,2482.172,-0.02260131912553498
2484.9312058573246,0.0,2482.638,0.02315037511532614
2485.3967231308084,0.0,2483.106,0.029686238680010524
2485.862240404292,0.0,2483.569,-0.02477994031376296
2486.3277576777764,0.0,2484.032,0.02097162406948394
2486.79327495126,0.0,2484.502,0.02097162406948394
2487.258792224744,0.0,2484.961,-0.03131593373606134
2487.724309498228,0.0,2485.431,0.02315037511532614
2488.189826771712,0.0,2485.897,-0.02260131912553498
2488.6553440451958,0.0,2486.362,0.02750761749178232
2489.12086131868,0.0,2486.82,0.04929408908929189
2489.586378592164,0.0,2487.291,0.014435760504799555
2490.051895865648,0.0,2487.757,-0.03131593373606134
2490.517413139132,0.0,2488.217,0.018793002881255738
2490.9829304126156,0.0,2488.682,-0.02913731254783336
2491.4484476861,0.0,2489.15,0.014435760504799555
2491.9139649595836,0.0,2489.613,0.014435760504799555
2492.3794822330674,0.0,2490.076,0.02315037511532614
2492.8449995065516,0.0,2490.546,-0.02260131912553498
2493.3105167800354,0.0,2491.009,-0.002993468716253611
2493.7760340535197,0.0,2491.472,0.007899767082501175
2494.2415513270034,0.0,2491.937,-0.061817019944097495
2494.707068600487,0.0,2492.4,-0.02913731254783336
2495.1725858739715,0.0,2492.866,0.02315037511532614
2495.6381031474552,0.0,2493.332,0.02315037511532614
2496.103620420939,0.0,2493.798,0.014435760504799555
2496.5691376944233,0.0,2494.265,0.005721145894272972
2497.034654967907,0.0,2494.731,-0.026958561501991163
2497.500172241391,0.0,2495.196,-0.4801176122460751
2497.965689514875,0.0,2495.661,-0.0008148475280254086
2498.431206788359,0.0,2496.124,-0.5737996219160251
2498.896724061843,0.0,2496.587,0.02097162406948394
2499.362241335327,0.0,2497.05,0.02532899630355412
2499.8277586088107,0.0,2497.52,0.07543793292087142
2500.293275882295,0.0,2497.984,-0.02260131912553498
2500.7587931557787,0.0,2498.446,0.018793002881255738
2501.2243104292625,0.0,2498.911,-0.19907184295145264
2501.6898277027467,0.0,2499.376,0.012257139316571353
2502.1553449762305,0.0,2499.842,0.005721145894272972
2502.6208622497143,0.0,2500.306,0.02097162406948394
2503.0863795231985,0.0,2500.772,-0.033494554924289544
2503.5518967966823,0.0,2501.239,0.02315037511532614
2504.0174140701665,0.0,2501.704,-0.02913731254783336
2504.4829313436503,0.0,2502.169,-0.03131593373606134
2504.948448617134,0.0,2502.635,-0.013886704515008397
2505.4139658906183,0.0,2503.098,0.02315037511532614
2505.879483164102,0.0,2503.561,-0.05963839875586929
2506.345000437586,0.0,2504.028,-0.05745964771002732
2506.81051771107,0.0,2504.491,-0.20342921518552282
2507.276034984554,0.0,2504.957,0.007899767082501175
2507.7415522580377,0.0,2505.422,-0.02260131912553498
2508.207069531522,0.0,2505.888,0.016614381693027758
2508.6725868050057,0.0,2506.355,0.02315037511532614
2509.13810407849,0.0,2506.82,-0.026958561501991163
2509.6036213519737,0.0,2507.28,0.02315037511532614
2510.0691386254575,0.0,2507.746,-0.08796073391806325
2510.5346558989418,0.0,2508.21,-0.03131593373606134
2511.0001731724255,0.0,2508.676,0.02750761749178232
2511.4656904459093,0.0,2509.147,0.02750761749178232
2511.9312077193936,0.0,2509.609,0.02097162406948394
2512.3967249928774,0.0,2510.072,0.018793002881255738
2512.8622422663616,0.0,2510.535,-0.03131593373606134
2513.3277595398454,0.0,2511.006,-0.02913731254783336
2513.793276813329,0.0,2511.468,0.005721145894272972
2514.2587940868134,0.0,2511.934,-0.026958561501991163
2514.724311360297,0.0,2512.397,0.014435760504799555
2515.189828633781,0.0,2512.863,-0.02260131912553498
2515.655345907265,0.0,2513.328,-0.02260131912553498
2516.120863180749,0.0,2513.793,0.02097162406948394
2516.5863804542328,0.0,2514.258,0.007899767082501175
2517.051897727717,0.0,2514.724,-0.035673176112517746
2517.517415001201,0.0,2515.188,0.051472710277520095
2517.982932274685,0.0,2515.654,0.02315037511532614
2518.448449548169,0.0,2516.117,0.02097162406948394
2518.9139668216526,0.0,2516.586,-0.03131593373606134
2519.379484095137,0.0,2517.047,0.02097162406948394
2519.8450013686206,0.0,2517.516,0.02532899630355412
2520.3105186421044,0.0,2517.98,-0.018244076749078575
2520.7760359155886,0.0,2518.442,0.012257139316571353
2521.2415531890724,0.0,2518.908,-0.02260131912553498
2521.707070462556,0.0,2519.372,-0.02477994031376296
2522.1725877360404,0.0,2519.838,0.02315037511532614
2522.638105009524,0.0,2520.302,0.02315037511532614
2523.1036222830085,0.0,2520.768,-0.04874516295711451
2523.5691395564922,0.0,2521.232,-0.02260131912553498
2524.034656829976,0.0,2521.698,0.0340436109140807
2524.5001741034603,0.0,2522.165,-0.013886704515008397
2524.965691376944,0.0,2522.63,0.02097162406948394
2525.431208650428,0.0,2523.091,0.018793002881255738
2525.896725923912,0.0,2523.561,-0.02260131912553498
2526.362243197396,0.0,2524.021,-0.035673176112517746
2526.82776047088,0.0,2524.491,0.016614381693027758
2527.293277744364,0.0,2524.957,-0.03131593373606134
2527.7587950178477,0.0,2525.415,-0.020422697937306777
2528.224312291332,0.0,2525.88,0.018793002881255738
2528.6898295648157,0.0,2526.347,0.007899767082501175
2529.1553468382995,0.0,2526.813,0.016614381693027758
2529.6208641117837,0.0,2527.28,0.014435760504799555
2530.0863813852675,0.0,2527.745,-0.026958561501991163
2530.5518986587513,0.0,2528.21,-0.005172089904481814
2531.0174159322355,0.0,2528.676,0.02315037511532614
2531.4829332057193,0.0,2529.139,0.02315037511532614
2531.9484504792035,0.0,2529.601,0.007899767082501175
2532.4139677526873,0.0,2530.065,-0.02260131912553498
2532.879485026171,0.0,2530.535,0.02315037511532614
2533.3450022996553,0.0,2530.999,-0.02477994031376296
2533.810519573139,0.0,2531.461,0.02532899630355412
2534.276036846623,0.0,2531.926,-0.040030548346587924
2534.741554120107,0.0,2532.39,-0.05745964771002732
2535.207071393591,0.0,2532.856,0.042758225524607285
2535.6725886670747,0.0,2533.321,0.05583008251159027
2536.138105940559,0.0,2533.787,-0.05745964771002732
2536.6036232140427,0.0,2534.253,0.018793002881255738
2537.069140487527,0.0,2534.719,-0.03131593373606134
2537.5346577610107,0.0,2535.184,-0.02913731254783336
2538.0001750344945,0.0,2535.649,0.018793002881255738
2538.4656923079788,0.0,2536.11,0.051472710277520095
2538.9312095814626,0.0,2536.579,-0.02913731254783336
2539.3967268549463,0.0,2537.043,-0.02260131912553498
2539.8622441284306,0.0,2537.505,-0.02260131912553498
2540.3277614019144,0.0,2537.976,0.0035425247060447695
2540.793278675398,0.0,2538.439,-0.061817019944097495
2541.2587959488824,0.0,2538.904,-0.005172089904481814
2541.724313222366,0.0,2539.369,-0.02913731254783336
2542.1898304958504,0.0,2539.835,-0.04874516295711451
2542.655347769334,0.0,2540.295,0.02315037511532614
2543.120865042818,0.0,2540.761,-0.03131593373606134
2543.586382316302,0.0,2541.228,-0.03131593373606134
2544.051899589786,0.0,2541.694,0.031864859868238726
2544.51741686327,0.0,2542.166,-0.013886704515008397
2544.982934136754,0.0,2542.624,-0.03131593373606134
2545.448451410238,0.0,2543.087,0.016614381693027758
2545.913968683722,0.0,2543.55,-0.02913731254783336
2546.379485957206,0.0,2544.02,-0.03131593373606134
2546.8450032306896,0.0,2544.483,0.02097162406948394
2547.310520504174,0.0,2544.949,-0.02260131912553498
2547.7760377776576,0.0,2545.412,0.014435760504799555
2548.2415550511414,0.0,2545.877,-0.02913731254783336
2548.7070723246256,0.0,2546.343,0.07108056068680124
2549.1725895981094,0.0,2546.809,-0.020422697937306777
2549.638106871593,0.0,2547.273,-0.03131593373606134
2550.1036241450774,0.0,2547.739,0.018793002881255738
2550.5691414185612,0.0,2548.206,0.04711546790106369
2551.0346586920455,0.0,2548.672,0.04057947447876531
2551.5001759655293,0.0,2549.132,0.02315037511532614
2551.965693239013,0.0,2549.602,0.010078388270729377
2552.4312105124973,0.0,2550.065,0.018793002881255738
2552.896727785981,0.0,2550.527,-0.03131593373606134
2553.362245059465,0.0,2550.991,-0.03131593373606134
2553.827762332949,0.0,2551.461,0.02532899630355412
2554.293279606433,0.0,2551.927,-0.007350711092710016
2554.7587968799166,0.0,2552.39,-0.020422697937306777
2555.224314153401,0.0,2552.856,0.018793002881255738
2555.6898314268847,0.0,2553.32,0.02315037511532614
2556.155348700369,0.0,2553.786,-0.03131593373606134
2556.6208659738527,0.0,2554.25,-0.02913731254783336
2557.0863832473365,0.0,2554.716,0.042758225524607285
2557.5519005208207,0.0,2555.176,-0.007350711092710016
2558.0174177943045,0.0,2555.642,0.016614381693027758
2558.4829350677883,0.0,2556.109,0.02315037511532614
2558.9484523412725,0.0,2556.572,-0.026958561501991163
2559.4139696147563,0.0,2557.035,-0.05963839875586929
2559.8794868882405,0.0,2557.505,0.014435760504799555
2560.3450041617243,0.0,2557.969,0.02315037511532614
2560.810521435208,0.0,2558.431,-0.2557167729910683
2561.2760387086923,0.0,2558.897,0.04493684671283549
2561.741555982176,0.0,2559.364,-0.020422697937306777
2562.20707325566,0.0,2559.83,0.09068841109608261
2562.672590529144,0.0,2560.294,0.02315037511532614
2563.138107802628,0.0,2560.76,-0.020422697937306777
2563.6036250761117,0.0,2561.225,0.05365146132336207
2564.069142349596,0.0,2561.69,0.02315037511532614
2564.5346596230797,0.0,2562.153,0.007899767082501175
2565.000176896564,0.0,2562.616,0.02315037511532614
2565.4656941700478,0.0,2563.083,0.02315037511532614
2565.9312114435315,0.0,2563.546,0.05365146132336207
2566.396728717016,0.0,2564.017,-0.3080043307966136
2566.8622459904996,0.0,2564.479,0.02315037511532614
2567.3277632639833,0.0,2564.945,0.3041960145523346
2567.7932805374676,0.0,2565.408,0.014435760504799555
2568.2587978109514,0.0,2565.874,-0.026958561501991163
2568.724315084435,0.0,2566.339,0.02315037511532614
2569.1898323579194,0.0,2566.805,-0.02913731254783336
2569.655349631403,0.0,2567.269,-0.03131593373606134
2570.1208669048874,0.0,2567.735,0.02097162406948394
2570.586384178371,0.0,2568.195,0.012257139316571353
2571.051901451855,0.0,2568.66,0.04057947447876531
2571.517418725339,0.0,2569.132,-0.0008148475280254086
2571.982935998823,0.0,2569.594,-0.011708083326780194
2572.448453272307,0.0,2570.062,0.014435760504799555
2572.913970545791,0.0,2570.524,0.012257139316571353
2573.379487819275,0.0,2570.987,-0.04220916953481613
2573.8450050927586,0.0,2571.45,0.007899767082501175
2574.310522366243,0.0,2571.916,0.029686238680010524
2574.7760396397266,0.0,2572.387,-0.002993468716253611
2575.241556913211,0.0,2572.845,0.02315037511532614
2575.7070741866946,0.0,2573.31,0.018793002881255738
2576.1725914601784,0.0,2573.775,-0.03131593373606134
2576.6381087336626,0.0,2574.24,-0.03131593373606134
2577.1036260071464,0.0,2574.706,0.02315037511532614
2577.56914328063,0.0,2575.172,0.07108056068680124
2578.0346605541145,0.0,2575.638,0.02315037511532614
2578.5001778275982,0.0,2576.106,-0.061817019944097495
2578.9656951010825,0.0,2576.568,0.02315037511532614
2579.4312123745663,0.0,2577.032,-0.03131593373606134
2579.89672964805,0.0,2577.502,0.018793002881255738
2580.3622469215343,0.0,2577.965,-0.0160653257032366
2580.827764195018,0.0,2578.428,-0.03131593373606134
2581.293281468502,0.0,2578.893,0.02315037511532614
2581.758798741986,0.0,2579.358,0.016614381693027758
2582.22431601547,0.0,2579.824,-0.0008148475280254086
2582.6898332889537,0.0,2580.291,-0.02913731254783336
2583.155350562438,0.0,2580.75,-0.02260131912553498
2583.6208678359217,0.0,2581.216,-0.03131593373606134
2584.086385109406,0.0,2581.682,0.02315037511532614
2584.5519023828897,0.0,2582.15,-0.0160653257032366
2585.0174196563735,0.0,2582.613,-0.03131593373606134
2585.4829369298577,0.0,2583.076,0.02315037511532614
2585.9484542033415,0.0,2583.546,0.02315037511532614
2586.4139714768253,0.0,2584.006,-0.020422697937306777
2586.8794887503095,0.0,2584.475,0.29548152979942177
2587.3450060237933,0.0,2584.941,-0.6217298074875002
2587.810523297277,0.0,2585.404,0.02315037511532614
2588.2760405707613,0.0,2585.869,-0.02477994031376296
2588.741557844245,0.0,2586.336,-0.03131593373606134
2589.2070751177293,0.0,2586.795,-0.02260131912553498
2589.672592391213,0.0,2587.261,0.005721145894272972
2590.138109664697,0.0,2587.727,-0.005172089904481814
2590.603626938181,0.0,2588.191,0.16694119154497944
2591.069144211665,0.0,2588.656,0.018793002881255738
2591.5346614851487,0.0,2589.124,0.018793002881255738
2592.000178758633,0.0,2589.586,-0.03131593373606134
2592.4656960321167,0.0,2590.05,-0.040030548346587924
2592.931213305601,0.0,2590.52,0.02315037511532614
2593.3967305790848,0.0,2590.98,0.018793002881255738
2593.8622478525685,0.0,2591.45,-0.02260131912553498
2594.327765126053,0.0,2591.916,0.014435760504799555
2594.7932823995366,0.0,2592.38,0.02315037511532614
2595.2587996730203,0.0,2592.845,0.014435760504799555
2595.7243169465046,0.0,2593.31,-0.03131593373606134
2596.1898342199884,0.0,2593.776,0.02097162406948394
2596.655351493472,0.0,2594.236,-0.02260131912553498
2597.1208687669564,0.0,2594.702,0.02315037511532614
2597.58638604044,0.0,2595.169,0.02315037511532614
2598.0519033139244,0.0,2595.635,-0.020422697937306777
2598.517420587408,0.0,2596.095,-0.03131593373606134
2598.982937860892,0.0,2596.565,0.02315037511532614
2599.448455134376,0.0,2597.028,-0.0160653257032366
2599.91397240786,0.0,2597.49,0.02315037511532614
2600.379489681344,0.0,2597.956,-0.013886704515008397
2600.845006954828,0.0,2598.421,-0.0008148475280254086
2601.310524228312,0.0,2598.888,-0.033494554924289544
2601.7760415017956,0.0,2599.354,0.02315037511532614
2602.24155877528,0.0,2599.819,-0.05092378414534271
2602.7070760487636,0.0,2600.283,-0.011708083326780194
2603.172593322248,0.0,2600.749,0.6506013284970993
2603.6381105957316,0.0,2601.214,0.02315037511532614
2604.1036278692154,0.0,2601.68,-0.03131593373606134
2604.5691451426997,0.0,2602.142,0.02315037511532614
2605.0346624161834,0.0,2602.605,-0.035673176112517746
2605.500179689667,0.0,2603.072,-0.02913731254783336
2605.9656969631515,0.0,2603.535,0.02315037511532614
2606.4312142366352,0.0,2604.002,0.02315037511532614
2606.896731510119,0.0,2604.465,-0.020422697937306777
2607.3622487836033,0.0,2604.93,0.04711546790106369
2607.827766057087,0.0,2605.401,0.1473333411356983
2608.2932833305713,0.0,2605.867,0.02315037511532614
2608.758800604055,0.0,2606.325,0.036222232102308904
2609.224317877539,0.0,2606.79,-0.020422697937306777
2609.689835151023,0.0,2607.257,-0.02477994031376296
2610.155352424507,0.0,2607.723,0.018793002881255738
2610.6208696979907,0.0,2608.187,0.02315037511532614
2611.086386971475,0.0,2608.653,0.02532899630355412
2611.5519042449587,0.0,2609.12,-0.03131593373606134
2612.017421518443,0.0,2609.583,0.02532899630355412
2612.4829387919267,0.0,2610.051,-0.002993468716253611
2612.9484560654105,0.0,2610.513,0.014435760504799555
2613.4139733388947,0.0,2610.976,0.016614381693027758
2613.8794906123785,0.0,2611.446,0.029686238680010524
2614.3450078858623,0.0,2611.905,0.018793002881255738
2614.8105251593465,0.0,2612.372,0.018793002881255738
2615.2760424328303,0.0,2612.838,-0.03131593373606134
2615.741559706314,0.0,2613.303,-0.009529462138551992
2616.2070769797983,0.0,2613.769,0.02315037511532614
2616.672594253282,0.0,2614.235,-0.020422697937306777
2617.1381115267664,0.0,2614.701,0.018793002881255738
2617.60362880025,0.0,2615.166,-0.026958561501991163
2618.069146073734,0.0,2615.631,0.02532899630355412
2618.534663347218,0.0,2616.094,-0.020422697937306777
2619.000180620702,0.0,2616.557,0.02315037511532614
2619.4656978941857,0.0,2617.024,0.014435760504799555
2619.93121516767,0.0,2617.487,-0.026958561501991163
2620.3967324411537,0.0,2617.953,0.012257139316571353
2620.8622497146375,0.0,2618.416,-0.02260131912553498
2621.3277669881218,0.0,2618.882,0.014435760504799555
2621.7932842616055,0.0,2619.347,0.018793002881255738
2622.25880153509,0.0,2619.812,-0.02260131912553498
2622.7243188085736,0.0,2620.28,-0.03131593373606134
2623.1898360820574,0.0,2620.746,0.02315037511532614
2623.6553533555416,0.0,2621.21,-0.002993468716253611
2624.1208706290254,0.0,2621.676,-0.013886704515008397
2624.586387902509,0.0,2622.139,0.014435760504799555
2625.0519051759934,0.0,2622.601,-0.040030548346587924
2625.517422449477,0.0,2623.069,-0.009529462138551992
2625.982939722961,0.0,2623.531,0.014435760504799555
2626.448456996445,0.0,2623.995,0.016614381693027758
2626.913974269929,0.0,2624.465,-0.02260131912553498
2627.379491543413,0.0,2624.93,0.02315037511532614
2627.845008816897,0.0,2625.393,-0.018244076749078575
2628.310526090381,0.0,2625.859,0.02315037511532614
2628.776043363865,0.0,2626.324,-0.04874516295711451
2629.241560637349,0.0,2626.79,0.031864859868238726
2629.7070779108326,0.0,2627.254,0.012257139316571353
2630.172595184317,0.0,2627.72,-0.05745964771002732
2630.6381124578006,0.0,2628.187,0.02315037511532614
2631.103629731285,0.0,2628.645,0.02750761749178232
2631.5691470047686,0.0,2629.113,0.014435760504799555
2632.0346642782524,0.0,2629.575,-0.02260131912553498
2632.5001815517367,0.0,2630.043,0.04929408908929189
2632.9656988252204,0.0,2630.505,0.02097162406948394
2633.431216098704,0.0,2630.976,0.0340436109140807
2633.8967333721885,0.0,2631.439,-0.020422697937306777
2634.3622506456722,0.0,2631.904,0.014435760504799555
2634.827767919156,0.0,2632.369,-0.03131593373606134
2635.2932851926403,0.0,2632.835,0.02315037511532614
2635.758802466124,0.0,2633.302,-0.03131593373606134
2636.2243197396083,0.0,2633.76,0.1865490419542608
2636.689837013092,0.0,2634.227,-0.03131593373606134
2637.155354286576,0.0,2634.692,0.02315037511532614
2637.62087156006,0.0,2635.165,0.0013637736602027939
2638.086388833544,0.0,2635.624,0.012257139316571353
2638.5519061070277,0.0,2636.091,0.007899767082501175
2639.017423380512,0.0,2636.554,0.02315037511532614
2639.4829406539957,0.0,2637.017,0.08850978990785441
2639.9484579274795,0.0,2637.487,-0.007350711092710016
2640.4139752009637,0.0,2637.945,0.1342614841487153
2640.8794924744475,0.0,2638.415,-0.020422697937306777
2641.3450097479317,0.0,2638.881,0.02315037511532614
2641.8105270214155,0.0,2639.346,-0.02913731254783336
2642.2760442948993,0.0,2639.805,-0.026958561501991163
2642.7415615683835,0.0,2640.277,0.02315037511532614
2643.2070788418673,0.0,2640.735,0.018793002881255738
2643.672596115351,0.0,2641.202,0.02315037511532614
2644.1381133888353,0.0,2641.667,-0.2535381518028401
2644.603630662319,0.0,2642.135,-0.03131593373606134
2645.0691479358034,0.0,2642.598,0.029686238680010524
2645.534665209287,0.0,2643.061,-0.013886704515008397
2646.000182482771,0.0,2643.531,-0.03131593373606134
2646.465699756255,0.0,2643.995,-0.002993468716253611
2646.931217029739,0.0,2644.457,-0.013886704515008397
2647.3967343032227,0.0,2644.923,0.016614381693027758
2647.862251576707,0.0,2645.389,-0.013886704515008397
2648.3277688501908,0.0,2645.855,-0.08796073391806325
2648.7932861236745,0.0,2646.32,-0.026958561501991163
2649.2588033971588,0.0,2646.786,0.018793002881255738
2649.7243206706426,0.0,2647.251,0.0013637736602027939
2650.189837944127,0.0,2647.717,-0.026958561501991163
2650.6553552176106,0.0,2648.177,-0.009529462138551992
2651.1208724910944,0.0,2648.643,0.02315037511532614
2651.5863897645786,0.0,2649.105,-0.04874516295711451
2652.0519070380624,0.0,2649.575,0.010078388270729377
2652.517424311546,0.0,2650.036,0.007899767082501175
2652.9829415850304,0.0,2650.505,-0.10321134195088821
2653.448458858514,0.0,2650.965,0.02315037511532614
2653.913976131998,0.0,2651.435,0.014435760504799555
2654.379493405482,0.0,2651.901,-0.03131593373606134
2654.845010678966,0.0,2652.361,0.018793002881255738
2655.3105279524502,0.0,2652.827,-0.02913731254783336
2655.776045225934,0.0,2653.291,0.04057947447876531
2656.241562499418,0.0,2653.757,0.02315037511532614
2656.707079772902,0.0,2654.224,0.018793002881255738
2657.172597046386,0.0,2654.69,-0.03131593373606134
2657.6381143198696,0.0,2655.15,-0.005172089904481814
2658.103631593354,0.0,2655.621,-0.24046629481585713
2658.5691488668376,0.0,2656.084,0.07108056068680124
2659.0346661403214,0.0,2656.547,0.0013637736602027939
2659.5001834138056,0.0,2657.01,0.018793002881255738
2659.9657006872894,0.0,2657.48,0.06454469712211686
2660.4312179607737,0.0,2657.945,0.014435760504799555
2660.8967352342574,0.0,2658.408,-0.026958561501991163
2661.3622525077412,0.0,2658.874,0.018793002881255738
2661.8277697812255,0.0,2659.339,-0.03131593373606134
2662.2932870547093,0.0,2659.805,0.02315037511532614
2662.758804328193,0.0,2660.268,0.036222232102308904
2663.2243216016773,0.0,2660.734,0.02097162406948394
2663.689838875161,0.0,2661.199,-0.02913731254783336
2664.1553561486453,0.0,2661.665,0.02315037511532614
2664.620873422129,0.0,2662.128,-0.03131593373606134
2665.086390695613,0.0,2662.59,0.02532899630355412
2665.551907969097,0.0,2663.058,0.02532899630355412
2666.017425242581,0.0,2663.521,-0.0160653257032366
2666.4829425160647,0.0,2663.991,-0.03131593373606134
2666.948459789549,0.0,2664.453,0.02750761749178232
2667.4139770630327,0.0,2664.919,0.02315037511532614
2667.8794943365165,0.0,2665.383,0.012257139316571353
2668.3450116100007,0.0,2665.848,-0.03131593373606134
2668.8105288834845,0.0,2666.314,0.058008703699818476
2669.2760461569687,0.0,2666.779,0.014435760504799555
2669.7415634304525,0.0,2667.246,0.02315037511532614
2670.2070807039363,0.0,2667.712,-0.026958561501991163
2670.6725979774205,0.0,2668.177,-0.0160653257032366
2671.1381152509043,0.0,2668.635,0.02315037511532614
2671.603632524388,0.0,2669.106,0.012257139316571353
2672.0691497978723,0.0,2669.568,-0.020422697937306777
2672.534667071356,0.0,2670.032,0.02315037511532614
2673.00018434484,0.0,2670.501,-0.02260131912553498
2673.465701618324,0.0,2670.965,-0.013886704515008397
2673.931218891808,0.0,2671.428,0.005721145894272972
2674.396736165292,0.0,2671.893,-0.02913731254783336
2674.862253438776,0.0,2672.358,-0.03131593373606134
2675.3277707122597,0.0,2672.824,0.012257139316571353
2675.793287985744,0.0,2673.29,0.051472710277520095
2676.2588052592278,0.0,2673.756,0.018793002881255738
2676.7243225327115,0.0,2674.221,0.02097162406948394
2677.189839806196,0.0,2674.686,0.060187324888046456
2677.6553570796796,0.0,2675.147,-0.040030548346587924
2678.120874353164,0.0,2675.616,0.005721145894272972
2678.5863916266476,0.0,2676.08,0.02315037511532614
2679.0519089001314,0.0,2676.542,0.02315037511532614
2679.5174261736156,0.0,2677.01,0.02097162406948394
2679.9829434470994,0.0,2677.472,-0.013886704515008397
2680.448460720583,0.0,2677.937,0.014435760504799555
2680.9139779940674,0.0,2678.4,-0.03131593373606134
2681.379495267551,0.0,2678.866,0.02315037511532614
2681.845012541035,0.0,2679.331,-0.03131593373606134
2682.310529814519,0.0,2679.797,0.02315037511532614
2682.776047088003,0.0,2680.262,0.018793002881255738
2683.2415643614872,0.0,2680.727,-0.03131593373606134
2683.707081634971,0.0,2681.194,0.02750761749178232
2684.172598908455,0.0,2681.66,-0.03131593373606134
2684.638116181939,0.0,2682.12,0.005721145894272972
2685.103633455423,0.0,2682.59,0.02315037511532614
2685.5691507289066,0.0,2683.054,0.02315037511532614
2686.034668002391,0.0,2683.517,-0.02260131912553498
2686.5001852758746,0.0,2683.98,0.02315037511532614
2686.9657025493584,0.0,2684.45,0.02315037511532614
2687.4312198228426,0.0,2684.915,-0.04874516295711451
2687.8967370963264,0.0,2685.38,-0.03131593373606134
2688.3622543698107,0.0,2685.845,0.005721145894272972
2688.8277716432945,0.0,2686.305,-0.02913731254783336
2689.2932889167782,0.0,2686.771,0.014435760504799555
2689.7588061902625,0.0,2687.236,-0.02260131912553498
2690.2243234637463,0.0,2687.702,-0.02477994031376296
2690.68984073723,0.0,2688.169,-0.03131593373606134
2691.1553580107143,0.0,2688.635,0.04057947447876531
2691.620875284198,0.0,2689.098,0.02532899630355412
2692.086392557682,0.0,2689.561,-0.055281026521799115
2692.551909831166,0.0,2690.032,-0.061817019944097495
2693.01742710465,0.0,2690.494,0.21922874935052494
2693.482944378134,0.0,2690.961,-0.018244076749078575
2693.948461651618,0.0,2691.424,0.02532899630355412
2694.4139789251017,0.0,2691.889,-0.04438779072304433
2694.879496198586,0.0,2692.355,0.014435760504799555
2695.3450134720697,0.0,2692.82,0.02315037511532614
2695.8105307455535,0.0,2693.28,-0.009529462138551992
2696.2760480190377,0.0,2693.745,0.02097162406948394
2696.7415652925215,0.0,2694.216,0.0013637736602027939
2697.2070825660057,0.0,2694.675,-0.005172089904481814
2697.6725998394895,0.0,2695.143,-0.03785179730074595
2698.1381171129733,0.0,2695.605,0.02315037511532614
2698.6036343864575,0.0,2696.073,0.005721145894272972
2699.0691516599413,0.0,2696.535,-0.055281026521799115
2699.534668933425,0.0,2697.006,-0.03131593373606134
2700.0001862069093,0.0,2697.468,0.02750761749178232
2700.465703480393,0.0,2697.934,-0.03131593373606134
2700.931220753877,0.0,2698.398,0.02097162406948394
2701.396738027361,0.0,2698.863,-0.026958561501991163
2701.862255300845,0.0,2699.327,-0.03131593373606134
2702.327772574329,0.0,2699.793,0.014435760504799555
2702.793289847813,0.0,2700.261,0.014435760504799555
2703.2588071212967,0.0,2700.726,-0.02477994031376296
2703.724324394781,0.0,2701.192,-0.5868714789030078
2704.1898416682648,0.0,2701.65,0.018793002881255738
2704.6553589417485,0.0,2702.12,-0.04874516295711451
2705.120876215233,0.0,2702.583,0.018793002881255738
2705.5863934887166,0.0,2703.051,0.05365146132336207
2706.0519107622004,0.0,2703.512,-0.03131593373606134
2706.5174280356846,0.0,2703.976,-0.09667534852858983
2706.9829453091684,0.0,2704.446,0.02315037511532614
2707.4484625826526,0.0,2704.911,-0.03131593373606134
2707.9139798561364,0.0,2705.376,-0.020422697937306777
2708.37949712962,0.0,2705.842,0.02315037511532614
2708.8450144031044,0.0,2706.305,0.036222232102308904
2709.310531676588,0.0,2706.771,0.02097162406948394
2709.776048950072,0.0,2707.236,-0.02913731254783336
2710.241566223556,0.0,2707.695,-0.013886704515008397
2710.70708349704,0.0,2708.162,-0.026958561501991163
2711.1726007705242,0.0,2708.627,0.018793002881255738
2711.638118044008,0.0,2709.095,0.005721145894272972
2712.103635317492,0.0,2709.558,-0.02260131912553498
2712.569152590976,0.0,2710.021,0.02532899630355412
2713.03466986446,0.0,2710.49,0.014435760504799555
2713.5001871379436,0.0,2710.956,-0.005172089904481814
2713.965704411428,0.0,2711.415,-0.020422697937306777
2714.4312216849116,0.0,2711.88,0.02315037511532614
2714.8967389583954,0.0,2712.347,-0.013886704515008397
2715.3622562318797,0.0,2712.813,0.02315037511532614
2715.8277735053634,0.0,2713.28,0.018793002881255738
2716.2932907788477,0.0,2713.746,-0.02260131912553498
2716.7588080523315,0.0,2714.21,-0.026958561501991163
2717.2243253258152,0.0,2714.676,0.014435760504799555
2717.6898425992995,0.0,2715.139,-0.02260131912553498
2718.1553598727833,0.0,2715.601,0.02532899630355412
2718.620877146267,0.0,2716.069,0.016614381693027758
2719.0863944197513,0.0,2716.531,-0.03131593373606134
2719.551911693235,0.0,2716.995,-0.7066972025469238
2720.017428966719,0.0,2717.464,0.02097162406948394
2720.482946240203,0.0,2717.93,-0.026958561501991163
2720.948463513687,0.0,2718.393,0.02315037511532614
2721.413980787171,0.0,2718.859,-0.02260131912553498
2721.879498060655,0.0,2719.324,0.1364401053369435
2722.3450153341387,0.0,2719.789,0.018793002881255738
2722.810532607623,0.0,2720.253,0.018793002881255738
2723.2760498811067,0.0,2720.719,-0.026958561501991163
2723.7415671545905,0.0,2721.184,0.014435760504799555
2724.2070844280747,0.0,2721.65,0.02315037511532614
2724.6726017015585,0.0,2722.113,0.02750761749178232
2725.1381189750423,0.0,2722.575,0.02097162406948394
2725.6036362485265,0.0,2723.043,0.014435760504799555
2726.0691535220103,0.0,2723.505,-0.013886704515008397
2726.5346707954945,0.0,2723.976,0.02097162406948394
2727.0001880689783,0.0,2724.439,0.02315037511532614
2727.465705342462,0.0,2724.904,-0.026958561501991163
2727.9312226159464,0.0,2725.369,0.05365146132336207
2728.39673988943,0.0,2725.835,-0.005172089904481814
2728.862257162914,0.0,2726.302,0.012257139316571353
2729.327774436398,0.0,2726.76,0.02097162406948394
2729.793291709882,0.0,2727.225,0.014435760504799555
2730.258808983366,0.0,2727.69,0.29766015098765
2730.72432625685,0.0,2728.165,0.02315037511532614
2731.1898435303337,0.0,2728.623,0.02097162406948394
2731.655360803818,0.0,2729.091,0.014435760504799555
2732.1208780773018,0.0,2729.554,0.02315037511532614
2732.5863953507856,0.0,2730.017,-0.18817860715269785
2733.05191262427,0.0,2730.48,0.005721145894272972
2733.5174298977536,0.0,2730.946,-0.026958561501991163
2733.9829471712374,0.0,2731.416,-0.033494554924289544
2734.4484644447216,0.0,2731.875,-0.026958561501991163
2734.9139817182054,0.0,2732.342,-0.02913731254783336
2735.3794989916896,0.0,2732.808,0.031864859868238726
2735.8450162651734,0.0,2733.272,0.051472710277520095
2736.310533538657,0.0,2733.738,-0.02260131912553498
2736.7760508121414,0.0,2734.202,-0.007350711092710016
2737.241568085625,0.0,2734.667,0.05365146132336207
2737.707085359109,0.0,2735.135,0.02097162406948394
2738.172602632593,0.0,2735.598,0.018793002881255738
2738.638119906077,0.0,2736.065,-0.02260131912553498
2739.103637179561,0.0,2736.528,0.16040519812268106
2739.569154453045,0.0,2736.991,-0.03131593373606134
2740.034671726529,0.0,2737.461,0.018793002881255738
2740.500189000013,0.0,2737.926,-0.02913731254783336
2740.965706273497,0.0,2738.39,-0.02260131912553498
2741.4312235469806,0.0,2738.856,0.02315037511532614
2741.896740820465,0.0,2739.32,0.0013637736602027939
2742.3622580939486,0.0,2739.786,-0.03131593373606134
2742.8277753674324,0.0,2740.246,0.02097162406948394
2743.2932926409167,0.0,2740.712,-0.026958561501991163
2743.7588099144004,0.0,2741.177,0.036222232102308904
2744.2243271878847,0.0,2741.643,-0.020422697937306777
2744.6898444613685,0.0,2742.106,0.014435760504799555
2745.1553617348522,0.0,2742.575,-0.0160653257032366
2745.6208790083365,0.0,2743.036,-0.02260131912553498
2746.0863962818203,0.0,2743.506,0.02315037511532614
2746.551913555304,0.0,2743.969,-0.020422697937306777
2747.0174308287883,0.0,2744.431,0.018793002881255738
2747.482948102272,0.0,2744.896,-0.02260131912553498
2747.948465375756,0.0,2745.361,-0.02913731254783336
2748.41398264924,0.0,2745.827,0.018793002881255738
2748.879499922724,0.0,2746.291,0.02097162406948394
2749.345017196208,0.0,2746.757,-0.026958561501991163
2749.810534469692,0.0,2747.224,-0.055281026521799115
2750.2760517431757,0.0,2747.69,0.02750761749178232
2750.74156901666,0.0,2748.15,0.007899767082501175
2751.2070862901437,0.0,2748.62,-0.02913731254783336
2751.6726035636275,0.0,2749.083,0.014435760504799555
2752.1381208371117,0.0,2749.546,-0.02260131912553498
2752.6036381105955,0.0,2750.014,-0.026958561501991163
2753.0691553840793,0.0,2750.477,-0.03131593373606134
2753.5346726575635,0.0,2750.942,-0.04438779072304433
2754.0001899310473,0.0,2751.405,-0.8483093977883491
2754.4657072045316,0.0,2751.871,0.1364401053369435
2754.9312244780153,0.0,2752.335,-0.02477994031376296
2755.396741751499,0.0,2752.801,0.02097162406948394
2755.8622590249834,0.0,2753.269,0.014435760504799555
2756.327776298467,0.0,2753.734,-0.018244076749078575
2756.793293571951,0.0,2754.198,-0.02260131912553498
2757.258810845435,0.0,2754.664,0.018793002881255738
2757.724328118919,0.0,2755.131,0.02315037511532614
2758.1898453924027,0.0,2755.594,-0.020422697937306777
2758.655362665887,0.0,2756.061,-0.02260131912553498
2759.1208799393708,0.0,2756.524,0.042758225524607285
2759.586397212855,0.0,2756.991,0.02315037511532614
2760.051914486339,0.0,2757.454,-0.39297172585603724
2760.5174317598226,0.0,2757.92,0.02315037511532614
2760.982949033307,0.0,2758.383,-0.02913731254783336
2761.4484663067906,0.0,2758.849,0.02315037511532614
2761.9139835802744,0.0,2759.314,0.02315037511532614
2762.3795008537586,0.0,2759.779,-0.020422697937306777
2762.8450181272424,0.0,2760.246,-0.02913731254783336
2763.3105354007266,0.0,2760.705,-0.0160653257032366
2763.7760526742104,0.0,2761.172,-0.033494554924289544
2764.241569947694,0.0,2761.638,0.02315037511532614
2764.7070872211784,0.0,2762.106,0.02315037511532614
2765.172604494662,0.0,2762.568,0.17565580615550602
2765.638121768146,0.0,2763.032,-0.007350711092710016
2766.1036390416302,0.0,2763.502,0.014435760504799555
2766.569156315114,0.0,2763.965,0.04929408908929189
2767.034673588598,0.0,2764.428,-0.009529462138551992
2767.500190862082,0.0,2764.893,-0.020422697937306777
2767.965708135566,0.0,2765.357,0.031864859868238726
2768.43122540905,0.0,2765.823,0.018793002881255738
2768.896742682534,0.0,2766.287,0.007899767082501175
2769.3622599560176,0.0,2766.753,-0.02477994031376296
2769.827777229502,0.0,2767.218,0.02315037511532614
2770.2932945029856,0.0,2767.683,0.029686238680010524
2770.7588117764694,0.0,2768.146,0.11247488269359196
2771.2243290499537,0.0,2768.616,-0.026958561501991163
2771.6898463234375,0.0,2769.076,0.016614381693027758
2772.1553635969212,0.0,2769.547,0.02315037511532614
2772.6208808704055,0.0,2770.01,0.02097162406948394
2773.0863981438893,0.0,2770.472,0.014435760504799555
2773.5519154173735,0.0,2770.938,0.02315037511532614
2774.0174326908573,0.0,2771.4,0.02097162406948394
2774.482949964341,0.0,2771.866,-0.05745964771002732
2774.9484672378253,0.0,2772.332,0.084152547531398
2775.413984511309,0.0,2772.798,-0.02913731254783336
2775.879501784793,0.0,2773.266,-0.0160653257032366
2776.345019058277,0.0,2773.732,0.016614381693027758
2776.810536331761,0.0,2774.191,-0.03131593373606134
2777.276053605245,0.0,2774.657,0.02097162406948394
2777.741570878729,0.0,2775.12,-0.03131593373606134
2778.2070881522127,0.0,2775.59,-0.03131593373606134
2778.672605425697,0.0,2776.051,-0.035673176112517746
2779.1381226991807,0.0,2776.52,0.02097162406948394
2779.6036399726645,0.0,2776.98,0.02097162406948394
2780.0691572461487,0.0,2777.45,-0.03131593373606134
2780.5346745196325,0.0,2777.915,0.02315037511532614
2781.0001917931163,0.0,2778.38,0.029686238680010524
2781.4657090666005,0.0,2778.845,-0.28403923801087605
2781.9312263400843,0.0,2779.31,-0.04438779072304433
2782.3967436135686,0.0,2779.776,0.02315037511532614
2782.8622608870523,0.0,2780.235,-0.03131593373606134
2783.327778160536,0.0,2780.701,0.02097162406948394
2783.7932954340204,0.0,2781.166,0.02097162406948394
2784.258812707504,0.0,2781.632,-0.03131593373606134
2784.724329980988,0.0,2782.102,-0.17728537135394307
2785.189847254472,0.0,2782.564,0.060187324888046456
2785.655364527956,0.0,2783.025,-0.03131593373606134
2786.1208818014397,0.0,2783.494,0.02315037511532614
2786.586399074924,0.0,2783.96,0.018793002881255738
2787.0519163484078,0.0,2784.423,-0.03131593373606134
2787.517433621892,0.0,2784.889,0.02315037511532614
2787.982950895376,0.0,2785.355,0.018793002881255738
2788.4484681688596,0.0,2785.82,-0.02913731254783336
2788.913985442344,0.0,2786.28,0.0035425247060447695
2789.3795027158276,0.0,2786.746,0.05365146132336207
2789.8450199893114,0.0,2787.213,-0.05092378414534271
2790.3105372627956,0.0,2787.679,0.018793002881255738
2790.7760545362794,0.0,2788.147,0.012257139316571353
2791.241571809763,0.0,2788.609,-0.026958561501991163
2791.7070890832474,0.0,2789.072,0.02097162406948394
2792.172606356731,0.0,2789.535,-0.02913731254783336
2792.6381236302154,0.0,2790.002,0.036222232102308904
2793.103640903699,0.0,2790.465,0.014435760504799555
2793.569158177183,0.0,2790.931,-0.03131593373606134
2794.0346754506672,0.0,2791.401,-0.02477994031376296
2794.500192724151,0.0,2791.86,0.051472710277520095
2794.965709997635,0.0,2792.325,0.02532899630355412
2795.431227271119,0.0,2792.791,-0.02260131912553498
2795.896744544603,0.0,2793.258,-0.02913731254783336
2796.362261818087,0.0,2793.723,0.016614381693027758
2796.827779091571,0.0,2794.188,0.014435760504799555
2797.2932963650546,0.0,2794.653,0.06890193949857304
2797.758813638539,0.0,2795.117,0.02315037511532614
2798.2243309120227,0.0,2795.586,0.029686238680010524
2798.6898481855064,0.0,2796.05,-0.02260131912553498
2799.1553654589907,0.0,2796.513,0.029686238680010524
2799.6208827324745,0.0,2796.976,0.031864859868238726
2800.0864000059582,0.0,2797.446,-0.02260131912553498
2800.5519172794425,0.0,2797.911,0.016614381693027758
2801.0174345529263,0.0,2798.376,0.031864859868238726
2801.4829518264105,0.0,2798.841,0.17565580615550602
2801.9484690998943,0.0,2799.305,0.036222232102308904
2802.413986373378,0.0,2799.771,-0.026958561501991163
2802.8795036468623,0.0,2800.235,-0.013886704515008397
2803.345020920346,0.0,2800.701,0.02315037511532614
2803.81053819383,0.0,2801.165,0.018793002881255738
2804.276055467314,0.0,2801.63,-0.026958561501991163
2804.741572740798,0.0,2802.091,0.02532899630355412
2805.2070900142817,0.0,2802.561,0.02315037511532614
2805.672607287766,0.0,2803.021,-0.026958561501991163
2806.1381245612497,0.0,2803.491,-0.03131593373606134
2806.603641834734,0.0,2803.957,0.13208273310287333
2807.0691591082177,0.0,2804.422,0.014435760504799555
2807.5346763817015,0.0,2804.88,-0.007350711092710016
2808.0001936551857,0.0,2805.347,-0.02913731254783336
2808.4657109286695,0.0,2805.813,-0.02260131912553498
2808.9312282021533,0.0,2806.28,-0.026958561501991163
2809.3967454756375,0.0,2806.746,0.02315037511532614
2809.8622627491213,0.0,2807.21,0.018793002881255738
2810.327780022605,0.0,2807.676,0.0035425247060447695
2810.7932972960893,0.0,2808.139,0.014435760504799555
2811.258814569573,0.0,2808.601,-0.026958561501991163
2811.7243318430574,0.0,2809.069,-0.02260131912553498
2812.189849116541,0.0,2809.531,0.02315037511532614
2812.655366390025,0.0,2809.999,0.02315037511532614
2813.120883663509,0.0,2810.462,-0.03131593373606134
2813.586400936993,0.0,2810.927,0.02097162406948394
2814.0519182104767,0.0,2811.391,-0.02260131912553498
2814.517435483961,0.0,2811.856,-0.013886704515008397
2814.9829527574448,0.0,2812.32,0.012257139316571353
2815.448470030929,0.0,2812.785,-0.14460566395767893
2815.913987304413,0.0,2813.25,-0.03131593373606134
2816.3795045778966,0.0,2813.716,0.02315037511532614
2816.845021851381,0.0,2814.18,-0.013886704515008397
2817.3105391248646,0.0,2814.646,0.018793002881255738
2817.7760563983484,0.0,2815.113,-0.42565143325230137
2818.2415736718326,0.0,2815.575,-0.02913731254783336
2818.7070909453164,0.0,2816.043,-0.02260131912553498
2819.1726082188,0.0,2816.505,0.007899767082501175
2819.6381254922844,0.0,2816.973,0.018793002881255738
2820.103642765768,0.0,2817.435,-0.033494554924289544
2820.5691600392524,0.0,2817.901,0.018793002881255738
2821.034677312736,0.0,2818.366,0.02315037511532614
2821.50019458622,0.0,2818.831,-0.02913731254783336
2821.9657118597042,0.0,2819.298,-0.03785179730074595
2822.431229133188,0.0,2819.764,-0.005172089904481814
2822.896746406672,0.0,2820.231,-0.14024842158122253
2823.362263680156,0.0,2820.697,0.005721145894272972
2823.82778095364,0.0,2821.162,-0.020422697937306777
2824.2932982271236,0.0,2821.62,-0.0160653257032366
2824.758815500608,0.0,2822.091,-0.02260131912553498
2825.2243327740916,0.0,2822.553,0.02532899630355412
2825.689850047576,0.0,2823.021,0.005721145894272972
2826.1553673210597,0.0,2823.483,0.02097162406948394
2826.6208845945434,0.0,2823.948,-0.3101829519848418
2827.0864018680277,0.0,2824.411,0.02097162406948394
2827.5519191415115,0.0,2824.877,0.16476257035675146
2828.0174364149952,0.0,2825.343,0.007899767082501175
2828.4829536884795,0.0,2825.808,-0.02913731254783336
2828.9484709619633,0.0,2826.273,-0.03131593373606134
2829.4139882354475,0.0,2826.739,0.031864859868238726
2829.8795055089313,0.0,2827.206,0.007899767082501175
2830.345022782415,0.0,2827.671,-0.02913731254783336
2830.8105400558993,0.0,2828.132,0.02315037511532614
2831.276057329383,0.0,2828.601,0.02315037511532614
2831.741574602867,0.0,2829.065,-0.013886704515008397
2832.207091876351,0.0,2829.527,0.018793002881255738
2832.672609149835,0.0,2829.991,0.02750761749178232
2833.1381264233187,0.0,2830.461,-0.020422697937306777
2833.603643696803,0.0,2830.926,0.02315037511532614
2834.0691609702867,0.0,2831.39,0.02097162406948394
2834.534678243771,0.0,2831.856,-0.04656641191127253
2835.0001955172547,0.0,2832.321,-0.005172089904481814
2835.4657127907385,0.0,2832.787,0.02315037511532614
2835.9312300642227,0.0,2833.246,-0.026958561501991163
2836.3967473377065,0.0,2833.712,0.0013637736602027939
2836.8622646111903,0.0,2834.176,0.02315037511532614
2837.3277818846746,0.0,2834.642,-0.03131593373606134
2837.7932991581583,0.0,2835.109,-0.03131593373606134
2838.258816431642,0.0,2835.572,0.02315037511532614
2838.7243337051264,0.0,2836.035,-0.03131593373606134
2839.18985097861,0.0,2836.505,-0.02260131912553498
2839.6553682520944,0.0,2836.969,0.02097162406948394
2840.120885525578,0.0,2837.431,-0.02260131912553498
2840.586402799062,0.0,2837.897,0.02097162406948394
2841.051920072546,0.0,2838.362,-0.03131593373606134
2841.51743734603,0.0,2838.828,0.084152547531398
2841.9829546195137,0.0,2839.295,-0.02260131912553498
2842.448471892998,0.0,2839.761,0.014435760504799555
2842.9139891664818,0.0,2840.225,0.014435760504799555
2843.3795064399656,0.0,2840.691,-0.013886704515008397
2843.84502371345,0.0,2841.154,-0.026958561501991163
2844.3105409869336,0.0,2841.616,-0.040030548346587924
2844.776058260418,0.0,2842.08,0.014435760504799555
2845.2415755339016,0.0,2842.549,0.02315037511532614
2845.7070928073854,0.0,2843.01,0.02750761749178232
2846.1726100808696,0.0,2843.479,-0.026958561501991163
2846.6381273543534,0.0,2843.946,0.02315037511532614
2847.103644627837,0.0,2844.408,-0.005172089904481814
2847.5691619013214,0.0,2844.874,0.02315037511532614
2848.034679174805,0.0,2845.339,0.014435760504799555
2848.5001964482894,0.0,2845.804,-0.02477994031376296
2848.965713721773,0.0,2846.268,-0.02260131912553498
2849.431230995257,0.0,2846.734,0.02315037511532614
2849.8967482687412,0.0,2847.198,0.016614381693027758
2850.362265542225,0.0,2847.664,-0.02260131912553498
2850.827782815709,0.0,2848.125,-0.002993468716253611
2851.293300089193,0.0,2848.594,0.014435760504799555
2851.758817362677,0.0,2849.057,-0.02913731254783336
2852.2243346361606,0.0,2849.52,-0.002993468716253611
2852.689851909645,0.0,2849.991,0.02315037511532614
2853.1553691831286,0.0,2850.454,-0.03131593373606134
2853.620886456613,0.0,2850.919,0.031864859868238726
2854.0864037300967,0.0,2851.383,0.036222232102308904
2854.5519210035804,0.0,2851.848,0.2889455363771236
2855.0174382770647,0.0,2852.313,-0.009529462138551992
2855.4829555505485,0.0,2852.778,-0.020422697937306777
2855.9484728240323,0.0,2853.243,0.06236594607627466
2856.4139900975165,0.0,2853.708,0.02097162406948394
2856.8795073710003,0.0,2854.177,-0.03131593373606134
2857.345024644484,0.0,2854.635,-0.026958561501991163
2857.8105419179683,0.0,2855.106,-0.013886704515008397
2858.276059191452,0.0,2855.568,0.036222232102308904
2858.7415764649363,0.0,2856.036,0.07979517529732782
2859.20709373842,0.0,2856.498,0.02315037511532614
2859.672611011904,0.0,2856.969,-0.03131593373606134
2860.138128285388,0.0,2857.431,-0.0160653257032366
2860.603645558872,0.0,2857.897,0.02315037511532614
2861.0691628323557,0.0,2858.361,0.06454469712211686
2861.53468010584,0.0,2858.827,0.051472710277520095
2862.0001973793237,0.0,2859.291,0.02315037511532614
2862.465714652808,0.0,2859.75,0.02315037511532614
2862.9312319262917,0.0,2860.216,0.02097162406948394
2863.3967491997755,0.0,2860.682,0.007899767082501175
2863.8622664732598,0.0,2861.15,0.016614381693027758
2864.3277837467435,0.0,2861.613,0.051472710277520095
2864.7933010202273,0.0,2862.076,-0.02477994031376296
2865.2588182937116,0.0,2862.546,0.02097162406948394
2865.7243355671953,0.0,2863.006,0.018793002881255738
2866.189852840679,0.0,2863.475,-0.03131593373606134
2866.6553701141634,0.0,2863.941,0.02097162406948394
2867.120887387647,0.0,2864.404,-0.013886704515008397
2867.5864046611314,0.0,2864.87,0.02315037511532614
2868.051921934615,0.0,2865.335,-0.026958561501991163
2868.517439208099,0.0,2865.802,0.018793002881255738
2868.982956481583,0.0,2866.261,-0.02477994031376296
2869.448473755067,0.0,2866.727,0.02097162406948394
2869.9139910285508,0.0,2867.192,-0.007350711092710016
2870.379508302035,0.0,2867.657,-0.013886704515008397
2870.845025575519,0.0,2868.12,0.0013637736602027939
2871.3105428490026,0.0,2868.59,0.04057947447876531
2871.776060122487,0.0,2869.051,0.02315037511532614
2872.2415773959706,0.0,2869.521,-0.0008148475280254086
2872.707094669455,0.0,2869.984,0.0013637736602027939
2873.1726119429386,0.0,2870.446,-0.0160653257032366
2873.6381292164224,0.0,2870.912,0.02315037511532614
2874.1036464899066,0.0,2871.376,0.02315037511532614
2874.5691637633904,0.0,2871.842,-0.03131593373606134
2875.034681036874,0.0,2872.305,-0.040030548346587924
2875.5001983103584,0.0,2872.772,0.02315037511532614
2875.965715583842,0.0,2873.239,0.02315037511532614
2876.431232857326,0.0,2873.705,-0.026958561501991163
2876.8967501308102,0.0,2874.17,-0.02260131912553498
2877.362267404294,0.0,2874.635,0.016614381693027758
2877.8277846777783,0.0,2875.098,-0.03131593373606134
2878.293301951262,0.0,2875.561,0.014435760504799555
2878.758819224746,0.0,2876.028,0.02315037511532614
2879.22433649823,0.0,2876.49,0.02315037511532614
2879.689853771714,0.0,2876.956,0.029686238680010524
2880.1553710451976,0.0,2877.422,-0.02260131912553498
2880.620888318682,0.0,2877.888,0.04057947447876531
2881.0864055921656,0.0,2878.354,-0.4016863404665638
2881.55192286565,0.0,2878.82,0.02315037511532614
2882.0174401391337,0.0,2879.284,0.02315037511532614
2882.4829574126175,0.0,2879.75,-0.28621785919910425
2882.9484746861017,0.0,2880.216,0.007899767082501175
2883.4139919595855,0.0,2880.675,0.06890193949857304
2883.8795092330693,0.0,2881.143,0.042758225524607285
2884.3450265065535,0.0,2881.605,0.02315037511532614
2884.8105437800373,0.0,2882.073,0.031864859868238726
2885.276061053521,0.0,2882.535,0.02315037511532614
2885.7415783270053,0.0,2883.006,0.014435760504799555
2886.207095600489,0.0,2883.468,-0.02260131912553498
2886.6726128739733,0.0,2883.934,0.018793002881255738
2887.138130147457,0.0,2884.397,-0.013886704515008397
2887.603647420941,0.0,2884.862,0.02097162406948394
2888.069164694425,0.0,2885.328,-0.03131593373606134
2888.534681967909,0.0,2885.794,0.02315037511532614
2889.0001992413927,0.0,2886.258,0.02750761749178232
2889.465716514877,0.0,2886.724,-0.020422697937306777
2889.9312337883607,0.0,2887.191,-0.026958561501991163
2890.3967510618445,0.0,2887.656,0.19308490551894542
2890.8622683353287,0.0,2888.117,-0.02260131912553498
2891.3277856088125,0.0,2888.587,0.018793002881255738
2891.7933028822968,0.0,2889.05,0.02315037511532614
2892.2588201557805,0.0,2889.512,-0.04874516295711451
2892.7243374292643,0.0,2889.98,-0.026958561501991163
2893.1898547027486,0.0,2890.444,0.018793002881255738
2893.6553719762323,0.0,2890.909,-0.026958561501991163
2894.120889249716,0.0,2891.376,-0.03785179730074595
2894.5864065232004,0.0,2891.842,0.02315037511532614
2895.051923796684,0.0,2892.306,0.02315037511532614
2895.5174410701684,0.0,2892.772,-0.03131593373606134
2895.982958343652,0.0,2893.231,0.018793002881255738
2896.448475617136,0.0,2893.697,0.02315037511532614
2896.91399289062,0.0,2894.161,-0.033494554924289544
2897.379510164104,0.0,2894.627,0.04929408908929189
2897.8450274375878,0.0,2895.095,0.02532899630355412
2898.310544711072,0.0,2895.557,0.02315037511532614
2898.776061984556,0.0,2896.025,0.018793002881255738
2899.2415792580396,0.0,2896.487,-0.020422697937306777
2899.707096531524,0.0,2896.953,-0.03131593373606134
2900.1726138050076,0.0,2897.417,0.02097162406948394
2900.638131078492,0.0,2897.883,-0.02260131912553498
2901.1036483519756,0.0,2898.35,-0.03131593373606134
2901.5691656254594,0.0,2898.815,0.02097162406948394
2902.0346828989436,0.0,2899.281,0.005721145894272972
2902.5002001724274,0.0,2899.746,-0.002993468716253611
2902.965717445911,0.0,2900.206,0.018793002881255738
2903.4312347193954,0.0,2900.672,-0.02913731254783336
2903.896751992879,0.0,2901.139,-0.03131593373606134
2904.362269266363,0.0,2901.601,0.018793002881255738
2904.8277865398472,0.0,2902.069,0.029686238680010524
2905.293303813331,0.0,2902.531,-0.03131593373606134
2905.7588210868153,0.0,2902.999,-0.03131593373606134
2906.224338360299,0.0,2903.462,0.02315037511532614
2906.689855633783,0.0,2903.927,-0.03131593373606134
2907.155372907267,0.0,2904.391,-0.005172089904481814
2907.620890180751,0.0,2904.857,-0.03131593373606134
2908.0864074542346,0.0,2905.321,0.04711546790106369
2908.551924727719,0.0,2905.787,0.02315037511532614
2909.0174420012027,0.0,2906.254,0.02315037511532614
2909.4829592746864,0.0,2906.72,-0.026958561501991163
2909.9484765481707,0.0,2907.184,-0.03131593373606134
2910.4139938216545,0.0,2907.65,0.018793002881255738
2910.8795110951387,0.0,2908.113,-0.013886704515008397
2911.3450283686225,0.0,2908.575,0.02097162406948394
2911.8105456421063,0.0,2909.043,0.018793002881255738
2912.2760629155905,0.0,2909.506,-0.04438779072304433
2912.7415801890743,0.0,2909.976,-0.020422697937306777
2913.207097462558,0.0,2910.438,0.02315037511532614
2913.6726147360423,0.0,2910.904,-0.29711109499785904
2914.138132009526,0.0,2911.369,-0.03131593373606134
2914.6036492830103,0.0,2911.835,0.018793002881255738
2915.069166556494,0.0,2912.295,-0.013886704515008397
2915.534683829978,0.0,2912.761,0.016614381693027758
2916.000201103462,0.0,2913.225,-0.035673176112517746
2916.465718376946,0.0,2913.691,-0.007350711092710016
2916.9312356504297,0.0,2914.165,-0.033494554924289544
2917.396752923914,0.0,2914.623,0.02315037511532614
2917.8622701973977,0.0,2915.091,0.018793002881255738
2918.3277874708815,0.0,2915.553,-0.033494554924289544
2918.7933047443657,0.0,2916.017,0.016614381693027758
2919.2588220178495,0.0,2916.48,-0.026958561501991163
2919.7243392913338,0.0,2916.945,0.02315037511532614
2920.1898565648175,0.0,2917.416,0.02315037511532614
2920.6553738383013,0.0,2917.881,0.02315037511532614
2921.1208911117856,0.0,2918.346,-0.020422697937306777
2921.5864083852694,0.0,2918.812,0.014435760504799555
2922.051925658753,0.0,2919.276,0.016614381693027758
2922.5174429322374,0.0,2919.735,0.016614381693027758
2922.982960205721,0.0,2920.202,0.02097162406948394
2923.448477479205,0.0,2920.668,-0.013886704515008397
2923.913994752689,0.0,2921.131,-0.040030548346587924
2924.379512026173,0.0,2921.601,0.018793002881255738
2924.845029299657,0.0,2922.062,0.02315037511532614
2925.310546573141,0.0,2922.531,0.1386187265251717
2925.7760638466248,0.0,2922.995,-0.03131593373606134
2926.241581120109,0.0,2923.457,0.018793002881255738
2926.707098393593,0.0,2923.923,-0.02913731254783336
2927.1726156670766,0.0,2924.389,0.005721145894272972
2927.638132940561,0.0,2924.855,-0.020422697937306777
2928.1036502140446,0.0,2925.316,-0.02260131912553498
2928.569167487529,0.0,2925.782,0.02315037511532614
2929.0346847610126,0.0,2926.246,0.02315037511532614
2929.5002020344964,0.0,2926.712,-0.020422697937306777
2929.9657193079806,0.0,2927.176,-0.03785179730074595
2930.4312365814644,0.0,2927.642,0.05583008251159027
2930.896753854948,0.0,2928.11,0.02315037511532614
2931.3622711284324,0.0,2928.572,-0.12499781354839756
2931.827788401916,0.0,2929.035,0.02097162406948394
2932.2933056754,0.0,2929.505,0.12554686953818872
2932.7588229488842,0.0,2929.969,-0.026958561501991163
2933.224340222368,0.0,2930.431,0.02315037511532614
2933.6898574958523,0.0,2930.897,-0.03131593373606134
2934.155374769336,0.0,2931.361,-0.020422697937306777
2934.62089204282,0.0,2931.826,0.15169058351215448
2935.086409316304,0.0,2932.291,-0.005172089904481814
2935.551926589788,0.0,2932.757,-0.02477994031376296
2936.0174438632716,0.0,2933.224,-0.005172089904481814
2936.482961136756,0.0,2933.69,-0.02913731254783336
2936.9484784102397,0.0,2934.15,0.02097162406948394
2937.4139956837234,0.0,2934.62,-0.02260131912553498
2937.8795129572077,0.0,2935.083,0.02315037511532614
2938.3450302306915,0.0,2935.546,-0.035673176112517746
2938.8105475041757,0.0,2936.013,-0.03785179730074595
2939.2760647776595,0.0,2936.476,-0.02260131912553498
2939.7415820511433,0.0,2936.941,0.02315037511532614
2940.2070993246275,0.0,2937.411,0.007899767082501175
2940.6726165981113,0.0,2937.876,0.02315037511532614
2941.138133871595,0.0,2938.335,-0.05092378414534271
2941.6036511450793,0.0,2938.8,0.02750761749178232
2942.069168418563,0.0,2939.265,0.02315037511532614
2942.534685692047,0.0,2939.731,-0.02260131912553498
2943.000202965531,0.0,2940.195,-0.02477994031376296
2943.465720239015,0.0,2940.661,0.014435760504799555
2943.931237512499,0.0,2941.131,0.02315037511532614
2944.396754785983,0.0,2941.594,0.014435760504799555
2944.8622720594667,0.0,2942.058,0.014435760504799555
2945.327789332951,0.0,2942.52,-0.02913731254783336
2945.7933066064347,0.0,2942.991,-0.03131593373606134
2946.2588238799185,0.0,2943.453,0.02097162406948394
2946.7243411534027,0.0,2943.919,-0.02260131912553498
2947.1898584268865,0.0,2944.383,-0.05963839875586929
2947.6553757003708,0.0,2944.848,-0.02260131912553498
2948.1208929738546,0.0,2945.313,-0.02260131912553498
2948.5864102473383,0.0,2945.779,0.016614381693027758
2949.0519275208226,0.0,2946.246,0.02097162406948394
2949.5174447943064,0.0,2946.712,-0.0160653257032366
2949.98296206779,0.0,2947.177,0.02315037511532614
2950.4484793412744,0.0,2947.635,0.016614381693027758
2950.913996614758,0.0,2948.106,0.02315037511532614
2951.379513888242,0.0,2948.568,-0.05092378414534271
2951.845031161726,0.0,2949.036,-0.03131593373606134
2952.31054843521,0.0,2949.499,0.02315037511532614
2952.776065708694,0.0,2949.969,0.005721145894272972
2953.241582982178,0.0,2950.431,-0.040030548346587924
2953.7071002556618,0.0,2950.89,-0.03131593373606134
2954.172617529146,0.0,2951.362,0.014435760504799555
2954.63813480263,0.0,2951.82,0.02315037511532614
2955.1036520761136,0.0,2952.292,-0.03131593373606134
2955.569169349598,0.0,2952.75,-0.03131593373606134
2956.0346866230816,0.0,2953.216,-0.013886704515008397
2956.5002038965654,0.0,2953.682,0.007899767082501175
2956.9657211700496,0.0,2954.15,-0.002993468716253611
2957.4312384435334,0.0,2954.613,-0.02913731254783336
2957.8967557170176,0.0,2955.076,0.014435760504799555
2958.3622729905014,0.0,2955.546,0.018793002881255738
2958.827790263985,0.0,2956.009,-0.03131593373606134
2959.2933075374694,0.0,2956.472,0.02315037511532614
2959.7588248109532,0.0,2956.938,-0.05092378414534271
2960.224342084437,0.0,2957.4,0.031864859868238726
2960.6898593579213,0.0,2957.866,0.012257139316571353
2961.155376631405,0.0,2958.332,-0.007350711092710016
2961.620893904889,0.0,2958.797,0.02097162406948394
2962.086411178373,0.0,2959.262,-0.27314600221212126
2962.551928451857,0.0,2959.728,0.0863311687196262
2963.017445725341,0.0,2960.195,-0.011708083326780194
2963.482962998825,0.0,2960.66,0.02315037511532614
2963.9484802723086,0.0,2961.12,-0.026958561501991163
2964.413997545793,0.0,2961.59,-0.03131593373606134
2964.8795148192767,0.0,2962.054,0.02097162406948394
2965.3450320927604,0.0,2962.517,-0.020422697937306777
2965.8105493662447,0.0,2962.98,-0.033494554924289544
2966.2760666397285,0.0,2963.45,0.018793002881255738
2966.7415839132127,0.0,2963.915,-0.02260131912553498
2967.2071011866965,0.0,2964.379,-0.026958561501991163
2967.6726184601803,0.0,2964.845,0.02315037511532614
2968.1381357336645,0.0,2965.309,0.02315037511532614
2968.6036530071483,0.0,2965.775,0.010078388270729377
2969.069170280632,0.0,2966.24,-0.005172089904481814
2969.5346875541163,0.0,2966.706,0.02097162406948394
2970.0002048276,0.0,2967.165,-0.03131593373606134
2970.465722101084,0.0,2967.63,0.005721145894272972
2970.931239374568,0.0,2968.102,0.02097162406948394
2971.396756648052,0.0,2968.565,-0.02260131912553498
2971.862273921536,0.0,2969.025,-0.2622527664133667
2972.32779119502,0.0,2969.494,-0.033494554924289544
2972.7933084685037,0.0,2969.965,0.02097162406948394
2973.258825741988,0.0,2970.421,0.04929408908929189
2973.7243430154717,0.0,2970.886,-0.0160653257032366
2974.1898602889555,0.0,2971.351,0.014435760504799555
2974.6553775624398,0.0,2971.817,0.02315037511532614
2975.1208948359235,0.0,2972.283,0.02532899630355412
2975.5864121094073,0.0,2972.749,-0.03131593373606134
2976.0519293828916,0.0,2973.214,-0.026958561501991163
2976.5174466563753,0.0,2973.68,0.029686238680010524
2976.9829639298596,0.0,2974.143,0.060187324888046456
2977.4484812033434,0.0,2974.605,0.02097162406948394
2977.913998476827,0.0,2975.076,-0.0008148475280254086
2978.3795157503114,0.0,2975.539,-0.061817019944097495
2978.845033023795,0.0,2976.002,-0.03131593373606134
2979.310550297279,0.0,2976.465,0.031864859868238726
2979.776067570763,0.0,2976.931,-0.026958561501991163
2980.241584844247,0.0,2977.401,-0.0160653257032366
2980.707102117731,0.0,2977.86,0.042758225524607285
2981.172619391215,0.0,2978.327,0.051472710277520095
2981.638136664699,0.0,2978.794,0.06454469712211686
2982.103653938183,0.0,2979.261,0.005721145894272972
2982.569171211667,0.0,2979.727,-0.5716208708701831
2983.0346884851506,0.0,2980.192,0.0013637736602027939
2983.500205758635,0.0,2980.65,0.02315037511532614
2983.9657230321186,0.0,2981.12,0.02315037511532614
2984.4312403056024,0.0,2981.583,-0.013886704515008397
2984.8967575790866,0.0,2982.05,-0.013886704515008397
2985.3622748525704,0.0,2982.513,0.02315037511532614
2985.8277921260546,0.0,2982.976,-0.02913731254783336
2986.2933093995384,0.0,2983.446,-0.02913731254783336
2986.758826673022,0.0,2983.912,0.031864859868238726
2987.2243439465065,0.0,2984.376,0.036222232102308904
2987.6898612199902,0.0,2984.835,0.014435760504799555
2988.155378493474,0.0,2985.302,0.02315037511532614
2988.6208957669583,0.0,2985.768,-0.02913731254783336
2989.086413040442,0.0,2986.232,-0.026958561501991163
2989.551930313926,0.0,2986.699,0.02315037511532614
2990.01744758741,0.0,2987.165,0.005721145894272972
2990.482964860894,0.0,2987.631,-0.002993468716253611
2990.948482134378,0.0,2988.094,-0.03131593373606134
2991.413999407862,0.0,2988.557,-0.03131593373606134
2991.8795166813456,0.0,2989.02,0.02315037511532614
2992.34503395483,0.0,2989.49,0.02315037511532614
2992.8105512283137,0.0,2989.956,-0.02260131912553498
2993.2760685017975,0.0,2990.422,0.018793002881255738
2993.7415857752817,0.0,2990.88,0.02315037511532614
2994.2071030487655,0.0,2991.346,-0.007350711092710016
2994.6726203222493,0.0,2991.812,0.014435760504799555
2995.1381375957335,0.0,2992.277,0.014435760504799555
2995.6036548692173,0.0,2992.742,0.007899767082501175
2996.0691721427015,0.0,2993.209,-0.026958561501991163
2996.5346894161853,0.0,2993.675,0.02532899630355412
2997.000206689669,0.0,2994.139,0.005721145894272972
2997.4657239631533,0.0,2994.601,0.02750761749178232
2997.931241236637,0.0,2995.069,-0.02260131912553498
2998.396758510121,0.0,2995.532,0.05365146132336207
2998.862275783605,0.0,2995.995,-0.020422697937306777
2999.327793057089,0.0,2996.465,0.014435760504799555
2999.793310330573,0.0,2996.93,-0.02477994031376296
3000.258827604057,0.0,2997.393,0.007899767082501175
3000.7243448775407,0.0,2997.859,0.07979517529732782
3001.189862151025,0.0,2998.324,0.02315037511532614
3001.6553794245087,0.0,2998.789,-0.0639956411323257
3002.1208966979925,0.0,2999.253,0.005721145894272972
3002.5864139714768,0.0,2999.719,-0.19471460057499623
3003.0519312449605,0.0,3000.184,0.014435760504799555
3003.5174485184443,0.0,3000.65,-0.02477994031376296
3003.9829657919286,0.0,3001.113,0.014435760504799555
3004.4484830654123,0.0,3001.575,0.007899767082501175
3004.9140003388966,0.0,3002.043,-0.02913731254783336
3005.3795176123804,0.0,3002.505,0.04711546790106369
3005.845034885864,0.0,3002.976,0.02315037511532614
3006.3105521593484,0.0,3003.438,0.02315037511532614
3006.776069432832,0.0,3003.904,0.02315037511532614
3007.241586706316,0.0,3004.369,0.018793002881255738
3007.7071039798,0.0,3004.835,-0.026958561501991163
3008.172621253284,0.0,3005.302,0.0013637736602027939
3008.6381385267678,0.0,3005.76,-0.009529462138551992
3009.103655800252,0.0,3006.231,-0.018244076749078575
3009.569173073736,0.0,3006.69,0.16040519812268106
3010.03469034722,0.0,3007.162,0.02315037511532614
3010.500207620704,0.0,3007.62,-0.02260131912553498
3010.9657248941876,0.0,3008.091,-0.03131593373606134
3011.431242167672,0.0,3008.554,0.0340436109140807
3011.8967594411556,0.0,3009.017,-0.03131593373606134
3012.3622767146394,0.0,3009.48,0.02532899630355412
3012.8277939881236,0.0,3009.945,-0.03131593373606134
3013.2933112616074,0.0,3010.415,0.014435760504799555
3013.7588285350917,0.0,3010.881,-0.07924624916515066
3014.2243458085754,0.0,3011.347,0.02315037511532614
3014.689863082059,0.0,3011.805,-0.0160653257032366
3015.1553803555435,0.0,3012.277,-0.03131593373606134
3015.6208976290272,0.0,3012.735,0.04929408908929189
3016.086414902511,0.0,3013.202,-0.07706749811930846
3016.5519321759953,0.0,3013.667,0.02315037511532614
3017.017449449479,0.0,3014.135,0.02315037511532614
3017.482966722963,0.0,3014.597,-0.03131593373606134
3017.948483996447,0.0,3015.065,-0.03131593373606134
3018.414001269931,0.0,3015.528,0.005721145894272972
3018.879518543415,0.0,3015.991,-0.02477994031376296
3019.345035816899,0.0,3016.461,0.014435760504799555
3019.8105530903827,0.0,3016.926,0.05583008251159027
3020.276070363867,0.0,3017.39,-0.033494554924289544
3020.7415876373507,0.0,3017.856,0.02315037511532614
3021.2071049108345,0.0,3018.32,0.02315037511532614
3021.6726221843187,0.0,3018.786,-0.03131593373606134
3022.1381394578025,0.0,3019.25,-0.02913731254783336
3022.6036567312863,0.0,3019.715,0.02315037511532614
3023.0691740047705,0.0,3020.18,0.02097162406948394
3023.5346912782543,0.0,3020.646,-0.03131593373606134
3024.0002085517385,0.0,3021.109,0.018793002881255738
3024.4657258252223,0.0,3021.572,0.0340436109140807
3024.931243098706,0.0,3022.036,-0.03131593373606134
3025.3967603721903,0.0,3022.505,0.02315037511532614
3025.862277645674,0.0,3022.965,0.02315037511532614
3026.327794919158,0.0,3023.435,-0.03131593373606134
3026.793312192642,0.0,3023.901,0.04057947447876531
3027.258829466126,0.0,3024.365,0.02315037511532614
3027.7243467396097,0.0,3024.831,-0.03131593373606134
3028.189864013094,0.0,3025.29,0.02097162406948394
3028.6553812865777,0.0,3025.756,-0.03131593373606134
3029.120898560062,0.0,3026.22,-0.026958561501991163
3029.5864158335457,0.0,3026.686,0.02315037511532614
3030.0519331070295,0.0,3027.154,-0.033494554924289544
3030.5174503805138,0.0,3027.617,-0.02260131912553498
3030.9829676539975,0.0,3028.087,-0.026958561501991163
3031.4484849274813,0.0,3028.55,0.02097162406948394
3031.9140022009656,0.0,3029.013,-0.007350711092710016
3032.3795194744494,0.0,3029.476,0.016614381693027758
3032.8450367479336,0.0,3029.942,-0.02260131912553498
3033.3105540214174,0.0,3030.412,-0.02913731254783336
3033.776071294901,0.0,3030.87,-0.02260131912553498
3034.2415885683854,0.0,3031.335,0.005721145894272972
3034.707105841869,0.0,3031.801,-0.0008148475280254086
3035.172623115353,0.0,3032.265,-0.03131593373606134
3035.638140388837,0.0,3032.731,0.02315037511532614
3036.103657662321,0.0,3033.198,0.02315037511532614
3036.5691749358048,0.0,3033.664,-0.27314600221212126
3037.034692209289,0.0,3034.128,0.018793002881255738
3037.500209482773,0.0,3034.59,-0.007350711092710016
3037.965726756257,0.0,3035.058,-0.026958561501991163
3038.431244029741,0.0,3035.52,0.02315037511532614
3038.8967613032246,0.0,3035.988,0.02315037511532614
3039.362278576709,0.0,3036.45,-0.27968186577680587
3039.8277958501926,0.0,3036.915,0.1407973477133999
3040.2933131236764,0.0,3037.38,-0.020422697937306777
3040.7588303971606,0.0,3037.845,0.02315037511532614
3041.2243476706444,0.0,3038.317,-0.04874516295711451
3041.689864944128,0.0,3038.775,-0.03131593373606134
3042.1553822176124,0.0,3039.246,-0.011708083326780194
3042.620899491096,0.0,3039.712,0.018793002881255738
3043.0864167645805,0.0,3040.177,0.02097162406948394
3043.5519340380642,0.0,3040.635,-0.018244076749078575
3044.017451311548,0.0,3041.105,-0.013886704515008397
3044.4829685850323,0.0,3041.568,0.05583008251159027
3044.948485858516,0.0,3042.036,0.0035425247060447695
3045.414003132,0.0,3042.498,0.02315037511532614
3045.879520405484,0.0,3042.965,0.014435760504799555
3046.345037678968,0.0,3043.428,-0.0160653257032366
3046.810554952452,0.0,3043.893,0.02097162406948394
3047.276072225936,0.0,3044.358,0.02315037511532614
3047.7415894994197,0.0,3044.824,-0.026958561501991163
3048.207106772904,0.0,3045.29,-0.020422697937306777
3048.6726240463877,0.0,3045.756,0.02315037511532614
3049.1381413198715,0.0,3046.221,0.018793002881255738
3049.6036585933557,0.0,3046.686,0.014435760504799555
3050.0691758668395,0.0,3047.147,0.016614381693027758
3050.5346931403233,0.0,3047.617,0.02315037511532614
3051.0002104138075,0.0,3048.08,-0.026958561501991163
3051.4657276872913,0.0,3048.542,0.02750761749178232
3051.9312449607755,0.0,3049.01,0.005721145894272972
3052.3967622342593,0.0,3049.473,-0.035673176112517746
3052.862279507743,0.0,3049.938,0.014435760504799555
3053.3277967812273,0.0,3050.401,-0.040030548346587924
3053.793314054711,0.0,3050.867,0.005721145894272972
3054.258831328195,0.0,3051.331,0.018793002881255738
3054.724348601679,0.0,3051.797,-0.03131593373606134
3055.189865875163,0.0,3052.262,-0.02477994031376296
3055.6553831486467,0.0,3052.728,0.02315037511532614
3056.120900422131,0.0,3053.195,0.02097162406948394
3056.5864176956147,0.0,3053.661,-0.026958561501991163
3057.051934969099,0.0,3054.124,-0.0160653257032366
3057.5174522425827,0.0,3054.587,0.07108056068680124
3057.9829695160665,0.0,3055.05,-0.035673176112517746
3058.4484867895508,0.0,3055.52,0.04929408908929189
3058.9140040630346,0.0,3055.984,0.014435760504799555
3059.3795213365183,0.0,3056.446,-0.03131593373606134
3059.8450386100026,0.0,3056.912,0.014435760504799555
3060.3105558834864,0.0,3057.376,0.012257139316571353
3060.77607315697,0.0,3057.843,-0.02477994031376296
3061.2415904304544,0.0,3058.309,-0.033494554924289544
3061.707107703938,0.0,3058.775,0.02315037511532614
3062.1726249774224,0.0,3059.24,0.018793002881255738
3062.638142250906,0.0,3059.705,-0.03131593373606134
3063.10365952439,0.0,3060.165,0.02315037511532614
3063.569176797874,0.0,3060.63,-0.002993468716253611
3064.034694071358,0.0,3061.099,-0.02913731254783336
3064.500211344842,0.0,3061.561,0.02315037511532614
3064.965728618326,0.0,3062.032,0.02315037511532614
3065.43124589181,0.0,3062.494,0.007899767082501175
3065.896763165294,0.0,3062.961,-0.2666100087898229
3066.362280438778,0.0,3063.424,-0.009529462138551992
3066.8277977122616,0.0,3063.89,-0.011708083326780194
3067.293314985746,0.0,3064.35,0.02315037511532614
3067.7588322592296,0.0,3064.815,-0.24482353719231353
3068.2243495327134,0.0,3065.28,-0.03131593373606134
3068.6898668061976,0.0,3065.746,0.014435760504799555
3069.1553840796814,0.0,3066.213,0.02532899630355412
3069.620901353165,0.0,3066.679,-0.033494554924289544
3070.0864186266494,0.0,3067.147,-0.02260131912553498
3070.5519359001332,0.0,3067.609,0.02315037511532614
3071.0174531736175,0.0,3068.072,-0.026958561501991163
3071.4829704471013,0.0,3068.535,0.02315037511532614
3071.948487720585,0.0,3069.002,0.007899767082501175
3072.4140049940693,0.0,3069.465,-0.03131593373606134
3072.879522267553,0.0,3069.931,-0.02260131912553498
3073.345039541037,0.0,3070.401,0.02097162406948394
3073.810556814521,0.0,3070.86,0.018793002881255738
3074.276074088005,0.0,3071.325,-0.035673176112517746
3074.7415913614886,0.0,3071.79,0.0013637736602027939
3075.207108634973,0.0,3072.258,0.0863311687196262
3075.6726259084567,0.0,3072.724,-0.020422697937306777
3076.138143181941,0.0,3073.191,0.02315037511532614
3076.6036604554247,0.0,3073.657,0.016614381693027758
3077.0691777289085,0.0,3074.117,-0.026958561501991163
3077.5346950023927,0.0,3074.587,0.018793002881255738
3078.0002122758765,0.0,3075.05,-0.03131593373606134
3078.4657295493603,0.0,3075.512,0.02750761749178232
3078.9312468228445,0.0,3075.98,-0.03131593373606134
3079.3967640963283,0.0,3076.443,0.031864859868238726
3079.8622813698125,0.0,3076.909,0.07543793292087142
3080.3277986432963,0.0,3077.376,0.02315037511532614
3080.79331591678,0.0,3077.841,-0.02477994031376296
3081.2588331902643,0.0,3078.306,-0.02260131912553498
3081.724350463748,0.0,3078.771,0.018793002881255738
3082.189867737232,0.0,3079.236,0.014435760504799555
3082.655385010716,0.0,3079.695,-0.033494554924289544
3083.1209022842,0.0,3080.162,-0.32107631764121036
3083.5864195576837,0.0,3080.628,0.3129106291628614
3084.051936831168,0.0,3081.091,-0.033494554924289544
3084.5174541046517,0.0,3081.561,0.02315037511532614
3084.982971378136,0.0,3082.021,0.02750761749178232
3085.4484886516198,0.0,3082.491,-0.0160653257032366
3085.9140059251035,0.0,3082.957,0.018793002881255738
3086.379523198588,0.0,3083.415,0.018793002881255738
3086.8450404720716,0.0,3083.88,-0.02260131912553498
3087.3105577455553,0.0,3084.347,-0.03131593373606134
3087.7760750190396,0.0,3084.813,0.02315037511532614
3088.2415922925234,0.0,3085.28,-0.018244076749078575
3088.707109566007,0.0,3085.745,0.005721145894272972
3089.1726268394914,0.0,3086.209,0.02315037511532614
3089.638144112975,0.0,3086.675,-0.04438779072304433
3090.1036613864594,0.0,3087.135,0.012257139316571353
3090.569178659943,0.0,3087.605,0.02315037511532614
3091.034695933427,0.0,3088.068,-0.02260131912553498
3091.500213206911,0.0,3088.532,0.32380386496161595
3091.965730480395,0.0,3088.995,0.02532899630355412
3092.431247753879,0.0,3089.465,0.02315037511532614
3092.896765027363,0.0,3089.93,0.018793002881255738
3093.362282300847,0.0,3090.393,-0.013886704515008397
3093.8277995743306,0.0,3090.859,0.007899767082501175
3094.293316847815,0.0,3091.325,-0.020422697937306777
3094.7588341212986,0.0,3091.79,0.02532899630355412
3095.224351394783,0.0,3092.254,0.02315037511532614
3095.6898686682666,0.0,3092.72,0.05365146132336207
3096.1553859417504,0.0,3093.18,0.02097162406948394
3096.6209032152346,0.0,3093.645,-0.026958561501991163
3097.0864204887184,0.0,3094.117,-0.03131593373606134
3097.551937762202,0.0,3094.579,0.014435760504799555
3098.0174550356865,0.0,3095.047,-0.03131593373606134
3098.4829723091702,0.0,3095.509,-0.02913731254783336
3098.9484895826545,0.0,3095.973,0.014435760504799555
3099.4140068561383,0.0,3096.435,-0.020422697937306777
3099.879524129622,0.0,3096.9,0.02315037511532614
3100.3450414031063,0.0,3097.365,0.018793002881255738
3100.81055867659,0.0,3097.83,-0.026958561501991163
3101.276075950074,0.0,3098.295,-0.020422697937306777
3101.741593223558,0.0,3098.761,0.018793002881255738
3102.207110497042,0.0,3099.228,0.051472710277520095
3102.6726277705257,0.0,3099.694,-0.03131593373606134
3103.13814504401,0.0,3100.161,-0.02260131912553498
3103.6036623174937,0.0,3100.627,0.02315037511532614
3104.069179590978,0.0,3101.087,-0.020422697937306777
3104.5346968644617,0.0,3101.55,0.02315037511532614
3105.0002141379455,0.0,3102.02,-0.07271025574285228
3105.4657314114297,0.0,3102.483,-0.04220916953481613
3105.9312486849135,0.0,3102.949,0.014435760504799555
3106.3967659583973,0.0,3103.412,-0.02260131912553498
3106.8622832318815,0.0,3103.878,0.016614381693027758
3107.3278005053653,0.0,3104.343,-0.04220916953481613
3107.793317778849,0.0,3104.808,0.02315037511532614
3108.2588350523333,0.0,3105.276,0.04057947447876531
3108.724352325817,0.0,3105.742,-0.7720566822682591
3109.1898695993013,0.0,3106.202,0.02097162406948394
3109.655386872785,0.0,3106.668,-0.02260131912553498
3110.120904146269,0.0,3107.135,-0.0160653257032366
3110.586421419753,0.0,3107.598,0.005721145894272972
3111.051938693237,0.0,3108.066,0.005721145894272972
3111.5174559667207,0.0,3108.528,-0.02913731254783336
3111.982973240205,0.0,3108.991,0.005721145894272972
3112.4484905136887,0.0,3109.461,0.02315037511532614
3112.914007787173,0.0,3109.926,-0.17510675016571486
3113.3795250606568,0.0,3110.39,0.02315037511532614
3113.8450423341405,0.0,3110.856,-0.03131593373606134
3114.310559607625,0.0,3111.32,-0.020422697937306777
3114.7760768811086,0.0,3111.786,0.014435760504799555
3115.2415941545923,0.0,3112.246,0.02750761749178232
3115.7071114280766,0.0,3112.712,0.010078388270729377
3116.1726287015604,0.0,3113.177,-0.020422697937306777
3116.638145975044,0.0,3113.642,0.02315037511532614
3117.1036632485284,0.0,3114.11,0.02532899630355412
3117.569180522012,0.0,3114.572,0.02315037511532614
3118.0346977954964,0.0,3115.039,0.014435760504799555
3118.50021506898,0.0,3115.502,-0.03131593373606134
3118.965732342464,0.0,3115.965,0.02315037511532614
3119.431249615948,0.0,3116.435,0.018793002881255738
3119.896766889432,0.0,3116.9,0.007899767082501175
3120.362284162916,0.0,3117.364,0.13208273310287333
3120.8278014364,0.0,3117.83,-0.020422697937306777
3121.293318709884,0.0,3118.295,0.014435760504799555
3121.7588359833676,0.0,3118.761,-0.020422697937306777
3122.224353256852,0.0,3119.225,-0.03131593373606134
3122.6898705303356,0.0,3119.691,0.02315037511532614
3123.15538780382,0.0,3120.154,-0.013886704515008397
3123.6209050773036,0.0,3120.616,0.051472710277520095
3124.0864223507874,0.0,3121.084,0.02097162406948394
3124.5519396242717,0.0,3121.547,-0.026958561501991163
3125.0174568977554,0.0,3122.017,-0.007350711092710016
3125.482974171239,0.0,3122.479,0.007899767082501175
3125.9484914447235,0.0,3122.945,0.02097162406948394
3126.4140087182072,0.0,3123.408,0.06890193949857304
3126.879525991691,0.0,3123.874,0.018793002881255738
3127.3450432651753,0.0,3124.339,-0.02260131912553498
3127.810560538659,0.0,3124.805,0.02315037511532614
3128.2760778121433,0.0,3125.269,0.02532899630355412
3128.741595085627,0.0,3125.735,-0.02913731254783336
3129.207112359111,0.0,3126.202,-0.8025577684762951
3129.672629632595,0.0,3126.66,-0.02477994031376296
3130.138146906079,0.0,3127.128,-0.03131593373606134
3130.6036641795627,0.0,3127.59,0.02315037511532614
3131.069181453047,0.0,3128.058,0.02532899630355412
3131.5346987265307,0.0,3128.52,-0.02913731254783336
3132.000216000015,0.0,3128.991,-0.03131593373606134
3132.4657332734987,0.0,3129.453,0.010078388270729377
3132.9312505469825,0.0,3129.919,0.014435760504799555
3133.3967678204667,0.0,3130.383,0.02532899630355412
3133.8622850939505,0.0,3130.849,-0.020422697937306777
3134.3278023674343,0.0,3131.314,0.02315037511532614
3134.7933196409185,0.0,3131.78,-0.026958561501991163
3135.2588369144023,0.0,3132.246,0.02315037511532614
3135.724354187886,0.0,3132.712,-0.03131593373606134
3136.1898714613703,0.0,3133.176,-0.007350711092710016
3136.655388734854,0.0,3133.642,0.02315037511532614
3137.1209060083384,0.0,3134.102,-0.04874516295711451
3137.586423281822,0.0,3134.572,-0.03131593373606134
3138.051940555306,0.0,3135.036,-0.07271025574285228
3138.51745782879,0.0,3135.498,0.5678126844835178
3138.982975102274,0.0,3135.969,-0.013886704515008397
3139.4484923757577,0.0,3136.431,0.02097162406948394
3139.914009649242,0.0,3136.89,-0.04874516295711451
3140.3795269227257,0.0,3137.362,0.051472710277520095
3140.8450441962095,0.0,3137.82,0.02315037511532614
3141.3105614696938,0.0,3138.288,0.02097162406948394
3141.7760787431775,0.0,3138.754,-0.02913731254783336
3142.241596016662,0.0,3139.221,0.042758225524607285
3142.7071132901456,0.0,3139.686,-0.020422697937306777
3143.1726305636294,0.0,3140.146,-0.03131593373606134
3143.6381478371136,0.0,3140.616,-0.03131593373606134
3144.1036651105974,0.0,3141.08,0.02315037511532614
3144.569182384081,0.0,3141.542,-0.03131593373606134
3145.0346996575654,0.0,3142.006,0.014435760504799555
3145.500216931049,0.0,3142.475,0.02315037511532614
3145.965734204533,0.0,3142.941,0.031864859868238726
3146.431251478017,0.0,3143.404,0.029686238680010524
3146.896768751501,0.0,3143.87,0.02097162406948394
3147.362286024985,0.0,3144.335,-0.02913731254783336
3147.827803298469,0.0,3144.801,0.02097162406948394
3148.293320571953,0.0,3145.261,0.018793002881255738
3148.758837845437,0.0,3145.727,-0.05092378414534271
3149.224355118921,0.0,3146.192,-0.013886704515008397
3149.6898723924046,0.0,3146.658,0.02097162406948394
3150.155389665889,0.0,3147.12,-0.0160653257032366
3150.6209069393726,0.0,3147.59,-0.05745964771002732
3151.086424212857,0.0,3148.05,0.02532899630355412
3151.5519414863406,0.0,3148.52,-0.03785179730074595
3152.0174587598244,0.0,3148.98,-0.02913731254783336
3152.4829760333087,0.0,3149.45,0.014435760504799555
3152.9484933067924,0.0,3149.915,-0.03131593373606134
3153.414010580276,0.0,3150.379,-0.007350711092710016
3153.8795278537605,0.0,3150.845,0.02315037511532614
3154.3450451272442,0.0,3151.31,0.014435760504799555
3154.810562400728,0.0,3151.776,0.1451547199474701
3155.2760796742123,0.0,3152.235,0.018793002881255738
3155.741596947696,0.0,3152.701,-0.03131593373606134
3156.2071142211803,0.0,3153.166,-0.005172089904481814
3156.672631494664,0.0,3153.632,0.02315037511532614
3157.138148768148,0.0,3154.095,0.084152547531398
3157.603666041632,0.0,3154.564,-0.08142487035337864
3158.069183315116,0.0,3155.028,0.06236594607627466
3158.5347005885997,0.0,3155.491,-0.02260131912553498
3159.000217862084,0.0,3155.957,0.02315037511532614
3159.4657351355677,0.0,3156.422,-0.03131593373606134
3159.9312524090515,0.0,3156.887,0.02315037511532614
3160.3967696825357,0.0,3157.354,0.051472710277520095
3160.8622869560195,0.0,3157.821,-0.03131593373606134
3161.3278042295037,0.0,3158.28,0.02315037511532614
3161.7933215029875,0.0,3158.745,0.007899767082501175
3162.2588387764713,0.0,3159.217,-0.03131593373606134
3162.7243560499555,0.0,3159.675,-0.033494554924289544
3163.1898733234393,0.0,3160.143,0.22358599172698135
3163.655390596923,0.0,3160.605,0.018793002881255738
3164.1209078704073,0.0,3161.076,0.018793002881255738
3164.586425143891,0.0,3161.538,-0.03131593373606134
3165.0519424173754,0.0,3162.006,-0.035673176112517746
3165.517459690859,0.0,3162.469,0.018793002881255738
3165.982976964343,0.0,3162.934,-0.02913731254783336
3166.448494237827,0.0,3163.397,0.04929408908929189
3166.914011511311,0.0,3163.862,0.02315037511532614
3167.3795287847947,0.0,3164.328,0.02315037511532614
3167.845046058279,0.0,3164.794,0.02315037511532614
3168.3105633317628,0.0,3165.258,-0.1598562719905039
3168.7760806052465,0.0,3165.724,0.036222232102308904
3169.2415978787308,0.0,3166.191,-0.02913731254783336
3169.7071151522146,0.0,3166.657,0.02315037511532614
3170.172632425699,0.0,3167.117,0.02750761749178232
3170.6381496991826,0.0,3167.586,-0.020422697937306777
3171.1036669726664,0.0,3168.05,-0.013886704515008397
3171.5691842461506,0.0,3168.513,0.04929408908929189
3172.0347015196344,0.0,3168.976,-0.033494554924289544
3172.500218793118,0.0,3169.446,0.02532899630355412
3172.9657360666024,0.0,3169.912,0.051472710277520095
3173.431253340086,0.0,3170.376,0.02315037511532614
3173.89677061357,0.0,3170.835,0.02315037511532614
3174.362287887054,0.0,3171.306,0.02315037511532614
3174.827805160538,0.0,3171.765,-0.02913731254783336
3175.2933224340222,0.0,3172.232,0.02315037511532614
3175.758839707506,0.0,3172.697,-0.013886704515008397
3176.22435698099,0.0,3173.162,0.03840085329053711
3176.689874254474,0.0,3173.628,0.014435760504799555
3177.155391527958,0.0,3174.091,0.031864859868238726
3177.6209088014416,0.0,3174.561,-0.026958561501991163
3178.086426074926,0.0,3175.021,-0.040030548346587924
3178.5519433484096,0.0,3175.49,0.02315037511532614
3179.0174606218934,0.0,3175.956,-0.03131593373606134
3179.4829778953776,0.0,3176.415,-0.03131593373606134
3179.9484951688614,0.0,3176.88,0.014435760504799555
3180.4140124423457,0.0,3177.347,-0.03131593373606134
3180.8795297158294,0.0,3177.813,0.3063747655981768
3181.3450469893132,0.0,3178.28,0.02315037511532614
3181.8105642627975,0.0,3178.745,-0.020422697937306777
3182.2760815362813,0.0,3179.209,-0.02913731254783336
3182.741598809765,0.0,3179.675,0.02315037511532614
3183.2071160832493,0.0,3180.136,-0.035673176112517746
3183.672633356733,0.0,3180.605,-0.005172089904481814
3184.1381506302173,0.0,3181.065,0.02097162406948394
3184.603667903701,0.0,3181.535,-0.02913731254783336
3185.069185177185,0.0,3181.995,-0.02260131912553498
3185.534702450669,0.0,3182.465,0.031864859868238726
3186.000219724153,0.0,3182.93,-0.03131593373606134
3186.4657369976367,0.0,3183.393,0.02315037511532614
3186.931254271121,0.0,3183.859,-0.03131593373606134
3187.3967715446047,0.0,3184.324,0.02315037511532614
3187.8622888180885,0.0,3184.79,-0.2578953941792963
3188.3278060915727,0.0,3185.254,0.014435760504799555
3188.7933233650565,0.0,3185.719,-0.02913731254783336
3189.2588406385407,0.0,3186.184,-0.02913731254783336
3189.7243579120245,0.0,3186.649,0.014435760504799555
3190.1898751855083,0.0,3187.11,0.031864859868238726
3190.6553924589925,0.0,3187.579,-0.03131593373606134
3191.1209097324763,0.0,3188.043,0.02315037511532614
3191.58642700596,0.0,3188.505,-0.026958561501991163
3192.0519442794443,0.0,3188.976,0.0013637736602027939
3192.517461552928,0.0,3189.439,-0.3188975665953684
3192.982978826412,0.0,3189.904,-0.013886704515008397
3193.448496099896,0.0,3190.369,0.02315037511532614
3193.91401337338,0.0,3190.835,-0.005172089904481814
3194.379530646864,0.0,3191.302,0.02315037511532614
3194.845047920348,0.0,3191.76,-0.005172089904481814
3195.3105651938317,0.0,3192.227,0.02315037511532614
3195.776082467316,0.0,3192.692,-0.07924624916515066
3196.2415997407998,0.0,3193.166,0.014435760504799555
3196.7071170142835,0.0,3193.624,-0.02260131912553498
3197.172634287768,0.0,3194.087,0.014435760504799555
3197.6381515612516,0.0,3194.55,-0.03131593373606134
3198.103668834736,0.0,3195.021,-0.02260131912553498
3198.5691861082196,0.0,3195.483,0.02097162406948394
3199.0347033817034,0.0,3195.949,-0.02260131912553498
3199.5002206551876,0.0,3196.412,0.02315037511532614
3199.9657379286714,0.0,3196.878,-0.02477994031376296
3200.431255202155,0.0,3197.342,-0.03131593373606134
3200.8967724756394,0.0,3197.808,0.02315037511532614
3201.362289749123,0.0,3198.272,0.02315037511532614
3201.827807022607,0.0,3198.738,-0.03131593373606134
3202.293324296091,0.0,3199.203,0.06236594607627466
3202.758841569575,0.0,3199.669,0.02315037511532614
3203.2243588430592,0.0,3200.131,0.051472710277520095
3203.689876116543,0.0,3200.601,-0.03785179730074595
3204.155393390027,0.0,3201.065,-0.4561525194603373
3204.620910663511,0.0,3201.527,-0.27750324458857767
3205.086427936995,0.0,3201.991,-0.033494554924289544
3205.5519452104786,0.0,3202.461,-0.035673176112517746
3206.017462483963,0.0,3202.927,0.031864859868238726
3206.4829797574466,0.0,3203.39,-0.02260131912553498
3206.9484970309304,0.0,3203.856,0.014435760504799555
3207.4140143044146,0.0,3204.321,0.031864859868238726
3207.8795315778984,0.0,3204.786,-0.020422697937306777
3208.3450488513827,0.0,3205.251,-0.018244076749078575
3208.8105661248665,0.0,3205.717,0.014435760504799555
3209.2760833983502,0.0,3206.176,-0.02260131912553498
3209.7416006718345,0.0,3206.642,0.005721145894272972
3210.2071179453183,0.0,3207.11,0.02315037511532614
3210.672635218802,0.0,3207.572,-0.03131593373606134
3211.1381524922863,0.0,3208.035,0.02315037511532614
3211.60366976577,0.0,3208.506,0.014435760504799555
3212.069187039254,0.0,3208.969,0.02315037511532614
3212.534704312738,0.0,3209.431,-0.002993468716253611
3213.000221586222,0.0,3209.897,-0.013886704515008397
3213.465738859706,0.0,3210.362,0.018793002881255738
3213.93125613319,0.0,3210.828,-0.026958561501991163
3214.3967734066737,0.0,3211.294,0.018793002881255738
3214.862290680158,0.0,3211.761,-0.4626885128826357
3215.3278079536417,0.0,3212.221,-0.03131593373606134
3215.7933252271255,0.0,3212.687,0.012257139316571353
3216.2588425006097,0.0,3213.15,0.02097162406948394
3216.7243597740935,0.0,3213.62,-0.026958561501991163
3217.1898770475777,0.0,3214.083,0.018793002881255738
3217.6553943210615,0.0,3214.546,-0.013886704515008397
3218.1209115945453,0.0,3215.017,0.12772549072641692
3218.5864288680295,0.0,3215.48,-0.0008148475280254086
3219.0519461415133,0.0,3215.945,0.029686238680010524
3219.517463414997,0.0,3216.408,0.05365146132336207
3219.9829806884813,0.0,3216.874,-0.0160653257032366
3220.448497961965,0.0,3217.339,0.02315037511532614
3220.914015235449,0.0,3217.805,-0.02477994031376296
3221.379532508933,0.0,3218.265,0.02097162406948394
3221.845049782417,0.0,3218.731,-0.020422697937306777
3222.310567055901,0.0,3219.195,-0.035673176112517746
3222.776084329385,0.0,3219.661,0.02097162406948394
3223.2416016028687,0.0,3220.131,0.02315037511532614
3223.707118876353,0.0,3220.594,-0.02260131912553498
3224.1726361498368,0.0,3221.062,-0.026958561501991163
3224.6381534233205,0.0,3221.524,0.02097162406948394
3225.103670696805,0.0,3221.987,-0.020422697937306777
3225.5691879702886,0.0,3222.45,0.018793002881255738
3226.0347052437724,0.0,3222.915,-0.04874516295711451
3226.5002225172566,0.0,3223.387,0.036222232102308904
3226.9657397907404,0.0,3223.845,0.02315037511532614
3227.4312570642246,0.0,3224.317,-0.02913731254783336
3227.8967743377084,0.0,3224.775,-0.02260131912553498
3228.362291611192,0.0,3225.24,-0.03131593373606134
3228.8278088846764,0.0,3225.705,0.02097162406948394
3229.29332615816,0.0,3226.172,-0.03131593373606134
3229.758843431644,0.0,3226.638,-0.02260131912553498
3230.224360705128,0.0,3227.106,-0.013886704515008397
3230.689877978612,0.0,3227.568,0.02750761749178232
3231.1553952520962,0.0,3228.036,0.02315037511532614
3231.62091252558,0.0,3228.498,0.02315037511532614
3232.086429799064,0.0,3228.969,0.02315037511532614
3232.551947072548,0.0,3229.431,-0.02477994031376296
3233.017464346032,0.0,3229.89,0.05583008251159027
3233.4829816195156,0.0,3230.357,0.031864859868238726
3233.948498893,0.0,3230.823,0.014435760504799555
3234.4140161664836,0.0,3231.288,-0.03131593373606134
3234.8795334399674,0.0,3231.753,0.031864859868238726
3235.3450507134517,0.0,3232.221,0.02315037511532614
3235.8105679869354,0.0,3232.68,0.007899767082501175
3236.2760852604197,0.0,3233.15,-0.033494554924289544
3236.7416025339035,0.0,3233.613,-0.03131593373606134
3237.2071198073872,0.0,3234.076,0.016614381693027758
3237.6726370808715,0.0,3234.546,0.02097162406948394
3238.1381543543553,0.0,3235.006,-0.005172089904481814
3238.603671627839,0.0,3235.476,-0.033494554924289544
3239.0691889013233,0.0,3235.942,0.02315037511532614
3239.534706174807,0.0,3236.404,-0.4648671340708639
3240.000223448291,0.0,3236.87,0.21487150697406854
3240.465740721775,0.0,3237.335,0.02315037511532614
3240.931257995259,0.0,3237.801,-0.02260131912553498
3241.396775268743,0.0,3238.261,0.02315037511532614
3241.862292542227,0.0,3238.726,-0.026958561501991163
3242.3278098157107,0.0,3239.191,0.014435760504799555
3242.793327089195,0.0,3239.657,-0.013886704515008397
3243.2588443626787,0.0,3240.12,0.02532899630355412
3243.7243616361625,0.0,3240.59,-0.002993468716253611
3244.1898789096467,0.0,3241.05,-0.03131593373606134
3244.6553961831305,0.0,3241.52,0.018793002881255738
3245.1209134566143,0.0,3241.98,0.1451547199474701
3245.5864307300985,0.0,3242.45,-0.026958561501991163
3246.0519480035823,0.0,3242.916,0.02097162406948394
3246.5174652770665,0.0,3243.379,0.11683225492766214
3246.9829825505503,0.0,3243.845,0.02315037511532614
3247.448499824034,0.0,3244.309,0.014435760504799555
3247.9140170975184,0.0,3244.775,-0.026958561501991163
3248.379534371002,0.0,3245.239,-0.03131593373606134
3248.845051644486,0.0,3245.705,0.02315037511532614
3249.31056891797,0.0,3246.169,0.012257139316571353
3249.776086191454,0.0,3246.636,0.029686238680010524
3250.241603464938,0.0,3247.098,0.02315037511532614
3250.707120738422,0.0,3247.561,-0.013886704515008397
3251.1726380119057,0.0,3248.032,0.058008703699818476
3251.63815528539,0.0,3248.494,0.005721145894272972
3252.1036725588738,0.0,3248.965,0.02097162406948394
3252.5691898323576,0.0,3249.42,-0.03131593373606134
3253.034707105842,0.0,3249.886,0.031864859868238726
3253.5002243793256,0.0,3250.35,-0.009529462138551992
3253.9657416528094,0.0,3250.815,0.02315037511532614
3254.4312589262936,0.0,3251.28,0.007899767082501175
3254.8967761997774,0.0,3251.745,-0.02913731254783336
3255.3622934732616,0.0,3252.21,-0.05745964771002732
3255.8278107467454,0.0,3252.676,0.02097162406948394
3256.293328020229,0.0,3253.146,0.005721145894272972
3256.7588452937134,0.0,3253.609,-0.02913731254783336
3257.224362567197,0.0,3254.072,0.012257139316571353
3257.689879840681,0.0,3254.535,-0.04220916953481613
3258.155397114165,0.0,3255.006,0.016614381693027758
3258.620914387649,0.0,3255.469,-0.033494554924289544
3259.086431661133,0.0,3255.934,0.02315037511532614
3259.551948934617,0.0,3256.397,0.036222232102308904
3260.017466208101,0.0,3256.863,0.04711546790106369
3260.482983481585,0.0,3257.327,0.02097162406948394
3260.948500755069,0.0,3257.793,-0.02477994031376296
3261.4140180285526,0.0,3258.259,0.02315037511532614
3261.879535302037,0.0,3258.724,0.02097162406948394
3262.3450525755206,0.0,3259.191,0.014435760504799555
3262.8105698490044,0.0,3259.657,-0.026958561501991163
3263.2760871224887,0.0,3260.118,0.005721145894272972
3263.7416043959724,0.0,3260.58,-0.009529462138551992
3264.2071216694567,0.0,3261.05,-0.013886704515008397
3264.6726389429405,0.0,3261.513,0.016614381693027758
3265.1381562164242,0.0,3261.976,0.02315037511532614
3265.6036734899085,0.0,3262.446,-0.02260131912553498
3266.0691907633923,0.0,3262.911,0.02315037511532614
3266.534708036876,0.0,3263.376,-0.061817019944097495
3267.0002253103603,0.0,3263.841,-0.03131593373606134
3267.465742583844,0.0,3264.306,-0.026958561501991163
3267.931259857328,0.0,3264.765,0.014435760504799555
3268.396777130812,0.0,3265.232,-0.03131593373606134
3268.862294404296,0.0,3265.698,-0.27968186577680587
3269.32781167778,0.0,3266.165,-0.055281026521799115
3269.793328951264,0.0,3266.631,-0.02260131912553498
3270.2588462247477,0.0,3267.091,0.012257139316571353
3270.724363498232,0.0,3267.561,0.02097162406948394
3271.1898807717157,0.0,3268.024,0.16476257035675146
3271.6553980451995,0.0,3268.487,0.02315037511532614
3272.1209153186837,0.0,3268.952,0.018793002881255738
3272.5864325921675,0.0,3269.416,-0.02260131912553498
3273.0519498656513,0.0,3269.882,0.02315037511532614
3273.5174671391355,0.0,3270.346,0.02315037511532614
3273.9829844126193,0.0,3270.812,-0.05745964771002732
3274.4485016861036,0.0,3271.276,0.005721145894272972
3274.9140189595873,0.0,3271.742,-0.002993468716253611
3275.379536233071,0.0,3272.207,0.051472710277520095
3275.8450535065554,0.0,3272.672,-0.035673176112517746
3276.310570780039,0.0,3273.135,0.02750761749178232
3276.776088053523,0.0,3273.605,-0.03131593373606134
3277.241605327007,0.0,3274.065,0.06890193949857304
3277.707122600491,0.0,3274.535,0.014435760504799555
3278.1726398739747,0.0,3274.998,0.02315037511532614
3278.638157147459,0.0,3275.461,0.007899767082501175
3279.1036744209428,0.0,3275.926,-0.013886704515008397
3279.569191694427,0.0,3276.39,-0.005172089904481814
3280.034708967911,0.0,3276.856,0.018793002881255738
3280.5002262413946,0.0,3277.32,0.02315037511532614
3280.965743514879,0.0,3277.786,-0.07488887693108026
3281.4312607883626,0.0,3278.25,-0.02913731254783336
3281.8967780618464,0.0,3278.716,0.016614381693027758
3282.3622953353306,0.0,3279.181,0.02315037511532614
3282.8278126088144,0.0,3279.646,-0.02913731254783336
3283.2933298822986,0.0,3280.116,-0.002993468716253611
3283.7588471557824,0.0,3280.58,0.02315037511532614
3284.224364429266,0.0,3281.043,-0.026958561501991163
3284.6898817027504,0.0,3281.505,0.02097162406948394
3285.155398976234,0.0,3281.976,0.07108056068680124
3285.620916249718,0.0,3282.439,-0.026958561501991163
3286.0864335232022,0.0,3282.904,0.014435760504799555
3286.551950796686,0.0,3283.369,-0.026958561501991163
3287.01746807017,0.0,3283.835,0.042758225524607285
3287.482985343654,0.0,3284.295,-0.03131593373606134
3287.948502617138,0.0,3284.761,0.02315037511532614
3288.414019890622,0.0,3285.228,0.02315037511532614
3288.879537164106,0.0,3285.694,0.02750761749178232
3289.3450544375896,0.0,3286.165,-0.02913731254783336
3289.810571711074,0.0,3286.623,-0.0008148475280254086
3290.2760889845576,0.0,3287.091,-0.0160653257032366
3290.7416062580414,0.0,3287.554,0.02315037511532614
3291.2071235315257,0.0,3288.017,0.036222232102308904
3291.6726408050095,0.0,3288.487,-0.026958561501991163
3292.1381580784932,0.0,3288.945,-0.026958561501991163
3292.6036753519775,0.0,3289.415,-0.02913731254783336
3293.0691926254613,0.0,3289.881,0.02315037511532614
3293.5347098989455,0.0,3290.347,-0.03785179730074595
3294.0002271724293,0.0,3290.805,-0.026958561501991163
3294.465744445913,0.0,3291.272,-0.02260131912553498
3294.9312617193973,0.0,3291.738,0.02315037511532614
3295.396778992881,0.0,3292.202,0.04493684671283549
3295.862296266365,0.0,3292.668,0.02315037511532614
3296.327813539849,0.0,3293.135,-0.03131593373606134
3296.793330813333,0.0,3293.598,-0.17510675016571486
3297.258848086817,0.0,3294.061,-0.02260131912553498
3297.724365360301,0.0,3294.531,0.014435760504799555
3298.1898826337847,0.0,3294.991,0.02315037511532614
3298.655399907269,0.0,3295.461,-0.03785179730074595
3299.1209171807527,0.0,3295.926,0.02315037511532614
3299.5864344542365,0.0,3296.39,0.02097162406948394
3300.0519517277207,0.0,3296.856,-0.05310240533357091
3300.5174690012045,0.0,3297.32,-0.03131593373606134
3300.9829862746883,0.0,3297.786,0.014435760504799555
3301.4485035481725,0.0,3298.251,0.02315037511532614
3301.9140208216563,0.0,3298.716,-0.0160653257032366
3302.3795380951406,0.0,3299.176,0.012257139316571353
3302.8450553686243,0.0,3299.642,-0.03131593373606134
3303.310572642108,0.0,3300.11,-0.02260131912553498
3303.7760899155924,0.0,3300.572,0.014435760504799555
3304.241607189076,0.0,3301.035,-0.02477994031376296
3304.70712446256,0.0,3301.505,-0.026958561501991163
3305.172641736044,0.0,3301.969,0.005721145894272972
3305.638159009528,0.0,3302.431,-0.02260131912553498
3306.1036762830117,0.0,3302.897,0.02532899630355412
3306.569193556496,0.0,3303.362,0.02315037511532614
3307.0347108299798,0.0,3303.827,-0.026958561501991163
3307.500228103464,0.0,3304.291,-0.03131593373606134
3307.965745376948,0.0,3304.757,0.018793002881255738
3308.4312626504316,0.0,3305.224,0.02315037511532614
3308.896779923916,0.0,3305.689,0.018793002881255738
3309.3622971973996,0.0,3306.15,-0.026958561501991163
3309.8278144708834,0.0,3306.62,0.02315037511532614
3310.2933317443676,0.0,3307.083,-0.033494554924289544
3310.7588490178514,0.0,3307.546,0.012257139316571353
3311.224366291335,0.0,3308.014,0.012257139316571353
3311.6898835648194,0.0,3308.476,-0.013886704515008397
3312.155400838303,0.0,3308.942,0.02097162406948394
3312.6209181117874,0.0,3309.412,0.16694119154497944
3313.086435385271,0.0,3309.87,0.02315037511532614
3313.551952658755,0.0,3310.335,0.018793002881255738
3314.0174699322392,0.0,3310.8,-0.03131593373606134
3314.482987205723,0.0,3311.265,-0.02913731254783336
3314.948504479207,0.0,3311.731,-0.020422697937306777
3315.414021752691,0.0,3312.195,-0.020422697937306777
3315.879539026175,0.0,3312.66,0.007899767082501175
3316.345056299659,0.0,3313.128,-0.03131593373606134
3316.810573573143,0.0,3313.591,0.02097162406948394
3317.2760908466266,0.0,3314.061,0.02097162406948394
3317.741608120111,0.0,3314.524,0.014435760504799555
3318.2071253935947,0.0,3314.991,0.41748587463156595
3318.6726426670784,0.0,3315.453,-0.03131593373606134
3319.1381599405627,0.0,3315.919,0.014435760504799555
3319.6036772140465,0.0,3316.383,0.02315037511532614
3320.0691944875302,0.0,3316.848,0.02315037511532614
3320.5347117610145,0.0,3317.313,-0.020422697937306777
3321.0002290344983,0.0,3317.778,0.6222788634772916
3321.4657463079825,0.0,3318.243,-0.04438779072304433
3321.9312635814663,0.0,3318.709,-0.0160653257032366
3322.39678085495,0.0,3319.174,-0.03131593373606134
3322.8622981284343,0.0,3319.64,0.02315037511532614
3323.327815401918,0.0,3320.102,-0.026958561501991163
3323.793332675402,0.0,3320.565,0.02097162406948394
3324.258849948886,0.0,3321.036,0.018793002881255738
3324.72436722237,0.0,3321.498,-0.013886704515008397
3325.1898844958537,0.0,3321.965,-0.02260131912553498
3325.655401769338,0.0,3322.428,0.02315037511532614
3326.1209190428217,0.0,3322.893,0.018793002881255738
3326.586436316306,0.0,3323.357,0.018793002881255738
3327.0519535897897,0.0,3323.823,-0.02913731254783336
3327.5174708632735,0.0,3324.287,-0.02260131912553498
3327.9829881367577,0.0,3324.753,0.02315037511532614
3328.4485054102415,0.0,3325.216,0.0013637736602027939
3328.9140226837253,0.0,3325.682,0.058008703699818476
3329.3795399572095,0.0,3326.15,0.005721145894272972
3329.8450572306933,0.0,3326.613,0.02315037511532614
3330.310574504177,0.0,3327.076,-0.020422697937306777
3330.7760917776613,0.0,3327.546,-0.03131593373606134
3331.241609051145,0.0,3328.01,0.02315037511532614
3331.7071263246294,0.0,3328.472,-0.02260131912553498
3332.172643598113,0.0,3328.938,0.02315037511532614
3332.638160871597,0.0,3329.4,-0.05092378414534271
3333.103678145081,0.0,3329.866,0.058008703699818476
3333.569195418565,0.0,3330.332,-0.02477994031376296
3334.0347126920487,0.0,3330.798,0.012257139316571353
3334.500229965533,0.0,3331.265,0.014435760504799555
3334.9657472390168,0.0,3331.731,-0.020422697937306777
3335.431264512501,0.0,3332.195,0.014435760504799555
3335.896781785985,0.0,3332.66,-0.03131593373606134
3336.3622990594686,0.0,3333.121,-0.0160653257032366
3336.827816332953,0.0,3333.591,0.1386187265251717
3337.2933336064366,0.0,3334.054,0.02097162406948394
3337.7588508799204,0.0,3334.516,-0.04874516295711451
3338.2243681534046,0.0,3334.984,-0.07053163455462408
3338.6898854268884,0.0,3335.447,0.02315037511532614
3339.155402700372,0.0,3335.912,0.0013637736602027939
3339.6209199738564,0.0,3336.379,-0.002993468716253611
3340.08643724734,0.0,3336.845,-0.02260131912553498
3340.5519545208244,0.0,3337.309,-0.02260131912553498
3341.017471794308,0.0,3337.775,0.02315037511532614
3341.482989067792,0.0,3338.239,-0.0008148475280254086
3341.9485063412762,0.0,3338.705,-0.026958561501991163
3342.41402361476,0.0,3339.169,0.02315037511532614
3342.879540888244,0.0,3339.634,0.12118949730411854
3343.345058161728,0.0,3340.095,-0.02913731254783336
3343.810575435212,0.0,3340.564,0.012257139316571353
3344.2760927086956,0.0,3341.032,0.02315037511532614
3344.74160998218,0.0,3341.494,-0.040030548346587924
3345.2071272556636,0.0,3341.965,-0.02260131912553498
3345.672644529148,0.0,3342.42,0.0340436109140807
3346.1381618026317,0.0,3342.886,0.018793002881255738
3346.6036790761154,0.0,3343.352,0.02315037511532614
3347.0691963495997,0.0,3343.818,-0.033494554924289544
3347.5347136230835,0.0,3344.283,-0.0160653257032366
3348.0002308965672,0.0,3344.749,0.014435760504799555
3348.4657481700515,0.0,3345.214,0.02532899630355412
3348.9312654435353,0.0,3345.68,0.02315037511532614
3349.3967827170195,0.0,3346.142,-0.03131593373606134
3349.8622999905033,0.0,3346.605,0.060187324888046456
3350.327817263987,0.0,3347.072,0.21487150697406854
3350.7933345374713,0.0,3347.535,0.02315037511532614
3351.258851810955,0.0,3348.006,0.018793002881255738
3351.724369084439,0.0,3348.468,0.036222232102308904
3352.189886357923,0.0,3348.934,0.018793002881255738
3352.655403631407,0.0,3349.396,-0.02260131912553498
3353.1209209048907,0.0,3349.862,0.014435760504799555
3353.586438178375,0.0,3350.327,-0.007350711092710016
3354.0519554518587,0.0,3350.793,0.04057947447876531
3354.517472725343,0.0,3351.257,0.014435760504799555
3354.9829899988267,0.0,3351.723,0.012257139316571353
3355.4485072723105,0.0,3352.187,0.02315037511532614
3355.9140245457947,0.0,3352.653,-0.02260131912553498
3356.3795418192785,0.0,3353.12,-0.026958561501991163
3356.8450590927623,0.0,3353.583,-0.0008148475280254086
3357.3105763662466,0.0,3354.046,0.02750761749178232
3357.7760936397303,0.0,3354.516,-0.03131593373606134
3358.241610913214,0.0,3354.977,-0.03131593373606134
3358.7071281866984,0.0,3355.446,0.02750761749178232
3359.172645460182,0.0,3355.911,-0.020422697937306777
3359.6381627336664,0.0,3356.376,0.018793002881255738
3360.10368000715,0.0,3356.841,-0.29057523143317443
3360.569197280634,0.0,3357.305,0.17129843392143584
3361.034714554118,0.0,3357.771,0.018793002881255738
3361.500231827602,0.0,3358.236,-0.03131593373606134
3361.9657491010857,0.0,3358.695,-0.0160653257032366
3362.43126637457,0.0,3359.162,-0.03131593373606134
3362.8967836480538,0.0,3359.627,0.031864859868238726
3363.3623009215376,0.0,3360.095,0.005721145894272972
3363.827818195022,0.0,3360.557,0.12336824834996074
3364.2933354685056,0.0,3361.02,0.02315037511532614
3364.75885274199,0.0,3361.49,0.15822657693445308
3365.2243700154736,0.0,3361.957,0.02097162406948394
3365.6898872889574,0.0,3362.415,-0.05310240533357091
3366.1554045624416,0.0,3362.88,0.005721145894272972
3366.6209218359254,0.0,3363.348,0.0013637736602027939
3367.086439109409,0.0,3363.813,0.02315037511532614
3367.5519563828934,0.0,3364.281,0.018793002881255738
3368.017473656377,0.0,3364.746,-0.020422697937306777
3368.4829909298614,0.0,3365.207,0.02750761749178232
3368.948508203345,0.0,3365.672,0.29548152979942177
3369.414025476829,0.0,3366.14,0.005721145894272972
3369.8795427503132,0.0,3366.602,0.02097162406948394
3370.345060023797,0.0,3367.065,-0.4561525194603373
3370.810577297281,0.0,3367.535,-0.026958561501991163
3371.276094570765,0.0,3367.998,0.02315037511532614
3371.741611844249,0.0,3368.461,-0.020422697937306777
3372.2071291177326,0.0,3368.926,0.02097162406948394
3372.672646391217,0.0,3369.39,0.014435760504799555
3373.1381636647006,0.0,3369.856,-0.009529462138551992
3373.603680938185,0.0,3370.321,-0.03131593373606134
3374.0691982116687,0.0,3370.786,0.02315037511532614
3374.5347154851524,0.0,3371.253,0.02315037511532614
3375.0002327586367,0.0,3371.72,-0.03131593373606134
3375.4657500321205,0.0,3372.187,-0.026958561501991163
3375.9312673056043,0.0,3372.645,-0.026958561501991163
3376.3967845790885,0.0,3373.113,0.20833551355177016
3376.8623018525723,0.0,3373.575,0.02097162406948394
3377.327819126056,0.0,3374.043,0.02097162406948394
3377.7933363995403,0.0,3374.505,-0.02260131912553498
3378.258853673024,0.0,3374.976,-0.02477994031376296
3378.7243709465083,0.0,3375.439,0.02750761749178232
3379.189888219992,0.0,3375.904,-0.033494554924289544
3379.655405493476,0.0,3376.369,-0.002993468716253611
3380.12092276696,0.0,3376.835,0.04929408908929189
3380.586440040444,0.0,3377.295,-0.009529462138551992
3381.0519573139277,0.0,3377.76,0.02097162406948394
3381.517474587412,0.0,3378.225,0.02315037511532614
3381.9829918608957,0.0,3378.69,-0.02913731254783336
3382.44850913438,0.0,3379.165,-0.02477994031376296
3382.9140264078637,0.0,3379.623,0.007899767082501175
3383.3795436813475,0.0,3380.091,0.02315037511532614
3383.8450609548318,0.0,3380.554,-0.03131593373606134
3384.3105782283155,0.0,3381.017,0.02315037511532614
3384.7760955017993,0.0,3381.487,0.02315037511532614
3385.2416127752836,0.0,3381.945,0.02097162406948394
3385.7071300487673,0.0,3382.415,0.02315037511532614
3386.172647322251,0.0,3382.881,-0.013886704515008397
3386.6381645957354,0.0,3383.346,-0.03131593373606134
3387.103681869219,0.0,3383.812,0.014435760504799555
3387.5691991427034,0.0,3384.276,0.018793002881255738
3388.034716416187,0.0,3384.741,-0.03131593373606134
3388.500233689671,0.0,3385.206,-0.03131593373606134
3388.965750963155,0.0,3385.665,-0.020422697937306777
3389.431268236639,0.0,3386.132,0.04929408908929189
3389.8967855101228,0.0,3386.595,0.029686238680010524
3390.362302783607,0.0,3387.065,0.014435760504799555
3390.827820057091,0.0,3387.527,-0.03131593373606134
3391.2933373305746,0.0,3387.991,0.02315037511532614
3391.758854604059,0.0,3388.461,0.02315037511532614
3392.2243718775426,0.0,3388.927,-0.026958561501991163
3392.689889151027,0.0,3389.391,-0.03131593373606134
3393.1554064245106,0.0,3389.856,0.02532899630355412
3393.6209236979944,0.0,3390.32,0.16911981273320764
3394.0864409714786,0.0,3390.786,0.02315037511532614
3394.5519582449624,0.0,3391.25,0.014435760504799555
3395.017475518446,0.0,3391.715,-0.03131593373606134
3395.4829927919304,0.0,3392.18,-0.03131593373606134
3395.948510065414,0.0,3392.645,0.016614381693027758
3396.414027338898,0.0,3393.106,0.012257139316571353
3396.8795446123822,0.0,3393.576,-0.03131593373606134
3397.345061885866,0.0,3394.036,-0.002993468716253611
3397.8105791593503,0.0,3394.506,0.02750761749178232
3398.276096432834,0.0,3394.969,-0.02260131912553498
3398.741613706318,0.0,3395.431,0.014435760504799555
3399.207130979802,0.0,3395.897,-0.03131593373606134
3399.672648253286,0.0,3396.362,-0.02477994031376296
3400.1381655267696,0.0,3396.828,0.02315037511532614
3400.603682800254,0.0,3397.294,0.02315037511532614
3401.0692000737376,0.0,3397.76,0.014435760504799555
3401.534717347222,0.0,3398.224,0.012257139316571353
3402.0002346207057,0.0,3398.689,-0.007350711092710016
3402.4657518941895,0.0,3399.15,0.018793002881255738
3402.9312691676737,0.0,3399.62,-0.47576036986961867
3403.3967864411575,0.0,3400.083,0.02532899630355412
3403.8623037146413,0.0,3400.546,-0.03131593373606134
3404.3278209881255,0.0,3401.01,0.0013637736602027939
3404.7933382616093,0.0,3401.48,0.018793002881255738
3405.258855535093,0.0,3401.945,-0.033494554924289544
3405.7243728085773,0.0,3402.408,0.02315037511532614
3406.189890082061,0.0,3402.873,0.018793002881255738
3406.6554073555453,0.0,3403.339,0.051472710277520095
3407.120924629029,0.0,3403.805,0.02532899630355412
3407.586441902513,0.0,3404.265,0.0013637736602027939
3408.051959175997,0.0,3404.731,-0.02260131912553498
3408.517476449481,0.0,3405.198,-0.033494554924289544
3408.9829937229647,0.0,3405.664,0.016614381693027758
3409.448510996449,0.0,3406.125,-0.02260131912553498
3409.9140282699327,0.0,3406.594,-0.026958561501991163
3410.3795455434165,0.0,3407.057,0.02097162406948394
3410.8450628169007,0.0,3407.52,-0.02913731254783336
3411.3105800903845,0.0,3407.991,-0.02477994031376296
3411.7760973638688,0.0,3408.453,0.02097162406948394
3412.2416146373525,0.0,3408.919,-0.03131593373606134
3412.7071319108363,0.0,3409.383,-0.03131593373606134
3413.1726491843206,0.0,3409.849,0.02532899630355412
3413.6381664578043,0.0,3410.314,0.02315037511532614
3414.103683731288,0.0,3410.779,-0.0160653257032366
3414.5692010047724,0.0,3411.246,0.036222232102308904
3415.034718278256,0.0,3411.712,-0.013886704515008397
3415.5002355517404,0.0,3412.17,-0.02260131912553498
3415.965752825224,0.0,3412.635,0.02315037511532614
3416.431270098708,0.0,3413.106,0.02750761749178232
3416.896787372192,0.0,3413.568,-0.005172089904481814
3417.362304645676,0.0,3414.032,0.02315037511532614
3417.8278219191598,0.0,3414.501,0.016614381693027758
3418.293339192644,0.0,3414.961,-0.033494554924289544
3418.758856466128,0.0,3415.431,-0.035673176112517746
3419.2243737396116,0.0,3415.89,-0.033494554924289544
3419.689891013096,0.0,3416.357,-0.013886704515008397
3420.1554082865796,0.0,3416.823,0.02097162406948394
3420.620925560064,0.0,3417.288,0.005721145894272972
3421.0864428335476,0.0,3417.753,0.036222232102308904
3421.5519601070314,0.0,3418.221,-0.03131593373606134
3422.0174773805156,0.0,3418.686,0.014435760504799555
3422.4829946539994,0.0,3419.147,-0.03131593373606134
3422.948511927483,0.0,3419.617,-0.02260131912553498
3423.4140292009674,0.0,3420.08,0.014435760504799555
3423.879546474451,0.0,3420.542,-0.0160653257032366
3424.345063747935,0.0,3421.006,0.4262004892420923
3424.8105810214192,0.0,3421.475,-0.04874516295711451
3425.276098294903,0.0,3421.941,-0.020422697937306777
3425.7416155683873,0.0,3422.404,0.018793002881255738
3426.207132841871,0.0,3422.869,-0.02913731254783336
3426.672650115355,0.0,3423.335,0.02315037511532614
3427.138167388839,0.0,3423.801,-0.03131593373606134
3427.603684662323,0.0,3424.266,-0.02477994031376296
3428.0692019358066,0.0,3424.725,0.02315037511532614
3428.534719209291,0.0,3425.192,-0.03131593373606134
3429.0002364827747,0.0,3425.658,0.02097162406948394
3429.4657537562584,0.0,3426.12,-0.03131593373606134
3429.9312710297427,0.0,3426.59,-0.040030548346587924
3430.3967883032265,0.0,3427.05,0.02315037511532614
3430.8623055767107,0.0,3427.52,0.02097162406948394
3431.3278228501945,0.0,3427.984,-0.02477994031376296
3431.7933401236783,0.0,3428.446,0.018793002881255738
3432.2588573971625,0.0,3428.912,-0.033494554924289544
3432.7243746706463,0.0,3429.376,-0.03131593373606134
3433.18989194413,0.0,3429.842,0.02315037511532614
3433.6554092176143,0.0,3430.306,0.007899767082501175
3434.120926491098,0.0,3430.772,-0.03131593373606134
3434.5864437645823,0.0,3431.239,0.018793002881255738
3435.051961038066,0.0,3431.704,-0.03131593373606134
3435.51747831155,0.0,3432.169,-0.0160653257032366
3435.982995585034,0.0,3432.634,0.031864859868238726
3436.448512858518,0.0,3433.095,0.02750761749178232
3436.9140301320017,0.0,3433.564,-0.03131593373606134
3437.379547405486,0.0,3434.028,-0.07706749811930846
3437.8450646789697,0.0,3434.491,0.014435760504799555
3438.3105819524535,0.0,3434.957,-0.05092378414534271
3438.7760992259377,0.0,3435.422,-0.035673176112517746
3439.2416164994215,0.0,3435.888,0.02097162406948394
3439.7071337729058,0.0,3436.354,0.051472710277520095
3440.1726510463895,0.0,3436.82,0.02315037511532614
3440.6381683198733,0.0,3437.284,-0.04874516295711451
3441.1036855933576,0.0,3437.749,-0.02260131912553498
3441.5692028668414,0.0,3438.21,-0.03785179730074595
3442.034720140325,0.0,3438.675,0.007899767082501175
3442.5002374138094,0.0,3439.146,0.02315037511532614
3442.965754687293,0.0,3439.608,0.02315037511532614
3443.431271960777,0.0,3440.076,0.2562658289808595
3443.896789234261,0.0,3440.539,0.031864859868238726
3444.362306507745,0.0,3441.006,-0.020422697937306777
3444.827823781229,0.0,3441.468,0.012257139316571353
3445.293341054713,0.0,3441.934,-0.03131593373606134
3445.7588583281968,0.0,3442.397,0.007899767082501175
3446.224375601681,0.0,3442.862,-0.03131593373606134
3446.689892875165,0.0,3443.328,0.02315037511532614
3447.1554101486486,0.0,3443.793,0.0035425247060447695
3447.620927422133,0.0,3444.258,-0.02260131912553498
3448.0864446956166,0.0,3444.724,0.02750761749178232
3448.551961969101,0.0,3445.188,0.014435760504799555
3449.0174792425846,0.0,3445.654,0.02315037511532614
3449.4829965160684,0.0,3446.117,0.02315037511532614
3449.9485137895526,0.0,3446.586,-0.013886704515008397
3450.4140310630364,0.0,3447.047,-0.011708083326780194
3450.87954833652,0.0,3447.517,0.014435760504799555
3451.3450656100044,0.0,3447.98,0.06236594607627466
3451.810582883488,0.0,3448.443,-0.17292812897748666
3452.276100156972,0.0,3448.908,-0.011708083326780194
3452.7416174304562,0.0,3449.372,-0.026958561501991163
3453.20713470394,0.0,3449.838,0.02315037511532614
3453.6726519774243,0.0,3450.305,0.02097162406948394
3454.138169250908,0.0,3450.771,-0.03131593373606134
3454.603686524392,0.0,3451.235,-0.02913731254783336
3455.069203797876,0.0,3451.701,0.02315037511532614
3455.53472107136,0.0,3452.165,0.036222232102308904
3456.0002383448436,0.0,3452.631,-0.37118525425852766
3456.465755618328,0.0,3453.094,0.005721145894272972
3456.9312728918117,0.0,3453.557,-0.026958561501991163
3457.3967901652954,0.0,3454.02,-0.05963839875586929
3457.8623074387797,0.0,3454.49,0.016614381693027758
3458.3278247122635,0.0,3454.957,-0.02260131912553498
3458.7933419857477,0.0,3455.422,0.02750761749178232
3459.2588592592315,0.0,3455.88,0.02315037511532614
3459.7243765327153,0.0,3456.346,-0.02260131912553498
3460.1898938061995,0.0,3456.812,0.018793002881255738
3460.6554110796833,0.0,3457.277,-0.7633420676577325
3461.120928353167,0.0,3457.742,0.1364401053369435
3461.5864456266513,0.0,3458.209,-0.026958561501991163
3462.051962900135,0.0,3458.675,0.02750761749178232
3462.517480173619,0.0,3459.135,-0.17074950778925868
3462.982997447103,0.0,3459.605,-0.03131593373606134
3463.448514720587,0.0,3460.069,-0.13371242815892415
3463.914031994071,0.0,3460.531,-0.0160653257032366
3464.379549267555,0.0,3460.995,-0.0160653257032366
3464.8450665410387,0.0,3461.465,-0.21867969336073378
3465.310583814523,0.0,3461.93,0.28240954295482523
3465.7761010880067,0.0,3462.393,-0.03131593373606134
3466.2416183614905,0.0,3462.859,0.02315037511532614
3466.7071356349747,0.0,3463.324,0.02315037511532614
3467.1726529084585,0.0,3463.79,-0.03131593373606134
3467.6381701819428,0.0,3464.255,-0.020422697937306777
3468.1036874554266,0.0,3464.72,0.0035425247060447695
3468.5692047289103,0.0,3465.18,0.02315037511532614
3469.0347220023946,0.0,3465.645,-0.0160653257032366
3469.5002392758784,0.0,3466.113,0.014435760504799555
3469.965756549362,0.0,3466.576,-0.02260131912553498
3470.4312738228464,0.0,3467.047,-0.005172089904481814
3470.89679109633,0.0,3467.509,0.018793002881255738
3471.362308369814,0.0,3467.972,0.005721145894272972
3471.827825643298,0.0,3468.435,-0.020422697937306777
3472.293342916782,0.0,3468.901,-0.009529462138551992
3472.758860190266,0.0,3469.365,-0.03131593373606134
3473.22437746375,0.0,3469.83,0.02315037511532614
3473.6898947372338,0.0,3470.295,0.02315037511532614
3474.155412010718,0.0,3470.761,-0.02477994031376296
3474.620929284202,0.0,3471.228,-0.026958561501991163
3475.0864465576856,0.0,3471.694,0.012257139316571353
3475.55196383117,0.0,3472.162,0.005721145894272972
3476.0174811046536,0.0,3472.62,-0.02260131912553498
3476.4829983781374,0.0,3473.091,0.31726800139693134
3476.9485156516216,0.0,3473.554,0.02315037511532614
3477.4140329251054,0.0,3474.017,-0.009529462138551992
3477.8795501985896,0.0,3474.487,0.018793002881255738
3478.3450674720734,0.0,3474.945,-0.026958561501991163
3478.810584745557,0.0,3475.416,-0.026958561501991163
3479.2761020190414,0.0,3475.875,0.12118949730411854
3479.7416192925252,0.0,3476.34,0.018793002881255738
3480.207136566009,0.0,3476.805,-0.3493986528034043
3480.6726538394933,0.0,3477.272,0.014435760504799555
3481.138171112977,0.0,3477.738,0.3041960145523346
3481.603688386461,0.0,3478.203,0.036222232102308904
3482.069205659945,0.0,3478.668,0.012257139316571353
3482.534722933429,0.0,3479.131,0.005721145894272972
3483.000240206913,0.0,3479.601,-0.05310240533357091
3483.465757480397,0.0,3480.062,-0.04874516295711451
3483.9312747538806,0.0,3480.531,0.014435760504799555
3484.396792027365,0.0,3480.995,0.02315037511532614
3484.8623093008487,0.0,3481.457,-0.002993468716253611
3485.3278265743324,0.0,3481.923,-0.020422697937306777
3485.7933438478167,0.0,3482.389,0.31726800139693134
3486.2588611213005,0.0,3482.855,0.036222232102308904
3486.7243783947847,0.0,3483.32,0.042758225524607285
3487.1898956682685,0.0,3483.785,-0.040030548346587924
3487.6554129417523,0.0,3484.25,-0.03131593373606134
3488.1209302152365,0.0,3484.716,0.02315037511532614
3488.5864474887203,0.0,3485.18,0.02315037511532614
3489.051964762204,0.0,3485.645,0.014435760504799555
3489.5174820356883,0.0,3486.106,0.018793002881255738
3489.982999309172,0.0,3486.575,0.04493684671283549
3490.448516582656,0.0,3487.039,-0.03131593373606134
3490.91403385614,0.0,3487.502,0.02315037511532614
3491.379551129624,0.0,3487.965,-0.018244076749078575
3491.845068403108,0.0,3488.435,-0.03131593373606134
3492.310585676592,0.0,3488.901,0.016614381693027758
3492.7761029500757,0.0,3489.361,0.16476257035675146
3493.24162022356,0.0,3489.827,0.051472710277520095
3493.7071374970437,0.0,3490.292,-0.03131593373606134
3494.1726547705275,0.0,3490.758,0.02315037511532614
3494.6381720440118,0.0,3491.224,-0.03131593373606134
3495.1036893174955,0.0,3491.69,0.018793002881255738
3495.5692065909793,0.0,3492.153,0.06454469712211686
3496.0347238644636,0.0,3492.616,0.02750761749178232
3496.5002411379473,0.0,3493.08,0.02097162406948394
3496.9657584114316,0.0,3493.55,0.036222232102308904
3497.4312756849154,0.0,3494.013,0.04929408908929189
3497.896792958399,0.0,3494.475,0.02315037511532614
3498.3623102318834,0.0,3494.941,-0.02913731254783336
3498.827827505367,0.0,3495.411,0.07761655410909962
3499.293344778851,0.0,3495.87,-0.02913731254783336
3499.758862052335,0.0,3496.339,0.014435760504799555
3500.224379325819,0.0,3496.804,-0.013886704515008397
3500.689896599303,0.0,3497.269,-0.03131593373606134
3501.155413872787,0.0,3497.735,0.014435760504799555
3501.620931146271,0.0,3498.202,0.06236594607627466
3502.086448419755,0.0,3498.66,0.007899767082501175
3502.551965693239,0.0,3499.128,0.02315037511532614
3503.0174829667226,0.0,3499.59,-0.020422697937306777
3503.483000240207,0.0,3500.058,-0.005172089904481814
3503.9485175136906,0.0,3500.52,0.02315037511532614
3504.4140347871744,0.0,3500.991,0.02315037511532614
3504.8795520606586,0.0,3501.453,-0.07706749811930846
3505.3450693341424,0.0,3501.919,-0.026958561501991163
3505.8105866076266,0.0,3502.382,-0.03131593373606134
3506.2761038811104,0.0,3502.848,0.02315037511532614
3506.741621154594,0.0,3503.313,0.018793002881255738
3507.2071384280785,0.0,3503.779,-0.02260131912553498
3507.6726557015622,0.0,3504.243,-0.02477994031376296
3508.138172975046,0.0,3504.708,0.014435760504799555
3508.6036902485303,0.0,3505.172,0.02750761749178232
3509.069207522014,0.0,3505.638,0.02315037511532614
3509.534724795498,0.0,3506.106,-0.03131593373606134
3510.000242068982,0.0,3506.568,0.02315037511532614
3510.465759342466,0.0,3507.036,0.02097162406948394
3510.93127661595,0.0,3507.498,0.02315037511532614
3511.396793889434,0.0,3507.969,-0.055281026521799115
3511.8623111629176,0.0,3508.431,-0.002993468716253611
3512.327828436402,0.0,3508.89,0.02315037511532614
3512.7933457098857,0.0,3509.357,0.02315037511532614
3513.2588629833695,0.0,3509.823,0.02097162406948394
3513.7243802568537,0.0,3510.287,0.018793002881255738
3514.1898975303375,0.0,3510.753,0.02750761749178232
3514.6554148038213,0.0,3511.218,0.02315037511532614
3515.1209320773055,0.0,3511.683,-0.3668278820244575
3515.5864493507893,0.0,3512.146,0.02097162406948394
3516.0519666242735,0.0,3512.616,-0.013886704515008397
3516.5174838977573,0.0,3513.08,-0.03131593373606134
3516.983001171241,0.0,3513.542,0.007899767082501175
3517.4485184447253,0.0,3514.006,-0.13153380697069594
3517.914035718209,0.0,3514.476,-0.033494554924289544
3518.379552991693,0.0,3514.942,-0.0008148475280254086
3518.845070265177,0.0,3515.404,-0.035673176112517746
3519.310587538661,0.0,3515.87,0.02315037511532614
3519.776104812145,0.0,3516.335,0.02315037511532614
3520.241622085629,0.0,3516.8,-0.03131593373606134
3520.7071393591127,0.0,3517.265,-0.02913731254783336
3521.172656632597,0.0,3517.731,-0.002993468716253611
3521.6381739060807,0.0,3518.191,0.04929408908929189
3522.1036911795645,0.0,3518.657,-0.05092378414534271
3522.5692084530488,0.0,3519.121,0.029686238680010524
3523.0347257265325,0.0,3519.591,0.02315037511532614
3523.5002430000163,0.0,3520.054,-0.03131593373606134
3523.9657602735006,0.0,3520.516,0.018793002881255738
3524.4312775469843,0.0,3520.984,0.016614381693027758
3524.8967948204686,0.0,3521.447,-0.013886704515008397
3525.3623120939524,0.0,3521.912,0.02532899630355412
3525.827829367436,0.0,3522.38,0.02750761749178232
3526.2933466409204,0.0,3522.845,0.014435760504799555
3526.758863914404,0.0,3523.305,0.02315037511532614
3527.224381187888,0.0,3523.771,-0.0639956411323257
3527.689898461372,0.0,3524.235,-0.02477994031376296
3528.155415734856,0.0,3524.701,0.031864859868238726
3528.6209330083398,0.0,3525.166,0.02532899630355412
3529.086450281824,0.0,3525.631,-0.03131593373606134
3529.551967555308,0.0,3526.102,-0.03131593373606134
3530.017484828792,0.0,3526.565,0.02315037511532614
3530.483002102276,0.0,3527.028,-0.03131593373606134
3530.9485193757596,0.0,3527.491,0.014435760504799555
3531.414036649244,0.0,3527.957,-0.07488887693108026
3531.8795539227276,0.0,3528.421,0.02532899630355412
3532.3450711962114,0.0,3528.887,-0.10756858432734462
3532.8105884696956,0.0,3529.355,-0.03131593373606134
3533.2761057431794,0.0,3529.821,0.018793002881255738
3533.7416230166637,0.0,3530.281,-0.03131593373606134
3534.2071402901474,0.0,3530.746,0.02315037511532614
3534.672657563631,0.0,3531.213,-0.005172089904481814
3535.1381748371155,0.0,3531.679,0.02315037511532614
3535.6036921105992,0.0,3532.146,0.02315037511532614
3536.069209384083,0.0,3532.608,-0.03131593373606134
3536.5347266575673,0.0,3533.077,0.005721145894272972
3537.000243931051,0.0,3533.539,0.02315037511532614
3537.465761204535,0.0,3534.002,0.014435760504799555
3537.931278478019,0.0,3534.465,-0.055281026521799115
3538.396795751503,0.0,3534.931,0.02315037511532614
3538.862313024987,0.0,3535.401,-0.007350711092710016
3539.327830298471,0.0,3535.866,0.018793002881255738
3539.7933475719547,0.0,3536.331,-0.03131593373606134
3540.258864845439,0.0,3536.79,-0.026958561501991163
3540.7243821189227,0.0,3537.258,-0.02913731254783336
3541.1898993924065,0.0,3537.723,0.02315037511532614
3541.6554166658907,0.0,3538.188,0.02315037511532614
3542.1209339393745,0.0,3538.653,-0.026958561501991163
3542.5864512128583,0.0,3539.117,0.02315037511532614
3543.0519684863425,0.0,3539.586,0.02315037511532614
3543.5174857598263,0.0,3540.047,-0.02260131912553498
3543.9830030333105,0.0,3540.516,-0.03131593373606134
3544.4485203067943,0.0,3540.98,0.018793002881255738
3544.914037580278,0.0,3541.442,-0.013886704515008397
3545.3795548537623,0.0,3541.908,0.02532899630355412
3545.845072127246,0.0,3542.372,0.014435760504799555
3546.31058940073,0.0,3542.838,0.029686238680010524
3546.776106674214,0.0,3543.303,-0.02260131912553498
3547.241623947698,0.0,3543.768,0.02315037511532614
3547.7071412211817,0.0,3544.236,0.014435760504799555
3548.172658494666,0.0,3544.702,-0.03131593373606134
3548.6381757681497,0.0,3545.162,0.016614381693027758
3549.103693041634,0.0,3545.627,-0.026958561501991163
3549.5692103151177,0.0,3546.095,-0.02260131912553498
3550.0347275886015,0.0,3546.557,0.02532899630355412
3550.5002448620858,0.0,3547.025,-0.03131593373606134
3550.9657621355695,0.0,3547.487,-0.3493986528034043
3551.4312794090533,0.0,3547.952,0.02315037511532614
3551.8967966825376,0.0,3548.417,0.058008703699818476
3552.3623139560214,0.0,3548.882,0.012257139316571353
3552.8278312295056,0.0,3549.347,0.41966449581979415
3553.2933485029894,0.0,3549.813,0.1473333411356983
3553.758865776473,0.0,3550.28,0.12772549072641692
3554.2243830499574,0.0,3550.746,0.014435760504799555
3554.689900323441,0.0,3551.206,0.04929408908929189
3555.155417596925,0.0,3551.671,0.014435760504799555
3555.620934870409,0.0,3552.139,-0.033494554924289544
3556.086452143893,0.0,3552.602,0.031864859868238726
3556.5519694173768,0.0,3553.065,-0.03785179730074595
3557.017486690861,0.0,3553.535,-0.009529462138551992
3557.483003964345,0.0,3553.998,0.02315037511532614
3557.948521237829,0.0,3554.461,-0.03131593373606134
3558.414038511313,0.0,3554.927,0.02315037511532614
3558.8795557847966,0.0,3555.39,0.051472710277520095
3559.345073058281,0.0,3555.857,-0.02260131912553498
3559.8105903317646,0.0,3556.321,-0.02913731254783336
3560.2761076052484,0.0,3556.787,0.029686238680010524
3560.7416248787326,0.0,3557.254,-0.020422697937306777
3561.2071421522164,0.0,3557.719,0.007899767082501175
3561.6726594257,0.0,3558.184,0.21922874935052494
3562.1381766991844,0.0,3558.65,0.11029626150536376
3562.603693972668,0.0,3559.113,0.005721145894272972
3563.0692112461525,0.0,3559.576,0.02532899630355412
3563.5347285196362,0.0,3560.046,0.02315037511532614
3564.00024579312,0.0,3560.509,0.014435760504799555
3564.4657630666043,0.0,3560.977,-0.05963839875586929
3564.931280340088,0.0,3561.439,0.05583008251159027
3565.396797613572,0.0,3561.905,0.018793002881255738
3565.862314887056,0.0,3562.369,-0.03131593373606134
3566.32783216054,0.0,3562.835,0.02315037511532614
3566.793349434024,0.0,3563.302,-0.02260131912553498
3567.258866707508,0.0,3563.76,-0.013886704515008397
3567.7243839809917,0.0,3564.231,0.029686238680010524
3568.189901254476,0.0,3564.69,0.02315037511532614
3568.6554185279597,0.0,3565.161,-0.033494554924289544
3569.1209358014435,0.0,3565.62,-0.03131593373606134
3569.5864530749277,0.0,3566.091,-0.007350711092710016
3570.0519703484115,0.0,3566.554,0.036222232102308904
3570.5174876218953,0.0,3567.017,0.051472710277520095
3570.9830048953795,0.0,3567.48,-0.02477994031376296
3571.4485221688633,0.0,3567.946,0.02315037511532614
3571.9140394423475,0.0,3568.416,0.07543793292087142
3572.3795567158313,0.0,3568.882,0.014435760504799555
3572.845073989315,0.0,3569.346,-0.03131593373606134
3573.3105912627993,0.0,3569.805,-0.03131593373606134
3573.776108536283,0.0,3570.277,0.02097162406948394
3574.241625809767,0.0,3570.735,0.0013637736602027939
3574.707143083251,0.0,3571.202,0.02315037511532614
3575.172660356735,0.0,3571.667,-0.05092378414534271
3575.6381776302187,0.0,3572.135,-0.03131593373606134
3576.103694903703,0.0,3572.598,0.029686238680010524
3576.5692121771867,0.0,3573.065,0.02315037511532614
3577.034729450671,0.0,3573.528,0.02315037511532614
3577.5002467241547,0.0,3573.991,0.02315037511532614
3577.9657639976385,0.0,3574.46,0.005721145894272972
3578.4312812711228,0.0,3574.926,0.02097162406948394
3578.8967985446066,0.0,3575.391,0.014435760504799555
3579.3623158180903,0.0,3575.856,-0.02913731254783336
3579.8278330915746,0.0,3576.321,-0.007350711092710016
3580.2933503650584,0.0,3576.787,0.02097162406948394
3580.758867638542,0.0,3577.246,-0.03131593373606134
3581.2243849120264,0.0,3577.712,0.018793002881255738
3581.68990218551,0.0,3578.18,-0.0661742623205539
3582.1554194589944,0.0,3578.646,0.07979517529732782
3582.620936732478,0.0,3579.109,-0.005172089904481814
3583.086454005962,0.0,3579.572,0.018793002881255738
3583.551971279446,0.0,3580.035,-0.020422697937306777
3584.01748855293,0.0,3580.505,0.010078388270729377
3584.483005826414,0.0,3580.965,0.02097162406948394
3584.948523099898,0.0,3581.435,0.02315037511532614
3585.414040373382,0.0,3581.9,0.0013637736602027939
3585.879557646866,0.0,3582.365,0.02097162406948394
3586.34507492035,0.0,3582.831,0.16694119154497944
3586.8105921938336,0.0,3583.29,-0.013886704515008397
3587.276109467318,0.0,3583.756,0.014435760504799555
3587.7416267408016,0.0,3584.221,0.02097162406948394
3588.2071440142854,0.0,3584.687,-0.020422697937306777
3588.6726612877696,0.0,3585.15,-0.02260131912553498
3589.1381785612534,0.0,3585.621,0.016614381693027758
3589.603695834737,0.0,3586.084,-0.02260131912553498
3590.0692131082214,0.0,3586.546,0.005721145894272972
3590.5347303817052,0.0,3587.017,0.016614381693027758
3591.0002476551895,0.0,3587.479,-0.0160653257032366
3591.4657649286733,0.0,3587.945,0.02097162406948394
3591.931282202157,0.0,3588.408,-0.020422697937306777
3592.3967994756413,0.0,3588.873,0.02315037511532614
3592.862316749125,0.0,3589.339,-0.02260131912553498
3593.327834022609,0.0,3589.805,0.02315037511532614
3593.793351296093,0.0,3590.269,0.02532899630355412
3594.258868569577,0.0,3590.735,-0.02260131912553498
3594.7243858430606,0.0,3591.195,0.02315037511532614
3595.189903116545,0.0,3591.66,-0.040030548346587924
3595.6554203900287,0.0,3592.128,-0.026958561501991163
3596.120937663513,0.0,3592.59,-0.0008148475280254086
3596.5864549369967,0.0,3593.061,0.02097162406948394
3597.0519722104805,0.0,3593.524,-0.02260131912553498
3597.5174894839647,0.0,3593.987,0.018793002881255738
3597.9830067574485,0.0,3594.45,-0.020422697937306777
3598.4485240309323,0.0,3594.915,0.014435760504799555
3598.9140413044165,0.0,3595.38,0.007899767082501175
3599.3795585779003,0.0,3595.845,0.07325931173264344
3599.8450758513845,0.0,3596.31,0.02315037511532614
3600.3105931248683,0.0,3596.776,0.02315037511532614
3600.776110398352,0.0,3597.243,0.02097162406948394
3601.2416276718363,0.0,3597.709,-0.035673176112517746
3601.70714494532,0.0,3598.173,-0.03131593373606134
3602.172662218804,0.0,3598.639,0.012257139316571353
3602.638179492288,0.0,3599.102,-0.02913731254783336
3603.103696765772,0.0,3599.565,0.016614381693027758
3603.5692140392557,0.0,3600.035,0.005721145894272972
3604.03473131274,0.0,3600.498,-0.03131593373606134
3604.5002485862237,0.0,3600.969,-0.026958561501991163
3604.965765859708,0.0,3601.431,0.02097162406948394
3605.4312831331918,0.0,3601.896,-0.061817019944097495
3605.8968004066755,0.0,3602.361,-0.03131593373606134
3606.36231768016,0.0,3602.82,-0.02260131912553498
3606.8278349536436,0.0,3603.292,0.007899767082501175
3607.2933522271273,0.0,3603.75,0.014435760504799555
3607.7588695006116,0.0,3604.216,0.031864859868238726
3608.2243867740954,0.0,3604.682,-0.23175168020533055
3608.689904047579,0.0,3605.15,0.0013637736602027939
3609.1554213210634,0.0,3605.613,0.02315037511532614
3609.620938594547,0.0,3606.076,-0.02477994031376296
3610.0864558680314,0.0,3606.546,-0.02260131912553498
3610.551973141515,0.0,3607.01,0.014435760504799555
3611.017490414999,0.0,3607.472,-0.020422697937306777
3611.483007688483,0.0,3607.938,0.02315037511532614
3611.948524961967,0.0,3608.4,-0.005172089904481814
3612.414042235451,0.0,3608.866,0.02315037511532614
3612.879559508935,0.0,3609.332,-0.02260131912553498
3613.345076782419,0.0,3609.798,0.018793002881255738
3613.8105940559026,0.0,3610.265,0.02532899630355412
3614.276111329387,0.0,3610.731,-0.04874516295711451
3614.7416286028706,0.0,3611.195,-0.03131593373606134
3615.207145876355,0.0,3611.661,0.031864859868238726
3615.6726631498386,0.0,3612.124,-0.03131593373606134
3616.1381804233224,0.0,3612.586,0.02315037511532614
3616.6036976968066,0.0,3613.054,0.02315037511532614
3617.0692149702904,0.0,3613.517,-0.03131593373606134
3617.534732243774,0.0,3613.98,0.005721145894272972
3618.0002495172585,0.0,3614.45,0.0340436109140807
3618.4657667907422,0.0,3614.916,-0.02260131912553498
3618.9312840642265,0.0,3615.379,0.014435760504799555
3619.3968013377103,0.0,3615.845,-0.0160653257032366
3619.862318611194,0.0,3616.309,-0.0639956411323257
3620.3278358846783,0.0,3616.775,0.042758225524607285
3620.793353158162,0.0,3617.239,0.02097162406948394
3621.258870431646,0.0,3617.704,-0.035673176112517746
3621.72438770513,0.0,3618.169,-0.03131593373606134
3622.189904978614,0.0,3618.635,0.014435760504799555
3622.6554222520977,0.0,3619.095,-0.026958561501991163
3623.120939525582,0.0,3619.564,-0.005172089904481814
3623.5864567990657,0.0,3620.028,0.018793002881255738
3624.05197407255,0.0,3620.49,-0.02260131912553498
3624.5174913460337,0.0,3620.957,0.02315037511532614
3624.9830086195175,0.0,3621.422,0.029686238680010524
3625.4485258930017,0.0,3621.888,0.02315037511532614
3625.9140431664855,0.0,3622.354,-0.009529462138551992
3626.3795604399693,0.0,3622.82,0.02315037511532614
3626.8450777134535,0.0,3623.284,0.02315037511532614
3627.3105949869373,0.0,3623.75,-0.03131593373606134
3627.776112260421,0.0,3624.216,0.014435760504799555
3628.2416295339053,0.0,3624.675,-0.3668278820244575
3628.707146807389,0.0,3625.143,0.005721145894272972
3629.1726640808733,0.0,3625.605,0.02315037511532614
3629.638181354357,0.0,3626.073,0.016614381693027758
3630.103698627841,0.0,3626.535,-0.07706749811930846
3630.569215901325,0.0,3627.006,0.02315037511532614
3631.034733174809,0.0,3627.468,-0.020422697937306777
3631.5002504482927,0.0,3627.934,0.018793002881255738
3631.965767721777,0.0,3628.397,-0.03131593373606134
3632.4312849952607,0.0,3628.862,0.018793002881255738
3632.896802268745,0.0,3629.328,-0.02260131912553498
3633.3623195422288,0.0,3629.794,0.02315037511532614
3633.8278368157125,0.0,3630.258,0.018793002881255738
3634.293354089197,0.0,3630.724,-0.03785179730074595
3634.7588713626806,0.0,3631.191,-0.03131593373606134
3635.2243886361643,0.0,3631.65,-0.02260131912553498
3635.6899059096486,0.0,3632.121,-0.05963839875586929
3636.1554231831324,0.0,3632.583,0.02315037511532614
3636.620940456616,0.0,3633.05,0.018793002881255738
3637.0864577301004,0.0,3633.513,-0.0160653257032366
3637.551975003584,0.0,3633.976,0.02315037511532614
3638.0174922770684,0.0,3634.446,0.02532899630355412
3638.483009550552,0.0,3634.912,-0.04438779072304433
3638.948526824036,0.0,3635.376,0.007899767082501175
3639.41404409752,0.0,3635.842,0.02315037511532614
3639.879561371004,0.0,3636.305,-0.002993468716253611
3640.345078644488,0.0,3636.771,0.02315037511532614
3640.810595917972,0.0,3637.231,0.02750761749178232
3641.276113191456,0.0,3637.696,0.02315037511532614
3641.7416304649396,0.0,3638.162,-0.026958561501991163
3642.207147738424,0.0,3638.628,0.0340436109140807
3642.6726650119076,0.0,3639.091,-0.02477994031376296
3643.138182285392,0.0,3639.561,-0.026958561501991163
3643.6036995588756,0.0,3640.024,0.014435760504799555
3644.0692168323594,0.0,3640.487,-0.1576775209446617
3644.5347341058437,0.0,3640.953,-0.02477994031376296
3645.0002513793274,0.0,3641.416,0.018793002881255738
3645.465768652811,0.0,3641.882,-0.040030548346587924
3645.9312859262955,0.0,3642.346,-0.02913731254783336
3646.3968031997792,0.0,3642.812,-0.03785179730074595
3646.862320473263,0.0,3643.276,-0.02913731254783336
3647.3278377467473,0.0,3643.741,0.012257139316571353
3647.793355020231,0.0,3644.206,0.007899767082501175
3648.2588722937153,0.0,3644.671,-0.061817019944097495
3648.724389567199,0.0,3645.139,-0.026958561501991163
3649.189906840683,0.0,3645.601,0.02315037511532614
3649.655424114167,0.0,3646.069,0.014435760504799555
3650.120941387651,0.0,3646.532,-0.03131593373606134
3650.5864586611347,0.0,3646.995,0.029686238680010524
3651.051975934619,0.0,3647.465,0.02097162406948394
3651.5174932081027,0.0,3647.93,-0.05745964771002732
3651.983010481587,0.0,3648.393,0.018793002881255738
3652.4485277550707,0.0,3648.859,-0.0160653257032366
3652.9140450285545,0.0,3649.324,0.05583008251159027
3653.3795623020387,0.0,3649.79,0.02315037511532614
3653.8450795755225,0.0,3650.254,0.018793002881255738
3654.3105968490063,0.0,3650.719,-0.07706749811930846
3654.7761141224905,0.0,3651.184,-0.020422697937306777
3655.2416313959743,0.0,3651.65,0.0035425247060447695
3655.707148669458,0.0,3652.113,0.10376039794067937
3656.1726659429423,0.0,3652.575,0.02532899630355412
3656.638183216426,0.0,3653.043,0.018793002881255738
3657.1037004899104,0.0,3653.505,-0.02477994031376296
3657.569217763394,0.0,3653.976,-0.02260131912553498
3658.034735036878,0.0,3654.439,0.02315037511532614
3658.500252310362,0.0,3654.904,-0.03131593373606134
3658.965769583846,0.0,3655.372,-0.02913731254783336
3659.4312868573297,0.0,3655.83,-0.03131593373606134
3659.896804130814,0.0,3656.295,0.02097162406948394
3660.3623214042977,0.0,3656.761,-0.02260131912553498
3660.8278386777815,0.0,3657.228,0.016614381693027758
3661.2933559512658,0.0,3657.694,-0.02260131912553498
3661.7588732247495,0.0,3658.166,0.005721145894272972
3662.224390498234,0.0,3658.624,0.02315037511532614
3662.6899077717176,0.0,3659.087,0.051472710277520095
3663.1554250452014,0.0,3659.557,-0.02260131912553498
3663.6209423186856,0.0,3660.017,-0.013886704515008397
3664.0864595921694,0.0,3660.48,-0.0160653257032366
3664.551976865653,0.0,3660.945,0.016614381693027758
3665.0174941391374,0.0,3661.416,0.02315037511532614
3665.483011412621,0.0,3661.881,-0.02913731254783336
3665.948528686105,0.0,3662.346,0.007899767082501175
3666.414045959589,0.0,3662.812,0.02315037511532614
3666.879563233073,0.0,3663.276,0.018793002881255738
3667.345080506557,0.0,3663.741,-0.07924624916515066
3667.810597780041,0.0,3664.206,-0.020422697937306777
3668.276115053525,0.0,3664.671,0.016614381693027758
3668.741632327009,0.0,3665.132,-0.03131593373606134
3669.207149600493,0.0,3665.595,0.02315037511532614
3669.6726668739766,0.0,3666.065,0.007899767082501175
3670.138184147461,0.0,3666.527,-0.040030548346587924
3670.6037014209446,0.0,3666.991,0.1952636565647874
3671.069218694429,0.0,3667.461,0.02315037511532614
3671.5347359679126,0.0,3667.926,-0.03131593373606134
3672.0002532413964,0.0,3668.39,-0.09013948496390523
3672.4657705148807,0.0,3668.856,0.0340436109140807
3672.9312877883644,0.0,3669.32,0.15604795574622488
3673.396805061848,0.0,3669.786,0.02315037511532614
3673.8623223353325,0.0,3670.251,0.005721145894272972
3674.3278396088162,0.0,3670.717,-0.03131593373606134
3674.7933568823,0.0,3671.176,-0.02260131912553498
3675.2588741557843,0.0,3671.642,0.005721145894272972
3675.724391429268,0.0,3672.105,-0.02260131912553498
3676.1899087027523,0.0,3672.575,-0.033494554924289544
3676.655425976236,0.0,3673.036,0.018793002881255738
3677.12094324972,0.0,3673.505,0.0013637736602027939
3677.586460523204,0.0,3673.965,-0.026958561501991163
3678.051977796688,0.0,3674.435,0.007899767082501175
3678.5174950701717,0.0,3674.9,-0.05963839875586929
3678.983012343656,0.0,3675.365,-0.03131593373606134
3679.4485296171397,0.0,3675.83,0.02315037511532614
3679.9140468906235,0.0,3676.295,0.014435760504799555
3680.3795641641077,0.0,3676.761,-0.02913731254783336
3680.8450814375915,0.0,3677.221,-0.02477994031376296
3681.3105987110757,0.0,3677.687,0.0340436109140807
3681.7761159845595,0.0,3678.15,0.02315037511532614
3682.2416332580433,0.0,3678.62,0.02315037511532614
3682.7071505315275,0.0,3679.08,0.02315037511532614
3683.1726678050113,0.0,3679.55,-0.013886704515008397
3683.638185078495,0.0,3680.013,0.2475512143703329
3684.1037023519793,0.0,3680.476,0.02315037511532614
3684.569219625463,0.0,3680.941,-0.0008148475280254086
3685.0347368989474,0.0,3681.412,0.007899767082501175
3685.500254172431,0.0,3681.87,0.02315037511532614
3685.965771445915,0.0,3682.335,-0.03131593373606134
3686.431288719399,0.0,3682.801,0.012257139316571353
3686.896805992883,0.0,3683.266,0.014435760504799555
3687.3623232663667,0.0,3683.731,-0.03131593373606134
3687.827840539851,0.0,3684.198,-0.02913731254783336
3688.2933578133348,0.0,3684.664,0.02532899630355412
3688.7588750868185,0.0,3685.125,0.0013637736602027939
3689.2243923603028,0.0,3685.594,-0.03131593373606134
3689.6899096337866,0.0,3686.058,0.014435760504799555
3690.155426907271,0.0,3686.52,-0.026958561501991163
3690.6209441807546,0.0,3686.991,-0.02260131912553498
3691.0864614542384,0.0,3687.453,0.02315037511532614
3691.5519787277226,0.0,3687.919,-0.033494554924289544
3692.0174960012064,0.0,3688.383,-0.061817019944097495
3692.48301327469,0.0,3688.848,0.16476257035675146
3692.9485305481744,0.0,3689.314,0.02315037511532614
3693.414047821658,0.0,3689.779,-0.03131593373606134
3693.879565095142,0.0,3690.246,0.02315037511532614
3694.345082368626,0.0,3690.705,-0.020422697937306777
3694.81059964211,0.0,3691.177,0.02315037511532614
3695.2761169155942,0.0,3691.635,0.02315037511532614
3695.741634189078,0.0,3692.102,0.014435760504799555
3696.207151462562,0.0,3692.565,0.005721145894272972
3696.672668736046,0.0,3693.035,0.1342614841487153
3697.13818600953,0.0,3693.498,0.016614381693027758
3697.6037032830136,0.0,3693.969,0.02315037511532614
3698.069220556498,0.0,3694.431,0.005721145894272972
3698.5347378299816,0.0,3694.89,-0.026958561501991163
3699.0002551034654,0.0,3695.362,0.02097162406948394
3699.4657723769496,0.0,3695.82,0.018793002881255738
3699.9312896504334,0.0,3696.288,0.02097162406948394
3700.3968069239177,0.0,3696.753,-0.03131593373606134
3700.8623241974014,0.0,3697.221,-0.05745964771002732
3701.3278414708852,0.0,3697.686,0.02315037511532614
3701.7933587443695,0.0,3698.146,-0.02913731254783336
3702.2588760178533,0.0,3698.616,-0.018244076749078575
3702.724393291337,0.0,3699.08,0.02315037511532614
3703.1899105648213,0.0,3699.542,0.005721145894272972
3703.655427838305,0.0,3700.01,-0.02913731254783336
3704.1209451117893,0.0,3700.472,0.02532899630355412
3704.586462385273,0.0,3700.938,-0.03131593373606134
3705.051979658757,0.0,3701.401,0.036222232102308904
3705.517496932241,0.0,3701.867,-0.03131593373606134
3705.983014205725,0.0,3702.332,-0.02913731254783336
3706.4485314792087,0.0,3702.798,0.007899767082501175
3706.914048752693,0.0,3703.265,0.02097162406948394
3707.3795660261767,0.0,3703.731,-0.02260131912553498
3707.8450832996605,0.0,3704.195,-0.007350711092710016
3708.3106005731447,0.0,3704.661,0.014435760504799555
3708.7761178466285,0.0,3705.124,0.031864859868238726
3709.2416351201127,0.0,3705.586,0.018793002881255738
3709.7071523935965,0.0,3706.054,-0.06835288350878188
3710.1726696670803,0.0,3706.517,0.07325931173264344
3710.6381869405645,0.0,3706.98,-0.05745964771002732
3711.1037042140483,0.0,3707.45,0.018793002881255738
3711.569221487532,0.0,3707.915,-0.020422697937306777
3712.0347387610163,0.0,3708.379,-0.02260131912553498
3712.5002560345,0.0,3708.845,0.02532899630355412
3712.965773307984,0.0,3709.31,0.0340436109140807
3713.431290581468,0.0,3709.776,-0.02260131912553498
3713.896807854952,0.0,3710.236,0.02315037511532614
3714.362325128436,0.0,3710.701,-0.0160653257032366
3714.82784240192,0.0,3711.166,-0.005172089904481814
3715.2933596754037,0.0,3711.632,0.02097162406948394
3715.758876948888,0.0,3712.095,0.0340436109140807
3716.2243942223718,0.0,3712.564,-0.040030548346587924
3716.6899114958555,0.0,3713.025,0.02315037511532614
3717.15542876934,0.0,3713.494,0.014435760504799555
3717.6209460428236,0.0,3713.965,0.02315037511532614
3718.086463316308,0.0,3714.42,0.02315037511532614
3718.5519805897916,0.0,3714.886,-0.03131593373606134
3719.0174978632754,0.0,3715.351,-0.0160653257032366
3719.4830151367596,0.0,3715.817,-0.05745964771002732
3719.9485324102434,0.0,3716.283,-0.03131593373606134
3720.414049683727,0.0,3716.749,-0.061817019944097495
3720.8795669572114,0.0,3717.213,-0.020422697937306777
3721.345084230695,0.0,3717.678,-0.05963839875586929
3721.810601504179,0.0,3718.146,0.02315037511532614
3722.276118777663,0.0,3718.609,0.02097162406948394
3722.741636051147,0.0,3719.072,0.029686238680010524
3723.2071533246312,0.0,3719.535,-0.026958561501991163
3723.672670598115,0.0,3720.006,-0.02913731254783336
3724.138187871599,0.0,3720.468,0.018793002881255738
3724.603705145083,0.0,3720.934,-0.03131593373606134
3725.069222418567,0.0,3721.397,-0.02913731254783336
3725.5347396920506,0.0,3721.863,-0.02477994031376296
3726.000256965535,0.0,3722.328,0.3477690876049673
3726.4657742390186,0.0,3722.793,0.02315037511532614
3726.9312915125024,0.0,3723.258,-0.03131593373606134
3727.3968087859867,0.0,3723.724,0.02750761749178232
3727.8623260594704,0.0,3724.191,-0.020422697937306777
3728.3278433329547,0.0,3724.657,0.036222232102308904
3728.7933606064385,0.0,3725.117,0.02097162406948394
3729.2588778799222,0.0,3725.586,-0.03131593373606134
3729.7243951534065,0.0,3726.05,-0.033494554924289544
3730.1899124268903,0.0,3726.512,0.16476257035675146
3730.655429700374,0.0,3726.976,-0.02913731254783336
3731.1209469738583,0.0,3727.446,-0.026958561501991163
3731.586464247342,0.0,3727.912,0.029686238680010524
3732.051981520826,0.0,3728.376,-0.011708083326780194
3732.51749879431,0.0,3728.841,0.018793002881255738
3732.983016067794,0.0,3729.306,0.007899767082501175
3733.448533341278,0.0,3729.765,-0.02913731254783336
3733.914050614762,0.0,3730.231,0.02097162406948394
3734.3795678882457,0.0,3730.697,-0.02260131912553498
3734.84508516173,0.0,3731.162,-0.02260131912553498
3735.3106024352137,0.0,3731.627,0.018793002881255738
3735.7761197086975,0.0,3732.094,-0.0008148475280254086
3736.2416369821817,0.0,3732.557,-0.02260131912553498
3736.7071542556655,0.0,3733.025,-0.02260131912553498
3737.1726715291497,0.0,3733.487,0.018793002881255738
3737.6381888026335,0.0,3733.953,0.018793002881255738
3738.1037060761173,0.0,3734.416,-0.03131593373606134
3738.5692233496015,0.0,3734.883,0.02315037511532614
3739.0347406230853,0.0,3735.35,0.16476257035675146
3739.500257896569,0.0,3735.816,-0.002993468716253611
3739.9657751700533,0.0,3736.28,-0.03131593373606134
3740.431292443537,0.0,3736.746,0.02097162406948394
3740.896809717021,0.0,3737.206,-0.018244076749078575
3741.362326990505,0.0,3737.672,0.04057947447876531
3741.827844263989,0.0,3738.14,0.02097162406948394
3742.293361537473,0.0,3738.602,0.02097162406948394
3742.758878810957,0.0,3739.065,0.014435760504799555
3743.2243960844407,0.0,3739.534,-0.020422697937306777
3743.689913357925,0.0,3739.995,-0.02260131912553498
3744.1554306314088,0.0,3740.465,0.014435760504799555
3744.6209479048925,0.0,3740.93,-0.020422697937306777
3745.086465178377,0.0,3741.393,0.012257139316571353
3745.5519824518606,0.0,3741.859,-0.020422697937306777
3746.0174997253444,0.0,3742.324,0.02532899630355412
3746.4830169988286,0.0,3742.789,-0.002993468716253611
3746.9485342723124,0.0,3743.253,0.02097162406948394
3747.4140515457966,0.0,3743.719,-0.011708083326780194
3747.8795688192804,0.0,3744.184,-0.005172089904481814
3748.345086092764,0.0,3744.65,-0.005172089904481814
3748.8106033662484,0.0,3745.113,0.018793002881255738
3749.276120639732,0.0,3745.575,0.014435760504799555
3749.741637913216,0.0,3746.043,-0.002993468716253611
3750.2071551867,0.0,3746.505,-0.3690065032126857
3750.672672460184,0.0,3746.976,0.031864859868238726
3751.1381897336682,0.0,3747.439,0.38698478842353
3751.603707007152,0.0,3747.904,0.029686238680010524
3752.069224280636,0.0,3748.369,0.02315037511532614
3752.53474155412,0.0,3748.835,-0.02913731254783336
3753.000258827604,0.0,3749.295,0.02315037511532614
3753.4657761010876,0.0,3749.76,0.02315037511532614
3753.931293374572,0.0,3750.231,-0.02260131912553498
3754.3968106480556,0.0,3750.697,0.02097162406948394
3754.8623279215394,0.0,3751.161,0.018793002881255738
3755.3278451950237,0.0,3751.62,0.012257139316571353
3755.7933624685074,0.0,3752.087,0.02097162406948394
3756.2588797419917,0.0,3752.55,-0.02913731254783336
3756.7243970154755,0.0,3753.02,-0.026958561501991163
3757.1899142889592,0.0,3753.483,-0.002993468716253611
3757.6554315624435,0.0,3753.949,-0.009529462138551992
3758.1209488359273,0.0,3754.412,0.018793002881255738
3758.586466109411,0.0,3754.877,-0.03131593373606134
3759.0519833828953,0.0,3755.342,0.031864859868238726
3759.517500656379,0.0,3755.808,0.02315037511532614
3759.983017929863,0.0,3756.272,0.031864859868238726
3760.448535203347,0.0,3756.738,-0.02260131912553498
3760.914052476831,0.0,3757.202,0.014435760504799555
3761.379569750315,0.0,3757.667,0.02315037511532614
3761.845087023799,0.0,3758.135,0.014435760504799555
3762.3106042972827,0.0,3758.597,-0.04438779072304433
3762.776121570767,0.0,3759.065,-0.03131593373606134
3763.2416388442507,0.0,3759.528,0.02097162406948394
3763.7071561177345,0.0,3759.991,-0.03131593373606134
3764.1726733912187,0.0,3760.461,0.02315037511532614
3764.6381906647025,0.0,3760.926,-0.020422697937306777
3765.1037079381863,0.0,3761.39,-0.026958561501991163
3765.5692252116705,0.0,3761.856,0.02097162406948394
3766.0347424851543,0.0,3762.32,0.02315037511532614
3766.5002597586385,0.0,3762.785,-0.03131593373606134
3766.9657770321223,0.0,3763.25,-0.026958561501991163
3767.431294305606,0.0,3763.716,-0.013886704515008397
3767.8968115790904,0.0,3764.181,0.02315037511532614
3768.362328852574,0.0,3764.646,-0.013886704515008397
3768.827846126058,0.0,3765.109,0.014435760504799555
3769.293363399542,0.0,3765.572,-0.03131593373606134
3769.758880673026,0.0,3766.035,-0.005172089904481814
3770.22439794651,0.0,3766.505,0.02097162406948394
3770.689915219994,0.0,3766.969,0.060187324888046456
3771.1554324934777,0.0,3767.431,-0.013886704515008397
3771.620949766962,0.0,3767.897,0.02532899630355412
3772.0864670404458,0.0,3768.362,0.0340436109140807
3772.5519843139296,0.0,3768.828,-0.03131593373606134
3773.017501587414,0.0,3769.294,0.031864859868238726
3773.4830188608976,0.0,3769.76,-0.0160653257032366
3773.9485361343814,0.0,3770.225,0.04057947447876531
3774.4140534078656,0.0,3770.691,0.014435760504799555
3774.8795706813494,0.0,3771.154,0.02750761749178232
3775.3450879548336,0.0,3771.616,-0.05745964771002732
3775.8106052283174,0.0,3772.08,0.02315037511532614
3776.276122501801,0.0,3772.55,0.02532899630355412
3776.7416397752854,0.0,3773.013,-0.03131593373606134
3777.207157048769,0.0,3773.476,0.014435760504799555
3777.672674322253,0.0,3773.941,-0.03131593373606134
3778.138191595737,0.0,3774.411,-0.1119259565614148
3778.603708869221,0.0,3774.87,-0.026958561501991163
3779.069226142705,0.0,3775.335,0.02315037511532614
3779.534743416189,0.0,3775.8,0.04057947447876531
3780.000260689673,0.0,3776.265,-0.040030548346587924
3780.465777963157,0.0,3776.731,0.02315037511532614
3780.931295236641,0.0,3777.195,-0.009529462138551992
3781.3968125101246,0.0,3777.661,0.02315037511532614
3781.862329783609,0.0,3778.131,0.02532899630355412
3782.3278470570926,0.0,3778.594,-0.03131593373606134
3782.7933643305764,0.0,3779.062,-0.026958561501991163
3783.2588816040607,0.0,3779.524,0.02315037511532614
3783.7243988775444,0.0,3779.991,0.018793002881255738
3784.1899161510287,0.0,3780.453,0.018793002881255738
3784.6554334245125,0.0,3780.919,-0.03131593373606134
3785.1209506979962,0.0,3781.382,-0.05745964771002732
3785.5864679714805,0.0,3781.848,0.016614381693027758
3786.0519852449643,0.0,3782.313,0.016614381693027758
3786.517502518448,0.0,3782.778,-0.02913731254783336
3786.9830197919323,0.0,3783.243,0.04711546790106369
3787.448537065416,0.0,3783.709,0.014435760504799555
3787.9140543389,0.0,3784.176,0.02315037511532614
3788.379571612384,0.0,3784.635,0.02315037511532614
3788.845088885868,0.0,3785.102,0.018793002881255738
3789.310606159352,0.0,3785.565,-0.02260131912553498
3789.776123432836,0.0,3786.035,-0.02913731254783336
3790.2416407063197,0.0,3786.498,0.02315037511532614
3790.707157979804,0.0,3786.965,-0.04874516295711451
3791.1726752532877,0.0,3787.428,-0.020422697937306777
3791.6381925267715,0.0,3787.893,0.02097162406948394
3792.1037098002557,0.0,3788.357,0.02315037511532614
3792.5692270737395,0.0,3788.823,0.012257139316571353
3793.0347443472233,0.0,3789.288,-0.06835288350878188
3793.5002616207075,0.0,3789.753,0.2497298355585611
3793.9657788941913,0.0,3790.218,0.05365146132336207
3794.4312961676756,0.0,3790.683,0.014435760504799555
3794.8968134411593,0.0,3791.146,0.02315037511532614
3795.362330714643,0.0,3791.616,-0.02477994031376296
3795.8278479881274,0.0,3792.079,-0.09013948496390523
3796.293365261611,0.0,3792.542,0.012257139316571353
3796.758882535095,0.0,3793.006,-0.03131593373606134
3797.224399808579,0.0,3793.475,0.014435760504799555
3797.689917082063,0.0,3793.941,-0.013886704515008397
3798.1554343555467,0.0,3794.403,0.018793002881255738
3798.620951629031,0.0,3794.869,-0.02260131912553498
3799.0864689025148,0.0,3795.335,0.018793002881255738
3799.551986175999,0.0,3795.801,-0.02260131912553498
3800.017503449483,0.0,3796.261,0.02315037511532614
3800.4830207229666,0.0,3796.726,0.005721145894272972
3800.948537996451,0.0,3797.191,0.07543793292087142
3801.4140552699346,0.0,3797.657,0.02315037511532614
3801.8795725434184,0.0,3798.124,0.02532899630355412
3802.3450898169026,0.0,3798.587,-0.03131593373606134
3802.8106070903864,0.0,3799.05,-0.13153380697069594
3803.2761243638706,0.0,3799.52,0.018793002881255738
3803.7416416373544,0.0,3799.984,0.02097162406948394
3804.207158910838,0.0,3800.446,-0.02260131912553498
3804.6726761843224,0.0,3800.912,0.02315037511532614
3805.138193457806,0.0,3801.376,-0.0160653257032366
3805.60371073129,0.0,3801.841,0.02097162406948394
3806.0692280047742,0.0,3802.306,-0.02260131912553498
3806.534745278258,0.0,3802.772,0.014435760504799555
3807.000262551742,0.0,3803.239,-0.026958561501991163
3807.465779825226,0.0,3803.705,0.014435760504799555
3807.93129709871,0.0,3804.165,-0.02260131912553498
3808.396814372194,0.0,3804.63,0.014435760504799555
3808.862331645678,0.0,3805.098,-0.03131593373606134
3809.3278489191616,0.0,3805.561,0.018793002881255738
3809.793366192646,0.0,3806.032,0.02532899630355412
3810.2588834661296,0.0,3806.494,-0.002993468716253611
3810.7244007396134,0.0,3806.96,0.018793002881255738
3811.1899180130977,0.0,3807.423,-0.04438779072304433
3811.6554352865815,0.0,3807.889,0.02315037511532614
3812.1209525600652,0.0,3808.354,0.060187324888046456
3812.5864698335495,0.0,3808.82,-0.03131593373606134
3813.0519871070333,0.0,3809.284,-0.020422697937306777
3813.5175043805175,0.0,3809.75,0.02097162406948394
3813.9830216540013,0.0,3810.216,0.060187324888046456
3814.448538927485,0.0,3810.675,0.016614381693027758
3814.9140562009693,0.0,3811.143,0.02315037511532614
3815.379573474453,0.0,3811.605,-0.03131593373606134
3815.845090747937,0.0,3812.076,-0.026958561501991163
3816.310608021421,0.0,3812.539,0.016614381693027758
3816.776125294905,0.0,3813.002,-0.03131593373606134
3817.2416425683887,0.0,3813.465,0.02097162406948394
3817.707159841873,0.0,3813.93,-0.020422697937306777
3818.1726771153567,0.0,3814.401,-0.026958561501991163
3818.638194388841,0.0,3814.867,0.018793002881255738
3819.1037116623247,0.0,3815.331,0.0340436109140807
3819.5692289358085,0.0,3815.79,-0.040030548346587924
3820.0347462092927,0.0,3816.255,-0.03131593373606134
3820.5002634827765,0.0,3816.721,-0.007350711092710016
3820.9657807562603,0.0,3817.188,0.005721145894272972
3821.4312980297445,0.0,3817.654,-0.02260131912553498
3821.8968153032283,0.0,3818.117,0.018793002881255738
3822.3623325767126,0.0,3818.587,0.04929408908929189
3822.8278498501963,0.0,3819.05,-0.013886704515008397
3823.29336712368,0.0,3819.513,0.02750761749178232
3823.7588843971644,0.0,3819.976,0.02315037511532614
3824.224401670648,0.0,3820.446,-0.03131593373606134
3824.689918944132,0.0,3820.912,0.09068841109608261
3825.155436217616,0.0,3821.376,-0.03131593373606134
3825.6209534911,0.0,3821.842,-0.02913731254783336
3826.0864707645837,0.0,3822.306,-0.02477994031376296
3826.551988038068,0.0,3822.772,0.02315037511532614
3827.0175053115518,0.0,3823.231,-0.03131593373606134
3827.483022585036,0.0,3823.697,0.02315037511532614
3827.94853985852,0.0,3824.161,0.014435760504799555
3828.4140571320036,0.0,3824.627,-0.03785179730074595
3828.879574405488,0.0,3825.095,-0.013886704515008397
3829.3450916789716,0.0,3825.557,0.029686238680010524
3829.8106089524554,0.0,3826.02,-0.02913731254783336
3830.2761262259396,0.0,3826.49,0.029686238680010524
3830.7416434994234,0.0,3826.957,0.02315037511532614
3831.207160772907,0.0,3827.422,0.005721145894272972
3831.6726780463914,0.0,3827.88,-0.02913731254783336
3832.138195319875,0.0,3828.347,0.02532899630355412
3832.6037125933594,0.0,3828.813,-0.4692243764473203
3833.069229866843,0.0,3829.28,-0.03131593373606134
3833.534747140327,0.0,3829.746,0.018793002881255738
3834.0002644138112,0.0,3830.21,0.016614381693027758
3834.465781687295,0.0,3830.676,-0.02913731254783336
3834.931298960779,0.0,3831.139,0.02315037511532614
3835.396816234263,0.0,3831.601,-0.026958561501991163
3835.862333507747,0.0,3832.069,-0.018244076749078575
3836.327850781231,0.0,3832.532,-0.05310240533357091
3836.793368054715,0.0,3832.995,-0.02913731254783336
3837.2588853281986,0.0,3833.465,-0.03131593373606134
3837.724402601683,0.0,3833.93,0.02097162406948394
3838.1899198751667,0.0,3834.394,-0.020422697937306777
3838.6554371486504,0.0,3834.859,0.018793002881255738
3839.1209544221347,0.0,3835.324,0.018793002881255738
3839.5864716956185,0.0,3835.789,-0.03131593373606134
3840.0519889691022,0.0,3836.254,0.04929408908929189
3840.5175062425865,0.0,3836.72,-0.03785179730074595
3840.9830235160703,0.0,3837.18,0.0340436109140807
3841.4485407895545,0.0,3837.646,-0.07706749811930846
3841.9140580630383,0.0,3838.11,0.029686238680010524
3842.379575336522,0.0,3838.579,0.02315037511532614
3842.8450926100063,0.0,3839.043,-0.013886704515008397
3843.31060988349,0.0,3839.505,0.02315037511532614
3843.776127156974,0.0,3839.973,0.018793002881255738
3844.241644430458,0.0,3840.435,-0.03131593373606134
3844.707161703942,0.0,3840.902,0.012257139316571353
3845.1726789774257,0.0,3841.369,0.02315037511532614
3845.63819625091,0.0,3841.834,-0.033494554924289544
3846.1037135243937,0.0,3842.295,0.02315037511532614
3846.569230797878,0.0,3842.76,-0.026958561501991163
3847.0347480713617,0.0,3843.231,0.04711546790106369
3847.5002653448455,0.0,3843.69,0.02097162406948394
3847.9657826183297,0.0,3844.165,-0.03131593373606134
3848.4312998918135,0.0,3844.624,-0.02913731254783336
3848.8968171652973,0.0,3845.087,-0.05092378414534271
3849.3623344387815,0.0,3845.55,-0.035673176112517746
3849.8278517122653,0.0,3846.02,0.07761655410909962
3850.293368985749,0.0,3846.483,-0.09885409957443181
3850.7588862592333,0.0,3846.949,0.02315037511532614
3851.224403532717,0.0,3847.412,-0.026958561501991163
3851.6899208062014,0.0,3847.878,0.02315037511532614
3852.155438079685,0.0,3848.342,0.0035425247060447695
3852.620955353169,0.0,3848.808,-0.013886704515008397
3853.086472626653,0.0,3849.273,-0.02260131912553498
3853.551989900137,0.0,3849.739,0.02315037511532614
3854.0175071736207,0.0,3850.203,0.02097162406948394
3854.483024447105,0.0,3850.669,-0.04438779072304433
3854.9485417205888,0.0,3851.132,0.02315037511532614
3855.414058994073,0.0,3851.601,0.07979517529732782
3855.879576267557,0.0,3852.065,-0.02477994031376296
3856.3450935410406,0.0,3852.528,0.016614381693027758
3856.810610814525,0.0,3852.991,0.02315037511532614
3857.2761280880086,0.0,3853.461,-0.035673176112517746
3857.7416453614924,0.0,3853.926,0.02315037511532614
3858.2071626349766,0.0,3854.39,0.13208273310287333
3858.6726799084604,0.0,3854.855,0.018793002881255738
3859.138197181944,0.0,3855.32,-0.05745964771002732
3859.6037144554284,0.0,3855.786,0.018793002881255738
3860.069231728912,0.0,3856.251,0.02315037511532614
3860.5347490023964,0.0,3856.716,-0.055281026521799115
3861.00026627588,0.0,3857.181,-0.026958561501991163
3861.465783549364,0.0,3857.647,0.04057947447876531
3861.9313008228482,0.0,3858.109,-0.035673176112517746
3862.396818096332,0.0,3858.572,0.007899767082501175
3862.862335369816,0.0,3859.035,-0.03131593373606134
3863.3278526433,0.0,3859.505,0.0340436109140807
3863.793369916784,0.0,3859.965,0.016614381693027758
3864.2588871902676,0.0,3860.435,0.036222232102308904
3864.724404463752,0.0,3860.901,0.014435760504799555
3865.1899217372356,0.0,3861.365,0.02750761749178232
3865.65543901072,0.0,3861.83,-0.03131593373606134
3866.1209562842037,0.0,3862.295,0.17565580615550602
3866.5864735576874,0.0,3862.761,0.02315037511532614
3867.0519908311717,0.0,3863.221,-0.02260131912553498
3867.5175081046555,0.0,3863.686,0.029686238680010524
3867.9830253781392,0.0,3864.154,-0.03131593373606134
3868.4485426516235,0.0,3864.616,-0.020422697937306777
3868.9140599251073,0.0,3865.08,-0.05310240533357091
3869.3795771985915,0.0,3865.55,0.018793002881255738
3869.8450944720753,0.0,3866.013,0.03840085329053711
3870.310611745559,0.0,3866.476,-0.03131593373606134
3870.7761290190433,0.0,3866.942,0.016614381693027758
3871.241646292527,0.0,3867.412,-0.02260131912553498
3871.707163566011,0.0,3867.87,0.02315037511532614
3872.172680839495,0.0,3868.335,0.02315037511532614
3872.638198112979,0.0,3868.801,-0.020422697937306777
3873.1037153864627,0.0,3869.265,-0.02260131912553498
3873.569232659947,0.0,3869.731,0.02315037511532614
3874.0347499334307,0.0,3870.195,-0.011708083326780194
3874.500267206915,0.0,3870.661,-0.03131593373606134
3874.9657844803987,0.0,3871.131,-0.026958561501991163
3875.4313017538825,0.0,3871.594,0.5547406976389211
3875.8968190273667,0.0,3872.062,0.02315037511532614
3876.3623363008505,0.0,3872.524,-0.04220916953481613
3876.8278535743343,0.0,3872.987,0.02315037511532614
3877.2933708478186,0.0,3873.45,-0.03131593373606134
3877.7588881213023,0.0,3873.915,0.014435760504799555
3878.224405394786,0.0,3874.387,0.007899767082501175
3878.6899226682704,0.0,3874.845,0.02315037511532614
3879.155439941754,0.0,3875.31,-0.020422697937306777
3879.6209572152384,0.0,3875.776,0.02097162406948394
3880.086474488722,0.0,3876.243,-0.005172089904481814
3880.551991762206,0.0,3876.709,0.014435760504799555
3881.01750903569,0.0,3877.173,0.016614381693027758
3881.483026309174,0.0,3877.639,-0.026958561501991163
3881.9485435826577,0.0,3878.102,-0.03131593373606134
3882.414060856142,0.0,3878.565,0.0013637736602027939
3882.8795781296258,0.0,3879.036,0.02315037511532614
3883.3450954031096,0.0,3879.498,-0.026958561501991163
3883.810612676594,0.0,3879.969,-0.03131593373606134
3884.2761299500776,0.0,3880.431,0.014435760504799555
3884.741647223562,0.0,3880.897,-0.033494554924289544
3885.2071644970456,0.0,3881.362,-0.03131593373606134
3885.6726817705294,0.0,3881.82,-0.026958561501991163
3886.1381990440136,0.0,3882.287,0.014435760504799555
3886.6037163174974,0.0,3882.753,0.010078388270729377
3887.069233590981,0.0,3883.216,-0.02477994031376296
3887.5347508644654,0.0,3883.682,0.02315037511532614
3888.000268137949,0.0,3884.15,0.0994030257066092
3888.4657854114334,0.0,3884.613,0.02315037511532614
3888.9313026849172,0.0,3885.076,-0.0160653257032366
3889.396819958401,0.0,3885.546,0.042758225524607285
3889.8623372318852,0.0,3886.007,0.051472710277520095
3890.327854505369,0.0,3886.476,0.02315037511532614
3890.793371778853,0.0,3886.942,0.02315037511532614
3891.258889052337,0.0,3887.405,0.04929408908929189
3891.724406325821,0.0,3887.87,0.018793002881255738
3892.1899235993046,0.0,3888.335,-0.03131593373606134
3892.655440872789,0.0,3888.801,0.014435760504799555
3893.1209581462726,0.0,3889.261,-0.02260131912553498
3893.586475419757,0.0,3889.727,0.02315037511532614
3894.0519926932407,0.0,3890.191,0.02315037511532614
3894.5175099667244,0.0,3890.657,-0.026958561501991163
3894.9830272402087,0.0,3891.12,0.0013637736602027939
3895.4485445136925,0.0,3891.59,0.02315037511532614
3895.9140617871763,0.0,3892.05,-0.013886704515008397
3896.3795790606605,0.0,3892.52,-0.02477994031376296
3896.8450963341443,0.0,3892.984,0.014435760504799555
3897.310613607628,0.0,3893.446,-0.02913731254783336
3897.7761308811123,0.0,3893.911,0.02315037511532614
3898.241648154596,0.0,3894.376,0.018793002881255738
3898.7071654280803,0.0,3894.842,-0.03131593373606134
3899.172682701564,0.0,3895.307,-0.013886704515008397
3899.638199975048,0.0,3895.772,0.014435760504799555
3900.103717248532,0.0,3896.239,0.014435760504799555
3900.569234522016,0.0,3896.704,0.007899767082501175
3901.0347517954997,0.0,3897.169,-0.002993468716253611
3901.500269068984,0.0,3897.635,0.018793002881255738
3901.9657863424677,0.0,3898.098,-0.03131593373606134
3902.431303615952,0.0,3898.561,0.012257139316571353
3902.8968208894357,0.0,3899.032,0.02097162406948394
3903.3623381629195,0.0,3899.494,-0.013886704515008397
3903.8278554364038,0.0,3899.961,-0.02913731254783336
3904.2933727098875,0.0,3900.424,0.012257139316571353
3904.7588899833713,0.0,3900.889,0.012257139316571353
3905.2244072568556,0.0,3901.354,-0.07924624916515066
3905.6899245303393,0.0,3901.82,0.042758225524607285
3906.155441803823,0.0,3902.284,-0.026958561501991163
3906.6209590773074,0.0,3902.75,0.018793002881255738
3907.086476350791,0.0,3903.216,0.02097162406948394
3907.5519936242754,0.0,3903.675,0.005721145894272972
3908.017510897759,0.0,3904.143,-0.026958561501991163
3908.483028171243,0.0,3904.606,0.014435760504799555
3908.948545444727,0.0,3905.076,0.02315037511532614
3909.414062718211,0.0,3905.539,-0.2578953941792963
3909.8795799916948,0.0,3906.002,0.016614381693027758
3910.345097265179,0.0,3906.465,-0.020422697937306777
3910.810614538663,0.0,3906.931,0.02532899630355412
3911.2761318121466,0.0,3907.401,0.014435760504799555
3911.741649085631,0.0,3907.86,0.016614381693027758
3912.2071663591146,0.0,3908.331,-0.026958561501991163
3912.672683632599,0.0,3908.797,0.014435760504799555
3913.1382009060826,0.0,3909.261,0.058008703699818476
3913.6037181795664,0.0,3909.726,0.018793002881255738
3914.0692354530506,0.0,3910.191,-0.002993468716253611
3914.5347527265344,0.0,3910.657,0.0013637736602027939
3915.000270000018,0.0,3911.117,-0.026958561501991163
3915.4657872735024,0.0,3911.58,0.014435760504799555
3915.931304546986,0.0,3912.05,0.02097162406948394
3916.39682182047,0.0,3912.513,-0.03131593373606134
3916.8623390939542,0.0,3912.976,0.02315037511532614
3917.327856367438,0.0,3913.446,-0.02913731254783336
3917.7933736409223,0.0,3913.905,0.018793002881255738
3918.258890914406,0.0,3914.377,-0.03131593373606134
3918.72440818789,0.0,3914.835,-0.02913731254783336
3919.189925461374,0.0,3915.302,-0.026958561501991163
3919.655442734858,0.0,3915.767,0.02532899630355412
3920.1209600083416,0.0,3916.231,-0.0160653257032366
3920.586477281826,0.0,3916.697,0.014435760504799555
3921.0519945553096,0.0,3917.161,0.018793002881255738
3921.517511828794,0.0,3917.627,-0.005172089904481814
3921.9830291022777,0.0,3918.095,0.02315037511532614
3922.4485463757615,0.0,3918.557,0.02315037511532614
3922.9140636492457,0.0,3919.02,0.02532899630355412
3923.3795809227295,0.0,3919.49,-0.026958561501991163
3923.8450981962133,0.0,3919.956,0.005721145894272972
3924.3106154696975,0.0,3920.415,0.02097162406948394
3924.7761327431813,0.0,3920.88,-0.018244076749078575
3925.241650016665,0.0,3921.347,-0.03131593373606134
3925.7071672901493,0.0,3921.813,0.0340436109140807
3926.172684563633,0.0,3922.28,0.02315037511532614
3926.6382018371173,0.0,3922.746,-0.033494554924289544
3927.103719110601,0.0,3923.21,-0.02913731254783336
3927.569236384085,0.0,3923.676,0.02315037511532614
3928.034753657569,0.0,3924.139,-0.011708083326780194
3928.500270931053,0.0,3924.601,-0.09667534852858983
3928.9657882045367,0.0,3925.069,0.02315037511532614
3929.431305478021,0.0,3925.531,0.014435760504799555
3929.8968227515047,0.0,3925.999,0.005721145894272972
3930.3623400249885,0.0,3926.461,-0.02260131912553498
3930.8278572984727,0.0,3926.927,0.02315037511532614
3931.2933745719565,0.0,3927.39,0.02315037511532614
3931.7588918454408,0.0,3927.856,-0.07924624916515066
3932.2244091189245,0.0,3928.32,0.02532899630355412
3932.6899263924083,0.0,3928.786,-0.02260131912553498
3933.1554436658926,0.0,3929.251,0.02315037511532614
3933.6209609393763,0.0,3929.717,-0.03131593373606134
3934.08647821286,0.0,3930.184,0.005721145894272972
3934.5519954863444,0.0,3930.649,0.06454469712211686
3935.017512759828,0.0,3931.11,-0.035673176112517746
3935.4830300333124,0.0,3931.579,0.018793002881255738
3935.948547306796,0.0,3932.047,0.031864859868238726
3936.41406458028,0.0,3932.509,-0.03131593373606134
3936.879581853764,0.0,3932.977,-0.013886704515008397
3937.345099127248,0.0,3933.44,0.014435760504799555
3937.8106164007318,0.0,3933.905,-0.03131593373606134
3938.276133674216,0.0,3934.372,-0.03131593373606134
3938.7416509477,0.0,3934.831,-0.013886704515008397
3939.2071682211836,0.0,3935.298,-0.0160653257032366
3939.672685494668,0.0,3935.764,0.014435760504799555
3940.1382027681516,0.0,3936.229,0.014435760504799555
3940.603720041636,0.0,3936.694,-0.020422697937306777
3941.0692373151196,0.0,3937.161,-0.03131593373606134
3941.5347545886034,0.0,3937.62,-0.02913731254783336
3942.0002718620876,0.0,3938.087,-0.040030548346587924
3942.4657891355714,0.0,3938.557,-0.04874516295711451
3942.931306409055,0.0,3939.02,0.02097162406948394
3943.3968236825394,0.0,3939.483,-0.03131593373606134
3943.862340956023,0.0,3939.949,-0.0661742623205539
3944.327858229507,0.0,3940.412,0.029686238680010524
3944.7933755029912,0.0,3940.878,-0.09449672734036163
3945.258892776475,0.0,3941.342,-0.007350711092710016
3945.7244100499593,0.0,3941.808,-0.03131593373606134
3946.189927323443,0.0,3942.276,0.05583008251159027
3946.655444596927,0.0,3942.741,-0.09667534852858983
3947.120961870411,0.0,3943.206,0.3107320079746332
3947.586479143895,0.0,3943.671,-0.013886704515008397
3948.0519964173786,0.0,3944.132,-0.04438779072304433
3948.517513690863,0.0,3944.602,0.02315037511532614
3948.9830309643467,0.0,3945.065,0.02315037511532614
3949.4485482378304,0.0,3945.527,-0.03785179730074595
3949.9140655113147,0.0,3945.991,0.014435760504799555
3950.3795827847985,0.0,3946.461,0.060187324888046456
3950.8451000582827,0.0,3946.926,0.02315037511532614
3951.3106173317665,0.0,3947.39,0.018793002881255738
3951.7761346052503,0.0,3947.856,-0.02913731254783336
3952.2416518787345,0.0,3948.32,-0.026958561501991163
3952.7071691522183,0.0,3948.786,0.031864859868238726
3953.172686425702,0.0,3949.251,-0.3188975665953684
3953.6382036991863,0.0,3949.717,0.036222232102308904
3954.10372097267,0.0,3950.176,-0.32107631764121036
3954.5692382461543,0.0,3950.642,-0.02913731254783336
3955.034755519638,0.0,3951.105,-0.026958561501991163
3955.500272793122,0.0,3951.575,0.04057947447876531
3955.965790066606,0.0,3952.036,0.02315037511532614
3956.43130734009,0.0,3952.505,0.005721145894272972
3956.8968246135737,0.0,3952.969,-0.02260131912553498
3957.362341887058,0.0,3953.431,0.02315037511532614
3957.8278591605417,0.0,3953.897,-0.02477994031376296
3958.2933764340255,0.0,3954.364,-0.07053163455462408
3958.7588937075097,0.0,3954.83,-0.02260131912553498
3959.2244109809935,0.0,3955.294,-0.011708083326780194
3959.6899282544778,0.0,3955.76,0.02315037511532614
3960.1554455279615,0.0,3956.225,-0.0008148475280254086
3960.6209628014453,0.0,3956.691,0.02750761749178232
3961.0864800749296,0.0,3957.154,-0.013886704515008397
3961.5519973484134,0.0,3957.616,0.05583008251159027
3962.017514621897,0.0,3958.084,0.010078388270729377
3962.4830318953814,0.0,3958.546,-0.2121438297960494
3962.948549168865,0.0,3959.014,-0.055281026521799115
3963.414066442349,0.0,3959.476,-0.02477994031376296
3963.879583715833,0.0,3959.942,-0.009529462138551992
3964.345100989317,0.0,3960.405,0.12118949730411854
3964.810618262801,0.0,3960.871,0.007899767082501175
3965.276135536285,0.0,3961.335,0.12336824834996074
3965.7416528097688,0.0,3961.801,-0.002993468716253611
3966.207170083253,0.0,3962.265,-0.02260131912553498
3966.672687356737,0.0,3962.73,0.018793002881255738
3967.1382046302206,0.0,3963.195,0.02315037511532614
3967.603721903705,0.0,3963.66,-0.03131593373606134
3968.0692391771886,0.0,3964.128,-0.013886704515008397
3968.534756450673,0.0,3964.59,0.0013637736602027939
3969.0002737241566,0.0,3965.058,0.014435760504799555
3969.4657909976404,0.0,3965.52,-0.02913731254783336
3969.9313082711246,0.0,3965.991,-0.03131593373606134
3970.3968255446084,0.0,3966.454,0.02097162406948394
3970.862342818092,0.0,3966.92,-0.03131593373606134
3971.3278600915764,0.0,3967.383,0.02097162406948394
3971.79337736506,0.0,3967.849,-0.02477994031376296
3972.258894638544,0.0,3968.313,-0.02913731254783336
3972.7244119120282,0.0,3968.778,0.018793002881255738
3973.189929185512,0.0,3969.243,0.02315037511532614
3973.6554464589963,0.0,3969.708,-0.020422697937306777
3974.12096373248,0.0,3970.173,-0.02260131912553498
3974.586481005964,0.0,3970.639,0.02315037511532614
3975.051998279448,0.0,3971.102,0.6418865840289589
3975.517515552932,0.0,3971.572,-0.026958561501991163
3975.9830328264156,0.0,3972.035,0.014435760504799555
3976.4485500999,0.0,3972.498,-0.020422697937306777
3976.9140673733837,0.0,3972.965,-0.05745964771002732
3977.3795846468674,0.0,3973.428,0.018793002881255738
3977.8451019203517,0.0,3973.893,-0.03131593373606134
3978.3106191938355,0.0,3974.358,-0.02260131912553498
3978.7761364673197,0.0,3974.824,0.02315037511532614
3979.2416537408035,0.0,3975.291,0.02315037511532614
3979.7071710142873,0.0,3975.756,-0.03131593373606134
3980.1726882877715,0.0,3976.222,-0.026958561501991163
3980.6382055612553,0.0,3976.68,0.16476257035675146
3981.103722834739,0.0,3977.15,0.02750761749178232
3981.5692401082233,0.0,3977.613,0.02315037511532614
3982.034757381707,0.0,3978.08,0.02315037511532614
3982.500274655191,0.0,3978.542,-0.03131593373606134
3982.965791928675,0.0,3979.006,0.014435760504799555
3983.431309202159,0.0,3979.475,0.018793002881255738
3983.896826475643,0.0,3979.941,-0.04220916953481613
3984.362343749127,0.0,3980.404,0.2497298355585611
3984.8278610226107,0.0,3980.869,0.02097162406948394
3985.293378296095,0.0,3981.331,0.02315037511532614
3985.7588955695787,0.0,3981.797,-0.026958561501991163
3986.2244128430625,0.0,3982.261,0.6135643787243787
3986.6899301165467,0.0,3982.726,0.014435760504799555
3987.1554473900305,0.0,3983.192,-0.002993468716253611
3987.6209646635148,0.0,3983.658,0.02315037511532614
3988.0864819369986,0.0,3984.121,-0.009529462138551992
3988.5519992104823,0.0,3984.59,0.02097162406948394
3989.0175164839666,0.0,3985.051,0.02532899630355412
3989.4830337574504,0.0,3985.52,-0.007350711092710016
3989.948551030934,0.0,3985.98,-0.033494554924289544
3990.4140683044184,0.0,3986.45,0.018793002881255738
3990.879585577902,0.0,3986.916,-0.02477994031376296
3991.345102851386,0.0,3987.379,-0.11846182012609918
3991.81062012487,0.0,3987.845,0.02097162406948394
3992.276137398354,0.0,3988.31,0.02097162406948394
3992.741654671838,0.0,3988.776,0.02315037511532614
3993.207171945322,0.0,3989.236,0.02315037511532614
3993.6726892188058,0.0,3989.701,-0.02260131912553498
3994.13820649229,0.0,3990.165,0.04929408908929189
3994.603723765774,0.0,3990.631,0.07979517529732782
3995.0692410392576,0.0,3991.098,-0.033494554924289544
3995.534758312742,0.0,3991.561,0.016614381693027758
3996.0002755862256,0.0,3992.032,-0.055281026521799115
3996.4657928597094,0.0,3992.494,0.018793002881255738
3996.9313101331936,0.0,3992.965,0.014435760504799555
3997.3968274066774,0.0,3993.42,0.014435760504799555
3997.8623446801616,0.0,3993.886,-0.03131593373606134
3998.3278619536454,0.0,3994.351,-0.026958561501991163
3998.793379227129,0.0,3994.816,0.02532899630355412
3999.2588965006134,0.0,3995.283,0.04929408908929189
3999.7244137740972,0.0,3995.749,0.018793002881255738
4000.189931047581,0.0,3996.214,0.007899767082501175
4000.6554483210653,0.0,3996.679,0.02315037511532614
4001.120965594549,0.0,3997.143,-0.02913731254783336
4001.586482868033,0.0,3997.605,0.02315037511532614
4002.052000141517,0.0,3998.072,0.02097162406948394
4002.517517415001,0.0,3998.535,-0.026958561501991163
4002.983034688485,0.0,3999.006,-0.02913731254783336
4003.448551961969,0.0,3999.468,0.02315037511532614
4003.9140692354526,0.0,3999.934,-0.03131593373606134
4004.379586508937,0.0,4000.397,0.018793002881255738
4004.8451037824207,0.0,4000.863,-0.03131593373606134
4005.3106210559044,0.0,4001.327,-0.03131593373606134
4005.7761383293887,0.0,4001.793,0.010078388270729377
4006.2416556028725,0.0,4002.258,0.02315037511532614
4006.7071728763567,0.0,4002.724,-0.02260131912553498
4007.1726901498405,0.0,4003.188,-0.026958561501991163
4007.6382074233243,0.0,4003.654,0.018793002881255738
4008.1037246968085,0.0,4004.117,-0.03785179730074595
4008.5692419702923,0.0,4004.586,-0.02913731254783336
4009.034759243776,0.0,4005.05,0.0013637736602027939
4009.5002765172603,0.0,4005.513,-0.03131593373606134
4009.965793790744,0.0,4005.976,-0.013886704515008397
4010.431311064228,0.0,4006.446,0.02315037511532614
4010.896828337712,0.0,4006.905,-0.08578211272983505
4011.362345611196,0.0,4007.372,-0.03131593373606134
4011.82786288468,0.0,4007.838,0.02315037511532614
4012.293380158164,0.0,4008.305,0.031864859868238726
4012.7588974316477,0.0,4008.771,0.018793002881255738
4013.224414705132,0.0,4009.235,-0.4496165260380389
4013.6899319786157,0.0,4009.701,0.02315037511532614
4014.1554492520995,0.0,4010.166,0.02315037511532614
4014.6209665255838,0.0,4010.631,0.018793002881255738
4015.0864837990675,0.0,4011.094,0.014435760504799555
4015.5520010725513,0.0,4011.557,-0.020422697937306777
4016.0175183460356,0.0,4012.021,-0.002993468716253611
4016.4830356195193,0.0,4012.49,0.02532899630355412
4016.9485528930036,0.0,4012.957,-0.005172089904481814
4017.4140701664874,0.0,4013.415,-0.0160653257032366
4017.879587439971,0.0,4013.881,0.07979517529732782
4018.3451047134554,0.0,4014.346,-0.02260131912553498
4018.810621986939,0.0,4014.812,0.051472710277520095
4019.276139260423,0.0,4015.277,0.02315037511532614
4019.741656533907,0.0,4015.742,-0.040030548346587924
4020.207173807391,0.0,4016.209,-0.03131593373606134
4020.672691080875,0.0,4016.675,0.036222232102308904
4021.138208354359,0.0,4017.139,-0.020422697937306777
4021.603725627843,0.0,4017.601,0.02315037511532614
4022.069242901327,0.0,4018.069,0.014435760504799555
4022.534760174811,0.0,4018.531,-0.03131593373606134
4023.0002774482946,0.0,4018.995,0.0013637736602027939
4023.465794721779,0.0,4019.464,0.018793002881255738
4023.9313119952626,0.0,4019.93,-0.02260131912553498
4024.3968292687464,0.0,4020.393,0.02532899630355412
4024.8623465422306,0.0,4020.858,-0.026958561501991163
4025.3278638157144,0.0,4021.324,0.005721145894272972
4025.7933810891986,0.0,4021.79,0.02315037511532614
4026.2588983626824,0.0,4022.253,0.007899767082501175
4026.724415636166,0.0,4022.719,-0.02260131912553498
4027.1899329096505,0.0,4023.18,0.014435760504799555
4027.6554501831342,0.0,4023.645,-0.005172089904481814
4028.120967456618,0.0,4024.113,0.02315037511532614
4028.5864847301023,0.0,4024.575,0.02315037511532614
4029.052002003586,0.0,4025.043,0.02315037511532614
4029.51751927707,0.0,4025.505,-0.013886704515008397
4029.983036550554,0.0,4025.976,0.1495119623239265
4030.448553824038,0.0,4026.439,0.014435760504799555
4030.914071097522,0.0,4026.904,-0.002993468716253611
4031.379588371006,0.0,4027.369,0.04057947447876531
4031.8451056444896,0.0,4027.835,-0.04874516295711451
4032.310622917974,0.0,4028.295,0.051472710277520095
4032.7761401914577,0.0,4028.76,0.02532899630355412
4033.2416574649415,0.0,4029.231,-0.03131593373606134
4033.7071747384257,0.0,4029.69,-0.0160653257032366
4034.1726920119095,0.0,4030.162,0.016614381693027758
4034.6382092853933,0.0,4030.621,0.014435760504799555
4035.1037265588775,0.0,4031.091,0.014435760504799555
4035.5692438323613,0.0,4031.554,-0.0160653257032366
4036.0347611058455,0.0,4032.017,-0.04874516295711451
4036.5002783793293,0.0,4032.48,0.02315037511532614
4036.965795652813,0.0,4032.946,-0.035673176112517746
4037.4313129262973,0.0,4033.416,0.016614381693027758
4037.896830199781,0.0,4033.882,0.07979517529732782
4038.362347473265,0.0,4034.346,0.02750761749178232
4038.827864746749,0.0,4034.812,-0.0661742623205539
4039.293382020233,0.0,4035.276,0.014435760504799555
4039.758899293717,0.0,4035.741,-0.013886704515008397
4040.224416567201,0.0,4036.206,-0.009529462138551992
4040.6899338406847,0.0,4036.671,0.016614381693027758
4041.155451114169,0.0,4037.132,-0.2012505939972946
4041.6209683876527,0.0,4037.601,-0.04220916953481613
4042.0864856611365,0.0,4038.065,0.02315037511532614
4042.5520029346208,0.0,4038.527,-0.02260131912553498
4043.0175202081045,0.0,4038.995,-0.23175168020533055
4043.4830374815883,0.0,4039.458,0.016614381693027758
4043.9485547550726,0.0,4039.923,-0.026958561501991163
4044.4140720285563,0.0,4040.389,0.014435760504799555
4044.8795893020406,0.0,4040.855,-0.03131593373606134
4045.3451065755244,0.0,4041.321,0.02315037511532614
4045.810623849008,0.0,4041.786,-0.03131593373606134
4046.2761411224924,0.0,4042.246,0.02315037511532614
4046.741658395976,0.0,4042.711,-0.03131593373606134
4047.20717566946,0.0,4043.176,-0.02913731254783336
4047.672692942944,0.0,4043.642,0.02750761749178232
4048.138210216428,0.0,4044.109,0.02315037511532614
4048.6037274899118,0.0,4044.572,-0.05745964771002732
4049.069244763396,0.0,4045.039,-0.03131593373606134
4049.53476203688,0.0,4045.503,0.02532899630355412
4050.000279310364,0.0,4045.965,-0.026958561501991163
4050.465796583848,0.0,4046.435,-0.10321134195088821
4050.9313138573316,0.0,4046.901,0.11901087611589034
4051.396831130816,0.0,4047.365,-0.0160653257032366
4051.8623484042996,0.0,4047.83,0.018793002881255738
4052.3278656777834,0.0,4048.294,0.0013637736602027939
4052.7933829512676,0.0,4048.76,-0.026958561501991163
4053.2589002247514,0.0,4049.225,0.0013637736602027939
4053.7244174982357,0.0,4049.691,0.014435760504799555
4054.1899347717194,0.0,4050.154,0.031864859868238726
4054.655452045203,0.0,4050.616,0.02315037511532614
4055.1209693186875,0.0,4051.084,0.02097162406948394
4055.5864865921712,0.0,4051.547,0.02750761749178232
4056.052003865655,0.0,4052.017,-0.02913731254783336
4056.5175211391393,0.0,4052.479,0.02097162406948394
4056.983038412623,0.0,4052.945,-0.026958561501991163
4057.448555686107,0.0,4053.408,0.0340436109140807
4057.914072959591,0.0,4053.874,-0.02913731254783336
4058.379590233075,0.0,4054.339,-0.040030548346587924
4058.845107506559,0.0,4054.805,-0.009529462138551992
4059.310624780043,0.0,4055.268,0.014435760504799555
4059.7761420535267,0.0,4055.734,-0.026958561501991163
4060.241659327011,0.0,4056.198,-0.02913731254783336
4060.7071766004947,0.0,4056.664,0.0340436109140807
4061.1726938739785,0.0,4057.125,0.02097162406948394
4061.6382111474627,0.0,4057.594,-0.03131593373606134
4062.1037284209465,0.0,4058.057,0.016614381693027758
4062.5692456944303,0.0,4058.52,-0.02913731254783336
4063.0347629679145,0.0,4058.991,-0.0008148475280254086
4063.5002802413983,0.0,4059.454,0.02097162406948394
4063.9657975148825,0.0,4059.919,0.15822657693445308
4064.4313147883663,0.0,4060.383,-0.013886704515008397
4064.89683206185,0.0,4060.849,0.02315037511532614
4065.3623493353343,0.0,4061.313,0.02315037511532614
4065.827866608818,0.0,4061.778,0.0013637736602027939
4066.293383882302,0.0,4062.244,-0.03131593373606134
4066.758901155786,0.0,4062.709,0.02315037511532614
4067.22441842927,0.0,4063.173,0.016614381693027758
4067.6899357027537,0.0,4063.639,-0.03131593373606134
4068.155452976238,0.0,4064.102,0.02097162406948394
4068.6209702497217,0.0,4064.565,-0.03131593373606134
4069.086487523206,0.0,4065.035,-0.03131593373606134
4069.5520047966897,0.0,4065.498,0.005721145894272972
4070.0175220701735,0.0,4065.969,0.014435760504799555
4070.4830393436578,0.0,4066.431,-0.03785179730074595
4070.9485566171415,0.0,4066.897,0.04057947447876531
4071.4140738906253,0.0,4067.361,0.031864859868238726
4071.8795911641096,0.0,4067.827,0.02315037511532614
4072.3451084375934,0.0,4068.291,-0.040030548346587924
4072.8106257110776,0.0,4068.75,-0.013886704515008397
4073.2761429845614,0.0,4069.218,-0.020422697937306777
4073.741660258045,0.0,4069.683,0.02315037511532614
4074.2071775315294,0.0,4070.146,-0.026958561501991163
4074.672694805013,0.0,4070.616,-0.02260131912553498
4075.138212078497,0.0,4071.08,0.02097162406948394
4075.603729351981,0.0,4071.542,-0.02477994031376296
4076.069246625465,0.0,4072.006,-0.03131593373606134
4076.5347638989488,0.0,4072.476,0.02315037511532614
4077.000281172433,0.0,4072.941,-0.013886704515008397
4077.465798445917,0.0,4073.404,0.02097162406948394
4077.931315719401,0.0,4073.869,-0.026958561501991163
4078.396832992885,0.0,4074.335,0.02315037511532614
4078.8623502663686,0.0,4074.801,-0.03131593373606134
4079.327867539853,0.0,4075.261,0.060187324888046456
4079.7933848133366,0.0,4075.727,-0.026958561501991163
4080.2589020868204,0.0,4076.191,-0.007350711092710016
4080.7244193603046,0.0,4076.657,0.02097162406948394
4081.1899366337884,0.0,4077.121,0.02097162406948394
4081.655453907272,0.0,4077.59,-0.013886704515008397
4082.1209711807564,0.0,4078.05,-0.4169368186417748
4082.58648845424,0.0,4078.52,0.018793002881255738
4083.0520057277245,0.0,4078.98,-0.02260131912553498
4083.5175230012082,0.0,4079.45,-0.0160653257032366
4083.983040274692,0.0,4079.916,0.02097162406948394
4084.4485575481763,0.0,4080.379,-0.02260131912553498
4084.91407482166,0.0,4080.845,-0.0008148475280254086
4085.379592095144,0.0,4081.309,0.02315037511532614
4085.845109368628,0.0,4081.775,-0.007350711092710016
4086.310626642112,0.0,4082.239,-0.03785179730074595
4086.776143915596,0.0,4082.704,0.07543793292087142
4087.24166118908,0.0,4083.169,0.02315037511532614
4087.7071784625637,0.0,4083.635,-0.02260131912553498
4088.172695736048,0.0,4084.098,0.005721145894272972
4088.6382130095317,0.0,4084.561,-0.03131593373606134
4089.1037302830155,0.0,4085.029,-0.6130151928769738
4089.5692475564997,0.0,4085.491,0.02315037511532614
4090.0347648299835,0.0,4085.957,-0.026958561501991163
4090.5002821034673,0.0,4086.422,0.02315037511532614
4090.9657993769515,0.0,4086.888,-0.6870893521376424
4091.4313166504353,0.0,4087.354,0.02097162406948394
4091.8968339239195,0.0,4087.82,-0.020422697937306777
4092.3623511974033,0.0,4088.28,0.02315037511532614
4092.827868470887,0.0,4088.745,-0.05745964771002732
4093.2933857443713,0.0,4089.217,-0.013886704515008397
4093.758903017855,0.0,4089.675,0.02097162406948394
4094.224420291339,0.0,4090.146,0.02315037511532614
4094.689937564823,0.0,4090.608,-0.009529462138551992
4095.155454838307,0.0,4091.076,-0.02260131912553498
4095.6209721117907,0.0,4091.539,0.02315037511532614
4096.086489385275,0.0,4092.002,-0.040030548346587924
4096.552006658759,0.0,4092.465,0.018793002881255738
4097.0175239322425,0.0,4092.93,-0.026958561501991163
4097.483041205726,0.0,4093.401,-0.02913731254783336
4097.948558479211,0.0,4093.867,0.02315037511532614
4098.414075752695,0.0,4094.331,0.02315037511532614
4098.879593026179,0.0,4094.797,-0.061817019944097495
4099.345110299662,0.0,4095.261,-0.02260131912553498
4099.810627573146,0.0,4095.726,0.005721145894272972
4100.276144846631,0.0,4096.192,0.036222232102308904
4100.741662120115,0.0,4096.65,-0.033494554924289544
4101.207179393598,0.0,4097.12,0.02315037511532614
4101.672696667082,0.0,4097.583,-0.040030548346587924
4102.138213940566,0.0,4098.05,-0.0160653257032366
4102.60373121405,0.0,4098.513,0.02315037511532614
4103.069248487534,0.0,4098.976,0.060187324888046456
4103.534765761018,0.0,4099.446,-0.013886704515008397
4104.000283034502,0.0,4099.912,0.02315037511532614
4104.465800307986,0.0,4100.376,0.06672331831034506
4104.93131758147,0.0,4100.841,0.031864859868238726
4105.396834854954,0.0,4101.305,0.016614381693027758
4105.862352128438,0.0,4101.771,-0.02260131912553498
4106.327869401922,0.0,4102.235,-0.013886704515008397
4106.793386675406,0.0,4102.701,0.02315037511532614
4107.258903948889,0.0,4103.166,0.13208273310287333
4107.724421222373,0.0,4103.631,-0.03131593373606134
4108.189938495858,0.0,4104.094,-0.002993468716253611
4108.655455769342,0.0,4104.557,-0.007350711092710016
4109.120973042825,0.0,4105.021,-0.03131593373606134
4109.586490316309,0.0,4105.49,0.02097162406948394
4110.052007589793,0.0,4105.956,-0.02260131912553498
4110.517524863278,0.0,4106.422,0.007899767082501175
4110.9830421367615,0.0,4106.88,0.018793002881255738
4111.448559410245,0.0,4107.346,0.02315037511532614
4111.914076683729,0.0,4107.812,0.018793002881255738
4112.379593957213,0.0,4108.276,0.014435760504799555
4112.8451112306975,0.0,4108.741,-0.02913731254783336
4113.310628504181,0.0,4109.206,-0.02260131912553498
4113.776145777665,0.0,4109.672,0.02315037511532614
4114.241663051149,0.0,4110.135,0.016614381693027758
4114.707180324633,0.0,4110.605,-0.02260131912553498
4115.172697598116,0.0,4111.065,-0.29493247380963084
4115.638214871601,0.0,4111.535,0.005721145894272972
4116.103732145085,0.0,4111.998,-0.020422697937306777
4116.569249418569,0.0,4112.461,0.02097162406948394
4117.0347666920525,0.0,4112.927,-0.02260131912553498
4117.500283965536,0.0,4113.39,0.018793002881255738
4117.965801239021,0.0,4113.856,-0.013886704515008397
4118.431318512505,0.0,4114.32,0.0340436109140807
4118.8968357859885,0.0,4114.786,-0.03131593373606134
4119.362353059472,0.0,4115.253,-0.02260131912553498
4119.827870332956,0.0,4115.719,-0.02260131912553498
4120.29338760644,0.0,4116.184,0.029686238680010524
4120.758904879925,0.0,4116.65,-0.033494554924289544
4121.224422153408,0.0,4117.11,0.02315037511532614
4121.689939426892,0.0,4117.579,-0.02260131912553498
4122.155456700376,0.0,4118.043,-0.02260131912553498
4122.62097397386,0.0,4118.505,0.036222232102308904
4123.086491247344,0.0,4118.973,0.0340436109140807
4123.552008520828,0.0,4119.436,-0.03131593373606134
4124.017525794312,0.0,4119.902,0.018793002881255738
4124.483043067796,0.0,4120.369,0.02315037511532614
4124.9485603412795,0.0,4120.834,0.0340436109140807
4125.414077614763,0.0,4121.299,-0.02913731254783336
4125.879594888248,0.0,4121.764,0.20833551355177016
4126.345112161732,0.0,4122.232,0.15604795574622488
4126.810629435216,0.0,4122.69,0.02315037511532614
4127.276146708699,0.0,4123.162,0.02097162406948394
4127.741663982183,0.0,4123.62,-0.04874516295711451
4128.207181255668,0.0,4124.091,-0.03131593373606134
4128.672698529152,0.0,4124.553,-0.002993468716253611
4129.138215802635,0.0,4125.017,-0.02260131912553498
4129.603733076119,0.0,4125.487,-0.033494554924289544
4130.069250349603,0.0,4125.945,-0.03785179730074595
4130.534767623087,0.0,4126.415,-0.04874516295711451
4131.000284896571,0.0,4126.881,0.05365146132336207
4131.465802170055,0.0,4127.346,0.018793002881255738
4131.931319443539,0.0,4127.805,0.005721145894272972
4132.396836717023,0.0,4128.276,-0.02260131912553498
4132.862353990507,0.0,4128.735,-0.009529462138551992
4133.327871263991,0.0,4129.202,-0.026958561501991163
4133.793388537475,0.0,4129.668,0.02315037511532614
4134.258905810959,0.0,4130.135,0.014435760504799555
4134.724423084443,0.0,4130.598,-0.026958561501991163
4135.189940357926,0.0,4131.066,0.1407973477133999
4135.65545763141,0.0,4131.528,0.012257139316571353
4136.120974904895,0.0,4131.991,-0.005172089904481814
4136.586492178379,0.0,4132.461,-0.020422697937306777
4137.052009451862,0.0,4132.926,0.060187324888046456
4137.517526725346,0.0,4133.39,-0.02260131912553498
4137.98304399883,0.0,4133.855,0.02315037511532614
4138.448561272315,0.0,4134.321,0.06890193949857304
4138.9140785457985,0.0,4134.786,0.0340436109140807
4139.379595819282,0.0,4135.247,-0.026958561501991163
4139.845113092766,0.0,4135.712,0.016614381693027758
4140.31063036625,0.0,4136.179,0.018793002881255738
4140.776147639734,0.0,4136.645,0.02315037511532614
4141.241664913218,0.0,4137.106,0.014435760504799555
4141.707182186702,0.0,4137.576,-0.03131593373606134
4142.172699460186,0.0,4138.039,-0.026958561501991163
4142.63821673367,0.0,4138.502,0.014435760504799555
4143.103734007153,0.0,4138.965,0.02315037511532614
4143.569251280638,0.0,4139.435,0.0013637736602027939
4144.034768554122,0.0,4139.901,0.018793002881255738
4144.500285827606,0.0,4140.365,-0.002993468716253611
4144.9658031010895,0.0,4140.83,-0.03131593373606134
4145.431320374573,0.0,4141.295,-0.002993468716253611
4145.896837648058,0.0,4141.761,0.02097162406948394
4146.362354921542,0.0,4142.221,-0.02913731254783336
4146.8278721950255,0.0,4142.687,0.016614381693027758
4147.293389468509,0.0,4143.15,-0.03131593373606134
4147.758906741993,0.0,4143.62,0.005721145894272972
4148.224424015477,0.0,4144.083,-0.03131593373606134
4148.689941288962,0.0,4144.546,0.016614381693027758
4149.155458562445,0.0,4145.014,0.02097162406948394
4149.620975835929,0.0,4145.476,-0.013886704515008397
4150.086493109413,0.0,4145.941,-0.02260131912553498
4150.552010382897,0.0,4146.411,-0.03131593373606134
4151.017527656381,0.0,4146.87,0.02315037511532614
4151.483044929865,0.0,4147.335,0.02315037511532614
4151.948562203349,0.0,4147.8,0.012257139316571353
4152.414079476833,0.0,4148.265,-0.03131593373606134
4152.8795967503165,0.0,4148.731,0.02315037511532614
4153.3451140238,0.0,4149.196,0.014435760504799555
4153.810631297285,0.0,4149.661,0.014435760504799555
4154.276148570769,0.0,4150.132,-0.03131593373606134
4154.741665844253,0.0,4150.594,0.036222232102308904
4155.207183117736,0.0,4151.057,-0.03131593373606134
4155.67270039122,0.0,4151.52,0.031864859868238726
4156.138217664705,0.0,4151.991,0.018793002881255738
4156.603734938189,0.0,4152.453,-0.055281026521799115
4157.069252211672,0.0,4152.92,0.02315037511532614
4157.534769485156,0.0,4153.383,0.036222232102308904
4158.00028675864,0.0,4153.849,-0.026958561501991163
4158.465804032124,0.0,4154.314,-0.03131593373606134
4158.931321305608,0.0,4154.78,0.02097162406948394
4159.396838579092,0.0,4155.24,-0.026958561501991163
4159.862355852576,0.0,4155.706,0.02532899630355412
4160.32787312606,0.0,4156.172,0.02532899630355412
4160.793390399544,0.0,4156.638,-0.02913731254783336
4161.258907673028,0.0,4157.106,-0.0160653257032366
4161.724424946512,0.0,4157.569,0.014435760504799555
4162.189942219996,0.0,4158.031,-0.02477994031376296
4162.65545949348,0.0,4158.501,-0.02260131912553498
4163.120976766963,0.0,4158.961,0.02315037511532614
4163.586494040447,0.0,4159.431,-0.0160653257032366
4164.052011313932,0.0,4159.897,0.02315037511532614
4164.517528587416,0.0,4160.361,0.02097162406948394
4164.983045860899,0.0,4160.82,0.029686238680010524
4165.448563134383,0.0,4161.291,-0.5912287212794642
4165.914080407867,0.0,4161.75,0.029686238680010524
4166.379597681352,0.0,4162.217,-0.026958561501991163
4166.8451149548355,0.0,4162.682,0.016614381693027758
4167.310632228319,0.0,4163.15,0.04057947447876531
4167.776149501803,0.0,4163.614,-0.026958561501991163
4168.241666775287,0.0,4164.076,-0.02913731254783336
4168.707184048771,0.0,4164.546,-0.3101829519848418
4169.172701322255,0.0,4165.01,0.02315037511532614
4169.638218595739,0.0,4165.472,-0.013886704515008397
4170.103735869223,0.0,4165.938,0.02315037511532614
4170.569253142707,0.0,4166.401,-0.03131593373606134
4171.03477041619,0.0,4166.866,0.02315037511532614
4171.500287689675,0.0,4167.332,-0.035673176112517746
4171.965804963159,0.0,4167.798,0.02750761749178232
4172.431322236643,0.0,4168.265,0.02532899630355412
4172.8968395101265,0.0,4168.731,0.007899767082501175
4173.36235678361,0.0,4169.195,0.005721145894272972
4173.827874057094,0.0,4169.661,-0.0160653257032366
4174.293391330579,0.0,4170.124,0.014435760504799555
4174.7589086040625,0.0,4170.586,-0.02260131912553498
4175.224425877546,0.0,4171.054,0.07979517529732782
4175.68994315103,0.0,4171.517,0.02315037511532614
4176.155460424514,0.0,4171.984,0.02097162406948394
4176.620977697999,0.0,4172.446,-0.03131593373606134
4177.086494971482,0.0,4172.912,0.016614381693027758
4177.552012244966,0.0,4173.38,0.016614381693027758
4178.01752951845,0.0,4173.845,-0.02477994031376296
4178.483046791934,0.0,4174.305,0.02315037511532614
4178.948564065418,0.0,4174.771,-0.033494554924289544
4179.414081338902,0.0,4175.236,0.029686238680010524
4179.879598612386,0.0,4175.702,-0.03131593373606134
4180.34511588587,0.0,4176.169,-0.05745964771002732
4180.8106331593535,0.0,4176.636,0.005721145894272972
4181.276150432837,0.0,4177.099,-0.02913731254783336
4181.741667706322,0.0,4177.561,0.02315037511532614
4182.207184979806,0.0,4178.028,0.02315037511532614
4182.67270225329,0.0,4178.49,0.02097162406948394
4183.138219526773,0.0,4178.957,-0.03131593373606134
4183.603736800257,0.0,4179.421,0.014435760504799555
4184.069254073742,0.0,4179.887,-0.03131593373606134
4184.534771347226,0.0,4180.354,-0.22739430797126037
4185.000288620709,0.0,4180.82,0.016614381693027758
4185.465805894193,0.0,4181.281,-0.020422697937306777
4185.931323167677,0.0,4181.746,0.02097162406948394
4186.396840441161,0.0,4182.213,0.031864859868238726
4186.862357714645,0.0,4182.679,-0.03131593373606134
4187.327874988129,0.0,4183.147,-0.03131593373606134
4187.793392261613,0.0,4183.609,0.016614381693027758
4188.258909535097,0.0,4184.072,-0.013886704515008397
4188.724426808581,0.0,4184.535,0.02315037511532614
4189.189944082065,0.0,4185.002,0.02315037511532614
4189.655461355549,0.0,4185.465,-0.05745964771002732
4190.120978629033,0.0,4185.931,0.02315037511532614
4190.586495902517,0.0,4186.401,0.02315037511532614
4191.052013176,0.0,4186.867,-0.005172089904481814
4191.517530449484,0.0,4187.325,0.36301956578017824
4191.983047722969,0.0,4187.79,-0.013886704515008397
4192.448564996453,0.0,4188.258,0.051472710277520095
4192.914082269936,0.0,4188.723,0.02315037511532614
4193.37959954342,0.0,4189.188,-0.020422697937306777
4193.845116816904,0.0,4189.653,-0.03131593373606134
4194.310634090389,0.0,4190.117,0.005721145894272972
4194.7761513638725,0.0,4190.587,0.007899767082501175
4195.241668637356,0.0,4191.047,-0.040030548346587924
4195.70718591084,0.0,4191.517,-0.033494554924289544
4196.172703184324,0.0,4191.98,0.02315037511532614
4196.638220457808,0.0,4192.442,-0.02260131912553498
4197.103737731292,0.0,4192.908,0.02315037511532614
4197.569255004776,0.0,4193.373,0.02097162406948394
4198.03477227826,0.0,4193.838,-0.02477994031376296
4198.500289551744,0.0,4194.305,-0.03131593373606134
4198.965806825227,0.0,4194.771,0.02315037511532614
4199.431324098712,0.0,4195.236,0.018793002881255738
4199.896841372196,0.0,4195.701,-0.02913731254783336
4200.36235864568,0.0,4196.162,0.014435760504799555
4200.8278759191635,0.0,4196.628,0.14297596890162811
4201.293393192647,0.0,4197.091,-0.02913731254783336
4201.758910466131,0.0,4197.561,0.018793002881255738
4202.224427739616,0.0,4198.024,0.02315037511532614
4202.6899450130995,0.0,4198.487,0.3412330941826691
4203.155462286583,0.0,4198.952,-0.11846182012609918
4203.620979560067,0.0,4199.416,-0.026958561501991163
4204.086496833551,0.0,4199.883,0.2867669151888954
4204.552014107036,0.0,4200.35,-0.055281026521799115
4205.017531380519,0.0,4200.816,0.014435760504799555
4205.483048654003,0.0,4201.276,-0.02260131912553498
4205.948565927487,0.0,4201.741,0.6309933482302039
4206.414083200971,0.0,4202.206,0.02097162406948394
4206.8796004744545,0.0,4202.672,-0.026958561501991163
4207.345117747939,0.0,4203.135,0.018793002881255738
4207.810635021423,0.0,4203.605,0.018793002881255738
4208.276152294907,0.0,4204.065,-0.033494554924289544
4208.7416695683905,0.0,4204.534,0.02532899630355412
4209.207186841874,0.0,4204.995,0.02315037511532614
4209.672704115359,0.0,4205.465,-0.02477994031376296
4210.138221388843,0.0,4205.93,0.02315037511532614
4210.603738662327,0.0,4206.393,-0.013886704515008397
4211.06925593581,0.0,4206.859,0.014435760504799555
4211.534773209294,0.0,4207.324,-0.04874516295711451
4212.000290482779,0.0,4207.79,0.031864859868238726
4212.465807756263,0.0,4208.253,-0.013886704515008397
4212.931325029746,0.0,4208.719,0.012257139316571353
4213.39684230323,0.0,4209.184,-0.013886704515008397
4213.862359576714,0.0,4209.65,0.031864859868238726
4214.327876850198,0.0,4210.113,-0.026958561501991163
4214.793394123682,0.0,4210.575,-0.020422697937306777
4215.258911397166,0.0,4211.043,0.012257139316571353
4215.72442867065,0.0,4211.505,0.02315037511532614
4216.189945944134,0.0,4211.973,-0.05963839875586929
4216.655463217618,0.0,4212.435,-0.02260131912553498
4217.120980491102,0.0,4212.901,0.02315037511532614
4217.586497764586,0.0,4213.372,0.02097162406948394
4218.05201503807,0.0,4213.83,0.02315037511532614
4218.517532311554,0.0,4214.302,-0.026958561501991163
4218.983049585037,0.0,4214.76,0.06454469712211686
4219.448566858521,0.0,4215.225,0.02315037511532614
4219.914084132006,0.0,4215.69,-0.020422697937306777
4220.37960140549,0.0,4216.165,-0.0160653257032366
4220.845118678973,0.0,4216.623,-0.02913731254783336
4221.310635952457,0.0,4217.091,0.018793002881255738
4221.776153225941,0.0,4217.553,0.016614381693027758
4222.241670499426,0.0,4218.017,0.02315037511532614
4222.7071877729095,0.0,4218.487,-0.02260131912553498
4223.172705046393,0.0,4218.945,0.016614381693027758
4223.638222319877,0.0,4219.415,-0.013886704515008397
4224.103739593361,0.0,4219.881,0.02097162406948394
4224.569256866845,0.0,4220.346,-0.03131593373606134
4225.034774140329,0.0,4220.805,-0.02260131912553498
4225.500291413813,0.0,4221.277,0.029686238680010524
4225.965808687297,0.0,4221.735,0.014435760504799555
4226.431325960781,0.0,4222.202,0.02750761749178232
4226.896843234264,0.0,4222.668,-0.03131593373606134
4227.362360507749,0.0,4223.136,-0.02477994031376296
4227.827877781233,0.0,4223.598,0.014435760504799555
4228.293395054717,0.0,4224.061,-0.02913731254783336
4228.7589123282005,0.0,4224.531,-0.026958561501991163
4229.224429601684,0.0,4224.992,0.018793002881255738
4229.689946875168,0.0,4225.461,0.11247488269359196
4230.155464148653,0.0,4225.926,0.016614381693027758
4230.6209814221365,0.0,4226.39,0.02315037511532614
4231.08649869562,0.0,4226.856,0.014435760504799555
4231.552015969104,0.0,4227.32,-0.03131593373606134
4232.017533242588,0.0,4227.786,-0.03131593373606134
4232.483050516073,0.0,4228.25,0.007899767082501175
4232.948567789556,0.0,4228.716,-0.020422697937306777
4233.41408506304,0.0,4229.18,0.02097162406948394
4233.879602336524,0.0,4229.645,-0.02260131912553498
4234.345119610008,0.0,4230.109,-0.005172089904481814
4234.8106368834915,0.0,4230.572,0.02315037511532614
4235.276154156976,0.0,4231.035,-0.020422697937306777
4235.74167143046,0.0,4231.505,-0.005172089904481814
4236.207188703944,0.0,4231.965,0.02097162406948394
4236.6727059774275,0.0,4232.435,-0.0008148475280254086
4237.138223250911,0.0,4232.901,0.0340436109140807
4237.603740524396,0.0,4233.365,-0.013886704515008397
4238.06925779788,0.0,4233.831,0.016614381693027758
4238.534775071364,0.0,4234.29,-0.0160653257032366
4239.000292344847,0.0,4234.756,0.029686238680010524
4239.465809618331,0.0,4235.221,0.02097162406948394
4239.931326891815,0.0,4235.687,-0.02913731254783336
4240.3968441653,0.0,4236.15,-0.03131593373606134
4240.862361438783,0.0,4236.62,0.02315037511532614
4241.327878712267,0.0,4237.084,-0.007350711092710016
4241.793395985751,0.0,4237.546,0.02532899630355412
4242.258913259235,0.0,4238.017,0.016614381693027758
4242.724430532719,0.0,4238.479,-0.02477994031376296
4243.189947806203,0.0,4238.945,0.02097162406948394
4243.655465079687,0.0,4239.408,-0.0160653257032366
4244.120982353171,0.0,4239.874,0.016614381693027758
4244.586499626655,0.0,4240.34,-0.018244076749078575
4245.052016900138,0.0,4240.805,0.02315037511532614
4245.517534173623,0.0,4241.271,-0.02260131912553498
4245.983051447107,0.0,4241.73,0.04929408908929189
4246.448568720591,0.0,4242.195,0.02315037511532614
4246.914085994074,0.0,4242.66,-0.009529462138551992
4247.379603267558,0.0,4243.128,-0.03131593373606134
4247.845120541043,0.0,4243.59,0.051472710277520095
4248.310637814527,0.0,4244.058,0.016614381693027758
4248.7761550880105,0.0,4244.521,-0.02260131912553498
4249.241672361494,0.0,4244.991,-0.4496165260380389
4249.707189634978,0.0,4245.453,0.3129106291628614
4250.172706908463,0.0,4245.92,-0.693625280631134
4250.6382241819465,0.0,4246.383,0.018793002881255738
4251.10374145543,0.0,4246.849,-0.026958561501991163
4251.569258728914,0.0,4247.314,-0.011708083326780194
4252.034776002398,0.0,4247.779,0.014435760504799555
4252.500293275882,0.0,4248.246,-0.020422697937306777
4252.965810549366,0.0,4248.712,-0.020422697937306777
4253.43132782285,0.0,4249.177,0.09504578333015279
4253.896845096334,0.0,4249.635,-0.02260131912553498
4254.362362369818,0.0,4250.102,-0.02260131912553498
4254.8278796433015,0.0,4250.572,-0.04438779072304433
4255.293396916786,0.0,4251.035,0.02532899630355412
4255.75891419027,0.0,4251.498,-0.02913731254783336
4256.224431463754,0.0,4251.969,-0.02260131912553498
4256.6899487372375,0.0,4252.431,0.018793002881255738
4257.155466010721,0.0,4252.89,0.018793002881255738
4257.620983284205,0.0,4253.355,-0.033494554924289544
4258.08650055769,0.0,4253.82,0.014435760504799555
4258.5520178311735,0.0,4254.287,-0.03131593373606134
4259.017535104657,0.0,4254.753,0.012257139316571353
4259.483052378141,0.0,4255.218,0.014435760504799555
4259.948569651625,0.0,4255.683,-0.020422697937306777
4260.41408692511,0.0,4256.146,0.012257139316571353
4260.879604198593,0.0,4256.616,0.02315037511532614
4261.345121472077,0.0,4257.076,-0.002993468716253611
4261.810638745561,0.0,4257.546,-0.026958561501991163
4262.276156019045,0.0,4258.009,0.018793002881255738
4262.7416732925285,0.0,4258.472,-0.03131593373606134
4263.207190566013,0.0,4258.938,0.02097162406948394
4263.672707839497,0.0,4259.401,-0.02477994031376296
4264.138225112981,0.0,4259.866,0.02097162406948394
4264.603742386465,0.0,4260.331,-0.10321134195088821
4265.069259659948,0.0,4260.797,0.07761655410909962
4265.534776933433,0.0,4261.262,0.014435760504799555
4266.000294206917,0.0,4261.727,0.02097162406948394
4266.465811480401,0.0,4262.194,0.02315037511532614
4266.931328753884,0.0,4262.66,-0.02260131912553498
4267.396846027368,0.0,4263.121,-0.007350711092710016
4267.862363300852,0.0,4263.591,0.005721145894272972
4268.327880574337,0.0,4264.054,0.02097162406948394
4268.79339784782,0.0,4264.517,-0.033494554924289544
4269.258915121304,0.0,4264.98,-0.002993468716253611
4269.724432394788,0.0,4265.45,0.005721145894272972
4270.189949668272,0.0,4265.916,-0.02260131912553498
4270.6554669417565,0.0,4266.379,0.005721145894272972
4271.12098421524,0.0,4266.845,-0.020422697937306777
4271.586501488724,0.0,4267.309,-0.05745964771002732
4272.052018762208,0.0,4267.775,0.02532899630355412
4272.517536035692,0.0,4268.24,0.02097162406948394
4272.983053309175,0.0,4268.705,-0.03131593373606134
4273.44857058266,0.0,4269.165,0.018793002881255738
4273.914087856144,0.0,4269.63,-0.026958561501991163
4274.379605129628,0.0,4270.098,0.16476257035675146
4274.845122403111,0.0,4270.561,0.02315037511532614
4275.310639676595,0.0,4271.028,0.018793002881255738
4275.77615695008,0.0,4271.49,-0.02913731254783336
4276.241674223564,0.0,4271.957,0.042758225524607285
4276.7071914970475,0.0,4272.422,-0.035673176112517746
4277.172708770531,0.0,4272.888,0.012257139316571353
4277.638226044015,0.0,4273.354,-0.061817019944097495
4278.103743317499,0.0,4273.82,0.014435760504799555
4278.5692605909835,0.0,4274.28,-0.02260131912553498
4279.034777864467,0.0,4274.746,0.016614381693027758
4279.500295137951,0.0,4275.214,0.014435760504799555
4279.965812411435,0.0,4275.679,-0.020422697937306777
4280.431329684919,0.0,4276.147,-0.03131593373606134
4280.896846958403,0.0,4276.609,0.014435760504799555
4281.362364231887,0.0,4277.072,0.12772549072641692
4281.827881505371,0.0,4277.535,0.02315037511532614
4282.293398778855,0.0,4278.006,0.014435760504799555
4282.7589160523385,0.0,4278.468,0.32162524377338775
4283.224433325823,0.0,4278.934,0.02315037511532614
4283.689950599307,0.0,4279.397,-0.026958561501991163
4284.155467872791,0.0,4279.862,0.02097162406948394
4284.6209851462745,0.0,4280.328,-0.026958561501991163
4285.086502419758,0.0,4280.794,0.014435760504799555
4285.552019693242,0.0,4281.261,0.014435760504799555
4286.017536966727,0.0,4281.72,0.02315037511532614
4286.483054240211,0.0,4282.192,-0.02260131912553498
4286.948571513694,0.0,4282.65,-0.33850541700464976
4287.414088787178,0.0,4283.12,-0.08578211272983505
4287.879606060662,0.0,4283.583,0.018793002881255738
4288.345123334147,0.0,4284.05,0.014435760504799555
4288.81064060763,0.0,4284.513,-0.013886704515008397
4289.276157881114,0.0,4284.976,0.014435760504799555
4289.741675154598,0.0,4285.446,0.02315037511532614
4290.207192428082,0.0,4285.911,-0.02913731254783336
4290.6727097015655,0.0,4286.376,-0.02260131912553498
4291.13822697505,0.0,4286.841,0.02315037511532614
4291.603744248534,0.0,4287.305,-0.009529462138551992
4292.069261522018,0.0,4287.771,0.02097162406948394
4292.534778795502,0.0,4288.236,0.029686238680010524
4293.000296068985,0.0,4288.702,0.02315037511532614
4293.46581334247,0.0,4289.161,-0.026958561501991163
4293.931330615954,0.0,4289.628,0.02315037511532614
4294.396847889438,0.0,4290.091,-0.02477994031376296
4294.862365162921,0.0,4290.561,-0.03131593373606134
4295.327882436405,0.0,4291.024,0.014435760504799555
4295.793399709889,0.0,4291.487,-0.02477994031376296
4296.258916983374,0.0,4291.953,-0.03131593373606134
4296.724434256857,0.0,4292.416,0.014435760504799555
4297.189951530341,0.0,4292.882,-0.03131593373606134
4297.655468803825,0.0,4293.348,0.02315037511532614
4298.120986077309,0.0,4293.813,0.02532899630355412
4298.5865033507935,0.0,4294.28,0.02097162406948394
4299.052020624277,0.0,4294.746,-0.03131593373606134
4299.517537897761,0.0,4295.206,0.02097162406948394
4299.983055171245,0.0,4295.672,-0.0008148475280254086
4300.448572444729,0.0,4296.135,-0.03131593373606134
4300.914089718212,0.0,4296.605,0.02315037511532614
4301.379606991697,0.0,4297.065,0.014435760504799555
4301.845124265181,0.0,4297.535,-0.03131593373606134
4302.310641538665,0.0,4297.998,0.02315037511532614
4302.776158812148,0.0,4298.461,-0.03785179730074595
4303.241676085632,0.0,4298.926,0.018793002881255738
4303.707193359117,0.0,4299.39,0.014435760504799555
4304.172710632601,0.0,4299.856,-0.002993468716253611
4304.6382279060845,0.0,4300.32,-0.007350711092710016
4305.103745179568,0.0,4300.786,0.018793002881255738
4305.569262453052,0.0,4301.251,0.02097162406948394
4306.034779726536,0.0,4301.717,-0.02913731254783336
4306.5002970000205,0.0,4302.184,-0.026958561501991163
4306.965814273504,0.0,4302.649,0.02315037511532614
4307.431331546988,0.0,4303.11,-0.03131593373606134
4307.896848820472,0.0,4303.579,0.02315037511532614
4308.362366093956,0.0,4304.047,0.018793002881255738
4308.82788336744,0.0,4304.509,0.16476257035675146
4309.293400640924,0.0,4304.973,-0.035673176112517746
4309.758917914408,0.0,4305.435,0.02315037511532614
4310.224435187892,0.0,4305.9,0.018793002881255738
4310.6899524613755,0.0,4306.372,-0.05092378414534271
4311.155469734859,0.0,4306.83,-0.026958561501991163
4311.620987008344,0.0,4307.302,0.02315037511532614
4312.086504281828,0.0,4307.76,0.02315037511532614
4312.5520215553115,0.0,4308.231,0.018793002881255738
4313.017538828795,0.0,4308.69,0.02097162406948394
4313.483056102279,0.0,4309.162,0.02315037511532614
4313.948573375764,0.0,4309.62,0.02315037511532614
4314.414090649248,0.0,4310.091,0.02315037511532614
4314.879607922731,0.0,4310.553,-0.02260131912553498
4315.345125196215,0.0,4311.021,-0.03131593373606134
4315.810642469699,0.0,4311.484,-0.02477994031376296
4316.276159743184,0.0,4311.95,-0.02913731254783336
4316.741677016667,0.0,4312.413,0.02315037511532614
4317.207194290151,0.0,4312.878,-0.03131593373606134
4317.672711563635,0.0,4313.343,-0.005172089904481814
4318.138228837119,0.0,4313.809,0.014435760504799555
4318.6037461106025,0.0,4314.276,0.02315037511532614
4319.069263384087,0.0,4314.741,-0.34286278923871993
4319.534780657571,0.0,4315.206,-0.020422697937306777
4320.000297931055,0.0,4315.671,0.02315037511532614
4320.465815204539,0.0,4316.131,-0.040030548346587924
4320.931332478022,0.0,4316.601,0.02315037511532614
4321.396849751507,0.0,4317.061,0.014435760504799555
4321.862367024991,0.0,4317.531,-0.02260131912553498
4322.327884298475,0.0,4317.995,-0.04874516295711451
4322.793401571958,0.0,4318.457,0.04929408908929189
4323.258918845442,0.0,4318.922,0.014435760504799555
4323.724436118926,0.0,4319.389,0.02097162406948394
4324.189953392411,0.0,4319.855,-0.04874516295711451
4324.655470665894,0.0,4320.321,0.02315037511532614
4325.120987939378,0.0,4320.786,0.018793002881255738
4325.586505212862,0.0,4321.251,-0.035673176112517746
4326.052022486346,0.0,4321.717,0.058008703699818476
4326.5175397598305,0.0,4322.176,-0.05745964771002732
4326.983057033314,0.0,4322.642,-0.12064057117194138
4327.448574306798,0.0,4323.11,0.02315037511532614
4327.914091580282,0.0,4323.572,0.02315037511532614
4328.379608853766,0.0,4324.035,0.02315037511532614
4328.845126127249,0.0,4324.505,-0.026958561501991163
4329.310643400734,0.0,4324.969,-0.005172089904481814
4329.776160674218,0.0,4325.431,0.02315037511532614
4330.241677947702,0.0,4325.897,-0.055281026521799115
4330.707195221185,0.0,4326.362,-0.013886704515008397
4331.172712494669,0.0,4326.828,0.02315037511532614
4331.638229768154,0.0,4327.294,0.02315037511532614
4332.103747041638,0.0,4327.76,0.012257139316571353
4332.5692643151215,0.0,4328.224,0.02315037511532614
4333.034781588605,0.0,4328.689,-0.03131593373606134
4333.500298862089,0.0,4329.15,0.02315037511532614
4333.965816135573,0.0,4329.62,0.02315037511532614
4334.4313334090575,0.0,4330.083,0.014435760504799555
4334.896850682541,0.0,4330.546,0.016614381693027758
4335.362367956025,0.0,4331.017,0.007899767082501175
4335.827885229509,0.0,4331.479,0.06890193949857304
4336.293402502993,0.0,4331.945,0.014435760504799555
4336.758919776477,0.0,4332.407,-0.007350711092710016
4337.224437049961,0.0,4332.873,0.02315037511532614
4337.689954323445,0.0,4333.339,-0.02477994031376296
4338.155471596929,0.0,4333.805,0.02532899630355412
4338.6209888704125,0.0,4334.269,0.018793002881255738
4339.086506143896,0.0,4334.735,-0.03131593373606134
4339.552023417381,0.0,4335.202,-0.0160653257032366
4340.017540690865,0.0,4335.66,-0.03131593373606134
4340.4830579643485,0.0,4336.128,-0.02477994031376296
4340.948575237832,0.0,4336.59,0.016614381693027758
4341.414092511316,0.0,4337.058,0.02097162406948394
4341.879609784801,0.0,4337.521,-0.033494554924289544
4342.345127058285,0.0,4337.991,-0.03131593373606134
4342.810644331768,0.0,4338.453,0.014435760504799555
4343.276161605252,0.0,4338.919,0.02315037511532614
4343.741678878736,0.0,4339.382,0.02097162406948394
4344.20719615222,0.0,4339.848,-0.03131593373606134
4344.672713425704,0.0,4340.313,-0.03131593373606134
4345.138230699188,0.0,4340.779,0.014435760504799555
4345.603747972672,0.0,4341.246,0.02315037511532614
4346.069265246156,0.0,4341.712,-0.020422697937306777
4346.5347825196395,0.0,4342.177,-0.026958561501991163
4347.000299793124,0.0,4342.635,0.02315037511532614
4347.465817066608,0.0,4343.106,-0.02477994031376296
4347.931334340092,0.0,4343.568,-0.02913731254783336
4348.396851613576,0.0,4344.036,-0.020422697937306777
4348.862368887059,0.0,4344.497,-0.02913731254783336
4349.327886160544,0.0,4344.969,0.13208273310287333
4349.793403434028,0.0,4345.431,0.02315037511532614
4350.258920707512,0.0,4345.897,-0.02913731254783336
4350.724437980995,0.0,4346.361,-0.02477994031376296
4351.189955254479,0.0,4346.82,0.029686238680010524
4351.655472527963,0.0,4347.292,0.02315037511532614
4352.120989801448,0.0,4347.75,-0.05745964771002732
4352.586507074931,0.0,4348.217,0.016614381693027758
4353.052024348415,0.0,4348.682,0.0013637736602027939
4353.517541621899,0.0,4349.15,0.007899767082501175
4353.983058895383,0.0,4349.614,-0.026958561501991163
4354.4485761688675,0.0,4350.076,0.036222232102308904
4354.914093442351,0.0,4350.546,-0.02260131912553498
4355.379610715835,0.0,4351.009,0.02315037511532614
4355.845127989319,0.0,4351.472,0.04929408908929189
4356.310645262803,0.0,4351.938,0.018793002881255738
4356.776162536286,0.0,4352.4,-0.0160653257032366
4357.241679809771,0.0,4352.866,0.02315037511532614
4357.707197083255,0.0,4353.332,0.018793002881255738
4358.172714356739,0.0,4353.798,0.012257139316571353
4358.638231630222,0.0,4354.265,0.02097162406948394
4359.103748903706,0.0,4354.731,-0.02477994031376296
4359.569266177191,0.0,4355.195,-0.011708083326780194
4360.034783450675,0.0,4355.661,0.014435760504799555
4360.5003007241585,0.0,4356.124,-0.0008148475280254086
4360.965817997642,0.0,4356.586,0.007899767082501175
4361.431335271126,0.0,4357.05,0.031864859868238726
4361.89685254461,0.0,4357.52,-0.03131593373606134
4362.3623698180945,0.0,4357.98,-0.03131593373606134
4362.827887091578,0.0,4358.45,0.014435760504799555
4363.293404365062,0.0,4358.915,-0.026958561501991163
4363.758921638546,0.0,4359.38,-0.03131593373606134
4364.22443891203,0.0,4359.845,0.02315037511532614
4364.689956185514,0.0,4360.31,0.014435760504799555
4365.155473458998,0.0,4360.776,0.0013637736602027939
4365.620990732482,0.0,4361.236,0.014435760504799555
4366.086508005966,0.0,4361.701,-0.02260131912553498
4366.5520252794495,0.0,4362.166,-0.02477994031376296
4367.017542552933,0.0,4362.631,0.014435760504799555
4367.483059826418,0.0,4363.102,0.018793002881255738
4367.948577099902,0.0,4363.564,0.005721145894272972
4368.4140943733855,0.0,4364.028,0.02315037511532614
4368.879611646869,0.0,4364.49,-0.03131593373606134
4369.345128920353,0.0,4364.957,0.014435760504799555
4369.810646193838,0.0,4365.422,-0.03131593373606134
4370.276163467322,0.0,4365.888,0.02315037511532614
4370.741680740805,0.0,4366.354,0.04057947447876531
4371.207198014289,0.0,4366.82,0.02315037511532614
4371.672715287773,0.0,4367.28,0.007899767082501175
4372.138232561257,0.0,4367.746,-0.005172089904481814
4372.603749834741,0.0,4368.213,-0.3188975665953684
4373.069267108225,0.0,4368.679,-0.02260131912553498
4373.534784381709,0.0,4369.146,0.16694119154497944
4374.000301655193,0.0,4369.609,0.014435760504799555
4374.4658189286765,0.0,4370.072,0.02315037511532614
4374.931336202161,0.0,4370.535,-0.02260131912553498
4375.396853475645,0.0,4371.006,-0.02913731254783336
4375.862370749129,0.0,4371.468,0.02315037511532614
4376.327888022613,0.0,4371.934,0.0035425247060447695
4376.793405296096,0.0,4372.397,0.029686238680010524
4377.25892256958,0.0,4372.862,0.014435760504799555
4377.724439843065,0.0,4373.328,-0.02260131912553498
4378.189957116549,0.0,4373.793,0.02315037511532614
4378.655474390032,0.0,4374.257,0.016614381693027758
4379.120991663516,0.0,4374.723,-0.03131593373606134
4379.586508937,0.0,4375.188,-0.0160653257032366
4380.052026210485,0.0,4375.654,0.02315037511532614
4380.517543483968,0.0,4376.116,-0.02260131912553498
4380.983060757452,0.0,4376.586,-0.007350711092710016
4381.448578030936,0.0,4377.05,0.007899767082501175
4381.91409530442,0.0,4377.513,-0.0160653257032366
4382.3796125779045,0.0,4377.976,-0.03131593373606134
4382.845129851388,0.0,4378.446,-0.009529462138551992
4383.310647124872,0.0,4378.912,-0.020422697937306777
4383.776164398356,0.0,4379.376,-0.02260131912553498
4384.24168167184,0.0,4379.841,0.02315037511532614
4384.707198945323,0.0,4380.305,0.04711546790106369
,,4380.771,0.07543793292087142
,,4381.235,-0.0008148475280254086
,,4381.701,0.02315037511532614
,,4382.166,0.018793002881255738
,,4382.631,-0.03131593373606134
,,4383.094,0.02315037511532614
,,4383.557,0.02315037511532614
,,4384.024,-0.02913731254783336
,,4384.487,0.02315037511532614
,,4384.952,-0.09013948496390523
,,4385.417,0.014435760504799555
,,4385.882,-0.03131593373606134
,,4386.35,-0.02913731254783336
,,4386.815,0.02315037511532614
,,4387.28,0.018793002881255738
,,4387.746,-0.02260131912553498
,,4388.21,-0.035673176112517746
,,4388.676,0.014435760504799555
,,4389.139,0.1407973477133999
,,4389.601,0.014435760504799555
,,4390.065,0.02315037511532614
,,4390.535,0.02315037511532614
,,4390.999,-0.02477994031376296
,,4391.461,0.04057947447876531
,,4391.927,-0.03131593373606134
,,4392.391,0.2540870779350173
,,4392.856,0.02315037511532614
,,4393.321,0.02315037511532614
,,4393.786,0.02315037511532614
,,4394.254,0.014435760504799555
,,4394.719,-0.02260131912553498
,,4395.18,-0.020422697937306777
,,4395.646,0.02315037511532614
,,4396.113,0.016614381693027758
,,4396.576,-0.026958561501991163
,,4397.047,-0.013886704515008397
,,4397.509,-0.002993468716253611
,,4397.972,-0.02260131912553498
,,4398.435,0.02097162406948394
,,4398.901,-0.03131593373606134
,,4399.365,-0.02477994031376296
,,4399.831,0.014435760504799555
,,4400.298,0.02315037511532614
,,4400.764,0.014435760504799555
,,4401.231,-0.03131593373606134
,,4401.697,-0.013886704515008397
,,4402.161,0.02315037511532614
,,4402.62,0.02315037511532614
,,4403.087,0.012257139316571353
,,4403.557,-0.013886704515008397
,,4404.02,-0.02913731254783336
,,4404.483,0.051472710277520095
,,4404.949,-0.03131593373606134
,,4405.412,0.018793002881255738
,,4405.877,-0.03131593373606134
,,4406.342,-0.020422697937306777
,,4406.808,0.02097162406948394
,,4407.273,0.02315037511532614
,,4407.738,-0.02260131912553498
,,4408.203,0.15386933455799667
,,4408.669,0.018793002881255738
,,4409.132,0.014435760504799555
,,4409.601,-0.03131593373606134
,,4410.065,0.018793002881255738
,,4410.527,-0.040030548346587924
,,4410.995,0.060187324888046456
,,4411.458,0.014435760504799555
,,4411.923,-0.02260131912553498
,,4412.389,0.014435760504799555
,,4412.855,-0.013886704515008397
,,4413.316,-0.02260131912553498
,,4413.782,0.018793002881255738
,,4414.246,0.02097162406948394
,,4414.712,-0.03131593373606134
,,4415.18,-0.026958561501991163
,,4415.645,0.02315037511532614
,,4416.106,0.02315037511532614
,,4416.575,-0.026958561501991163
,,4417.036,-0.03131593373606134
,,4417.506,0.02315037511532614
,,4417.969,-0.013886704515008397
,,4418.431,0.018793002881255738
,,4418.897,-0.02913731254783336
,,4419.361,-0.026958561501991163
,,4419.827,-0.0008148475280254086
,,4420.291,0.014435760504799555
,,4420.756,0.007899767082501175
,,4421.222,-0.03131593373606134
,,4421.687,0.02315037511532614
,,4422.15,-0.02477994031376296
,,4422.621,-0.03131593373606134
,,4423.083,0.06454469712211686
,,4423.546,0.014435760504799555
,,4424.014,-0.06835288350878188
,,4424.476,0.018793002881255738
,,4424.942,-0.03131593373606134
,,4425.412,0.02097162406948394
,,4425.87,-0.040030548346587924
,,4426.335,-0.02477994031376296
,,4426.801,0.016614381693027758
,,4427.268,0.018793002881255738
,,4427.734,-0.020422697937306777
,,4428.199,0.02750761749178232
,,4428.665,-0.061817019944097495
,,4429.128,0.018793002881255738
,,4429.59,0.042758225524607285
,,4430.058,-0.03131593373606134
,,4430.52,-0.02260131912553498
,,4430.991,-0.061817019944097495
,,4431.453,0.02315037511532614
,,4431.919,-0.03785179730074595
,,4432.383,-0.009529462138551992
,,4432.848,0.02532899630355412
,,4433.313,0.02097162406948394
,,4433.779,-0.020422697937306777
,,4434.246,-0.033494554924289544
,,4434.705,-0.02477994031376296
,,4435.172,-0.026958561501991163
,,4435.638,0.016614381693027758
,,4436.106,0.012257139316571353
,,4436.569,0.16911981273320764
,,4437.032,-0.2513595306146119
,,4437.502,0.02097162406948394
,,4437.965,0.014435760504799555
,,4438.427,0.0035425247060447695
,,4438.893,-0.011708083326780194
,,4439.357,-0.02477994031376296
,,4439.823,0.02315037511532614
,,4440.287,0.014435760504799555
,,4440.753,-0.02913731254783336
,,4441.217,-0.020422697937306777
,,4441.683,0.007899767082501175
,,4442.146,-0.026958561501991163
,,4442.616,-0.03131593373606134
,,4443.08,0.02097162406948394
,,4443.543,0.02532899630355412
,,4444.006,-0.03131593373606134
,,4444.476,0.02097162406948394
,,4444.942,0.17347705510966405
,,4445.404,-0.24700215838054174
,,4445.87,0.1473333411356983
,,4446.335,0.007899767082501175
,,4446.801,0.5285969836649551
,,4447.265,-0.040030548346587924
,,4447.731,0.051472710277520095
,,4448.195,0.018793002881255738
,,4448.661,0.2780523005783688
,,4449.124,0.02315037511532614
,,4449.586,-0.04438779072304433
,,4450.05,0.02315037511532614
,,4450.52,0.02315037511532614
,,4450.984,-0.0160653257032366
,,4451.446,0.02315037511532614
,,4451.911,-0.03131593373606134
,,4452.376,0.014435760504799555
,,4452.842,0.014435760504799555
,,4453.305,0.016614381693027758
,,4453.771,-0.002993468716253611
,,4454.239,-0.0661742623205539
,,4454.704,0.05365146132336207
,,4455.169,0.005721145894272972
,,4455.635,0.2998387721758782
,,4456.095,-0.002993468716253611
,,4456.565,0.1364401053369435
,,4457.028,-0.03131593373606134
,,4457.49,0.02315037511532614
,,4457.956,0.007899767082501175
,,4458.422,0.005721145894272972
,,4458.887,0.014435760504799555
,,4459.355,0.02097162406948394
,,4459.82,-0.02913731254783336
,,4460.28,0.02315037511532614
,,4460.745,-0.05745964771002732
,,4461.21,-0.026958561501991163
,,4461.676,0.02532899630355412
,,4462.146,0.007899767082501175
,,4462.609,-0.026958561501991163
,,4463.072,0.029686238680010524
,,4463.535,-0.020422697937306777
,,4464.002,-0.013886704515008397
,,4464.465,0.02750761749178232
,,4464.93,-0.026958561501991163
,,4465.401,-0.04874516295711451
,,4465.866,0.0013637736602027939
,,4466.325,0.014435760504799555
,,4466.79,-0.020422697937306777
,,4467.257,0.02315037511532614
,,4467.723,-0.007350711092710016
,,4468.188,0.036222232102308904
,,4468.654,-0.03131593373606134
,,4469.117,0.02315037511532614
,,4469.587,-0.013886704515008397
,,4470.05,-0.03131593373606134
,,4470.512,0.058008703699818476
,,4470.98,0.02315037511532614
,,4471.443,-0.03131593373606134
,,4471.909,0.02097162406948394
,,4472.376,0.02315037511532614
,,4472.842,-0.002993468716253611
,,4473.306,-0.03131593373606134
,,4473.772,0.018793002881255738
,,4474.231,0.012257139316571353
,,4474.697,-0.005172089904481814
,,4475.162,0.02097162406948394
,,4475.628,-0.05092378414534271
,,4476.091,0.018793002881255738
,,4476.561,0.02315037511532614
,,4477.021,-0.02913731254783336
,,4477.49,0.014435760504799555
,,4477.957,-0.020422697937306777
,,4478.421,0.018793002881255738
,,4478.88,0.005721145894272972
,,4479.346,-0.29275385262140263
,,4479.812,0.018793002881255738
,,4480.277,-0.09667534852858983
,,4480.742,0.04057947447876531
,,4481.209,-0.020422697937306777
,,4481.675,0.02315037511532614
,,4482.135,0.018793002881255738
,,4482.605,-0.03131593373606134
,,4483.066,-0.026958561501991163
,,4483.536,0.0340436109140807
,,4483.999,0.007899767082501175
,,4484.461,0.012257139316571353
,,4484.926,-0.03131593373606134
,,4485.39,-0.033494554924289544
,,4485.856,0.02315037511532614
,,4486.321,0.018793002881255738
,,4486.786,-0.035673176112517746
,,4487.251,-0.020422697937306777
,,4487.717,0.02315037511532614
,,4488.184,0.02750761749178232
,,4488.649,0.016614381693027758
,,4489.11,0.012257139316571353
,,4489.579,-0.0160653257032366
,,4490.043,-0.03131593373606134
,,4490.505,0.02315037511532614
,,4490.976,0.02315037511532614
,,4491.438,-0.026958561501991163
,,4491.904,0.018793002881255738
,,4492.368,-0.02477994031376296
,,4492.835,-0.033494554924289544
,,4493.302,-0.05745964771002732
,,4493.76,-0.040030548346587924
,,4494.231,-0.026958561501991163
,,4494.69,0.13208273310287333
,,4495.161,0.018793002881255738
,,4495.62,0.018793002881255738
,,4496.088,0.02532899630355412
,,4496.55,-0.013886704515008397
,,4497.017,-0.009529462138551992
,,4497.487,-0.08360349154160684
,,4497.945,-0.07706749811930846
,,4498.415,-0.08796073391806325
,,4498.881,-0.3973289682324934
,,4499.34,0.02315037511532614
,,4499.805,-0.005172089904481814
,,4500.272,0.02097162406948394
,,4500.738,0.016614381693027758
,,4501.205,-0.03131593373606134
,,4501.671,0.012257139316571353
,,4502.132,0.029686238680010524
,,4502.601,0.060187324888046456
,,4503.065,-0.03131593373606134
,,4503.527,0.014435760504799555
,,4503.991,-0.013886704515008397
,,4504.461,-0.03785179730074595
,,4504.926,0.060187324888046456
,,4505.39,-0.03131593373606134
,,4505.855,0.02315037511532614
,,4506.32,0.031864859868238726
,,4506.786,-0.0160653257032366
,,4507.251,0.012257139316571353
,,4507.717,0.04711546790106369
,,4508.176,0.014435760504799555
,,4508.642,0.014435760504799555
,,4509.109,0.02315037511532614
,,4509.572,-0.03131593373606134
,,4510.035,-0.03131593373606134
,,4510.505,0.02315037511532614
,,4510.969,0.014435760504799555
,,4511.431,-0.03131593373606134
,,4511.897,0.02315037511532614
,,4512.362,0.014435760504799555
,,4512.827,-0.03785179730074595
,,4513.295,-0.03131593373606134
,,4513.76,-0.002993468716253611
,,4514.221,-0.02260131912553498
,,4514.686,0.031864859868238726
,,4515.154,0.02097162406948394
,,4515.617,-0.009529462138551992
,,4516.087,-0.04874516295711451
,,4516.55,0.016614381693027758
,,4517.013,-0.03131593373606134
,,4517.476,0.02532899630355412
,,4517.941,-0.020422697937306777
,,4518.411,-0.14242704276945073
,,4518.877,-0.1598562719905039
,,4519.335,0.05583008251159027
,,4519.801,0.014435760504799555
,,4520.265,-0.002993468716253611
,,4520.731,0.02315037511532614
,,4521.196,0.02097162406948394
,,4521.662,-0.002993468716253611
,,4522.125,0.016614381693027758
,,4522.594,0.029686238680010524
,,4523.058,-0.026958561501991163
,,4523.52,0.04493684671283549
,,4523.991,0.031864859868238726
,,4524.453,-0.005172089904481814
,,4524.919,0.02315037511532614
,,4525.383,-0.03131593373606134
,,4525.848,0.014435760504799555
,,4526.313,0.02315037511532614
,,4526.778,-0.03131593373606134
,,4527.243,-0.026958561501991163
,,4527.709,0.02315037511532614
,,4528.173,0.02315037511532614
,,4528.639,-0.03131593373606134
,,4529.102,0.005721145894272972
,,4529.572,0.014435760504799555
,,4530.032,-0.03131593373606134
,,4530.502,-0.04874516295711451
,,4530.965,0.04929408908929189
,,4531.428,-0.03131593373606134
,,4531.893,0.014435760504799555
,,4532.358,0.012257139316571353
,,4532.824,-0.03785179730074595
,,4533.29,0.0340436109140807
,,4533.756,0.029686238680010524
,,4534.221,0.0013637736602027939
,,4534.68,0.007899767082501175
,,4535.15,-0.07053163455462408
,,4535.613,-0.055281026521799115
,,4536.076,0.014435760504799555
,,4536.546,0.02097162406948394
,,4537.009,0.02315037511532614
,,4537.472,0.02532899630355412
,,4537.938,0.15822657693445308
,,4538.4,0.02315037511532614
,,4538.866,0.0013637736602027939
,,4539.332,-0.04220916953481613
,,4539.798,-0.007350711092710016
,,4540.265,-0.026958561501991163
,,4540.731,0.02097162406948394
,,4541.191,-0.05963839875586929
,,4541.657,-0.02477994031376296
,,4542.124,-0.08142487035337864
,,4542.587,-0.03131593373606134
,,4543.05,0.007899767082501175
,,4543.52,-0.002993468716253611
,,4543.984,0.02532899630355412
,,4544.446,-0.03131593373606134
,,4544.912,0.02315037511532614
,,4545.379,0.02750761749178232
,,4545.845,-0.10321134195088821
,,4546.31,-0.026958561501991163
,,4546.776,0.02315037511532614
,,4547.24,0.02097162406948394
,,4547.706,-0.02260131912553498
,,4548.165,0.016614381693027758
,,4548.631,-0.05963839875586929
,,4549.098,-0.009529462138551992
,,4549.561,0.1386187265251717
,,4550.028,0.02315037511532614
,,4550.491,0.014435760504799555
,,4550.957,-0.026958561501991163
,,4551.422,0.051472710277520095
,,4551.888,-0.018244076749078575
,,4552.354,0.018793002881255738
,,4552.82,-0.02477994031376296
,,4553.28,-0.02477994031376296
,,4553.746,0.02532899630355412
,,4554.213,0.02315037511532614
,,4554.679,0.02315037511532614
,,4555.146,-0.02477994031376296
,,4555.609,0.1495119623239265
,,4556.073,-0.03131593373606134
,,4556.536,0.018793002881255738
,,4557.006,0.016614381693027758
,,4557.468,-0.013886704515008397
,,4557.934,0.036222232102308904
,,4558.397,-0.009529462138551992
,,4558.862,-0.020422697937306777
,,4559.328,0.014435760504799555
,,4559.794,-0.02260131912553498
,,4560.261,-0.03785179730074595
,,4560.726,0.02315037511532614
,,4561.191,0.02097162406948394
,,4561.65,0.02532899630355412
,,4562.12,-0.007350711092710016
,,4562.583,0.060187324888046456
,,4563.051,0.02315037511532614
,,4563.512,0.018793002881255738
,,4563.98,-0.013886704515008397
,,4564.443,0.02750761749178232
,,4564.909,0.02315037511532614
,,4565.376,0.02315037511532614
,,4565.842,-0.03131593373606134
,,4566.306,-0.061817019944097495
,,4566.772,0.007899767082501175
,,4567.232,-0.026958561501991163
,,4567.697,0.012257139316571353
,,4568.162,0.3804487950012314
,,4568.628,-0.040030548346587924
,,4569.091,0.0013637736602027939
,,4569.561,0.014435760504799555
,,4570.024,-0.009529462138551992
,,4570.487,0.014435760504799555
,,4570.952,0.0340436109140807
,,4571.416,-0.061817019944097495
,,4571.881,0.09722440451838099
,,4572.347,0.02315037511532614
,,4572.812,-0.002993468716253611
,,4573.28,-0.0160653257032366
,,4573.746,0.005721145894272972
,,4574.21,0.018793002881255738
,,4574.676,-0.02260131912553498
,,4575.139,0.02315037511532614
,,4575.601,-0.03131593373606134
,,4576.069,-0.020422697937306777
,,4576.531,0.02315037511532614
,,4576.995,0.051472710277520095
,,4577.464,-0.02260131912553498
,,4577.93,0.031864859868238726
,,4578.393,-0.03131593373606134
,,4578.859,0.005721145894272972
,,4579.324,0.007899767082501175
,,4579.79,-0.020422697937306777
,,4580.253,-0.033494554924289544
,,4580.719,0.02315037511532614
,,4581.184,0.04711546790106369
,,4581.65,-0.020422697937306777
,,4582.11,0.02315037511532614
,,4582.58,0.007899767082501175
,,4583.043,-0.03131593373606134
,,4583.505,0.014435760504799555
,,4583.976,0.018793002881255738
,,4584.439,0.07979517529732782
,,4584.904,0.02097162406948394
,,4585.369,-0.12064057117194138
,,4585.835,0.04493684671283549
,,4586.295,-0.314540324218912
,,4586.76,0.1364401053369435
,,4587.225,0.02315037511532614
,,4587.691,0.0035425247060447695
,,4588.165,-0.02260131912553498
,,4588.623,-0.040030548346587924
,,4589.091,-0.02260131912553498
,,4589.554,0.02315037511532614
,,4590.017,0.029686238680010524
,,4590.48,0.22140737053875315
,,4590.945,0.014435760504799555
,,4591.416,-0.02477994031376296
,,4591.882,0.007899767082501175
,,4592.346,-0.04874516295711451
,,4592.805,-0.02477994031376296
,,4593.277,0.012257139316571353
,,4593.735,0.02315037511532614
,,4594.202,-0.005172089904481814
,,4594.668,-0.02260131912553498
,,4595.131,0.016614381693027758
,,4595.601,0.018793002881255738
,,4596.065,-0.018244076749078575
,,4596.528,0.018793002881255738
,,4596.991,0.03840085329053711
,,4597.461,0.051472710277520095
,,4597.92,0.02532899630355412
,,4598.391,0.005721145894272972
,,4598.857,-0.03131593373606134
,,4599.321,0.22358599172698135
,,4599.78,0.014435760504799555
,,4600.246,-0.03131593373606134
,,4600.712,0.02097162406948394
,,4601.177,0.02315037511532614
,,4601.642,-0.013886704515008397
,,4602.106,-0.011708083326780194
,,4602.576,-0.002993468716253611
,,4603.039,0.060187324888046456
,,4603.502,-0.055281026521799115
,,4603.965,0.02315037511532614
,,4604.435,-0.0160653257032366
,,4604.9,0.018793002881255738
,,4605.364,-0.002993468716253611
,,4605.83,-0.02913731254783336
,,4606.29,-0.0008148475280254086
,,4606.756,-0.02260131912553498
,,4607.221,0.02315037511532614
,,4607.686,-0.009529462138551992
,,4608.154,-0.0160653257032366
,,4608.617,0.04929408908929189
,,4609.087,-0.020422697937306777
,,4609.55,0.02315037511532614
,,4610.013,0.0340436109140807
,,4610.476,-0.013886704515008397
,,4610.942,0.02315037511532614
,,4611.412,-0.02260131912553498
,,4611.87,-0.013886704515008397
,,4612.335,0.02315037511532614
,,4612.8,-0.22085844440657598
,,4613.265,-0.02260131912553498
,,4613.731,-0.0008148475280254086
,,4614.198,0.02097162406948394
,,4614.664,-0.02477994031376296
,,4615.132,-0.026958561501991163
,,4615.594,0.02097162406948394
,,4616.057,-0.020422697937306777
,,4616.52,0.02315037511532614
,,4616.988,0.014435760504799555
,,4617.45,-0.03131593373606134
,,4617.916,0.02097162406948394
,,4618.38,0.02315037511532614
,,4618.845,0.17565580615550602
,,4619.31,-0.033494554924289544
,,4619.776,0.02315037511532614
,,4620.243,0.04057947447876531
,,4620.709,-0.17074950778925868
,,4621.176,-0.04438779072304433
,,4621.635,-0.03131593373606134
,,4622.105,-0.007350711092710016
,,4622.568,0.04711546790106369
,,4623.036,0.042758225524607285
,,4623.498,-0.02260131912553498
,,4623.969,-0.03131593373606134
,,4624.431,0.02315037511532614
,,4624.897,-0.0639956411323257
,,4625.355,-0.005172089904481814
,,4625.82,-0.0160653257032366
,,4626.287,-0.02913731254783336
,,4626.752,0.02097162406948394
,,4627.217,0.012257139316571353
,,4627.682,0.3804487950012314
,,4628.15,0.04929408908929189
,,4628.613,0.14297596890162811
,,4629.076,-0.03131593373606134
,,4629.546,0.014435760504799555
,,4630.006,0.02315037511532614
,,4630.476,-0.0160653257032366
,,4630.941,0.014435760504799555
,,4631.404,-0.007350711092710016
,,4631.87,0.02315037511532614
,,4632.335,-0.03131593373606134
,,4632.801,0.02750761749178232
,,4633.261,-0.026958561501991163
,,4633.727,0.02315037511532614
,,4634.194,0.012257139316571353
,,4634.66,-0.026958561501991163
,,4635.121,-0.02477994031376296
,,4635.591,0.029686238680010524
,,4636.054,-0.04874516295711451
,,4636.516,0.018793002881255738
,,4636.984,-0.07706749811930846
,,4637.446,-0.026958561501991163
,,4637.912,0.014435760504799555
,,4638.376,0.018793002881255738
,,4638.842,-0.04438779072304433
,,4639.306,-0.026958561501991163
,,4639.772,0.02097162406948394
,,4640.239,0.014435760504799555
,,4640.705,0.0340436109140807
,,4641.169,-0.03131593373606134
,,4641.635,0.058008703699818476
,,4642.098,-0.03131593373606134
,,4642.561,0.014435760504799555
,,4643.028,0.02097162406948394
,,4643.49,0.02315037511532614
,,4643.957,0.07761655410909962
,,4644.422,-0.4104008252194764
,,4644.888,-0.6086579505005174
,,4645.354,0.012257139316571353
,,4645.819,0.17565580615550602
,,4646.283,-0.026958561501991163
,,4646.749,0.018793002881255738
,,4647.216,0.018793002881255738
,,4647.675,0.016614381693027758
,,4648.143,0.02315037511532614
,,4648.612,0.04057947447876531
,,4649.072,-0.03131593373606134
,,4649.535,0.02097162406948394
,,4650.006,0.018793002881255738
