EMG_time_ms,EMG_value,FORCE_time_ms,FORCE_newtons
0.0,0.0,0.467,0.00037446756020387273
0.4655172734839499,0.0,0.933,0.04319847563481494
0.9310345469678998,0.0,1.399,0.00037446756020387273
1.3965518204518497,0.0,1.864,0.003982839745059419
1.8620690939357996,0.0,2.329,0.009089082170730456
2.3275863674197494,0.0,2.795,0.025769311342568768
2.7931036409036993,0.0,3.258,0.021412004037305588
3.2586209143876492,0.0,3.719,0.00037446756020387273
3.724138187871599,0.0,4.188,0.002553153677239073
4.189655461355549,0.0,4.65,0.02216100408652033
4.655172734839499,0.0,5.121,0.05409177636237661
5.120690008323448,0.0,5.583,0.006910460982502253
5.586207281807399,0.0,6.049,0.009089082170730456
6.051724555291348,0.0,6.514,0.01562501066422195
6.5172418287752985,0.0,6.98,0.00037446756020387273
6.982759102259248,0.0,7.439,0.004731774865467164
7.448276375743198,0.0,7.905,0.02794793253079697
7.913793649227148,0.0,8.369,0.0831631765025923
8.379310922711097,0.0,8.834,0.00037446756020387273
8.844828196195047,0.0,9.306,0.010518768238550802
9.310345469678998,0.0,9.764,0.0018041536280242187
9.775862743162946,0.0,10.232,0.006910460982502253
10.241380016646897,0.0,10.695,0.009089082170730456
10.706897290130847,0.0,11.165,0.017054696732042296
11.172414563614797,0.0,11.628,0.009089082170730456
11.637931837098746,0.0,12.093,0.28067123680561157
12.103449110582696,0.0,12.556,0.017054696732042296
12.568966384066647,0.0,13.022,0.03230523983606026
13.034483657550597,0.0,13.487,0.008340082121515713
13.500000931034545,0.0,13.952,0.298849433611476
13.965518204518496,0.0,14.418,0.009089082170730456
14.431035478002446,0.0,14.883,0.026518246462976625
14.896552751486396,0.0,15.35,0.024339625274748422
15.362070024970345,0.0,15.809,0.01562501066422195
15.827587298454295,0.0,16.276,0.004731774865467164
16.293104571938244,0.0,16.739,0.00037446756020387273
16.758621845422194,0.0,17.209,0.00037446756020387273
17.224139118906145,0.0,17.672,0.0018041536280242187
17.689656392390095,0.0,18.135,0.006910460982502253
18.155173665874045,0.0,18.605,0.033054239885275005
18.620690939357996,0.0,19.064,0.012697389426779004
19.086208212841946,0.0,19.535,0.004731774865467164
19.551725486325893,0.0,19.994,0.009089082170730456
20.017242759809843,0.0,20.466,0.002553153677239073
20.482760033293793,0.0,20.924,0.017054696732042296
20.948277306777744,0.0,21.391,0.009089082170730456
21.413794580261694,0.0,21.856,0.00616146093328751
21.879311853745644,0.0,22.321,0.01998231796948524
22.344829127229595,0.0,22.787,0.028696932580011714
22.810346400713545,0.0,23.25,0.04612609687225788
23.275863674197492,0.0,23.72,0.00616146093328751
23.741380947681442,0.0,24.18,0.00037446756020387273
24.206898221165392,0.0,24.65,0.04319847563481494
24.672415494649343,0.0,25.113,0.009089082170730456
25.137932768133293,0.0,25.576,0.00037446756020387273
25.603450041617243,0.0,26.041,0.0018041536280242187
26.068967315101194,0.0,26.506,0.00037446756020387273
26.53448458858514,0.0,26.972,0.008340082121515713
27.00000186206909,0.0,27.435,0.008340082121515713
27.46551913555304,0.0,27.901,0.009089082170730456
27.93103640903699,0.0,28.366,0.004731774865467164
28.396553682520942,0.0,28.832,0.0018041536280242187
28.862070956004892,0.0,29.295,0.006910460982502253
29.327588229488843,0.0,29.765,0.009089082170730456
29.793105502972793,0.0,30.228,0.009089082170730456
30.25862277645674,0.0,30.691,0.04755578294007823
30.72414004994069,0.0,31.154,0.028696932580011714
31.18965732342464,0.0,31.624,0.09187772618431189
31.65517459690859,0.0,32.09,0.00037446756020387273
32.12069187039254,0.0,32.553,0.02794793253079697
32.58620914387649,0.0,33.019,0.00037446756020387273
33.05172641736044,0.0,33.483,0.002553153677239073
33.51724369084439,0.0,33.949,0.008340082121515713
33.98276096432834,0.0,34.413,0.00037446756020387273
34.44827823781229,0.0,34.878,0.008340082121515713
34.91379551129624,0.0,35.344,0.02359062522553368
35.37931278478019,0.0,35.809,0.00037446756020387273
35.84483005826414,0.0,36.272,0.017054696732042296
36.31034733174809,0.0,36.735,0.0018041536280242187
36.77586460523204,0.0,37.202,0.024339625274748422
37.24138187871599,0.0,37.665,0.008340082121515713
37.70689915219994,0.0,38.132,0.028696932580011714
38.17241642568389,0.0,38.595,0.00616146093328751
38.63793369916784,0.0,39.061,0.00037446756020387273
39.103450972651785,0.0,39.524,0.011267703358958658
39.56896824613574,0.0,39.99,0.01562501066422195
40.034485519619686,0.0,40.455,0.003982839745059419
40.50000279310364,0.0,40.92,0.01562501066422195
40.96552006658759,0.0,41.387,0.003982839745059419
41.43103734007154,0.0,41.853,0.00037446756020387273
41.89655461355549,0.0,42.318,0.025769311342568768
42.36207188703944,0.0,42.783,0.03230523983606026
42.82758916052339,0.0,43.246,0.00616146093328751
43.293106434007335,0.0,43.709,0.00037446756020387273
43.75862370749129,0.0,44.177,0.024339625274748422
44.224140980975235,0.0,44.639,0.04612609687225788
44.68965825445919,0.0,45.11,0.00037446756020387273
45.155175527943136,0.0,45.572,0.01780369678125704
45.62069280142709,0.0,46.038,0.02794793253079697
46.08621007491104,0.0,46.502,0.00037446756020387273
46.551727348394984,0.0,46.967,0.00616146093328751
47.01724462187894,0.0,47.432,0.009089082170730456
47.482761895362884,0.0,47.898,0.033054239885275005
47.94827916884684,0.0,48.365,0.01998231796948524
48.413796442330785,0.0,48.831,0.008340082121515713
48.87931371581474,0.0,49.293,0.00037446756020387273
49.344830989298686,0.0,49.755,0.008340082121515713
49.81034826278263,0.0,50.225,0.021412004037305588
50.275865536266586,0.0,50.687,0.025769311342568768
50.74138280975053,0.0,51.15,0.003982839745059419
51.20690008323449,0.0,51.62,0.00037446756020387273
51.672417356718434,0.0,52.086,0.00037446756020387273
52.13793463020239,0.0,52.549,0.03230523983606026
52.603451903686334,0.0,53.014,0.0875204838078556
53.06896917717028,0.0,53.48,0.028696932580011714
53.534486450654235,0.0,53.945,0.00037446756020387273
54.00000372413818,0.0,54.41,0.02794793253079697
54.465520997622136,0.0,54.876,0.04830478298929308
54.93103827110608,0.0,55.335,0.003982839745059419
55.396555544590036,0.0,55.801,0.01998231796948524
55.86207281807398,0.0,56.269,0.01998231796948524
56.32759009155794,0.0,56.731,0.1129152626614136
56.793107365041884,0.0,57.195,0.03448392595309535
57.25862463852583,0.0,57.664,0.00037446756020387273
57.724141912009785,0.0,58.125,0.036662547141323554
58.18965918549373,0.0,58.595,0.02359062522553368
58.655176458977685,0.0,59.061,0.058449018738833014
59.12069373246163,0.0,59.524,0.03448392595309535
59.586211005945586,0.0,59.989,0.0018041536280242187
60.05172827942953,0.0,60.454,0.010518768238550802
60.51724555291348,0.0,60.919,0.010518768238550802
60.98276282639743,0.0,61.384,0.021412004037305588
61.44828009988138,0.0,61.849,0.00037446756020387273
61.913797373365334,0.0,62.314,0.011267703358958658
62.37931464684928,0.0,62.78,0.003982839745059419
62.844831920333235,0.0,63.243,0.04394747568402979
63.31034919381718,0.0,63.705,0.15287996352919087
63.77586646730113,0.0,64.173,0.009089082170730456
64.24138374078508,0.0,64.635,0.02216100408652033
64.70690101426904,0.0,65.101,0.009089082170730456
65.17241828775298,0.0,65.567,0.05627039755060481
65.63793556123693,0.0,66.033,0.04319847563481494
66.10345283472088,0.0,66.498,0.00037446756020387273
66.56897010820484,0.0,66.964,0.02794793253079697
67.03448738168878,0.0,67.428,0.00037446756020387273
67.50000465517273,0.0,67.894,0.00037446756020387273
67.96552192865668,0.0,68.359,0.002553153677239073
68.43103920214062,0.0,68.824,0.00037446756020387273
68.89655647562458,0.0,69.287,0.00037446756020387273
69.36207374910853,0.0,69.75,0.033054239885275005
69.82759102259249,0.0,70.217,0.012697389426779004
70.29310829607643,0.0,70.679,0.01998231796948524
70.75862556956038,0.0,71.15,0.009089082170730456
71.22414284304433,0.0,71.612,0.006910460982502253
71.68966011652827,0.0,72.078,0.028696932580011714
72.15517739001223,0.0,72.541,0.01562501066422195
72.62069466349618,0.0,73.007,0.01562501066422195
73.08621193698013,0.0,73.475,0.01998231796948524
73.55172921046407,0.0,73.934,0.00037446756020387273
74.01724648394803,0.0,74.399,0.00037446756020387273
74.48276375743198,0.0,74.864,0.00037446756020387273
74.94828103091592,0.0,75.329,0.00037446756020387273
75.41379830439988,0.0,75.794,0.03448392595309535
75.87931557788383,0.0,76.265,0.00616146093328751
76.34483285136778,0.0,76.727,0.017054696732042296
76.81035012485172,0.0,77.195,0.00037446756020387273
77.27586739833568,0.0,77.657,0.00037446756020387273
77.74138467181963,0.0,78.121,0.05627039755060481
78.20690194530357,0.0,78.591,0.006910460982502253
78.67241921878752,0.0,79.049,0.009089082170730456
79.13793649227148,0.0,79.514,0.009089082170730456
79.60345376575543,0.0,79.98,0.00616146093328751
80.06897103923937,0.0,80.447,0.00616146093328751
80.53448831272333,0.0,80.913,0.01780369678125704
81.00000558620728,0.0,81.377,0.01998231796948524
81.46552285969122,0.0,81.843,0.002553153677239073
81.93104013317517,0.0,82.31,0.010518768238550802
82.39655740665913,0.0,82.775,0.003982839745059419
82.86207468014308,0.0,83.235,0.00037446756020387273
83.32759195362702,0.0,83.705,0.009089082170730456
83.79310922711097,0.0,84.166,0.012697389426779004
84.25862650059493,0.0,84.629,0.00616146093328751
84.72414377407888,0.0,85.094,0.0018041536280242187
85.18966104756282,0.0,85.565,0.00037446756020387273
85.65517832104678,0.0,86.031,0.00037446756020387273
86.12069559453073,0.0,86.494,0.00037446756020387273
86.58621286801467,0.0,86.96,0.028696932580011714
87.05173014149862,0.0,87.425,0.004731774865467164
87.51724741498258,0.0,87.884,0.05191309024534152
87.98276468846653,0.0,88.35,0.003982839745059419
88.44828196195047,0.0,88.816,0.012697389426779004
88.91379923543442,0.0,89.284,0.04394747568402979
89.37931650891838,0.0,89.746,0.004731774865467164
89.84483378240232,0.0,90.21,0.01780369678125704
90.31035105588627,0.0,90.679,0.030875553768239916
90.77586832937023,0.0,91.14,0.00037446756020387273
91.24138560285418,0.0,91.61,0.0018041536280242187
91.70690287633812,0.0,92.075,0.012697389426779004
92.17242014982207,0.0,92.538,0.00037446756020387273
92.63793742330603,0.0,93.004,0.05191309024534152
93.10345469678997,0.0,93.469,0.0018041536280242187
93.56897197027392,0.0,93.935,0.00616146093328751
94.03448924375787,0.0,94.399,0.00037446756020387273
94.50000651724183,0.0,94.864,0.002553153677239073
94.96552379072577,0.0,95.324,0.01780369678125704
95.43104106420972,0.0,95.79,0.04612609687225788
95.89655833769368,0.0,96.258,0.026518246462976625
96.36207561117762,0.0,96.72,0.0831631765025923
96.82759288466157,0.0,97.188,0.012697389426779004
97.29311015814552,0.0,97.651,0.050483404177521174
97.75862743162948,0.0,98.114,0.028696932580011714
98.22414470511342,0.0,98.583,0.009089082170730456
98.68966197859737,0.0,99.049,0.003982839745059419
99.15517925208133,0.0,99.514,0.003982839745059419
99.62069652556526,0.0,99.98,0.04537716175185014
100.08621379904922,0.0,100.439,0.003982839745059419
100.55173107253317,0.0,100.905,0.002553153677239073
101.01724834601713,0.0,101.369,0.00037446756020387273
101.48276561950107,0.0,101.835,0.02794793253079697
101.94828289298502,0.0,102.307,0.017054696732042296
102.41380016646897,0.0,102.765,0.009089082170730456
102.87931743995291,0.0,103.229,0.010518768238550802
103.34483471343687,0.0,103.698,0.028696932580011714
103.81035198692082,0.0,104.161,0.01998231796948524
104.27586926040478,0.0,104.624,0.01780369678125704
104.74138653388871,0.0,105.09,0.0018041536280242187
105.20690380737267,0.0,105.56,0.01998231796948524
105.67242108085662,0.0,106.026,0.01780369678125704
106.13793835434056,0.0,106.491,0.00037446756020387273
106.60345562782452,0.0,106.949,0.02216100408652033
107.06897290130847,0.0,107.42,0.004731774865467164
107.53449017479242,0.0,107.879,0.00037446756020387273
108.00000744827636,0.0,108.35,0.00037446756020387273
108.46552472176032,0.0,108.809,0.00037446756020387273
108.93104199524427,0.0,109.276,0.00037446756020387273
109.39655926872823,0.0,109.746,0.02359062522553368
109.86207654221217,0.0,110.21,0.00037446756020387273
110.32759381569612,0.0,110.672,0.00037446756020387273
110.79311108918007,0.0,111.136,0.01562501066422195
111.25862836266401,0.0,111.605,0.00616146093328751
111.72414563614797,0.0,112.071,0.028696932580011714
112.18966290963192,0.0,112.535,0.054840711482784466
112.65518018311587,0.0,113.001,0.00037446756020387273
113.12069745659981,0.0,113.465,0.00037446756020387273
113.58621473008377,0.0,113.931,0.012697389426779004
114.05173200356772,0.0,114.396,0.01780369678125704
114.51724927705166,0.0,114.854,0.00037446756020387273
114.98276655053562,0.0,115.321,0.009089082170730456
115.44828382401957,0.0,115.786,0.00037446756020387273
115.91380109750352,0.0,116.254,0.00037446756020387273
116.37931837098746,0.0,116.716,0.01998231796948524
116.84483564447142,0.0,117.18,0.03012661864783206
117.31035291795537,0.0,117.65,0.00037446756020387273
117.77587019143931,0.0,118.11,0.00037446756020387273
118.24138746492326,0.0,118.58,0.03448392595309535
118.70690473840722,0.0,119.045,0.00037446756020387273
119.17242201189117,0.0,119.51,0.057019397599819555
119.63793928537511,0.0,119.969,0.01998231796948524
120.10345655885907,0.0,120.435,0.00037446756020387273
120.56897383234302,0.0,120.902,0.01562501066422195
121.03449110582696,0.0,121.369,0.00037446756020387273
121.50000837931091,0.0,121.834,0.009089082170730456
121.96552565279487,0.0,122.294,0.01998231796948524
122.43104292627882,0.0,122.765,0.017054696732042296
122.89656019976276,0.0,123.228,0.00037446756020387273
123.36207747324671,0.0,123.691,0.01998231796948524
123.82759474673067,0.0,124.154,0.008340082121515713
124.29311202021461,0.0,124.624,0.00616146093328751
124.75862929369856,0.0,125.089,0.04319847563481494
125.22414656718252,0.0,125.552,0.03012661864783206
125.68966384066647,0.0,126.018,0.04537716175185014
126.15518111415041,0.0,126.483,0.01780369678125704
126.62069838763436,0.0,126.949,0.1129152626614136
127.08621566111832,0.0,127.413,0.01562501066422195
127.55173293460226,0.0,127.879,0.0018041536280242187
128.0172502080862,0.0,128.344,0.024339625274748422
128.48276748157016,0.0,128.81,0.002553153677239073
128.94828475505412,0.0,129.273,0.04537716175185014
129.41380202853807,0.0,129.735,0.04612609687225788
129.87931930202203,0.0,130.202,0.025769311342568768
130.34483657550595,0.0,130.665,0.01780369678125704
130.8103538489899,0.0,131.132,0.01562501066422195
131.27587112247386,0.0,131.595,0.01998231796948524
131.7413883959578,0.0,132.061,0.04319847563481494
132.20690566944177,0.0,132.524,0.008340082121515713
132.67242294292572,0.0,132.99,0.00037446756020387273
133.13794021640967,0.0,133.454,0.002553153677239073
133.6034574898936,0.0,133.919,0.01998231796948524
134.06897476337755,0.0,134.384,0.02216100408652033
134.5344920368615,0.0,134.849,0.00037446756020387273
135.00000931034546,0.0,135.321,0.00037446756020387273
135.46552658382942,0.0,135.779,0.00037446756020387273
135.93104385731337,0.0,136.247,0.0018041536280242187
136.39656113079732,0.0,136.709,0.03012661864783206
136.86207840428125,0.0,137.177,0.02359062522553368
137.3275956777652,0.0,137.64,0.038841168329551756
137.79311295124916,0.0,138.11,0.00037446756020387273
138.2586302247331,0.0,138.573,0.00616146093328751
138.72414749821706,0.0,139.038,0.3177083164359459
139.18966477170102,0.0,139.502,0.02216100408652033
139.65518204518497,0.0,139.967,0.008340082121515713
140.1206993186689,0.0,140.432,0.004731774865467164
140.58621659215285,0.0,140.898,0.036662547141323554
141.0517338656368,0.0,141.363,0.00616146093328751
141.51725113912076,0.0,141.829,0.011267703358958658
141.9827684126047,0.0,142.291,0.00037446756020387273
142.44828568608867,0.0,142.754,0.012697389426779004
142.91380295957262,0.0,143.224,0.028696932580011714
143.37932023305655,0.0,143.687,0.003982839745059419
143.8448375065405,0.0,144.15,0.00037446756020387273
144.31035478002445,0.0,144.62,0.00037446756020387273
144.7758720535084,0.0,145.079,0.00037446756020387273
145.24138932699236,0.0,145.549,0.028696932580011714
145.70690660047632,0.0,146.015,0.026518246462976625
146.17242387396027,0.0,146.48,0.00037446756020387273
146.6379411474442,0.0,146.945,0.00037446756020387273
147.10345842092815,0.0,147.411,0.0018041536280242187
147.5689756944121,0.0,147.869,0.32499321251424873
148.03449296789606,0.0,148.336,0.02216100408652033
148.50001024138,0.0,148.802,0.00037446756020387273
148.96552751486396,0.0,149.265,0.003982839745059419
149.43104478834792,0.0,149.734,0.017054696732042296
149.89656206183184,0.0,150.195,0.002553153677239073
150.3620793353158,0.0,150.665,0.014876075543814093
150.82759660879975,0.0,151.128,0.00037446756020387273
151.2931138822837,0.0,151.591,0.01562501066422195
151.75863115576766,0.0,152.057,0.019233382849077385
152.2241484292516,0.0,152.524,0.006910460982502253
152.68966570273557,0.0,152.99,0.00037446756020387273
153.1551829762195,0.0,153.454,0.00037446756020387273
153.62070024970345,0.0,153.92,0.00616146093328751
154.0862175231874,0.0,154.384,0.026518246462976625
154.55173479667135,0.0,154.85,0.0018041536280242187
155.0172520701553,0.0,155.31,0.00037446756020387273
155.48276934363926,0.0,155.775,0.050483404177521174
155.94828661712322,0.0,156.243,0.01998231796948524
156.41380389060714,0.0,156.706,0.002553153677239073
156.8793211640911,0.0,157.169,0.02794793253079697
157.34483843757505,0.0,157.639,0.00037446756020387273
157.810355711059,0.0,158.11,0.00037446756020387273
158.27587298454296,0.0,158.564,0.08459286257041265
158.7413902580269,0.0,159.03,0.010518768238550802
159.20690753151086,0.0,159.494,0.00037446756020387273
159.6724248049948,0.0,159.96,0.010518768238550802
160.13794207847874,0.0,160.425,0.012697389426779004
160.6034593519627,0.0,160.891,0.003982839745059419
161.06897662544665,0.0,161.358,0.01998231796948524
161.5344938989306,0.0,161.824,0.010518768238550802
162.00001117241456,0.0,162.284,0.010518768238550802
162.4655284458985,0.0,162.754,0.01562501066422195
162.93104571938244,0.0,163.217,0.0018041536280242187
163.3965629928664,0.0,163.679,0.019233382849077385
163.86208026635035,0.0,164.147,0.019233382849077385
164.3275975398343,0.0,164.61,0.028696932580011714
164.79311481331825,0.0,165.076,0.01562501066422195
165.2586320868022,0.0,165.539,0.00037446756020387273
165.72414936028616,0.0,166.004,0.012697389426779004
166.1896666337701,0.0,166.469,0.0018041536280242187
166.65518390725404,0.0,166.935,0.030875553768239916
167.120701180738,0.0,167.399,0.002553153677239073
167.58621845422195,0.0,167.865,0.008340082121515713
168.0517357277059,0.0,168.332,0.18916797818150355
168.51725300118986,0.0,168.797,0.002553153677239073
168.9827702746738,0.0,169.265,0.026518246462976625
169.44828754815777,0.0,169.728,0.038841168329551756
169.9138048216417,0.0,170.191,0.00037446756020387273
170.37932209512564,0.0,170.654,0.010518768238550802
170.8448393686096,0.0,171.125,0.05191309024534152
171.31035664209355,0.0,171.587,0.014876075543814093
171.7758739155775,0.0,172.052,0.00037446756020387273
172.24139118906146,0.0,172.517,0.04319847563481494
172.7069084625454,0.0,172.982,0.02216100408652033
173.17242573602934,0.0,173.447,0.028696932580011714
173.6379430095133,0.0,173.913,0.008340082121515713
174.10346028299725,0.0,174.377,0.021412004037305588
174.5689775564812,0.0,174.843,0.019233382849077385
175.03449482996515,0.0,175.309,0.00616146093328751
175.5000121034491,0.0,175.775,0.003982839745059419
175.96552937693306,0.0,176.236,0.00037446756020387273
176.431046650417,0.0,176.705,0.0018041536280242187
176.89656392390094,0.0,177.165,0.006910460982502253
177.3620811973849,0.0,177.635,0.002553153677239073
177.82759847086885,0.0,178.102,0.00616146093328751
178.2931157443528,0.0,178.56,0.09330741225213224
178.75863301783676,0.0,179.025,0.002553153677239073
179.2241502913207,0.0,179.491,0.036662547141323554
179.68966756480464,0.0,179.956,0.00037446756020387273
180.1551848382886,0.0,180.421,0.00037446756020387273
180.62070211177254,0.0,180.887,0.009089082170730456
181.0862193852565,0.0,181.354,0.00037446756020387273
181.55173665874045,0.0,181.82,0.028696932580011714
182.0172539322244,0.0,182.28,0.010518768238550802
182.48277120570836,0.0,182.75,0.012697389426779004
182.94828847919229,0.0,183.21,0.00037446756020387273
183.41380575267624,0.0,183.68,0.02794793253079697
183.8793230261602,0.0,184.143,0.03012661864783206
184.34484029964415,0.0,184.606,0.0018041536280242187
184.8103575731281,0.0,185.071,0.00037446756020387273
185.27587484661206,0.0,185.535,0.006910460982502253
185.741392120096,0.0,186.001,0.013446389475993747
186.20690939357993,0.0,186.465,0.009089082170730456
186.6724266670639,0.0,186.931,0.02359062522553368
187.13794394054784,0.0,187.396,0.03230523983606026
187.6034612140318,0.0,187.861,0.036662547141323554
188.06897848751575,0.0,188.328,0.00037446756020387273
188.5344957609997,0.0,188.794,0.003982839745059419
189.00001303448366,0.0,189.254,0.01780369678125704
189.46553030796758,0.0,189.724,0.01562501066422195
189.93104758145154,0.0,190.188,0.01998231796948524
190.3965648549355,0.0,190.65,0.025769311342568768
190.86208212841944,0.0,191.121,0.01998231796948524
191.3275994019034,0.0,191.583,0.03230523983606026
191.79311667538735,0.0,192.049,0.05409177636237661
192.2586339488713,0.0,192.514,0.00037446756020387273
192.72415122235523,0.0,192.979,0.008340082121515713
193.1896684958392,0.0,193.439,0.00037446756020387273
193.65518576932314,0.0,193.905,0.00037446756020387273
194.1207030428071,0.0,194.369,0.0875204838078556
194.58622031629105,0.0,194.835,0.019233382849077385
195.051737589775,0.0,195.307,0.00037446756020387273
195.51725486325896,0.0,195.765,0.008340082121515713
195.98277213674288,0.0,196.232,0.030875553768239916
196.44828941022683,0.0,196.694,0.010518768238550802
196.9138066837108,0.0,197.165,0.026518246462976625
197.37932395719474,0.0,197.627,0.0018041536280242187
197.8448412306787,0.0,198.093,0.006910460982502253
198.31035850416265,0.0,198.556,0.011267703358958658
198.7758757776466,0.0,199.022,0.0374115471905383
199.24139305113053,0.0,199.487,0.00037446756020387273
199.70691032461448,0.0,199.953,0.011267703358958658
200.17242759809844,0.0,200.418,0.0018041536280242187
200.6379448715824,0.0,200.883,0.02794793253079697
201.10346214506635,0.0,201.35,0.028696932580011714
201.5689794185503,0.0,201.809,0.02794793253079697
202.03449669203425,0.0,202.276,0.012697389426779004
202.50001396551818,0.0,202.739,0.01562501066422195
202.96553123900213,0.0,203.209,0.028696932580011714
203.4310485124861,0.0,203.672,0.01562501066422195
203.89656578597004,0.0,204.14,0.009089082170730456
204.362083059454,0.0,204.602,0.009089082170730456
204.82760033293795,0.0,205.068,0.01780369678125704
205.2931176064219,0.0,205.534,0.04319847563481494
205.75863487990583,0.0,205.999,0.01998231796948524
206.22415215338978,0.0,206.465,0.028696932580011714
206.68966942687373,0.0,206.93,0.006910460982502253
207.1551867003577,0.0,207.395,0.14123772768122134
207.62070397384164,0.0,207.854,0.05627039755060481
208.0862212473256,0.0,208.321,0.01998231796948524
208.55173852080955,0.0,208.787,0.009089082170730456
209.01725579429348,0.0,209.254,0.02794793253079697
209.48277306777743,0.0,209.717,0.00037446756020387273
209.94829034126138,0.0,210.18,0.04537716175185014
210.41380761474534,0.0,210.65,0.00037446756020387273
210.8793248882293,0.0,211.113,0.02794793253079697
211.34484216171325,0.0,211.576,0.011267703358958658
211.8103594351972,0.0,212.042,0.03012661864783206
212.27587670868112,0.0,212.507,0.01780369678125704
212.74139398216508,0.0,212.973,0.012697389426779004
213.20691125564903,0.0,213.44,0.04830478298929308
213.672428529133,0.0,213.905,0.017054696732042296
214.13794580261694,0.0,214.37,0.009089082170730456
214.6034630761009,0.0,214.836,0.06355532609331105
215.06898034958485,0.0,215.298,0.01780369678125704
215.5344976230688,0.0,215.761,0.02359062522553368
216.00001489655273,0.0,216.224,0.00037446756020387273
216.46553217003668,0.0,216.694,0.012697389426779004
216.93104944352064,0.0,217.158,0.01780369678125704
217.3965667170046,0.0,217.62,0.019233382849077385
217.86208399048854,0.0,218.086,0.06791263339857434
218.3276012639725,0.0,218.549,0.008340082121515713
218.79311853745645,0.0,219.014,0.009089082170730456
219.25863581094038,0.0,219.48,0.00037446756020387273
219.72415308442433,0.0,219.945,0.01998231796948524
220.18967035790828,0.0,220.411,0.057019397599819555
220.65518763139224,0.0,220.877,0.2552764579520536
221.1207049048762,0.0,221.344,0.009089082170730456
221.58622217836015,0.0,221.809,0.025769311342568768
222.0517394518441,0.0,222.272,0.03230523983606026
222.51725672532802,0.0,222.735,0.01998231796948524
222.98277399881198,0.0,223.199,0.0018041536280242187
223.44829127229593,0.0,223.669,0.006910460982502253
223.9138085457799,0.0,224.132,0.00037446756020387273
224.37932581926384,0.0,224.595,0.009089082170730456
224.8448430927478,0.0,225.061,0.003982839745059419
225.31036036623175,0.0,225.524,0.00037446756020387273
225.77587763971567,0.0,225.99,0.00037446756020387273
226.24139491319963,0.0,226.455,0.00037446756020387273
226.70691218668358,0.0,226.92,0.02359062522553368
227.17242946016754,0.0,227.388,0.010518768238550802
227.6379467336515,0.0,227.853,0.009089082170730456
228.10346400713544,0.0,228.321,0.004731774865467164
228.5689812806194,0.0,228.779,0.00037446756020387273
229.03449855410332,0.0,229.247,0.01998231796948524
229.50001582758728,0.0,229.709,0.00037446756020387273
229.96553310107123,0.0,230.18,0.009089082170730456
230.43105037455518,0.0,230.642,0.026518246462976625
230.89656764803914,0.0,231.11,0.00037446756020387273
231.3620849215231,0.0,231.572,0.019233382849077385
231.82760219500705,0.0,232.038,0.026518246462976625
232.29311946849097,0.0,232.502,0.026518246462976625
232.75863674197493,0.0,232.968,0.002553153677239073
233.22415401545888,0.0,233.435,0.00037446756020387273
233.68967128894283,0.0,233.901,0.010518768238550802
234.1551885624268,0.0,234.366,0.00037446756020387273
234.62070583591074,0.0,234.824,0.003982839745059419
235.0862231093947,0.0,235.292,0.008340082121515713
235.55174038287862,0.0,235.754,0.00616146093328751
236.01725765636257,0.0,236.224,0.011267703358958658
236.48277492984653,0.0,236.687,0.00037446756020387273
236.94829220333048,0.0,237.15,0.002553153677239073
237.41380947681444,0.0,237.62,0.024339625274748422
237.8793267502984,0.0,238.086,0.00037446756020387273
238.34484402378234,0.0,238.548,0.009089082170730456
238.81036129726627,0.0,239.014,0.00616146093328751
239.27587857075022,0.0,239.48,0.02216100408652033
239.74139584423418,0.0,239.945,0.02216100408652033
240.20691311771813,0.0,240.409,0.00616146093328751
240.67243039120208,0.0,240.875,0.008340082121515713
241.13794766468604,0.0,241.334,0.025769311342568768
241.60346493817,0.0,241.8,0.009089082170730456
242.06898221165392,0.0,242.269,0.009089082170730456
242.53449948513787,0.0,242.731,0.041019854446586845
243.00001675862183,0.0,243.195,0.008340082121515713
243.46553403210578,0.0,243.664,0.011267703358958658
243.93105130558973,0.0,244.125,0.02794793253079697
244.3965685790737,0.0,244.595,0.01562501066422195
244.86208585255764,0.0,245.06,0.03448392595309535
245.32760312604157,0.0,245.524,0.01998231796948524
245.79312039952552,0.0,245.99,0.00037446756020387273
246.25863767300947,0.0,246.455,0.004731774865467164
246.72415494649343,0.0,246.921,0.00037446756020387273
247.18967221997738,0.0,247.38,0.00037446756020387273
247.65518949346134,0.0,247.846,0.01998231796948524
248.1207067669453,0.0,248.311,0.00037446756020387273
248.58622404042922,0.0,248.777,0.008340082121515713
249.05174131391317,0.0,249.239,0.00037446756020387273
249.51725858739712,0.0,249.709,0.00037446756020387273
249.98277586088108,0.0,250.169,0.00037446756020387273
250.44829313436503,0.0,250.639,0.00037446756020387273
250.91381040784898,0.0,251.106,0.004731774865467164
251.37932768133294,0.0,251.568,0.012697389426779004
251.84484495481686,0.0,252.035,0.002553153677239073
252.31036222830082,0.0,252.494,0.003982839745059419
252.77587950178477,0.0,252.96,0.03230523983606026
253.24139677526873,0.0,253.424,0.00037446756020387273
253.70691404875268,0.0,253.89,0.026518246462976625
254.17243132223663,0.0,254.354,0.021412004037305588
254.6379485957206,0.0,254.819,0.002553153677239073
255.1034658692045,0.0,255.287,0.002553153677239073
255.56898314268847,0.0,255.75,0.025769311342568768
256.0345004161724,0.0,256.218,0.01998231796948524
256.5000176896564,0.0,256.681,0.024339625274748422
256.9655349631403,0.0,257.144,0.010518768238550802
257.4310522366243,0.0,257.613,0.02794793253079697
257.89656951010824,0.0,258.078,0.00037446756020387273
258.3620867835922,0.0,258.541,0.00037446756020387273
258.82760405707614,0.0,259.007,0.008340082121515713
259.2931213305601,0.0,259.472,0.00616146093328751
259.75863860404405,0.0,259.938,0.017054696732042296
260.22415587752795,0.0,260.403,0.00037446756020387273
260.6896731510119,0.0,260.869,0.008340082121515713
261.15519042449586,0.0,261.329,0.3990673068461106
261.6207076979798,0.0,261.795,0.01780369678125704
262.08622497146376,0.0,262.265,0.01780369678125704
262.5517422449477,0.0,262.727,0.009089082170730456
263.0172595184317,0.0,263.195,0.00037446756020387273
263.4827767919156,0.0,263.657,0.03230523983606026
263.9482940653996,0.0,264.125,0.008340082121515713
264.41381133888353,0.0,264.587,0.01998231796948524
264.8793286123675,0.0,265.053,0.002553153677239073
265.34484588585144,0.0,265.517,0.0395901683787665
265.8103631593354,0.0,265.983,0.00037446756020387273
266.27588043281935,0.0,266.45,0.00037446756020387273
266.74139770630325,0.0,266.915,0.009089082170730456
267.2069149797872,0.0,267.38,0.011267703358958658
267.67243225327115,0.0,267.846,0.03012661864783206
268.1379495267551,0.0,268.31,0.01998231796948524
268.60346680023906,0.0,268.769,0.04319847563481494
269.068984073723,0.0,269.239,0.00037446756020387273
269.53450134720697,0.0,269.701,0.002553153677239073
270.0000186206909,0.0,270.169,0.01562501066422195
270.4655358941749,0.0,270.632,0.00037446756020387273
270.93105316765883,0.0,271.098,0.05627039755060481
271.3965704411428,0.0,271.561,0.009089082170730456
271.86208771462674,0.0,272.027,0.003982839745059419
272.3276049881107,0.0,272.492,0.011267703358958658
272.79312226159465,0.0,272.957,0.0018041536280242187
273.25863953507854,0.0,273.424,0.0374115471905383
273.7241568085625,0.0,273.889,0.06355532609331105
274.18967408204645,0.0,274.354,0.010518768238550802
274.6551913555304,0.0,274.82,0.00037446756020387273
275.12070862901436,0.0,275.284,0.0018041536280242187
275.5862259024983,0.0,275.746,0.00037446756020387273
276.05174317598227,0.0,276.213,0.013446389475993747
276.5172604494662,0.0,276.675,0.038841168329551756
276.9827777229502,0.0,277.144,0.0018041536280242187
277.44829499643413,0.0,277.605,0.00037446756020387273
277.9138122699181,0.0,278.071,0.00616146093328751
278.37932954340204,0.0,278.535,0.004731774865467164
278.844846816886,0.0,279.001,0.012697389426779004
279.31036409036994,0.0,279.465,0.02794793253079697
279.77588136385384,0.0,279.93,0.00037446756020387273
280.2413986373378,0.0,280.395,0.00616146093328751
280.70691591082175,0.0,280.86,0.008340082121515713
281.1724331843057,0.0,281.325,0.028696932580011714
281.63795045778966,0.0,281.79,0.01562501066422195
282.1034677312736,0.0,282.258,0.003982839745059419
282.56898500475756,0.0,282.72,0.012697389426779004
283.0345022782415,0.0,283.184,0.03448392595309535
283.5000195517255,0.0,283.654,0.009089082170730456
283.9655368252094,0.0,284.117,0.03012661864783206
284.4310540986934,0.0,284.579,0.003982839745059419
284.89657137217733,0.0,285.045,0.00037446756020387273
285.3620886456613,0.0,285.509,0.02794793253079697
285.82760591914524,0.0,285.975,0.01998231796948524
286.29312319262914,0.0,286.44,0.009089082170730456
286.7586404661131,0.0,286.907,0.038841168329551756
287.22415773959705,0.0,287.372,0.05266209029455626
287.689675013081,0.0,287.838,0.009089082170730456
288.15519228656495,0.0,288.31,0.00037446756020387273
288.6207095600489,0.0,288.768,0.002553153677239073
289.08622683353286,0.0,289.229,0.009089082170730456
289.5517441070168,0.0,289.699,0.010518768238550802
290.01726138050077,0.0,290.162,0.01998231796948524
290.4827786539847,0.0,290.624,0.02359062522553368
290.9482959274687,0.0,291.09,0.009089082170730456
291.41381320095263,0.0,291.56,0.010518768238550802
291.8793304744366,0.0,292.025,0.00616146093328751
292.34484774792054,0.0,292.491,0.004731774865467164
292.8103650214045,0.0,292.949,0.28142023685482637
293.2758822948884,0.0,293.414,0.03230523983606026
293.74139956837234,0.0,293.88,0.009089082170730456
294.2069168418563,0.0,294.347,0.02794793253079697
294.67243411534025,0.0,294.812,0.00037446756020387273
295.1379513888242,0.0,295.28,0.01562501066422195
295.60346866230816,0.0,295.743,0.009089082170730456
296.0689859357921,0.0,296.206,0.003982839745059419
296.53450320927607,0.0,296.676,0.00037446756020387273
297.00002048276,0.0,297.136,0.017054696732042296
297.465537756244,0.0,297.606,0.009089082170730456
297.93105502972793,0.0,298.064,0.009089082170730456
298.3965723032119,0.0,298.535,0.009089082170730456
298.86208957669584,0.0,299.001,0.014876075543814093
299.3276068501798,0.0,299.466,0.00037446756020387273
299.7931241236637,0.0,299.924,0.01998231796948524
300.25864139714764,0.0,300.391,0.03012661864783206
300.7241586706316,0.0,300.856,0.00037446756020387273
301.18967594411555,0.0,301.321,0.0018041536280242187
301.6551932175995,0.0,301.787,0.038841168329551756
302.12071049108346,0.0,302.255,0.00037446756020387273
302.5862277645674,0.0,302.717,0.002553153677239073
303.05174503805137,0.0,303.18,0.01562501066422195
303.5172623115353,0.0,303.65,0.01998231796948524
303.9827795850193,0.0,304.114,0.011267703358958658
304.4482968585032,0.0,304.576,0.01998231796948524
304.9138141319872,0.0,305.041,0.00037446756020387273
305.37933140547113,0.0,305.506,0.01562501066422195
305.8448486789551,0.0,305.972,0.01562501066422195
306.310365952439,0.0,306.439,0.025769311342568768
306.77588322592294,0.0,306.905,0.017054696732042296
307.2414004994069,0.0,307.37,0.02794793253079697
307.70691777289085,0.0,307.835,0.0018041536280242187
308.1724350463748,0.0,308.298,0.009089082170730456
308.63795231985875,0.0,308.76,0.002553153677239073
309.1034695933427,0.0,309.228,0.00037446756020387273
309.56898686682666,0.0,309.691,0.00037446756020387273
310.0345041403106,0.0,310.154,0.02794793253079697
310.50002141379457,0.0,310.624,0.003982839745059419
310.9655386872785,0.0,311.091,0.01562501066422195
311.4310559607625,0.0,311.553,0.017054696732042296
311.89657323424643,0.0,312.019,0.054840711482784466
312.3620905077304,0.0,312.484,0.009089082170730456
312.8276077812143,0.0,312.95,0.03448392595309535
313.29312505469824,0.0,313.41,0.00037446756020387273
313.7586423281822,0.0,313.875,0.008340082121515713
314.22415960166614,0.0,314.339,0.01780369678125704
314.6896768751501,0.0,314.804,0.02216100408652033
315.15519414863405,0.0,315.272,0.00037446756020387273
315.620711422118,0.0,315.735,0.008340082121515713
316.08622869560196,0.0,316.203,0.004731774865467164
316.5517459690859,0.0,316.665,0.0018041536280242187
317.01726324256987,0.0,317.135,0.008340082121515713
317.4827805160538,0.0,317.598,0.00037446756020387273
317.9482977895378,0.0,318.064,0.04755578294007823
318.41381506302173,0.0,318.527,0.00037446756020387273
318.8793323365057,0.0,318.993,0.038841168329551756
319.3448496099896,0.0,319.46,0.009089082170730456
319.81036688347353,0.0,319.926,0.009089082170730456
320.2758841569575,0.0,320.391,0.002553153677239073
320.74140143044144,0.0,320.849,0.01780369678125704
321.2069187039254,0.0,321.321,0.028696932580011714
321.67243597740935,0.0,321.779,0.024339625274748422
322.1379532508933,0.0,322.247,0.02216100408652033
322.60347052437726,0.0,322.709,0.02216100408652033
323.0689877978612,0.0,323.18,0.033054239885275005
323.53450507134517,0.0,323.643,0.024339625274748422
324.0000223448291,0.0,324.113,0.019233382849077385
324.4655396183131,0.0,324.575,0.011267703358958658
324.931056891797,0.0,325.034,0.02794793253079697
325.396574165281,0.0,325.499,0.017054696732042296
325.8620914387649,0.0,325.965,0.002553153677239073
326.32760871224883,0.0,326.432,0.00616146093328751
326.7931259857328,0.0,326.897,0.30320674091673927
327.25864325921674,0.0,327.362,0.003982839745059419
327.7241605327007,0.0,327.827,0.04755578294007823
328.18967780618465,0.0,328.295,0.004731774865467164
328.6551950796686,0.0,328.758,0.04830478298929308
329.12071235315256,0.0,329.221,0.03012661864783206
329.5862296266365,0.0,329.691,0.00037446756020387273
330.05174690012046,0.0,330.151,0.03523286107350321
330.5172641736044,0.0,330.62,0.009089082170730456
330.98278144708837,0.0,331.079,0.026518246462976625
331.4482987205723,0.0,331.549,0.009089082170730456
331.9138159940563,0.0,332.014,0.024339625274748422
332.3793332675402,0.0,332.48,0.02794793253079697
332.84485054102413,0.0,332.945,0.017054696732042296
333.3103678145081,0.0,333.409,0.017054696732042296
333.77588508799204,0.0,333.875,0.01998231796948524
334.241402361476,0.0,334.339,0.00037446756020387273
334.70691963495995,0.0,334.805,0.00037446756020387273
335.1724369084439,0.0,335.266,0.002553153677239073
335.63795418192785,0.0,335.735,0.014876075543814093
336.1034714554118,0.0,336.198,0.01998231796948524
336.56898872889576,0.0,336.661,0.014876075543814093
337.0345060023797,0.0,337.124,0.01780369678125704
337.50002327586367,0.0,337.594,0.03230523983606026
337.9655405493476,0.0,338.06,0.004731774865467164
338.4310578228316,0.0,338.524,0.00037446756020387273
338.89657509631553,0.0,338.99,0.00037446756020387273
339.3620923697994,0.0,339.455,0.02794793253079697
339.8276096432834,0.0,339.92,0.01998231796948524
340.29312691676733,0.0,340.38,0.01562501066422195
340.7586441902513,0.0,340.846,0.01780369678125704
341.22416146373524,0.0,341.313,0.041019854446586845
341.6896787372192,0.0,341.779,0.0374115471905383
342.15519601070315,0.0,342.239,0.02794793253079697
342.6207132841871,0.0,342.709,0.0018041536280242187
343.08623055767106,0.0,343.169,0.006910460982502253
343.551747831155,0.0,343.639,0.02794793253079697
344.01726510463897,0.0,344.11,0.00616146093328751
344.4827823781229,0.0,344.565,0.00037446756020387273
344.9482996516069,0.0,345.03,0.00037446756020387273
345.4138169250908,0.0,345.495,0.02794793253079697
345.8793341985747,0.0,345.96,0.00037446756020387273
346.3448514720587,0.0,346.425,0.04319847563481494
346.81036874554263,0.0,346.891,0.00037446756020387273
347.2758860190266,0.0,347.358,0.01998231796948524
347.74140329251054,0.0,347.823,0.01998231796948524
348.2069205659945,0.0,348.284,0.004731774865467164
348.67243783947845,0.0,348.754,0.24002591484803565
349.1379551129624,0.0,349.217,0.00037446756020387273
349.60347238644636,0.0,349.679,0.02794793253079697
350.0689896599303,0.0,350.147,0.038841168329551756
350.53450693341426,0.0,350.61,0.002553153677239073
351.0000242068982,0.0,351.076,0.00037446756020387273
351.46554148038217,0.0,351.539,0.017054696732042296
351.9310587538661,0.0,352.005,0.009089082170730456
352.39657602735,0.0,352.469,0.006910460982502253
352.862093300834,0.0,352.935,0.00037446756020387273
353.32761057431793,0.0,353.403,0.004731774865467164
353.7931278478019,0.0,353.868,0.00037446756020387273
354.25864512128584,0.0,354.335,0.010518768238550802
354.7241623947698,0.0,354.794,0.00037446756020387273
355.18967966825375,0.0,355.262,0.011267703358958658
355.6551969417377,0.0,355.724,0.04755578294007823
356.12071421522165,0.0,356.194,0.011267703358958658
356.5862314887056,0.0,356.657,0.026518246462976625
357.05174876218956,0.0,357.125,0.002553153677239073
357.5172660356735,0.0,357.587,0.008340082121515713
357.98278330915747,0.0,358.053,0.003982839745059419
358.4483005826414,0.0,358.517,0.00616146093328751
358.9138178561253,0.0,358.982,0.01998231796948524
359.3793351296093,0.0,359.45,0.017054696732042296
359.8448524030932,0.0,359.916,0.009089082170730456
360.3103696765772,0.0,360.376,0.038841168329551756
360.77588695006114,0.0,360.842,0.004731774865467164
361.2414042235451,0.0,361.31,0.009089082170730456
361.70692149702904,0.0,361.776,0.05627039755060481
362.172438770513,0.0,362.239,0.004731774865467164
362.63795604399695,0.0,362.702,0.00037446756020387273
363.1034733174809,0.0,363.165,0.01998231796948524
363.56899059096486,0.0,363.635,0.00037446756020387273
364.0345078644488,0.0,364.101,0.17173881388925738
364.50002513793277,0.0,364.559,0.00037446756020387273
364.9655424114167,0.0,365.024,0.01998231796948524
365.4310596849006,0.0,365.492,0.02794793253079697
365.89657695838457,0.0,365.957,0.003982839745059419
366.3620942318685,0.0,366.422,0.004731774865467164
366.8276115053525,0.0,366.888,0.008340082121515713
367.29312877883643,0.0,367.354,0.010518768238550802
367.7586460523204,0.0,367.819,0.0374115471905383
368.22416332580434,0.0,368.28,0.008340082121515713
368.6896805992883,0.0,368.749,0.010518768238550802
369.15519787277225,0.0,369.213,0.013446389475993747
369.6207151462562,0.0,369.676,0.009089082170730456
370.08623241974016,0.0,370.139,0.03523286107350321
370.5517496932241,0.0,370.609,0.004731774865467164
371.01726696670806,0.0,371.075,0.00037446756020387273
371.482784240192,0.0,371.539,0.008340082121515713
371.9483015136759,0.0,372.004,0.00037446756020387273
372.41381878715987,0.0,372.469,0.026518246462976625
372.8793360606438,0.0,372.935,0.09187772618431189
373.3448533341278,0.0,373.399,0.02216100408652033
373.81037060761173,0.0,373.865,0.00037446756020387273
374.2758878810957,0.0,374.325,0.00037446756020387273
374.74140515457964,0.0,374.79,0.00037446756020387273
375.2069224280636,0.0,375.254,0.002553153677239073
375.67243970154755,0.0,375.724,0.00037446756020387273
376.1379569750315,0.0,376.187,0.008340082121515713
376.60347424851545,0.0,376.65,0.008340082121515713
377.0689915219994,0.0,377.117,0.008340082121515713
377.53450879548336,0.0,377.579,0.008340082121515713
378.0000260689673,0.0,378.045,0.017054696732042296
378.4655433424512,0.0,378.51,0.002553153677239073
378.93106061593517,0.0,378.975,0.028696932580011714
379.3965778894191,0.0,379.44,0.003982839745059419
379.8620951629031,0.0,379.905,0.04394747568402979
380.327612436387,0.0,380.372,0.00616146093328751
380.793129709871,0.0,380.838,0.00037446756020387273
381.25864698335494,0.0,381.304,0.017054696732042296
381.7241642568389,0.0,381.77,0.041019854446586845
382.18968153032284,0.0,382.232,0.017054696732042296
382.6551988038068,0.0,382.694,0.003982839745059419
383.12071607729075,0.0,383.162,0.008340082121515713
383.5862333507747,0.0,383.624,0.036662547141323554
384.05175062425866,0.0,384.09,0.02359062522553368
384.5172678977426,0.0,384.56,0.036662547141323554
384.98278517122657,0.0,385.019,0.019233382849077385
385.44830244471046,0.0,385.484,0.028696932580011714
385.9138197181944,0.0,385.95,0.006910460982502253
386.3793369916784,0.0,386.417,0.009089082170730456
386.8448542651623,0.0,386.883,0.01562501066422195
387.3103715386463,0.0,387.35,0.0671636333493596
387.77588881213023,0.0,387.809,0.0018041536280242187
388.2414060856142,0.0,388.276,0.08459286257041265
388.70692335909814,0.0,388.739,0.002553153677239073
389.1724406325821,0.0,389.206,0.01998231796948524
389.63795790606605,0.0,389.669,0.009089082170730456
390.10347517955,0.0,390.14,0.025769311342568768
390.56899245303396,0.0,390.602,0.00037446756020387273
391.0345097265179,0.0,391.068,0.03230523983606026
391.50002700000186,0.0,391.534,0.00037446756020387273
391.96554427348576,0.0,392.0,0.017054696732042296
392.4310615469697,0.0,392.465,0.009089082170730456
392.89657882045367,0.0,392.931,0.019233382849077385
393.3620960939376,0.0,393.396,0.00037446756020387273
393.8276133674216,0.0,393.854,0.006910460982502253
394.29313064090553,0.0,394.321,0.05627039755060481
394.7586479143895,0.0,394.787,0.009089082170730456
395.22416518787344,0.0,395.254,0.003982839745059419
395.6896824613574,0.0,395.716,0.012697389426779004
396.15519973484135,0.0,396.18,0.002553153677239073
396.6207170083253,0.0,396.65,0.00037446756020387273
397.08623428180925,0.0,397.114,0.02794793253079697
397.5517515552932,0.0,397.575,0.017054696732042296
398.01726882877716,0.0,398.041,0.028696932580011714
398.48278610226106,0.0,398.506,0.01780369678125704
398.948303375745,0.0,398.972,0.03448392595309535
399.41382064922897,0.0,399.439,0.01562501066422195
399.8793379227129,0.0,399.905,0.00037446756020387273
400.3448551961969,0.0,400.369,0.00037446756020387273
400.81037246968083,0.0,400.835,0.00037446756020387273
401.2758897431648,0.0,401.298,0.004731774865467164
401.74140701664874,0.0,401.76,0.00616146093328751
402.2069242901327,0.0,402.228,0.002553153677239073
402.67244156361664,0.0,402.69,0.006910460982502253
403.1379588371006,0.0,403.158,0.01998231796948524
403.60347611058455,0.0,403.62,0.00037446756020387273
404.0689933840685,0.0,404.086,0.003982839745059419
404.53451065755246,0.0,404.556,0.0018041536280242187
405.00002793103636,0.0,405.014,0.00037446756020387273
405.4655452045203,0.0,405.48,0.012697389426779004
405.93106247800426,0.0,405.946,0.00037446756020387273
406.3965797514882,0.0,406.413,0.06355532609331105
406.8620970249722,0.0,406.879,0.05266209029455626
407.3276142984561,0.0,407.343,0.0374115471905383
407.7931315719401,0.0,407.809,0.00037446756020387273
408.25864884542403,0.0,408.269,0.009089082170730456
408.724166118908,0.0,408.739,0.017054696732042296
409.18968339239194,0.0,409.199,0.0018041536280242187
409.6552006658759,0.0,409.669,0.00037446756020387273
410.12071793935985,0.0,410.132,0.05627039755060481
410.5862352128438,0.0,410.594,0.003982839745059419
411.05175248632776,0.0,411.06,0.012697389426779004
411.51726975981165,0.0,411.524,0.0018041536280242187
411.9827870332956,0.0,411.989,0.0374115471905383
412.44830430677956,0.0,412.454,0.02794793253079697
412.9138215802635,0.0,412.919,0.00037446756020387273
413.37933885374747,0.0,413.384,0.003982839745059419
413.8448561272314,0.0,413.849,0.05627039755060481
414.3103734007154,0.0,414.321,0.004731774865467164
414.77589067419933,0.0,414.779,0.08895010494686895
415.2414079476833,0.0,415.247,0.02216100408652033
415.70692522116724,0.0,415.709,0.017054696732042296
416.1724424946512,0.0,416.18,0.010518768238550802
416.63795976813515,0.0,416.642,0.00037446756020387273
417.1034770416191,0.0,417.113,0.00037446756020387273
417.56899431510305,0.0,417.569,0.003982839745059419
418.03451158858695,0.0,418.034,0.0018041536280242187
418.5000288620709,0.0,418.499,0.008340082121515713
418.96554613555486,0.0,418.965,0.009089082170730456
419.4310634090388,0.0,419.432,0.00037446756020387273
419.89658068252277,0.0,419.897,0.00037446756020387273
420.3620979560067,0.0,420.361,0.01780369678125704
420.8276152294907,0.0,420.827,0.00037446756020387273
421.29313250297463,0.0,421.295,0.009089082170730456
421.7586497764586,0.0,421.758,0.003982839745059419
422.22416704994254,0.0,422.22,0.0018041536280242187
422.6896843234265,0.0,422.691,0.009089082170730456
423.15520159691044,0.0,423.154,0.01998231796948524
423.6207188703944,0.0,423.617,0.010518768238550802
424.08623614387835,0.0,424.082,0.02216100408652033
424.55175341736225,0.0,424.545,0.00037446756020387273
425.0172706908462,0.0,425.01,0.041019854446586845
425.48278796433016,0.0,425.476,0.003982839745059419
425.9483052378141,0.0,425.942,0.00037446756020387273
426.41382251129806,0.0,426.407,0.010518768238550802
426.879339784782,0.0,426.872,0.013446389475993747
427.344857058266,0.0,427.339,0.00037446756020387273
427.8103743317499,0.0,427.805,0.004731774865467164
428.2758916052339,0.0,428.265,0.009089082170730456
428.74140887871783,0.0,428.735,0.009089082170730456
429.2069261522018,0.0,429.195,0.00037446756020387273
429.67244342568574,0.0,429.665,0.03230523983606026
430.1379606991697,0.0,430.128,0.013446389475993747
430.60347797265365,0.0,430.591,0.07369956184285098
431.0689952461376,0.0,431.057,0.028696932580011714
431.5345125196215,0.0,431.524,0.011267703358958658
432.00002979310545,0.0,431.99,0.01780369678125704
432.4655470665894,0.0,432.455,0.00037446756020387273
432.93106434007336,0.0,432.92,0.03012661864783206
433.3965816135573,0.0,433.38,0.038841168329551756
433.86209888704127,0.0,433.846,0.019233382849077385
434.3276161605252,0.0,434.311,0.05627039755060481
434.7931334340092,0.0,434.776,0.0649850121611314
435.25865070749313,0.0,435.239,0.00037446756020387273
435.7241679809771,0.0,435.709,0.00037446756020387273
436.18968525446104,0.0,436.172,0.017054696732042296
436.655202527945,0.0,436.635,0.003982839745059419
437.12071980142895,0.0,437.101,0.019233382849077385
437.5862370749129,0.0,437.566,0.017054696732042296
438.0517543483968,0.0,438.032,0.34167347415049043
438.51727162188075,0.0,438.499,0.004731774865467164
438.9827888953647,0.0,438.965,0.02794793253079697
439.44830616884866,0.0,439.424,0.03523286107350321
439.9138234423326,0.0,439.89,0.009089082170730456
440.37934071581657,0.0,440.354,0.010518768238550802
440.8448579893005,0.0,440.819,0.13905904156418625
441.3103752627845,0.0,441.288,0.00616146093328751
441.77589253626843,0.0,441.75,0.0018041536280242187
442.2414098097524,0.0,442.221,0.019233382849077385
442.70692708323634,0.0,442.683,0.014876075543814093
443.1724443567203,0.0,443.147,0.004731774865467164
443.63796163020425,0.0,443.609,0.009089082170730456
444.1034789036882,0.0,444.075,0.010518768238550802
444.5689961771721,0.0,444.545,0.00037446756020387273
445.03451345065605,0.0,445.011,0.008340082121515713
445.50003072414,0.0,445.469,0.017054696732042296
445.96554799762396,0.0,445.934,0.006910460982502253
446.4310652711079,0.0,446.399,0.009089082170730456
446.89658254459187,0.0,446.865,0.03448392595309535
447.3620998180758,0.0,447.332,0.00037446756020387273
447.8276170915598,0.0,447.797,0.026518246462976625
448.2931343650437,0.0,448.265,0.028696932580011714
448.7586516385277,0.0,448.728,0.026518246462976625
449.22416891201163,0.0,449.191,0.012697389426779004
449.6896861854956,0.0,449.654,0.00616146093328751
450.15520345897954,0.0,450.122,0.012697389426779004
450.6207207324635,0.0,450.584,0.009089082170730456
451.0862380059474,0.0,451.05,0.00037446756020387273
451.55175527943135,0.0,451.517,0.37653186766378977
452.0172725529153,0.0,451.982,0.003982839745059419
452.48278982639926,0.0,452.447,0.04394747568402979
452.9483070998832,0.0,452.913,0.01562501066422195
453.41382437336716,0.0,453.38,0.03230523983606026
453.8793416468511,0.0,453.845,0.01998231796948524
454.34485892033507,0.0,454.31,0.004731774865467164
454.810376193819,0.0,454.775,0.0018041536280242187
455.275893467303,0.0,455.236,0.006910460982502253
455.74141074078693,0.0,455.699,0.05191309024534152
456.2069280142709,0.0,456.169,0.009089082170730456
456.67244528775484,0.0,456.632,0.02216100408652033
457.1379625612388,0.0,457.097,0.010518768238550802
457.6034798347227,0.0,457.561,0.00616146093328751
458.06899710820664,0.0,458.026,0.003982839745059419
458.5345143816906,0.0,458.491,0.00037446756020387273
459.00003165517455,0.0,458.957,0.00616146093328751
459.4655489286585,0.0,459.421,0.017054696732042296
459.93106620214246,0.0,459.887,0.004731774865467164
460.3965834756264,0.0,460.354,0.021412004037305588
460.86210074911037,0.0,460.82,0.030875553768239916
461.3276180225943,0.0,461.28,0.017054696732042296
461.7931352960783,0.0,461.75,0.006910460982502253
462.25865256956223,0.0,462.21,0.028696932580011714
462.7241698430462,0.0,462.68,0.019233382849077385
463.18968711653014,0.0,463.143,0.05627039755060481
463.6552043900141,0.0,463.605,0.004731774865467164
464.120721663498,0.0,464.071,0.004731774865467164
464.58623893698194,0.0,464.535,0.13109342700287452
465.0517562104659,0.0,465.001,0.004731774865467164
465.51727348394985,0.0,465.466,0.01562501066422195
465.9827907574338,0.0,465.932,0.003982839745059419
466.44830803091776,0.0,466.398,0.041019854446586845
466.9138253044017,0.0,466.864,0.0018041536280242187
467.37934257788567,0.0,467.329,0.010518768238550802
467.8448598513696,0.0,467.795,0.017054696732042296
468.3103771248536,0.0,468.258,0.00616146093328751
468.7758943983375,0.0,468.72,0.01562501066422195
469.2414116718215,0.0,469.184,0.026518246462976625
469.70692894530544,0.0,469.653,0.01998231796948524
470.1724462187894,0.0,470.114,0.02216100408652033
470.6379634922733,0.0,470.583,0.004731774865467164
471.10348076575724,0.0,471.049,0.14416534891866428
471.5689980392412,0.0,471.509,0.009089082170730456
472.03451531272515,0.0,471.975,0.00037446756020387273
472.5000325862091,0.0,472.44,0.026518246462976625
472.96554985969306,0.0,472.905,0.011267703358958658
473.431067133177,0.0,473.37,0.024339625274748422
473.89658440666096,0.0,473.836,0.00037446756020387273
474.3621016801449,0.0,474.309,0.003982839745059419
474.82761895362887,0.0,474.768,0.003982839745059419
475.2931362271128,0.0,475.235,0.02359062522553368
475.7586535005968,0.0,475.698,0.04537716175185014
476.22417077408073,0.0,476.161,0.003982839745059419
476.6896880475647,0.0,476.624,0.0018041536280242187
477.1552053210486,0.0,477.09,0.012697389426779004
477.62072259453254,0.0,477.56,0.00037446756020387273
478.0862398680165,0.0,478.025,0.004731774865467164
478.55175714150045,0.0,478.484,0.00037446756020387273
479.0172744149844,0.0,478.95,0.004731774865467164
479.48279168846835,0.0,479.417,0.00037446756020387273
479.9483089619523,0.0,479.882,0.01998231796948524
480.41382623543626,0.0,480.347,0.008340082121515713
480.8793435089202,0.0,480.813,0.009089082170730456
481.34486078240417,0.0,481.276,0.01998231796948524
481.8103780558881,0.0,481.739,0.00037446756020387273
482.2758953293721,0.0,482.21,0.02794793253079697
482.74141260285603,0.0,482.672,0.008340082121515713
483.20692987634,0.0,483.139,0.00037446756020387273
483.67244714982394,0.0,483.602,0.02216100408652033
484.13796442330784,0.0,484.068,0.01562501066422195
484.6034816967918,0.0,484.534,0.02359062522553368
485.06899897027574,0.0,485.0,0.04319847563481494
485.5345162437597,0.0,485.465,0.025769311342568768
486.00003351724365,0.13008315861225128,485.931,0.0018041536280242187
486.4655507907276,0.13612572848796844,486.396,0.009089082170730456
486.93106806421156,0.12974746525287628,486.854,0.00037446756020387273
487.3965853376955,0.11665522307157516,487.321,0.05627039755060481
487.86210261117947,0.10289158672094345,487.787,0.00037446756020387273
488.3276198846634,0.09114214032888412,488.25,0.05627039755060481
488.7931371581474,0.07737849652767181,488.721,0.02794793253079697
489.2586544316313,0.054886702448129654,489.184,0.01562501066422195
489.7241717051153,0.028030823916196823,489.647,0.019233382849077385
490.18968897859924,-0.0015106431674212217,490.11,0.002553153677239073
490.65520625208313,-0.032394904643297195,490.58,0.00037446756020387273
491.1207235255671,-0.0629434660077095,491.045,0.002553153677239073
491.58624079905104,-0.09349202364683151,491.509,0.00037446756020387273
492.051758072535,-0.12135500460863113,491.975,0.00037446756020387273
492.51727534601895,-0.1411612182855606,492.439,0.00037446756020387273
492.9827926195029,-0.15492485463619232,492.905,0.003982839745059419
493.44830989298686,-0.16533149778842926,493.369,0.041019854446586845
493.9138271664708,-0.17170977592468262,493.835,0.008340082121515713
494.37934443995476,-0.17137406766414642,494.299,0.00037446756020387273
494.8448617134387,-0.1606317162513733,494.76,0.041019854446586845
495.3103789869227,-0.14535744488239288,495.228,0.00037446756020387273
495.7758962604066,-0.1253833770751953,495.691,0.008340082121515713
496.2414135338906,-0.10154879093170166,496.154,0.036662547141323554
496.70693080737453,-0.07267872244119644,496.624,0.03523286107350321
497.17244808085843,-0.04179446026682854,497.09,0.00037446756020387273
497.6379653543424,-0.009231708012521267,497.553,0.02216100408652033
498.10348262782634,0.026016632094979286,498.018,0.10494964810010177
498.5689999013103,0.05555810034275055,498.483,0.010518768238550802
499.03451717479425,0.07368581742048264,498.949,0.004731774865467164
499.5000344482782,0.08711375296115875,499.413,0.02794793253079697
499.96555172176215,0.10423437505960464,499.879,0.02359062522553368
500.4310689952461,0.11396963149309158,500.343,0.00037446756020387273
500.89658626873006,0.11531242728233337,500.809,0.006910460982502253
501.362103542214,0.11665522307157516,501.269,0.024339625274748422
501.82762081569797,0.12101930379867554,501.739,0.0018041536280242187
502.2931380891819,0.1253833770751953,502.202,0.02216100408652033
502.7586553626659,0.1260547786951065,502.665,0.009089082170730456
503.22417263614983,0.1253833770751953,503.136,0.025769311342568768
503.6896899096337,0.12068360298871994,503.598,0.00037446756020387273
504.1552071831177,0.11396963149309158,504.064,0.024339625274748422
504.62072445660164,0.10423437505960464,504.528,0.004731774865467164
505.0862417300856,0.09147783368825912,504.994,0.00037446756020387273
505.55175900356954,0.07486075907945633,505.458,0.011267703358958658
506.0172762770535,0.051529716700315475,505.924,0.01998231796948524
506.48279355053745,0.023331044241786003,506.391,0.028696932580011714
506.9483108240214,-0.0068818191066384315,506.849,0.02216100408652033
507.41382809750536,-0.039108872413635254,507.321,0.004731774865467164
507.8793453709893,-0.07066453248262405,507.779,0.00616146093328751
508.34486264447327,-0.10020599514245987,508.247,0.0018041536280242187
508.8103799179572,-0.1250476837158203,508.709,0.03012661864783206
509.2758971914412,-0.143175408244133,509.18,0.05409177636237661
509.7414144649251,-0.15559624135494232,509.642,0.00037446756020387273
510.206931738409,-0.16466011106967926,510.114,0.004731774865467164
510.672449011893,-0.16902418434619904,510.576,0.02794793253079697
511.13796628537693,-0.16700999438762665,511.034,0.01562501066422195
511.6034835588609,-0.1567711979150772,511.499,0.010518768238550802
512.0690008323448,-0.13847562670707703,511.965,0.003982839745059419
512.5345181058289,-0.11833371222019196,512.432,0.00037446756020387273
513.0000353793127,-0.09365987777709961,512.898,0.01562501066422195
513.4655526527966,-0.06143282353878021,513.363,0.009089082170730456
513.9310699262807,-0.03038071282207966,513.829,0.003982839745059419
514.3965871997646,-0.0003356984816491604,514.291,0.01998231796948524
514.8621044732486,0.029037918895483017,514.754,0.09187772618431189
515.3276217467325,0.05421530455350876,515.224,0.002553153677239073
515.7931390202165,0.07200732082128525,515.686,0.03012661864783206
516.2586562937004,0.08409246802330017,516.154,0.002553153677239073
516.7241735671844,0.1116197481751442,516.616,0.010518768238550802
517.1896908406683,0.15156786143779755,517.082,0.054840711482784466
517.6552081141523,0.14753948152065277,517.544,0.00037446756020387273
518.1207253876362,0.11866941303014755,518.01,0.00037446756020387273
518.5862426611202,0.10658426582813263,518.477,0.08459286257041265
519.0517599346041,0.11229114234447479,518.943,0.39688865319347894
519.5172772080881,0.12336919456720352,519.409,0.165202885395766
519.982794481572,0.15156786143779755,519.875,0.00037446756020387273
520.4483117550559,0.15324635803699493,520.339,0.00037446756020387273
520.9138290285399,0.1117875948548317,520.805,0.02359062522553368
521.3793463020238,0.07771419733762741,521.266,0.00037446756020387273
521.8448635755078,0.0636148601770401,521.735,0.011267703358958658
522.3103808489917,0.05018692463636398,522.198,0.00037446756020387273
522.7758981224757,0.04246585816144943,522.661,0.02216100408652033
523.2414153959596,0.04246585816144943,523.129,0.030875553768239916
523.7069326694436,-0.0001678492408245802,523.591,0.01998231796948524
524.1724499429275,-0.06193637102842331,524.056,0.012697389426779004
524.6379672164115,-0.10255588591098785,524.52,0.12020019120411973
525.1034844898954,-0.1290760636329651,524.986,0.010518768238550802
525.5690017633794,-0.14518959820270538,525.45,0.00037446756020387273
526.0345190368633,-0.13109025359153748,525.916,0.009089082170730456
526.5000363103474,-0.1280689686536789,526.383,0.00037446756020387273
526.9655535838313,-0.16264592111110687,526.849,0.003982839745059419
527.4310708573151,-0.19319447875022888,527.314,0.05627039755060481
527.8965881307992,-0.19722285866737366,527.78,0.013446389475993747
528.362105404283,-0.18312352895736694,528.243,0.011267703358958658
528.8276226777671,-0.16298161447048187,528.706,0.002553153677239073
529.293139951251,-0.1418326050043106,529.169,0.00037446756020387273
529.758657224735,-0.11598382890224457,529.639,0.01562501066422195
530.2241744982189,-0.06529335677623749,530.11,0.033054239885275005
530.6896917717029,-0.0018463416490703821,530.565,0.04973446905711343
531.1552090451868,0.01762416958808899,531.031,0.024339625274748422
531.6207263186708,0.018631266430020332,531.495,0.028696932580011714
532.0862435921547,0.03440909460186958,531.961,0.004731774865467164
532.5517608656387,0.054886702448129654,532.428,0.012697389426779004
533.0172781391226,0.07234302163124084,532.894,0.00616146093328751
533.4827954126065,0.110612653195858,533.358,0.003982839745059419
533.9483126860905,0.13142596185207367,533.824,0.04319847563481494
534.4138299595744,0.11329823732376099,534.284,0.002553153677239073
534.8793472330584,0.09752041101455688,534.754,0.006910460982502253
535.3448645065423,0.09987030178308487,535.217,0.004731774865467164
535.8103817800263,0.10859845578670502,535.679,0.00037446756020387273
536.2758990535102,0.13058671355247498,536.147,0.01998231796948524
536.7414163269942,0.1582818329334259,536.61,0.01780369678125704
537.2069336004781,0.14082551002502441,537.076,0.009089082170730456
537.6724508739621,0.09987030178308487,537.546,0.00037446756020387273
538.137968147446,0.07469291239976883,538.004,0.00037446756020387273
538.60348542093,0.0636148601770401,538.47,0.054840711482784466
539.0690026944139,0.051529716700315475,538.935,0.002553153677239073
539.534519967898,0.05421530455350876,539.402,0.00037446756020387273
540.0000372413818,0.04011596739292145,539.868,0.026518246462976625
540.4655545148657,-0.012924391776323318,540.332,0.00037446756020387273
540.9310717883498,-0.06797894090414047,540.797,0.038841168329551756
541.3965890618337,-0.10809490829706192,541.266,0.012697389426779004
541.8621063353177,-0.13344015181064606,541.728,0.011267703358958658
542.3276236088016,-0.15190356969833374,542.191,0.00616146093328751
542.7931408822856,-0.16667430102825165,542.654,0.003982839745059419
543.2586581557695,-0.1769130975008011,543.121,0.008340082121515713
543.7241754292535,-0.16415655612945557,543.591,0.00037446756020387273
544.1896927027374,-0.13646143674850464,544.049,0.00037446756020387273
544.6552099762214,-0.14787517488002777,544.52,0.025769311342568768
545.1207272497053,-0.16935987770557404,544.979,0.03448392595309535
545.5862445231893,-0.16079957783222198,545.444,0.02359062522553368
546.0517617966732,-0.13243305683135986,545.909,0.03012661864783206
546.5172790701571,-0.09819180518388748,546.376,0.006910460982502253
546.9827963436411,-0.03944457322359085,546.842,0.00037446756020387273
547.448313617125,0.0038605325389653444,547.306,0.05191309024534152
547.913830890609,0.007888914085924625,547.772,0.028696932580011714
548.3793481640929,0.012924391776323318,548.24,0.01562501066422195
548.8448654375769,0.03440909460186958,548.703,0.028696932580011714
549.3103827110608,0.05690089240670204,549.165,0.00037446756020387273
549.7758999845448,0.08677805960178375,549.635,0.009089082170730456
550.2414172580287,0.12236209958791733,550.094,0.00037446756020387273
550.7069345315127,0.11665522307157516,550.564,0.017054696732042296
551.1724518049966,0.0948348194360733,551.03,0.06573394728153925
551.6379690784806,0.09114214032888412,551.489,0.01562501066422195
552.1034863519645,0.10154879093170166,551.955,0.009089082170730456
552.5690036254485,0.11497672647237778,552.424,0.004731774865467164
553.0345208989324,0.14686807990074158,552.89,0.01780369678125704
553.5000381724163,0.1582818329334259,553.354,0.054840711482784466
553.9655554459003,0.1273975670337677,553.819,0.025769311342568768
554.4310727193842,0.09382772445678711,554.28,0.04537716175185014
554.8965899928683,0.07301442325115204,554.75,0.013446389475993747
555.3621072663522,0.05690089240670204,555.213,0.01998231796948524
555.8276245398362,0.03994812071323395,555.676,0.00037446756020387273
556.2931418133201,0.019638361409306526,556.144,0.009089082170730456
556.7586590868041,-0.00520332669839263,556.606,0.29156453753317335
557.224176360288,-0.016952773556113243,557.072,0.05266209029455626
557.689693633772,-0.01930266246199608,557.535,0.004731774865467164
558.1552109072559,-0.06529335677623749,558.001,0.025769311342568768
558.6207281807399,-0.125886932015419,558.466,0.003982839745059419
559.0862454542238,-0.1599603295326233,558.931,0.004731774865467164
559.5517627277077,-0.1727168709039688,559.398,0.010518768238550802
560.0172800011917,-0.1757381558418274,559.864,0.0018041536280242187
560.4827972746756,-0.15190356969833374,560.329,0.002553153677239073
560.9483145481596,-0.143511101603508,560.795,0.00616146093328751
561.4138318216435,-0.16935987770557404,561.258,0.02794793253079697
561.8793490951275,-0.18043793737888336,561.72,0.01562501066422195
562.3448663686114,-0.16398870944976807,562.188,0.002553153677239073
562.8103836420954,-0.13310444355010986,562.65,0.004731774865467164
563.2759009155793,-0.08476386964321136,563.121,0.02794793253079697
563.7414181890633,-0.024338139221072197,563.583,0.041019854446586845
564.2069354625472,-0.0028534370940178633,564.049,0.00037446756020387273
564.6724527360312,-0.0010070954449474812,564.509,0.01780369678125704
565.1379700095151,0.01728847250342369,564.974,0.01998231796948524
565.6034872829991,0.04414435103535652,565.439,0.024339625274748422
566.069004556483,0.06797894090414047,565.905,0.003982839745059419
566.5345218299669,0.10859845578670502,566.369,0.009089082170730456
567.000039103451,0.13008315861225128,566.835,0.010518768238550802
567.4655563769348,0.1119554415345192,567.31,0.03448392595309535
567.9310736504189,0.0944991260766983,567.768,0.011267703358958658
568.3965909239027,0.0948348194360733,568.236,0.05409177636237661
568.8621081973868,0.10255588591098785,568.698,0.006910460982502253
569.3276254708707,0.10557717084884644,569.161,0.0018041536280242187
569.7931427443547,0.10591287165880203,569.624,0.011267703358958658
570.2586600178386,0.10624857246875763,570.09,0.009089082170730456
570.7241772913226,0.12202639877796173,570.56,0.00037446756020387273
571.1896945648065,0.14015412330627441,571.026,0.006910460982502253
571.6552118382905,0.1112840473651886,571.484,0.002553153677239073
572.1207291117744,0.06227206811308861,571.95,0.01998231796948524
572.5862463852583,0.028030823916196823,572.417,0.00037446756020387273
573.0517636587423,0.006210422143340111,572.883,0.06573394728153925
573.5172809322262,-0.0117494473233819,573.347,0.02359062522553368
573.9827982057102,-0.012252994813024998,573.812,0.004731774865467164
574.4483154791941,-0.033905547112226486,574.28,0.009089082170730456
574.9138327526781,-0.095674067735672,574.743,0.00037446756020387273
575.379350026162,-0.14586098492145538,575.206,0.00037446756020387273
575.844867299646,-0.16667430102825165,575.676,0.00037446756020387273
576.3103845731299,-0.1747310608625412,576.139,0.041019854446586845
576.7759018466139,-0.16466011106967926,576.602,0.05919801878804776
577.2414191200978,-0.14015412330627441,577.068,0.017054696732042296
577.7069363935818,-0.15190356969833374,577.534,0.033054239885275005
578.1724536670657,-0.1762416958808899,578.0,0.00037446756020387273
578.6379709405497,-0.1757381558418274,578.465,0.00037446756020387273
579.1034882140336,-0.15291066467761993,578.93,0.008340082121515713
579.5690054875175,-0.11934080719947815,579.395,0.003982839745059419
580.0345227610015,-0.05740443989634514,579.854,0.00037446756020387273
580.5000400344854,-0.007217517588287592,580.321,0.00037446756020387273
580.9655573079694,0.0005035477224737406,580.786,0.04537716175185014
581.4310745814533,0.0031891355756670237,581.256,0.0374115471905383
581.8965918549374,0.021316854283213615,581.718,0.00037446756020387273
582.3621091284213,0.045151446014642715,582.18,0.008340082121515713
582.8276264019053,0.0632791668176651,582.65,0.2923134726535811
583.2931436753892,0.07368581742048264,583.113,0.008340082121515713
583.7586609488732,0.08442816883325577,583.576,0.025769311342568768
584.2241782223571,0.11531242728233337,584.042,0.03230523983606026
584.6896954958411,0.15223926305770874,584.509,0.0018041536280242187
585.155212769325,0.1428396999835968,584.975,0.00616146093328751
585.620730042809,0.11531242728233337,585.439,0.00037446756020387273
586.0862473162929,0.10557717084884644,585.905,0.011267703358958658
586.5517645897768,0.10859845578670502,586.369,0.024339625274748422
587.0172818632608,0.11363393813371658,586.835,0.033054239885275005
587.4827991367447,0.13746853172779083,587.298,0.017054696732042296
587.9483164102287,0.13948272168636322,587.76,0.3656386318650352
588.4138336837126,0.09886319935321808,588.228,0.012697389426779004
588.8793509571966,0.05455100163817406,588.691,0.00037446756020387273
589.3448682306805,0.029373617842793465,589.154,0.00037446756020387273
589.8103855041645,0.011581597849726677,589.624,0.002553153677239073
590.2759027776484,0.0038605325389653444,590.09,0.010518768238550802
590.7414200511324,0.0011749446857720613,590.553,0.0018041536280242187
591.2069373246163,-0.045151446014642715,591.018,0.00037446756020387273
591.6724545981003,-0.10893415659666061,591.484,0.010518768238550802
592.1379718715842,-0.14653238654136658,591.95,0.00037446756020387273
592.6034891450681,-0.16264592111110687,592.41,0.0649850121611314
593.0690064185521,-0.16734568774700165,592.876,0.05627039755060481
593.534523692036,-0.1448538899421692,593.343,0.00037446756020387273
594.00004096552,-0.13394369184970856,593.809,0.008340082121515713
594.4655582390039,-0.1582818329334259,594.27,0.0018041536280242187
594.931075512488,-0.1760738492012024,594.74,0.00037446756020387273
595.3965927859718,-0.16801708936691284,595.203,0.009089082170730456
595.8621100594559,-0.1425040066242218,595.665,0.004731774865467164
596.3276273329398,-0.1119554415345192,596.135,0.004731774865467164
596.7931446064238,-0.08207827806472778,596.598,0.01998231796948524
597.2586618799077,-0.05052262172102928,597.064,0.058449018738833014
597.7241791533917,0.0011749446857720613,597.527,0.003982839745059419
598.1896964268756,0.0626077651977539,597.993,0.026518246462976625
598.6552137003596,0.07502861320972443,598.457,0.028696932580011714
599.1207309738435,0.0629434660077095,598.923,0.006910460982502253
599.5862482473274,0.0632791668176651,599.388,0.00037446756020387273
600.0517655208114,0.07368581742048264,599.854,0.012697389426779004
600.5172827942953,0.09214923530817032,600.321,0.1129152626614136
600.9828000677793,0.13444724678993225,600.779,0.009089082170730456
601.4483173412632,0.15425345301628113,601.247,0.03448392595309535
601.9138346147472,0.12941177189350128,601.709,0.09187772618431189
602.3793518882311,0.10994125157594681,602.18,0.012697389426779004
602.8448691617151,0.1116197481751442,602.642,0.017054696732042296
603.310386435199,0.11598382890224457,603.11,0.0018041536280242187
603.775903708683,0.1272297203540802,603.572,0.009089082170730456
604.2414209821669,0.14686807990074158,604.038,0.010518768238550802
604.7069382556509,0.12471198290586472,604.503,0.028696932580011714
605.1724555291348,0.0800640881061554,604.969,0.013446389475993747
605.6379728026187,0.05052262172102928,605.435,0.00037446756020387273
606.1034900761027,0.0317235067486763,605.901,0.002553153677239073
606.5690073495866,0.013260089792311192,606.366,0.024339625274748422
607.0345246230706,0.01258869282901287,606.824,0.028696932580011714
607.5000418965545,-0.004531929735094309,607.295,0.10059234079483848
607.9655591700385,-0.059250783175230026,607.758,0.03012661864783206
608.4310764435224,-0.11329823732376099,608.221,0.021412004037305588
608.8965937170065,-0.143846794962883,608.691,0.017054696732042296
609.3621109904904,-0.1592889279127121,609.151,0.004731774865467164
609.8276282639744,-0.17170977592468262,609.621,0.1107366414731854
610.2931455374583,-0.18144503235816956,610.079,0.008340082121515713
610.7586628109423,-0.18211641907691956,610.549,0.02359062522553368
611.2241800844262,-0.1579461395740509,611.014,0.00616146093328751
611.6896973579102,-0.11799801886081696,611.474,0.00037446756020387273
612.1552146313941,-0.11648737639188766,611.939,0.02794793253079697
612.620731904878,-0.1270618736743927,612.406,0.00037446756020387273
613.086249178362,-0.11262684315443039,612.871,0.03523286107350321
613.5517664518459,-0.07821774482727051,613.336,0.00037446756020387273
614.0172837253299,-0.03508049249649048,613.802,0.00037446756020387273
614.4828009988138,0.030716411769390106,614.265,0.0018041536280242187
614.9483182722978,0.07402151823043823,614.735,0.028696932580011714
615.4138355457817,0.06865034252405167,615.196,0.009089082170730456
615.8793528192657,0.061264973133802414,615.666,0.019233382849077385
616.3448700927496,0.07335011661052704,616.128,0.008340082121515713
616.8103873662336,0.08979934453964233,616.591,0.017054696732042296
617.2759046397175,0.11598382890224457,617.056,0.04319847563481494
617.7414219132015,0.15056076645851135,617.524,0.013446389475993747
618.2069391866854,0.14552529156208038,617.989,0.012697389426779004
618.6724564601693,0.12118715047836304,618.454,0.00616146093328751
619.1379737336533,0.11329823732376099,618.92,0.004731774865467164
619.6034910071372,0.11732661724090576,619.385,0.01998231796948524
620.0690082806212,0.12303349375724792,619.851,0.009089082170730456
620.5345255541051,0.14888226985931396,620.31,0.002553153677239073
621.0000428275891,0.15593194961547852,620.776,0.0018041536280242187
621.465560101073,0.11866941303014755,621.243,0.004731774865467164
621.931077374557,0.07737849652767181,621.706,0.00037446756020387273
622.396594648041,0.05018692463636398,622.169,0.002553153677239073
622.862111921525,0.02668802998960018,622.639,0.01780369678125704
623.3276291950089,0.0011749446857720613,623.105,0.012697389426779004
623.7931464684929,-0.02702372707426548,623.568,0.1608455780905027
624.2586637419768,-0.05656519532203674,624.034,0.006910460982502253
624.7241810154608,-0.06865034252405167,624.499,0.00037446756020387273
625.1896982889447,-0.06797894090414047,624.964,0.0018041536280242187
625.6552155624286,-0.10490577667951584,625.429,0.05266209029455626
626.1207328359126,-0.15526054799556732,625.895,0.003982839745059419
626.5862501093965,-0.18278782069683075,626.354,0.00037446756020387273
627.0517673828805,-0.1884946972131729,626.819,0.03012661864783206
627.5172846563644,-0.18077363073825836,627.287,0.03448392595309535
627.9828019298484,-0.14518959820270538,627.75,0.22402637169480288
628.4483192033323,-0.12135500460863113,628.217,0.00037446756020387273
628.9138364768163,-0.13243305683135986,628.68,0.0374115471905383
629.3793537503002,-0.13310444355010986,629.151,0.024339625274748422
629.8448710237842,-0.10826276242733002,629.613,0.00037446756020387273
630.3103882972681,-0.07133592665195465,630.078,0.00037446756020387273
630.7759055707521,-0.01896696351468563,630.541,0.01780369678125704
631.241422844236,0.04414435103535652,631.006,0.01780369678125704
631.70694011772,0.0629434660077095,631.472,0.024339625274748422
632.1724573912039,0.052872512489557266,631.938,0.01998231796948524
632.6379746646878,0.054718852043151855,632.406,0.033054239885275005
633.1034919381718,0.07100022584199905,632.864,0.010518768238550802
633.5690092116557,0.09248492866754532,633.329,0.00037446756020387273
634.0345264851397,0.13310444355010986,633.795,0.02359062522553368
634.5000437586236,0.15492485463619232,634.265,0.00037446756020387273
634.9655610321076,0.13679713010787964,634.727,0.02794793253079697
635.4310783055915,0.11631952226161957,635.195,0.025769311342568768
635.8965955790756,0.10926985740661621,635.657,0.00037446756020387273
636.3621128525594,0.110948346555233,636.125,0.003982839745059419
636.8276301260435,0.1119554415345192,636.587,0.009089082170730456
637.2931473995274,0.10725566744804382,637.053,0.002553153677239073
637.7586646730114,0.09785610437393188,637.517,0.00037446756020387273
638.2241819464953,0.10591287165880203,637.983,0.03230523983606026
638.6896992199792,0.12236209958791733,638.448,0.00037446756020387273
639.1552164934632,0.08979934453964233,638.913,0.02216100408652033
639.6207337669471,0.032730601727962494,639.38,0.024339625274748422
640.0862510404311,-0.008560311049222946,639.846,0.004731774865467164
640.551768313915,-0.03642328456044197,640.31,0.02216100408652033
641.017285587399,-0.057907987385988235,640.776,0.010518768238550802
641.4828028608829,-0.05656519532203674,641.239,0.003982839745059419
641.9483201343669,-0.07301442325115204,641.702,0.01562501066422195
642.4138374078508,-0.1280689686536789,642.165,0.012697389426779004
642.8793546813348,-0.17070268094539642,642.635,0.02794793253079697
643.3448719548187,-0.18278782069683075,643.101,0.017054696732042296
643.8103892283027,-0.18345922231674194,643.559,0.1129152626614136
644.2759065017866,-0.16667430102825165,644.025,0.012697389426779004
644.7414237752706,-0.13109025359153748,644.491,0.28502854411087497
645.2069410487545,-0.12957961857318878,644.957,0.00037446756020387273
645.6724583222384,-0.1425040066242218,645.425,0.00616146093328751
646.1379755957224,-0.13125810027122498,645.891,0.00037446756020387273
646.6034928692063,-0.10020599514245987,646.35,0.0374115471905383
647.0690101426903,-0.059250783175230026,646.817,0.02359062522553368
647.5345274161742,0.004699778743088245,647.28,0.009089082170730456
648.0000446896582,0.051865413784980774,647.749,0.033054239885275005
648.4655619631421,0.05555810034275055,648.21,0.008340082121515713
648.9310792366261,0.052872512489557266,648.679,0.030875553768239916
649.39659651011,0.06059357523918152,649.14,0.03448392595309535
649.862113783594,0.07234302163124084,649.61,0.009089082170730456
650.327631057078,0.08274967223405838,650.076,0.0018041536280242187
650.793148330562,0.09114214032888412,650.539,0.0018041536280242187
651.2586656040459,0.10222018510103226,651.004,0.025769311342568768
651.7241828775298,0.13075456023216248,651.469,0.00037446756020387273
652.1897001510138,0.16700999438762665,651.935,0.011267703358958658
652.6552174244977,0.15391775965690613,652.395,0.00037446756020387273
653.1207346979817,0.11665522307157516,652.861,0.003982839745059419
653.5862519714656,0.09987030178308487,653.324,0.00037446756020387273
654.0517692449496,0.09886319935321808,653.79,0.011267703358958658
654.5172865184335,0.10188449174165726,654.258,0.03012661864783206
654.9828037919175,0.12252994626760483,654.72,0.008340082121515713
655.4483210654014,0.11866941303014755,655.188,0.009089082170730456
655.9138383388854,0.07100022584199905,655.649,0.00037446756020387273
656.3793556123693,0.026016632094979286,656.117,0.026518246462976625
656.8448728858533,-0.0041962312534451485,656.58,0.008340082121515713
657.3103901593372,-0.031052108854055405,657.045,0.003982839745059419
657.7759074328212,-0.043808650225400925,657.509,0.003982839745059419
658.2414247063051,-0.04582284390926361,657.975,0.028696932580011714
658.706941979789,-0.08493171632289886,658.44,0.004731774865467164
659.172459253273,-0.13881132006645203,658.906,0.009089082170730456
659.6379765267569,-0.16801708936691284,659.373,0.013446389475993747
660.1034938002409,-0.17775234580039978,659.838,0.00037446756020387273
660.5690110737248,-0.1760738492012024,660.304,0.004731774865467164
661.0345283472088,-0.14586098492145538,660.77,0.04973446905711343
661.5000456206927,-0.12101930379867554,661.234,0.00037446756020387273
661.9655628941767,-0.13041886687278748,661.697,0.0018041536280242187
662.4310801676606,-0.13981841504573822,662.166,0.028696932580011714
662.8965974411446,-0.1277332752943039,662.628,0.009089082170730456
663.3621147146285,-0.09819180518388748,663.094,0.01780369678125704
663.8276319881126,-0.06193637102842331,663.556,0.003982839745059419
664.2931492615965,-0.02702372707426548,664.022,0.008340082121515713
664.7586665350804,0.00587472366169095,664.49,0.017054696732042296
665.2241838085644,0.05421530455350876,664.949,0.00037446756020387273
665.6897010820483,0.10524147748947144,665.42,0.01780369678125704
666.1552183555323,0.10188449174165726,665.879,0.003982839745059419
666.6207356290162,0.07570000737905502,666.351,0.012697389426779004
667.0862529025002,0.07200732082128525,666.809,0.00037446756020387273
667.5517701759841,0.08560311049222946,667.277,0.02794793253079697
668.0172874494681,0.10322728008031845,667.739,0.00037446756020387273
668.482804722952,0.14082551002502441,668.21,0.00037446756020387273
668.948321996436,0.1569390445947647,668.672,0.02359062522553368
669.4138392699199,0.1273975670337677,669.14,0.00616146093328751
669.8793565434039,0.10020599514245987,669.602,0.01562501066422195
670.3448738168878,0.0963454619050026,670.067,0.07226994070383763
670.8103910903718,0.09835965186357498,670.534,0.0018041536280242187
671.2759083638557,0.10926985740661621,671.0,0.00037446756020387273
671.7414256373396,0.1280689686536789,671.466,0.019233382849077385
672.2069429108236,0.09886319935321808,671.924,0.00037446756020387273
672.6724601843075,0.04145876318216324,672.391,0.004731774865467164
673.1379774577915,0.0018463416490703821,672.857,0.0018041536280242187
673.6034947312754,-0.024338139221072197,673.322,0.01780369678125704
674.0690120047594,-0.04884412884712219,673.788,0.009089082170730456
674.5345292782433,-0.05119401961565018,674.251,0.017054696732042296
675.0000465517273,-0.0646219551563263,674.72,0.003982839745059419
675.4655638252112,-0.11363393813371658,675.181,0.010518768238550802
675.9310810986952,-0.1586175262928009,675.65,0.009089082170730456
676.3965983721791,-0.17909513413906097,676.113,0.01998231796948524
676.8621156456632,-0.18614481389522552,676.576,0.002553153677239073
677.327632919147,-0.1888303905725479,677.042,0.02359062522553368
677.7931501926311,-0.18547341227531433,677.509,0.017054696732042296
678.258667466115,-0.1754024624824524,677.975,0.01998231796948524
678.7241847395989,-0.14065766334533691,678.439,0.04394747568402979
679.1897020130829,-0.09013504534959793,678.905,0.008340082121515713
679.6552192865668,-0.08157473057508469,679.369,0.009089082170730456
680.1207365600508,-0.08543526381254196,679.835,0.025769311342568768
680.5862538335347,-0.0639505609869957,680.298,0.00037446756020387273
681.0517711070187,-0.026352331042289734,680.76,0.00037446756020387273
681.5172883805026,0.013931486755609512,681.228,0.01998231796948524
681.9828056539866,0.07167162746191025,681.691,0.00037446756020387273
682.4483229274705,0.10255588591098785,682.159,0.01998231796948524
682.9138402009545,0.08476386964321136,682.621,0.004731774865467164
683.3793574744384,0.07150377333164215,683.087,0.03448392595309535
683.8448747479224,0.08241397887468338,683.55,0.008340082121515713
684.3103920214063,0.0961776152253151,684.015,0.009089082170730456
684.7759092948902,0.12001220881938934,684.48,0.00037446756020387273
685.2414265683742,0.1569390445947647,684.945,0.00037446756020387273
685.7069438418581,0.14921797811985016,685.41,0.11945119115490499
686.1724611153421,0.11665522307157516,685.876,0.00616146093328751
686.637978388826,0.10054169595241547,686.34,0.00037446756020387273
687.10349566231,0.09919890016317368,686.806,0.02216100408652033
687.5690129357939,0.10171663761138916,687.269,0.04537716175185014
688.0345302092779,0.12320134043693542,687.739,0.006910460982502253
688.5000474827618,0.12471198290586472,688.202,0.00037446756020387273
688.9655647562458,0.08107118308544159,688.665,0.009089082170730456
689.4310820297297,0.031387809664011,689.135,0.0018041536280242187
689.8965993032137,-0.003524834057316184,689.598,0.12673611969761123
690.3621165766976,-0.03038071282207966,690.064,0.02216100408652033
690.8276338501817,-0.057907987385988235,690.528,0.03230523983606026
691.2931511236656,-0.08845654875040054,690.993,0.017054696732042296
691.7586683971494,-0.11766231805086136,691.458,0.01780369678125704
692.2241856706335,-0.11967650800943375,691.924,0.009089082170730456
692.6897029441174,-0.10624857246875763,692.391,0.01780369678125704
693.1552202176014,-0.13579003512859344,692.849,0.012697389426779004
693.6207374910853,-0.17775234580039978,693.321,0.01998231796948524
694.0862547645693,-0.191683828830719,693.779,0.18481067087624026
694.5517720380532,-0.18547341227531433,694.247,0.00037446756020387273
695.0172893115372,-0.16566720604896545,694.709,0.019233382849077385
695.4828065850211,-0.11665522307157516,695.177,0.00037446756020387273
695.9483238585051,-0.08543526381254196,695.639,0.05919801878804776
696.413841131989,-0.09030289202928543,696.106,0.002553153677239073
696.879358405473,-0.08543526381254196,696.569,0.0606277048558681
697.3448756789569,-0.05723658949136734,697.034,0.01998231796948524
697.8103929524408,-0.020981155335903168,697.499,0.013446389475993747
698.2759102259248,0.030716411769390106,697.965,0.01562501066422195
698.7414274994087,0.08812084794044495,698.432,0.0395901683787665
699.2069447728927,0.09382772445678711,698.898,0.00037446756020387273
699.6724620463766,0.07267872244119644,699.362,0.00037446756020387273
700.1379793198606,0.06831464171409607,699.827,0.033054239885275005
700.6034965933445,0.0800640881061554,700.291,0.00616146093328751
701.0690138668285,0.09718471020460129,700.76,0.00616146093328751
701.5345311403124,0.13881132006645203,701.221,0.017054696732042296
702.0000484137964,0.16466011106967926,701.684,0.008340082121515713
702.4655656872803,0.1411612182855606,702.154,0.04612609687225788
702.9310829607643,0.10994125157594681,702.617,0.00037446756020387273
703.3966002342482,0.09752041101455688,703.083,0.028696932580011714
703.8621175077323,0.09684900939464569,703.546,0.025769311342568768
704.3276347812161,0.09315633028745651,704.012,0.04319847563481494
704.7931520547,0.08375677466392517,704.477,0.01562501066422195
705.258669328184,0.07234302163124084,704.943,0.02794793253079697
705.724186601668,0.07502861320972443,705.41,0.0018041536280242187
706.189703875152,0.08174257725477219,705.875,0.002553153677239073
706.6552211486359,0.037430379539728165,706.334,0.030875553768239916
707.1207384221199,-0.02836652100086212,706.8,0.009089082170730456
707.5862556956038,-0.07335011661052704,707.269,0.00037446756020387273
708.0517729690878,-0.10104524344205856,707.731,0.00037446756020387273
708.5172902425717,-0.11833371222019196,708.195,0.004731774865467164
708.9828075160557,-0.1102769523859024,708.664,0.003982839745059419
709.4483247895396,-0.11631952226161957,709.124,0.025769311342568768
709.9138420630236,-0.1599603295326233,709.594,0.00037446756020387273
710.3793593365075,-0.19520866870880127,710.06,0.02359062522553368
710.8448766099914,-0.20091554522514343,710.524,0.025769311342568768
711.3103938834754,-0.1908445805311203,710.99,0.03448392595309535
711.7759111569593,-0.1586175262928009,711.45,0.003982839745059419
712.2414284304433,-0.10826276242733002,711.915,0.050483404177521174
712.7069457039272,-0.09953460097312927,712.38,0.00037446756020387273
713.1724629774112,-0.10759136080741882,712.846,0.017054696732042296
713.6379802508951,-0.09013504534959793,713.311,0.04612609687225788
714.1034975243791,-0.05270466208457947,713.776,0.14341634886944954
714.569014797863,-0.008224613033235073,714.239,0.00037446756020387273
715.034532071347,0.05421530455350876,714.709,0.025769311342568768
715.5000493448309,0.09248492866754532,715.173,0.030875553768239916
715.9655666183149,0.08241397887468338,715.635,0.03230523983606026
716.4310838917988,0.06680399924516678,716.101,0.00037446756020387273
716.8966011652828,0.06965743750333786,716.566,0.00037446756020387273
717.3621184387667,0.08509956300258636,717.032,0.036662547141323554
717.8276357122506,0.09852750599384308,717.499,0.003982839745059419
718.2931529857347,0.10457007586956024,717.964,0.026518246462976625
718.7586702592185,0.10926985740661621,718.429,0.02794793253079697
719.2241875327026,0.13260090351104736,718.894,0.00037446756020387273
719.6897048061865,0.16432440280914307,719.354,0.01998231796948524
720.1552220796705,0.14737163484096527,719.82,0.0018041536280242187
720.6207393531544,0.10910200327634811,720.284,0.00037446756020387273
721.0862566266384,0.08845654875040054,720.753,0.15941589202268236
721.5517739001223,0.08107118308544159,721.217,0.03230523983606026
722.0172911736063,0.07771419733762741,721.68,0.024339625274748422
722.4828084470902,0.09147783368825912,722.15,0.33295885953996407
722.9483257205742,0.07637140154838562,722.613,0.00037446756020387273
723.4138429940581,0.01594567857682705,723.079,0.026518246462976625
723.8793602675421,-0.04078736528754234,723.542,0.028696932580011714
724.344877541026,-0.07301442325115204,724.008,0.03448392595309535
724.8103948145099,-0.09684900939464569,724.473,0.003982839745059419
725.2759120879939,-0.10490577667951584,724.938,0.054840711482784466
725.7414293614778,-0.09886319935321808,725.403,0.003982839745059419
726.2069466349618,-0.13041886687278748,725.868,0.00037446756020387273
726.6724639084457,-0.17405965924263,726.333,0.009089082170730456
727.1379811819297,-0.1915159821510315,726.798,0.012697389426779004
727.6034984554136,-0.1895017921924591,727.262,0.006910460982502253
728.0690157288976,-0.1767452508211136,727.724,0.004731774865467164
728.5345330023815,-0.13243305683135986,728.195,0.009089082170730456
729.0000502758655,-0.09684900939464569,728.657,0.009089082170730456
729.4655675493494,-0.09684900939464569,729.121,0.012697389426779004
729.9310848228334,-0.09349202364683151,729.59,0.22695399293224583
730.3966020963173,-0.06932173669338226,730.056,0.004731774865467164
730.8621193698012,-0.035751886665821075,730.521,0.00037446756020387273
731.3276366432852,-0.0021820401307195425,730.979,0.009089082170730456
731.7931539167691,0.02870221994817257,731.45,0.009089082170730456
732.2586711902532,0.05421530455350876,731.909,0.01998231796948524
732.724188463737,0.08845654875040054,732.374,0.012697389426779004
733.1897057372211,0.1292439103126526,732.84,0.038841168329551756
733.655223010705,0.1250476837158203,733.307,0.00616146093328751
734.120740284189,0.10238803923130035,733.772,0.04394747568402979
734.5862575576729,0.09785610437393188,734.236,0.0018041536280242187
735.0517748311569,0.10725566744804382,734.706,0.006910460982502253
735.5172921046408,0.12202639877796173,735.169,0.0018041536280242187
735.9828093781248,0.1569390445947647,735.631,0.00616146093328751
736.4483266516087,0.16835278272628784,736.097,0.002553153677239073
736.9138439250927,0.13545434176921844,736.561,0.025769311342568768
737.3793611985766,0.10524147748947144,737.027,0.15213096347997612
737.8448784720605,0.09349202364683151,737.494,0.002553153677239073
738.3103957455445,0.08543526381254196,737.96,0.012697389426779004
738.7759130190284,0.08845654875040054,738.425,0.00037446756020387273
739.2414302925124,0.09718471020460129,738.891,0.05627039755060481
739.7069475659963,0.05891508236527443,739.35,0.009089082170730456
740.1724648394803,-0.0028534370940178633,739.816,0.01780369678125704
740.6379821129642,-0.0471656359732151,740.284,0.01780369678125704
741.1034993864482,-0.07435721158981323,740.746,0.02216100408652033
741.5690166599321,-0.09315633028745651,741.209,0.009089082170730456
742.0345339334161,-0.08610665798187256,741.679,0.04830478298929308
742.5000512069,-0.09080643951892853,742.143,0.05409177636237661
742.965568480384,-0.13209734857082367,742.605,0.003982839745059419
743.4310857538679,-0.17070268094539642,743.071,0.012697389426779004
743.8966030273518,-0.18631266057491302,743.535,0.012697389426779004
744.3621203008358,-0.18748760223388672,744.001,0.011267703358958658
744.8276375743197,-0.18010222911834717,744.466,0.030875553768239916
745.2931548478037,-0.16533149778842926,744.932,0.002553153677239073
745.7586721212876,-0.143846794962883,745.398,0.0628063260440963
746.2241893947717,-0.09953460097312927,745.864,0.008340082121515713
746.6897066682556,-0.04078736528754234,746.328,0.008340082121515713
747.1552239417396,-0.024338139221072197,746.794,0.058449018738833014
747.6207412152235,-0.02534523606300354,747.254,0.008340082121515713
748.0862584887075,-0.005035477224737406,747.724,0.009089082170730456
748.5517757621914,0.029037918895483017,748.187,0.002553153677239073
749.0172930356754,0.06025787815451622,748.65,0.02216100408652033
749.4828103091593,0.10423437505960464,749.121,0.006910460982502253
749.9483275826433,0.1260547786951065,749.584,0.019233382849077385
750.4138448561272,0.10859845578670502,750.049,0.024339625274748422
750.8793621296111,0.0944991260766983,750.514,0.01780369678125704
751.3448794030951,0.09718471020460129,750.98,0.04612609687225788
751.810396676579,0.10826276242733002,751.439,0.021412004037305588
752.275913950063,0.13478294014930725,751.905,0.009089082170730456
752.7414312235469,0.16902418434619904,752.37,0.00037446756020387273
753.2069484970309,0.15408560633659363,752.836,0.00037446756020387273
753.6724657705148,0.11531242728233337,753.309,0.008340082121515713
754.1379830439988,0.09718471020460129,753.767,0.009089082170730456
754.6035003174827,0.09097428619861603,754.235,0.02794793253079697
755.0690175909667,0.08711375296115875,754.698,0.03230523983606026
755.5345348644506,0.10188449174165726,755.166,0.12380849846016828
756.0000521379346,0.0948348194360733,755.628,0.04612609687225788
756.4655694114185,0.042130161076784134,756.093,0.009089082170730456
756.9310866849024,-0.01258869282901287,756.556,0.01562501066422195
757.3966039583864,-0.05085831880569458,757.022,0.030875553768239916
757.8621212318703,-0.08107118308544159,757.488,0.003982839745059419
758.3276385053543,-0.1102769523859024,757.954,0.00037446756020387273
758.7931557788382,-0.13310444355010986,758.421,0.010518768238550802
759.2586730523223,-0.14871442317962646,758.879,0.0018041536280242187
759.7241903258061,-0.1418326050043106,759.344,0.00037446756020387273
760.1897075992902,-0.12320134043693542,759.81,0.00616146093328751
760.655224872774,-0.14518959820270538,760.28,0.03012661864783206
761.1207421462581,-0.17808803915977478,760.742,0.05266209029455626
761.586259419742,-0.18144503235816956,761.21,0.009089082170730456
762.051776693226,-0.16398870944976807,761.672,0.03448392595309535
762.5172939667099,-0.13478294014930725,762.136,0.00037446756020387273
762.9828112401939,-0.07603570818901062,762.606,0.03523286107350321
763.4483285136778,-0.03440909460186958,763.064,0.0374115471905383
763.9138457871617,-0.03642328456044197,763.535,0.0018041536280242187
764.3793630606457,-0.032394904643297195,764.001,0.008340082121515713
764.8448803341296,-0.0028534370940178633,764.465,0.01562501066422195
765.3103976076136,0.032394904643297195,764.93,0.09548609836916733
765.7759148810975,0.07100022584199905,765.396,0.021412004037305588
766.2414321545815,0.11531242728233337,765.854,0.041019854446586845
766.7069494280654,0.11464103311300278,766.321,0.03230523983606026
767.1724667015494,0.09214923530817032,766.786,0.05409177636237661
767.6379839750333,0.08845654875040054,767.254,0.017054696732042296
768.1035012485173,0.09987030178308487,767.717,0.003982839745059419
768.5690185220012,0.11363393813371658,768.18,0.02794793253079697
769.0345357954852,0.14821088314056396,768.65,0.00037446756020387273
769.5000530689691,0.16633859276771545,769.11,0.00037446756020387273
769.9655703424531,0.14048981666564941,769.58,0.00616146093328751
770.431087615937,0.10893415659666061,770.045,0.02359062522553368
770.8966048894209,0.09248492866754532,770.509,0.025769311342568768
771.3621221629049,0.08509956300258636,770.975,0.0374115471905383
771.8276394363888,0.07704280316829681,771.439,0.00037446756020387273
772.2931567098728,0.06025787815451622,771.905,0.011267703358958658
772.7586739833567,0.037430379539728165,772.369,0.00037446756020387273
773.2241912568408,0.0317235067486763,772.834,0.028696932580011714
773.6897085303247,0.03440909460186958,773.298,0.026518246462976625
774.1552258038087,-0.01426718570291996,773.76,0.011267703358958658
774.6207430772926,-0.08073548227548599,774.228,0.008340082121515713
775.0862603507766,-0.12420843541622162,774.691,0.02794793253079697
775.5517776242605,-0.1448538899421692,775.159,0.012697389426779004
776.0172948977445,-0.15291066467761993,775.621,0.026518246462976625
776.4828121712284,-0.13394369184970856,776.087,0.004731774865467164
776.9483294447123,-0.13176165521144867,776.55,0.017054696732042296
777.4138467181963,-0.16801708936691284,777.015,0.004731774865467164
777.8793639916802,-0.19302663207054138,777.48,0.017054696732042296
778.3448812651642,-0.18564125895500183,777.945,0.01998231796948524
778.8103985386481,-0.16197451949119568,778.41,0.004731774865467164
779.2759158121321,-0.12068360298871994,778.876,0.009089082170730456
779.741433085616,-0.06529335677623749,779.343,0.02794793253079697
780.2069503591,-0.0471656359732151,779.809,0.012697389426779004
780.6724676325839,-0.0471656359732151,780.27,0.00037446756020387273
781.1379849060679,-0.02836652100086212,780.739,0.00037446756020387273
781.6035021795518,0.0068818191066384315,781.202,0.009089082170730456
782.0690194530358,0.043472953140735626,781.664,0.01562501066422195
782.5345367265197,0.09231708198785782,782.136,0.011267703358958658
783.0000540000037,0.11900511384010315,782.598,0.05191309024534152
783.4655712734876,0.10490577667951584,783.064,0.00037446756020387273
783.9310885469715,0.08711375296115875,783.528,0.02794793253079697
784.3966058204555,0.08577096462249756,783.993,0.0018041536280242187
784.8621230939394,0.0951705202460289,784.458,0.009089082170730456
785.3276403674234,0.10457007586956024,784.924,0.0018041536280242187
785.7931576409073,0.1112840473651886,785.391,0.00037446756020387273
786.2586749143913,0.11497672647237778,785.85,0.00037446756020387273
786.7241921878752,0.13209734857082367,786.317,0.024339625274748422
787.1897094613593,0.1569390445947647,786.783,0.019233382849077385
787.6552267348432,0.13411153852939606,787.25,0.01998231796948524
788.1207440083272,0.09114214032888412,787.713,0.004731774865467164
788.5862612818111,0.06495765596628189,788.176,0.004731774865467164
789.0517785552951,0.05085831880569458,788.639,0.00037446756020387273
789.517295828779,0.037430379539728165,789.11,0.011267703358958658
789.9828131022629,0.042130161076784134,789.572,0.01562501066422195
790.4483303757469,0.022659648209810257,790.038,0.01780369678125704
790.9138476492308,-0.04112306237220764,790.502,0.01780369678125704
791.3793649227148,-0.09752041101455688,790.968,0.019233382849077385
791.8448821961987,-0.1284046620130539,791.435,0.00037446756020387273
792.3103994696827,-0.14686807990074158,791.894,0.08459286257041265
792.7759167431666,-0.14670023322105408,792.359,0.021412004037305588
793.2414340166506,-0.1290760636329651,792.824,0.008340082121515713
793.7069512901345,-0.14586098492145538,793.292,0.004731774865467164
794.1724685636185,-0.18144503235816956,793.754,0.00616146093328751
794.6379858371024,-0.19420157372951508,794.224,0.058449018738833014
795.1035031105864,-0.18278782069683075,794.687,0.01998231796948524
795.5690203840703,-0.15593194961547852,795.15,0.036662547141323554
796.0345376575543,-0.10104524344205856,795.62,0.00037446756020387273
796.5000549310382,-0.057907987385988235,796.086,0.009089082170730456
796.9655722045221,-0.05337605997920036,796.549,0.017054696732042296
797.4310894780061,-0.05018692463636398,797.014,0.00037446756020387273
797.89660675149,-0.02568093314766884,797.48,0.04755578294007823
798.362124024974,0.010238803923130035,797.945,0.026518246462976625
798.8276412984579,0.04011596739292145,798.41,0.024339625274748422
799.293158571942,0.060929276049137115,798.869,0.00037446756020387273
799.7586758454258,0.07536430656909943,799.335,0.017054696732042296
800.2241931189099,0.10322728008031845,799.801,0.041019854446586845
800.6897103923937,0.14082551002502441,800.27,0.02794793253079697
801.1552276658778,0.13344015181064606,800.732,0.02794793253079697
801.6207449393617,0.10557717084884644,801.195,0.01998231796948524
802.0862622128457,0.09987030178308487,801.665,0.011267703358958658
802.5517794863296,0.10826276242733002,802.128,0.012697389426779004
803.0172967598135,0.11866941303014755,802.591,0.002553153677239073
803.4828140332975,0.14888226985931396,803.056,0.01780369678125704
803.9483313067814,0.15526054799556732,803.521,0.002553153677239073
804.4138485802654,0.11464103311300278,803.986,0.03448392595309535
804.8793658537493,0.07570000737905502,804.451,0.017054696732042296
805.3448831272333,0.06059357523918152,804.916,0.050483404177521174
805.8104004007172,0.04951552674174309,805.384,0.011267703358958658
806.2759176742012,0.04280155524611473,805.849,0.01562501066422195
806.7414349476851,0.04280155524611473,806.314,0.01998231796948524
807.2069522211691,0.000839246204122901,806.78,0.00037446756020387273
807.672469494653,-0.06227206811308861,807.243,0.003982839745059419
808.137986768137,-0.10759136080741882,807.706,0.00037446756020387273
808.6035040416209,-0.13344015181064606,808.169,0.0649850121611314
809.0690213151049,-0.14586098492145538,808.639,0.00037446756020387273
809.5345385885888,-0.12991531193256378,809.11,0.03448392595309535
810.0000558620727,-0.1257190853357315,809.565,0.03012661864783206
810.4655731355567,-0.1574425846338272,810.031,0.012697389426779004
810.9310904090406,-0.18496985733509064,810.495,0.009089082170730456
811.3966076825246,-0.1884946972131729,810.961,0.003982839745059419
811.8621249560085,-0.17338827252388,811.428,0.033054239885275005
812.3276422294925,-0.15257495641708374,811.893,0.004731774865467164
812.7931595029764,-0.13142596185207367,812.358,0.00037446756020387273
813.2586767764604,-0.10624857246875763,812.824,0.017054696732042296
813.7241940499443,-0.05690089240670204,813.284,0.02216100408652033
814.1897113234284,0.006378271151334047,813.754,0.05409177636237661
814.6552285969123,0.023331044241786003,814.217,0.02794793253079697
815.1207458703963,0.020309757441282272,814.68,0.008340082121515713
815.5862631438802,0.03457694500684738,815.147,0.009089082170730456
816.0517804173642,0.05690089240670204,815.61,0.024339625274748422
816.5172976908481,0.07704280316829681,816.076,0.00037446756020387273
816.982814964332,0.11665522307157516,816.539,0.004731774865467164
817.448332237816,0.13511863350868225,817.004,0.004731774865467164
817.9138495112999,0.11464103311300278,817.47,0.00037446756020387273
818.3793667847839,0.09852750599384308,817.935,0.004731774865467164
818.8448840582678,0.10305943340063095,818.402,0.00037446756020387273
819.3104013317518,0.11329823732376099,818.868,0.009089082170730456
819.7759186052357,0.13344015181064606,819.333,0.009089082170730456
820.2414358787197,0.1592889279127121,819.799,0.021412004037305588
820.7069531522036,0.14015412330627441,820.262,0.06934231946639469
821.1724704256876,0.09919890016317368,820.724,0.003982839745059419
821.6379876991715,0.07502861320972443,821.192,0.026518246462976625
822.1035049726555,0.0636148601770401,821.654,0.11584288389885644
822.5690222461394,0.053208209574222565,822.122,0.009089082170730456
823.0345395196233,0.061264973133802414,822.584,0.00037446756020387273
823.5000567931073,0.049851223826408386,823.05,0.01562501066422195
823.9655740665912,-0.008224613033235073,823.517,0.00037446756020387273
824.4310913400752,-0.06898603588342667,823.982,0.00037446756020387273
824.8966086135591,-0.10910200327634811,824.447,0.00037446756020387273
825.3621258870431,-0.13646143674850464,824.913,0.00616146093328751
825.827643160527,-0.1572747379541397,825.38,0.23491960749355756
826.293160434011,-0.17204546928405762,825.845,0.05409177636237661
826.7586777074949,-0.17875944077968597,826.304,0.02359062522553368
827.224194980979,-0.16130311787128448,826.77,0.004731774865467164
827.6897122544628,-0.13109025359153748,827.234,0.03523286107350321
828.1552295279469,-0.1425040066242218,827.705,0.00037446756020387273
828.6207468014308,-0.16432440280914307,828.166,0.010518768238550802
829.0862640749148,-0.15626764297485352,828.635,0.00037446756020387273
829.5517813483987,-0.1277332752943039,829.101,0.00037446756020387273
830.0172986218826,-0.08979934453964233,829.566,0.04612609687225788
830.4828158953666,-0.027695124968886375,830.024,0.002553153677239073
830.9483331688505,0.01594567857682705,830.491,0.003982839745059419
831.4138504423345,0.017959868535399437,830.957,0.02794793253079697
831.8793677158184,0.02198825031518936,831.421,0.0395901683787665
832.3448849893024,0.041962310671806335,831.887,0.05266209029455626
832.8104022627863,0.0629434660077095,832.354,0.009089082170730456
833.2759195362703,0.09315633028745651,832.82,0.008340082121515713
833.7414368097542,0.13276875019073486,833.28,0.0018041536280242187
834.2069540832382,0.13075456023216248,833.75,0.041019854446586845
834.6724713567221,0.10524147748947144,834.21,0.00037446756020387273
835.1379886302061,0.09684900939464569,834.679,0.00037446756020387273
835.60350590369,0.10457007586956024,835.143,0.038841168329551756
836.0690231771739,0.11665522307157516,835.605,0.00037446756020387273
836.5345404506579,0.14854657649993896,836.072,0.004731774865467164
837.0000577241418,0.16096742451190948,836.535,0.002553153677239073
837.4655749976258,0.13008315861225128,837.001,0.00037446756020387273
837.9310922711097,0.0951705202460289,837.465,0.009089082170730456
838.3966095445937,0.07737849652767181,837.931,0.00037446756020387273
838.8621268180776,0.06546120345592499,838.396,0.01562501066422195
839.3276440915616,0.04145876318216324,838.862,0.006910460982502253
839.7931613650455,0.01191729586571455,839.329,0.00037446756020387273
840.2586786385295,-0.016449226066470146,839.795,0.024339625274748422
840.7241959120134,-0.026352331042289734,840.257,0.0018041536280242187
841.1897131854975,-0.02836652100086212,840.72,0.010518768238550802
841.6552304589814,-0.07553216069936752,841.188,0.08895010494686895
842.1207477324654,-0.13444724678993225,841.65,0.02216100408652033
842.5862650059493,-0.16499580442905426,842.118,0.01562501066422195
843.0517822794332,-0.1750667542219162,842.58,0.003982839745059419
843.5172995529172,-0.17338827252388,843.046,0.010518768238550802
843.9828168264011,-0.1446860432624817,843.513,0.012697389426779004
844.4483340998851,-0.13545434176921844,843.979,0.00037446756020387273
844.913851373369,-0.16096742451190948,844.439,0.00037446756020387273
845.379368646853,-0.1723811775445938,844.905,0.028696932580011714
845.8448859203369,-0.15391775965690613,845.373,0.0374115471905383
846.3104031938209,-0.12387274205684662,845.838,0.0018041536280242187
846.7759204673048,-0.07670710235834122,846.31,0.00616146093328751
847.2414377407888,-0.017120622098445892,846.768,0.04394747568402979
847.7069550142727,0.003524834057316184,847.236,0.05409177636237661
848.1724722877567,0.00553902518004179,847.698,0.011267703358958658
848.6379895612406,0.024673838168382645,848.161,0.11802157001589164
849.1035068347245,0.051529716700315475,848.624,0.04612609687225788
849.5690241082085,0.07502861320972443,849.089,0.0018041536280242187
850.0345413816924,0.11531242728233337,849.56,0.00037446756020387273
850.5000586551764,0.13679713010787964,850.025,0.002553153677239073
850.9655759286603,0.11732661724090576,850.484,0.006910460982502253
851.4310932021443,0.10037384927272797,850.95,0.008340082121515713
851.8966104756282,0.10188449174165726,851.417,0.02794793253079697
852.3621277491122,0.10859845578670502,851.883,0.00037446756020387273
852.8276450225961,0.1112840473651886,852.348,0.08895010494686895
853.2931622960801,0.10994125157594681,852.813,0.009089082170730456
853.758679569564,0.10658426582813263,853.276,0.00037446756020387273
854.224196843048,0.12018005549907684,853.739,0.01998231796948524
854.689714116532,0.1421683132648468,854.21,0.006910460982502253
855.155231390016,0.11631952226161957,854.672,0.036662547141323554
855.6207486634999,0.06697184592485428,855.14,0.006910460982502253
856.0862659369838,0.030716411769390106,855.602,0.00616146093328751
856.5517832104678,0.00553902518004179,856.067,0.01998231796948524
857.0173004839517,-0.012252994813024998,856.534,0.0018041536280242187
857.4828177574357,-0.007553216069936752,857.0,0.012697389426779004
857.9483350309196,-0.027695124968886375,857.465,0.00037446756020387273
858.4138523044036,-0.09080643951892853,857.931,0.009089082170730456
858.8793695778875,-0.1418326050043106,858.396,0.1129152626614136
859.3448868513715,-0.16197451949119568,858.855,0.017054696732042296
859.8104041248554,-0.16935987770557404,859.322,0.01780369678125704
860.2759213983394,-0.1601281762123108,859.788,0.02216100408652033
860.7414386718233,-0.13511863350868225,860.25,0.00037446756020387273
861.2069559453073,-0.14619669318199158,860.72,0.01998231796948524
861.6724732187912,-0.16801708936691284,861.181,0.002553153677239073
862.1379904922752,-0.16432440280914307,861.65,0.019233382849077385
862.6035077657591,-0.13981841504573822,862.114,0.003982839745059419
863.069025039243,-0.10624857246875763,862.576,0.002553153677239073
863.534542312727,-0.04582284390926361,863.042,0.017054696732042296
864.0000595862109,0.0011749446857720613,863.507,0.009089082170730456
864.4655768596949,0.009231708012521267,863.972,0.030875553768239916
864.9310941331788,0.01426718570291996,864.439,0.004731774865467164
865.3966114066628,0.031387809664011,864.905,0.024339625274748422
865.8621286801467,0.04884412884712219,865.37,0.054840711482784466
866.3276459536307,0.0629434660077095,865.836,0.05627039755060481
866.7931632271146,0.07603570818901062,866.299,0.004731774865467164
867.2586805005986,0.08912795037031174,866.761,0.00037446756020387273
867.7241977740825,0.11799801886081696,867.224,0.00037446756020387273
868.1897150475666,0.15425345301628113,867.694,0.012697389426779004
868.6552323210504,0.14535744488239288,868.158,0.017054696732042296
869.1207495945343,0.11631952226161957,868.62,0.03230523983606026
869.5862668680184,0.10591287165880203,869.086,0.00037446756020387273
870.0517841415023,0.10960555076599121,869.556,0.025769311342568768
870.5173014149863,0.11514458060264587,870.014,0.03448392595309535
870.9828186884702,0.13813991844654083,870.48,0.0649850121611314
871.4483359619542,0.13948272168636322,870.946,0.00037446756020387273
871.9138532354381,0.09651331603527069,871.41,0.01998231796948524
872.3793705089221,0.053208209574222565,871.876,0.00037446756020387273
872.844887782406,0.027695124968886375,872.343,0.00037446756020387273
873.31040505589,0.006210422143340111,872.809,0.028696932580011714
873.7759223293739,-0.003524834057316184,873.27,0.0018041536280242187
874.2414396028579,-0.0028534370940178633,873.739,0.02216100408652033
874.7069568763418,-0.046829938888549805,874.202,0.012697389426779004
875.1724741498258,-0.1116197481751442,874.665,0.002553153677239073
875.6379914233097,-0.14871442317962646,875.132,0.017054696732042296
876.1035086967936,-0.16197451949119568,875.595,0.002553153677239073
876.5690259702776,-0.16499580442905426,876.06,0.019233382849077385
877.0345432437615,-0.1428396999835968,876.524,0.01562501066422195
877.5000605172455,-0.13344015181064606,876.99,0.00037446756020387273
877.9655777907294,-0.15559624135494232,877.455,0.02794793253079697
878.4310950642134,-0.16969558596611023,877.92,0.009089082170730456
878.8966123376973,-0.16231021285057068,878.387,0.028696932580011714
879.3621296111813,-0.13981841504573822,878.853,0.01780369678125704
879.8276468846652,-0.11296253651380539,879.317,0.009089082170730456
880.2931641581492,-0.08409246802330017,879.783,0.30320674091673927
880.7586814316331,-0.05119401961565018,880.247,0.01562501066422195
881.2241987051171,0.0057068741880357265,880.709,0.00037446756020387273
881.689715978601,0.06965743750333786,881.18,0.011267703358958658
882.1552332520849,0.0790569931268692,881.643,0.01562501066422195
882.620750525569,0.06160067021846771,882.113,0.009089082170730456
883.0862677990528,0.06160067021846771,882.575,0.01998231796948524
883.5517850725369,0.07536430656909943,883.034,0.033054239885275005
884.0173023460208,0.0944991260766983,883.506,0.0018041536280242187
884.4828196195048,0.13646143674850464,883.964,0.008340082121515713
884.9483368929887,0.15526054799556732,884.429,0.00037446756020387273
885.4138541664727,0.1287403702735901,884.894,0.05409177636237661
885.8793714399566,0.10759136080741882,885.361,0.00037446756020387273
886.3448887134406,0.10658426582813263,885.827,0.019233382849077385
886.8104059869245,0.10859845578670502,886.295,0.030875553768239916
887.2759232604085,0.12135500460863113,886.758,0.011267703358958658
887.7414405338924,0.1428396999835968,887.221,0.00037446756020387273
888.2069578073764,0.12001220881938934,887.691,0.013446389475993747
888.6724750808603,0.07553216069936752,888.151,0.05919801878804776
889.1379923543442,0.04414435103535652,888.62,0.00616146093328751
889.6035096278282,0.0240024421364069,889.086,0.00037446756020387273
890.0690269013121,0.00587472366169095,889.548,0.028696932580011714
890.5345441747961,0.004867628216743469,890.014,0.033054239885275005
891.00006144828,-0.01359578873962164,890.48,0.009089082170730456
891.465578721764,-0.06797894090414047,890.946,0.00037446756020387273
891.9310959952479,-0.11900511384010315,891.406,0.003982839745059419
892.3966132687319,-0.14988936483860016,891.871,0.00037446756020387273
892.8621305422158,-0.16801708936691284,892.336,0.00037446756020387273
893.3276478156998,-0.18010222911834717,892.802,0.025769311342568768
893.7931650891837,-0.18614481389522552,893.27,0.038841168329551756
894.2586823626677,-0.18748760223388672,893.732,0.00037446756020387273
894.7241996361516,-0.16147096455097198,894.195,0.00616146093328751
895.1897169096355,-0.11631952226161957,894.665,0.1673815065839941
895.6552341831195,-0.1119554415345192,895.128,0.012697389426779004
896.1207514566034,-0.1250476837158203,895.591,0.002553153677239073
896.5862687300875,-0.11396963149309158,896.057,0.0018041536280242187
897.0517860035714,-0.0797283872961998,896.52,0.009089082170730456
897.5173032770554,-0.03440909460186958,896.986,0.054840711482784466
897.9828205505393,0.029373617842793465,897.45,0.00037446756020387273
898.4483378240233,0.06865034252405167,897.916,0.025769311342568768
898.9138550975072,0.0639505609869957,898.381,0.01998231796948524
899.3793723709912,0.05992217734456062,898.847,0.01562501066422195
899.8448896444751,0.07234302163124084,899.313,0.008340082121515713
900.3104069179591,0.08677805960178375,899.779,0.008340082121515713
900.775924191443,0.110948346555233,900.24,0.00037446756020387273
901.241441464927,0.14753948152065277,900.709,0.009089082170730456
901.7069587384109,0.1421683132648468,901.173,0.003982839745059419
902.1724760118948,0.11514458060264587,901.635,0.008340082121515713
902.6379932853788,0.10624857246875763,902.101,0.009089082170730456
903.1035105588627,0.10994125157594681,902.566,0.026518246462976625
903.5690278323467,0.11514458060264587,903.032,0.002553153677239073
904.0345451058306,0.14048981666564941,903.499,0.024339625274748422
904.5000623793146,0.14854657649993896,903.965,0.038841168329551756
904.9655796527985,0.1119554415345192,904.424,0.006910460982502253
905.4310969262825,0.06764324754476547,904.89,0.024339625274748422
905.8966141997664,0.03340199962258339,905.354,0.009089082170730456
906.3621314732504,0.00520332669839263,905.82,0.00037446756020387273
906.8276487467343,-0.021652551367878914,906.284,0.009089082170730456
907.2931660202183,-0.049851223826408386,906.753,0.01780369678125704
907.7586832937022,-0.0787212923169136,907.214,0.01562501066422195
908.2242005671862,-0.08711375296115875,907.683,0.009089082170730456
908.6897178406701,-0.08073548227548599,908.147,0.04755578294007823
909.155235114154,-0.11665522307157516,908.609,0.00037446756020387273
909.620752387638,-0.16499580442905426,909.075,0.0018041536280242187
910.086269661122,-0.18614481389522552,909.545,0.010518768238550802
910.551786934606,-0.18748760223388672,910.011,0.003982839745059419
911.0173042080899,-0.18077363073825836,910.469,0.009089082170730456
911.4828214815739,-0.143175408244133,910.934,0.00616146093328751
911.9483387550578,-0.11833371222019196,911.406,0.0018041536280242187
912.4138560285418,-0.13041886687278748,911.864,0.01998231796948524
912.8793733020257,-0.13142596185207367,912.332,0.00037446756020387273
913.3448905755097,-0.10490577667951584,912.797,0.003982839745059419
913.8104078489936,-0.06747539341449738,913.265,0.02794793253079697
914.2759251224776,-0.013931486755609512,913.727,0.03448392595309535
914.7414423959615,0.051865413784980774,914.194,0.019233382849077385
915.2069596694454,0.06764324754476547,914.657,0.01998231796948524
915.6724769429294,0.05539024993777275,915.125,0.009089082170730456
916.1379942164133,0.05824368819594383,915.588,0.003982839745059419
916.6035114898973,0.07469291239976883,916.054,0.011267703358958658
917.0690287633812,0.0944991260766983,916.52,0.010518768238550802
917.5345460368652,0.13545434176921844,916.979,0.01998231796948524
918.0000633103491,0.1569390445947647,917.45,0.009089082170730456
918.4655805838331,0.13679713010787964,917.909,0.011267703358958658
918.931097857317,0.11581597477197647,918.376,0.00037446756020387273
919.396615130801,0.110948346555233,918.842,0.04319847563481494
919.8621324042849,0.11262684315443039,919.31,0.02794793253079697
920.3276496777689,0.10994125157594681,919.775,0.004731774865467164
920.7931669512528,0.10490577667951584,920.236,0.04319847563481494
921.2586842247368,0.10054169595241547,920.705,0.025769311342568768
921.7242014982207,0.1116197481751442,921.166,0.012697389426779004
922.1897187717046,0.1285725235939026,921.629,0.004731774865467164
922.6552360451886,0.09248492866754532,922.095,0.00037446756020387273
923.1207533186725,0.0318913571536541,922.565,0.01998231796948524
923.5862705921566,-0.010238803923130035,923.031,0.02216100408652033
924.0517878656404,-0.03675898537039757,923.495,0.011267703358958658
924.5173051391245,-0.059418629854917526,923.954,0.009089082170730456
924.9828224126084,-0.059250783175230026,924.42,0.009089082170730456
925.4483396860924,-0.07469291239976883,924.886,0.05409177636237661
925.9138569595763,-0.12437628954648972,925.351,0.012697389426779004
926.3793742330603,-0.16466011106967926,925.817,0.03523286107350321
926.8448915065442,-0.17959868907928467,926.28,0.014876075543814093
927.3104087800282,-0.18211641907691956,926.749,0.010518768238550802
927.7759260535121,-0.16398870944976807,927.21,0.010518768238550802
928.241443326996,-0.1257190853357315,927.679,0.00037446756020387273
928.70696060048,-0.12269779294729233,928.14,0.009089082170730456
929.1724778739639,-0.13511863350868225,928.61,0.03448392595309535
929.6379951474479,-0.12286564707756042,929.075,0.01998231796948524
930.1035124209318,-0.08979934453964233,929.539,0.01780369678125704
930.5690296944158,-0.048508431762456894,930.004,0.009089082170730456
931.0345469678997,0.016617074608802795,930.469,0.003982839745059419
931.5000642413837,0.0646219551563263,930.935,0.00616146093328751
931.9655815148676,0.06797894090414047,931.399,0.01998231796948524
932.4310987883516,0.0642862617969513,931.864,0.024339625274748422
932.8966160618355,0.07032883167266846,932.324,0.00037446756020387273
933.3621333353195,0.08039978891611099,932.79,0.038841168329551756
933.8276506088034,0.09315633028745651,933.258,0.012697389426779004
934.2931678822874,0.10557717084884644,933.721,0.00037446756020387273
934.7586851557713,0.11631952226161957,934.184,0.025769311342568768
935.2242024292552,0.143511101603508,934.653,0.0018041536280242187
935.6897197027392,0.17943084239959717,935.114,0.08023555526514936
936.1552369762231,0.16633859276771545,935.583,0.3830677312284744
936.6207542497071,0.13276875019073486,936.049,0.00037446756020387273
937.086271523191,0.11799801886081696,936.514,0.026518246462976625
937.551788796675,0.11497672647237778,936.98,0.00037446756020387273
938.017306070159,0.11699092388153076,937.439,0.04830478298929308
938.482823343643,0.13914701342582703,937.904,0.0018041536280242187
938.9483406171269,0.13243305683135986,938.369,0.00037446756020387273
939.4138578906109,0.07637140154838562,938.835,0.00037446756020387273
939.8793751640948,0.025009537115693092,939.306,0.006910460982502253
940.3448924375788,-0.004531929735094309,939.765,0.028696932580011714
940.8104097110627,-0.03038071282207966,940.235,0.02216100408652033
941.2759269845466,-0.04313725605607033,940.698,0.02359062522553368
941.7414442580306,-0.04414435103535652,941.166,0.00616146093328751
942.2069615315145,-0.08241397887468338,941.627,0.00037446756020387273
942.6724788049985,-0.13360799849033356,942.093,0.05409177636237661
943.1379960784824,-0.1606317162513733,942.556,0.025769311342568768
943.6035133519664,-0.16801708936691284,943.022,0.019233382849077385
944.0690306254503,-0.16415655612945557,943.491,0.004731774865467164
944.5345478989343,-0.12974746525287628,943.949,0.008340082121515713
945.0000651724182,-0.10188449174165726,944.415,0.009089082170730456
945.4655824459022,-0.1116197481751442,944.881,0.00037446756020387273
945.9310997193861,-0.12034790217876434,945.346,0.09330741225213224
946.3966169928701,-0.10557717084884644,945.812,0.009089082170730456
946.862134266354,-0.07603570818901062,946.28,0.00037446756020387273
947.327651539838,-0.043808650225400925,946.742,0.011267703358958658
947.7931688133219,-0.012252994813024998,947.21,0.00037446756020387273
948.2586860868058,0.01930266246199608,947.672,0.002553153677239073
948.7242033602898,0.06697184592485428,948.14,0.009089082170730456
949.1897206337737,0.12034790217876434,948.603,0.01562501066422195
949.6552379072577,0.11934080719947815,949.068,0.012697389426779004
950.1207551807416,0.0943312719464302,949.534,0.00037446756020387273
950.5862724542257,0.08828870207071304,950.0,0.002553153677239073
951.0517897277095,0.09970244765281677,950.465,0.27052700105607164
951.5173070011936,0.11984435468912125,950.93,0.010518768238550802
951.9828242746775,0.1601281762123108,951.395,0.009089082170730456
952.4483415481615,0.1743953675031662,951.861,0.03448392595309535
952.9138588216454,0.1428396999835968,952.325,0.00037446756020387273
953.3793760951294,0.11497672647237778,952.791,0.011267703358958658
953.8448933686133,0.10792706161737442,953.254,0.00037446756020387273
954.3104106420972,0.10725566744804382,953.716,0.009089082170730456
954.7759279155812,0.11464103311300278,954.18,0.009089082170730456
955.2414451890651,0.13142596185207367,954.65,0.01562501066422195
955.7069624625491,0.10658426582813263,955.11,0.06573394728153925
956.172479736033,0.05354390665888786,955.58,0.004731774865467164
956.637997009517,0.010238803923130035,956.045,0.017054696732042296
957.1035142830009,-0.020981155335903168,956.51,0.011267703358958658
957.5690315564849,-0.0471656359732151,956.969,0.01562501066422195
958.0345488299688,-0.04649423807859421,957.436,0.004731774865467164
958.5000661034528,-0.06025787815451622,957.901,0.00037446756020387273
958.9655833769367,-0.10893415659666061,958.369,0.003982839745059419
959.4311006504207,-0.15341420471668243,958.834,0.025769311342568768
959.8966179239046,-0.1747310608625412,959.295,0.009089082170730456
960.3621351973886,-0.18379491567611694,959.765,0.058449018738833014
960.8276524708725,-0.18715190887451172,960.228,0.00037446756020387273
961.2931697443564,-0.18580910563468933,960.691,0.0018041536280242187
961.7586870178404,-0.1754024624824524,961.158,0.008340082121515713
962.2242042913243,-0.13881132006645203,961.62,0.057019397599819555
962.6897215648083,-0.08577096462249756,962.086,0.009089082170730456
963.1552388382922,-0.07603570818901062,962.556,0.038841168329551756
963.6207561117762,-0.08174257725477219,963.014,0.02359062522553368
964.0862733852601,-0.06193637102842331,963.483,0.00616146093328751
964.5517906587442,-0.022995345294475555,963.949,0.02794793253079697
965.017307932228,0.02047760784626007,964.413,0.01562501066422195
965.4828252057121,0.08107118308544159,964.879,0.011267703358958658
965.948342479196,0.11262684315443039,965.344,0.0018041536280242187
966.41385975268,0.08946364372968674,965.809,0.00037446756020387273
966.8793770261639,0.06764324754476547,966.27,0.008340082121515713
967.3448942996479,0.07267872244119644,966.739,0.019233382849077385
967.8104115731318,0.08845654875040054,967.202,0.21823941078612275
968.2759288466157,0.11699092388153076,967.664,0.00037446756020387273
968.7414461200997,0.15391775965690613,968.132,0.010518768238550802
969.2069633935836,0.14552529156208038,968.595,0.00037446756020387273
969.6724806670676,0.1119554415345192,969.06,0.012697389426779004
970.1379979405515,0.09365987777709961,969.524,0.013446389475993747
970.6035152140355,0.09114214032888412,969.99,0.0018041536280242187
971.0690324875194,0.0948348194360733,970.455,0.009089082170730456
971.5345497610034,0.11783016473054886,970.921,0.01562501066422195
972.0000670344873,0.11732661724090576,971.387,0.01562501066422195
972.4655843079713,0.06965743750333786,971.853,0.021412004037305588
972.9311015814552,0.021316854283213615,972.317,0.025769311342568768
973.3966188549392,-0.010910200886428356,972.783,0.01998231796948524
973.8621361284231,-0.037262532860040665,973.246,0.004731774865467164
974.327653401907,-0.06663614511489868,973.709,0.028696932580011714
974.793170675391,-0.09752041101455688,974.18,0.003982839745059419
975.2586879488749,-0.12437628954648972,974.642,0.0018041536280242187
975.7242052223589,-0.12437628954648972,975.11,0.041019854446586845
976.1897224958428,-0.10893415659666061,975.572,0.0018041536280242187
976.6552397693268,-0.14015412330627441,976.038,0.012697389426779004
977.1207570428107,-0.18681620061397552,976.502,0.009089082170730456
977.5862743162947,-0.20292973518371582,976.968,0.1695601277722223
978.0517915897786,-0.1921873837709427,977.435,0.017054696732042296
978.5173088632627,-0.16935987770557404,977.894,0.009089082170730456
978.9828261367466,-0.12034790217876434,978.359,0.14123772768122134
979.4483434102306,-0.08946364372968674,978.824,0.00037446756020387273
979.9138606837145,-0.0958419144153595,979.295,0.008340082121515713
980.3793779571985,-0.09013504534959793,979.757,0.04612609687225788
980.8448952306824,-0.05891508236527443,980.225,0.05627039755060481
981.3104125041663,-0.01896696351468563,980.688,0.15070127741215578
981.7759297776503,0.0317235067486763,981.151,0.01562501066422195
982.2414470511342,0.08711375296115875,981.62,0.028696932580011714
982.7069643246182,0.09147783368825912,982.086,0.011267703358958658
983.1724815981021,0.06965743750333786,982.548,0.00616146093328751
983.6379988715861,0.06764324754476547,983.014,0.009089082170730456
984.10351614507,0.0800640881061554,983.474,0.006910460982502253
984.569033418554,0.09718471020460129,983.939,0.002553153677239073
985.0345506920379,0.13511863350868225,984.406,0.010518768238550802
985.5000679655219,0.1582818329334259,984.871,0.02794793253079697
985.9655852390058,0.13981841504573822,985.335,0.00037446756020387273
986.4311025124898,0.1112840473651886,985.801,0.0018041536280242187
986.8966197859737,0.09651331603527069,986.269,0.006910460982502253
987.3621370594576,0.09114214032888412,986.732,0.00037446756020387273
987.8276543329416,0.08342107385396957,987.194,0.017054696732042296
988.2931716064255,0.07368581742048264,987.665,0.026518246462976625
988.7586888799095,0.0639505609869957,988.128,0.008340082121515713
989.2242061533934,0.06630045175552368,988.59,0.010518768238550802
989.6897234268774,0.07301442325115204,989.056,0.002553153677239073
990.1552407003613,0.03004501387476921,989.521,0.07226994070383763
990.6207579738453,-0.03457694500684738,989.986,0.02216100408652033
991.0862752473292,-0.0797283872961998,990.45,0.04612609687225788
991.5517925208133,-0.10759136080741882,990.916,0.11148557659359326
992.0173097942971,-0.1270618736743927,991.38,0.017054696732042296
992.4828270677812,-0.11833371222019196,991.846,0.00037446756020387273
992.948344341265,-0.12269779294729233,992.311,0.0018041536280242187
993.4138616147491,-0.16566720604896545,992.777,0.006910460982502253
993.879378888233,-0.19755855202674866,993.239,0.004731774865467164
994.3448961617169,-0.20091554522514343,993.709,0.01998231796948524
994.8104134352009,-0.1908445805311203,994.169,0.0374115471905383
995.2759307086848,-0.1579461395740509,994.639,0.2465618433415271
995.7414479821688,-0.10624857246875763,995.106,0.011267703358958658
996.2069652556527,-0.09282062947750092,995.568,0.00616146093328751
996.6724825291367,-0.10154879093170166,996.034,0.019233382849077385
997.1379998026206,-0.08778515458106995,996.499,0.00037446756020387273
997.6035170761046,-0.05253681167960167,996.965,0.00037446756020387273
998.0690343495885,-0.010238803923130035,997.424,0.00037446756020387273
998.5345516230725,0.05085831880569458,997.89,0.013446389475993747
999.0000688965564,0.08879224956035614,998.356,0.008340082121515713
999.4655861700404,0.08107118308544159,998.822,0.02216100408652033
999.9311034435243,0.06831464171409607,999.286,0.00037446756020387273
1000.3966207170082,0.07200732082128525,999.749,0.003982839745059419
1000.8621379904922,0.08241397887468338,1000.217,0.0018041536280242187
1001.3276552639761,0.08946364372968674,1000.68,0.012697389426779004
1001.7931725374601,0.0958419144153595,1001.15,0.00037446756020387273
1002.258689810944,0.10222018510103226,1001.613,0.00037446756020387273
1002.724207084428,0.12437628954648972,1002.079,0.02359062522553368
1003.1897243579119,0.15425345301628113,1002.542,0.010518768238550802
1003.6552416313959,0.13612572848796844,1003.007,0.038841168329551756
1004.1207589048798,0.0958419144153595,1003.472,0.01998231796948524
1004.5862761783638,0.07637140154838562,1003.938,0.00037446756020387273
1005.0517934518477,0.06965743750333786,1004.403,0.05627039755060481
1005.5173107253318,0.0636148601770401,1004.869,0.017054696732042296
1005.9828279988157,0.07771419733762741,1005.336,0.0018041536280242187
1006.4483452722997,0.0642862617969513,1005.794,0.009089082170730456
1006.9138625457836,0.0018463416490703821,1006.262,0.02359062522553368
1007.3793798192675,-0.05387960746884346,1006.724,0.01998231796948524
1007.8448970927515,-0.08409246802330017,1007.195,0.01562501066422195
1008.3104143662354,-0.10826276242733002,1007.657,0.009089082170730456
1008.7759316397194,-0.11631952226161957,1008.125,0.006910460982502253
1009.2414489132033,-0.10960555076599121,1008.588,0.008340082121515713
1009.7069661866873,-0.13847562670707703,1009.054,0.00037446756020387273
1010.1724834601712,-0.18077363073825836,1009.521,0.010518768238550802
1010.6380007336552,-0.19906920194625854,1009.979,0.03448392595309535
1011.1035180071391,-0.19688716530799866,1010.45,0.02216100408652033
1011.5690352806231,-0.18027009069919586,1010.916,0.003982839745059419
1012.034552554107,-0.13478294014930725,1011.381,0.054840711482784466
1012.500069827591,-0.09819180518388748,1011.839,0.010518768238550802
1012.9655871010749,-0.09752041101455688,1012.306,0.00037446756020387273
1013.4311043745589,-0.09752041101455688,1012.772,0.002553153677239073
1013.8966216480428,-0.07620355486869812,1013.24,0.002553153677239073
1014.3621389215267,-0.040451668202877045,1013.702,0.003982839745059419
1014.8276561950107,-0.0041962312534451485,1014.169,0.00037446756020387273
1015.2931734684946,0.026016632094979286,1014.631,0.026518246462976625
1015.7586907419786,0.05253681167960167,1015.097,0.011267703358958658
1016.2242080154625,0.08896009624004364,1015.561,0.033054239885275005
1016.6897252889465,0.12991531193256378,1016.026,0.0018041536280242187
1017.1552425624304,0.12387274205684662,1016.491,0.003982839745059419
1017.6207598359144,0.09919890016317368,1016.957,0.003982839745059419
1018.0862771093983,0.0943312719464302,1017.421,0.017054696732042296
1018.5517943828823,0.10440222918987274,1017.886,0.003982839745059419
1019.0173116563662,0.11934080719947815,1018.351,0.06355532609331105
1019.4828289298503,0.15593194961547852,1018.816,0.0018041536280242187
1019.9483462033342,0.16835278272628784,1019.28,0.004731774865467164
1020.413863476818,0.13142596185207367,1019.75,0.004731774865467164
1020.8793807503021,0.09684900939464569,1020.21,0.011267703358958658
1021.344898023786,0.08375677466392517,1020.681,0.00037446756020387273
1021.81041529727,0.0787212923169136,1021.143,0.0018041536280242187
1022.2759325707539,0.08476386964321136,1021.605,0.03230523983606026
1022.7414498442379,0.095674067735672,1022.071,0.026518246462976625
1023.2069671177218,0.05757229030132294,1022.535,0.008340082121515713
1023.6724843912058,-0.0041962312534451485,1023.001,0.026518246462976625
1024.1380016646897,-0.04951552674174309,1023.466,0.01562501066422195
1024.6035189381737,-0.0793926939368248,1023.931,0.14995234229174792
1025.0690362116577,-0.10222018510103226,1024.398,0.002553153677239073
1025.5345534851415,-0.09684900939464569,1024.864,0.15213096347997612
1026.0000707586255,-0.09752041101455688,1025.328,0.004731774865467164
1026.4655880321095,-0.13377584517002106,1025.794,0.026518246462976625
1026.9311053055933,-0.17338827252388,1026.254,0.02216100408652033
1027.3966225790773,-0.1905088871717453,1026.724,0.008340082121515713
1027.8621398525613,-0.1901731938123703,1027.187,0.002553153677239073
1028.3276571260453,-0.17875944077968597,1027.65,0.03012661864783206
1028.793174399529,-0.16096742451190948,1028.121,0.030875553768239916
1029.2586916730131,-0.13713282346725464,1028.583,0.009089082170730456
1029.7242089464971,-0.09013504534959793,1029.049,0.00616146093328751
1030.1897262199811,-0.030716411769390106,1029.514,0.00037446756020387273
1030.655243493465,-0.016281375661492348,1029.98,0.0018041536280242187
1031.120760766949,-0.01762416958808899,1030.439,0.033054239885275005
1031.586278040433,0.0038605325389653444,1030.905,0.008340082121515713
1032.051795313917,0.03474479168653488,1031.369,0.006910460982502253
1032.5173125874007,0.0646219551563263,1031.835,0.01998231796948524
1032.9828298608847,0.10994125157594681,1032.309,0.01780369678125704
1033.4483471343688,0.13075456023216248,1032.768,0.003982839745059419
1033.9138644078525,0.10926985740661621,1033.236,0.00037446756020387273
1034.3793816813366,0.09248492866754532,1033.698,0.017054696732042296
1034.8448989548206,0.0963454619050026,1034.161,0.004731774865467164
1035.3104162283046,0.10859845578670502,1034.624,0.025769311342568768
1035.7759335017884,0.13411153852939606,1035.09,0.03230523983606026
1036.2414507752724,0.16818493604660034,1035.56,0.003982839745059419
1036.7069680487564,0.15475699305534363,1036.019,0.04612609687225788
1037.1724853222404,0.11564812809228897,1036.484,0.006910460982502253
1037.6380025957242,0.09248492866754532,1036.95,0.004731774865467164
1038.1035198692082,0.08577096462249756,1037.418,0.02359062522553368
1038.5690371426922,0.08107118308544159,1037.883,0.00037446756020387273
1039.0345544161762,0.09349202364683151,1038.35,0.03448392595309535
1039.50007168966,0.08577096462249756,1038.816,0.010518768238550802
1039.965588963144,0.03474479168653488,1039.276,0.010518768238550802
1040.431106236628,-0.020309757441282272,1039.746,0.009089082170730456
1040.8966235101118,-0.06025787815451622,1040.209,0.028696932580011714
1041.3621407835958,-0.09080643951892853,1040.672,0.017054696732042296
1041.8276580570798,-0.11883725970983505,1041.136,0.010518768238550802
1042.2931753305638,-0.1433432549238205,1041.605,0.04537716175185014
1042.7586926040476,-0.1594567745923996,1042.064,0.025769311342568768
1043.2242098775316,-0.14988936483860016,1042.535,0.019233382849077385
1043.6897271510156,-0.1267261803150177,1043.0,0.008340082121515713
1044.1552444244996,-0.14720378816127777,1043.465,0.00037446756020387273
1044.6207616979834,-0.18010222911834717,1043.93,0.017054696732042296
1045.0862789714674,-0.18161287903785706,1044.395,0.00037446756020387273
1045.5517962449514,-0.16130311787128448,1044.861,0.01780369678125704
1046.0173135184355,-0.13276875019073486,1045.325,0.02216100408652033
1046.4828307919192,-0.07620355486869812,1045.791,0.00037446756020387273
1046.9483480654033,-0.03675898537039757,1046.254,0.00037446756020387273
1047.4138653388873,-0.03675898537039757,1046.716,0.03230523983606026
1047.879382612371,-0.03004501387476921,1047.18,0.017054696732042296
1048.344899885855,0.0005035477224737406,1047.65,0.00037446756020387273
1048.810417159339,0.03474479168653488,1048.113,0.00616146093328751
1049.275934432823,0.07486075907945633,1048.576,0.033054239885275005
1049.7414517063069,0.11783016473054886,1049.042,0.02216100408652033
1050.2069689797909,0.11262684315443039,1049.509,0.00616146093328751
1050.6724862532749,0.08577096462249756,1049.975,0.012697389426779004
1051.138003526759,0.08140688389539719,1050.44,0.0018041536280242187
1051.6035208002427,0.0941634252667427,1050.906,0.00037446756020387273
1052.0690380737267,0.11262684315443039,1051.365,0.05191309024534152
1052.5345553472107,0.15190356969833374,1051.831,0.008340082121515713
1053.0000726206947,0.16902418434619904,1052.299,0.025769311342568768
1053.4655898941785,0.1418326050043106,1052.761,0.008340082121515713
1053.9311071676625,0.110612653195858,1053.229,0.02216100408652033
1054.3966244411465,0.09684900939464569,1053.691,0.02216100408652033
1054.8621417146303,0.08979934453964233,1054.159,0.00037446756020387273
1055.3276589881143,0.07704280316829681,1054.62,0.00616146093328751
1055.7931762615983,0.05656519532203674,1055.086,0.00037446756020387273
1056.2586935350823,0.03340199962258339,1055.556,0.003982839745059419
1056.724210808566,0.03038071282207966,1056.014,0.011267703358958658
1057.1897280820501,0.03340199962258339,1056.481,0.012697389426779004
1057.6552453555341,-0.01493858266621828,1056.946,0.028696932580011714
1058.1207626290181,-0.08107118308544159,1057.413,0.011267703358958658
1058.586279902502,-0.1257190853357315,1057.879,0.004731774865467164
1059.051797175986,-0.14653238654136658,1058.339,0.00037446756020387273
1059.51731444947,-0.15391775965690613,1058.805,0.00037446756020387273
1059.9828317229537,-0.13377584517002106,1059.269,0.00037446756020387273
1060.4483489964377,-0.12941177189350128,1059.739,0.002553153677239073
1060.9138662699218,-0.16331730782985687,1060.199,0.02794793253079697
1061.3793835434058,-0.18631266057491302,1060.669,0.019233382849077385
1061.8449008168895,-0.17741665244102478,1061.129,0.008340082121515713
1062.3104180903736,-0.15458914637565613,1061.598,0.0018041536280242187
1062.7759353638576,-0.11380178481340408,1062.064,0.07152094065462278
1063.2414526373416,-0.05656519532203674,1062.527,0.01562501066422195
1063.7069699108254,-0.03843747451901436,1062.993,0.05627039755060481
1064.1724871843094,-0.03944457322359085,1063.457,0.004731774865467164
1064.6380044577934,-0.019638361409306526,1063.923,0.00037446756020387273
1065.1035217312774,0.014602883718907833,1064.388,0.00037446756020387273
1065.5690390047612,0.04934767633676529,1064.854,0.006910460982502253
1066.0345562782452,0.0963454619050026,1065.314,0.01562501066422195
1066.5000735517292,0.12135500460863113,1065.78,0.017054696732042296
1066.965590825213,0.10708781331777573,1066.25,0.0018041536280242187
1067.431108098697,0.0944991260766983,1066.713,0.002553153677239073
1067.896625372181,0.09718471020460129,1067.181,0.004731774865467164
1068.362142645665,0.10322728008031845,1067.643,0.008340082121515713
1068.8276599191488,0.10859845578670502,1068.114,0.021412004037305588
1069.2931771926328,0.11262684315443039,1068.576,0.006910460982502253
1069.7586944661168,0.11464103311300278,1069.034,0.03230523983606026
1070.2242117396008,0.13411153852939606,1069.502,0.026518246462976625
1070.6897290130846,0.1589532345533371,1069.967,0.00037446756020387273
1071.1552462865686,0.13276875019073486,1070.432,0.008340082121515713
1071.6207635600526,0.08644235879182816,1070.897,0.02216100408652033
1072.0862808335366,0.06160067021846771,1071.361,0.00037446756020387273
1072.5517981070204,0.0475013367831707,1071.827,0.017054696732042296
1073.0173153805044,0.033905547112226486,1072.295,0.01998231796948524
1073.4828326539885,0.04078736528754234,1072.758,0.004731774865467164
1073.9483499274722,0.02198825031518936,1073.22,0.024339625274748422
1074.4138672009562,-0.04246585816144943,1073.691,0.01998231796948524
1074.8793844744403,-0.09987030178308487,1074.154,0.0018041536280242187
1075.3449017479243,-0.13041886687278748,1074.617,0.008340082121515713
1075.810419021408,-0.14821088314056396,1075.082,0.00037446756020387273
1076.275936294892,-0.14686807990074158,1075.545,0.06934231946639469
1076.741453568376,-0.1277332752943039,1076.011,0.009089082170730456
1077.20697084186,-0.1433432549238205,1076.476,0.11148557659359326
1077.6724881153439,-0.1747310608625412,1076.942,0.00037446756020387273
1078.1380053888279,-0.18278782069683075,1077.408,0.00037446756020387273
1078.603522662312,-0.16835278272628784,1077.874,0.00037446756020387273
1079.069039935796,-0.1428396999835968,1078.339,0.009089082170730456
1079.5345572092797,-0.09047073870897293,1078.805,0.04612609687225788
1080.0000744827637,-0.049851223826408386,1079.269,0.01780369678125704
1080.4655917562477,-0.04649423807859421,1079.731,0.009089082170730456
1080.9311090297315,-0.04263370856642723,1080.199,0.009089082170730456
1081.3966263032155,-0.019974060356616974,1080.661,0.030875553768239916
1081.8621435766995,0.01359578873962164,1081.125,0.01998231796948524
1082.3276608501835,0.04145876318216324,1081.594,0.0374115471905383
1082.7931781236673,0.05824368819594383,1082.06,0.01780369678125704
1083.2586953971513,0.07032883167266846,1082.524,0.003982839745059419
1083.7242126706353,0.09987030178308487,1082.99,0.00037446756020387273
1084.1897299441193,0.14015412330627441,1083.455,0.008340082121515713
1084.6552472176031,0.13310444355010986,1083.92,0.002553153677239073
1085.1207644910871,0.10792706161737442,1084.38,0.004731774865467164
1085.5862817645711,0.10389868170022964,1084.846,0.05627039755060481
1086.051799038055,0.11262684315443039,1085.31,0.10712826928832997
1086.517316311539,0.12068360298871994,1085.776,0.004731774865467164
1086.982833585023,0.14955367147922516,1086.239,0.00037446756020387273
1087.448350858507,0.1589532345533371,1086.709,0.010518768238550802
1087.9138681319907,0.12303349375724792,1087.172,0.002553153677239073
1088.3793854054747,0.08342107385396957,1087.635,0.009089082170730456
1088.8449026789588,0.06227206811308861,1088.101,0.002553153677239073
1089.3104199524428,0.0475013367831707,1088.566,0.009089082170730456
1089.7759372259266,0.043472953140735626,1089.032,0.009089082170730456
1090.2414544994106,0.046829938888549805,1089.499,0.00616146093328751
1090.7069717728946,0.0018463416490703821,1089.965,0.0374115471905383
1091.1724890463786,-0.0646219551563263,1090.424,0.010518768238550802
1091.6380063198624,-0.10775921493768692,1090.89,0.00037446756020387273
1092.1035235933464,-0.13243305683135986,1091.354,0.0018041536280242187
1092.5690408668304,-0.1445181965827942,1091.82,0.0018041536280242187
1093.0345581403142,-0.1277332752943039,1092.288,0.02794793253079697
1093.5000754137982,-0.12303349375724792,1092.75,0.00616146093328751
1093.9655926872822,-0.15391775965690613,1093.221,0.01780369678125704
1094.4311099607662,-0.18178072571754456,1093.683,0.00037446756020387273
1094.89662723425,-0.18295566737651825,1094.144,0.00037446756020387273
1095.362144507734,-0.16633859276771545,1094.613,0.05627039755060481
1095.827661781218,-0.143846794962883,1095.079,0.026518246462976625
1096.293179054702,-0.12068360298871994,1095.542,0.008340082121515713
1096.7586963281858,-0.09248492866754532,1096.007,0.017054696732042296
1097.2242136016698,-0.04011596739292145,1096.472,0.0831631765025923
1097.6897308751538,0.02668802998960018,1096.938,0.057019397599819555
1098.1552481486378,0.04414435103535652,1097.403,0.00037446756020387273
1098.6207654221216,0.03541618958115578,1097.869,0.028696932580011714
1099.0862826956056,0.04280155524611473,1098.329,0.009089082170730456
1099.5517999690896,0.0626077651977539,1098.795,0.028696932580011714
1100.0173172425734,0.08442816883325577,1099.265,0.002553153677239073
1100.4828345160574,0.12404058873653412,1099.727,0.008340082121515713
1100.9483517895414,0.1418326050043106,1100.195,0.00616146093328751
1101.4138690630255,0.11732661724090576,1100.658,0.00037446756020387273
1101.8793863365092,0.09886319935321808,1101.121,0.009089082170730456
1102.3449036099933,0.10222018510103226,1101.591,0.0018041536280242187
1102.8104208834773,0.1119554415345192,1102.049,0.02794793253079697
1103.2759381569613,0.12941177189350128,1102.521,0.00037446756020387273
1103.741455430445,0.15542839467525482,1102.979,0.1608455780905027
1104.206972703929,0.13813991844654083,1103.45,0.0018041536280242187
1104.672489977413,0.09651331603527069,1103.916,0.024339625274748422
1105.138007250897,0.07133592665195465,1104.374,0.06355532609331105
1105.6035245243809,0.05992217734456062,1104.839,0.27849261561738337
1106.0690417978649,0.04884412884712219,1105.306,0.003982839745059419
1106.534559071349,0.05421530455350876,1105.772,0.04755578294007823
1107.0000763448327,0.039108872413635254,1106.239,0.03448392595309535
1107.4655936183167,-0.016952773556113243,1106.702,0.026518246462976625
1107.9311108918007,-0.07100022584199905,1107.165,0.026518246462976625
1108.3966281652847,-0.10859845578670502,1107.635,0.025769311342568768
1108.8621454387685,-0.13595788180828094,1108.094,0.004731774865467164
1109.3276627122525,-0.15626764297485352,1108.564,0.024339625274748422
1109.7931799857365,-0.16935987770557404,1109.03,0.014876075543814093
1110.2586972592205,-0.1764095574617386,1109.494,0.008340082121515713
1110.7242145327043,-0.16197451949119568,1109.96,0.021412004037305588
1111.1897318061883,-0.13176165521144867,1110.424,0.009089082170730456
1111.6552490796723,-0.13931487500667572,1110.89,0.00037446756020387273
1112.1207663531563,-0.16130311787128448,1111.355,0.00037446756020387273
1112.5862836266401,-0.15391775965690613,1111.821,0.009089082170730456
1113.0518009001241,-0.12370488792657852,1112.284,0.1150939487784487
1113.5173181736081,-0.08677805960178375,1112.746,0.008340082121515713
1113.982835447092,-0.022995345294475555,1113.21,0.29013481900094945
1114.448352720576,0.026016632094979286,1113.68,0.02794793253079697
1114.91386999406,0.029373617842793465,1114.143,0.0374115471905383
1115.379387267544,0.03004501387476921,1114.605,0.009089082170730456
1115.8449045410277,0.045487143099308014,1115.071,0.009089082170730456
1116.3104218145118,0.06512550264596939,1115.535,0.01998231796948524
1116.7759390879958,0.0951705202460289,1116.001,0.028696932580011714
1117.2414563614798,0.13411153852939606,1116.466,0.006910460982502253
1117.7069736349636,0.13411153852939606,1116.932,0.00037446756020387273
1118.1724909084476,0.11396963149309158,1117.398,0.033054239885275005
1118.6380081819316,0.10507362335920334,1117.864,0.019233382849077385
1119.1035254554154,0.10859845578670502,1118.324,0.009089082170730456
1119.5690427288994,0.12001220881938934,1118.79,0.0831631765025923
1120.0345600023834,0.15022507309913635,1119.258,0.025769311342568768
1120.5000772758674,0.1596246212720871,1119.721,0.030875553768239916
1120.9655945493512,0.1257190853357315,1120.188,0.00037446756020387273
1121.4311118228352,0.08979934453964233,1120.651,0.008340082121515713
1121.8966290963192,0.07150377333164215,1121.114,0.021412004037305588
1122.3621463698032,0.05757229030132294,1121.583,0.00037446756020387273
1122.827663643287,0.03541618958115578,1122.049,0.058449018738833014
1123.293180916771,0.008896009996533394,1122.513,0.004731774865467164
1123.758698190255,-0.020309757441282272,1122.978,0.01998231796948524
1124.224215463739,-0.031219959259033203,1123.443,0.00037446756020387273
1124.6897327372228,-0.031052108854055405,1123.909,0.002553153677239073
1125.1552500107068,-0.07536430656909943,1124.373,0.02359062522553368
1125.6207672841908,-0.13276875019073486,1124.839,0.003982839745059419
1126.0862845576746,-0.16298161447048187,1125.306,0.003982839745059419
1126.5518018311586,-0.17204546928405762,1125.764,0.00037446756020387273
1127.0173191046426,-0.17070268094539642,1126.232,0.010518768238550802
1127.4828363781266,-0.143846794962883,1126.694,0.006910460982502253
1127.9483536516104,-0.13041886687278748,1127.165,0.00616146093328751
1128.4138709250944,-0.15056076645851135,1127.628,0.00616146093328751
1128.8793881985785,-0.16096742451190948,1128.093,0.04319847563481494
1129.3449054720625,-0.1428396999835968,1128.556,0.00037446756020387273
1129.8104227455462,-0.11296253651380539,1129.022,0.00616146093328751
1130.2759400190303,-0.06697184592485428,1129.487,0.028696932580011714
1130.7414572925143,-0.00553902518004179,1129.953,0.008340082121515713
1131.2069745659983,0.01594567857682705,1130.417,0.002553153677239073
1131.672491839482,0.01493858266621828,1130.882,0.04394747568402979
1132.138009112966,0.02836652100086212,1131.347,0.0374115471905383
1132.60352638645,0.05220111459493637,1131.813,0.028696932580011714
1133.0690436599339,0.07502861320972443,1132.276,0.028696932580011714
1133.5345609334179,0.11464103311300278,1132.739,0.00037446756020387273
1134.000078206902,0.13797207176685333,1133.209,0.003982839745059419
1134.465595480386,0.12269779294729233,1133.672,0.0395901683787665
1134.9311127538697,0.10524147748947144,1134.14,0.0018041536280242187
1135.3966300273537,0.10289158672094345,1134.602,0.00037446756020387273
1135.8621473008377,0.10926985740661621,1135.068,0.010518768238550802
1136.3276645743217,0.11363393813371658,1135.534,0.003982839745059419
1136.7931818478055,0.11229114234447479,1135.999,0.002553153677239073
1137.2586991212895,0.10826276242733002,1136.459,0.00037446756020387273
1137.7242163947735,0.12252994626760483,1136.924,0.028696932580011714
1138.1897336682575,0.1441825032234192,1137.391,0.00037446756020387273
1138.6552509417413,0.11447317898273468,1137.857,0.009089082170730456
1139.1207682152253,0.06076142564415932,1138.322,0.009089082170730456
1139.5862854887093,0.0240024421364069,1138.788,0.033054239885275005
1140.0518027621931,0.0018463416490703821,1139.25,0.017054696732042296
1140.5173200356771,-0.016952773556113243,1139.721,0.01998231796948524
1140.9828373091611,-0.015609979629516602,1140.184,0.028696932580011714
1141.4483545826452,-0.03508049249649048,1140.646,0.00037446756020387273
1141.913871856129,-0.0958419144153595,1141.11,0.009089082170730456
1142.379389129613,-0.1441825032234192,1141.58,0.017054696732042296
1142.844906403097,-0.16264592111110687,1142.046,0.024339625274748422
1143.310423676581,-0.16952773928642273,1142.51,0.00037446756020387273
1143.7759409500648,-0.16130311787128448,1142.976,0.017054696732042296
1144.2414582235488,-0.13780422508716583,1143.435,0.01562501066422195
1144.7069754970328,-0.14787517488002777,1143.901,0.036662547141323554
1145.1724927705166,-0.16868849098682404,1144.365,0.02216100408652033
1145.6380100440006,-0.16533149778842926,1144.831,0.006910460982502253
1146.1035273174846,-0.13864347338676453,1145.299,0.04612609687225788
1146.5690445909686,-0.10238803923130035,1145.761,0.026518246462976625
1147.0345618644524,-0.042130161076784134,1146.228,0.00037446756020387273
1147.5000791379364,0.00587472366169095,1146.69,0.02216100408652033
1147.9655964114204,0.016617074608802795,1147.158,0.028696932580011714
1148.4311136849044,0.021316854283213615,1147.62,0.00037446756020387273
1148.8966309583882,0.034073397517204285,1148.086,0.011267703358958658
1149.3621482318722,0.05018692463636398,1148.556,0.028696932580011714
1149.8276655053562,0.0629434660077095,1149.014,0.01998231796948524
1150.2931827788402,0.07368581742048264,1149.48,0.03012661864783206
1150.758700052324,0.08577096462249756,1149.945,0.00616146093328751
1151.224217325808,0.11766231805086136,1150.41,0.00037446756020387273
1151.689734599292,0.1576104313135147,1150.876,0.003982839745059419
1152.1552518727758,0.14787517488002777,1151.343,0.014876075543814093
1152.6207691462598,0.11631952226161957,1151.808,0.026518246462976625
1153.0862864197438,0.10389868170022964,1152.269,0.024339625274748422
1153.5518036932278,0.10624857246875763,1152.739,0.004731774865467164
1154.0173209667116,0.11296253651380539,1153.202,0.0374115471905383
1154.4828382401956,0.13847562670707703,1153.665,0.002553153677239073
1154.9483555136796,0.13931487500667572,1154.132,0.004731774865467164
1155.4138727871637,0.09315633028745651,1154.594,0.00037446756020387273
1155.8793900606474,0.0481727309525013,1155.06,0.01562501066422195
1156.3449073341314,0.0240024421364069,1155.524,0.00037446756020387273
1156.8104246076155,0.0038605325389653444,1155.99,0.4135688174365103
1157.2759418810995,-0.008224613033235073,1156.455,0.04612609687225788
1157.7414591545833,-0.008896009996533394,1156.921,0.02216100408652033
1158.2069764280673,-0.047837033867836,1157.387,0.028696932580011714
1158.6724937015513,-0.10893415659666061,1157.853,0.0018041536280242187
1159.138010975035,-0.15056076645851135,1158.318,0.014876075543814093
1159.603528248519,-0.16667430102825165,1158.784,0.004731774865467164
1160.069045522003,-0.16801708936691284,1159.247,0.003982839745059419
1160.534562795487,-0.143846794962883,1159.709,0.028696932580011714
1161.0000800689709,-0.1284046620130539,1160.18,0.017054696732042296
1161.4655973424549,-0.14653238654136658,1160.643,0.19134666429853864
1161.931114615939,-0.1596246212720871,1161.114,0.05191309024534152
1162.396631889423,-0.15140001475811005,1161.569,0.07226994070383763
1162.8621491629067,-0.1282368153333664,1162.034,0.010518768238550802
1163.3276664363907,-0.10087739676237106,1162.499,0.026518246462976625
1163.7931837098747,-0.07066453248262405,1162.965,0.01998231796948524
1164.2587009833587,-0.03524833917617798,1163.432,0.003982839745059419
1164.7242182568425,0.016617074608802795,1163.898,0.009089082170730456
1165.1897355303265,0.07486075907945633,1164.362,0.00037446756020387273
1165.6552528038105,0.08241397887468338,1164.828,0.00037446756020387273
1166.1207700772943,0.06562905013561249,1165.291,0.026518246462976625
1166.5862873507783,0.06630045175552368,1165.76,0.012697389426779004
1167.0518046242623,0.08039978891611099,1166.221,0.00037446756020387273
1167.5173218977463,0.09785610437393188,1166.684,0.003982839745059419
1167.9828391712301,0.13579003512859344,1167.154,0.017054696732042296
1168.4483564447141,0.15425345301628113,1167.617,0.058449018738833014
1168.9138737181981,0.13109025359153748,1168.082,0.00037446756020387273
1169.3793909916822,0.10792706161737442,1168.545,0.00037446756020387273
1169.844908265166,0.10322728008031845,1169.01,0.003982839745059419
1170.31042553865,0.10457007586956024,1169.477,0.028696932580011714
1170.775942812134,0.11799801886081696,1169.943,0.09841371960661027
1171.241460085618,0.13981841504573822,1170.41,0.00037446756020387273
1171.7069773591018,0.11665522307157516,1170.869,0.017054696732042296
1172.1724946325858,0.07066453248262405,1171.335,0.03230523983606026
1172.6380119060698,0.03810177743434906,1171.801,0.00037446756020387273
1173.1035291795536,0.01728847250342369,1172.269,0.019233382849077385
1173.5690464530376,-0.0011749446857720613,1172.731,0.0395901683787665
1174.0345637265216,-0.0015106431674212217,1173.195,0.01780369678125704
1174.5000810000056,-0.016617074608802795,1173.665,0.02216100408652033
1174.9655982734894,-0.06999313086271286,1174.128,0.003982839745059419
1175.4311155469734,-0.1250476837158203,1174.59,0.01562501066422195
1175.8966328204574,-0.15609979629516602,1175.057,0.008340082121515713
1176.3621500939414,-0.17137406766414642,1175.521,0.00037446756020387273
1176.8276673674252,-0.18010222911834717,1175.986,0.00037446756020387273
1177.2931846409092,-0.18480201065540314,1176.451,0.00037446756020387273
1177.7587019143932,-0.18345922231674194,1176.917,0.00037446756020387273
1178.224219187877,-0.15526054799556732,1177.383,0.00037446756020387273
1178.689736461361,-0.10960555076599121,1177.849,0.04319847563481494
1179.155253734845,-0.10826276242733002,1178.313,0.25309780429942197
1179.620771008329,-0.12269779294729233,1178.779,0.00037446756020387273
1180.0862882818128,-0.10859845578670502,1179.239,0.00616146093328751
1180.5518055552968,-0.07301442325115204,1179.709,0.033054239885275005
1181.0173228287808,-0.03038071282207966,1180.172,0.00037446756020387273
1181.4828401022648,0.032394904643297195,1180.635,0.010518768238550802
1181.9483573757486,0.07335011661052704,1181.101,0.006910460982502253
1182.4138746492326,0.06764324754476547,1181.567,0.011267703358958658
1182.8793919227166,0.05891508236527443,1182.032,0.009089082170730456
1183.3449091962007,0.06562905013561249,1182.499,0.025769311342568768
1183.8104264696844,0.0790569931268692,1182.964,0.04394747568402979
1184.2759437431685,0.10691996663808823,1183.428,0.021412004037305588
1184.7414610166525,0.14653238654136658,1183.894,0.00037446756020387273
1185.2069782901362,0.1426718533039093,1184.358,0.0395901683787665
1185.6724955636203,0.11699092388153076,1184.824,0.01998231796948524
1186.1380128371043,0.10658426582813263,1185.287,0.017054696732042296
1186.6035301105883,0.10725566744804382,1185.75,0.002553153677239073
1187.069047384072,0.11262684315443039,1186.217,0.01998231796948524
1187.534564657556,0.13780422508716583,1186.679,0.009089082170730456
1188.00008193104,0.14552529156208038,1187.15,0.01562501066422195
1188.465599204524,0.11245898902416229,1187.613,0.002553153677239073
1188.9311164780079,0.07167162746191025,1188.079,0.01780369678125704
1189.396633751492,0.04011596739292145,1188.541,0.00037446756020387273
1189.862151024976,0.014099336229264736,1189.007,0.01562501066422195
1190.32766829846,-0.01359578873962164,1189.476,0.01998231796948524
1190.7931855719437,-0.04313725605607033,1189.934,0.01780369678125704
1191.2587028454277,-0.07335011661052704,1190.399,0.0374115471905383
1191.7242201189117,-0.08577096462249756,1190.864,0.06934231946639469
1192.1897373923955,-0.08073548227548599,1191.329,0.041019854446586845
1192.6552546658795,-0.1116197481751442,1191.795,0.00037446756020387273
1193.1207719393635,-0.1579461395740509,1192.265,0.00037446756020387273
1193.5862892128475,-0.18245212733745575,1192.727,0.004731774865467164
1194.0518064863313,-0.1881590038537979,1193.195,0.20659720740255672
1194.5173237598153,-0.18010222911834717,1193.657,0.003982839745059419
1194.9828410332993,-0.1414969116449356,1194.121,0.026518246462976625
1195.4483583067833,-0.11732661724090576,1194.59,0.01998231796948524
1195.9138755802671,-0.12941177189350128,1195.049,0.004731774865467164
1196.3793928537511,-0.13109025359153748,1195.514,0.009089082170730456
1196.8449101272352,-0.10423437505960464,1195.98,0.003982839745059419
1197.3104274007192,-0.06495765596628189,1196.447,0.02216100408652033
1197.775944674203,-0.012924391776323318,1196.913,0.00037446756020387273
1198.241461947687,0.0475013367831707,1197.38,0.028696932580011714
1198.706979221171,0.0642862617969513,1197.846,0.004731774865467164
1199.1724964946548,0.054886702448129654,1198.311,0.003982839745059419
1199.6380137681388,0.05857938528060913,1198.769,0.20659720740255672
1200.1035310416228,0.07301442325115204,1199.239,0.00037446756020387273
1200.5690483151068,0.08912795037031174,1199.702,0.00037446756020387273
1201.0345655885906,0.1250476837158203,1200.165,0.009089082170730456
1201.5000828620746,0.14720378816127777,1200.635,0.03230523983606026
1201.9656001355586,0.13209734857082367,1201.102,0.006910460982502253
1202.4311174090426,0.11229114234447479,1201.56,0.02359062522553368
1202.8966346825264,0.10574502497911453,1202.025,0.00037446756020387273
1203.3621519560104,0.10792706161737442,1202.491,0.019233382849077385
1203.8276692294944,0.10960555076599121,1202.956,0.011267703358958658
1204.2931865029784,0.10322728008031845,1203.421,0.00037446756020387273
1204.7587037764622,0.09298847615718842,1203.886,0.012697389426779004
1205.2242210499462,0.10020599514245987,1204.354,0.05191309024534152
1205.6897383234302,0.11514458060264587,1204.82,0.04830478298929308
1206.155255596914,0.0783855989575386,1205.28,0.00616146093328751
1206.620772870398,0.018631266430020332,1205.75,0.002553153677239073
1207.086290143882,-0.021652551367878914,1206.213,0.028696932580011714
1207.551807417366,-0.047837033867836,1206.676,0.01998231796948524
1208.0173246908498,-0.06932173669338226,1207.144,0.028696932580011714
1208.4828419643338,-0.06814679503440857,1207.606,0.00037446756020387273
1208.9483592378178,-0.08308537304401398,1208.072,0.019233382849077385
1209.4138765113019,-0.13276875019073486,1208.535,0.004731774865467164
1209.8793937847856,-0.17070268094539642,1209.0,0.017054696732042296
1210.3449110582696,-0.18211641907691956,1209.465,0.00037446756020387273
1210.8104283317537,-0.18295566737651825,1209.931,0.011267703358958658
1211.2759456052374,-0.16667430102825165,1210.395,0.010518768238550802
1211.7414628787214,-0.13142596185207367,1210.861,0.00037446756020387273
1212.2069801522055,-0.1277332752943039,1211.328,0.01998231796948524
1212.6724974256895,-0.13813991844654083,1211.794,0.009089082170730456
1213.1380146991733,-0.12404058873653412,1212.258,0.017054696732042296
1213.6035319726573,-0.09080643951892853,1212.719,0.009089082170730456
1214.0690492461413,-0.05119401961565018,1213.188,0.03230523983606026
1214.5345665196253,0.010574501939117908,1213.65,0.01562501066422195
1215.000083793109,0.056229494512081146,1214.121,0.006910460982502253
1215.465601066593,0.05857938528060913,1214.583,0.01998231796948524
1215.931118340077,0.053208209574222565,1215.049,0.01780369678125704
1216.396635613561,0.059586480259895325,1215.514,0.008340082121515713
1216.8621528870449,0.07234302163124084,1215.98,0.00037446756020387273
1217.327670160529,0.08442816883325577,1216.439,0.01780369678125704
1217.793187434013,0.09248492866754532,1216.904,0.030875553768239916
1218.2587047074967,0.10188449174165726,1217.369,0.02216100408652033
1218.7242219809807,0.1287403702735901,1217.834,0.010518768238550802
1219.1897392544647,0.16432440280914307,1218.307,0.002553153677239073
1219.6552565279487,0.15358205139636993,1218.765,0.004731774865467164
1220.1207738014325,0.11799801886081696,1219.235,0.02794793253079697
1220.5862910749165,0.10087739676237106,1219.698,0.002553153677239073
1221.0518083484005,0.0951705202460289,1220.165,0.01562501066422195
1221.5173256218845,0.09315633028745651,1220.627,0.00037446756020387273
1221.9828428953683,0.1112840473651886,1221.093,0.004731774865467164
1222.4483601688523,0.10524147748947144,1221.556,0.01780369678125704
1222.9138774423363,0.053208209574222565,1222.021,0.003982839745059419
1223.3793947158204,0.0011749446857720613,1222.488,0.01780369678125704
1223.8449119893041,-0.02702372707426548,1222.954,0.32642293104647246
1224.3104292627881,-0.051529716700315475,1223.421,0.009089082170730456
1224.7759465362722,-0.06814679503440857,1223.879,0.011267703358958658
1225.241463809756,-0.07284656912088394,1224.346,0.019233382849077385
1225.70698108324,-0.10994125157594681,1224.812,0.002553153677239073
1226.172498356724,-0.1572747379541397,1225.28,0.3242442449294375
1226.638015630208,-0.17875944077968597,1225.742,0.03523286107350321
1227.1035329036918,-0.18345922231674194,1226.21,0.00616146093328751
1227.5690501771758,-0.18110932409763336,1226.672,0.003982839745059419
1228.0345674506598,-0.15123216807842255,1227.136,0.00037446756020387273
1228.5000847241438,-0.1257190853357315,1227.606,0.00037446756020387273
1228.9656019976276,-0.13041886687278748,1228.064,0.004731774865467164
1229.4311192711116,-0.13260090351104736,1228.535,0.01562501066422195
1229.8966365445956,-0.1116197481751442,1229.001,0.00037446756020387273
1230.3621538180796,-0.08241397887468338,1229.465,0.009089082170730456
1230.8276710915634,-0.05387960746884346,1229.924,0.00037446756020387273
1231.2931883650474,-0.02366674318909645,1230.396,0.05627039755060481
1231.7587056385314,0.01124589890241623,1230.855,0.01562501066422195
1232.2242229120152,0.0626077651977539,1231.322,0.030875553768239916
1232.6897401854992,0.11329823732376099,1231.787,0.01562501066422195
1233.1552574589832,0.110612653195858,1232.25,0.002553153677239073
1233.6207747324672,0.08812084794044495,1232.72,0.03012661864783206
1234.086292005951,0.08610665798187256,1233.18,0.011267703358958658
1234.551809279435,0.09651331603527069,1233.65,0.02359062522553368
1235.017326552919,0.110948346555233,1234.11,0.0018041536280242187
1235.482843826403,0.14753948152065277,1234.58,0.004731774865467164
1235.9483610998868,0.16281376779079437,1235.039,0.002553153677239073
1236.4138783733708,0.13377584517002106,1235.506,0.0018041536280242187
1236.8793956468548,0.10591287165880203,1235.972,0.002553153677239073
1237.3449129203386,0.09852750599384308,1236.439,0.01998231796948524
1237.8104301938226,0.09684900939464569,1236.905,0.021412004037305588
1238.2759474673067,0.10457007586956024,1237.369,0.00037446756020387273
1238.7414647407907,0.12101930379867554,1237.835,0.003982839745059419
1239.2069820142744,0.09181353449821472,1238.295,0.03448392595309535
1239.6724992877585,0.035919737070798874,1238.765,0.011267703358958658
1240.1380165612425,-0.0031891355756670237,1239.228,0.00037446756020387273
1240.6035338347265,-0.029709314927458763,1239.691,0.028696932580011714
1241.0690511082103,-0.053208209574222565,1240.154,0.01998231796948524
1241.5345683816943,-0.05455100163817406,1240.624,0.028696932580011714
1242.0000856551783,-0.06865034252405167,1241.09,0.012697389426779004
1242.4656029286623,-0.11564812809228897,1241.553,0.0018041536280242187
1242.931120202146,-0.1586175262928009,1242.019,0.00037446756020387273
1243.39663747563,-0.17758449912071228,1242.484,0.003982839745059419
1243.862154749114,-0.18211641907691956,1242.949,0.021412004037305588
1244.3276720225979,-0.18211641907691956,1243.414,0.006910460982502253
1244.793189296082,-0.17741665244102478,1243.88,0.019233382849077385
1245.258706569566,-0.16600289940834045,1244.339,0.010518768238550802
1245.72422384305,-0.13008315861225128,1244.805,0.00037446756020387273
1246.1897411165337,-0.0783855989575386,1245.273,0.054840711482784466
1246.6552583900177,-0.06797894090414047,1245.735,0.22402637169480288
1247.1207756635017,-0.07200732082128525,1246.206,0.003982839745059419
1247.5862929369857,-0.051865413784980774,1246.668,0.00037446756020387273
1248.0518102104695,-0.01426718570291996,1247.132,0.004731774865467164
1248.5173274839535,0.02668802998960018,1247.595,0.00616146093328751
1248.9828447574375,0.08241397887468338,1248.06,0.028696932580011714
1249.4483620309215,0.10994125157594681,1248.524,0.006910460982502253
1249.9138793044053,0.0944991260766983,1248.99,0.024339625274748422
1250.3793965778893,0.0783855989575386,1249.455,0.011267703358958658
1250.8449138513733,0.08224612474441528,1249.92,0.03448392595309535
1251.3104311248571,0.0958419144153595,1250.387,0.00037446756020387273
1251.7759483983411,0.12387274205684662,1250.853,0.012697389426779004
1252.2414656718252,0.1576104313135147,1251.317,0.02359062522553368
1252.7069829453092,0.14686807990074158,1251.783,0.02216100408652033
1253.172500218793,0.11531242728233337,1252.251,0.01562501066422195
1253.638017492277,0.09953460097312927,1252.714,0.002553153677239073
1254.103534765761,0.09785610437393188,1253.176,0.00037446756020387273
1254.569052039245,0.10054169595241547,1253.639,0.026518246462976625
1255.0345693127288,0.12185855209827423,1254.106,0.028696932580011714
1255.5000865862128,0.12135500460863113,1254.576,0.02794793253079697
1255.9656038596968,0.07670710235834122,1255.034,0.038841168329551756
1256.4311211331808,0.027695124968886375,1255.499,0.00616146093328751
1256.8966384066646,-0.008560311049222946,1255.965,0.009089082170730456
1257.3621556801486,-0.037094682455062866,1256.433,0.004731774865467164
1257.8276729536326,-0.06630045175552368,1256.898,0.08023555526514936
1258.2931902271164,-0.09886319935321808,1257.365,0.01562501066422195
1258.7587075006004,-0.12471198290586472,1257.831,0.004731774865467164
1259.2242247740844,-0.12336919456720352,1258.291,0.010518768238550802
1259.6897420475684,-0.10591287165880203,1258.761,0.008340082121515713
1260.1552593210522,-0.13243305683135986,1259.224,0.00037446756020387273
1260.6207765945362,-0.1754024624824524,1259.687,0.04537716175185014
1261.0862938680202,-0.1918516755104065,1260.151,0.041019854446586845
1261.5518111415042,-0.18547341227531433,1260.62,0.00037446756020387273
1262.017328414988,-0.16331730782985687,1261.079,0.017054696732042296
1262.482845688472,-0.11229114234447479,1261.549,0.08241417645337756
1262.948362961956,-0.07737849652767181,1262.015,0.00037446756020387273
1263.41388023544,-0.08073548227548599,1262.479,0.01562501066422195
1263.8793975089238,-0.07536430656909943,1262.945,0.00037446756020387273
1264.3449147824078,-0.04397650063037872,1263.41,0.02794793253079697
1264.8104320558919,-0.004531929735094309,1263.875,0.02794793253079697
1265.2759493293756,0.043472953140735626,1264.339,0.00037446756020387273
1265.7414666028596,0.0955062210559845,1264.805,0.026518246462976625
1266.2069838763437,0.09852750599384308,1265.265,0.009089082170730456
1266.6725011498277,0.07737849652767181,1265.735,0.01998231796948524
1267.1380184233115,0.07570000737905502,1266.195,0.04755578294007823
1267.6035356967955,0.08963149785995483,1266.665,0.02794793253079697
1268.0690529702795,0.10591287165880203,1267.128,0.010518768238550802
1268.5345702437635,0.1421683132648468,1267.591,0.09112879106390415
1269.0000875172473,0.16231021285057068,1268.056,0.0018041536280242187
1269.4656047907313,0.1418326050043106,1268.521,0.00037446756020387273
1269.9311220642153,0.11699092388153076,1268.986,0.008340082121515713
1270.396639337699,0.10691996663808823,1269.45,0.04973446905711343
1270.862156611183,0.10121309012174606,1269.916,0.00037446756020387273
1271.327673884667,0.09248492866754532,1270.38,0.0395901683787665
1271.793191158151,0.08107118308544159,1270.846,0.00037446756020387273
1272.258708431635,0.06764324754476547,1271.31,0.00037446756020387273
1272.724225705119,0.06898603588342667,1271.776,0.03448392595309535
1273.189742978603,0.07570000737905502,1272.243,0.03230523983606026
1273.655260252087,0.031387809664011,1272.706,0.028696932580011714
1274.1207775255707,-0.03508049249649048,1273.169,0.01998231796948524
1274.5862947990547,-0.0790569931268692,1273.638,0.019233382849077385
1275.0518120725387,-0.10557717084884644,1274.105,0.00037446756020387273
1275.5173293460227,-0.12336919456720352,1274.569,0.006910460982502253
1275.9828466195065,-0.11329823732376099,1275.034,0.003982839745059419
1276.4483638929905,-0.11564812809228897,1275.499,0.01780369678125704
1276.9138811664745,-0.15257495641708374,1275.965,0.02794793253079697
1277.3793984399583,-0.18211641907691956,1276.424,0.026518246462976625
1277.8449157134423,-0.18681620061397552,1276.89,0.021412004037305588
1278.3104329869263,-0.17741665244102478,1277.356,0.009089082170730456
1278.7759502604104,-0.143846794962883,1277.822,0.008340082121515713
1279.2414675338941,-0.0943312719464302,1278.284,0.00037446756020387273
1279.7069848073781,-0.08644235879182816,1278.754,0.00037446756020387273
1280.1725020808622,-0.0944991260766983,1279.217,0.06355532609331105
1280.6380193543462,-0.07670710235834122,1279.679,0.026518246462976625
1281.10353662783,-0.039108872413635254,1280.147,0.054840711482784466
1281.569053901314,0.0031891355756670237,1280.609,0.0628063260440963
1282.034571174798,0.06227206811308861,1281.075,0.009089082170730456
1282.500088448282,0.10121309012174606,1281.546,0.009089082170730456
1282.9656057217658,0.0943312719464302,1282.004,0.00037446756020387273
1283.4311229952498,0.0797283872961998,1282.469,0.014876075543814093
1283.8966402687338,0.0797283872961998,1282.935,0.004731774865467164
1284.3621575422176,0.08845654875040054,1283.399,0.0018041536280242187
1284.8276748157016,0.0958419144153595,1283.865,0.003982839745059419
1285.2931920891856,0.10121309012174606,1284.332,0.00037446756020387273
1285.7587093626696,0.110612653195858,1284.798,0.00037446756020387273
1286.2242266361534,0.13746853172779083,1285.261,0.0018041536280242187
1286.6897439096374,0.16633859276771545,1285.724,0.010518768238550802
1287.1552611831214,0.1445181965827942,1286.192,0.010518768238550802
1287.6207784566054,0.10255588591098785,1286.655,0.013446389475993747
1288.0862957300892,0.08241397887468338,1287.124,0.03523286107350321
1288.5518130035732,0.07603570818901062,1287.587,0.01780369678125704
1289.0173302770572,0.07066453248262405,1288.052,0.04537716175185014
1289.4828475505412,0.08039978891611099,1288.517,0.009089082170730456
1289.948364824025,0.0642862617969513,1288.982,0.00037446756020387273
1290.413882097509,0.0068818191066384315,1289.447,0.01780369678125704
1290.879399370993,-0.047837033867836,1289.913,0.028696932580011714
1291.3449166444768,-0.08274967223405838,1290.38,0.0018041536280242187
1291.8104339179608,-0.10826276242733002,1290.846,0.00037446756020387273
1292.2759511914448,-0.11497672647237778,1291.31,0.00037446756020387273
1292.7414684649289,-0.10490577667951584,1291.775,0.0395901683787665
1293.2069857384126,-0.13209734857082367,1292.236,0.00037446756020387273
1293.6725030118967,-0.1760738492012024,1292.706,0.00037446756020387273
1294.1380202853807,-0.19487297534942627,1293.169,0.00037446756020387273
1294.6035375588647,-0.1901731938123703,1293.631,0.02794793253079697
1295.0690548323485,-0.17154192924499512,1294.096,0.00037446756020387273
1295.5345721058325,-0.1253833770751953,1294.56,0.017054696732042296
1296.0000893793165,-0.09047073870897293,1295.026,0.004731774865467164
1296.4656066528005,-0.08946364372968674,1295.491,0.02359062522553368
1296.9311239262843,-0.08476386964321136,1295.957,0.004731774865467164
1297.3966411997683,-0.05992217734456062,1296.421,0.2465618433415271
1297.8621584732523,-0.02668802998960018,1296.887,0.05409177636237661
1298.327675746736,0.006546120624989271,1297.354,0.03012661864783206
1298.79319302022,0.03474479168653488,1297.82,0.00037446756020387273
1299.258710293704,0.05690089240670204,1298.28,0.0374115471905383
1299.724227567188,0.09013504534959793,1298.749,0.00037446756020387273
1300.189744840672,0.12941177189350128,1299.21,0.010518768238550802
1300.655262114156,0.12303349375724792,1299.679,0.0018041536280242187
1301.12077938764,0.09785610437393188,1300.143,0.012697389426779004
1301.586296661124,0.09349202364683151,1300.606,0.00037446756020387273
1302.0518139346077,0.10389868170022964,1301.071,0.00037446756020387273
1302.5173312080917,0.12034790217876434,1301.535,0.004731774865467164
1302.9828484815757,0.15526054799556732,1302.001,0.017054696732042296
1303.4483657550595,0.16432440280914307,1302.465,0.00037446756020387273
1303.9138830285435,0.1284046620130539,1302.93,0.1129152626614136
1304.3794003020275,0.0951705202460289,1303.395,0.04612609687225788
1304.8449175755115,0.08409246802330017,1303.861,0.011267703358958658
1305.3104348489953,0.0783855989575386,1304.328,0.006910460982502253
1305.7759521224793,0.0797283872961998,1304.794,0.008340082121515713
1306.2414693959633,0.08610665798187256,1305.255,0.009089082170730456
1306.7069866694474,0.04884412884712219,1305.724,0.057019397599819555
1307.1725039429311,-0.01426718570291996,1306.187,0.00037446756020387273
1307.6380212164152,-0.06059357523918152,1306.649,0.010518768238550802
1308.1035384898992,-0.08896009624004364,1307.117,0.008340082121515713
1308.5690557633832,-0.10843060910701752,1307.58,0.03448392595309535
1309.034573036867,-0.10171663761138916,1308.045,0.00037446756020387273
1309.500090310351,-0.10624857246875763,1308.51,0.012697389426779004
1309.965607583835,-0.143511101603508,1308.975,0.028696932580011714
1310.4311248573188,-0.1767452508211136,1309.443,0.009089082170730456
1310.8966421308028,-0.1895017921924591,1309.908,0.00037446756020387273
1311.3621594042868,-0.1884946972131729,1310.374,0.03448392595309535
1311.8276766777708,-0.1760738492012024,1310.839,0.008340082121515713
1312.2931939512546,-0.1586175262928009,1311.306,0.006910460982502253
1312.7587112247386,-0.13713282346725464,1311.765,0.01562501066422195
1313.2242284982226,-0.09315633028745651,1312.232,0.002553153677239073
1313.6897457717066,-0.034073397517204285,1312.695,0.01562501066422195
1314.1552630451904,-0.015609979629516602,1313.165,0.00616146093328751
1314.6207803186744,-0.014602883718907833,1313.628,0.03012661864783206
1315.0862975921584,0.0038605325389653444,1314.094,0.01780369678125704
1315.5518148656424,0.03474479168653488,1314.556,0.009089082170730456
1316.0173321391262,0.0641184076666832,1315.022,0.004731774865467164
1316.4828494126102,0.10658426582813263,1315.487,0.024339625274748422
1316.9483666860942,0.1273975670337677,1315.953,0.00037446756020387273
1317.413883959578,0.10775921493768692,1316.418,0.004731774865467164
1317.879401233062,0.09114214032888412,1316.883,0.025769311342568768
1318.344918506546,0.0961776152253151,1317.351,0.00616146093328751
1318.81043578003,0.10691996663808823,1317.809,0.011267703358958658
1319.2759530535138,0.1287403702735901,1318.277,0.05627039755060481
1319.7414703269978,0.1589532345533371,1318.74,0.24002591484803565
1320.2069876004819,0.14552529156208038,1319.21,0.03448392595309535
1320.6725048739659,0.1112840473651886,1319.672,0.00037446756020387273
1321.1380221474496,0.09181353449821472,1320.14,0.02794793253079697
1321.6035394209337,0.08409246802330017,1320.602,0.024339625274748422
1322.0690566944177,0.0797283872961998,1321.068,0.01998231796948524
1322.5345739679017,0.0950026735663414,1321.535,0.00037446756020387273
1323.0000912413855,0.08644235879182816,1322.0,0.033054239885275005
1323.4656085148695,0.032730601727962494,1322.465,0.014876075543814093
1323.9311257883535,-0.02568093314766884,1322.931,0.002553153677239073
1324.3966430618373,-0.06529335677623749,1323.396,0.024339625274748422
1324.8621603353213,-0.09315633028745651,1323.855,0.013446389475993747
1325.3276776088053,-0.12135500460863113,1324.321,0.03448392595309535
1325.7931948822893,-0.14518959820270538,1324.787,0.003982839745059419
1326.258712155773,-0.16130311787128448,1325.25,0.0018041536280242187
1326.724229429257,-0.15257495641708374,1325.72,0.036662547141323554
1327.189746702741,-0.1279011219739914,1326.184,0.00037446756020387273
1327.6552639762251,-0.143175408244133,1326.646,0.12598718457720337
1328.120781249709,-0.1725490242242813,1327.114,0.017054696732042296
1328.586298523193,-0.1750667542219162,1327.576,0.025769311342568768
1329.051815796677,-0.15458914637565613,1328.042,0.009089082170730456
1329.5173330701607,-0.12303349375724792,1328.507,0.01780369678125704
1329.9828503436447,-0.06881818920373917,1328.972,0.1695601277722223
1330.4483676171287,-0.031052108854055405,1329.439,0.04973446905711343
1330.9138848906127,-0.029709314927458763,1329.905,0.00037446756020387273
1331.3794021640965,-0.02047760784626007,1330.369,0.03523286107350321
1331.8449194375805,0.008392462506890297,1330.835,0.025769311342568768
1332.3104367110645,0.03978027030825615,1331.298,0.002553153677239073
1332.7759539845486,0.07804989814758301,1331.76,0.030875553768239916
1333.2414712580323,0.12370488792657852,1332.228,0.01780369678125704
1333.7069885315163,0.12404058873653412,1332.691,0.1695601277722223
1334.1725058050004,0.09752041101455688,1333.154,0.041019854446586845
1334.6380230784844,0.08845654875040054,1333.624,0.010518768238550802
1335.1035403519681,0.09785610437393188,1334.09,0.002553153677239073
1335.5690576254522,0.11262684315443039,1334.553,0.008340082121515713
1336.0345748989362,0.14552529156208038,1335.019,0.00616146093328751
1336.50009217242,0.1589532345533371,1335.484,0.00037446756020387273
1336.965609445904,0.13209734857082367,1335.949,0.00037446756020387273
1337.431126719388,0.10121309012174606,1336.414,0.017054696732042296
1337.896643992872,0.08577096462249756,1336.879,0.01998231796948524
1338.3621612663558,0.07771419733762741,1337.339,0.009089082170730456
1338.8276785398398,0.06764324754476547,1337.805,0.03523286107350321
1339.2931958133238,0.04951552674174309,1338.273,0.0018041536280242187
1339.7587130868078,0.02668802998960018,1338.735,0.00616146093328751
1340.2242303602916,0.019638361409306526,1339.206,0.002553153677239073
1340.6897476337756,0.019638361409306526,1339.668,0.004731774865467164
1341.1552649072596,-0.026016632094979286,1340.129,0.028696932580011714
1341.6207821807436,-0.09080643951892853,1340.599,0.01562501066422195
1342.0862994542274,-0.13310444355010986,1341.065,0.009089082170730456
1342.5518167277114,-0.15358205139636993,1341.528,0.003982839745059419
1343.0173340011954,-0.16130311787128448,1341.993,0.006910460982502253
1343.4828512746792,-0.13780422508716583,1342.458,0.009089082170730456
1343.9483685481632,-0.13109025359153748,1342.924,0.019233382849077385
1344.4138858216472,-0.16398870944976807,1343.384,0.00037446756020387273
1344.8794030951312,-0.18614481389522552,1343.849,0.04319847563481494
1345.344920368615,-0.1754024624824524,1344.314,0.012697389426779004
1345.810437642099,-0.14988936483860016,1344.78,0.009089082170730456
1346.275954915583,-0.110612653195858,1345.251,0.05266209029455626
1346.741472189067,-0.05857938528060913,1345.713,0.009089082170730456
1347.2069894625508,-0.04179446026682854,1346.176,0.00037446756020387273
1347.6725067360348,-0.03776608034968376,1346.639,0.04612609687225788
1348.1380240095189,-0.016952773556113243,1347.106,0.026518246462976625
1348.6035412830029,0.013931486755609512,1347.576,0.05409177636237661
1349.0690585564867,0.046829938888549805,1348.034,0.00037446756020387273
1349.5345758299707,0.0958419144153595,1348.499,0.009089082170730456
1350.0000931034547,0.12236209958791733,1348.965,0.024339625274748422
1350.4656103769385,0.10658426582813263,1349.432,0.017054696732042296
1350.9311276504225,0.08778515458106995,1349.897,0.010518768238550802
1351.3966449239065,0.08644235879182816,1350.362,0.03012661864783206
1351.8621621973905,0.09684900939464569,1350.827,0.0018041536280242187
1352.3276794708743,0.10658426582813263,1351.295,0.01998231796948524
1352.7931967443583,0.11262684315443039,1351.758,0.00037446756020387273
1353.2587140178423,0.11531242728233337,1352.22,0.00037446756020387273
1353.7242312913263,0.13276875019073486,1352.69,0.00616146093328751
1354.18974856481,0.1569390445947647,1353.151,0.00037446756020387273
1354.655265838294,0.13142596185207367,1353.62,0.00037446756020387273
1355.120783111778,0.08543526381254196,1354.079,0.01998231796948524
1355.5863003852621,0.05757229030132294,1354.549,0.010518768238550802
1356.051817658746,0.04280155524611473,1355.015,0.00037446756020387273
1356.51733493223,0.029709314927458763,1355.48,0.011267703358958658
1356.982852205714,0.03340199962258339,1355.945,0.02794793253079697
1357.4483694791977,0.012252994813024998,1356.41,0.0018041536280242187
1357.9138867526817,-0.05119401961565018,1356.875,0.01998231796948524
1358.3794040261657,-0.10624857246875763,1357.334,0.0374115471905383
1358.8449212996497,-0.13377584517002106,1357.8,0.011267703358958658
1359.3104385731335,-0.14787517488002777,1358.269,0.00037446756020387273
1359.7759558466175,-0.14586098492145538,1358.731,0.004731774865467164
1360.2414731201015,-0.1290760636329651,1359.195,0.017054696732042296
1360.7069903935856,-0.14703594148159027,1359.664,0.01562501066422195
1361.1725076670693,-0.18010222911834717,1360.125,0.004731774865467164
1361.6380249405534,-0.18715190887451172,1360.594,0.008340082121515713
1362.1035422140374,-0.16969558596611023,1361.06,0.16159451321091045
1362.5690594875211,-0.1414969116449356,1361.524,0.00037446756020387273
1363.0345767610052,-0.08761730045080185,1361.99,0.028696932580011714
1363.5000940344892,-0.04313725605607033,1362.45,0.0018041536280242187
1363.9656113079732,-0.037094682455062866,1362.915,0.19134666429853864
1364.431128581457,-0.034073397517204285,1363.38,0.0018041536280242187
1364.896645854941,-0.01191729586571455,1363.846,0.002553153677239073
1365.362163128425,0.019638361409306526,1364.311,0.009089082170730456
1365.827680401909,0.04414435103535652,1364.776,0.01562501066422195
1366.2931976753928,0.05824368819594383,1365.239,0.024339625274748422
1366.7587149488768,0.07032883167266846,1365.709,0.00037446756020387273
1367.2242322223608,0.10121309012174606,1366.169,0.0018041536280242187
1367.6897494958448,0.14082551002502441,1366.638,0.00037446756020387273
1368.1552667693286,0.13478294014930725,1367.105,0.025769311342568768
1368.6207840428126,0.10926985740661621,1367.568,0.00037446756020387273
1369.0863013162966,0.10255588591098785,1368.034,0.04612609687225788
1369.5518185897804,0.10960555076599121,1368.499,0.00037446756020387273
1370.0173358632644,0.11783016473054886,1368.965,0.00037446756020387273
1370.4828531367484,0.14552529156208038,1369.425,0.00037446756020387273
1370.9483704102324,0.15123216807842255,1369.891,0.017054696732042296
1371.4138876837162,0.1119554415345192,1370.358,0.00037446756020387273
1371.8794049572002,0.07486075907945633,1370.824,0.03230523983606026
1372.3449222306842,0.05857938528060913,1371.284,0.017054696732042296
1372.8104395041682,0.04414435103535652,1371.753,0.024339625274748422
1373.275956777652,0.03944457322359085,1372.217,0.03230523983606026
1373.741474051136,0.045151446014642715,1372.679,0.011267703358958658
1374.20699132462,0.002517738612368703,1373.15,0.028696932580011714
1374.672508598104,-0.06680399924516678,1373.613,0.002553153677239073
1375.1380258715878,-0.11363393813371658,1374.078,0.01780369678125704
1375.6035431450719,-0.13612572848796844,1374.541,0.012697389426779004
1376.0690604185559,-0.14720378816127777,1375.007,0.025769311342568768
1376.5345776920396,-0.13243305683135986,1375.472,0.0606277048558681
1377.0000949655237,-0.1290760636329651,1375.938,0.013446389475993747
1377.4656122390077,-0.1587853878736496,1376.403,0.00616146093328751
1377.9311295124917,-0.18144503235816956,1376.868,0.00037446756020387273
1378.3966467859755,-0.18211641907691956,1377.335,0.01998231796948524
1378.8621640594595,-0.16868849098682404,1377.794,0.00616146093328751
1379.3276813329435,-0.14586098492145538,1378.262,0.03230523983606026
1379.7931986064275,-0.12001220881938934,1378.724,0.0018041536280242187
1380.2587158799113,-0.08946364372968674,1379.195,0.009089082170730456
1380.7242331533953,-0.03675898537039757,1379.657,0.00616146093328751
1381.1897504268793,0.026352331042289734,1380.125,0.002553153677239073
1381.6552677003633,0.03944457322359085,1380.587,0.006910460982502253
1382.120784973847,0.03457694500684738,1381.053,0.00037446756020387273
1382.586302247331,0.04615854099392891,1381.518,0.013446389475993747
1383.0518195208151,0.0642862617969513,1381.983,0.01562501066422195
1383.517336794299,0.08274967223405838,1382.45,0.008340082121515713
1383.982854067783,0.12135500460863113,1382.915,0.050483404177521174
1384.448371341267,0.13881132006645203,1383.38,0.002553153677239073
1384.913888614751,0.11497672647237778,1383.839,0.00037446756020387273
1385.3794058882347,0.09684900939464569,1384.311,0.050483404177521174
1385.8449231617187,0.09987030178308487,1384.769,0.008340082121515713
1386.3104404352027,0.10775921493768692,1385.239,0.02794793253079697
1386.7759577086867,0.1267261803150177,1385.701,0.00037446756020387273
1387.2414749821705,0.15223926305770874,1386.169,0.028696932580011714
1387.7069922556545,0.13344015181064606,1386.632,0.010518768238550802
1388.1725095291386,0.09231708198785782,1387.098,0.01562501066422195
1388.6380268026226,0.06663614511489868,1387.561,0.0018041536280242187
1389.1035440761063,0.054886702448129654,1388.027,0.009089082170730456
1389.5690613495904,0.04414435103535652,1388.492,0.00037446756020387273
1390.0345786230744,0.04884412884712219,1388.957,0.0628063260440963
1390.5000958965582,0.03440909460186958,1389.424,0.002553153677239073
1390.9656131700422,-0.02232394926249981,1389.89,0.004731774865467164
1391.4311304435262,-0.0797283872961998,1390.355,0.02216100408652033
1391.8966477170102,-0.11648737639188766,1390.821,0.002553153677239073
1392.362164990494,-0.13981841504573822,1391.283,0.025769311342568768
1392.827682263978,-0.15660333633422852,1391.746,0.00037446756020387273
1393.293199537462,-0.16935987770557404,1392.214,0.025769311342568768
1393.758716810946,-0.1760738492012024,1392.676,0.02794793253079697
1394.2242340844298,-0.1572747379541397,1393.144,0.004731774865467164
1394.6897513579138,-0.1252155303955078,1393.606,0.00037446756020387273
1395.1552686313978,-0.13209734857082367,1394.071,0.00037446756020387273
1395.6207859048816,-0.15056076645851135,1394.535,0.006910460982502253
1396.0863031783656,-0.1418326050043106,1395.001,0.00037446756020387273
1396.5518204518496,-0.11296253651380539,1395.467,0.011267703358958658
1397.0173377253336,-0.07502861320972443,1395.933,0.019233382849077385
1397.4828549988174,-0.01359578873962164,1396.4,0.004731774865467164
1397.9483722723014,0.029373617842793465,1396.866,0.010518768238550802
1398.4138895457854,0.027695124968886375,1397.324,0.010518768238550802
1398.8794068192694,0.02668802998960018,1397.79,0.004731774865467164
1399.3449240927532,0.04615854099392891,1398.258,0.01998231796948524
1399.8104413662372,0.06730754673480988,1398.72,0.008340082121515713
1400.2759586397212,0.09684900939464569,1399.188,0.017054696732042296
1400.7414759132052,0.13545434176921844,1399.65,0.0018041536280242187
1401.206993186689,0.13192950189113617,1400.118,0.00037446756020387273
1401.672510460173,0.10926985740661621,1400.58,0.02359062522553368
1402.138027733657,0.10389868170022964,1401.046,0.011267703358958658
1402.6035450071408,0.1102769523859024,1401.511,0.02216100408652033
1403.0690622806248,0.11799801886081696,1401.976,0.017054696732042296
1403.5345795541089,0.14753948152065277,1402.443,0.011267703358958658
1404.0000968275929,0.16264592111110687,1402.908,0.00037446756020387273
1404.4656141010767,0.13008315861225128,1403.373,0.009089082170730456
1404.9311313745607,0.09114214032888412,1403.839,0.01562501066422195
1405.3966486480447,0.07032883167266846,1404.306,0.0628063260440963
1405.8621659215287,0.05421530455350876,1404.764,0.02216100408652033
1406.3276831950125,0.032730601727962494,1405.233,0.011267703358958658
1406.7932004684965,0.006210422143340111,1405.695,0.01562501066422195
1407.2587177419805,-0.0240024421364069,1406.166,0.00616146093328751
1407.7242350154645,-0.03508049249649048,1406.628,0.02216100408652033
1408.1897522889483,-0.032730601727962494,1407.094,0.02216100408652033
1408.6552695624323,-0.07402151823043823,1407.557,0.00616146093328751
1409.1207868359163,-0.13109025359153748,1408.022,0.00616146093328751
1409.5863041094,-0.16264592111110687,1408.487,0.00037446756020387273
1410.051821382884,-0.173723965883255,1408.953,0.01780369678125704
1410.517338656368,-0.1727168709039688,1409.42,0.0018041536280242187
1410.9828559298521,-0.143846794962883,1409.879,0.017054696732042296
1411.448373203336,-0.13075456023216248,1410.351,0.0018041536280242187
1411.91389047682,-0.15156786143779755,1410.816,0.03230523983606026
1412.379407750304,-0.1586175262928009,1411.278,0.0395901683787665
1412.844925023788,-0.13948272168636322,1411.74,0.026518246462976625
1413.3104422972717,-0.10893415659666061,1412.21,0.01562501066422195
1413.7759595707557,-0.05992217734456062,1412.672,0.011267703358958658
1414.2414768442397,0.00520332669839263,1413.14,0.00037446756020387273
1414.7069941177238,0.026016632094979286,1413.603,0.030875553768239916
1415.1725113912075,0.02232394926249981,1414.069,0.011267703358958658
1415.6380286646915,0.03474479168653488,1414.535,0.024339625274748422
1416.1035459381756,0.056229494512081146,1415.0,0.01780369678125704
1416.5690632116593,0.07637140154838562,1415.465,0.01780369678125704
1417.0345804851434,0.11665522307157516,1415.93,0.00616146093328751
1417.5000977586274,0.1414969116449356,1416.395,0.010518768238550802
1417.9656150321114,0.1260547786951065,1416.861,0.010518768238550802
1418.4311323055952,0.10658426582813263,1417.325,0.009089082170730456
1418.8966495790792,0.10255588591098785,1417.784,0.011267703358958658
1419.3621668525632,0.10859845578670502,1418.254,0.03230523983606026
1419.8276841260472,0.11296253651380539,1418.717,0.004731774865467164
1420.293201399531,0.11262684315443039,1419.18,0.00037446756020387273
1420.758718673015,0.1104447990655899,1419.65,0.008340082121515713
1421.224235946499,0.12303349375724792,1420.113,0.00037446756020387273
1421.6897532199828,0.1441825032234192,1420.576,0.008340082121515713
1422.1552704934668,0.11531242728233337,1421.041,0.004731774865467164
1422.6207877669508,0.0629434660077095,1421.506,0.02794793253079697
1423.0863050404348,0.02668802998960018,1421.972,0.011267703358958658
1423.5518223139186,0.0018463416490703821,1422.436,0.004731774865467164
1424.0173395874026,-0.01762416958808899,1422.902,0.00616146093328751
1424.4828568608866,-0.017959868535399437,1423.369,0.026518246462976625
1424.9483741343706,-0.03978027030825615,1423.834,0.07152094065462278
1425.4138914078544,-0.10121309012174606,1424.295,0.00616146093328751
1425.8794086813384,-0.14921797811985016,1424.765,0.0395901683787665
1426.3449259548224,-0.16667430102825165,1425.228,0.036662547141323554
1426.8104432283064,-0.17154192924499512,1425.691,0.010518768238550802
1427.2759605017902,-0.1599603295326233,1426.154,0.04319847563481494
1427.7414777752742,-0.13444724678993225,1426.624,0.008340082121515713
1428.2069950487582,-0.1440146416425705,1427.09,0.00037446756020387273
1428.672512322242,-0.16499580442905426,1427.553,0.00037446756020387273
1429.138029595726,-0.1592889279127121,1428.018,0.010518768238550802
1429.60354686921,-0.13310444355010986,1428.483,0.02794793253079697
1430.069064142694,-0.09752041101455688,1428.949,0.00037446756020387273
1430.5345814161778,-0.03776608034968376,1429.414,0.011267703358958658
1431.0000986896619,0.008896009996533394,1429.879,0.002553153677239073
1431.4656159631459,0.016281375661492348,1430.339,0.009089082170730456
1431.9311332366299,0.02064545638859272,1430.805,0.00037446756020387273
1432.3966505101137,0.03944457322359085,1431.269,0.01998231796948524
1432.8621677835977,0.05992217734456062,1431.738,0.011267703358958658
1433.3276850570817,0.07502861320972443,1432.199,0.01780369678125704
1433.7932023305657,0.08543526381254196,1432.668,0.00037446756020387273
1434.2587196040495,0.09651331603527069,1433.129,0.0018041536280242187
1434.7242368775335,0.12471198290586472,1433.599,0.028696932580011714
1435.1897541510175,0.16130311787128448,1434.065,0.04319847563481494
1435.6552714245013,0.15123216807842255,1434.529,0.009089082170730456
1436.1207886979853,0.12018005549907684,1434.995,0.012697389426779004
1436.5863059714693,0.10826276242733002,1435.455,0.009089082170730456
1437.0518232449533,0.110612653195858,1435.921,0.0018041536280242187
1437.517340518437,0.11396963149309158,1436.387,0.00037446756020387273
1437.982857791921,0.13679713010787964,1436.853,0.00037446756020387273
1438.4483750654051,0.13780422508716583,1437.318,0.003982839745059419
1438.9138923388891,0.09231708198785782,1437.783,0.003982839745059419
1439.379409612373,0.04649423807859421,1438.246,0.006910460982502253
1439.844926885857,0.018631266430020332,1438.709,0.00037446756020387273
1440.310444159341,-0.0041962312534451485,1439.177,0.002553153677239073
1440.775961432825,-0.01426718570291996,1439.64,0.00037446756020387273
1441.2414787063087,-0.015106432139873505,1440.11,0.033054239885275005
1441.7069959797927,-0.06025787815451622,1440.573,0.01780369678125704
1442.1725132532767,-0.12236209958791733,1441.038,0.017054696732042296
1442.6380305267605,-0.1572747379541397,1441.503,0.00037446756020387273
1443.1035478002445,-0.16868849098682404,1441.968,0.011267703358958658
1443.5690650737286,-0.16935987770557404,1442.435,0.003982839745059419
1444.0345823472126,-0.143846794962883,1442.894,0.010518768238550802
1444.5000996206963,-0.1292439103126526,1443.361,0.00616146093328751
1444.9656168941804,-0.14753948152065277,1443.827,0.002553153677239073
1445.4311341676644,-0.1606317162513733,1444.295,0.003982839745059419
1445.8966514411484,-0.15324635803699493,1444.758,0.01998231796948524
1446.3621687146322,-0.12941177189350128,1445.22,0.00037446756020387273
1446.8276859881162,-0.09752041101455688,1445.69,0.0018041536280242187
1447.2932032616002,-0.06596475094556808,1446.151,0.00037446756020387273
1447.7587205350842,-0.031052108854055405,1446.62,0.054840711482784466
1448.224237808568,0.02198825031518936,1447.079,0.028696932580011714
1448.689755082052,0.0787212923169136,1447.549,0.02794793253079697
1449.155272355536,0.08493171632289886,1448.015,0.01998231796948524
1449.6207896290198,0.06697184592485428,1448.48,0.026518246462976625
1450.0863069025038,0.06797894090414047,1448.945,0.009089082170730456
1450.5518241759878,0.08291752636432648,1449.41,0.008340082121515713
1451.0173414494718,0.10020599514245987,1449.869,0.010518768238550802
1451.4828587229556,0.13780422508716583,1450.335,0.00037446756020387273
1451.9483759964396,0.15492485463619232,1450.801,0.00037446756020387273
1452.4138932699236,0.1277332752943039,1451.269,0.008340082121515713
1452.8794105434076,0.10389868170022964,1451.732,0.00037446756020387273
1453.3449278168914,0.10188449174165726,1452.195,0.0018041536280242187
1453.8104450903754,0.10524147748947144,1452.664,0.00616146093328751
1454.2759623638594,0.11866941303014755,1453.125,0.02794793253079697
1454.7414796373432,0.13948272168636322,1453.594,0.025769311342568768
1455.2069969108272,0.11665522307157516,1454.06,0.011267703358958658
1455.6725141843112,0.06965743750333786,1454.524,0.01780369678125704
1456.1380314577953,0.03608758747577667,1454.99,0.0018041536280242187
1456.603548731279,0.015274280682206154,1455.454,0.03012661864783206
1457.069066004763,-0.004867628216743469,1455.92,0.009089082170730456
1457.534583278247,-0.00553902518004179,1456.384,0.02216100408652033
1458.000100551731,-0.020981155335903168,1456.85,0.01780369678125704
1458.4656178252148,-0.07486075907945633,1457.31,0.028696932580011714
1458.9311350986989,-0.1277332752943039,1457.776,0.041019854446586845
1459.3966523721829,-0.15526054799556732,1458.239,0.009089082170730456
1459.8621696456669,-0.16549934446811676,1458.709,0.0018041536280242187
1460.3276869191507,-0.1723811775445938,1459.169,0.008340082121515713
1460.7932041926347,-0.17875944077968597,1459.639,0.26181238644554505
1461.2587214661187,-0.17808803915977478,1460.106,0.00037446756020387273
1461.7242387396025,-0.15190356969833374,1460.568,0.010518768238550802
1462.1897560130865,-0.10926985740661621,1461.034,0.00616146093328751
1462.6552732865705,-0.10624857246875763,1461.499,0.0671636333493596
1463.1207905600545,-0.11531242728233337,1461.964,0.0374115471905383
1463.5863078335383,-0.10037384927272797,1462.424,0.009089082170730456
1464.0518251070223,-0.06630045175552368,1462.89,0.00037446756020387273
1464.5173423805063,-0.024673838168382645,1463.355,0.00037446756020387273
1464.9828596539903,0.03810177743434906,1463.821,0.00037446756020387273
1465.448376927474,0.0788891464471817,1464.284,0.03230523983606026
1465.913894200958,0.07133592665195465,1464.754,0.03523286107350321
1466.3794114744421,0.06143282353878021,1465.217,0.01780369678125704
1466.8449287479261,0.06948958337306976,1465.679,0.009089082170730456
1467.31044602141,0.08409246802330017,1466.147,0.00037446756020387273
1467.775963294894,0.110948346555233,1466.609,0.0018041536280242187
1468.241480568378,0.14787517488002777,1467.075,0.03448392595309535
1468.7069978418617,0.1425040066242218,1467.545,0.26834834740344
1469.1725151153457,0.11598382890224457,1468.011,0.002553153677239073
1469.6380323888297,0.10658426582813263,1468.469,0.008340082121515713
1470.1035496623138,0.10859845578670502,1468.934,0.00037446756020387273
1470.5690669357975,0.1119554415345192,1469.406,0.004731774865467164
1471.0345842092815,0.13612572848796844,1469.864,0.006910460982502253
1471.5001014827656,0.143511101603508,1470.332,0.01562501066422195
1471.9656187562496,0.10792706161737442,1470.797,0.012697389426779004
1472.4311360297334,0.06562905013561249,1471.261,0.00037446756020387273
1472.8966533032174,0.03675898537039757,1471.724,0.038841168329551756
1473.3621705767014,0.014602883718907833,1472.195,0.002553153677239073
1473.8276878501854,-0.012420844286680222,1472.657,0.012697389426779004
1474.2932051236692,-0.047837033867836,1473.125,0.008340082121515713
1474.7587223971532,-0.08073548227548599,1473.587,0.00037446756020387273
1475.2242396706372,-0.09013504534959793,1474.053,0.04394747568402979
1475.689756944121,-0.08291752636432648,1474.517,0.008340082121515713
1476.155274217605,-0.11598382890224457,1474.982,0.017054696732042296
1476.620791491089,-0.16281376779079437,1475.447,0.02794793253079697
1477.086308764573,-0.18547341227531433,1475.912,0.006910460982502253
1477.5518260380568,-0.1881590038537979,1476.377,0.011267703358958658
1478.0173433115408,-0.17808803915977478,1476.843,0.00616146093328751
1478.4828605850248,-0.13612572848796844,1477.309,0.12816580576543157
1478.9483778585088,-0.10926985740661621,1477.776,0.0606277048558681
1479.4138951319926,-0.11866941303014755,1478.236,0.009089082170730456
1479.8794124054766,-0.11783016473054886,1478.706,0.0018041536280242187
1480.3449296789606,-0.09282062947750092,1479.169,0.0018041536280242187
1480.8104469524444,-0.05656519532203674,1479.632,0.004731774865467164
1481.2759642259284,-0.006210422143340111,1480.098,0.00037446756020387273
1481.7414814994124,0.05455100163817406,1480.561,0.010518768238550802
1482.2069987728964,0.07032883167266846,1481.027,0.010518768238550802
1482.6725160463802,0.059250783175230026,1481.492,0.011267703358958658
1483.1380333198642,0.05891508236527443,1481.958,0.00616146093328751
1483.6035505933482,0.07066453248262405,1482.424,0.028696932580011714
1484.0690678668323,0.08812084794044495,1482.89,0.02794793253079697
1484.534585140316,0.12941177189350128,1483.354,0.006910460982502253
1485.0001024138,0.15291066467761993,1483.82,0.003982839745059419
1485.465619687284,0.13478294014930725,1484.28,0.0018041536280242187
1485.931136960768,0.11262684315443039,1484.75,0.010518768238550802
1486.3966542342519,0.10557717084884644,1485.21,0.008340082121515713
1486.8621715077359,0.10591287165880203,1485.68,0.008340082121515713
1487.3276887812199,0.10322728008031845,1486.143,0.017054696732042296
1487.7932060547037,0.09768825769424438,1486.605,0.01998231796948524
1488.2587233281877,0.08963149785995483,1487.071,0.003982839745059419
1488.7242406016717,0.09718471020460129,1487.535,0.004731774865467164
1489.1897578751557,0.1112840473651886,1488.001,0.02794793253079697
1489.6552751486395,0.07301442325115204,1488.465,0.008340082121515713
1490.1207924221235,0.01124589890241623,1488.931,0.004731774865467164
1490.5863096956075,-0.030716411769390106,1489.396,0.054840711482784466
1491.0518269690915,-0.057907987385988235,1489.862,0.030875553768239916
1491.5173442425753,-0.0800640881061554,1490.328,0.06355532609331105
1491.9828615160593,-0.07804989814758301,1490.794,0.00037446756020387273
1492.4483787895433,-0.08879224956035614,1491.254,0.05266209029455626
1492.9138960630273,-0.13444724678993225,1491.724,0.02794793253079697
1493.379413336511,-0.17204546928405762,1492.184,0.0018041536280242187
1493.8449306099951,-0.18178072571754456,1492.654,0.008340082121515713
1494.3104478834791,-0.18077363073825836,1493.114,0.00037446756020387273
1494.775965156963,-0.16231021285057068,1493.584,0.00037446756020387273
1495.241482430447,-0.1263904720544815,1494.049,0.002553153677239073
1495.706999703931,-0.12303349375724792,1494.51,0.008340082121515713
1496.172516977415,-0.13377584517002106,1494.975,0.004731774865467164
1496.6380342508987,-0.12101930379867554,1495.443,0.004731774865467164
1497.1035515243827,-0.08677805960178375,1495.908,0.004731774865467164
1497.5690687978667,-0.043640803545713425,1496.373,0.05627039755060481
1498.0345860713508,0.02198825031518936,1496.839,0.028696932580011714
1498.5001033448345,0.06630045175552368,1497.306,0.00616146093328751
1498.9656206183186,0.06529335677623749,1497.765,0.008340082121515713
1499.4311378918026,0.05857938528060913,1498.232,0.011267703358958658
1499.8966551652866,0.0639505609869957,1498.694,0.017054696732042296
1500.3621724387704,0.07469291239976883,1499.165,0.0018041536280242187
1500.8276897122544,0.08375677466392517,1499.628,0.0374115471905383
1501.2932069857384,0.09181353449821472,1500.093,0.02794793253079697
1501.7587242592222,0.10121309012174606,1500.557,0.003982839745059419
1502.2242415327062,0.1270618736743927,1501.022,0.02794793253079697
1502.6897588061902,0.1606317162513733,1501.491,0.017054696732042296
1503.1552760796742,0.14787517488002777,1501.949,0.00037446756020387273
1503.620793353158,0.11329823732376099,1502.42,0.0628063260440963
1504.086310626642,0.09785610437393188,1502.879,0.03523286107350321
1504.551827900126,0.0961776152253151,1503.35,0.024339625274748422
1505.01734517361,0.09835965186357498,1503.809,0.00037446756020387273
1505.4828624470938,0.11665522307157516,1504.276,0.009089082170730456
1505.9483797205778,0.10725566744804382,1504.739,0.004731774865467164
1506.4138969940618,0.05337605997920036,1505.209,0.002553153677239073
1506.8794142675458,0.005035477224737406,1505.672,0.008340082121515713
1507.3449315410296,-0.026016632094979286,1506.139,0.025769311342568768
1507.8104488145136,-0.05455100163817406,1506.603,0.03012661864783206
1508.2759660879976,-0.07016098499298096,1507.068,0.026518246462976625
1508.7414833614814,-0.07267872244119644,1507.534,0.038841168329551756
1509.2070006349654,-0.10826276242733002,1507.999,0.009089082170730456
1509.6725179084494,-0.15660333633422852,1508.461,0.01998231796948524
1510.1380351819334,-0.18178072571754456,1508.926,0.05191309024534152
1510.6035524554172,-0.1881590038537979,1509.391,0.00616146093328751
1511.0690697289012,-0.18295566737651825,1509.857,0.010518768238550802
1511.5345870023853,-0.14888226985931396,1510.321,0.019233382849077385
1512.0001042758693,-0.12118715047836304,1510.787,0.02794793253079697
1512.465621549353,-0.1253833770751953,1511.254,0.003982839745059419
1512.931138822837,-0.1290760636329651,1511.717,0.00037446756020387273
1513.396656096321,-0.110948346555233,1512.18,0.009089082170730456
1513.8621733698049,-0.08140688389539719,1512.65,0.017054696732042296
1514.3276906432889,-0.05018692463636398,1513.113,0.011267703358958658
1514.7932079167729,-0.016617074608802795,1513.576,0.03230523983606026
1515.2587251902569,0.01762416958808899,1514.042,0.019233382849077385
1515.7242424637407,0.0629434660077095,1514.509,0.02794793253079697
1516.1897597372247,0.110948346555233,1514.975,0.009089082170730456
1516.6552770107087,0.10725566744804382,1515.44,0.01562501066422195
1517.1207942841927,0.08442816883325577,1515.899,0.0018041536280242187
1517.5863115576765,0.08241397887468338,1516.365,0.024339625274748422
1518.0518288311605,0.0961776152253151,1516.831,0.00037446756020387273
1518.5173461046445,0.11262684315443039,1517.299,0.1398080416134011
1518.9828633781285,0.14888226985931396,1517.76,0.00037446756020387273
1519.4483806516123,0.16298161447048187,1518.228,0.10059234079483848
1519.9138979250963,0.13176165521144867,1518.691,0.00037446756020387273
1520.3794151985803,0.10255588591098785,1519.154,0.00037446756020387273
1520.844932472064,0.09382772445678711,1519.624,0.038841168329551756
1521.310449745548,0.09248492866754532,1520.09,0.010518768238550802
1521.7759670190321,0.10289158672094345,1520.553,0.00037446756020387273
1522.2414842925161,0.11934080719947815,1521.018,0.003982839745059419
1522.707001566,0.08879224956035614,1521.484,0.038841168329551756
1523.172518839484,0.0320592038333416,1521.95,0.025769311342568768
1523.638036112968,-0.008224613033235073,1522.41,0.012697389426779004
1524.103553386452,-0.03440909460186958,1522.876,0.010518768238550802
1524.5690706599357,-0.05656519532203674,1523.343,0.0831631765025923
1525.0345879334197,-0.054886702448129654,1523.809,0.04176878956699459
1525.5001052069038,-0.06865034252405167,1524.269,0.00037446756020387273
1525.9656224803878,-0.11631952226161957,1524.739,0.017054696732042296
1526.4311397538715,-0.1599603295326233,1525.202,0.004731774865467164
1526.8966570273556,-0.17875944077968597,1525.665,0.05409177636237661
1527.3621743008396,-0.18345922231674194,1526.135,0.00037446756020387273
1527.8276915743234,-0.18496985733509064,1526.598,0.02216100408652033
1528.2932088478074,-0.18144503235816956,1527.063,0.004731774865467164
1528.7587261212914,-0.16868849098682404,1527.527,0.03448392595309535
1529.2242433947754,-0.13109025359153748,1527.992,0.0018041536280242187
1529.6897606682592,-0.0793926939368248,1528.457,0.08677148375864085
1530.1552779417432,-0.06630045175552368,1528.922,0.00037446756020387273
1530.6207952152272,-0.06831464171409607,1529.388,0.00037446756020387273
1531.0863124887112,-0.0476691834628582,1529.853,0.003982839745059419
1531.551829762195,-0.010574501939117908,1530.317,0.00037446756020387273
1532.017347035679,0.030716411769390106,1530.783,0.003982839745059419
1532.482864309163,0.08677805960178375,1531.251,0.02359062522553368
1532.948381582647,0.11396963149309158,1531.714,0.028696932580011714
1533.4138988561308,0.09248492866754532,1532.176,0.00616146093328751
1533.8794161296148,0.07553216069936752,1532.639,0.00037446756020387273
1534.3449334030988,0.08342107385396957,1533.105,0.019233382849077385
1534.8104506765826,0.09987030178308487,1533.569,0.0018041536280242187
1535.2759679500666,0.1280689686536789,1534.034,0.003982839745059419
1535.7414852235506,0.16298161447048187,1534.499,0.002553153677239073
1536.2070024970346,0.15223926305770874,1534.965,0.002553153677239073
1536.6725197705184,0.11665522307157516,1535.432,0.012697389426779004
1537.1380370440024,0.09852750599384308,1535.898,0.019233382849077385
1537.6035543174864,0.0958419144153595,1536.365,0.01780369678125704
1538.0690715909705,0.09785610437393188,1536.831,0.01998231796948524
1538.5345888644542,0.12001220881938934,1537.291,0.04612609687225788
1539.0001061379382,0.12135500460863113,1537.754,0.009089082170730456
1539.4656234114223,0.07637140154838562,1538.224,0.01998231796948524
1539.9311406849063,0.023331044241786003,1538.687,0.02794793253079697
1540.39665795839,-0.016281375661492348,1539.15,0.02216100408652033
1540.862175231874,-0.0471656359732151,1539.62,0.01998231796948524
1541.327692505358,-0.07536430656909943,1540.086,0.026518246462976625
1541.7932097788419,-0.10406652837991714,1540.548,0.07226994070383763
1542.2587270523259,-0.1290760636329651,1541.014,0.02359062522553368
1542.7242443258099,-0.12974746525287628,1541.476,0.003982839745059419
1543.189761599294,-0.11648737639188766,1541.941,0.00037446756020387273
1543.6552788727777,-0.14518959820270538,1542.406,0.00037446756020387273
1544.1207961462617,-0.18580910563468933,1542.872,0.00037446756020387273
1544.5863134197457,-0.19621576368808746,1543.336,0.05627039755060481
1545.0518306932297,-0.18413062393665314,1543.802,0.00037446756020387273
1545.5173479667135,-0.16130311787128448,1544.265,0.004731774865467164
1545.9828652401975,-0.11229114234447479,1544.735,0.024339625274748422
1546.4483825136815,-0.07804989814758301,1545.198,0.011267703358958658
1546.9138997871653,-0.0797283872961998,1545.661,0.036662547141323554
1547.3794170606493,-0.07368581742048264,1546.129,0.024339625274748422
1547.8449343341333,-0.043808650225400925,1546.591,0.009089082170730456
1548.3104516076173,-0.005035477224737406,1547.057,0.011267703358958658
1548.775968881101,0.043808650225400925,1547.52,0.01562501066422195
1549.2414861545851,0.095674067735672,1547.986,0.01998231796948524
1549.7070034280691,0.09987030178308487,1548.45,0.00616146093328751
1550.1725207015531,0.0790569931268692,1548.916,0.019233382849077385
1550.638037975037,0.07368581742048264,1549.38,0.003982839745059419
1551.103555248521,0.08409246802330017,1549.846,0.07587824795988607
1551.569072522005,0.09970244765281677,1550.31,0.00037446756020387273
1552.034589795489,0.13914701342582703,1550.775,0.008340082121515713
1552.5001070689727,0.16231021285057068,1551.243,0.002553153677239073
1552.9656243424567,0.14082551002502441,1551.706,0.036662547141323554
1553.4311416159408,0.11329823732376099,1552.173,0.00037446756020387273
1553.8966588894245,0.09987030178308487,1552.635,0.00037446756020387273
1554.3621761629086,0.0958419144153595,1553.101,0.030875553768239916
1554.8276934363926,0.09181353449821472,1553.566,0.00037446756020387273
1555.2932107098766,0.08442816883325577,1554.032,0.00037446756020387273
1555.7587279833604,0.06965743750333786,1554.499,0.00037446756020387273
1556.2242452568444,0.06562905013561249,1554.965,0.017054696732042296
1556.6897625303284,0.06898603588342667,1555.424,0.009089082170730456
1557.1552798038124,0.026016632094979286,1555.89,0.00037446756020387273
1557.6207970772962,-0.03642328456044197,1556.355,0.01562501066422195
1558.0863143507802,-0.08107118308544159,1556.821,0.01998231796948524
1558.5518316242642,-0.1116197481751442,1557.284,0.014876075543814093
1559.0173488977482,-0.12941177189350128,1557.754,0.009089082170730456
1559.482866171232,-0.11715877056121826,1558.217,0.012697389426779004
1559.948383444716,-0.11917296051979065,1558.679,0.011267703358958658
1560.4139007182,-0.1592889279127121,1559.147,0.008340082121515713
1560.8794179916838,-0.1908445805311203,1559.609,0.006910460982502253
1561.3449352651678,-0.1921873837709427,1560.075,0.019233382849077385
1561.8104525386518,-0.1769130975008011,1560.545,0.05266209029455626
1562.2759698121358,-0.143175408244133,1561.004,0.13252311307069486
1562.7414870856196,-0.09718471020460129,1561.469,0.00037446756020387273
1563.2070043591036,-0.08610665798187256,1561.935,0.026518246462976625
1563.6725216325876,-0.08812084794044495,1562.4,0.030875553768239916
1564.1380389060716,-0.06932173669338226,1562.865,0.00037446756020387273
1564.6035561795554,-0.03440909460186958,1563.332,0.010518768238550802
1565.0690734530394,0.006546120624989271,1563.798,0.002553153677239073
1565.5345907265234,0.06747539341449738,1564.266,0.017054696732042296
1566.0001080000075,0.10423437505960464,1564.728,0.01562501066422195
1566.4656252734912,0.0951705202460289,1565.191,0.01562501066422195
1566.9311425469753,0.0787212923169136,1565.661,0.04394747568402979
1567.3966598204593,0.0790569931268692,1566.121,0.036662547141323554
1567.862177093943,0.08979934453964233,1566.591,0.00616146093328751
1568.327694367427,0.10171663761138916,1567.049,0.01562501066422195
1568.793211640911,0.10977340489625931,1567.514,0.004731774865467164
1569.258728914395,0.11329823732376099,1567.98,0.05409177636237661
1569.7242461878789,0.13545434176921844,1568.447,0.2596337327929134
1570.1897634613629,0.16566720604896545,1568.913,0.003982839745059419
1570.6552807348469,0.14854657649993896,1569.377,0.0018041536280242187
1571.120798008331,0.10859845578670502,1569.843,0.008340082121515713
1571.5863152818147,0.08711375296115875,1570.309,0.00037446756020387273
1572.0518325552987,0.07771419733762741,1570.775,0.009089082170730456
1572.5173498287827,0.06965743750333786,1571.236,0.012697389426779004
1572.9828671022665,0.07804989814758301,1571.705,0.05627039755060481
1573.4483843757505,0.06160067021846771,1572.169,0.024339625274748422
1573.9139016492345,0.0021820401307195425,1572.631,0.003982839745059419
1574.3794189227185,-0.05522239953279495,1573.097,0.024339625274748422
1574.8449361962023,-0.08812084794044495,1573.561,0.00037446756020387273
1575.3104534696863,-0.110948346555233,1574.027,0.11727256996667679
1575.7759707431703,-0.11665522307157516,1574.495,0.019233382849077385
1576.2414880166543,-0.10624857246875763,1574.96,0.00037446756020387273
1576.707005290138,-0.13344015181064606,1575.42,0.010518768238550802
1577.1725225636221,-0.17338827252388,1575.886,0.024339625274748422
1577.6380398371061,-0.1881590038537979,1576.35,0.00037446756020387273
1578.1035571105901,-0.18278782069683075,1576.816,0.050483404177521174
1578.569074384074,-0.16700999438762665,1577.284,0.02794793253079697
1579.034591657558,-0.12185855209827423,1577.746,0.00616146093328751
1579.500108931042,-0.08778515458106995,1578.21,0.01562501066422195
1579.9656262045257,-0.08812084794044495,1578.68,0.028696932580011714
1580.4311434780097,-0.08476386964321136,1579.143,0.012697389426779004
1580.8966607514938,-0.059250783175230026,1579.605,0.04319847563481494
1581.3621780249778,-0.024338139221072197,1580.071,0.00037446756020387273
1581.8276952984615,0.009903104975819588,1580.535,0.00616146093328751
1582.2932125719456,0.035919737070798874,1581.001,0.14123772768122134
1582.7587298454296,0.054718852043151855,1581.465,0.01562501066422195
1583.2242471189136,0.08644235879182816,1581.931,0.028696932580011714
1583.6897643923974,0.1267261803150177,1582.396,0.026518246462976625
1584.1552816658814,0.12252994626760483,1582.862,0.01998231796948524
1584.6207989393654,0.09819180518388748,1583.328,0.00037446756020387273
1585.0863162128494,0.09282062947750092,1583.794,0.00037446756020387273
1585.5518334863332,0.10289158672094345,1584.258,0.04394747568402979
1586.0173507598172,0.11900511384010315,1584.72,0.009089082170730456
1586.4828680333012,0.15156786143779755,1585.188,0.00037446756020387273
1586.948385306785,0.1602960228919983,1585.65,0.01780369678125704
1587.413902580269,0.1273975670337677,1586.118,0.024339625274748422
1587.879419853753,0.0958419144153595,1586.58,0.00037446756020387273
1588.344937127237,0.08308537304401398,1587.045,0.01998231796948524
1588.8104544007208,0.07502861320972443,1587.51,0.03448392595309535
1589.2759716742048,0.07570000737905502,1587.976,0.01998231796948524
1589.7414889476888,0.08039978891611099,1588.443,0.00037446756020387273
1590.2070062211728,0.042130161076784134,1588.908,0.02216100408652033
1590.6725234946566,-0.01896696351468563,1589.373,0.008340082121515713
1591.1380407681406,-0.06529335677623749,1589.838,0.00616146093328751
1591.6035580416246,-0.0955062210559845,1590.299,0.24363422210408414
1592.0690753151086,-0.11699092388153076,1590.768,0.011267703358958658
1592.5345925885924,-0.10926985740661621,1591.229,0.03230523983606026
1593.0001098620764,-0.10994125157594681,1591.698,0.00037446756020387273
1593.4656271355605,-0.14535744488239288,1592.166,0.002553153677239073
1593.9311444090442,-0.17875944077968597,1592.628,0.00037446756020387273
1594.3966616825282,-0.1908445805311203,1593.093,0.00037446756020387273
1594.8621789560123,-0.18648050725460052,1593.557,0.00037446756020387273
1595.3276962294963,-0.17405965924263,1594.022,0.028696932580011714
1595.79321350298,-0.15626764297485352,1594.487,0.010518768238550802
1596.258730776464,-0.13310444355010986,1594.953,0.002553153677239073
1596.724248049948,-0.08610665798187256,1595.417,0.004731774865467164
1597.189765323432,-0.02534523606300354,1595.883,0.02794793253079697
1597.6552825969159,-0.007553216069936752,1596.348,0.017054696732042296
1598.1207998703999,-0.009735256433486938,1596.813,0.012697389426779004
1598.586317143884,0.009063859470188618,1597.276,0.02794793253079697
1599.051834417368,0.03978027030825615,1597.746,0.02794793253079697
1599.5173516908517,0.06764324754476547,1598.206,0.01998231796948524
1599.9828689643357,0.110948346555233,1598.676,0.006910460982502253
1600.4483862378197,0.13125810027122498,1599.136,0.02216100408652033
1600.9139035113035,0.10926985740661621,1599.605,0.0649850121611314
1601.3794207847875,0.09114214032888412,1600.064,0.00616146093328751
1601.8449380582715,0.09651331603527069,1600.535,0.00037446756020387273
1602.3104553317555,0.10926985740661621,1601.0,0.00037446756020387273
1602.7759726052393,0.13243305683135986,1601.465,0.01998231796948524
1603.2414898787233,0.1602960228919983,1601.931,0.012697389426779004
1603.7070071522073,0.1445181965827942,1602.391,0.00616146093328751
1604.1725244256913,0.10859845578670502,1602.856,0.02794793253079697
1604.6380416991751,0.08979934453964233,1603.321,0.00037446756020387273
1605.1035589726591,0.08308537304401398,1603.787,0.02794793253079697
1605.5690762461431,0.0783855989575386,1604.255,0.04319847563481494
1606.034593519627,0.08979934453964233,1604.717,0.004731774865467164
1606.500110793111,0.08090333640575409,1605.18,0.050483404177521174
1606.965628066595,0.02870221994817257,1605.65,0.009089082170730456
1607.431145340079,-0.026016632094979286,1606.11,0.03448392595309535
1607.8966626135627,-0.0641184076666832,1606.58,0.019233382849077385
1608.3621798870468,-0.0951705202460289,1607.045,0.002553153677239073
1608.8276971605308,-0.12303349375724792,1607.51,0.00037446756020387273
1609.2932144340148,-0.143846794962883,1607.975,0.0606277048558681
1609.7587317074986,-0.1599603295326233,1608.44,0.025769311342568768
1610.2242489809826,-0.15391775965690613,1608.906,0.008340082121515713
1610.6897662544666,-0.13041886687278748,1609.365,0.050483404177521174
1611.1552835279506,-0.14653238654136658,1609.831,0.00616146093328751
1611.6208008014344,-0.1754024624824524,1610.303,0.00037446756020387273
1612.0863180749184,-0.1747310608625412,1610.761,0.00616146093328751
1612.5518353484024,-0.15123216807842255,1611.224,0.002553153677239073
1613.0173526218862,-0.11833371222019196,1611.694,0.028696932580011714
1613.4828698953702,-0.0632791668176651,1612.155,0.017054696732042296
1613.9483871688542,-0.024338139221072197,1612.624,0.002553153677239073
1614.4139044423382,-0.02232394926249981,1613.09,0.01780369678125704
1614.879421715822,-0.01359578873962164,1613.552,0.00037446756020387273
1615.344938989306,0.01594567857682705,1614.018,0.00037446756020387273
1615.81045626279,0.045487143099308014,1614.483,0.02794793253079697
1616.275973536274,0.0790569931268692,1614.949,0.026518246462976625
1616.7414908097578,0.11900511384010315,1615.413,0.009089082170730456
1617.2070080832418,0.11531242728233337,1615.879,0.009089082170730456
1617.6725253567258,0.09114214032888412,1616.339,0.019233382849077385
1618.1380426302098,0.08744945377111435,1616.805,0.004731774865467164
1618.6035599036936,0.09987030178308487,1617.273,0.08241417645337756
1619.0690771771776,0.11665522307157516,1617.735,0.009089082170730456
1619.5345944506616,0.15022507309913635,1618.206,0.012697389426779004
1620.0001117241454,0.16600289940834045,1618.668,0.00037446756020387273
1620.4656289976294,0.14082551002502441,1619.129,0.00037446756020387273
1620.9311462711134,0.10960555076599121,1619.598,0.014876075543814093
1621.3966635445975,0.08979934453964233,1620.064,0.006910460982502253
1621.8621808180812,0.07771419733762741,1620.528,0.00037446756020387273
1622.3276980915653,0.0629434660077095,1620.994,0.002553153677239073
1622.7932153650493,0.04615854099392891,1621.458,0.03448392595309535
1623.2587326385333,0.025848783552646637,1621.924,0.009089082170730456
1623.724249912017,0.018631266430020332,1622.391,0.004731774865467164
1624.189767185501,0.01728847250342369,1622.849,0.00037446756020387273
1624.655284458985,-0.029709314927458763,1623.314,0.0374115471905383
1625.120801732469,-0.0955062210559845,1623.78,0.028696932580011714
1625.5863190059529,-0.13612572848796844,1624.25,0.04612609687225788
1626.0518362794369,-0.15324635803699493,1624.712,0.010518768238550802
1626.517353552921,-0.1579461395740509,1625.18,0.003982839745059419
1626.9828708264047,-0.13713282346725464,1625.642,0.017054696732042296
1627.4483880998887,-0.13209734857082367,1626.114,0.00037446756020387273
1627.9139053733727,-0.16499580442905426,1626.569,0.00037446756020387273
1628.3794226468567,-0.18614481389522552,1627.034,0.009089082170730456
1628.8449399203405,-0.1754024624824524,1627.502,0.004731774865467164
1629.3104571938245,-0.14753948152065277,1627.968,0.00616146093328751
1629.7759744673085,-0.10356298089027405,1628.432,0.002553153677239073
1630.2414917407925,-0.047837033867836,1628.898,0.010518768238550802
1630.7070090142763,-0.02870221994817257,1629.365,0.04319847563481494
1631.1725262877603,-0.02836652100086212,1629.824,0.05409177636237661
1631.6380435612443,-0.010910200886428356,1630.291,0.00037446756020387273
1632.1035608347283,0.019974060356616974,1630.761,0.011267703358958658
1632.5690781082121,0.051865413784980774,1631.224,0.024339625274748422
1633.0345953816961,0.09852750599384308,1631.687,0.01998231796948524
1633.5001126551801,0.12269779294729233,1632.155,0.026518246462976625
1633.965629928664,0.10624857246875763,1632.617,0.036662547141323554
1634.431147202148,0.08979934453964233,1633.083,0.054840711482784466
1634.896664475632,0.09181353449821472,1633.545,0.009089082170730456
1635.362181749116,0.09987030178308487,1634.011,0.009089082170730456
1635.8276990225997,0.10524147748947144,1634.476,0.00037446756020387273
1636.2932162960838,0.10859845578670502,1634.942,0.00037446756020387273
1636.7587335695678,0.11363393813371658,1635.407,0.04537716175185014
1637.2242508430518,0.13209734857082367,1635.872,0.012697389426779004
1637.6897681165356,0.15626764297485352,1636.339,0.011267703358958658
1638.1552853900196,0.13142596185207367,1636.805,0.009089082170730456
1638.6208026635036,0.08577096462249756,1637.266,0.009089082170730456
1639.0863199369874,0.05824368819594383,1637.735,0.011267703358958658
1639.5518372104714,0.04280155524611473,1638.195,0.0018041536280242187
1640.0173544839554,0.028870070353150368,1638.665,0.01780369678125704
1640.4828717574394,0.0317235067486763,1639.128,0.0018041536280242187
1640.9483890309232,0.011581597849726677,1639.591,0.01998231796948524
1641.4139063044072,-0.048676278442144394,1640.057,0.003982839745059419
1641.8794235778912,-0.10356298089027405,1640.521,0.01998231796948524
1642.3449408513752,-0.13176165521144867,1640.987,0.009089082170730456
1642.810458124859,-0.14821088314056396,1641.454,0.003982839745059419
1643.275975398343,-0.14552529156208038,1641.919,0.1129152626614136
1643.741492671827,-0.1290760636329651,1642.384,0.057019397599819555
1644.207009945311,-0.14821088314056396,1642.85,0.024339625274748422
1644.6725272187948,-0.18043793737888336,1643.31,0.0395901683787665
1645.1380444922788,-0.18379491567611694,1643.776,0.009089082170730456
1645.6035617657628,-0.16331730782985687,1644.239,0.15723720590564727
1646.0690790392466,-0.13310444355010986,1644.709,0.0018041536280242187
1646.5345963127306,-0.07687494903802872,1645.172,0.002553153677239073
1647.0001135862146,-0.03440909460186958,1645.635,0.017054696732042296
1647.4656308596986,-0.029709314927458763,1646.101,0.004731774865467164
1647.9311481331824,-0.02517738565802574,1646.566,0.010518768238550802
1648.3966654066664,-0.0018463416490703821,1647.032,0.010518768238550802
1648.8621826801505,0.02870221994817257,1647.499,0.00037446756020387273
1649.3276999536345,0.05220111459493637,1647.965,0.02216100408652033
1649.7932172271182,0.06562905013561249,1648.424,0.028696932580011714
1650.2587345006023,0.07704280316829681,1648.89,0.01998231796948524
1650.7242517740863,0.10524147748947144,1649.354,0.02216100408652033
1651.1897690475703,0.1448538899421692,1649.82,0.00037446756020387273
1651.655286321054,0.13813991844654083,1650.284,0.002553153677239073
1652.120803594538,0.10960555076599121,1650.753,0.01562501066422195
1652.586320868022,0.10188449174165726,1651.217,0.017054696732042296
1653.0518381415059,0.10826276242733002,1651.679,0.004731774865467164
1653.5173554149899,0.11631952226161957,1652.151,0.008340082121515713
1653.982872688474,0.1426718533039093,1652.613,0.00037446756020387273
1654.448389961958,0.14619669318199158,1653.078,0.010518768238550802
1654.9139072354417,0.10725566744804382,1653.541,0.050483404177521174
1655.3794245089257,0.07301442325115204,1654.007,0.009089082170730456
1655.8449417824097,0.05891508236527443,1654.472,0.003982839745059419
1656.3104590558937,0.04951552674174309,1654.938,0.011267703358958658
1656.7759763293775,0.04615854099392891,1655.403,0.01562501066422195
1657.2414936028615,0.045487143099308014,1655.869,0.00037446756020387273
1657.7070108763455,-0.0015106431674212217,1656.335,0.030875553768239916
1658.1725281498295,-0.06613259762525558,1656.801,0.004731774865467164
1658.6380454233133,-0.1102769523859024,1657.263,0.002553153677239073
1659.1035626967973,-0.13310444355010986,1657.725,0.00037446756020387273
1659.5690799702813,-0.1421683132648468,1658.196,0.00037446756020387273
1660.0345972437651,-0.1257190853357315,1658.658,0.010518768238550802
1660.5001145172491,-0.12135500460863113,1659.121,0.036662547141323554
1660.9656317907331,-0.15190356969833374,1659.584,0.00616146093328751
1661.4311490642172,-0.1770809441804886,1660.049,0.03230523983606026
1661.896666337701,-0.17741665244102478,1660.514,0.006910460982502253
1662.362183611185,-0.16264592111110687,1660.98,0.04755578294007823
1662.827700884669,-0.14082551002502441,1661.446,0.009089082170730456
1663.293218158153,-0.11464103311300278,1661.912,0.00037446756020387273
1663.7587354316368,-0.08610665798187256,1662.376,0.00037446756020387273
1664.2242527051208,-0.03776608034968376,1662.842,0.0018041536280242187
1664.6897699786048,0.023331044241786003,1663.309,0.008340082121515713
1665.1552872520886,0.038773175328969955,1663.775,0.009089082170730456
1665.6208045255726,0.032730601727962494,1664.236,0.00616146093328751
1666.0863217990566,0.04179446026682854,1664.705,0.01998231796948524
1666.5518390725406,0.059586480259895325,1665.169,0.024339625274748422
1667.0173563460244,0.08039978891611099,1665.631,0.01998231796948524
1667.4828736195084,0.12252994626760483,1666.097,0.009089082170730456
1667.9483908929924,0.14048981666564941,1666.56,0.00037446756020387273
1668.4139081664764,0.11531242728233337,1667.025,0.00616146093328751
1668.8794254399602,0.0958419144153595,1667.491,0.003982839745059419
1669.3449427134442,0.09752041101455688,1667.957,0.01780369678125704
1669.8104599869282,0.10591287165880203,1668.421,0.010518768238550802
1670.2759772604122,0.12303349375724792,1668.887,0.006910460982502253
1670.741494533896,0.14720378816127777,1669.354,0.00037446756020387273
1671.20701180738,0.1257190853357315,1669.819,0.08895010494686895
1671.672529080864,0.08308537304401398,1670.28,0.006910460982502253
1672.1380463543478,0.06025787815451622,1670.75,0.006910460982502253
1672.6035636278318,0.0481727309525013,1671.213,0.00037446756020387273
1673.0690809013158,0.03474479168653488,1671.676,0.00616146093328751
1673.5345981747998,0.040451668202877045,1672.144,0.011267703358958658
1674.0001154482836,0.026352331042289734,1672.606,0.003982839745059419
1674.4656327217676,-0.031052108854055405,1673.072,0.028696932580011714
1674.9311499952516,-0.08845654875040054,1673.535,0.011267703358958658
1675.3966672687357,-0.1250476837158203,1674.001,0.026518246462976625
1675.8621845422194,-0.14619669318199158,1674.466,0.054840711482784466
1676.3277018157034,-0.1599603295326233,1674.931,0.00037446756020387273
1676.7932190891875,-0.17103837430477142,1675.398,0.036662547141323554
1677.2587363626715,-0.17909513413906097,1675.864,0.0018041536280242187
1677.7242536361553,-0.16398870944976807,1676.329,0.038841168329551756
1678.1897709096393,-0.13260090351104736,1676.795,0.006910460982502253
1678.6552881831233,-0.13780422508716583,1677.258,0.04755578294007823
1679.120805456607,-0.15458914637565613,1677.72,0.006910460982502253
1679.586322730091,-0.14787517488002777,1678.188,0.024339625274748422
1680.051840003575,-0.11917296051979065,1678.651,0.036662547141323554
1680.517357277059,-0.07570000737905502,1679.114,0.009089082170730456
1680.9828745505429,-0.008896009996533394,1679.584,0.00037446756020387273
1681.4483918240269,0.03474479168653488,1680.049,0.00616146093328751
1681.913909097511,0.03340199962258339,1680.509,0.009089082170730456
1682.379426370995,0.03541618958115578,1680.975,0.011267703358958658
1682.8449436444787,0.05220111459493637,1681.443,0.15505858471741907
1683.3104609179627,0.06831464171409607,1681.908,0.026518246462976625
1683.7759781914467,0.0961776152253151,1682.373,0.01998231796948524
1684.2414954649307,0.13679713010787964,1682.839,0.003982839745059419
1684.7070127384145,0.13511863350868225,1683.303,0.003982839745059419
1685.1725300118985,0.10926985740661621,1683.769,0.011267703358958658
1685.6380472853825,0.10238803923130035,1684.232,0.00037446756020387273
1686.1035645588663,0.10792706161737442,1684.695,0.01562501066422195
1686.5690818323503,0.11799801886081696,1685.165,0.05627039755060481
1687.0345991058343,0.15022507309913635,1685.627,0.004731774865467164
1687.5001163793183,0.16096742451190948,1686.093,0.02359062522553368
1687.9656336528021,0.1263904720544815,1686.556,0.00037446756020387273
1688.4311509262861,0.08845654875040054,1687.022,0.01780369678125704
1688.8966681997701,0.06697184592485428,1687.487,0.013446389475993747
1689.3621854732542,0.05018692463636398,1687.953,0.00037446756020387273
1689.827702746738,0.029373617842793465,1688.417,0.02216100408652033
1690.293220020222,0.004531929735094309,1688.883,0.013446389475993747
1690.758737293706,-0.022995345294475555,1689.348,0.003982839745059419
1691.22425456719,-0.034073397517204285,1689.813,0.01998231796948524
1691.6897718406738,-0.03508049249649048,1690.276,0.01998231796948524
1692.1552891141578,-0.0797283872961998,1690.746,0.026518246462976625
1692.6208063876418,-0.13579003512859344,1691.206,0.02794793253079697
1693.0863236611256,-0.16499580442905426,1691.676,0.00037446756020387273
1693.5518409346096,-0.17338827252388,1692.136,0.00037446756020387273
1694.0173582080936,-0.17221331596374512,1692.599,0.00037446756020387273
1694.4828754815776,-0.14720378816127777,1693.064,0.006910460982502253
1694.9483927550614,-0.13511863350868225,1693.535,0.006910460982502253
1695.4139100285454,-0.15190356969833374,1693.994,0.00037446756020387273
1695.8794273020294,-0.15660333633422852,1694.459,0.05191309024534152
1696.3449445755134,-0.13998626172542572,1694.925,0.00037446756020387273
1696.8104618489972,-0.110948346555233,1695.391,0.00037446756020387273
1697.2759791224812,-0.06025787815451622,1695.856,0.0018041536280242187
1697.7414963959652,0.006210422143340111,1696.321,0.01562501066422195
1698.207013669449,0.0317235067486763,1696.787,0.00037446756020387273
1698.672530942933,0.029373617842793465,1697.255,0.00037446756020387273
1699.138048216417,0.03810177743434906,1697.717,0.01562501066422195
1699.603565489901,0.05421530455350876,1698.18,0.028696932580011714
1700.0690827633848,0.07351797074079514,1698.65,0.02216100408652033
1700.5346000368688,0.11732661724090576,1699.11,0.39253134588821564
1701.0001173103528,0.1445181965827942,1699.58,0.004731774865467164
1701.4656345838368,0.1273975670337677,1700.046,0.00037446756020387273
1701.9311518573206,0.10624857246875763,1700.51,0.019233382849077385
1702.3966691308046,0.10222018510103226,1700.976,0.00037446756020387273
1702.8621864042887,0.10624857246875763,1701.435,0.036662547141323554
1703.3277036777727,0.10725566744804382,1701.901,0.003982839745059419
1703.7932209512564,0.10457007586956024,1702.365,0.02794793253079697
1704.2587382247405,0.10188449174165726,1702.831,0.003982839745059419
1704.7242554982245,0.11598382890224457,1703.299,0.00037446756020387273
1705.1897727717082,0.13511863350868225,1703.761,0.003982839745059419
1705.6552900451923,0.10423437505960464,1704.228,0.009089082170730456
1706.1208073186763,0.05085831880569458,1704.691,0.03448392595309535
1706.5863245921603,0.015274280682206154,1705.158,0.038841168329551756
1707.051841865644,-0.00553902518004179,1705.62,0.00037446756020387273
1707.517359139128,-0.02366674318909645,1706.086,0.030875553768239916
1707.982876412612,-0.021652551367878914,1706.556,0.009089082170730456
1708.448393686096,-0.043472953140735626,1707.014,0.002553153677239073
1708.9139109595799,-0.10524147748947144,1707.481,0.00037446756020387273
1709.379428233064,-0.15240710973739624,1707.946,0.0018041536280242187
1709.844945506548,-0.16935987770557404,1708.413,0.009089082170730456
1710.310462780032,-0.1757381558418274,1708.879,0.012697389426779004
1710.7759800535157,-0.16331730782985687,1709.339,0.00037446756020387273
1711.2414973269997,-0.13478294014930725,1709.804,0.036662547141323554
1711.7070146004837,-0.1418326050043106,1710.273,0.0374115471905383
1712.1725318739675,-0.1604638695716858,1710.735,0.011267703358958658
1712.6380491474515,-0.15391775965690613,1711.202,0.04612609687225788
1713.1035664209355,-0.1290760636329651,1711.664,0.02794793253079697
1713.5690836944195,-0.0948348194360733,1712.132,0.033054239885275005
1714.0346009679033,-0.03340199962258339,1712.594,0.004731774865467164
1714.5001182413873,0.015274280682206154,1713.061,0.00037446756020387273
1714.9656355148713,0.025009537115693092,1713.524,0.002553153677239073
1715.4311527883553,0.02836652100086212,1713.989,0.012697389426779004
1715.8966700618391,0.042130161076784134,1714.455,0.011267703358958658
1716.3621873353231,0.06210421770811081,1714.92,0.002553153677239073
1716.8277046088072,0.07570000737905502,1715.385,0.004731774865467164
1717.2932218822912,0.08308537304401398,1715.85,0.004731774865467164
1717.758739155775,0.09047073870897293,1716.317,0.0018041536280242187
1718.224256429259,0.11833371222019196,1716.782,0.00037446756020387273
1718.689773702743,0.1574425846338272,1717.25,0.00037446756020387273
1719.1552909762268,0.14871442317962646,1717.713,0.003982839745059419
1719.6208082497108,0.11866941303014755,1718.18,0.017054696732042296
1720.0863255231948,0.10859845578670502,1718.643,0.03012661864783206
1720.5518427966788,0.10994125157594681,1719.114,0.02794793253079697
1721.0173600701626,0.11245898902416229,1719.576,0.003982839745059419
1721.4828773436466,0.13411153852939606,1720.034,0.019233382849077385
1721.9483946171306,0.13209734857082367,1720.499,0.009089082170730456
1722.4139118906146,0.08711375296115875,1720.965,0.00037446756020387273
1722.8794291640984,0.045151446014642715,1721.432,0.00037446756020387273
1723.3449464375824,0.018631266430020332,1721.897,0.006910460982502253
1723.8104637110664,-0.004867628216743469,1722.363,0.01998231796948524
1724.2759809845504,-0.01896696351468563,1722.828,0.00037446756020387273
1724.7414982580342,-0.02366674318909645,1723.291,0.030875553768239916
1725.2070155315182,-0.06663614511489868,1723.76,0.024339625274748422
1725.6725328050022,-0.12404058873653412,1724.221,0.006910460982502253
1726.138050078486,-0.15660333633422852,1724.691,0.010518768238550802
1726.60356735197,-0.16734568774700165,1725.151,0.00037446756020387273
1727.069084625454,-0.16935987770557404,1725.621,0.012697389426779004
1727.534601898938,-0.14586098492145538,1726.079,0.00037446756020387273
1728.0001191724218,-0.12991531193256378,1726.549,0.04755578294007823
1728.4656364459058,-0.14518959820270538,1727.014,0.00037446756020387273
1728.9311537193898,-0.1586175262928009,1727.475,0.05627039755060481
1729.3966709928739,-0.15190356969833374,1727.942,0.01562501066422195
1729.8621882663576,-0.1272297203540802,1728.406,0.02216100408652033
1730.3277055398416,-0.0955062210559845,1728.872,0.00037446756020387273
1730.7932228133257,-0.0626077651977539,1729.336,0.00616146093328751
1731.2587400868094,-0.029037918895483017,1729.802,0.004731774865467164
1731.7242573602934,0.022659648209810257,1730.265,0.00616146093328751
1732.1897746337775,0.0797283872961998,1730.734,0.008340082121515713
1732.6552919072615,0.08509956300258636,1731.195,0.08023555526514936
1733.1208091807453,0.06747539341449738,1731.665,0.030875553768239916
1733.5863264542293,0.06697184592485428,1732.128,0.013446389475993747
1734.0518437277133,0.0797283872961998,1732.591,0.004731774865467164
1734.5173610011973,0.09752041101455688,1733.056,0.012697389426779004
1734.982878274681,0.13545434176921844,1733.52,0.0018041536280242187
1735.448395548165,0.15291066467761993,1733.986,0.019233382849077385
1735.913912821649,0.1280689686536789,1734.45,0.00616146093328751
1736.379430095133,0.10691996663808823,1734.916,0.008340082121515713
1736.8449473686169,0.10389868170022964,1735.384,0.0018041536280242187
1737.310464642101,0.10708781331777573,1735.849,0.00037446756020387273
1737.775981915585,0.12202639877796173,1736.314,0.00616146093328751
1738.2414991890687,0.14552529156208038,1736.78,0.036662547141323554
1738.7070164625527,0.12068360298871994,1737.243,0.004731774865467164
1739.1725337360367,0.06965743750333786,1737.705,0.009089082170730456
1739.6380510095207,0.034073397517204285,1738.173,0.00037446756020387273
1740.1035682830045,0.01191729586571455,1738.635,0.00616146093328751
1740.5690855564885,-0.006210422143340111,1739.101,0.009089082170730456
1741.0346028299725,-0.006210422143340111,1739.566,0.033054239885275005
1741.5001201034565,-0.024841688573360443,1740.032,0.030875553768239916
1741.9656373769403,-0.08107118308544159,1740.499,0.0374115471905383
1742.4311546504243,-0.13109025359153748,1740.964,0.07880586919732901
1742.8966719239083,-0.1572747379541397,1741.428,0.009089082170730456
1743.3621891973924,-0.17070268094539642,1741.894,0.0018041536280242187
1743.8277064708761,-0.17909513413906097,1742.359,0.038841168329551756
1744.2932237443601,-0.18211641907691956,1742.825,0.013446389475993747
1744.7587410178442,-0.17875944077968597,1743.287,0.002553153677239073
1745.224258291328,-0.14854657649993896,1743.749,0.00037446756020387273
1745.689775564812,-0.10289158672094345,1744.217,0.03230523983606026
1746.155292838296,-0.09953460097312927,1744.679,0.003982839745059419
1746.62081011178,-0.1102769523859024,1745.15,0.012697389426779004
1747.0863273852638,-0.095674067735672,1745.613,0.004731774865467164
1747.5518446587478,-0.06160067021846771,1746.079,0.002553153677239073
1748.0173619322318,-0.018295567482709885,1746.542,0.002553153677239073
1748.4828792057158,0.0471656359732151,1747.008,0.05627039755060481
1748.9483964791996,0.08543526381254196,1747.473,0.06573394728153925
1749.4139137526836,0.07351797074079514,1747.938,0.006910460982502253
1749.8794310261676,0.06193637102842331,1748.403,0.010518768238550802
1750.3449482996516,0.06881818920373917,1748.868,0.033054239885275005
1750.8104655731354,0.08241397887468338,1749.335,0.00037446756020387273
1751.2759828466194,0.10859845578670502,1749.794,0.008340082121515713
1751.7415001201034,0.14686807990074158,1750.262,0.050483404177521174
1752.2070173935872,0.1420004516839981,1750.724,0.00037446756020387273
1752.6725346670712,0.11464103311300278,1751.195,0.006910460982502253
1753.1380519405552,0.10389868170022964,1751.657,0.02359062522553368
1753.6035692140392,0.10624857246875763,1752.125,0.00037446756020387273
1754.069086487523,0.1119554415345192,1752.588,0.017054696732042296
1754.534603761007,0.13612572848796844,1753.053,0.00037446756020387273
1755.000121034491,0.0,1753.52,0.004731774865467164
1755.465638307975,0.0,1753.979,0.011267703358958658
1755.9311555814588,0.0,1754.451,0.008340082121515713
1756.3966728549428,0.0,1754.909,0.05409177636237661
1756.8621901284268,0.0,1755.376,0.004731774865467164
1757.3277074019106,0.0,1755.842,0.00037446756020387273
1757.7932246753946,0.0,1756.31,0.008340082121515713
1758.2587419488787,0.0,1756.775,0.0018041536280242187
1758.7242592223627,0.0,1757.236,0.010518768238550802
1759.1897764958464,0.0,1757.706,0.00037446756020387273
1759.6552937693305,0.0,1758.169,0.00616146093328751
1760.1208110428145,0.0,1758.631,0.00037446756020387273
1760.5863283162985,0.0,1759.097,0.003982839745059419
1761.0518455897823,0.0,1759.561,0.003982839745059419
1761.5173628632663,0.0,1760.026,0.019233382849077385
1761.9828801367503,0.0,1760.491,0.010518768238550802
1762.4483974102343,0.0,1760.957,0.017054696732042296
1762.913914683718,0.0,1761.421,0.00037446756020387273
1763.379431957202,0.0,1761.886,0.0018041536280242187
1763.844949230686,0.0,1762.35,0.02794793253079697
1764.3104665041699,0.0,1762.816,0.00037446756020387273
1764.775983777654,0.0,1763.283,0.038841168329551756
1765.241501051138,0.0,1763.746,0.24363422210408414
1765.707018324622,0.0,1764.21,0.012697389426779004
1766.1725355981057,0.0,1764.679,0.009089082170730456
1766.6380528715897,0.0,1765.14,0.02216100408652033
1767.1035701450737,0.0,1765.609,0.01998231796948524
1767.5690874185577,0.0,1766.075,0.16813050663320894
1768.0346046920415,0.0,1766.538,0.019233382849077385
1768.5001219655255,0.0,1767.004,0.008340082121515713
1768.9656392390095,0.0,1767.469,0.03448392595309535
1769.4311565124935,0.0,1767.935,0.008340082121515713
1769.8966737859773,0.0,1768.4,0.008340082121515713
1770.3621910594613,0.0,1768.865,0.002553153677239073
1770.8277083329453,0.0,1769.325,0.017054696732042296
1771.2932256064291,0.0,1769.79,0.01562501066422195
1771.7587428799131,-5.492698669433594,1770.258,0.00037446756020387273
1772.2242601533972,-5.492866516113281,1770.72,0.01998231796948524
1772.6897774268812,-5.492698669433594,1771.184,0.004731774865467164
1773.155294700365,-5.492698669433594,1771.654,0.041019854446586845
1773.620811973849,-5.492866516113281,1772.117,0.025769311342568768
1774.086329247333,-5.492698669433594,1772.58,0.0018041536280242187
1774.551846520817,-5.492698669433594,1773.045,0.00037446756020387273
1775.0173637943008,-5.492698669433594,1773.51,0.009089082170730456
1775.4828810677848,-5.492866516113281,1773.976,0.004731774865467164
1775.9483983412688,-5.492530822753906,1774.443,0.025769311342568768
1776.4139156147528,-5.492698669433594,1774.909,0.00037446756020387273
1776.8794328882366,-5.492866516113281,1775.369,0.002553153677239073
1777.3449501617206,-5.492866516113281,1775.834,0.009089082170730456
1777.8104674352046,-5.492866516113281,1776.307,0.003982839745059419
1778.2759847086884,-5.492698669433594,1776.765,0.00616146093328751
1778.7415019821724,-5.492698669433594,1777.235,0.019233382849077385
1779.2070192556564,-5.492866516113281,1777.698,0.021412004037305588
1779.6725365291404,-5.492530822753906,1778.166,0.00037446756020387273
1780.1380538026242,-5.492698669433594,1778.627,0.0018041536280242187
1780.6035710761082,-5.492698669433594,1779.094,0.011267703358958658
1781.0690883495922,-5.492530822753906,1779.557,0.00037446756020387273
1781.5346056230762,-5.492698669433594,1780.022,0.011267703358958658
1782.00012289656,-5.492698669433594,1780.487,0.006910460982502253
1782.465640170044,-5.492698669433594,1780.953,0.00037446756020387273
1782.931157443528,-5.492866516113281,1781.42,0.009089082170730456
1783.396674717012,-5.492866516113281,1781.879,0.01562501066422195
1783.8621919904958,-5.492698669433594,1782.344,0.013446389475993747
1784.3277092639798,-5.493034362792969,1782.81,0.00616146093328751
1784.7932265374639,-5.492698669433594,1783.28,0.22477537174401763
1785.2587438109476,-5.492698669433594,1783.742,0.009089082170730456
1785.7242610844316,-5.492530822753906,1784.21,0.002553153677239073
1786.1897783579157,-5.492866516113281,1784.672,0.008340082121515713
1786.6552956313997,-5.492530822753906,1785.14,0.011267703358958658
1787.1208129048835,-5.492698669433594,1785.602,0.017054696732042296
1787.5863301783675,-5.492698669433594,1786.068,0.009089082170730456
1788.0518474518515,-5.492866516113281,1786.534,0.00037446756020387273
1788.5173647253355,-5.492530822753906,1787.0,0.017054696732042296
1788.9828819988193,-5.492530822753906,1787.465,0.004731774865467164
1789.4483992723033,-5.492698669433594,1787.931,0.003982839745059419
1789.9139165457873,-5.492698669433594,1788.395,0.0018041536280242187
1790.379433819271,-5.492698669433594,1788.854,0.04755578294007823
1790.844951092755,-5.492698669433594,1789.321,0.00037446756020387273
1791.310468366239,-5.492698669433594,1789.787,0.00037446756020387273
1791.775985639723,-5.492698669433594,1790.255,0.0374115471905383
1792.241502913207,-5.492866516113281,1790.717,0.01780369678125704
1792.707020186691,-5.492698669433594,1791.18,0.04973446905711343
1793.172537460175,-5.492866516113281,1791.65,0.01998231796948524
1793.638054733659,-5.492530822753906,1792.113,0.00037446756020387273
1794.1035720071427,-5.492698669433594,1792.575,0.019233382849077385
1794.5690892806267,-5.492866516113281,1793.041,0.008340082121515713
1795.0346065541107,-5.492866516113281,1793.506,0.017054696732042296
1795.5001238275947,-5.492698669433594,1793.972,0.00037446756020387273
1795.9656411010785,-5.492866516113281,1794.436,0.00037446756020387273
1796.4311583745625,-5.492866516113281,1794.902,0.002553153677239073
1796.8966756480465,-5.492698669433594,1795.369,0.025769311342568768
1797.3621929215303,-5.492698669433594,1795.835,0.011267703358958658
1797.8277101950143,-5.492698669433594,1796.298,0.002553153677239073
1798.2932274684983,-5.492530822753906,1796.76,0.00616146093328751
1798.7587447419824,-5.492866516113281,1797.228,0.01998231796948524
1799.2242620154661,-5.492698669433594,1797.691,0.00037446756020387273
1799.6897792889501,-5.492866516113281,1798.154,0.033054239885275005
1800.1552965624342,-5.492866516113281,1798.624,0.17030912782143703
1800.6208138359182,-5.492698669433594,1799.09,0.030875553768239916
1801.086331109402,-5.492698669433594,1799.553,0.03448392595309535
1801.551848382886,-5.492530822753906,1800.018,0.14634397010689248
1802.01736565637,-5.492530822753906,1800.483,0.00037446756020387273
1802.482882929854,-5.492866516113281,1800.949,0.06791263339857434
1802.9484002033378,-5.492530822753906,1801.414,0.036662547141323554
1803.4139174768218,-5.492698669433594,1801.879,0.002553153677239073
1803.8794347503058,-5.492698669433594,1802.339,0.012697389426779004
1804.3449520237896,-5.492530822753906,1802.805,0.010518768238550802
1804.8104692972736,-5.492698669433594,1803.273,0.01998231796948524
1805.2759865707576,-5.492530822753906,1803.735,0.002553153677239073
1805.7415038442416,-5.492866516113281,1804.206,0.009089082170730456
1806.2070211177254,-5.492698669433594,1804.668,0.009089082170730456
1806.6725383912094,-5.492698669433594,1805.129,0.036662547141323554
1807.1380556646934,-5.492530822753906,1805.598,0.00037446756020387273
1807.6035729381774,-5.492698669433594,1806.064,0.009089082170730456
1808.0690902116612,-5.492698669433594,1806.527,0.028696932580011714
1808.5346074851452,-5.492698669433594,1806.993,0.011267703358958658
1809.0001247586292,-5.492698669433594,1807.458,0.009089082170730456
1809.4656420321132,-5.492698669433594,1807.924,0.003982839745059419
1809.931159305597,-5.492866516113281,1808.384,0.008340082121515713
1810.396676579081,-5.492530822753906,1808.849,0.025769311342568768
1810.862193852565,-5.492698669433594,1809.314,0.011267703358958658
1811.3277111260488,-5.492866516113281,1809.78,0.00616146093328751
1811.7932283995328,-5.492866516113281,1810.25,0.01562501066422195
1812.2587456730168,-5.492530822753906,1810.713,0.00037446756020387273
1812.7242629465009,-5.492866516113281,1811.181,0.003982839745059419
1813.1897802199846,-5.492698669433594,1811.643,0.002553153677239073
1813.6552974934687,-5.492530822753906,1812.113,0.004731774865467164
1814.1208147669527,-5.492698669433594,1812.569,0.13470179918772995
1814.5863320404367,-5.492698669433594,1813.034,0.00037446756020387273
1815.0518493139205,-5.492530822753906,1813.499,0.004731774865467164
,,1813.966,0.008340082121515713
,,1814.432,0.025769311342568768
,,1814.898,0.003982839745059419
,,1815.365,0.02216100408652033
,,1815.831,0.012697389426779004
,,1816.291,0.014876075543814093
,,1816.754,0.03230523983606026
,,1817.224,0.05409177636237661
,,1817.687,0.01780369678125704
,,1818.154,0.00616146093328751
,,1818.616,0.009089082170730456
,,1819.082,0.002553153677239073
,,1819.544,0.004731774865467164
,,1820.01,0.01998231796948524
,,1820.476,0.00037446756020387273
,,1820.942,0.0374115471905383
,,1821.406,0.00037446756020387273
,,1821.871,0.004731774865467164
,,1822.336,0.04830478298929308
,,1822.802,0.025769311342568768
,,1823.265,0.009089082170730456
,,1823.735,0.024339625274748422
,,1824.196,0.01998231796948524
,,1824.666,0.009089082170730456
,,1825.128,0.00616146093328751
,,1825.591,0.00037446756020387273
,,1826.056,0.00616146093328751
,,1826.52,0.0018041536280242187
,,1826.986,0.04612609687225788
,,1827.452,0.0018041536280242187
,,1827.918,0.00037446756020387273
,,1828.385,0.04537716175185014
,,1828.85,0.00037446756020387273
,,1829.31,0.00037446756020387273
,,1829.775,0.004731774865467164
,,1830.239,0.07444856189206572
,,1830.709,0.009089082170730456
,,1831.169,0.06573394728153925
,,1831.639,0.009089082170730456
,,1832.11,0.004731774865467164
,,1832.564,0.03230523983606026
,,1833.03,0.010518768238550802
,,1833.494,0.00037446756020387273
,,1833.961,0.009089082170730456
,,1834.428,0.006910460982502253
,,1834.894,0.017054696732042296
,,1835.359,0.03448392595309535
,,1835.824,0.33295885953996407
,,1836.287,0.01780369678125704
,,1836.749,0.0374115471905383
,,1837.217,0.04319847563481494
,,1837.679,0.0018041536280242187
,,1838.147,0.009089082170730456
,,1838.61,0.006910460982502253
,,1839.076,0.017054696732042296
,,1839.546,0.004731774865467164
,,1840.004,0.026518246462976625
,,1840.469,0.030875553768239916
,,1840.934,0.017054696732042296
,,1841.406,0.012697389426779004
,,1841.864,0.009089082170730456
,,1842.329,0.003982839745059419
,,1842.795,0.012697389426779004
,,1843.265,0.003982839745059419
,,1843.727,0.002553153677239073
,,1844.195,0.00037446756020387273
,,1844.657,0.006910460982502253
,,1845.125,0.017054696732042296
,,1845.587,0.009089082170730456
,,1846.053,0.01562501066422195
,,1846.518,0.01562501066422195
,,1846.984,0.002553153677239073
,,1847.45,0.009089082170730456
,,1847.909,0.010518768238550802
,,1848.376,0.02216100408652033
,,1848.842,0.0018041536280242187
,,1849.306,0.004731774865467164
,,1849.772,0.008340082121515713
,,1850.24,0.03012661864783206
,,1850.703,0.02794793253079697
,,1851.165,0.02359062522553368
,,1851.635,0.00037446756020387273
,,1852.101,0.00037446756020387273
,,1852.559,0.004731774865467164
,,1853.025,0.008340082121515713
,,1853.491,0.1695601277722223
,,1853.957,0.00037446756020387273
,,1854.421,0.01998231796948524
,,1854.887,0.009089082170730456
,,1855.354,0.00037446756020387273
,,1855.82,0.009089082170730456
,,1856.284,0.00037446756020387273
,,1856.746,0.02216100408652033
,,1857.214,0.01780369678125704
,,1857.676,0.02359062522553368
,,1858.144,0.02794793253079697
,,1858.606,0.00037446756020387273
,,1859.071,0.004731774865467164
,,1859.535,0.00037446756020387273
,,1860.001,0.00616146093328751
,,1860.465,0.011267703358958658
,,1860.931,0.019233382849077385
,,1861.395,0.00037446756020387273
,,1861.861,0.011267703358958658
,,1862.326,0.00037446756020387273
,,1862.791,0.00037446756020387273
,,1863.254,0.04755578294007823
,,1863.724,0.041019854446586845
,,1864.184,0.00037446756020387273
,,1864.654,0.00037446756020387273
,,1865.114,0.01562501066422195
,,1865.584,0.009089082170730456
,,1866.05,0.02794793253079697
,,1866.509,0.01998231796948524
,,1866.975,0.010518768238550802
,,1867.44,0.008340082121515713
,,1867.906,0.019233382849077385
,,1868.373,0.00037446756020387273
,,1868.838,0.02216100408652033
,,1869.309,0.14341634886944954
,,1869.768,0.0875204838078556
,,1870.236,0.017054696732042296
,,1870.698,0.00037446756020387273
,,1871.165,0.00037446756020387273
,,1871.628,0.0374115471905383
,,1872.093,0.024339625274748422
,,1872.556,0.04612609687225788
,,1873.021,0.026518246462976625
,,1873.487,0.028696932580011714
,,1873.953,0.04830478298929308
,,1874.418,0.03230523983606026
,,1874.884,0.028696932580011714
,,1875.351,0.008340082121515713
,,1875.809,0.00037446756020387273
,,1876.277,0.009089082170730456
,,1876.739,0.009089082170730456
,,1877.21,0.04394747568402979
,,1877.672,0.0018041536280242187
,,1878.136,0.00037446756020387273
,,1878.605,0.00037446756020387273
,,1879.064,0.00037446756020387273
,,1879.535,0.00037446756020387273
,,1880.0,0.0018041536280242187
,,1880.465,0.011267703358958658
,,1880.93,0.009089082170730456
,,1881.396,0.025769311342568768
,,1881.854,0.01998231796948524
,,1882.321,0.02216100408652033
,,1882.787,0.00037446756020387273
,,1883.255,0.006910460982502253
,,1883.717,0.00616146093328751
,,1884.184,0.00037446756020387273
,,1884.646,0.00037446756020387273
,,1885.11,0.00616146093328751
,,1885.58,0.003982839745059419
,,1886.045,0.0018041536280242187
,,1886.51,0.02216100408652033
,,1886.975,0.010518768238550802
,,1887.435,0.01562501066422195
,,1887.901,0.02216100408652033
,,1888.365,0.008340082121515713
,,1888.831,0.002553153677239073
,,1889.304,0.01562501066422195
,,1889.763,0.01998231796948524
,,1890.225,0.026518246462976625
,,1890.695,0.019233382849077385
,,1891.158,0.00037446756020387273
,,1891.62,0.03012661864783206
,,1892.086,0.00616146093328751
,,1892.556,0.028696932580011714
,,1893.014,0.012697389426779004
,,1893.48,0.002553153677239073
,,1893.945,0.010518768238550802
,,1894.41,0.008340082121515713
,,1894.875,0.01562501066422195
,,1895.339,0.01780369678125704
,,1895.805,0.008340082121515713
,,1896.273,0.00037446756020387273
,,1896.735,0.01998231796948524
,,1897.206,0.00616146093328751
,,1897.668,0.028696932580011714
,,1898.132,0.008340082121515713
,,1898.595,0.01998231796948524
,,1899.06,0.00037446756020387273
,,1899.524,0.00037446756020387273
,,1899.989,0.008340082121515713
,,1900.454,0.025769311342568768
,,1900.92,0.024339625274748422
,,1901.384,0.033054239885275005
,,1901.85,0.003982839745059419
,,1902.317,0.011267703358958658
,,1902.782,0.00037446756020387273
,,1903.25,0.01998231796948524
,,1903.713,0.00037446756020387273
,,1904.176,0.006910460982502253
,,1904.639,0.009089082170730456
,,1905.106,0.00037446756020387273
,,1905.576,0.03448392595309535
,,1906.034,0.019233382849077385
,,1906.499,0.026518246462976625
,,1906.965,0.15287996352919087
,,1907.432,0.009089082170730456
,,1907.897,0.03012661864783206
,,1908.362,0.00037446756020387273
,,1908.827,0.00037446756020387273
,,1909.295,0.00037446756020387273
,,1909.758,0.009089082170730456
,,1910.221,0.02359062522553368
,,1910.684,0.009089082170730456
,,1911.154,0.017054696732042296
,,1911.617,0.017054696732042296
,,1912.082,0.04755578294007823
,,1912.545,0.024339625274748422
,,1913.01,0.009089082170730456
,,1913.476,0.025769311342568768
,,1913.942,0.01998231796948524
,,1914.407,0.003982839745059419
,,1914.872,0.06137663997627596
,,1915.339,0.030875553768239916
,,1915.805,0.012697389426779004
,,1916.269,0.00037446756020387273
,,1916.731,0.012697389426779004
,,1917.195,0.009089082170730456
,,1917.665,0.017054696732042296
,,1918.128,0.02794793253079697
,,1918.591,0.00037446756020387273
,,1919.056,0.0018041536280242187
,,1919.521,0.012697389426779004
,,1919.987,0.02794793253079697
,,1920.451,0.00037446756020387273
,,1920.917,0.2770629295495631
,,1921.383,0.03448392595309535
,,1921.849,0.008340082121515713
,,1922.313,0.00037446756020387273
,,1922.779,0.0018041536280242187
,,1923.24,0.0374115471905383
,,1923.709,0.04612609687225788
,,1924.169,0.010518768238550802
,,1924.639,0.025769311342568768
,,1925.11,0.006910460982502253
,,1925.565,0.29013481900094945
,,1926.031,0.017054696732042296
,,1926.494,0.021412004037305588
,,1926.96,0.025769311342568768
,,1927.425,0.025769311342568768
,,1927.891,0.03012661864783206
,,1928.358,0.004731774865467164
,,1928.824,0.025769311342568768
,,1929.284,0.01780369678125704
,,1929.754,0.00037446756020387273
,,1930.217,0.002553153677239073
,,1930.679,0.00037446756020387273
,,1931.147,0.009089082170730456
,,1931.61,0.01780369678125704
,,1932.076,0.16159451321091045
,,1932.546,0.01562501066422195
,,1933.004,0.009089082170730456
,,1933.47,0.00037446756020387273
,,1933.936,0.002553153677239073
,,1934.402,0.041019854446586845
,,1934.868,0.0671636333493596
,,1935.332,0.008340082121515713
,,1935.797,0.00037446756020387273
,,1936.265,0.017054696732042296
,,1936.728,0.00037446756020387273
,,1937.191,0.041019854446586845
,,1937.654,0.00037446756020387273
,,1938.124,0.011267703358958658
,,1938.587,0.00037446756020387273
,,1939.053,0.012697389426779004
,,1939.518,0.004731774865467164
,,1939.983,0.05919801878804776
,,1940.45,0.02216100408652033
,,1940.916,0.01780369678125704
,,1941.38,0.003982839745059419
,,1941.839,0.00037446756020387273
,,1942.31,0.28938585141613815
,,1942.775,0.00037446756020387273
,,1943.235,0.009089082170730456
,,1943.706,0.00037446756020387273
,,1944.169,0.004731774865467164
,,1944.632,0.011267703358958658
,,1945.097,0.025769311342568768
,,1945.561,0.009089082170730456
,,1946.027,0.010518768238550802
,,1946.491,0.025769311342568768
,,1946.957,0.019233382849077385
,,1947.425,0.038841168329551756
,,1947.891,0.0018041536280242187
,,1948.35,0.01780369678125704
,,1948.816,0.028696932580011714
,,1949.284,0.02216100408652033
,,1949.746,0.009089082170730456
,,1950.209,0.008340082121515713
,,1950.679,0.00616146093328751
,,1951.14,0.009089082170730456
,,1951.609,0.0628063260440963
,,1952.075,0.011267703358958658
,,1952.538,0.00037446756020387273
,,1953.004,0.01562501066422195
,,1953.469,0.002553153677239073
,,1953.934,0.028696932580011714
,,1954.399,0.011267703358958658
,,1954.864,0.004731774865467164
,,1955.325,0.0374115471905383
,,1955.79,0.03230523983606026
,,1956.258,0.009089082170730456
,,1956.721,0.028696932580011714
,,1957.184,0.004731774865467164
,,1957.654,0.002553153677239073
,,1958.114,0.021412004037305588
,,1958.583,0.011267703358958658
,,1959.049,0.0018041536280242187
,,1959.514,0.008340082121515713
,,1959.979,0.01780369678125704
,,1960.439,0.0628063260440963
,,1960.905,0.00037446756020387273
,,1961.369,0.0018041536280242187
,,1961.835,0.01780369678125704
,,1962.31,0.00037446756020387273
,,1962.768,0.01562501066422195
,,1963.232,0.06573394728153925
,,1963.694,0.041019854446586845
,,1964.165,0.05266209029455626
,,1964.628,0.003982839745059419
,,1965.093,0.0018041536280242187
,,1965.556,0.008340082121515713
,,1966.021,0.004731774865467164
,,1966.487,0.004731774865467164
,,1966.953,0.04973446905711343
,,1967.42,0.00037446756020387273
,,1967.879,0.009089082170730456
,,1968.344,0.04319847563481494
,,1968.809,0.05409177636237661
,,1969.28,0.008340082121515713
,,1969.742,0.00037446756020387273
,,1970.21,0.04612609687225788
,,1970.672,0.00037446756020387273
,,1971.14,0.01998231796948524
,,1971.603,0.012697389426779004
,,1972.068,0.008340082121515713
,,1972.534,0.00037446756020387273
,,1973.0,0.003982839745059419
,,1973.465,0.011267703358958658
,,1973.93,0.024339625274748422
,,1974.395,0.03012661864783206
,,1974.86,0.00037446756020387273
,,1975.324,0.0018041536280242187
,,1975.79,0.02794793253079697
,,1976.25,0.002553153677239073
,,1976.72,0.041019854446586845
,,1977.184,0.008340082121515713
,,1977.646,0.054840711482784466
,,1978.11,0.00037446756020387273
,,1978.58,0.006910460982502253
,,1979.046,0.02794793253079697
,,1979.51,0.04319847563481494
,,1979.976,0.03448392595309535
,,1980.435,0.003982839745059419
,,1980.901,0.010518768238550802
,,1981.365,0.00037446756020387273
,,1981.831,0.04537716175185014
,,1982.298,0.004731774865467164
,,1982.761,0.009089082170730456
,,1983.229,0.017054696732042296
,,1983.691,0.01998231796948524
,,1984.154,0.02794793253079697
,,1984.624,0.02359062522553368
,,1985.09,0.004731774865467164
,,1985.553,0.02794793253079697
,,1986.018,0.012697389426779004
,,1986.484,0.009089082170730456
,,1986.949,0.002553153677239073
,,1987.414,0.00037446756020387273
,,1987.88,0.0018041536280242187
,,1988.339,0.02359062522553368
,,1988.805,0.002553153677239073
,,1989.272,0.00037446756020387273
,,1989.735,0.009089082170730456
,,1990.203,0.002553153677239073
,,1990.665,0.011267703358958658
,,1991.136,0.008340082121515713
,,1991.598,0.01562501066422195
,,1992.064,0.017054696732042296
,,1992.527,0.009089082170730456
,,1992.993,0.036662547141323554
,,1993.458,0.02794793253079697
,,1993.923,0.010518768238550802
,,1994.388,0.0018041536280242187
,,1994.853,0.026518246462976625
,,1995.317,0.03448392595309535
,,1995.783,0.02216100408652033
,,1996.247,0.01562501066422195
,,1996.709,0.009089082170730456
,,1997.177,0.004731774865467164
,,1997.64,0.012697389426779004
,,1998.11,0.00037446756020387273
,,1998.573,0.2923134726535811
,,1999.038,0.054840711482784466
,,1999.499,0.003982839745059419
,,1999.964,0.009089082170730456
,,2000.436,0.0395901683787665
,,2000.894,0.00037446756020387273
,,2001.361,0.0018041536280242187
,,2001.827,0.02794793253079697
,,2002.294,0.05266209029455626
,,2002.757,0.1673815065839941
,,2003.225,0.017054696732042296
,,2003.687,0.00037446756020387273
,,2004.15,0.011267703358958658
,,2004.62,0.004731774865467164
,,2005.086,0.00037446756020387273
,,2005.548,0.01998231796948524
,,2006.014,0.01562501066422195
,,2006.48,0.013446389475993747
,,2006.945,0.019233382849077385
,,2007.41,0.028696932580011714
,,2007.869,0.010518768238550802
,,2008.336,0.009089082170730456
,,2008.801,0.02216100408652033
,,2009.269,0.009089082170730456
,,2009.732,0.041019854446586845
,,2010.194,0.002553153677239073
,,2010.665,0.006910460982502253
,,2011.128,0.004731774865467164
,,2011.591,0.09766471955739553
,,2012.057,0.009089082170730456
,,2012.524,0.009089082170730456
,,2012.99,0.026518246462976625
,,2013.455,0.05409177636237661
,,2013.92,0.0018041536280242187
,,2014.38,0.028696932580011714
,,2014.846,0.01562501066422195
,,2015.31,0.003982839745059419
,,2015.775,0.002553153677239073
,,2016.243,0.02359062522553368
,,2016.706,0.009089082170730456
,,2017.169,0.012697389426779004
,,2017.638,0.011267703358958658
,,2018.105,0.04612609687225788
,,2018.568,0.00037446756020387273
,,2019.034,0.0018041536280242187
,,2019.499,0.050483404177521174
,,2019.965,0.009089082170730456
,,2020.424,0.009089082170730456
,,2020.89,0.025769311342568768
,,2021.355,0.002553153677239073
,,2021.821,0.002553153677239073
,,2022.291,0.01562501066422195
,,2022.753,0.02359062522553368
,,2023.214,0.033054239885275005
,,2023.683,0.028696932580011714
,,2024.144,0.01780369678125704
,,2024.613,0.025769311342568768
,,2025.079,0.010518768238550802
,,2025.542,0.01562501066422195
,,2026.008,0.14123772768122134
,,2026.472,0.00037446756020387273
,,2026.938,0.01998231796948524
,,2027.403,0.012697389426779004
,,2027.869,0.00037446756020387273
,,2028.333,0.0374115471905383
,,2028.799,0.00037446756020387273
,,2029.262,0.0018041536280242187
,,2029.724,0.009089082170730456
,,2030.195,0.04537716175185014
,,2030.657,0.00037446756020387273
,,2031.121,0.033054239885275005
,,2031.59,0.01562501066422195
,,2032.049,0.01998231796948524
,,2032.514,0.026518246462976625
,,2032.979,0.006910460982502253
,,2033.446,0.00037446756020387273
,,2033.912,0.00037446756020387273
,,2034.376,0.012697389426779004
,,2034.842,0.004731774865467164
,,2035.31,0.009089082170730456
,,2035.776,0.05627039755060481
,,2036.239,0.00616146093328751
,,2036.701,0.002553153677239073
,,2037.169,0.017054696732042296
,,2037.632,0.00037446756020387273
,,2038.098,0.011267703358958658
,,2038.561,0.004731774865467164
,,2039.027,0.004731774865467164
,,2039.492,0.02359062522553368
,,2039.958,0.028696932580011714
,,2040.425,0.009089082170730456
,,2040.891,0.01780369678125704
,,2041.351,0.0018041536280242187
,,2041.817,0.002553153677239073
,,2042.28,0.01562501066422195
,,2042.749,0.009089082170730456
,,2043.21,0.009089082170730456
,,2043.68,0.00616146093328751
,,2044.143,0.026518246462976625
,,2044.605,0.1833810497372269
,,2045.071,0.002553153677239073
,,2045.535,0.025769311342568768
,,2046.0,0.00616146093328751
,,2046.465,0.017054696732042296
,,2046.931,0.017054696732042296
,,2047.396,0.025769311342568768
,,2047.861,0.017054696732042296
,,2048.328,0.009089082170730456
,,2048.794,0.026518246462976625
,,2049.255,0.017054696732042296
,,2049.724,0.021412004037305588
,,2050.187,0.02794793253079697
,,2050.65,0.03230523983606026
,,2051.114,0.012697389426779004
,,2051.583,0.00616146093328751
,,2052.048,0.004731774865467164
,,2052.513,0.025769311342568768
,,2052.979,0.038841168329551756
,,2053.439,0.02216100408652033
,,2053.904,0.00037446756020387273
,,2054.369,0.00037446756020387273
,,2054.834,0.02359062522553368
,,2055.307,0.0831631765025923
,,2055.765,0.23056236511710126
,,2056.236,0.011267703358958658
,,2056.698,0.011267703358958658
,,2057.161,0.011267703358958658
,,2057.624,0.019233382849077385
,,2058.09,0.03230523983606026
,,2058.56,0.00037446756020387273
,,2059.026,0.01562501066422195
,,2059.491,0.00037446756020387273
,,2059.949,0.006910460982502253
,,2060.414,0.01780369678125704
,,2060.88,0.008340082121515713
,,2061.347,0.003982839745059419
,,2061.812,0.004731774865467164
,,2062.28,0.002553153677239073
,,2062.742,0.00037446756020387273
,,2063.21,0.01998231796948524
,,2063.672,0.04394747568402979
,,2064.14,0.028696932580011714
,,2064.603,0.006910460982502253
,,2065.068,0.017054696732042296
,,2065.534,0.01562501066422195
,,2066.0,0.026518246462976625
,,2066.465,0.00037446756020387273
,,2066.931,0.00037446756020387273
,,2067.395,0.01562501066422195
,,2067.86,0.0018041536280242187
,,2068.325,0.00037446756020387273
,,2068.79,0.01562501066422195
,,2069.251,0.008340082121515713
,,2069.721,0.0374115471905383
,,2070.184,0.02216100408652033
,,2070.646,0.004731774865467164
,,2071.114,0.0018041536280242187
,,2071.576,0.00037446756020387273
,,2072.042,0.011267703358958658
,,2072.506,0.0018041536280242187
,,2072.972,0.008340082121515713
,,2073.439,0.01998231796948524
,,2073.904,0.02359062522553368
,,2074.369,0.00037446756020387273
,,2074.835,0.03448392595309535
,,2075.298,0.00037446756020387273
,,2075.76,0.004731774865467164
,,2076.228,0.010518768238550802
,,2076.691,0.002553153677239073
,,2077.159,0.003982839745059419
,,2077.62,0.00616146093328751
,,2078.085,0.0628063260440963
,,2078.556,0.011267703358958658
,,2079.014,0.009089082170730456
,,2079.483,0.003982839745059419
,,2079.948,0.0395901683787665
,,2080.413,0.011267703358958658
,,2080.879,0.00037446756020387273
,,2081.344,0.024339625274748422
,,2081.809,0.009089082170730456
,,2082.272,0.026518246462976625
,,2082.735,0.011267703358958658
,,2083.202,0.009089082170730456
,,2083.664,0.025769311342568768
,,2084.136,0.004731774865467164
,,2084.598,0.002553153677239073
,,2085.064,0.14559503498648463
,,2085.528,0.004731774865467164
,,2085.993,0.008340082121515713
,,2086.457,0.00037446756020387273
,,2086.923,0.017054696732042296
,,2087.388,0.00037446756020387273
,,2087.853,0.026518246462976625
,,2088.317,0.0018041536280242187
,,2088.783,0.01780369678125704
,,2089.251,0.025769311342568768
,,2089.714,0.010518768238550802
,,2090.176,0.00616146093328751
,,2090.639,0.024339625274748422
,,2091.106,0.006910460982502253
,,2091.576,0.008340082121515713
,,2092.034,0.025769311342568768
,,2092.499,0.07444856189206572
,,2092.965,0.012697389426779004
,,2093.432,0.01780369678125704
,,2093.897,0.0018041536280242187
,,2094.361,0.009089082170730456
,,2094.827,0.08895010494686895
,,2095.295,0.04176878956699459
,,2095.758,0.026518246462976625
,,2096.221,0.01998231796948524
,,2096.691,0.01562501066422195
,,2097.151,0.00037446756020387273
,,2097.62,0.028696932580011714
,,2098.079,0.01780369678125704
,,2098.549,0.025769311342568768
,,2099.014,0.028696932580011714
,,2099.476,0.0374115471905383
,,2099.941,0.03230523983606026
,,2100.406,0.017054696732042296
,,2100.872,0.02794793253079697
,,2101.336,0.01562501066422195
,,2101.802,0.003982839745059419
,,2102.265,0.010518768238550802
,,2102.735,0.003982839745059419
,,2103.195,0.008340082121515713
,,2103.665,0.003982839745059419
,,2104.125,0.026518246462976625
,,2104.594,0.00037446756020387273
,,2105.059,0.019233382849077385
,,2105.524,0.01562501066422195
,,2105.99,0.0018041536280242187
,,2106.455,0.00037446756020387273
,,2106.914,0.019233382849077385
,,2107.38,0.01780369678125704
,,2107.845,0.009089082170730456
,,2108.31,0.00037446756020387273
,,2108.776,0.010518768238550802
,,2109.239,0.0018041536280242187
,,2109.709,0.021412004037305588
,,2110.169,0.02359062522553368
,,2110.639,0.00037446756020387273
,,2111.11,0.01998231796948524
,,2111.565,0.006910460982502253
,,2112.031,0.012697389426779004
,,2112.496,0.011267703358958658
,,2112.961,0.00037446756020387273
,,2113.428,0.00037446756020387273
,,2113.893,0.006910460982502253
,,2114.359,0.01998231796948524
,,2114.825,0.00037446756020387273
,,2115.287,0.09187772618431189
,,2115.75,0.01998231796948524
,,2116.22,0.00037446756020387273
,,2116.683,0.00037446756020387273
,,2117.144,0.008340082121515713
,,2117.613,0.00037446756020387273
,,2118.078,0.00037446756020387273
,,2118.541,0.03012661864783206
,,2119.007,0.009089082170730456
,,2119.476,0.009089082170730456
,,2119.934,0.01998231796948524
,,2120.399,0.011267703358958658
,,2120.864,0.010518768238550802
,,2121.332,0.08023555526514936
,,2121.797,0.003982839745059419
,,2122.265,0.00037446756020387273
,,2122.727,0.008340082121515713
,,2123.195,0.006910460982502253
,,2123.657,0.028696932580011714
,,2124.125,0.02216100408652033
,,2124.587,0.008340082121515713
,,2125.052,0.003982839745059419
,,2125.517,0.008340082121515713
,,2125.983,0.02359062522553368
,,2126.45,0.00037446756020387273
,,2126.909,0.04537716175185014
,,2127.381,0.033054239885275005
,,2127.839,0.009089082170730456
,,2128.306,0.00037446756020387273
,,2128.772,0.009089082170730456
,,2129.239,0.01562501066422195
,,2129.701,0.02359062522553368
,,2130.169,0.03448392595309535
,,2130.631,0.00037446756020387273
,,2131.097,0.012697389426779004
,,2131.561,0.00037446756020387273
,,2132.027,0.01998231796948524
,,2132.491,0.01998231796948524
,,2132.957,0.00037446756020387273
,,2133.424,0.04537716175185014
,,2133.89,0.0018041536280242187
,,2134.354,0.009089082170730456
,,2134.82,0.017054696732042296
,,2135.283,0.008340082121515713
,,2135.746,0.00037446756020387273
,,2136.214,0.010518768238550802
,,2136.676,0.008340082121515713
,,2137.144,0.00037446756020387273
,,2137.606,0.00616146093328751
,,2138.072,0.3155296303189109
,,2138.535,0.00037446756020387273
,,2139.001,0.019233382849077385
,,2139.466,0.05191309024534152
,,2139.931,0.00037446756020387273
,,2140.398,0.004731774865467164
,,2140.864,0.4012459604987422
,,2141.329,0.02794793253079697
,,2141.795,0.00616146093328751
,,2142.258,0.00037446756020387273
,,2142.72,0.05191309024534152
,,2143.188,0.03012661864783206
,,2143.65,0.00037446756020387273
,,2144.121,0.008340082121515713
,,2144.583,0.00037446756020387273
,,2145.049,0.02216100408652033
,,2145.513,0.010518768238550802
,,2145.979,0.009089082170730456
,,2146.439,0.010518768238550802
,,2146.905,0.024339625274748422
,,2147.369,0.00037446756020387273
,,2147.835,0.07805686914811427
,,2148.306,0.00037446756020387273
,,2148.764,0.026518246462976625
,,2149.232,0.033054239885275005
,,2149.694,0.01562501066422195
,,2150.165,0.03012661864783206
,,2150.628,0.02359062522553368
,,2151.094,0.00037446756020387273
,,2151.557,0.058449018738833014
,,2152.022,0.010518768238550802
,,2152.487,0.054840711482784466
,,2152.953,0.021412004037305588
,,2153.418,0.00037446756020387273
,,2153.883,0.0018041536280242187
,,2154.348,0.00037446756020387273
,,2154.814,0.10712826928832997
,,2155.276,0.002553153677239073
,,2155.739,0.00037446756020387273
,,2156.21,0.00037446756020387273
,,2156.672,0.00037446756020387273
,,2157.136,0.01998231796948524
,,2157.605,0.028696932580011714
,,2158.064,0.00037446756020387273
,,2158.535,0.008340082121515713
,,2159.0,0.003982839745059419
,,2159.465,0.00616146093328751
,,2159.931,0.011267703358958658
,,2160.395,0.00616146093328751
,,2160.854,0.00616146093328751
,,2161.321,0.00616146093328751
,,2161.786,0.00037446756020387273
,,2162.254,0.00037446756020387273
,,2162.716,0.15070127741215578
,,2163.18,0.00037446756020387273
,,2163.649,0.003982839745059419
,,2164.11,0.011267703358958658
,,2164.58,0.02794793253079697
,,2165.045,0.01998231796948524
,,2165.509,0.030875553768239916
,,2165.975,0.1398080416134011
,,2166.44,0.002553153677239073
,,2166.906,0.03012661864783206
,,2167.365,0.01998231796948524
,,2167.831,0.004731774865467164
,,2168.295,0.017054696732042296
,,2168.765,0.008340082121515713
,,2169.225,0.010518768238550802
,,2169.694,0.00037446756020387273
,,2170.158,0.05627039755060481
,,2170.62,0.01998231796948524
,,2171.086,0.01780369678125704
,,2171.549,0.00037446756020387273
,,2172.014,0.009089082170730456
,,2172.48,0.00037446756020387273
,,2172.945,0.05919801878804776
,,2173.411,0.00037446756020387273
,,2173.876,0.15505858471741907
,,2174.343,0.03523286107350321
,,2174.809,0.009089082170730456
,,2175.27,0.003982839745059419
,,2175.739,0.024339625274748422
,,2176.203,0.003982839745059419
,,2176.665,0.00037446756020387273
,,2177.132,0.008340082121515713
,,2177.595,0.37074484182630274
,,2178.06,0.017054696732042296
,,2178.524,0.004731774865467164
,,2178.99,0.012697389426779004
,,2179.458,0.00037446756020387273
,,2179.923,0.028696932580011714
,,2180.388,0.00037446756020387273
,,2180.853,0.028696932580011714
,,2181.318,0.009089082170730456
,,2181.784,0.024339625274748422
,,2182.247,0.026518246462976625
,,2182.709,0.01780369678125704
,,2183.18,0.025769311342568768
,,2183.643,0.05409177636237661
,,2184.113,0.008340082121515713
,,2184.569,0.00037446756020387273
,,2185.034,0.003982839745059419
,,2185.499,0.04394747568402979
,,2185.965,0.004731774865467164
,,2186.432,0.0374115471905383
,,2186.897,0.011267703358958658
,,2187.361,0.013446389475993747
,,2187.827,0.006910460982502253
,,2188.295,0.006910460982502253
,,2188.758,0.00037446756020387273
,,2189.221,0.038841168329551756
,,2189.69,0.025769311342568768
,,2190.151,0.01562501066422195
,,2190.621,0.026518246462976625
,,2191.08,0.01562501066422195
,,2191.55,0.00037446756020387273
,,2192.016,0.02359062522553368
,,2192.48,0.006910460982502253
,,2192.945,0.00037446756020387273
,,2193.41,0.025769311342568768
,,2193.869,0.008340082121515713
,,2194.336,0.012697389426779004
,,2194.802,0.00037446756020387273
,,2195.265,0.002553153677239073
,,2195.735,0.00037446756020387273
,,2196.195,0.038841168329551756
,,2196.665,0.017054696732042296
,,2197.128,0.00037446756020387273
,,2197.591,0.010518768238550802
,,2198.056,0.02794793253079697
,,2198.521,0.009089082170730456
,,2198.987,0.011267703358958658
,,2199.454,0.002553153677239073
,,2199.919,0.00037446756020387273
,,2200.383,0.01780369678125704
,,2200.849,0.03448392595309535
,,2201.313,0.0018041536280242187
,,2201.779,0.013446389475993747
,,2202.239,0.00037446756020387273
,,2202.709,0.017054696732042296
,,2203.169,0.00037446756020387273
,,2203.64,0.31627863036812565
,,2204.11,0.004731774865467164
,,2204.565,0.028696932580011714
,,2205.031,0.0606277048558681
,,2205.494,0.0018041536280242187
,,2205.96,0.019233382849077385
,,2206.425,0.02794793253079697
,,2206.89,0.004731774865467164
,,2207.354,0.00616146093328751
,,2207.819,0.012697389426779004
,,2208.287,0.05409177636237661
,,2208.75,0.009089082170730456
,,2209.217,0.006910460982502253
,,2209.679,0.013446389475993747
,,2210.147,0.002553153677239073
,,2210.61,0.010518768238550802
,,2211.075,0.00037446756020387273
,,2211.546,0.02794793253079697
,,2212.004,0.04830478298929308
,,2212.469,0.024339625274748422
,,2212.934,0.01998231796948524
,,2213.399,0.009089082170730456
,,2213.864,0.025769311342568768
,,2214.329,0.02794793253079697
,,2214.795,0.008340082121515713
,,2215.265,0.00037446756020387273
,,2215.727,0.00037446756020387273
,,2216.195,0.01998231796948524
,,2216.658,0.02359062522553368
,,2217.121,0.11148557659359326
,,2217.584,0.011267703358958658
,,2218.049,0.00037446756020387273
,,2218.516,0.019233382849077385
,,2218.982,0.004731774865467164
,,2219.447,0.00037446756020387273
,,2219.913,0.00037446756020387273
,,2220.377,0.02216100408652033
,,2220.843,0.0018041536280242187
,,2221.31,0.054840711482784466
,,2221.775,0.008340082121515713
,,2222.236,0.00037446756020387273
,,2222.699,0.010518768238550802
,,2223.169,0.2334899538901407
,,2223.632,0.3177083164359459
,,2224.098,0.01562501066422195
,,2224.561,0.00037446756020387273
,,2225.026,0.006910460982502253
,,2225.491,0.004731774865467164
,,2225.957,0.00616146093328751
,,2226.422,0.00037446756020387273
,,2226.887,0.03448392595309535
,,2227.354,0.02794793253079697
,,2227.819,0.008340082121515713
,,2228.28,0.03012661864783206
,,2228.75,0.00037446756020387273
,,2229.21,0.00037446756020387273
,,2229.68,0.011267703358958658
,,2230.143,0.003982839745059419
,,2230.605,0.01780369678125704
,,2231.071,0.00616146093328751
,,2231.535,0.00037446756020387273
,,2232.001,0.009089082170730456
,,2232.465,0.10059234079483848
,,2232.931,0.012697389426779004
,,2233.399,0.019233382849077385
,,2233.864,0.00037446756020387273
,,2234.329,0.024339625274748422
,,2234.795,0.0018041536280242187
,,2235.258,0.00616146093328751
,,2235.72,0.028696932580011714
,,2236.184,0.00037446756020387273
,,2236.654,0.00037446756020387273
,,2237.117,0.00037446756020387273
,,2237.58,0.03448392595309535
,,2238.046,0.011267703358958658
,,2238.511,0.010518768238550802
,,2238.976,0.002553153677239073
,,2239.443,0.004731774865467164
,,2239.909,0.050483404177521174
,,2240.369,0.030875553768239916
,,2240.834,0.026518246462976625
,,2241.306,0.03448392595309535
,,2241.764,0.04830478298929308
,,2242.232,0.00037446756020387273
,,2242.694,0.0018041536280242187
,,2243.165,0.009089082170730456
,,2243.628,0.008340082121515713
,,2244.093,0.00037446756020387273
,,2244.556,0.011267703358958658
,,2245.022,0.009089082170730456
,,2245.487,0.00037446756020387273
,,2245.952,0.00037446756020387273
,,2246.417,0.02794793253079697
,,2246.883,0.02359062522553368
,,2247.348,0.03448392595309535
,,2247.813,0.002553153677239073
,,2248.276,0.0374115471905383
,,2248.745,0.00037446756020387273
,,2249.206,0.00037446756020387273
,,2249.669,0.02794793253079697
,,2250.139,0.00037446756020387273
,,2250.602,0.002553153677239073
,,2251.068,0.02794793253079697
,,2251.533,0.033054239885275005
,,2251.999,0.006910460982502253
,,2252.465,0.012697389426779004
,,2252.924,0.00037446756020387273
,,2253.391,0.00037446756020387273
,,2253.857,0.028696932580011714
,,2254.325,0.02216100408652033
,,2254.79,0.00037446756020387273
,,2255.254,0.003982839745059419
,,2255.716,0.006910460982502253
,,2256.184,0.009089082170730456
