EMG_time_ms,EMG_value,FORCE_time_ms,FORCE_newtons
,,0.466,0.356813246088481
,,0.934,0.2849178378736541
,,1.399,0.3916717045305873
,,1.866,0.3873144621541309
,,2.324,0.40038618928349967
,,2.795,0.37206372426369194
,,3.258,0.40038618928349967
,,3.721,0.3393840168674278
,,4.191,0.4308874053491496
,,4.652,0.3894929534847451
,,5.114,0.38295696006244695
,,5.58,0.3611704884649374
,,6.047,0.3851357111082887
,,6.513,0.3633492395107796
,,6.979,0.37859971768599054
,,7.445,0.3437412592438842
,,7.91,0.37859971768599054
,,8.369,0.37424247530953414
,,8.844,0.37206372426369194
,,9.302,0.37206372426369194
,,9.765,0.38295696006244695
,,10.235,0.3807784687318323
,,10.699,0.3459200102897264
,,11.162,0.3546344950426388
,,11.627,0.37206372426369194
,,12.09,0.3894929534847451
,,12.556,0.37206372426369194
,,13.021,0.3633492395107796
,,13.487,0.3393840168674278
,,13.951,0.37206372426369194
,,14.417,0.3459200102897264
,,14.884,0.37206372426369194
,,15.35,0.3633492395107796
,,15.81,0.37859971768599054
,,16.28,0.36988523293307773
,,16.743,0.40256494032934187
,,17.206,0.37642122635537634
,,17.67,0.38295696006244695
,,18.139,0.3459200102897264
,,18.605,0.35245600371202457
,,19.07,0.3459200102897264
,,19.535,0.3633492395107796
,,20.0,0.3633492395107796
,,20.466,0.37206372426369194
,,20.925,0.40038618928349967
,,21.39,0.37424247530953414
,,21.855,0.3633492395107796
,,22.321,0.3459200102897264
,,22.789,0.37206372426369194
,,23.251,0.37206372426369194
,,23.714,0.37859971768599054
,,24.184,0.37206372426369194
,,24.647,0.37206372426369194
,,25.11,0.35027725266618237
,,25.575,0.36770648188723554
,,26.04,0.37206372426369194
,,26.506,0.38295696006244695
,,26.973,0.3546344950426388
,,27.439,0.3960289469070437
,,27.903,0.3350267744909714
,,28.368,0.3873144621541309
,,28.829,0.3807784687318323
,,29.299,0.5986434444221547
,,29.762,0.35899199713432317
,,30.224,0.37206372426369194
,,30.692,0.46356711274541373
,,31.154,0.36988523293307773
,,31.62,0.37206372426369194
,,32.091,0.36770648188723554
,,32.549,0.3633492395107796
,,33.014,0.37206372426369194
,,33.48,0.37206372426369194
,,33.947,0.3851357111082887
,,34.413,0.37859971768599054
,,34.877,0.37206372426369194
,,35.343,0.40038618928349967
,,35.811,0.3938501958612015
,,36.273,0.5986434444221547
,,36.736,0.3807784687318323
,,37.206,0.3916717045305873
,,37.666,0.3916717045305873
,,38.129,0.3459200102897264
,,38.596,0.37424247530953414
,,39.06,0.3611704884649374
,,39.526,0.3960289469070437
,,39.992,0.37859971768599054
,,40.457,0.356813246088481
,,40.922,0.2892750802501105
,,41.388,0.37206372426369194
,,41.855,0.3546344950426388
,,42.32,0.36988523293307773
,,42.781,0.37424247530953414
,,43.25,0.3960289469070437
,,43.714,0.41781541850455284
,,44.176,0.37859971768599054
,,44.647,0.3960289469070437
,,45.11,0.3916717045305873
,,45.576,0.3894929534847451
,,46.036,0.37424247530953414
,,46.501,0.3459200102897264
,,46.966,0.36988523293307773
,,47.432,0.3916717045305873
,,47.899,0.37206372426369194
,,48.365,0.3459200102897264
,,48.829,0.3807784687318323
,,49.292,0.39820769795288546
,,49.755,0.37859971768599054
,,50.225,0.3393840168674278
,,50.688,0.36770648188723554
,,51.15,0.356813246088481
,,51.616,0.3894929534847451
,,52.079,0.37859971768599054
,,52.545,0.40038618928349967
,,53.011,0.4069221827057983
,,53.477,0.37859971768599054
,,53.943,0.34809876133556816
,,54.409,0.3459200102897264
,,54.873,0.37206372426369194
,,55.339,0.3459200102897264
,,55.8,0.36770648188723554
,,56.27,0.35027725266618237
,,56.733,0.3611704884649374
,,57.195,0.36770648188723554
,,57.663,0.37206372426369194
,,58.126,0.37859971768599054
,,58.591,0.36770648188723554
,,59.058,0.356813246088481
,,59.523,0.37642122635537634
,,59.988,0.35027725266618237
,,60.454,0.34156276791327
,,60.914,0.36770648188723554
,,61.38,0.3851357111082887
,,61.844,0.37206372426369194
,,62.31,0.34809876133556816
,,62.78,0.3851357111082887
,,63.243,0.40910093375164047
,,63.706,0.4308874053491496
,,64.169,0.37206372426369194
,,64.635,0.3611704884649374
,,65.101,0.3372055255368136
,,65.566,0.40038618928349967
,,66.034,0.3633492395107796
,,66.499,0.4069221827057983
,,66.959,0.3437412592438842
,,67.425,0.37424247530953414
,,67.889,0.37424247530953414
,,68.355,0.3546344950426388
,,68.825,0.3807784687318323
,,69.287,0.37642122635537634
,,69.755,0.3807784687318323
,,70.218,0.3459200102897264
,,70.681,0.40038618928349967
,,71.151,0.40256494032934187
,,71.609,0.38295696006244695
,,72.08,0.3916717045305873
,,72.546,0.38295696006244695
,,73.01,0.31977629631576043
,,73.469,0.35027725266618237
,,73.941,0.3807784687318323
,,74.399,0.41345817612809643
,,74.866,0.3916717045305873
,,75.331,0.35245600371202457
,,75.799,0.3807784687318323
,,76.262,0.37424247530953414
,,76.729,0.37424247530953414
,,77.191,0.40038618928349967
,,77.655,0.3546344950426388
,,78.124,0.32849078106867324
,,78.59,0.3001683160488655
,,79.054,0.37206372426369194
,,79.52,0.3807784687318323
,,79.98,0.37642122635537634
,,80.446,0.3459200102897264
,,80.91,0.263131366276145
,,81.375,0.3633492395107796
,,81.841,0.4047434316599561
,,82.306,0.3633492395107796
,,82.769,0.3894929534847451
,,83.239,0.3916717045305873
,,83.703,0.34809876133556816
,,84.165,0.37206372426369194
,,84.631,0.3633492395107796
,,85.095,0.36988523293307773
,,85.56,0.3916717045305873
,,86.025,0.35027725266618237
,,86.491,0.36770648188723554
,,86.955,0.37424247530953414
,,87.421,0.3633492395107796
,,87.888,0.3807784687318323
,,88.354,0.3633492395107796
,,88.814,0.356813246088481
,,89.284,0.3611704884649374
,,89.747,0.37206372426369194
,,90.21,0.40038618928349967
,,90.678,0.3807784687318323
,,91.14,0.3633492395107796
,,91.606,0.3807784687318323
,,92.069,0.3611704884649374
,,92.535,0.3894929534847451
,,92.999,0.37206372426369194
,,93.465,0.31977629631576043
,,93.929,0.3807784687318323
,,94.395,0.3894929534847451
,,94.859,0.32631228973805904
,,95.326,0.37206372426369194
,,95.796,0.37206372426369194
,,96.258,0.446137883524361
,,96.721,0.7925431974691257
,,97.184,0.37642122635537634
,,97.652,0.37206372426369194
,,98.115,0.37424247530953414
,,98.58,0.33284802344512965
,,99.047,0.37424247530953414
,,99.513,0.37424247530953414
,,99.977,0.40910093375164047
,,100.443,0.3633492395107796
,,100.91,0.3851357111082887
,,101.369,0.37424247530953414
,,101.843,0.3110615518476201
,,102.302,0.618251164973822
,,102.769,0.3633492395107796
,,103.232,0.43306589667976425
,,103.695,0.38295696006244695
,,104.165,0.3807784687318323
,,104.624,0.37424247530953414
,,105.094,0.3807784687318323
,,105.56,0.3916717045305873
,,106.025,0.37206372426369194
,,106.484,0.3938501958612015
,,106.951,0.356813246088481
,,107.416,0.3894929534847451
,,107.881,0.3633492395107796
,,108.347,0.36770648188723554
,,108.814,0.37859971768599054
,,109.277,0.37424247530953414
,,109.74,0.3960289469070437
,,110.21,0.3807784687318323
,,110.673,0.3807784687318323
,,111.136,0.3611704884649374
,,111.602,0.37859971768599054
,,112.068,0.3894929534847451
,,112.534,0.35027725266618237
,,112.999,0.3807784687318323
,,113.465,0.40038618928349967
,,113.925,0.3807784687318323
,,114.391,0.37424247530953414
,,114.855,0.37642122635537634
,,115.321,0.3894929534847451
,,115.784,0.37642122635537634
,,116.255,0.3894929534847451
,,116.718,0.3459200102897264
,,117.181,0.3807784687318323
,,117.644,0.3611704884649374
,,118.114,0.37206372426369194
,,118.579,0.3807784687318323
,,119.044,0.37206372426369194
,,119.51,0.40038618928349967
,,119.969,0.3938501958612015
,,120.435,0.3459200102897264
,,120.903,0.40256494032934187
,,121.368,0.356813246088481
,,121.829,0.37424247530953414
,,122.299,0.37642122635537634
,,122.759,0.37424247530953414
,,123.228,0.3851357111082887
,,123.689,0.37206372426369194
,,124.159,0.37424247530953414
,,124.624,0.40038618928349967
,,125.087,0.3546344950426388
,,125.553,0.37206372426369194
,,126.018,0.33284802344512965
,,126.483,0.3807784687318323
,,126.948,0.3916717045305873
,,127.414,0.3611704884649374
,,127.88,0.3916717045305873
,,128.346,0.37206372426369194
,,128.806,0.3960289469070437
,,129.269,0.37206372426369194
,,129.737,0.3633492395107796
,,130.2,0.35027725266618237
,,130.67,0.3807784687318323
,,131.132,0.36988523293307773
,,131.598,0.37859971768599054
,,132.061,0.3459200102897264
,,132.527,0.38295696006244695
,,132.992,0.37859971768599054
,,133.457,0.36770648188723554
,,133.922,0.37642122635537634
,,134.388,0.3633492395107796
,,134.855,0.3894929534847451
,,135.32,0.37206372426369194
,,135.781,0.3807784687318323
,,136.244,0.27620335312074173
,,136.714,0.3459200102897264
,,137.176,0.3894929534847451
,,137.647,0.3807784687318323
,,138.11,0.3633492395107796
,,138.575,0.3916717045305873
,,139.041,0.3916717045305873
,,139.499,0.36770648188723554
,,139.966,0.34809876133556816
,,140.432,0.32631228973805904
,,140.896,0.3851357111082887
,,141.362,0.36988523293307773
,,141.825,0.3633492395107796
,,142.295,0.3459200102897264
,,142.758,0.37206372426369194
,,143.221,0.37206372426369194
,,143.684,0.01040793214371627
,,144.154,0.37424247530953414
,,144.62,0.37642122635537634
,,145.082,0.37642122635537634
,,145.548,0.37424247530953414
,,146.015,0.4548523682772734
,,146.481,0.38295696006244695
,,146.94,0.3459200102897264
,,147.405,0.37206372426369194
,,147.87,0.3807784687318323
,,148.336,0.37206372426369194
,,148.799,0.356813246088481
,,149.269,0.37424247530953414
,,149.73,0.41999416955039504
,,150.199,0.3546344950426388
,,150.662,0.36770648188723554
,,151.125,0.37424247530953414
,,151.59,0.37859971768599054
,,152.055,0.37642122635537634
,,152.52,0.3851357111082887
,,152.984,0.37642122635537634
,,153.45,0.37206372426369194
,,153.917,0.37859971768599054
,,154.383,0.37859971768599054
,,154.847,0.37206372426369194
,,155.313,0.37206372426369194
,,155.781,0.37859971768599054
,,156.243,0.40038618928349967
,,156.711,0.37424247530953414
,,157.173,0.34156276791327
,,157.644,0.3916717045305873
,,158.099,0.40038618928349967
,,158.564,0.36552799055662133
,,159.029,0.36988523293307773
,,159.495,0.356813246088481
,,159.962,0.36770648188723554
,,160.428,0.3807784687318323
,,160.893,0.36988523293307773
,,161.358,0.37206372426369194
,,161.821,0.37206372426369194
,,162.284,0.36770648188723554
,,162.752,0.35027725266618237
,,163.214,0.3546344950426388
,,163.685,0.3633492395107796
,,164.147,0.36770648188723554
,,164.613,0.3393840168674278
,,165.076,0.3633492395107796
,,165.542,0.3894929534847451
,,166.006,0.37424247530953414
,,166.472,0.36988523293307773
,,166.937,0.356813246088481
,,167.403,0.37206372426369194
,,167.87,0.3459200102897264
,,168.329,0.37206372426369194
,,168.799,0.37206372426369194
,,169.262,0.3960289469070437
,,169.725,0.37642122635537634
,,170.195,0.3894929534847451
,,170.659,0.38295696006244695
,,171.121,0.37642122635537634
,,171.587,0.3960289469070437
,,172.051,0.3633492395107796
,,172.517,0.37206372426369194
,,172.984,0.37424247530953414
,,173.45,0.37206372426369194
,,173.915,0.36770648188723554
,,174.38,0.37859971768599054
,,174.84,0.37424247530953414
,,175.306,0.3611704884649374
,,175.773,0.3611704884649374
,,176.236,0.37642122635537634
,,176.699,0.513676049362731
,,177.169,0.37206372426369194
,,177.636,0.37206372426369194
,,178.094,0.37206372426369194
,,178.56,0.3894929534847451
,,179.025,0.3807784687318323
,,179.491,0.37859971768599054
,,179.956,0.39820769795288546
,,180.421,0.36988523293307773
,,180.888,0.37424247530953414
,,181.354,0.3546344950426388
,,181.814,0.3894929534847451
,,182.284,0.3894929534847451
,,182.747,0.31977629631576043
,,183.21,0.3894929534847451
,,183.678,0.37206372426369194
,,184.141,0.3459200102897264
,,184.606,0.37206372426369194
,,185.069,0.3807784687318323
,,185.535,0.3459200102897264
,,186.003,0.3807784687318323
,,186.469,0.3894929534847451
,,186.929,0.40038618928349967
,,187.394,0.3633492395107796
,,187.859,0.36770648188723554
,,188.325,0.37642122635537634
,,188.795,0.36988523293307773
,,189.258,0.3960289469070437
,,189.721,0.37206372426369194
,,190.184,0.3894929534847451
,,190.655,0.37642122635537634
,,191.117,0.33284802344512965
,,191.583,0.40256494032934187
,,192.047,0.3807784687318323
,,192.513,0.36988523293307773
,,192.978,0.37424247530953414
,,193.443,0.36552799055662133
,,193.91,0.37424247530953414
,,194.375,0.35899199713432317
,,194.84,0.2609526152303028
,,195.306,0.39820769795288546
,,195.766,0.3546344950426388
,,196.236,0.39820769795288546
,,196.699,0.3916717045305873
,,197.162,0.40038618928349967
,,197.627,0.3894929534847451
,,198.09,0.3807784687318323
,,198.556,0.37859971768599054
,,199.021,0.3894929534847451
,,199.487,0.37206372426369194
,,199.952,0.37424247530953414
,,200.417,0.36770648188723554
,,200.885,0.42653016297269364
,,201.35,0.3807784687318323
,,201.814,0.2958110736724091
,,202.276,0.4069221827057983
,,202.744,0.40038618928349967
,,203.206,0.3960289469070437
,,203.669,0.40910093375164047
,,204.139,0.3873144621541309
,,204.605,0.40256494032934187
,,205.069,0.40038618928349967
,,205.534,0.356813246088481
,,205.994,0.446137883524361
,,206.46,0.3960289469070437
,,206.925,0.41999416955039504
,,207.39,0.36552799055662133
,,207.855,0.3807784687318323
,,208.321,0.3459200102897264
,,208.788,0.3546344950426388
,,209.251,0.3459200102897264
,,209.714,0.3611704884649374
,,210.184,0.47228159749832654
,,210.647,0.3938501958612015
,,211.11,0.3851357111082887
,,211.576,0.38295696006244695
,,212.043,0.3633492395107796
,,212.509,0.39820769795288546
,,212.974,0.4570311193231156
,,213.44,0.38295696006244695
,,213.9,0.3459200102897264
,,214.366,0.39820769795288546
,,214.829,0.3960289469070437
,,215.299,0.36770648188723554
,,215.762,0.37642122635537634
,,216.225,0.41999416955039504
,,216.696,0.3807784687318323
,,217.158,0.37642122635537634
,,217.624,0.3894929534847451
,,218.087,0.435244647725606
,,218.552,0.36770648188723554
,,219.018,0.36988523293307773
,,219.484,0.3611704884649374
,,219.944,0.3894929534847451
,,220.409,0.39820769795288546
,,220.881,0.356813246088481
,,221.339,0.3916717045305873
,,221.807,0.3611704884649374
,,222.269,0.3894929534847451
,,222.74,0.37424247530953414
,,223.203,0.3459200102897264
,,223.666,0.37206372426369194
,,224.136,0.3611704884649374
,,224.594,0.3938501958612015
,,225.065,0.4396018901020624
,,225.524,0.3459200102897264
,,225.989,0.40038618928349967
,,226.454,0.4417806411479046
,,226.922,0.38295696006244695
,,227.388,0.40038618928349967
,,227.855,0.3916717045305873
,,228.32,0.3960289469070437
,,228.781,0.37859971768599054
,,229.25,0.37424247530953414
,,229.71,0.40256494032934187
,,230.18,0.3807784687318323
,,230.639,0.37206372426369194
,,231.11,0.40038618928349967
,,231.575,0.3873144621541309
,,232.04,0.3894929534847451
,,232.506,0.3459200102897264
,,232.97,0.39820769795288546
,,233.429,0.36988523293307773
,,233.895,0.3851357111082887
,,234.361,0.3916717045305873
,,234.829,0.38295696006244695
,,235.292,0.37206372426369194
,,235.754,0.3894929534847451
,,236.225,0.4069221827057983
,,236.688,0.40038618928349967
,,237.151,0.39820769795288546
,,237.617,0.36770648188723554
,,238.079,0.40038618928349967
,,238.545,0.4374233987714482
,,239.01,0.31759754526991824
,,239.476,0.3633492395107796
,,239.94,0.3546344950426388
,,240.405,0.41345817612809643
,,240.87,0.3916717045305873
,,241.335,0.40038618928349967
,,241.803,0.3894929534847451
,,242.265,0.3851357111082887
,,242.733,0.3894929534847451
,,243.196,0.37642122635537634
,,243.666,0.41781541850455284
,,244.128,0.3851357111082887
,,244.594,0.3894929534847451
,,245.058,0.40038618928349967
,,245.523,0.42435141192685144
,,245.988,0.38295696006244695
,,246.454,0.3546344950426388
,,246.918,0.37206372426369194
,,247.384,0.3960289469070437
,,247.851,0.37424247530953414
,,248.309,0.3546344950426388
,,248.777,0.34156276791327
,,249.24,0.4069221827057983
,,249.71,0.38295696006244695
,,250.173,0.39820769795288546
,,250.644,0.37206372426369194
,,251.099,0.37642122635537634
,,251.564,0.3916717045305873
,,252.029,0.40256494032934187
,,252.494,0.3938501958612015
,,252.966,0.4047434316599561
,,253.424,0.3894929534847451
,,253.896,0.3960289469070437
,,254.354,0.37424247530953414
,,254.822,0.39820769795288546
,,255.284,0.40038618928349967
,,255.755,0.37859971768599054
,,256.217,0.37206372426369194
,,256.681,0.36988523293307773
,,257.151,0.5986434444221547
,,257.609,0.40038618928349967
,,258.079,0.37206372426369194
,,258.545,0.37424247530953414
,,259.01,0.37859971768599054
,,259.469,0.36770648188723554
,,259.934,0.3960289469070437
,,260.399,0.3894929534847451
,,260.866,0.3807784687318323
,,261.331,0.36770648188723554
,,261.799,0.3916717045305873
,,262.262,0.3851357111082887
,,262.729,0.40038618928349967
,,263.191,0.3807784687318323
,,263.655,0.3916717045305873
,,264.125,0.37206372426369194
,,264.59,0.3960289469070437
,,265.055,0.3459200102897264
,,265.521,0.40038618928349967
,,265.985,0.41781541850455284
,,266.451,0.40038618928349967
,,266.91,0.37206372426369194
,,267.376,0.36770648188723554
,,267.841,0.37206372426369194
,,268.307,0.37206372426369194
,,268.77,0.37206372426369194
,,269.24,0.38295696006244695
,,269.703,0.3894929534847451
,,270.166,0.40038618928349967
,,270.631,0.3807784687318323
,,271.095,0.3894929534847451
,,271.561,0.3960289469070437
,,272.026,0.40038618928349967
,,272.492,0.37642122635537634
,,272.958,0.37859971768599054
,,273.424,0.3633492395107796
,,273.888,0.3894929534847451
,,274.354,0.40038618928349967
,,274.818,0.3633492395107796
,,275.28,0.356813246088481
,,275.744,0.37859971768599054
,,276.213,0.37206372426369194
,,276.677,0.40256494032934187
,,277.139,0.37859971768599054
,,277.605,0.40038618928349967
,,278.069,0.3851357111082887
,,278.535,0.41345817612809643
,,278.999,0.3916717045305873
,,279.464,0.40038618928349967
,,279.929,0.3894929534847451
,,280.394,0.3851357111082887
,,280.859,0.40038618928349967
,,281.325,0.3807784687318323
,,281.795,0.3894929534847451
,,282.258,0.37206372426369194
,,282.726,0.3132403028934623
,,283.188,0.3894929534847451
,,283.651,0.3916717045305873
,,284.114,0.37859971768599054
,,284.579,0.4112794250822547
,,285.051,0.42653016297269364
,,285.509,0.39820769795288546
,,285.977,0.37424247530953414
,,286.442,0.4047434316599561
,,286.907,0.4069221827057983
,,287.372,0.40038618928349967
,,287.844,0.41999416955039504
,,288.303,0.40910093375164047
,,288.765,0.263131366276145
,,289.235,0.37206372426369194
,,289.699,0.39820769795288546
,,290.162,0.3960289469070437
,,290.628,0.37424247530953414
,,291.091,0.356813246088481
,,291.557,0.37642122635537634
,,292.021,0.40256494032934187
,,292.487,0.45267387694665917
,,292.951,0.3873144621541309
,,293.416,0.40256494032934187
,,293.881,0.40256494032934187
,,294.347,0.37206372426369194
,,294.81,0.41781541850455284
,,295.28,0.4047434316599561
,,295.74,0.37859971768599054
,,296.211,0.3960289469070437
,,296.674,0.3546344950426388
,,297.136,0.3960289469070437
,,297.602,0.38295696006244695
,,298.069,0.3916717045305873
,,298.534,0.3894929534847451
,,298.999,0.3807784687318323
,,299.464,0.40038618928349967
,,299.93,0.3851357111082887
,,300.395,0.3894929534847451
,,300.855,0.3807784687318323
,,301.321,0.3851357111082887
,,301.788,0.3894929534847451
,,302.25,0.40038618928349967
,,302.714,0.3633492395107796
,,303.184,0.40038618928349967
,,303.647,0.3960289469070437
,,304.11,0.40038618928349967
,,304.576,0.41781541850455284
,,305.043,0.3894929534847451
,,305.509,0.3894929534847451
,,305.974,0.36770648188723554
,,306.44,0.2348089012563368
,,306.899,0.39820769795288546
,,307.365,0.3894929534847451
,,307.829,0.3807784687318323
,,308.299,0.40910093375164047
,,308.762,0.40910093375164047
,,309.225,0.2500593794315482
,,309.693,0.37206372426369194
,,310.155,0.41999416955039504
,,310.621,0.38295696006244695
,,311.084,0.3960289469070437
,,311.549,0.42653016297269364
,,312.014,0.40038618928349967
,,312.48,0.4308874053491496
,,312.947,0.40038618928349967
,,313.412,0.2304516588798804
,,313.878,0.40038618928349967
,,314.344,0.3916717045305873
,,314.807,0.36552799055662133
,,315.269,0.37206372426369194
,,315.74,0.40038618928349967
,,316.202,0.37859971768599054
,,316.67,0.39820769795288546
,,317.132,0.37424247530953414
,,317.597,0.37206372426369194
,,318.061,0.3916717045305873
,,318.527,0.3894929534847451
,,318.991,0.37206372426369194
,,319.457,0.3938501958612015
,,319.922,0.3851357111082887
,,320.388,0.4047434316599561
,,320.855,0.39820769795288546
,,321.321,0.37424247530953414
,,321.781,0.37642122635537634
,,322.251,0.3894929534847451
,,322.714,0.37424247530953414
,,323.176,0.37424247530953414
,,323.644,0.38295696006244695
,,324.107,0.40038618928349967
,,324.572,0.3611704884649374
,,325.04,0.42435141192685144
,,325.505,0.5986434444221547
,,325.971,0.3916717045305873
,,326.429,0.3894929534847451
,,326.895,0.3894929534847451
,,327.361,0.38295696006244695
,,327.829,0.39820769795288546
,,328.292,0.40038618928349967
,,328.755,0.3807784687318323
,,329.225,0.4047434316599561
,,329.688,0.3894929534847451
,,330.151,0.3807784687318323
,,330.617,0.37642122635537634
,,331.079,0.3807784687318323
,,331.545,0.38295696006244695
,,332.01,0.6030006867986111
,,332.476,0.40038618928349967
,,332.94,0.34809876133556816
,,333.407,0.3851357111082887
,,333.873,0.3894929534847451
,,334.339,0.3807784687318323
,,334.799,0.43306589667976425
,,335.269,0.3894929534847451
,,335.73,0.4069221827057983
,,336.2,0.40038618928349967
,,336.662,0.3807784687318323
,,337.124,0.3873144621541309
,,337.59,0.41999416955039504
,,338.055,0.3807784687318323
,,338.52,0.40038618928349967
,,338.985,0.40910093375164047
,,339.451,0.3960289469070437
,,339.918,0.40038618928349967
,,340.383,0.4112794250822547
,,340.848,0.38295696006244695
,,341.314,0.4374233987714482
,,341.777,0.36770648188723554
,,342.239,0.36988523293307773
,,342.71,0.5180332917391874
,,343.173,0.3807784687318323
,,343.644,0.40038618928349967
,,344.099,0.37424247530953414
,,344.564,0.3611704884649374
,,345.029,0.4047434316599561
,,345.494,0.40038618928349967
,,345.962,0.37642122635537634
,,346.428,0.45267387694665917
,,346.892,0.37859971768599054
,,347.358,0.40038618928349967
,,347.826,0.37206372426369194
,,348.288,0.37424247530953414
,,348.751,0.40038618928349967
,,349.221,0.3851357111082887
,,349.681,0.40038618928349967
,,350.144,0.39820769795288546
,,350.61,0.3960289469070437
,,351.08,0.3851357111082887
,,351.546,0.3894929534847451
,,352.011,0.39820769795288546
,,352.469,0.37206372426369194
,,352.936,0.3960289469070437
,,353.403,0.3894929534847451
,,353.87,0.3633492395107796
,,354.335,0.41781541850455284
,,354.796,0.35027725266618237
,,355.266,0.3851357111082887
,,355.729,0.3894929534847451
,,356.191,0.37859971768599054
,,356.659,0.3894929534847451
,,357.122,0.3459200102897264
,,357.587,0.31759754526991824
,,358.054,0.3894929534847451
,,358.52,0.3960289469070437
,,358.985,0.37206372426369194
,,359.451,0.4069221827057983
,,359.91,0.36988523293307773
,,360.376,0.3938501958612015
,,360.84,0.3916717045305873
,,361.306,0.40038618928349967
,,361.773,0.3960289469070437
,,362.236,0.37206372426369194
,,362.699,0.3916717045305873
,,363.169,0.3960289469070437
,,363.635,0.40038618928349967
,,364.1,0.37206372426369194
,,364.559,0.37642122635537634
,,365.026,0.3960289469070437
,,365.492,0.40038618928349967
,,365.959,0.39820769795288546
,,366.425,0.3873144621541309
,,366.884,0.40038618928349967
,,367.35,0.35027725266618237
,,367.818,0.37206372426369194
,,368.28,0.3437412592438842
,,368.744,0.3807784687318323
,,369.213,0.3938501958612015
,,369.674,0.40038618928349967
,,370.143,0.3873144621541309
,,370.609,0.3916717045305873
,,371.072,0.41781541850455284
,,371.538,0.37424247530953414
,,372.003,0.3894929534847451
,,372.469,0.37206372426369194
,,372.929,0.4112794250822547
,,373.394,0.37859971768599054
,,373.859,0.10844731404773666
,,374.324,0.3873144621541309
,,374.792,0.3807784687318323
,,375.255,0.3459200102897264
,,375.725,0.3611704884649374
,,376.188,0.37424247530953414
,,376.655,0.3894929534847451
,,377.117,0.40038618928349967
,,377.583,0.39820769795288546
,,378.048,0.40038618928349967
,,378.514,0.32413353869221684
,,378.974,0.37206372426369194
,,379.44,0.3894929534847451
,,379.907,0.37642122635537634
,,380.373,0.3546344950426388
,,380.84,0.37206372426369194
,,381.299,0.3851357111082887
,,381.767,0.3807784687318323
,,382.229,0.37206372426369194
,,382.699,0.40910093375164047
,,383.162,0.38295696006244695
,,383.628,0.4897108267193797
,,384.091,0.37206372426369194
,,384.557,0.40038618928349967
,,385.021,0.37642122635537634
,,385.486,0.3633492395107796
,,385.951,0.3960289469070437
,,386.417,0.37859971768599054
,,386.882,0.3916717045305873
,,387.347,0.4156366674587111
,,387.81,0.37206372426369194
,,388.28,0.3894929534847451
,,388.74,0.3633492395107796
,,389.21,0.37206372426369194
,,389.673,0.37642122635537634
,,390.136,0.3894929534847451
,,390.602,0.39820769795288546
,,391.068,0.37206372426369194
,,391.534,0.3851357111082887
,,391.999,0.37206372426369194
,,392.465,0.37424247530953414
,,392.925,0.3807784687318323
,,393.391,0.36770648188723554
,,393.856,0.4156366674587111
,,394.322,0.37642122635537634
,,394.784,0.3546344950426388
,,395.254,0.37859971768599054
,,395.718,0.40910093375164047
,,396.18,0.3807784687318323
,,396.644,0.37642122635537634
,,397.114,0.35245600371202457
,,397.579,0.236987652302179
,,398.044,0.26966735969844313
,,398.51,0.38295696006244695
,,398.969,0.3546344950426388
,,399.435,0.3611704884649374
,,399.9,0.40910093375164047
,,400.366,0.3894929534847451
,,400.84,0.36770648188723554
,,401.299,0.35027725266618237
,,401.762,0.37424247530953414
,,402.224,0.39820769795288546
,,402.692,0.3807784687318323
,,403.154,0.3851357111082887
,,403.62,0.40038618928349967
,,404.09,0.3894929534847451
,,404.556,0.37206372426369194
,,405.014,0.36770648188723554
,,405.479,0.40910093375164047
,,405.944,0.3916717045305873
,,406.41,0.3633492395107796
,,406.877,0.3807784687318323
,,407.343,0.41999416955039504
,,407.811,0.3916717045305873
,,408.273,0.3633492395107796
,,408.736,0.36770648188723554
,,409.199,0.3938501958612015
,,409.669,0.37206372426369194
,,410.132,0.37206372426369194
,,410.598,0.40038618928349967
,,411.061,0.3960289469070437
,,411.528,0.32413353869221684
,,411.992,0.37859971768599054
,,412.458,0.37206372426369194
,,412.925,0.3546344950426388
,,413.391,0.37859971768599054
,,413.856,0.3459200102897264
,,414.314,0.3807784687318323
,,414.784,0.40038618928349967
,,415.247,0.34809876133556816
,,415.71,0.3873144621541309
,,416.18,0.3894929534847451
,,416.644,0.3393840168674278
,,417.107,0.3873144621541309
,,417.572,0.41781541850455284
,,418.036,0.3546344950426388
,,418.502,0.37206372426369194
,,418.969,0.3894929534847451
,,419.435,0.38295696006244695
,,419.9,0.3916717045305873
,,420.366,0.37424247530953414
,,420.829,0.3633492395107796
,,421.291,0.3938501958612015
,,421.755,0.36988523293307773
,,422.225,0.37206372426369194
,,422.688,0.3372055255368136
,,423.151,0.37642122635537634
,,423.616,0.3437412592438842
,,424.079,0.3459200102897264
,,424.545,0.6814320884357361
,,425.01,0.40038618928349967
,,425.476,0.30888306051700587
,,425.941,0.37206372426369194
,,426.406,0.34809876133556816
,,426.873,0.3633492395107796
,,427.339,0.3960289469070437
,,427.803,0.38295696006244695
,,428.265,0.3611704884649374
,,428.729,0.37642122635537634
,,429.198,0.37206372426369194
,,429.662,0.38295696006244695
,,430.125,0.36770648188723554
,,430.59,0.3393840168674278
,,431.058,0.34809876133556816
,,431.524,0.3372055255368136
,,431.989,0.3633492395107796
,,432.455,0.37206372426369194
,,432.915,0.31977629631576043
,,433.38,0.3459200102897264
,,433.845,0.356813246088481
,,434.31,0.3372055255368136
,,434.781,0.3546344950426388
,,435.243,0.35027725266618237
,,435.707,0.3611704884649374
,,436.169,0.3459200102897264
,,436.635,0.3459200102897264
,,437.1,0.3633492395107796
,,437.565,0.40038618928349967
,,438.032,0.3546344950426388
,,438.498,0.3372055255368136
,,438.963,0.356813246088481
,,439.428,0.3437412592438842
,,439.895,0.33284802344512965
,,440.354,0.31541905393930403
,,440.825,0.3132403028934623
,,441.287,0.356813246088481
,,441.755,0.3001683160488655
,,442.217,0.31541905393930403
,,442.685,0.3372055255368136
,,443.148,0.3045255584253215
,,443.614,0.3045255584253215
,,444.076,0.3437412592438842
,,444.542,0.31759754526991824
,,445.007,0.31977629631576043
,,445.473,0.32631228973805904
,,445.94,0.3110615518476201
,,446.405,0.3001683160488655
,,446.871,0.3459200102897264
,,447.329,0.31759754526991824
,,447.799,0.31759754526991824
,,448.261,0.34156276791327
,,448.729,0.31541905393930403
,,449.191,0.30670430947116367
,,449.655,0.41781541850455284
,,450.124,0.3916717045305873
,,450.59,0.3110615518476201
,,451.054,0.2849178378736541
,,451.52,0.5419985143825392
,,451.984,0.32631228973805904
,,452.449,0.29798982471825086
,,452.915,0.2892750802501105
,,453.38,0.26966735969844313
,,453.84,0.2805605954971977
,,454.306,0.25659537285384637
,,454.769,0.28273908682781235
,,455.239,0.3001683160488655
,,455.703,0.26966735969844313
,,456.166,0.24788088810093356
,,456.631,0.24788088810093356
,,457.095,0.26748860865260093
,,457.561,0.1912359580613181
,,458.026,0.25877412389968857
,,458.491,0.3001683160488655
,,458.958,0.2348089012563368
,,459.424,0.236987652302179
,,459.888,0.25223813047738997
,,460.354,0.2653101173219867
,,460.814,0.236987652302179
,,461.284,0.21955842308112583
,,461.747,0.23263015021049505
,,462.21,0.21955842308112583
,,462.677,0.23263015021049505
,,463.14,0.21302242965882767
,,463.606,0.23263015021049505
,,464.069,0.1955932004377745
,,464.535,0.1912359580613181
,,465.001,0.21302242965882767
,,465.467,0.17598547988610713
,,465.933,0.17380672884026493
,,466.399,0.21302242965882767
,,466.866,0.1912359580613181
,,467.324,0.15202025724275536
,,467.792,0.14766301486629896
,,468.254,0.17162797779442274
,,468.722,0.17598547988610713
,,469.184,0.1955932004377745
,,469.655,0.20648643623652907
,,470.117,0.236987652302179
,,470.583,0.1498415061969136
,,471.048,0.17162797779442274
,,471.514,0.21084367861298547
,,471.98,0.3916717045305873
,,472.439,0.21737967203528363
,,472.91,0.15202025724275536
,,473.369,0.1498415061969136
,,473.844,0.21955842308112583
,,474.302,0.1367697790675444
,,474.766,0.143305512774615
,,475.235,0.0953753272031399
,,475.696,0.058338377430419364
,,476.166,0.1454842638204572
,,476.624,0.1411270214440008
,,477.094,0.12587654326878983
,,477.56,0.1454842638204572
,,478.025,0.20866518728237127
,,478.491,0.08230334035854314
,,478.955,0.0953753272031399
,,479.414,0.058338377430419364
,,479.881,0.0953753272031399
,,480.346,0.0888393337808413
,,480.814,0.08230334035854314
,,481.276,0.11934054984649123
,,481.744,0.11934054984649123
,,482.206,0.10844731404773666
,,482.67,0.06705286218333217
,,483.139,0.06487437085271752
,,483.605,0.07358885560563033
,,484.069,0.03316501105130243
,,484.534,0.06269561980687577
,,485.0,0.0409091482093662
,,485.466,0.07891670529216377
,,485.925,0.008229440813102062
,,486.391,0.05398113505396296
,,486.855,0.07358885560563033
,,487.321,0.15419900828859756
,,487.789,0.034373154787067595
,,488.251,0.01040793214371627
,,488.714,0.07576760665147253
,,489.184,0.037522253427758834
,,489.647,0.07673795424632157
,,490.11,0.004842546031494699
,,490.575,0.00048530365503829387
,,491.04,0.0409091482093662
,,491.506,0.0527727316029698
,,491.973,0.0016934473908034597
,,492.44,0.03655190583290979
,,492.899,0.06487437085271752
,,493.365,0.017914273160863914
,,493.833,0.0038721984366456574
,,494.295,0.01040793214371627
,,494.765,0.017914273160863914
,,495.228,0.034373154787067595
,,495.692,0.0016934473908034597
,,496.154,0.019122676611856626
,,496.62,0.054951482648812
,,497.09,0.04962363296227901
,,497.556,0.07673795424632157
,,498.015,0.011378539453793302
,,498.48,0.030986260005460675
,,498.947,0.0016934473908034597
,,499.413,0.019122676611856626
,,499.878,0.014765434235400221
,,500.343,0.1050604192661293
,,500.807,0.09634567479798894
,,501.269,0.2139927772536767
,,501.74,0.02662901762900427
,,502.203,0.028807768674846468
,,502.666,0.028807768674846468
,,503.129,0.04841548922651384
,,503.594,0.030986260005460675
,,504.065,0.046236738180671644
,,504.524,0.021301167942470833
,,504.989,0.08230334035854314
,,505.454,0.11595365506488386
,,505.921,0.04841548922651384
,,506.387,0.07455920320047937
,,506.851,0.1094176616425857
,,507.317,0.03219440374122584
,,507.784,0.020093024206705667
,,508.247,0.03219440374122584
,,508.71,0.02347991898831303
,,509.18,0.03219440374122584
,,509.639,0.0474451416316648
,,510.11,0.0527727316029698
,,510.575,0.006050689767259865
,,511.041,0.019122676611856626
,,511.499,0.01040793214371627
,,511.966,0.028807768674846468
,,512.431,0.08230334035854314
,,512.896,0.15637749961921177
,,513.362,0.21084367861298547
,,513.825,0.11498330747003482
,,514.294,0.056159626384577166
,,514.755,0.038730397163524
,,515.224,0.07576760665147253
,,515.685,0.034373154787067595
,,516.154,0.11934054984649123
,,516.62,0.11498330747003482
,,517.082,0.06705286218333217
,,517.548,0.13023378564524624
,,518.015,0.0452663905858226
,,518.474,0.0910180848266835
,,518.941,0.01040793214371627
,,519.406,0.03219440374122584
,,519.873,0.030015912410611634
,,520.339,0.06487437085271752
,,520.799,0.016943925566014872
,,521.269,0.0038721984366456574
,,521.732,0.03316501105130243
,,522.195,0.015735781830249707
,,522.663,0.059308725025268405
,,523.125,0.03655190583290979
,,523.59,0.0614874760711106
,,524.058,0.11595365506488386
,,524.524,0.08763119004507613
,,524.984,0.11595365506488386
,,525.45,0.0527727316029698
,,525.915,0.037522253427758834
,,526.381,0.11377490401904211
,,526.847,0.10723891059674351
,,527.313,0.10723891059674351
,,527.774,0.046236738180671644
,,528.244,0.1028816682202871
,,528.707,0.07673795424632157
,,529.169,0.11595365506488386
,,529.635,0.024450266583162072
,,530.1,0.006050689767259865
,,530.566,0.07238071186986517
,,531.033,0.046236738180671644
,,531.499,0.044058246850057436
,,531.966,0.1050604192661293
,,532.424,0.13338288428593703
,,532.889,0.07891670529216377
,,533.355,0.030015912410611634
,,533.825,0.04841548922651384
,,534.287,0.06923161322917393
,,534.755,0.0038721984366456574
,,535.218,0.09634567479798894
,,535.681,0.03970100447360103
,,536.151,0.14209736903884984
,,536.609,0.18784906327971074
,,537.08,0.2553872291180812
,,537.545,0.10723891059674351
,,538.01,0.00048530365503829387
,,538.469,0.050594240272355595
,,538.936,0.007021037362108906
,,539.402,0.03970100447360103
,,539.868,0.09416718346737474
,,540.334,0.11595365506488386
,,540.798,0.0016934473908034597
,,541.26,0.059308725025268405
,,541.729,0.17041983405865757
,,542.191,0.11595365506488386
,,542.655,0.00048530365503829387
,,543.124,0.0527727316029698
,,543.59,0.1007031768896729
,,544.054,0.1617053493057452
,,544.52,0.1508121135069902
,,544.984,0.044058246850057436
,,545.45,0.1551693558834466
,,545.914,0.23360075752057163
,,546.38,0.1050604192661293
,,546.844,0.11595365506488386
,,547.31,0.23577924885118584
,,547.773,0.18784906327971074
,,548.236,0.11595365506488386
,,548.699,0.18349182090325433
,,549.169,0.34689035788457545
,,549.635,0.21617152829951847
,,550.101,0.29678142126725815
,,550.559,0.34035436446227685
,,551.026,0.12684689086363887
,,551.492,0.19438505670200934
,,551.958,0.159526598259903
,,552.424,0.159526598259903
,,552.888,0.17913431881157038
,,553.354,0.26192322254037936
,,553.817,0.08763119004507613
,,554.28,0.1007031768896729
,,554.748,0.2139927772536767
,,555.21,0.2575657204486954
,,555.678,0.2575657204486954
,,556.139,0.18784906327971074
,,556.605,0.2706377072932922
,,557.069,0.22924325542888768
,,557.535,0.1508121135069902
,,557.999,0.28588818546850314
,,558.465,0.3686768294820846
,,558.929,0.4122500323923317
,,559.395,0.2553872291180812
,,559.86,0.264101713870994
,,560.325,0.3556051023527158
,,560.795,0.34689035788457545
,,561.258,0.38610605870313774
,,561.721,0.3534263513068736
,,562.191,0.2749949496697486
,,562.652,0.43185775294399864
,,563.114,0.3142106504883113
,,563.58,0.3512478599762594
,,564.047,0.38610605870313774
,,564.513,0.5386116196009318
,,564.98,0.3599623447291722
,,565.439,0.39046330107959415
,,565.904,0.33381863075520624
,,566.369,0.45146547349566646
,,566.843,0.28370969413788893
,,567.302,0.29678142126725815
,,567.77,0.7063676586739369
,,568.233,0.33381863075520624
,,568.695,0.34035436446227685
,,569.165,0.36649833815147037
,,569.624,0.44710823111921005
,,570.094,0.4797879385154742
,,570.56,0.5778273204194946
,,571.025,0.4863239319377728
,,571.484,0.5538620977761433
,,571.954,0.5429688619773883
,,572.42,0.4906811743142292
,,572.885,0.466716211386105
,,573.344,0.5538620977761433
,,573.814,0.6148642701922151
,,574.276,0.3795700652808396
,,574.744,0.4993959187823691
,,575.206,0.44492973978859585
,,575.669,0.44275098874275365
,,576.139,0.7172608944726919
,,576.606,0.4144285237229459
,,577.069,0.5538620977761433
,,577.535,0.6388294928355664
,,577.995,0.6366507417897243
,,578.461,0.4187857660994023
,,578.926,0.5778273204194946
,,579.391,0.4122500323923317
,,579.859,0.6301147483674256
,,580.324,0.540790110931546
,,580.785,0.4972171677365269
,,581.255,0.5843633138417932
,,581.718,0.14863336246114844
,,582.18,0.5386116196009318
,,582.648,0.5429688619773883
,,583.111,0.7194393858033061
,,583.577,0.8261932524602384
,,584.043,0.8044067808627293
,,584.509,0.7194393858033061
,,584.974,0.8392652393048357
,,585.44,0.4972171677365269
,,585.899,0.5582193401525988
,,586.365,0.6214002636145128
,,586.837,0.6780451936541292
,,587.296,0.5560408488219846
,,587.759,0.7542978442454116
,,588.228,0.6932956718293397
,,588.692,0.5996137920170037
,,589.154,0.7630123289983244
,,589.619,0.45800146691796506
,,590.09,0.7477618508231139
,,590.555,0.7826203092652202
,,591.015,0.6061497854393023
,,591.48,0.686759678407042
,,591.947,0.6126855191463729
,,592.413,0.6954744228751819
,,592.878,0.6671519578553742
,,593.343,0.8196572590379407
,,593.811,0.7172608944726919
,,594.273,0.6301147483674256
,,594.736,0.7129033923810075
,,595.199,0.8566942088106613
,,595.666,0.8871956845915383
,,596.136,0.6780451936541292
,,596.594,0.7521190931995703
,,597.066,0.5429688619773883
,,597.524,0.4972171677365269
,,597.989,0.5146463969575805
,,598.455,0.6105070278157587
,,598.922,0.9307686277865574
,,599.388,0.7499406018689561
,,599.855,0.675866442608287
,,600.32,0.6932956718293397
,,600.781,0.5778273204194946
,,601.25,0.5211823903798791
,,601.714,0.6039710343934601
,,602.176,0.5908990475488638
,,602.648,0.5582193401525988
,,603.11,0.8915526672527667
,,603.575,0.6845811870764269
,,604.04,0.6671519578553742
,,604.506,0.6932956718293397
,,604.966,0.7346901236937446
,,605.431,0.7826203092652202
,,605.895,0.6017922833476179
,,606.361,0.5538620977761433
,,606.825,0.7913347940181321
,,607.294,1.0222714968378241
,,607.755,0.7542978442454116
,,608.224,0.7041889076280947
,,608.685,0.5952565496405473
,,609.154,0.35778359368333
,,609.619,0.8370867479742214
,,610.082,1.0876314310608075
,,610.548,0.6954744228751819
,,611.014,0.6693304491859884
,,611.479,0.9460191059617689
,,611.944,0.9460191059617689
,,612.409,0.675866442608287
,,612.874,0.6562587220566192
,,613.34,0.6105070278157587
,,613.803,0.7346901236937446
,,614.265,0.6715092002318306
,,614.729,0.7303326216020603
,,615.199,0.540790110931546
,,615.662,0.6497227286343215
,,616.125,0.4187857660994023
,,616.59,0.7630123289983244
,,617.055,1.0593089660409998
,,617.52,0.6584372133872334
,,617.985,0.6519012199649357
,,618.451,0.8174787677073256
,,618.918,0.6061497854393023
,,619.383,0.5756485693736524
,,619.848,0.8000492787710449
,,620.314,0.6671519578553742
,,620.777,0.6976529142057961
,,621.24,0.9307686277865574
,,621.707,0.9460191059617689
,,622.169,0.8196572590379407
,,622.635,0.7346901236937446
,,623.1,0.6148642701922151
,,623.566,0.6932956718293397
,,624.033,0.5908990475488638
,,624.499,0.7063676586739369
,,624.959,0.6061497854393023
,,625.425,0.7978707874404307
,,625.892,0.8828381824998548
,,626.357,0.6214002636145128
,,626.825,0.6671519578553742
,,627.288,0.8261932524602384
,,627.755,0.6932956718293397
,,628.218,0.8349077372131513
,,628.681,0.6148642701922151
,,629.151,0.9699840688898922
,,629.609,0.9590910928063652
,,630.079,0.6301147483674256
,,630.544,0.956912082045295
,,631.01,0.7085461500045511
,,631.476,0.6802236849847434
,,631.934,0.8610517109023448
,,632.399,0.5429688619773883
,,632.866,0.6715092002318306
,,633.331,0.5952565496405473
,,633.8,0.780441817934606
,,634.262,0.6606159644330756
,,634.725,0.8959101693444511
,,635.195,0.5625765825290552
,,635.659,0.9895920491567871
,,636.121,0.7107249010503933
,,636.587,0.6301147483674256
,,637.051,0.832729245882537
,,637.516,0.7739058245123074
,,637.981,0.8349077372131513
,,638.447,0.7346901236937446
,,638.911,0.8654092129940292
,,639.377,0.728154130271446
,,639.844,0.7782628071735358
,,640.309,0.6540799710107779
,,640.769,1.0854524202997382
,,641.239,0.5887205562182487
,,641.7,0.5778273204194946
,,642.169,0.7499406018689561
,,642.635,0.7477618508231139
,,643.1,0.8283717437908527
,,643.566,0.5538620977761433
,,644.026,0.7020101565822525
,,644.492,0.6693304491859884
,,644.958,0.6410079841661807
,,645.424,0.6257575059909692
,,645.888,0.8610517109023448
,,646.354,0.780441817934606
,,646.814,0.8022282895321151
,,647.284,0.7325113726479024
,,647.747,0.6170430212380573
,,648.211,0.6126855191463729
,,648.674,0.9830560557344894
,,649.143,0.8109427742850279
,,649.609,0.7259753792256038
,,650.072,0.7107249010503933
,,650.538,0.9547335907146808
,,651.003,0.6388294928355664
,,651.469,0.7063676586739369
,,651.929,0.7913347940181321
,,652.394,0.9351256104477859
,,652.861,0.8370867479742214
,,653.326,0.6627944557636898
,,653.791,0.6388294928355664
,,654.261,0.6715092002318306
,,654.721,0.7477618508231139
,,655.184,0.8109427742850279
,,655.655,0.8458012327271343
,,656.117,0.7608338376677102
,,656.582,0.8261932524602384
,,657.048,0.7216181368491474
,,657.514,0.6410079841661807
,,657.981,0.8915526672527667
,,658.439,0.8610517109023448
,,658.91,0.8240147611296242
,,659.369,0.9155176301808909
,,659.844,0.9830560557344894
,,660.303,0.7826203092652202
,,660.765,0.8261932524602384
,,661.235,0.8370867479742214
,,661.696,0.6671519578553742
,,662.166,0.8370867479742214
,,662.624,0.7956922961098165
,,663.094,0.7129033923810075
,,663.559,0.8458012327271343
,,664.025,0.6889384294528833
,,664.491,0.6932956718293397
,,664.956,0.7237966281797625
,,665.414,0.8915526672527667
,,665.881,0.9721625602205064
,,666.346,0.7477618508231139
,,666.814,0.7455833594924997
,,667.277,0.5538620977761433
,,667.74,0.728154130271446
,,668.21,0.582184562795951
,,668.673,0.6322934994132678
,,669.136,0.8349077372131513
,,669.602,0.7216181368491474
,,670.068,0.6192215125686715
,,670.534,0.8545157174800462
,,670.999,0.7325113726479024
,,671.465,0.6039710343934601
,,671.925,0.6105070278157587
,,672.391,0.560398091198441
,,672.858,0.9024461627667497
,,673.324,0.6475439775884793
,,673.784,0.8893741759221525
,,674.255,0.8065852721933435
,,674.718,0.6780451936541292
,,675.18,0.7216181368491474
,,675.648,0.6301147483674256
,,676.11,0.6671519578553742
,,676.576,0.6584372133872334
,,677.043,0.8349077372131513
,,677.509,0.9917705404874013
,,677.974,0.9198751322725753
,,678.44,0.6497227286343215
,,678.899,0.6126855191463729
,,679.365,0.7194393858033061
,,679.829,0.7499406018689561
,,680.299,0.7041889076280947
,,680.762,0.6693304491859884
,,681.225,0.7020101565822525
,,681.695,0.874123697746942
,,682.158,0.540790110931546
,,682.623,0.664973206809532
,,683.086,0.8022282895321151
,,683.552,0.9089821561890483
,,684.017,0.6671519578553742
,,684.483,0.8610517109023448
,,684.948,0.9460191059617689
,,685.414,0.8087642829544137
,,685.881,0.6475439775884793
,,686.339,0.5647553335748974
,,686.81,0.6824024360305856
,,687.273,0.8370867479742214
,,687.736,0.7041889076280947
,,688.199,0.8349077372131513
,,688.67,0.7826203092652202
,,689.132,0.6671519578553742
,,689.598,0.5669340846207396
,,690.062,0.6932956718293397
,,690.527,0.7499406018689561
,,690.992,0.5255396327563346
,,691.458,0.6671519578553742
,,691.925,0.9547335907146808
,,692.391,0.4972171677365269
,,692.855,0.6170430212380573
,,693.314,0.6388294928355664
,,693.784,0.7020101565822525
,,694.247,0.7630123289983244
,,694.714,0.7564763355760267
,,695.177,0.7216181368491474
,,695.647,0.5669340846207396
,,696.11,0.832729245882537
,,696.576,0.5843633138417932
,,697.04,0.675866442608287
,,697.506,0.4972171677365269
,,697.971,0.529896875132791
,,698.429,0.6105070278157587
,,698.895,0.3773915739502254
,,699.361,0.7826203092652202
,,699.829,0.8109427742850279
,,700.292,0.6780451936541292
,,700.755,0.7760843158429216
,,701.225,0.6976529142057961
,,701.688,0.8501582153883627
,,702.151,0.6475439775884793
,,702.617,0.571291326997196
,,703.08,0.6845811870764269
,,703.545,0.5538620977761433
,,704.01,0.7063676586739369
,,704.476,0.7782628071735358
,,704.94,0.5756485693736524
,,705.405,0.7826203092652202
,,705.87,0.6083282767699165
,,706.336,0.8370867479742214
,,706.8,0.6301147483674256
,,707.269,0.45582297558734997
,,707.733,0.6388294928355664
,,708.195,0.4972171677365269
,,708.663,0.5059319122046677
,,709.125,0.758655346337096
,,709.591,0.5538620977761433
,,710.055,1.0048425273319985
,,710.52,0.6105070278157587
,,710.985,0.7542978442454116
,,711.45,0.7063676586739369
,,711.918,0.5255396327563346
,,712.383,0.5473261043538447
,,712.847,0.6736879512776728
,,713.313,0.8588732195717306
,,713.781,0.7564763355760267
,,714.243,0.6388294928355664
,,714.707,0.6562587220566192
,,715.169,0.6475439775884793
,,715.635,0.5734700780430382
,,716.1,0.5887205562182487
,,716.566,0.9438400952006987
,,717.032,0.540790110931546
,,717.498,0.8392652393048357
,,717.962,0.4972171677365269
,,718.428,0.7129033923810075
,,718.892,0.7630123289983244
,,719.357,0.5974350409711615
,,719.825,0.5843633138417932
,,720.288,0.7020101565822525
,,720.751,0.6562587220566192
,,721.221,0.6911169207834975
,,721.685,0.6780451936541292
,,722.147,0.8349077372131513
,,722.614,0.7630123289983244
,,723.076,0.7216181368491474
,,723.542,0.5756485693736524
,,724.006,0.6148642701922151
,,724.472,0.758655346337096
,,724.937,0.6562587220566192
,,725.403,0.8022282895321151
,,725.869,0.6105070278157587
,,726.335,0.7063676586739369
,,726.799,0.44928698216505225
,,727.261,0.739047366070201
,,727.729,0.7346901236937446
,,728.191,0.5538620977761433
,,728.655,0.7041889076280947
,,729.124,0.4950386764059127
,,729.59,0.5538620977761433
,,730.054,0.6497227286343215
,,730.52,0.7477618508231139
,,730.984,0.4122500323923317
,,731.45,0.5364328685550896
,,731.915,0.44928698216505225
,,732.381,0.4863239319377728
,,732.84,0.6126855191463729
,,733.306,0.5277183838021768
,,733.774,0.5386116196009318
,,734.236,0.4100712813464895
,,734.699,0.4950386764059127
,,735.169,0.6388294928355664
,,735.635,0.571291326997196
,,736.101,0.529896875132791
,,736.559,0.45146547349566646
,,737.025,0.7107249010503933
,,737.491,0.4972171677365269
,,737.955,0.529896875132791
,,738.42,0.5887205562182487
,,738.885,0.45364422454150866
,,739.351,0.9002671520056795
,,739.814,0.5386116196009318
,,740.284,0.5146463969575805
,,740.747,0.4972171677365269
,,741.21,0.63447225045911
,,741.677,0.6214002636145128
,,742.14,0.44710823111921005
,,742.605,0.47760944718486
,,743.07,0.758655346337096
,,743.535,0.6061497854393023
,,744.003,0.4078925303006473
,,744.468,0.6388294928355664
,,744.933,0.7216181368491474
,,745.398,0.36649833815147037
,,745.859,0.7237966281797625
,,746.324,0.44057223769691145
,,746.796,0.3294611286635223
,,747.258,0.5647553335748974
,,747.721,0.4885026829836141
,,748.184,0.6932956718293397
,,748.655,0.4841454406071586
,,749.117,0.5146463969575805
,,749.583,0.466716211386105
,,750.047,0.5102891545811241
,,750.513,0.5865418051724074
,,750.98,0.39046330107959415
,,751.439,0.39046330107959415
,,751.91,0.5930777985947051
,,752.369,0.5059319122046677
,,752.841,0.6279362570368114
,,753.299,0.5930777985947051
,,753.769,0.45146547349566646
,,754.232,0.5930777985947051
,,754.699,0.5538620977761433
,,755.162,0.5015744101129833
,,755.628,0.6693304491859884
,,756.091,0.38610605870313774
,,756.557,0.3643195871056286
,,757.021,0.4950386764059127
,,757.487,0.6671519578553742
,,757.952,0.5538620977761433
,,758.417,0.4209645171452445
,,758.884,0.44928698216505225
,,759.35,0.4819666895613164
,,759.81,0.7129033923810075
,,760.279,0.5516833467303011
,,760.74,0.4144285237229459
,,761.211,0.5277183838021768
,,761.673,0.4972171677365269
,,762.136,0.4928599253600705
,,762.601,0.44057223769691145
,,763.068,0.3294611286635223
,,763.534,0.44057223769691145
,,763.995,0.5560408488219846
,,764.46,0.34471186655396124
,,764.927,0.5538620977761433
,,765.393,0.29678142126725815
,,765.859,0.675866442608287
,,766.325,0.4100712813464895
,,766.788,0.44057223769691145
,,767.25,0.6192215125686715
,,767.718,0.6105070278157587
,,768.181,0.5102891545811241
,,768.644,0.5342543772244754
,,769.113,0.29678142126725815
,,769.579,0.2488512356957826
,,770.045,0.29678142126725815
,,770.504,0.4122500323923317
,,770.97,0.5124679056269663
,,771.436,0.3098534081118549
,,771.903,0.4688947027167192
,,772.368,0.34471186655396124
,,772.829,0.4144285237229459
,,773.299,0.22706476409827347
,,773.762,0.28588818546850314
,,774.225,0.4035352879241909
,,774.692,0.44710823111921005
,,775.154,0.23577924885118584
,,775.62,0.3686768294820846
,,776.09,0.159526598259903
,,776.556,0.33381863075520624
,,777.017,0.45800146691796506
,,777.483,0.26845895624745
,,777.947,0.19656354803262355
,,778.413,0.21617152829951847
,,778.88,0.24231524227348444
,,779.339,0.2096355348772203
,,779.806,0.3512478599762594
,,780.269,0.3599623447291722
,,780.736,0.3272826373329081
,,781.206,0.2118142859230625
,,781.666,0.2553872291180812
,,782.136,0.3534263513068736
,,782.594,0.3272826373329081
,,783.066,0.3207466439106095
,,783.525,0.4209645171452445
,,783.992,0.13991887770823563
,,784.457,0.42532175952170004
,,784.922,0.45364422454150866
,,785.387,0.27281645833913437
,,785.852,0.21617152829951847
,,786.318,0.14863336246114844
,,786.781,0.2510299867416248
,,787.25,0.13774012666239344
,,787.714,0.2074567838313781
,,788.176,0.22270752172181707
,,788.647,0.2052782925007639
,,789.11,0.2575657204486954
,,789.575,0.10723891059674351
,,790.041,0.2096355348772203
,,790.506,0.10723891059674351
,,790.966,0.159526598259903
,,791.431,0.18784906327971074
,,791.897,0.1508121135069902
,,792.362,0.2139927772536767
,,792.825,0.08109519662277798
,,793.294,0.29678142126725815
,,793.755,0.08109519662277798
,,794.224,0.13774012666239344
,,794.685,0.18784906327971074
,,795.154,0.10723891059674351
,,795.62,0.1050604192661293
,,796.082,0.14427612008469204
,,796.548,0.03316501105130243
,,797.015,0.10723891059674351
,,797.48,0.08109519662277798
,,797.94,0.03219440374122584
,,798.405,0.13120413324009528
,,798.87,0.1551693558834466
,,799.335,0.034373154787067595
,,799.799,0.07891670529216377
,,800.269,0.02565867003415523
,,800.729,0.016943925566014872
,,801.199,0.008229440813102062
,,801.662,0.007021037362108906
,,802.125,0.016943925566014872
,,802.59,0.03316501105130243
,,803.055,0.044058246850057436
,,803.52,0.056159626384577166
,,803.985,0.0452663905858226
,,804.451,0.017914273160863914
,,804.917,0.030015912410611634
,,805.383,0.08230334035854314
,,805.847,0.06487437085271752
,,806.313,0.019122676611856626
,,806.781,0.004842546031494699
,,807.243,0.06705286218333217
,,807.706,0.05398113505396296
,,808.169,0.08230334035854314
,,808.636,0.14766301486629896
,,809.101,0.02347991898831303
,,809.567,0.08012484902792893
,,810.032,0.46356711274541373
,,810.498,0.058338377430419364
,,810.962,0.12369779222294763
,,811.428,0.11934054984649123
,,811.895,0.10191132062543806
,,812.354,0.10191132062543806
,,812.821,0.16509224408735212
,,813.284,0.12151904117710544
,,813.751,0.11062580537835087
,,814.22,0.11062580537835087
,,814.684,0.11716179880064947
,,815.147,0.0844820914043849
,,815.613,0.1411270214440008
,,816.075,0.1454842638204572
,,816.541,0.11498330747003482
,,817.006,0.1498415061969136
,,817.472,0.11934054984649123
,,817.937,0.15637749961921177
,,818.403,0.09755407824898166
,,818.87,0.13023378564524624
,,819.336,0.15637749961921177
,,819.796,0.18252121359317774
,,820.266,0.17598547988610713
,,820.729,0.18252121359317774
,,821.191,0.21955842308112583
,,821.655,0.22609441650342443
,,822.124,0.236987652302179
,,822.59,0.15855625066505397
,,823.055,0.23263015021049505
,,823.52,0.21084367861298547
,,823.985,0.2914538312959527
,,824.451,0.22827290783403864
,,824.91,0.1999504428142309
,,825.376,0.5071400559404329
,,825.841,0.23263015021049505
,,826.307,0.27620335312074173
,,826.769,0.20212919386007266
,,827.239,0.236987652302179
,,827.703,0.20866518728237127
,,828.165,0.23263015021049505
,,828.631,0.2609526152303028
,,829.095,0.22827290783403864
,,829.561,0.24788088810093356
,,830.025,0.25223813047738997
,,830.491,0.23263015021049505
,,830.955,0.23263015021049505
,,831.421,0.1912359580613181
,,831.888,0.263131366276145
,,832.354,0.20212919386007266
,,832.814,0.004842546031494699
,,833.284,0.24788088810093356
,,833.747,0.263131366276145
,,834.209,0.3001683160488655
,,834.677,0.2914538312959527
,,835.14,0.2870965889194963
,,835.605,0.25877412389968857
,,836.069,0.27184585102905734
,,836.535,0.2892750802501105
,,836.999,0.2892750802501105
,,837.465,0.2936323226265669
,,837.93,0.28273908682781235
,,838.396,0.2936323226265669
,,838.862,0.31541905393930403
,,839.328,0.3132403028934623
,,839.796,0.32195478764637464
,,840.258,0.32631228973805904
,,840.721,0.2348089012563368
,,841.191,0.31977629631576043
,,841.651,0.3459200102897264
,,842.114,0.356813246088481
,,842.58,0.356813246088481
,,843.047,0.3546344950426388
,,843.513,0.40038618928349967
,,843.977,0.3633492395107796
,,844.442,0.3894929534847451
,,844.907,0.3611704884649374
,,845.373,0.37424247530953414
,,845.84,0.3938501958612015
,,846.305,0.36770648188723554
,,846.766,0.36770648188723554
,,847.229,0.38295696006244695
,,847.699,0.3894929534847451
,,848.161,0.3633492395107796
,,848.627,0.4069221827057983
,,849.09,0.40038618928349967
,,849.556,0.37642122635537634
,,850.025,0.3807784687318323
,,850.49,0.3894929534847451
,,850.955,0.36988523293307773
,,851.42,0.3459200102897264
,,851.885,0.3633492395107796
,,852.344,0.3851357111082887
,,852.814,0.3633492395107796
,,853.277,0.3807784687318323
,,853.74,0.3960289469070437
,,854.21,0.356813246088481
,,854.673,0.40038618928349967
,,855.136,0.41999416955039504
,,855.601,0.42653016297269364
,,856.068,0.3894929534847451
,,856.534,0.25441688152323216
,,856.999,0.38295696006244695
,,857.465,0.356813246088481
,,857.93,0.40038618928349967
,,858.395,0.3894929534847451
,,858.855,0.40038618928349967
,,859.32,0.3916717045305873
,,859.788,0.37206372426369194
,,860.251,0.39820769795288546
,,860.714,0.40038618928349967
,,861.184,0.3633492395107796
,,861.644,0.3807784687318323
,,862.114,0.44831663457020277
,,862.58,0.38295696006244695
,,863.045,0.37859971768599054
,,863.51,0.3807784687318323
,,863.97,0.40038618928349967
,,864.435,0.3916717045305873
,,864.9,0.3873144621541309
,,865.366,0.38295696006244695
,,865.84,0.37642122635537634
,,866.298,0.37859971768599054
,,866.759,0.3611704884649374
,,867.228,0.3633492395107796
,,867.692,0.3611704884649374
,,868.154,0.4069221827057983
,,868.62,0.37859971768599054
,,869.09,0.3807784687318323
,,869.556,0.3546344950426388
,,870.014,0.3546344950426388
,,870.479,0.3459200102897264
,,870.951,0.3546344950426388
,,871.409,0.36988523293307773
,,871.881,0.40256494032934187
,,872.339,0.3916717045305873
,,872.807,0.37642122635537634
,,873.269,0.3633492395107796
,,873.74,0.3633492395107796
,,874.203,0.3459200102897264
,,874.666,0.37206372426369194
,,875.129,0.36988523293307773
,,875.594,0.3546344950426388
,,876.066,0.3546344950426388
,,876.524,0.3393840168674278
,,876.995,0.3437412592438842
,,877.454,0.36770648188723554
,,877.919,0.3459200102897264
,,878.384,0.37206372426369194
,,878.851,0.35245600371202457
,,879.317,0.3393840168674278
,,879.781,0.37206372426369194
,,880.25,0.37424247530953414
,,880.714,0.35245600371202457
,,881.176,0.3633492395107796
,,881.644,0.37424247530953414
,,882.106,0.3459200102897264
,,882.572,0.30234706709470727
,,883.036,0.37206372426369194
,,883.502,0.3459200102897264
,,883.969,0.36552799055662133
,,884.435,0.3894929534847451
,,884.9,0.3633492395107796
,,885.366,0.37642122635537634
,,885.829,0.36770648188723554
,,886.292,0.3807784687318323
,,886.754,0.36770648188723554
,,887.224,0.4853535843429233
,,887.685,0.37206372426369194
,,888.155,0.37859971768599054
,,888.62,0.36988523293307773
,,889.083,0.3894929534847451
,,889.549,0.3633492395107796
,,890.014,0.3372055255368136
,,890.479,0.3851357111082887
,,890.944,0.36988523293307773
,,891.409,0.3546344950426388
,,891.873,0.38295696006244695
,,892.339,0.37206372426369194
,,892.802,0.36770648188723554
,,893.265,0.3546344950426388
,,893.733,0.3546344950426388
,,894.195,0.35027725266618237
,,894.659,0.36770648188723554
,,895.128,0.3633492395107796
,,895.594,0.37206372426369194
,,896.058,0.40038618928349967
,,896.524,0.3960289469070437
,,896.984,0.356813246088481
,,897.45,0.3546344950426388
,,897.914,0.3459200102897264
,,898.38,0.3459200102897264
,,898.844,0.37424247530953414
,,899.309,0.34809876133556816
,,899.777,0.3459200102897264
,,900.24,0.3459200102897264
,,900.711,0.37859971768599054
,,901.173,0.3350267744909714
,,901.639,0.3437412592438842
,,902.104,0.37859971768599054
,,902.57,0.3633492395107796
,,903.029,0.36552799055662133
,,903.494,0.3546344950426388
,,903.959,0.3807784687318323
,,904.426,0.3807784687318323
,,904.892,0.3350267744909714
,,905.357,0.3611704884649374
,,905.825,0.3894929534847451
,,906.288,0.37206372426369194
,,906.751,0.0953753272031399
,,907.221,0.3633492395107796
,,907.681,0.3546344950426388
,,908.144,0.3393840168674278
,,908.609,0.1999504428142309
,,909.08,0.37424247530953414
,,909.545,0.36988523293307773
,,910.01,0.3546344950426388
,,910.476,0.6814320884357361
,,910.94,0.37859971768599054
,,911.399,0.42217266088100924
,,911.866,0.37424247530953414
,,912.331,0.3546344950426388
,,912.799,0.3894929534847451
,,913.261,0.3894929534847451
,,913.729,0.36770648188723554
,,914.191,0.3546344950426388
,,914.655,0.37206372426369194
,,915.125,0.37642122635537634
,,915.59,0.3633492395107796
,,916.055,0.3807784687318323
,,916.521,0.1454842638204572
,,916.984,0.38295696006244695
,,917.45,0.3546344950426388
,,917.915,0.34809876133556816
,,918.381,0.4308874053491496
,,918.84,0.37206372426369194
,,919.306,0.3546344950426388
,,919.773,0.3546344950426388
,,920.236,0.40038618928349967
,,920.699,0.38295696006244695
,,921.169,0.40038618928349967
,,921.635,0.41781541850455284
,,922.1,0.4047434316599561
,,922.559,0.36770648188723554
,,923.025,0.3873144621541309
,,923.491,0.3633492395107796
,,923.955,0.3546344950426388
,,924.421,0.3851357111082887
,,924.888,0.3851357111082887
,,925.354,0.40038618928349967
,,925.814,0.3894929534847451
,,926.284,0.37859971768599054
,,926.747,0.37206372426369194
,,927.211,0.37424247530953414
,,927.681,0.38295696006244695
,,928.143,0.38295696006244695
,,928.609,0.40038618928349967
,,929.072,0.37206372426369194
,,929.538,0.4112794250822547
,,930.003,0.40910093375164047
,,930.469,0.27184585102905734
,,930.932,0.37859971768599054
,,931.398,0.37859971768599054
,,931.863,0.38295696006244695
,,932.329,0.40038618928349967
,,932.792,0.3894929534847451
,,933.254,0.3807784687318323
,,933.722,0.37206372426369194
,,934.185,0.37206372426369194
,,934.655,0.37206372426369194
,,935.117,0.37206372426369194
,,935.583,0.37206372426369194
,,936.044,0.40038618928349967
,,936.509,0.3894929534847451
,,936.977,0.38295696006244695
,,937.443,0.42217266088100924
,,937.91,0.39820769795288546
,,938.376,0.4069221827057983
,,938.841,0.37642122635537634
,,939.299,0.3894929534847451
,,939.769,0.36988523293307773
,,940.232,0.39820769795288546
,,940.7,0.3916717045305873
,,941.162,0.35027725266618237
,,941.627,0.40038618928349967
,,942.09,0.40038618928349967
,,942.556,0.37424247530953414
,,943.021,0.3437412592438842
,,943.487,0.3807784687318323
,,943.954,0.37859971768599054
,,944.42,0.40256494032934187
,,944.884,0.3960289469070437
,,945.35,0.3894929534847451
,,945.81,0.38295696006244695
,,946.28,0.3807784687318323
,,946.743,0.3633492395107796
,,947.206,0.3459200102897264
,,947.67,0.3851357111082887
,,948.139,0.37642122635537634
,,948.605,0.34156276791327
,,949.069,0.37642122635537634
,,949.535,0.37424247530953414
,,949.999,0.3894929534847451
,,950.464,0.4047434316599561
,,950.929,0.3916717045305873
,,951.395,0.37206372426369194
,,951.855,0.37424247530953414
,,952.32,0.3938501958612015
,,952.788,0.3960289469070437
,,953.25,0.3960289469070437
,,953.714,0.39820769795288546
,,954.184,0.3807784687318323
,,954.648,0.3916717045305873
,,955.11,0.3611704884649374
,,955.576,0.40038618928349967
,,956.04,0.36770648188723554
,,956.506,0.37424247530953414
,,956.973,0.4592098703689578
,,957.439,0.44831663457020277
,,957.904,0.35027725266618237
,,958.37,0.3546344950426388
,,958.832,0.40038618928349967
,,959.295,0.37206372426369194
,,959.766,0.37424247530953414
,,960.229,0.36770648188723554
,,960.692,0.36770648188723554
,,961.154,0.3459200102897264
,,961.62,0.3938501958612015
,,962.09,0.37206372426369194
,,962.556,0.3807784687318323
,,963.014,0.40038618928349967
,,963.479,0.39820769795288546
,,963.944,0.40038618928349967
,,964.41,0.38295696006244695
,,964.878,0.3633492395107796
,,965.343,0.3960289469070437
,,965.806,0.3894929534847451
,,966.269,0.3960289469070437
,,966.737,0.41999416955039504
,,967.199,0.42870865430330785
,,967.669,0.3894929534847451
,,968.132,0.37424247530953414
,,968.597,0.41345817612809643
,,969.061,0.37424247530953414
,,969.526,0.3960289469070437
,,969.991,0.39820769795288546
,,970.457,0.37424247530953414
,,970.922,0.40038618928349967
,,971.388,0.3611704884649374
,,971.856,0.40256494032934187
,,972.314,0.3960289469070437
,,972.784,0.3633492395107796
,,973.247,0.3894929534847451
,,973.715,0.40038618928349967
,,974.177,0.40038618928349967
,,974.647,0.3938501958612015
,,975.11,0.3807784687318323
,,975.576,0.3807784687318323
,,976.041,0.38295696006244695
,,976.499,0.36770648188723554
,,976.966,0.3393840168674278
,,977.432,0.5419985143825392
,,977.896,0.3546344950426388
,,978.362,0.40910093375164047
,,978.825,0.3894929534847451
,,979.294,0.38295696006244695
,,979.755,0.3894929534847451
,,980.225,0.37642122635537634
,,980.685,0.3894929534847451
,,981.154,0.39820769795288546
,,981.62,0.3546344950426388
,,982.082,0.40038618928349967
,,982.548,0.37859971768599054
,,983.014,0.4069221827057983
,,983.48,0.11934054984649123
,,983.94,0.40256494032934187
,,984.405,0.36770648188723554
,,984.87,0.40038618928349967
,,985.336,0.3894929534847451
,,985.799,0.40038618928349967
,,986.268,0.40038618928349967
,,986.729,0.3807784687318323
,,987.199,0.37206372426369194
,,987.662,0.40038618928349967
,,988.124,0.3807784687318323
,,988.59,0.40038618928349967
,,989.054,0.40038618928349967
,,989.52,0.4047434316599561
,,989.984,0.3894929534847451
,,990.45,0.37642122635537634
,,990.914,0.3546344950426388
,,991.379,0.3851357111082887
,,991.844,0.39820769795288546
,,992.31,0.37424247530953414
,,992.781,0.37206372426369194
,,993.243,0.40038618928349967
,,993.706,0.40038618928349967
,,994.169,0.4112794250822547
,,994.635,0.40038618928349967
,,995.1,0.37424247530953414
,,995.565,0.3960289469070437
,,996.033,0.3894929534847451
,,996.498,0.3894929534847451
,,996.963,0.6792533373898944
,,997.429,0.06487437085271752
,,997.895,0.40038618928349967
,,998.354,0.40038618928349967
,,998.821,0.4112794250822547
,,999.284,0.37642122635537634
,,999.752,0.3960289469070437
,,1000.215,0.37206372426369194
,,1000.685,0.40256494032934187
,,1001.147,0.37206372426369194
,,1001.612,0.40038618928349967
,,1002.075,0.3894929534847451
,,1002.541,0.3960289469070437
,,1003.006,0.28273908682781235
,,1003.472,0.3938501958612015
,,1003.937,0.40038618928349967
,,1004.403,0.3894929534847451
,,1004.87,0.3807784687318323
,,1005.329,0.3960289469070437
,,1005.799,0.40256494032934187
,,1006.261,0.3807784687318323
,,1006.73,0.40038618928349967
,,1007.192,0.3894929534847451
,,1007.655,0.37206372426369194
,,1008.125,0.37424247530953414
,,1008.59,0.3807784687318323
,,1009.055,0.3546344950426388
,,1009.52,0.41345817612809643
,,1009.984,0.3807784687318323
,,1010.45,0.3611704884649374
,,1010.915,0.37206372426369194
,,1011.381,0.39820769795288546
,,1011.841,0.3633492395107796
,,1012.307,0.3807784687318323
,,1012.77,0.37642122635537634
,,1013.24,0.37424247530953414
,,1013.703,0.3894929534847451
,,1014.165,0.37206372426369194
,,1014.631,0.44831663457020277
,,1015.095,0.3546344950426388
,,1015.56,0.40910093375164047
,,1016.026,0.37424247530953414
,,1016.491,0.4570311193231156
,,1016.958,0.3807784687318323
,,1017.424,0.37642122635537634
,,1017.888,0.3459200102897264
,,1018.354,0.37424247530953414
,,1018.814,0.37424247530953414
,,1019.284,0.36988523293307773
,,1019.747,0.37424247530953414
,,1020.21,0.3960289469070437
,,1020.681,0.37206372426369194
,,1021.144,0.3807784687318323
,,1021.609,0.3960289469070437
,,1022.072,0.37206372426369194
,,1022.538,0.3633492395107796
,,1023.003,0.37206372426369194
,,1023.469,0.3546344950426388
,,1023.933,0.3633492395107796
,,1024.398,0.3459200102897264
,,1024.863,0.36770648188723554
,,1025.329,0.3546344950426388
,,1025.792,0.3546344950426388
,,1026.254,0.37642122635537634
,,1026.722,0.37859971768599054
,,1027.184,0.37206372426369194
,,1027.655,0.3372055255368136
,,1028.117,0.38295696006244695
,,1028.583,0.31759754526991824
,,1029.048,0.3633492395107796
,,1029.514,0.40038618928349967
,,1029.98,0.3807784687318323
,,1030.439,0.37424247530953414
,,1030.91,0.36770648188723554
,,1031.369,0.37859971768599054
,,1031.844,0.37206372426369194
,,1032.302,0.37206372426369194
,,1032.766,0.3459200102897264
,,1033.229,0.3633492395107796
,,1033.699,0.3459200102897264
,,1034.162,0.3459200102897264
,,1034.627,0.3807784687318323
,,1035.091,0.3372055255368136
,,1035.556,0.36988523293307773
,,1036.021,0.41345817612809643
,,1036.487,0.3459200102897264
,,1036.952,0.3633492395107796
,,1037.417,0.36770648188723554
,,1037.885,0.31977629631576043
,,1038.35,0.3546344950426388
,,1038.81,0.39820769795288546
,,1039.28,0.3459200102897264
,,1039.743,0.30888306051700587
,,1040.206,0.3393840168674278
,,1040.67,0.3437412592438842
,,1041.14,0.36770648188723554
,,1041.605,0.32849078106867324
,,1042.069,0.3437412592438842
,,1042.535,0.3546344950426388
,,1042.999,0.3372055255368136
,,1043.465,0.3372055255368136
,,1043.925,0.37206372426369194
,,1044.391,0.32849078106867324
,,1044.859,0.3459200102897264
,,1045.324,0.37859971768599054
,,1045.785,0.35899199713432317
,,1046.255,0.31977629631576043
,,1046.718,0.3459200102897264
,,1047.18,0.32413353869221684
,,1047.644,0.3045255584253215
,,1048.113,0.30888306051700587
,,1048.579,0.2892750802501105
,,1049.043,0.3459200102897264
,,1049.509,0.31541905393930403
,,1049.974,0.3393840168674278
,,1050.44,0.3393840168674278
,,1050.899,0.3110615518476201
,,1051.364,0.3110615518476201
,,1051.833,0.3110615518476201
,,1052.294,0.3393840168674278
,,1052.763,0.30888306051700587
,,1053.225,0.3372055255368136
,,1053.696,0.3001683160488655
,,1054.159,0.2914538312959527
,,1054.625,0.31977629631576043
,,1055.087,0.31541905393930403
,,1055.553,0.31977629631576043
,,1056.018,0.32849078106867324
,,1056.484,0.2870965889194963
,,1056.951,0.2958110736724091
,,1057.409,0.35027725266618237
,,1057.881,0.3110615518476201
,,1058.339,0.263131366276145
,,1058.807,0.28273908682781235
,,1059.269,0.2849178378736541
,,1059.74,0.2914538312959527
,,1060.203,0.2870965889194963
,,1060.67,0.3110615518476201
,,1061.132,0.3110615518476201
,,1061.598,0.3001683160488655
,,1062.061,0.29798982471825086
,,1062.527,0.28273908682781235
,,1062.994,0.2892750802501105
,,1063.459,0.2805605954971977
,,1063.919,0.31759754526991824
,,1064.384,0.2805605954971977
,,1064.851,0.25877412389968857
,,1065.317,0.26966735969844313
,,1065.785,0.263131366276145
,,1066.247,0.26748860865260093
,,1066.71,0.23263015021049505
,,1067.18,0.236987652302179
,,1067.639,0.2348089012563368
,,1068.11,0.263131366276145
,,1068.576,0.22609441650342443
,,1069.041,0.21302242965882767
,,1069.499,0.5594277436035924
,,1069.966,0.22173691441174004
,,1070.431,0.2653101173219867
,,1070.896,0.2413448946786354
,,1071.362,0.1999504428142309
,,1071.825,0.21520118070466943
,,1072.294,0.22827290783403864
,,1072.755,0.22827290783403864
,,1073.224,0.1912359580613181
,,1073.685,0.16944948646380853
,,1074.154,0.1912359580613181
,,1074.619,0.18034272226256354
,,1075.082,0.1999504428142309
,,1075.548,0.1454842638204572
,,1076.014,0.14766301486629896
,,1076.479,0.043087899255208395
,,1076.945,0.1868787156848617
,,1077.41,0.20212919386007266
,,1077.87,0.16073474199566817
,,1078.336,0.18252121359317774
,,1078.799,0.15855625066505397
,,1079.269,0.14766301486629896
,,1079.732,0.16727073541796633
,,1080.195,0.143305512774615
,,1080.662,0.23263015021049505
,,1081.125,0.10191132062543806
,,1081.591,0.15855625066505397
,,1082.054,0.12369779222294763
,,1082.52,0.143305512774615
,,1082.984,0.14766301486629896
,,1083.449,0.11062580537835087
,,1083.914,0.11716179880064947
,,1084.38,0.08012484902792893
,,1084.845,0.0409091482093662
,,1085.311,0.11062580537835087
,,1085.774,0.12151904117710544
,,1086.243,0.11498330747003482
,,1086.71,0.0931968358725257
,,1087.173,0.1454842638204572
,,1087.644,0.11934054984649123
,,1088.099,0.11934054984649123
,,1088.564,0.10191132062543806
,,1089.03,0.05180238400812076
,,1089.496,0.06923161322917393
,,1089.962,0.05398113505396296
,,1090.427,0.0953753272031399
,,1090.892,0.11716179880064947
,,1091.358,0.06051686876103357
,,1091.825,0.034373154787067595
,,1092.287,0.08230334035854314
,,1092.751,0.0474451416316648
,,1093.221,0.006050689767259865
,,1093.684,0.10844731404773666
,,1094.147,0.058338377430419364
,,1094.613,0.09755407824898166
,,1095.075,0.0931968358725257
,,1095.541,0.07358885560563033
,,1096.01,0.09755407824898166
,,1096.476,0.06923161322917393
,,1096.94,0.0931968358725257
,,1097.406,0.06487437085271752
,,1097.866,0.20430794490591486
,,1098.332,0.08230334035854314
,,1098.795,0.11934054984649123
,,1099.265,0.12369779222294763
,,1099.726,0.07576760665147253
,,1100.196,0.12151904117710544
,,1100.659,0.18034272226256354
,,1101.121,0.21520118070466943
,,1101.587,0.22827290783403864
,,1102.051,0.21084367861298547
,,1102.517,0.10409007167128026
,,1102.982,0.11716179880064947
,,1103.447,0.12151904117710544
,,1103.914,0.06923161322917393
,,1104.38,0.07358885560563033
,,1104.845,0.058338377430419364
,,1105.31,0.009199788407951104
,,1105.773,0.06051686876103357
,,1106.236,0.08545243899923438
,,1106.703,0.07358885560563033
,,1107.165,0.03655190583290979
,,1107.632,0.037522253427758834
,,1108.095,0.022271775252547865
,,1108.561,0.05180238400812076
,,1109.026,0.043087899255208395
,,1109.492,0.04841548922651384
,,1109.959,0.012586683189558467
,,1110.425,0.01040793214371627
,,1110.884,0.05180238400812076
,,1111.35,0.11498330747003482
,,1111.817,0.08012484902792893
,,1112.28,0.021301167942470833
,,1112.748,0.08012484902792893
,,1113.21,0.09973256957959631
,,1113.681,0.10844731404773666
,,1114.143,0.12805503459940404
,,1114.609,0.18252121359317774
,,1115.072,0.21084367861298547
,,1115.538,0.1955932004377745
,,1116.003,0.17162797779442274
,,1116.469,0.236987652302179
,,1116.929,0.3001683160488655
,,1117.395,0.2500593794315482
,,1117.859,0.25659537285384637
,,1118.324,0.2870965889194963
,,1118.792,0.2849178378736541
,,1119.254,0.3350267744909714
,,1119.723,0.27184585102905734
,,1120.186,0.27402460207489954
,,1120.655,0.2500593794315482
,,1121.117,0.22827290783403864
,,1121.583,0.22827290783403864
,,1122.048,0.2653101173219867
,,1122.514,0.27620335312074173
,,1122.98,0.2892750802501105
,,1123.439,0.1955932004377745
,,1123.91,0.1934144493919323
,,1124.376,0.143305512774615
,,1124.84,0.11934054984649123
,,1125.305,0.056159626384577166
,,1125.766,0.016943925566014872
,,1126.229,0.06487437085271752
,,1126.699,0.004842546031494699
,,1127.161,0.07141010455978813
,,1127.627,0.09755407824898166
,,1128.089,0.0038721984366456574
,,1128.556,0.038730397163524
,,1129.021,0.08230334035854314
,,1129.487,0.11934054984649123
,,1129.952,0.12805503459940404
,,1130.418,0.07358885560563033
,,1130.885,0.06269561980687577
,,1131.35,0.10191132062543806
,,1131.811,0.17162797779442274
,,1132.28,0.0016934473908034597
,,1132.743,0.038730397163524
,,1133.206,0.01040793214371627
,,1133.674,0.030015912410611634
,,1134.136,0.03970100447360103
,,1134.602,0.06487437085271752
,,1135.068,0.14863336246114844
,,1135.534,0.044058246850057436
,,1135.999,0.017914273160863914
,,1136.465,0.14209736903884984
,,1136.93,0.2074567838313781
,,1137.396,0.0614874760711106
,,1137.856,0.27281645833913437
,,1138.321,0.1551693558834466
,,1138.784,0.1050604192661293
,,1139.254,0.1508121135069902
,,1139.715,0.24231524227348444
,,1140.184,0.12684689086363887
,,1140.647,0.159526598259903
,,1141.11,0.28588818546850314
,,1141.575,0.2510299867416248
,,1142.043,0.1028816682202871
,,1142.509,0.1987422990784653
,,1142.974,0.24667248464994085
,,1143.44,0.21617152829951847
,,1143.899,0.3599623447291722
,,1144.366,0.18567031223386854
,,1144.829,0.19438505670200934
,,1145.299,0.26845895624745
,,1145.762,0.04841548922651384
,,1146.225,0.09198843242153254
,,1146.693,0.19656354803262355
,,1147.155,0.19656354803262355
,,1147.621,0.16824108301281582
,,1148.084,0.159526598259903
,,1148.549,0.07238071186986517
,,1149.014,0.13774012666239344
,,1149.479,0.2771737007155908
,,1149.945,0.12466813981779667
,,1150.41,0.36649833815147037
,,1150.877,0.1529906048376044
,,1151.343,0.4710734537625614
,,1151.81,0.4950386764059127
,,1152.273,0.21617152829951847
,,1152.736,0.43185775294399864
,,1153.206,0.3294611286635223
,,1153.666,0.3142106504883113
,,1154.129,0.2815309430920472
,,1154.595,0.4885026829836141
,,1155.065,0.44710823111921005
,,1155.531,0.42314326819108583
,,1155.995,0.5211823903798791
,,1156.461,0.4166072747687881
,,1156.925,0.3512478599762594
,,1157.39,0.44057223769691145
,,1157.855,0.43839374636629724
,,1158.321,0.3207466439106095
,,1158.781,0.3686768294820846
,,1159.25,0.44710823111921005
,,1159.711,0.4645374603402628
,,1160.18,0.3294611286635223
,,1160.644,0.26845895624745
,,1161.107,0.43839374636629724
,,1161.573,0.38174881632668134
,,1162.04,0.3272826373329081
,,1162.505,0.43621499532045505
,,1162.97,0.4819666895613164
,,1163.435,0.5996137920170037
,,1163.9,0.5146463969575805
,,1164.359,0.44928698216505225
,,1164.829,0.3490691089304172
,,1165.292,0.39482080317127854
,,1165.755,0.4122500323923317
,,1166.224,0.45364422454150866
,,1166.685,0.4885026829836141
,,1167.154,0.45146547349566646
,,1167.62,0.7651913397593946
,,1168.082,0.42750051056754224
,,1168.548,0.34253311550811905
,,1169.01,0.5495048553996869
,,1169.475,0.664973206809532
,,1169.94,0.582184562795951
,,1170.405,0.5211823903798791
,,1170.871,0.47760944718486
,,1171.337,0.5996137920170037
,,1171.799,0.5081104035352819
,,1172.269,0.6039710343934601
,,1172.729,0.6214002636145128
,,1173.199,0.5930777985947051
,,1173.662,0.3991780455477345
,,1174.124,0.6562587220566192
,,1174.59,0.5320756261786332
,,1175.055,0.5233611414257204
,,1175.521,0.4906811743142292
,,1175.985,0.39264205212543635
,,1176.451,0.8654092129940292
,,1176.917,0.7608338376677102
,,1177.383,0.6388294928355664
,,1177.848,0.5451476130232304
,,1178.314,0.6671519578553742
,,1178.777,0.7216181368491474
,,1179.24,0.9198751322725753
,,1179.71,0.5538620977761433
,,1180.173,0.5582193401525988
,,1180.644,0.6497227286343215
,,1181.099,0.6932956718293397
,,1181.565,0.8240147611296242
,,1182.029,0.6845811870764269
,,1182.495,0.5429688619773883
,,1182.962,0.8087642829544137
,,1183.427,0.582184562795951
,,1183.892,0.5930777985947051
,,1184.358,0.7913347940181321
,,1184.825,0.664973206809532
,,1185.287,0.44057223769691145
,,1185.751,0.571291326997196
,,1186.214,0.5168251480034227
,,1186.684,0.582184562795951
,,1187.147,0.7455833594924997
,,1187.613,0.6366507417897243
,,1188.075,0.6845811870764269
,,1188.541,0.6257575059909692
,,1189.006,0.6105070278157587
,,1189.472,0.4797879385154742
,,1189.94,0.5669340846207396
,,1190.406,0.7913347940181321
,,1190.87,0.769548322420623
,,1191.336,0.5037531611588255
,,1191.799,0.8174787677073256
,,1192.261,0.6322934994132678
,,1192.729,0.5647553335748974
,,1193.191,0.6105070278157587
,,1193.655,0.7760843158429216
,,1194.124,0.758655346337096
,,1194.59,0.7847988005958344
,,1195.055,0.7782628071735358
,,1195.52,0.6410079841661807
,,1195.984,0.8588732195717306
,,1196.45,0.664973206809532
,,1196.915,0.6497227286343215
,,1197.381,0.6976529142057961
,,1197.84,0.6061497854393023
,,1198.306,0.8261932524602384
,,1198.773,0.7869778113569037
,,1199.236,0.7216181368491474
,,1199.699,0.6388294928355664
,,1200.169,0.9721625602205064
,,1200.635,0.728154130271446
,,1201.101,0.6802236849847434
,,1201.559,0.7194393858033061
,,1202.025,0.5756485693736524
,,1202.491,0.5560408488219846
,,1202.955,0.6562587220566192
,,1203.421,0.8915526672527667
,,1203.888,0.5887205562182487
,,1204.354,0.8654092129940292
,,1204.814,0.5647553335748974
,,1205.284,0.7739058245123074
,,1205.747,0.8501582153883627
,,1206.21,0.6301147483674256
,,1206.677,0.6410079841661807
,,1207.139,0.5734700780430382
,,1207.605,0.5255396327563346
,,1208.069,0.7194393858033061
,,1208.535,0.9939490318180155
,,1208.999,0.6475439775884793
,,1209.465,0.6170430212380573
,,1209.932,0.7521190931995703
,,1210.398,0.6998316652516383
,,1210.863,0.7630123289983244
,,1211.329,0.7237966281797625
,,1211.792,0.6845811870764269
,,1212.254,0.6388294928355664
,,1212.722,0.5843633138417932
,,1213.184,0.863230202232959
,,1213.655,0.769548322420623
,,1214.117,0.6976529142057961
,,1214.583,0.8196572590379407
,,1215.048,0.8610517109023448
,,1215.513,0.6845811870764269
,,1215.974,0.832729245882537
,,1216.439,0.6693304491859884
,,1216.904,0.6976529142057961
,,1217.37,0.6998316652516383
,,1217.843,0.9416616038700845
,,1218.302,1.0680234507939126
,,1218.77,0.8654092129940292
,,1219.232,0.675866442608287
,,1219.699,0.6911169207834975
,,1220.162,0.8218357503685549
,,1220.627,0.8828381824998548
,,1221.091,0.5974350409711615
,,1221.556,0.29460292993664394
,,1222.021,0.6998316652516383
,,1222.487,0.6845811870764269
,,1222.952,0.5930777985947051
,,1223.418,0.5538620977761433
,,1223.884,0.6671519578553742
,,1224.35,0.560398091198441
,,1224.811,0.6475439775884793
,,1225.281,0.7129033923810075
,,1225.743,0.8610517109023448
,,1226.206,0.6388294928355664
,,1226.674,0.7303326216020603
,,1227.137,0.6388294928355664
,,1227.603,0.5756485693736524
,,1228.068,0.8719446869858718
,,1228.534,0.6192215125686715
,,1228.999,0.6431867352120229
,,1229.465,0.8283717437908527
,,1229.929,0.8566942088106613
,,1230.395,0.7194393858033061
,,1230.855,0.6105070278157587
,,1231.32,0.9830560557344894
,,1231.788,1.0593089660409998
,,1232.251,0.6105070278157587
,,1232.714,1.0266289989295077
,,1233.184,0.8654092129940292
,,1233.644,0.6671519578553742
,,1234.114,0.8065852721933435
,,1234.58,0.6170430212380573
,,1235.04,0.5146463969575805
,,1235.505,1.0353434836824205
,,1235.97,0.8915526672527667
,,1236.436,0.8566942088106613
,,1236.9,0.7020101565822525
,,1237.366,0.6170430212380573
,,1237.829,0.8087642829544137
,,1238.299,0.8131212656156421
,,1238.762,0.6214002636145128
,,1239.225,0.6998316652516383
,,1239.693,0.6889384294528833
,,1240.154,1.0004850252403141
,,1240.62,0.6693304491859884
,,1241.09,0.7542978442454116
,,1241.555,1.0135570120849113
,,1242.014,0.7041889076280947
,,1242.479,0.7477618508231139
,,1242.944,0.9590910928063652
,,1243.41,0.7826203092652202
,,1243.874,0.6693304491859884
,,1244.34,0.7826203092652202
,,1244.81,0.9721625602205064
,,1245.273,0.6932956718293397
,,1245.736,0.9089821561890483
,,1246.206,0.8109427742850279
,,1246.666,0.6845811870764269
,,1247.136,0.6105070278157587
,,1247.594,0.7978707874404307
,,1248.066,1.091988413722036
,,1248.524,0.8959101693444511
,,1248.989,1.030986501021192
,,1249.454,0.686759678407042
,,1249.926,0.8458012327271343
,,1250.384,0.7978707874404307
,,1250.851,0.7216181368491474
,,1251.317,0.9481975972923831
,,1251.784,0.8828381824998548
,,1252.247,0.9024461627667497
,,1252.71,0.7129033923810075
,,1253.181,0.7107249010503933
,,1253.644,0.6279362570368114
,,1254.106,0.874123697746942
,,1254.572,0.7542978442454116
,,1255.036,0.7194393858033061
,,1255.501,0.8392652393048357
,,1255.966,0.6475439775884793
,,1256.432,0.9133391388502767
,,1256.9,1.0789164268774396
,,1257.365,0.686759678407042
,,1257.826,0.9285896170254873
,,1258.295,0.8893741759221525
,,1258.758,1.0244505075988934
,,1259.221,0.6214002636145128
,,1259.684,0.9024461627667497
,,1260.154,0.8610517109023448
,,1260.619,0.28370969413788893
,,1261.081,0.7760843158429216
,,1261.547,0.7760843158429216
,,1262.014,0.8501582153883627
,,1262.48,0.6976529142057961
,,1262.944,0.6214002636145128
,,1263.41,0.6301147483674256
,,1263.87,0.6671519578553742
,,1264.336,0.6126855191463729
,,1264.799,0.6606159644330756
,,1265.269,0.8022282895321151
,,1265.729,0.7237966281797625
,,1266.199,0.8370867479742214
,,1266.662,0.8022282895321151
,,1267.124,0.9176966409419602
,,1267.59,0.6976529142057961
,,1268.055,0.6366507417897243
,,1268.52,0.7346901236937446
,,1268.984,0.6802236849847434
,,1269.45,0.6105070278157587
,,1269.918,0.6954744228751819
,,1270.383,0.9460191059617689
,,1270.848,0.8349077372131513
,,1271.314,0.8196572590379407
,,1271.777,0.7739058245123074
,,1272.239,0.7107249010503933
,,1272.71,0.7303326216020603
,,1273.173,0.7826203092652202
,,1273.644,0.8044067808627293
,,1274.099,0.8610517109023448
,,1274.565,0.9133391388502767
,,1275.029,0.5538620977761433
,,1275.494,1.0004850252403141
,,1275.959,1.041879477104719
,,1276.424,0.6388294928355664
,,1276.889,0.6671519578553742
,,1277.355,0.8305507545519228
,,1277.825,0.6148642701922151
,,1278.287,0.6671519578553742
,,1278.751,0.46018021796380637
,,1279.214,0.6170430212380573
,,1279.684,0.675866442608287
,,1280.147,0.937304621208856
,,1280.612,0.5015744101129833
,,1281.075,0.8261932524602384
,,1281.542,0.6845811870764269
,,1282.006,0.7085461500045511
,,1282.472,0.5538620977761433
,,1282.937,0.7651913397593946
,,1283.402,0.8087642829544137
,,1283.869,0.7216181368491474
,,1284.335,0.7477618508231139
,,1284.796,0.7521190931995703
,,1285.266,0.9460191059617689
,,1285.729,0.7978707874404307
,,1286.191,0.6148642701922151
,,1286.655,0.8458012327271343
,,1287.125,0.6017922833476179
,,1287.591,0.7978707874404307
,,1288.054,0.8545157174800462
,,1288.52,0.739047366070201
,,1288.984,0.9307686277865574
,,1289.45,0.8174787677073256
,,1289.91,0.9656265667982078
,,1290.376,0.6606159644330756
,,1290.841,0.8828381824998548
,,1291.307,0.863230202232959
,,1291.769,0.7150821434268497
,,1292.239,1.0222714968378241
,,1292.7,0.5887205562182487
,,1293.169,0.6279362570368114
,,1293.636,0.6388294928355664
,,1294.101,0.8392652393048357
,,1294.559,0.885016673830469
,,1295.025,0.6105070278157587
,,1295.491,0.5930777985947051
,,1295.955,0.739047366070201
,,1296.421,0.9460191059617689
,,1296.888,0.6126855191463729
,,1297.354,0.8349077372131513
,,1297.818,0.7782628071735358
,,1298.28,0.7564763355760267
,,1298.748,0.6671519578553742
,,1299.211,0.8871956845915383
,,1299.681,0.7041889076280947
,,1300.143,0.874123697746942
,,1300.609,0.8545157174800462
,,1301.072,0.7063676586739369
,,1301.538,0.6105070278157587
,,1302.003,0.9721625602205064
,,1302.469,0.5930777985947051
,,1302.929,0.7782628071735358
,,1303.394,0.728154130271446
,,1303.859,0.8349077372131513
,,1304.324,0.8022282895321151
,,1304.792,0.7346901236937446
,,1305.254,0.6126855191463729
,,1305.725,0.7063676586739369
,,1306.188,0.8610517109023448
,,1306.655,1.0593089660409998
,,1307.118,0.8109427742850279
,,1307.584,0.8828381824998548
,,1308.044,0.6388294928355664
,,1308.51,0.5843633138417932
,,1308.977,0.582184562795951
,,1309.442,0.5146463969575805
,,1309.907,0.560398091198441
,,1310.373,0.6780451936541292
,,1310.84,0.8044067808627293
,,1311.306,0.6889384294528833
,,1311.766,0.9176966409419602
,,1312.236,0.7499406018689561
,,1312.699,0.8349077372131513
,,1313.162,0.7194393858033061
,,1313.627,0.9198751322725753
,,1314.091,0.6715092002318306
,,1314.556,0.373034331573769
,,1315.021,0.8087642829544137
,,1315.487,0.6214002636145128
,,1315.954,0.863230202232959
,,1316.42,0.7499406018689561
,,1316.885,0.8458012327271343
,,1317.351,0.6932956718293397
,,1317.814,0.7935132853487472
,,1318.276,0.8044067808627293
,,1318.744,0.8414437306354499
,,1319.206,0.6214002636145128
,,1319.67,0.7259753792256038
,,1320.14,0.6845811870764269
,,1320.605,0.7760843158429216
,,1321.069,0.6519012199649357
,,1321.535,0.6431867352120229
,,1321.999,0.7869778113569037
,,1322.465,0.6540799710107779
,,1322.93,1.030986501021192
,,1323.395,0.6519012199649357
,,1323.855,0.5190036393340369
,,1324.32,0.8806596911692397
,,1324.79,0.6214002636145128
,,1325.252,0.6105070278157587
,,1325.714,0.978698553642805
,,1326.184,0.7630123289983244
,,1326.644,0.8915526672527667
,,1327.113,0.6562587220566192
,,1327.579,0.9046246540973639
,,1328.043,0.7891563026875179
,,1328.509,0.664973206809532
,,1328.973,0.7913347940181321
,,1329.439,0.6540799710107779
,,1329.905,0.7542978442454116
,,1330.37,0.8196572590379407
,,1330.833,0.7455833594924997
,,1331.295,0.7608338376677102
,,1331.766,0.7869778113569037
,,1332.228,1.0135570120849113
,,1332.692,0.6105070278157587
,,1333.154,0.9721625602205064
,,1333.62,0.5908990475488638
,,1334.09,0.7935132853487472
,,1334.556,0.582184562795951
,,1335.017,0.5756485693736524
,,1335.483,0.8545157174800462
,,1335.947,0.6322934994132678
,,1336.413,0.540790110931546
,,1336.878,0.8566942088106613
,,1337.343,0.6170430212380573
,,1337.806,0.4841454406071586
,,1338.269,0.7412258574008153
,,1338.737,0.675866442608287
,,1339.206,0.7346901236937446
,,1339.666,0.5778273204194946
,,1340.129,0.7760843158429216
,,1340.594,0.739047366070201
,,1341.065,0.863230202232959
,,1341.524,0.8675877043246434
,,1341.992,0.874123697746942
,,1342.457,0.571291326997196
,,1342.922,0.3773915739502254
,,1343.388,0.7956922961098165
,,1343.855,0.5059319122046677
,,1344.321,0.4122500323923317
,,1344.781,0.4885026829836141
,,1345.25,0.6475439775884793
,,1345.71,0.6932956718293397
,,1346.18,0.5582193401525988
,,1346.644,0.38174881632668134
,,1347.106,0.6932956718293397
,,1347.572,0.5037531611588255
,,1348.036,0.5277183838021768
,,1348.501,0.6105070278157587
,,1348.966,0.7194393858033061
,,1349.432,0.8784806804081704
,,1349.899,0.44928698216505225
,,1350.365,0.6366507417897243
,,1350.825,0.44057223769691145
,,1351.295,0.4122500323923317
,,1351.758,0.8828381824998548
,,1352.221,0.5211823903798791
,,1352.684,0.6932956718293397
,,1353.154,0.5495048553996869
,,1353.62,0.7172608944726919
,,1354.083,0.6126855191463729
,,1354.549,0.6301147483674256
,,1355.014,0.7499406018689561
,,1355.48,0.44710823111921005
,,1355.945,0.6148642701922151
,,1356.41,0.5015744101129833
,,1356.87,0.5015744101129833
,,1357.336,0.6214002636145128
,,1357.799,0.5233611414257204
,,1358.269,0.7346901236937446
,,1358.729,0.6366507417897243
,,1359.199,0.6322934994132678
,,1359.662,0.5952565496405473
,,1360.125,0.874123697746942
,,1360.59,0.44057223769691145
,,1361.055,0.5233611414257204
,,1361.521,0.46235896900964857
,,1361.985,0.4122500323923317
,,1362.451,0.6954744228751819
,,1362.917,0.5495048553996869
,,1363.383,0.675866442608287
,,1363.847,0.5647553335748974
,,1364.313,0.4972171677365269
,,1364.777,0.7739058245123074
,,1365.24,0.4688947027167192
,,1365.71,0.4950386764059127
,,1366.173,0.6932956718293397
,,1366.64,0.44275098874275365
,,1367.102,0.6431867352120229
,,1367.568,0.7739058245123074
,,1368.033,0.5277183838021768
,,1368.499,0.4122500323923317
,,1368.966,0.466716211386105
,,1369.424,0.4972171677365269
,,1369.889,0.4928599253600705
,,1370.354,0.5800058117501088
,,1370.825,0.4863239319377728
,,1371.287,0.5211823903798791
,,1371.755,0.4122500323923317
,,1372.218,0.5930777985947051
,,1372.681,0.5734700780430382
,,1373.151,0.44492973978859585
,,1373.609,0.44057223769691145
,,1374.079,0.5386116196009318
,,1374.545,0.39046330107959415
,,1375.011,0.35778359368333
,,1375.469,0.3142106504883113
,,1375.936,0.5800058117501088
,,1376.402,0.5081104035352819
,,1376.866,0.08763119004507613
,,1377.332,0.529896875132791
,,1377.799,0.5516833467303011
,,1378.262,0.44057223769691145
,,1378.73,0.33817587313166264
,,1379.192,0.3686768294820846
,,1379.655,0.4885026829836141
,,1380.125,0.5211823903798791
,,1380.591,0.466716211386105
,,1381.05,0.43839374636629724
,,1381.516,0.7107249010503933
,,1381.981,0.44710823111921005
,,1382.447,0.5669340846207396
,,1382.914,0.44057223769691145
,,1383.379,0.6192215125686715
,,1383.846,0.466716211386105
,,1384.304,0.4166072747687881
,,1384.776,0.5190036393340369
,,1385.238,0.4972171677365269
,,1385.7,0.4863239319377728
,,1386.169,0.5582193401525988
,,1386.635,0.5233611414257204
,,1387.094,0.3795700652808396
,,1387.559,0.5800058117501088
,,1388.026,0.5168251480034227
,,1388.491,0.5124679056269663
,,1388.959,0.3294611286635223
,,1389.424,0.6017922833476179
,,1389.889,0.5582193401525988
,,1390.355,0.5102891545811241
,,1390.818,0.5778273204194946
,,1391.28,0.4122500323923317
,,1391.748,0.4209645171452445
,,1392.211,0.2989601723130999
,,1392.674,0.42314326819108583
,,1393.143,0.2597444714945376
,,1393.609,0.466716211386105
,,1394.073,0.279352192046205
,,1394.538,0.5669340846207396
,,1395.004,0.38610605870313774
,,1395.469,0.4035352879241909
,,1395.929,0.5495048553996869
,,1396.394,0.12902564190948063
,,1396.859,0.4166072747687881
,,1397.325,0.42532175952170004
,,1397.795,0.4754306961390178
,,1398.258,0.6671519578553742
,,1398.721,0.45364422454150866
,,1399.184,0.29242417889080174
,,1399.655,0.5255396327563346
,,1400.117,0.3773915739502254
,,1400.583,0.4993959187823691
,,1401.047,0.28806693651434534
,,1401.513,0.3294611286635223
,,1401.978,0.3316398797093645
,,1402.443,0.39046330107959415
,,1402.91,0.4187857660994023
,,1403.369,0.5277183838021768
,,1403.841,0.3686768294820846
,,1404.299,0.3686768294820846
,,1404.769,0.4819666895613164
,,1405.232,0.33599712208582044
,,1405.699,0.5255396327563346
,,1406.161,0.28370969413788893
,,1406.627,0.3643195871056286
,,1407.09,0.35778359368333
,,1407.555,0.44057223769691145
,,1408.022,0.34471186655396124
,,1408.488,0.36214109577501397
,,1408.954,0.3752128229043832
,,1409.42,0.4122500323923317
,,1409.885,0.43185775294399864
,,1410.344,0.22706476409827347
,,1410.814,0.23577924885118584
,,1411.276,0.2510299867416248
,,1411.744,0.3599623447291722
,,1412.207,0.3490691089304172
,,1412.67,0.38610605870313774
,,1413.139,0.3294611286635223
,,1413.605,0.3773915739502254
,,1414.069,0.29242417889080174
,,1414.535,0.24231524227348444
,,1414.999,0.3229253949564517
,,1415.465,0.4950386764059127
,,1415.925,0.4122500323923317
,,1416.391,0.5386116196009318
,,1416.858,0.28806693651434534
,,1417.325,0.2575657204486954
,,1417.788,0.47760944718486
,,1418.251,0.2052782925007639
,,1418.714,0.5386116196009318
,,1419.184,0.38392756737252354
,,1419.644,0.2989601723130999
,,1420.114,0.3599623447291722
,,1420.579,0.34035436446227685
,,1421.044,0.3294611286635223
,,1421.51,0.2771737007155908
,,1421.969,0.3185678928647673
,,1422.435,0.28806693651434534
,,1422.9,0.2074567838313781
,,1423.366,0.18349182090325433
,,1423.829,0.21617152829951847
,,1424.299,0.4863239319377728
,,1424.762,0.3599623447291722
,,1425.225,0.44928698216505225
,,1425.696,0.3294611286635223
,,1426.158,0.19656354803262355
,,1426.624,0.34035436446227685
,,1427.087,0.22924325542888768
,,1427.553,0.2989601723130999
,,1428.018,0.24667248464994085
,,1428.484,0.3490691089304172
,,1428.948,0.34689035788457545
,,1429.414,0.14209736903884984
,,1429.88,0.26845895624745
,,1430.339,0.34471186655396124
,,1430.807,0.2706377072932922
,,1431.269,0.29242417889080174
,,1431.736,0.28588818546850314
,,1432.199,0.3207466439106095
,,1432.67,0.27281645833913437
,,1433.132,0.3272826373329081
,,1433.598,0.4209645171452445
,,1434.061,0.11595365506488386
,,1434.527,0.4209645171452445
,,1434.991,0.3316398797093645
,,1435.457,0.159526598259903
,,1435.922,0.2074567838313781
,,1436.387,0.22052877067597487
,,1436.852,0.14209736903884984
,,1437.318,0.28588818546850314
,,1437.781,0.159526598259903
,,1438.251,0.2488512356957826
,,1438.714,0.1508121135069902
,,1439.176,0.2706377072932922
,,1439.644,0.2553872291180812
,,1440.107,0.1050604192661293
,,1440.572,0.21617152829951847
,,1441.04,0.2052782925007639
,,1441.506,0.27281645833913437
,,1441.971,0.2510299867416248
,,1442.429,0.17913431881157038
,,1442.896,0.24231524227348444
,,1443.362,0.11595365506488386
,,1443.825,0.0931968358725257
,,1444.295,0.12902564190948063
,,1444.758,0.21835001963013312
,,1445.22,0.13338288428593703
,,1445.688,0.159526598259903
,,1446.151,0.0614874760711106
,,1446.617,0.17259858510449977
,,1447.08,0.13338288428593703
,,1447.546,0.23577924885118584
,,1448.011,0.11595365506488386
,,1448.477,0.1573478472140608
,,1448.944,0.2575657204486954
,,1449.409,0.1007031768896729
,,1449.874,0.06584471844756656
,,1450.34,0.18784906327971074
,,1450.803,0.1028816682202871
,,1451.265,0.06051686876103357
,,1451.729,0.03534350238191708
,,1452.198,0.22270752172181707
,,1452.659,0.06584471844756656
,,1453.129,0.08545243899923438
,,1453.595,0.1028816682202871
,,1454.059,0.030986260005460675
,,1454.524,0.1508121135069902
,,1454.984,0.13338288428593703
,,1455.45,0.015735781830249707
,,1455.915,0.037522253427758834
,,1456.38,0.06584471844756656
,,1456.847,0.09852442584383114
,,1457.313,0.03316501105130243
,,1457.781,0.07455920320047937
,,1458.243,0.07891670529216377
,,1458.706,0.1050604192661293
,,1459.169,0.017914273160863914
,,1459.635,0.011378539453793302
,,1460.1,0.08763119004507613
,,1460.566,0.0614874760711106
,,1461.033,0.08109519662277798
,,1461.498,0.024450266583162072
,,1461.966,0.04187949580421524
,,1462.424,0.10191132062543806
,,1462.896,0.00048530365503829387
,,1463.354,0.002663794985652501
,,1463.822,0.004842546031494699
,,1464.285,0.04841548922651384
,,1464.755,0.038730397163524
,,1465.217,0.09634567479798894
,,1465.685,0.07020196082402297
,,1466.147,0.008229440813102062
,,1466.613,0.028807768674846468
,,1467.075,0.06366596740172481
,,1467.541,0.034373154787067595
,,1468.01,0.01040793214371627
,,1468.476,0.006050689767259865
,,1468.935,0.012586683189558467
,,1469.401,0.0409091482093662
,,1469.866,0.0931968358725257
,,1470.331,0.02565867003415523
,,1470.799,0.034373154787067595
,,1471.262,0.08012484902792893
,,1471.729,0.0910180848266835
,,1472.191,0.06487437085271752
,,1472.655,0.06269561980687577
,,1473.124,0.09755407824898166
,,1473.59,0.016943925566014872
,,1474.055,0.017914273160863914
,,1474.52,0.09755407824898166
,,1474.984,0.07358885560563033
,,1475.45,0.11062580537835087
,,1475.91,0.08230334035854314
,,1476.377,0.1454842638204572
,,1476.844,0.10409007167128026
,,1477.31,0.11934054984649123
,,1477.77,0.11934054984649123
,,1478.24,0.10409007167128026
,,1478.703,0.16073474199566817
,,1479.166,0.0910180848266835
,,1479.631,0.15637749961921177
,,1480.095,0.1411270214440008
,,1480.561,0.15202025724275536
,,1481.025,0.16509224408735212
,,1481.491,0.14766301486629896
,,1481.956,0.1498415061969136
,,1482.422,0.20212919386007266
,,1482.888,0.1454842638204572
,,1483.353,0.15855625066505397
,,1483.814,0.17816397121672134
,,1484.284,0.21302242965882767
,,1484.747,0.1367697790675444
,,1485.21,0.17598547988610713
,,1485.681,0.1498415061969136
,,1486.143,0.1999504428142309
,,1486.609,0.16073474199566817
,,1487.072,0.17380672884026493
,,1487.538,0.17380672884026493
,,1488.003,0.13241227697586044
,,1488.469,0.17162797779442274
,,1488.933,0.17816397121672134
,,1489.399,0.1934144493919323
,,1489.866,0.17380672884026493
,,1490.324,0.16944948646380853
,,1490.796,0.21302242965882767
,,1491.258,0.12805503459940404
,,1491.722,0.20648643623652907
,,1492.184,0.22391566545758224
,,1492.652,0.1846999646390195
,,1493.114,0.20430794490591486
,,1493.579,0.21955842308112583
,,1494.051,0.20866518728237127
,,1494.509,0.23263015021049505
,,1494.981,0.2958110736724091
,,1495.439,0.236987652302179
,,1495.904,0.236987652302179
,,1496.37,0.236987652302179
,,1496.843,0.25441688152323216
,,1497.302,0.2413448946786354
,,1497.77,0.23263015021049505
,,1498.232,0.25223813047738997
,,1498.695,0.236987652302179
,,1499.165,0.25223813047738997
,,1499.624,0.25877412389968857
,,1500.094,0.263131366276145
,,1500.56,0.2609526152303028
,,1501.026,0.31759754526991824
,,1501.484,0.24788088810093356
,,1501.951,0.2435233860092496
,,1502.416,0.3350267744909714
,,1502.881,0.2413448946786354
,,1503.346,0.27402460207489954
,,1503.814,0.2892750802501105
,,1504.277,0.3045255584253215
,,1504.744,0.2958110736724091
,,1505.207,0.2892750802501105
,,1505.67,0.2892750802501105
,,1506.14,0.1454842638204572
,,1506.605,0.26966735969844313
,,1507.069,0.28273908682781235
,,1507.535,0.25877412389968857
,,1507.995,0.26966735969844313
,,1508.461,0.263131366276145
,,1508.925,0.2914538312959527
,,1509.391,0.30888306051700587
,,1509.855,0.26966735969844313
,,1510.321,0.31541905393930403
,,1510.784,0.30670430947116367
,,1511.254,0.31759754526991824
,,1511.715,0.31759754526991824
,,1512.184,0.32195478764637464
,,1512.648,0.31759754526991824
,,1513.11,0.32631228973805904
,,1513.575,0.3110615518476201
,,1514.04,0.29798982471825086
,,1514.506,0.31541905393930403
,,1514.973,0.3459200102897264
,,1515.439,0.330669532114515
,,1515.904,0.34809876133556816
,,1516.37,0.3393840168674278
,,1516.833,0.32413353869221684
,,1517.295,0.3459200102897264
,,1517.765,0.32631228973805904
,,1518.228,0.32631228973805904
,,1518.696,0.3459200102897264
,,1519.158,0.3437412592438842
,,1519.624,0.3633492395107796
,,1520.087,0.3459200102897264
,,1520.553,0.3393840168674278
,,1521.018,0.3459200102897264
,,1521.484,0.34156276791327
,,1521.948,0.37206372426369194
,,1522.414,0.3633492395107796
,,1522.88,0.3611704884649374
,,1523.339,0.3633492395107796
,,1523.807,0.3393840168674278
,,1524.269,0.34809876133556816
,,1524.737,0.3459200102897264
,,1525.199,0.3001683160488655
,,1525.669,0.36770648188723554
,,1526.132,0.3633492395107796
,,1526.598,0.3459200102897264
,,1527.061,0.3611704884649374
,,1527.527,0.3546344950426388
,,1527.991,0.32631228973805904
,,1528.457,0.3807784687318323
,,1528.925,0.40038618928349967
,,1529.39,0.3633492395107796
,,1529.855,0.31759754526991824
,,1530.314,0.3873144621541309
,,1530.784,0.37206372426369194
,,1531.247,0.37642122635537634
,,1531.715,0.37206372426369194
,,1532.177,0.37642122635537634
,,1532.648,0.356813246088481
,,1533.11,0.35245600371202457
,,1533.576,0.3611704884649374
,,1534.04,0.32195478764637464
,,1534.499,0.32413353869221684
,,1534.966,0.3459200102897264
,,1535.431,0.35027725266618237
,,1535.896,0.3546344950426388
,,1536.361,0.36988523293307773
,,1536.829,0.4069221827057983
,,1537.292,0.37206372426369194
,,1537.755,0.3633492395107796
,,1538.225,0.37206372426369194
,,1538.688,0.3546344950426388
,,1539.151,0.3633492395107796
,,1539.616,0.3611704884649374
,,1540.079,0.3459200102897264
,,1540.545,0.3459200102897264
,,1541.01,0.32631228973805904
,,1541.476,0.34156276791327
,,1541.941,0.37206372426369194
,,1542.407,0.27620335312074173
,,1542.874,0.3633492395107796
,,1543.34,0.3459200102897264
,,1543.802,0.06923161322917393
,,1544.265,0.3350267744909714
,,1544.733,0.37206372426369194
,,1545.195,0.3459200102897264
,,1545.659,0.3633492395107796
,,1546.128,0.36988523293307773
,,1546.594,0.3611704884649374
,,1547.058,0.3437412592438842
,,1547.524,0.3894929534847451
,,1547.984,0.37424247530953414
,,1548.45,0.35027725266618237
,,1548.918,0.3546344950426388
,,1549.383,0.3437412592438842
,,1549.847,0.32631228973805904
,,1550.313,0.3894929534847451
,,1550.781,0.33284802344512965
,,1551.243,0.33284802344512965
,,1551.706,0.3372055255368136
,,1552.169,0.3393840168674278
,,1552.636,0.3851357111082887
,,1553.101,0.3437412592438842
,,1553.567,0.3633492395107796
,,1554.032,0.33284802344512965
,,1554.498,0.3459200102897264
,,1554.962,0.36988523293307773
,,1555.428,0.33284802344512965
,,1555.892,0.356813246088481
,,1556.358,0.30888306051700587
,,1556.821,0.37206372426369194
,,1557.284,0.3459200102897264
,,1557.755,0.356813246088481
,,1558.217,0.32631228973805904
,,1558.685,0.3459200102897264
,,1559.147,0.3611704884649374
,,1559.613,0.36988523293307773
,,1560.075,0.32849078106867324
,,1560.541,0.3633492395107796
,,1561.01,0.3459200102897264
,,1561.475,0.3546344950426388
,,1561.94,0.3633492395107796
,,1562.405,0.37206372426369194
,,1562.869,0.3633492395107796
,,1563.335,0.37206372426369194
,,1563.796,0.34156276791327
,,1564.265,0.37642122635537634
,,1564.728,0.37206372426369194
,,1565.191,0.34809876133556816
,,1565.655,0.35899199713432317
,,1566.125,0.3393840168674278
,,1566.591,0.3807784687318323
,,1567.051,0.32631228973805904
,,1567.516,0.3611704884649374
,,1567.981,0.35245600371202457
,,1568.446,0.356813246088481
,,1568.91,0.3633492395107796
,,1569.376,0.3611704884649374
,,1569.841,0.34809876133556816
,,1570.306,0.37424247530953414
,,1570.77,0.3546344950426388
,,1571.24,0.37206372426369194
,,1571.703,0.36988523293307773
,,1572.165,0.3459200102897264
,,1572.631,0.3851357111082887
,,1573.095,0.3459200102897264
,,1573.561,0.35245600371202457
,,1574.026,0.3611704884649374
,,1574.492,0.3459200102897264
,,1574.958,0.36988523293307773
,,1575.424,0.3459200102897264
,,1575.889,0.3546344950426388
,,1576.355,0.3459200102897264
,,1576.817,0.3633492395107796
,,1577.28,0.3459200102897264
,,1577.748,0.3633492395107796
,,1578.21,0.356813246088481
,,1578.681,0.3459200102897264
,,1579.143,0.3807784687318323
,,1579.609,0.3546344950426388
,,1580.072,0.3611704884649374
,,1580.537,0.40038618928349967
,,1581.003,0.3459200102897264
,,1581.468,0.33284802344512965
,,1581.932,0.3459200102897264
,,1582.398,0.3611704884649374
,,1582.863,0.35027725266618237
,,1583.329,0.3437412592438842
,,1583.792,0.35245600371202457
,,1584.254,0.3459200102897264
,,1584.722,0.35027725266618237
,,1585.185,0.35027725266618237
,,1585.655,0.3459200102897264
,,1586.117,0.356813246088481
,,1586.583,0.3633492395107796
,,1587.05,0.3611704884649374
,,1587.509,0.33284802344512965
,,1587.981,0.3393840168674278
,,1588.439,0.3393840168674278
,,1588.907,0.3437412592438842
,,1589.373,0.43306589667976425
,,1589.84,0.3459200102897264
,,1590.299,0.3459200102897264
,,1590.769,0.3459200102897264
,,1591.232,0.32631228973805904
,,1591.695,0.3459200102897264
,,1592.165,0.3916717045305873
,,1592.624,0.36552799055662133
,,1593.094,0.3459200102897264
,,1593.56,0.31759754526991824
,,1594.025,0.32849078106867324
,,1594.484,0.3611704884649374
,,1594.955,0.3633492395107796
,,1595.421,0.3611704884649374
,,1595.881,0.5006040625181343
,,1596.347,0.31977629631576043
,,1596.81,0.3459200102897264
,,1597.279,0.32631228973805904
,,1597.74,0.3459200102897264
,,1598.21,0.3459200102897264
,,1598.673,0.3546344950426388
,,1599.135,0.31977629631576043
,,1599.601,0.3459200102897264
,,1600.068,0.3110615518476201
,,1600.533,0.3393840168674278
,,1600.999,0.3437412592438842
,,1601.465,0.2914538312959527
,,1601.93,0.3132403028934623
,,1602.395,0.31977629631576043
,,1602.86,0.3546344950426388
,,1603.325,0.3350267744909714
,,1603.788,0.32631228973805904
,,1604.251,0.3459200102897264
,,1604.714,0.32631228973805904
,,1605.183,0.3350267744909714
,,1605.644,0.29798982471825086
,,1606.114,0.3437412592438842
,,1606.579,0.33284802344512965
,,1607.043,0.3001683160488655
,,1607.509,0.2914538312959527
,,1607.974,0.29798982471825086
,,1608.44,0.32631228973805904
,,1608.899,0.31759754526991824
,,1609.365,0.31759754526991824
,,1609.833,0.2936323226265669
,,1610.295,0.3132403028934623
,,1610.766,0.32849078106867324
,,1611.229,0.32631228973805904
,,1611.692,0.3633492395107796
,,1612.154,0.30888306051700587
,,1612.62,0.31977629631576043
,,1613.09,0.30888306051700587
,,1613.549,0.3132403028934623
,,1614.014,0.29798982471825086
,,1614.479,0.31977629631576043
,,1614.951,0.28273908682781235
,,1615.409,0.3132403028934623
,,1615.881,0.27620335312074173
,,1616.339,0.28273908682781235
,,1616.81,0.2914538312959527
,,1617.272,0.2936323226265669
,,1617.736,0.28273908682781235
,,1618.199,0.3132403028934623
,,1618.67,0.2870965889194963
,,1619.132,0.2413448946786354
,,1619.598,0.2892750802501105
,,1620.062,0.2892750802501105
,,1620.527,0.2936323226265669
,,1620.992,0.2849178378736541
,,1621.458,0.30234706709470727
,,1621.925,0.23263015021049505
,,1622.391,0.30670430947116367
,,1622.855,0.3437412592438842
,,1623.314,0.1454842638204572
,,1623.784,0.2805605954971977
,,1624.247,0.263131366276145
,,1624.714,0.22827290783403864
,,1625.176,0.26966735969844313
,,1625.647,0.2435233860092496
,,1626.11,0.2609526152303028
,,1626.575,0.27620335312074173
,,1627.041,0.2609526152303028
,,1627.506,0.236987652302179
,,1627.971,0.2500593794315482
,,1628.429,0.2609526152303028
,,1628.895,0.2892750802501105
,,1629.361,0.2609526152303028
,,1629.829,0.27402460207489954
,,1630.292,0.2805605954971977
,,1630.755,0.2348089012563368
,,1631.225,0.27184585102905734
,,1631.685,0.2348089012563368
,,1632.154,0.22391566545758224
,,1632.62,0.2348089012563368
,,1633.083,0.2435233860092496
,,1633.548,0.2457021370550918
,,1634.009,0.2914538312959527
,,1634.475,0.1955932004377745
,,1634.94,0.1912359580613181
,,1635.405,0.5986434444221547
,,1635.869,0.20212919386007266
,,1636.335,0.263131366276145
,,1636.803,0.21302242965882767
,,1637.265,0.236987652302179
,,1637.729,0.22827290783403864
,,1638.198,0.22827290783403864
,,1638.659,0.22173691441174004
,,1639.129,0.21955842308112583
,,1639.595,0.2348089012563368
,,1640.058,0.21302242965882767
,,1640.523,0.22827290783403864
,,1640.988,0.22391566545758224
,,1641.454,0.16509224408735212
,,1641.918,0.1955932004377745
,,1642.383,0.1934144493919323
,,1642.848,0.20866518728237127
,,1643.314,0.1846999646390195
,,1643.777,0.1367697790675444
,,1644.24,0.1846999646390195
,,1644.71,0.1999504428142309
,,1645.173,0.2391661436327932
,,1645.64,0.18252121359317774
,,1646.102,0.20212919386007266
,,1646.568,0.16509224408735212
,,1647.033,0.14766301486629896
,,1647.498,0.17380672884026493
,,1647.966,0.17598547988610713
,,1648.424,0.15637749961921177
,,1648.89,0.15419900828859756
,,1649.356,0.1454842638204572
,,1649.826,0.1999504428142309
,,1650.288,0.11934054984649123
,,1650.751,0.1454842638204572
,,1651.221,0.1367697790675444
,,1651.684,0.21084367861298547
,,1652.147,0.143305512774615
,,1652.612,0.1498415061969136
,,1653.075,0.024450266583162072
,,1653.54,0.11934054984649123
,,1654.007,0.1498415061969136
,,1654.473,0.09755407824898166
,,1654.94,0.16509224408735212
,,1655.405,0.08230334035854314
,,1655.87,0.11280455642419307
,,1656.335,0.15202025724275536
,,1656.799,0.05398113505396296
,,1657.261,0.11934054984649123
,,1657.729,0.11062580537835087
,,1658.191,0.10191132062543806
,,1658.659,0.0866608424502271
,,1659.122,0.06269561980687577
,,1659.587,0.08012484902792893
,,1660.054,0.02565867003415523
,,1660.52,0.2771737007155908
,,1660.984,0.07358885560563033
,,1661.45,0.09755407824898166
,,1661.915,0.08012484902792893
,,1662.38,0.02347991898831303
,,1662.84,0.05398113505396296
,,1663.306,0.0931968358725257
,,1663.774,0.05180238400812076
,,1664.236,0.019122676611856626
,,1664.699,0.06051686876103357
,,1665.169,0.044058246850057436
,,1665.635,0.06487437085271752
,,1666.094,0.11934054984649123
,,1666.559,0.02662901762900427
,,1667.025,0.030015912410611634
,,1667.491,0.06487437085271752
,,1667.955,0.06923161322917393
,,1668.421,0.009199788407951104
,,1668.888,0.030015912410611634
,,1669.354,0.019122676611856626
,,1669.814,0.02565867003415523
,,1670.284,0.027837161364769436
,,1670.744,0.006050689767259865
,,1671.215,0.008229440813102062
,,1671.677,0.02347991898831303
,,1672.139,0.02565867003415523
,,1672.605,0.03655190583290979
,,1673.069,0.0452663905858226
,,1673.535,0.13991887770823563
,,1674.001,0.050594240272355595
,,1674.467,0.046236738180671644
,,1674.933,0.016943925566014872
,,1675.399,0.009199788407951104
,,1675.859,0.015735781830249707
,,1676.325,0.024450266583162072
,,1676.795,0.0038721984366456574
,,1677.258,0.08545243899923438
,,1677.721,0.017914273160863914
,,1678.191,0.05712997397942621
,,1678.651,0.028807768674846468
,,1679.114,0.04187949580421524
,,1679.58,0.02662901762900427
,,1680.047,0.016943925566014872
,,1680.513,0.024450266583162072
,,1680.978,0.009199788407951104
,,1681.443,0.07238071186986517
,,1681.91,0.059308725025268405
,,1682.369,0.04841548922651384
,,1682.84,0.006050689767259865
,,1683.306,0.058338377430419364
,,1683.766,0.02347991898831303
,,1684.236,0.03219440374122584
,,1684.696,0.030015912410611634
,,1685.165,0.02347991898831303
,,1685.624,0.043087899255208395
,,1686.094,0.0931968358725257
,,1686.56,0.17162797779442274
,,1687.025,0.2914538312959527
,,1687.49,0.28273908682781235
,,1687.954,0.32631228973805904
,,1688.42,0.22827290783403864
,,1688.885,0.17816397121672134
,,1689.35,0.21955842308112583
,,1689.81,0.16509224408735212
,,1690.28,0.10409007167128026
,,1690.743,0.08230334035854314
,,1691.206,0.038730397163524
,,1691.673,0.030015912410611634
,,1692.135,0.00048530365503829387
,,1692.601,0.058338377430419364
,,1693.068,0.0931968358725257
,,1693.534,0.15419900828859756
,,1693.995,0.058338377430419364
,,1694.461,0.11934054984649123
,,1694.926,0.027837161364769436
,,1695.391,0.04841548922651384
,,1695.859,0.1050604192661293
,,1696.325,0.046236738180671644
,,1696.788,0.13120413324009528
,,1697.25,0.006050689767259865
,,1697.714,0.14427612008469204
,,1698.184,0.037522253427758834
,,1698.647,0.04841548922651384
,,1699.11,0.017914273160863914
,,1699.575,0.1094176616425857
,,1700.04,0.03970100447360103
,,1700.507,0.022271775252547865
,,1700.974,0.06051686876103357
,,1701.439,0.04962363296227901
,,1701.899,0.004842546031494699
,,1702.365,0.1050604192661293
,,1702.832,0.008229440813102062
,,1703.295,0.024450266583162072
,,1703.765,0.050594240272355595
,,1704.228,0.1050604192661293
,,1704.692,0.01040793214371627
,,1705.154,0.07455920320047937
,,1705.62,0.038730397163524
,,1706.09,0.14209736903884984
,,1706.555,0.03970100447360103
,,1707.014,0.03316501105130243
,,1707.479,0.059308725025268405
,,1707.951,0.059308725025268405
,,1708.409,0.09416718346737474
,,1708.875,0.05712997397942621
,,1709.341,0.06802320977818122
,,1709.805,0.159526598259903
,,1710.275,0.12684689086363887
,,1710.736,0.18784906327971074
,,1711.199,0.13338288428593703
,,1711.666,0.13774012666239344
,,1712.129,0.14427612008469204
,,1712.594,0.2597444714945376
,,1713.066,0.2706377072932922
,,1713.524,0.2597444714945376
,,1713.992,0.21835001963013312
,,1714.457,0.11377490401904211
,,1714.922,0.22924325542888768
,,1715.388,0.28806693651434534
,,1715.855,0.2706377072932922
,,1716.32,0.2597444714945376
,,1716.781,0.33381863075520624
,,1717.25,0.2771737007155908
,,1717.711,0.13774012666239344
,,1718.18,0.18784906327971074
,,1718.644,0.4972171677365269
,,1719.106,0.23577924885118584
,,1719.572,0.17259858510449977
,,1720.037,0.1987422990784653
,,1720.503,0.2749949496697486
,,1720.969,0.18784906327971074
,,1721.435,0.3556051023527158
,,1721.899,0.3490691089304172
,,1722.365,0.21835001963013312
,,1722.825,0.35778359368333
,,1723.295,0.3556051023527158
,,1723.758,0.3599623447291722
,,1724.221,0.24231524227348444
,,1724.684,0.2575657204486954
,,1725.154,0.19656354803262355
,,1725.62,0.3686768294820846
,,1726.082,0.2139927772536767
,,1726.548,0.22706476409827347
,,1727.014,0.29678142126725815
,,1727.48,0.44928698216505225
,,1727.945,0.2815309430920472
,,1728.41,0.45800146691796506
,,1728.871,0.3599623447291722
,,1729.336,0.44275098874275365
,,1729.799,0.21617152829951847
,,1730.269,0.44710823111921005
,,1730.73,0.3142106504883113
,,1731.2,0.38610605870313774
,,1731.662,0.4928599253600705
,,1732.125,0.31203215915769666
,,1732.591,0.4035352879241909
,,1733.055,0.45146547349566646
,,1733.521,0.6388294928355664
,,1733.988,0.26192322254037936
,,1734.454,0.39482080317127854
,,1734.914,0.466716211386105
,,1735.379,0.6954744228751819
,,1735.844,0.44057223769691145
,,1736.309,0.529896875132791
,,1736.777,0.43621499532045505
,,1737.24,0.34035436446227685
,,1737.711,0.42314326819108583
,,1738.173,0.3294611286635223
,,1738.644,0.3795700652808396
,,1739.099,0.36649833815147037
,,1739.565,0.5102891545811241
,,1740.03,0.42314326819108583
,,1740.495,0.6083282767699165
,,1740.962,0.4885026829836141
,,1741.428,0.5865418051724074
,,1741.893,0.3490691089304172
,,1742.358,0.7499406018689561
,,1742.821,0.3773915739502254
,,1743.284,0.2989601723130999
,,1743.751,0.3708555805279268
,,1744.215,0.4122500323923317
,,1744.685,0.7216181368491474
,,1745.147,0.5168251480034227
,,1745.612,0.529896875132791
,,1746.075,0.6105070278157587
,,1746.541,0.43185775294399864
,,1747.006,0.6083282767699165
,,1747.472,0.6475439775884793
,,1747.937,0.6562587220566192
,,1748.403,0.5908990475488638
,,1748.87,0.5800058117501088
,,1749.335,0.45364422454150866
,,1749.796,0.5015744101129833
,,1750.266,0.35778359368333
,,1750.729,0.5190036393340369
,,1751.191,0.664973206809532
,,1751.659,0.6279362570368114
,,1752.122,0.6366507417897243
,,1752.587,0.47760944718486
,,1753.054,0.6736879512776728
,,1753.52,0.5364328685550896
,,1753.984,0.5843633138417932
,,1754.45,0.6671519578553742
,,1754.914,0.5582193401525988
,,1755.38,0.44057223769691145
,,1755.844,0.6039710343934601
,,1756.31,0.7935132853487472
,,1756.773,0.5364328685550896
,,1757.236,0.6301147483674256
,,1757.699,0.7216181368491474
,,1758.169,0.5538620977761433
,,1758.635,0.5930777985947051
,,1759.101,0.758655346337096
,,1759.559,0.8937311585833809
,,1760.026,0.44057223769691145
,,1760.491,0.7978707874404307
,,1760.958,0.4122500323923317
,,1761.424,0.7259753792256038
,,1761.888,0.8196572590379407
,,1762.354,0.582184562795951
,,1762.818,0.8131212656156421
,,1763.28,0.4972171677365269
,,1763.751,0.5843633138417932
,,1764.213,0.6932956718293397
,,1764.677,0.6105070278157587
,,1765.14,0.44492973978859585
,,1765.606,0.6301147483674256
,,1766.07,0.9024461627667497
,,1766.535,0.6214002636145128
,,1767.0,0.38610605870313774
,,1767.466,0.5211823903798791
,,1767.933,0.5037531611588255
,,1768.398,0.45800146691796506
,,1768.866,0.8458012327271343
,,1769.324,0.8610517109023448
,,1769.795,0.6954744228751819
,,1770.258,0.8501582153883627
,,1770.726,0.8283717437908527
,,1771.188,0.6562587220566192
,,1771.656,0.63447225045911
,,1772.118,0.5778273204194946
,,1772.584,0.8763021890775562
,,1773.051,0.6105070278157587
,,1773.509,0.4972171677365269
,,1773.974,0.6388294928355664
,,1774.44,0.6126855191463729
,,1774.907,0.780441817934606
,,1775.373,0.6083282767699165
,,1775.841,0.6105070278157587
,,1776.299,0.5538620977761433
,,1776.769,0.5538620977761433
,,1777.232,0.8828381824998548
,,1777.696,0.5669340846207396
,,1778.165,0.5495048553996869
,,1778.631,0.5538620977761433
,,1779.095,0.874123697746942
,,1779.561,0.6584372133872334
,,1780.026,0.6214002636145128
,,1780.484,0.5560408488219846
,,1780.951,0.6192215125686715
,,1781.417,0.8044067808627293
,,1781.881,0.5582193401525988
,,1782.347,0.4732522048084036
,,1782.81,0.6671519578553742
,,1783.28,0.780441817934606
,,1783.74,0.5037531611588255
,,1784.21,0.863230202232959
,,1784.673,0.7826203092652202
,,1785.136,0.5952565496405473
,,1785.602,0.47760944718486
,,1786.068,0.6606159644330756
,,1786.534,0.7673698310900088
,,1786.999,0.7194393858033061
,,1787.465,0.9089821561890483
,,1787.929,0.7499406018689561
,,1788.395,0.582184562795951
,,1788.855,0.6932956718293397
,,1789.32,0.6845811870764269
,,1789.789,0.6540799710107779
,,1790.251,0.728154130271446
,,1790.714,0.7216181368491474
,,1791.184,0.7303326216020603
,,1791.647,0.7826203092652202
,,1792.11,0.5538620977761433
,,1792.576,0.8436222219660641
,,1793.04,0.6780451936541292
,,1793.506,0.728154130271446
,,1793.973,0.5930777985947051
,,1794.439,0.874123697746942
,,1794.903,0.8022282895321151
,,1795.369,0.7521190931995703
,,1795.832,0.7564763355760267
,,1796.294,0.769548322420623
,,1796.762,0.686759678407042
,,1797.225,0.874123697746942
,,1797.696,0.9176966409419602
,,1798.158,0.7216181368491474
,,1798.623,0.8610517109023448
,,1799.086,0.769548322420623
,,1799.551,0.6998316652516383
,,1800.018,0.7499406018689561
,,1800.484,0.6671519578553742
,,1800.944,0.7194393858033061
,,1801.409,0.9329471191171717
,,1801.877,0.7935132853487472
,,1802.343,0.6039710343934601
,,1802.811,0.6322934994132678
,,1803.273,0.7760843158429216
,,1803.736,0.9002671520056795
,,1804.199,0.6693304491859884
,,1804.67,0.769548322420623
,,1805.132,0.6911169207834975
,,1805.598,0.7477618508231139
,,1806.062,0.8109427742850279
,,1806.527,0.6845811870764269
,,1806.992,0.7303326216020603
,,1807.458,0.8610517109023448
,,1807.922,0.8828381824998548
,,1808.388,0.9917705404874013
,,1808.855,0.8283717437908527
,,1809.32,0.9307686277865574
,,1809.781,0.9024461627667497
,,1810.251,0.63447225045911
,,1810.714,0.6388294928355664
,,1811.176,0.8654092129940292
,,1811.644,0.9133391388502767
,,1812.106,0.6301147483674256
,,1812.572,0.6105070278157587
,,1813.037,0.6257575059909692
,,1813.502,0.7913347940181321
,,1813.969,0.5996137920170037
,,1814.435,0.6889384294528833
,,1814.895,0.5669340846207396
,,1815.361,0.9351256104477859
,,1815.829,0.8044067808627293
,,1816.291,0.7477618508231139
,,1816.755,0.8915526672527667
,,1817.225,0.582184562795951
,,1817.688,0.6257575059909692
,,1818.151,0.6932956718293397
,,1818.617,0.6214002636145128
,,1819.08,0.9503760886229973
,,1819.545,0.9590910928063652
,,1820.01,0.9416616038700845
,,1820.475,0.7608338376677102
,,1820.94,0.8545157174800462
,,1821.405,0.7063676586739369
,,1821.87,0.7913347940181321
,,1822.336,0.7978707874404307
,,1822.804,0.7412258574008153
,,1823.266,0.728154130271446
,,1823.729,0.8959101693444511
,,1824.198,0.7913347940181321
,,1824.659,0.9089821561890483
,,1825.129,0.6388294928355664
,,1825.595,0.7760843158429216
,,1826.058,0.8545157174800462
,,1826.524,0.863230202232959
,,1826.989,0.9721625602205064
,,1827.454,0.6671519578553742
,,1827.914,0.6736879512776728
,,1828.379,0.9133391388502767
,,1828.851,0.8545157174800462
,,1829.309,0.8654092129940292
,,1829.777,0.7760843158429216
,,1830.239,0.44057223769691145
,,1830.707,0.8370867479742214
,,1831.169,0.832729245882537
,,1831.635,0.8022282895321151
,,1832.1,0.6671519578553742
,,1832.566,0.8675877043246434
,,1833.033,0.5930777985947051
,,1833.499,0.5625765825290552
,,1833.959,0.6976529142057961
,,1834.425,0.7826203092652202
,,1834.892,0.7869778113569037
,,1835.357,0.6301147483674256
,,1835.825,0.7739058245123074
,,1836.288,0.9634480754675936
,,1836.751,0.7237966281797625
,,1837.221,0.7477618508231139
,,1837.684,0.832729245882537
,,1838.147,0.739047366070201
,,1838.613,0.6105070278157587
,,1839.076,0.6998316652516383
,,1839.542,0.8349077372131513
,,1840.007,0.7739058245123074
,,1840.472,0.9046246540973639
,,1840.937,1.1050604005666331
,,1841.403,0.5843633138417932
,,1841.869,1.0244505075988934
,,1842.335,0.7739058245123074
,,1842.796,0.9525550993840666
,,1843.266,0.540790110931546
,,1843.728,0.63447225045911
,,1844.191,0.8915526672527667
,,1844.655,0.7020101565822525
,,1845.124,0.3599623447291722
,,1845.59,0.7216181368491474
,,1846.054,0.8610517109023448
,,1846.52,0.6192215125686715
,,1846.979,0.7956922961098165
,,1847.445,0.9656265667982078
,,1847.913,0.6976529142057961
,,1848.379,0.8588732195717306
,,1848.846,0.6802236849847434
,,1849.304,0.6388294928355664
,,1849.774,0.728154130271446
,,1850.236,0.8392652393048357
,,1850.699,0.9024461627667497
,,1851.169,0.6671519578553742
,,1851.635,0.8566942088106613
,,1852.1,0.582184562795951
,,1852.566,0.6954744228751819
,,1853.025,0.5908990475488638
,,1853.491,0.7020101565822525
,,1853.955,0.7107249010503933
,,1854.42,0.9285896170254873
,,1854.885,0.8719446869858718
,,1855.351,0.6497227286343215
,,1855.814,0.7608338376677102
,,1856.283,0.5843633138417932
,,1856.744,0.8196572590379407
,,1857.213,0.8675877043246434
,,1857.674,0.6388294928355664
,,1858.144,0.758655346337096
,,1858.609,0.6475439775884793
,,1859.073,0.9983065339096999
,,1859.538,0.6932956718293397
,,1860.003,0.623579014660355
,,1860.469,0.5473261043538447
,,1860.929,0.571291326997196
,,1861.395,0.8109427742850279
,,1861.86,0.7455833594924997
,,1862.325,0.9089821561890483
,,1862.795,0.6126855191463729
,,1863.258,0.9220536236031895
,,1863.722,0.5734700780430382
,,1864.184,0.8545157174800462
,,1864.655,0.9285896170254873
,,1865.117,0.3991780455477345
,,1865.583,0.7107249010503933
,,1866.048,0.540790110931546
,,1866.514,0.7129033923810075
,,1866.981,0.8937311585833809
,,1867.439,0.9176966409419602
,,1867.904,1.0070210186626127
,,1868.37,0.5887205562182487
,,1868.844,0.6105070278157587
,,1869.302,0.5974350409711615
,,1869.765,0.7935132853487472
,,1870.235,0.7259753792256038
,,1870.696,0.6475439775884793
,,1871.159,0.739047366070201
,,1871.625,0.675866442608287
,,1872.095,0.7325113726479024
,,1872.56,0.6671519578553742
,,1873.026,0.5560408488219846
,,1873.484,0.5516833467303011
,,1873.951,0.6932956718293397
,,1874.417,0.832729245882537
,,1874.882,0.7891563026875179
,,1875.347,0.9721625602205064
,,1875.81,0.6126855191463729
,,1876.28,0.8915526672527667
,,1876.74,0.7847988005958344
,,1877.21,0.5756485693736524
,,1877.673,0.6606159644330756
,,1878.135,0.6889384294528833
,,1878.601,0.7194393858033061
,,1879.068,0.7455833594924997
,,1879.534,0.6998316652516383
,,1879.999,0.664973206809532
,,1880.464,0.863230202232959
,,1880.929,0.6388294928355664
,,1881.394,0.6932956718293397
,,1881.859,0.6105070278157587
,,1882.325,0.571291326997196
,,1882.788,0.6366507417897243
,,1883.251,0.7194393858033061
,,1883.714,0.6148642701922151
,,1884.184,0.5778273204194946
,,1884.644,0.5146463969575805
,,1885.114,0.9917705404874013
,,1885.58,0.5582193401525988
,,1886.045,0.5168251480034227
,,1886.51,0.5146463969575805
,,1886.969,0.8349077372131513
,,1887.435,0.5930777985947051
,,1887.9,0.4950386764059127
,,1888.366,0.7107249010503933
,,1888.829,0.5081104035352819
,,1889.299,0.6780451936541292
,,1889.762,0.6932956718293397
,,1890.225,0.6998316652516383
,,1890.695,0.8087642829544137
,,1891.158,0.5538620977761433
,,1891.624,0.46235896900964857
,,1892.087,0.7935132853487472
,,1892.552,0.6214002636145128
,,1893.017,0.7129033923810075
,,1893.483,0.5255396327563346
,,1893.947,0.39482080317127854
,,1894.413,0.780441817934606
,,1894.877,0.7499406018689561
,,1895.343,0.5647553335748974
,,1895.804,0.7782628071735358
,,1896.273,0.6366507417897243
,,1896.736,0.675866442608287
,,1897.206,0.4819666895613164
,,1897.666,0.4710734537625614
,,1898.129,0.4906811743142292
,,1898.594,0.8871956845915383
,,1899.065,0.8196572590379407
,,1899.531,0.5255396327563346
,,1899.995,0.5015744101129833
,,1900.461,0.7020101565822525
,,1900.925,0.5255396327563346
,,1901.384,0.6301147483674256
,,1901.851,0.4972171677365269
,,1902.317,0.560398091198441
,,1902.785,0.3773915739502254
,,1903.247,0.7826203092652202
,,1903.71,0.6497227286343215
,,1904.18,0.6366507417897243
,,1904.639,0.6126855191463729
,,1905.11,0.5778273204194946
,,1905.575,0.5582193401525988
,,1906.04,0.6105070278157587
,,1906.499,0.6431867352120229
,,1906.966,0.466716211386105
,,1907.432,0.8915526672527667
,,1907.895,0.4013567965935767
,,1908.361,0.6932956718293397
,,1908.825,0.44057223769691145
,,1909.294,0.4819666895613164
,,1909.755,0.7608338376677102
,,1910.224,0.7477618508231139
,,1910.685,0.466716211386105
,,1911.154,0.6170430212380573
,,1911.62,0.6954744228751819
,,1912.082,0.5211823903798791
,,1912.548,0.42314326819108583
,,1913.015,0.4187857660994023
,,1913.481,0.5255396327563346
,,1913.94,0.6780451936541292
,,1914.405,0.44710823111921005
,,1914.87,0.6126855191463729
,,1915.336,0.7020101565822525
,,1915.799,0.540790110931546
,,1916.269,0.6954744228751819
,,1916.73,0.4013567965935767
,,1917.199,0.38610605870313774
,,1917.662,0.6671519578553742
,,1918.125,0.47760944718486
,,1918.591,0.7194393858033061
,,1919.058,0.43185775294399864
,,1919.523,0.5582193401525988
,,1919.988,0.5538620977761433
,,1920.454,0.7150821434268497
,,1920.918,0.5255396327563346
,,1921.384,0.4972171677365269
,,1921.844,0.5495048553996869
,,1922.31,0.47760944718486
,,1922.781,0.47760944718486
,,1923.243,0.466716211386105
,,1923.706,0.45364422454150866
,,1924.169,0.6301147483674256
,,1924.635,0.7259753792256038
,,1925.101,0.43185775294399864
,,1925.566,0.5865418051724074
,,1926.033,0.5647553335748974
,,1926.499,0.3490691089304172
,,1926.959,0.38610605870313774
,,1927.425,0.4841454406071586
,,1927.892,0.6039710343934601
,,1928.358,0.22270752172181707
,,1928.826,0.33817587313166264
,,1929.288,0.4928599253600705
,,1929.751,0.5516833467303011
,,1930.22,0.5560408488219846
,,1930.681,0.42314326819108583
,,1931.15,0.43185775294399864
,,1931.616,0.5342543772244754
,,1932.078,0.29678142126725815
,,1932.543,0.6301147483674256
,,1933.01,0.39264205212543635
,,1933.476,0.6932956718293397
,,1933.94,0.5843633138417932
,,1934.406,0.4035352879241909
,,1934.866,0.2771737007155908
,,1935.331,0.5211823903798791
,,1935.8,0.3556051023527158
,,1936.262,0.529896875132791
,,1936.725,0.5974350409711615
,,1937.195,0.4078925303006473
,,1937.656,0.44057223769691145
,,1938.125,0.4863239319377728
,,1938.59,0.4819666895613164
,,1939.055,0.42532175952170004
,,1939.52,0.4754306961390178
,,1939.985,0.42314326819108583
,,1940.45,0.24449399331932664
,,1940.91,0.4187857660994023
,,1941.376,0.466716211386105
,,1941.841,0.27281645833913437
,,1942.307,0.6388294928355664
,,1942.77,0.5233611414257204
,,1943.24,0.3294611286635223
,,1943.703,0.22052877067597487
,,1944.165,0.3773915739502254
,,1944.631,0.5211823903798791
,,1945.095,0.43185775294399864
,,1945.56,0.3316398797093645
,,1946.025,0.46018021796380637
,,1946.491,0.5538620977761433
,,1946.955,0.44057223769691145
,,1947.421,0.42532175952170004
,,1947.888,0.5756485693736524
,,1948.354,0.33599712208582044
,,1948.814,0.675866442608287
,,1949.284,0.466716211386105
,,1949.747,0.3795700652808396
,,1950.209,0.26845895624745
,,1950.678,0.43839374636629724
,,1951.139,0.4122500323923317
,,1951.605,0.529896875132791
,,1952.069,0.4732522048084036
,,1952.534,0.5669340846207396
,,1952.999,0.5211823903798791
,,1953.465,0.3294611286635223
,,1953.93,0.23577924885118584
,,1954.396,0.38828480974897994
,,1954.863,0.27281645833913437
,,1955.328,0.5037531611588255
,,1955.792,0.4035352879241909
,,1956.254,0.5952565496405473
,,1956.722,0.23577924885118584
,,1957.184,0.5102891545811241
,,1957.655,0.5342543772244754
,,1958.117,0.23577924885118584
,,1958.583,0.3686768294820846
,,1959.051,0.34035436446227685
,,1959.509,0.23142200647472988
,,1959.974,0.2989601723130999
,,1960.44,0.33381863075520624
,,1960.907,0.4122500323923317
,,1961.373,0.2139927772536767
,,1961.84,0.33817587313166264
,,1962.299,0.27281645833913437
,,1962.769,0.3294611286635223
,,1963.232,0.3294611286635223
,,1963.699,0.24231524227348444
,,1964.162,0.24231524227348444
,,1964.627,0.4122500323923317
,,1965.09,0.2074567838313781
,,1965.556,0.23795799989702804
,,1966.025,0.3316398797093645
,,1966.491,0.3773915739502254
,,1966.955,0.18567031223386854
,,1967.421,0.19656354803262355
,,1967.881,0.2597444714945376
,,1968.346,0.22270752172181707
,,1968.814,0.17041983405865757
,,1969.276,0.45800146691796506
,,1969.74,0.3316398797093645
,,1970.21,0.29678142126725815
,,1970.67,0.3686768294820846
,,1971.139,0.2510299867416248
,,1971.605,0.2553872291180812
,,1972.069,0.159526598259903
,,1972.534,0.18784906327971074
,,1972.999,0.24667248464994085
,,1973.464,0.3773915739502254
,,1973.929,0.3272826373329081
,,1974.394,0.23795799989702804
,,1974.859,0.23360075752057163
,,1975.325,0.34689035788457545
,,1975.788,0.34471186655396124
,,1976.251,0.28588818546850314
,,1976.714,0.42532175952170004
,,1977.184,0.1573478472140608
,,1977.647,0.2074567838313781
,,1978.11,0.2052782925007639
,,1978.576,0.3294611286635223
,,1979.041,0.22706476409827347
,,1979.506,0.22052877067597487
,,1979.973,0.17913431881157038
,,1980.439,0.22488601305243128
,,1980.903,0.1573478472140608
,,1981.369,0.33817587313166264
,,1981.829,0.3076746570660127
,,1982.3,0.14209736903884984
,,1982.762,0.14209736903884984
,,1983.225,0.3251038862870659
,,1983.692,0.21835001963013312
,,1984.154,0.2074567838313781
,,1984.62,0.2074567838313781
,,1985.09,0.12466813981779667
,,1985.556,0.22052877067597487
,,1986.015,0.1573478472140608
,,1986.48,0.23360075752057163
,,1986.947,0.10723891059674351
,,1987.413,0.22488601305243128
,,1987.877,0.21617152829951847
,,1988.343,0.12248964848718247
,,1988.81,0.1551693558834466
,,1989.273,0.13338288428593703
,,1989.736,0.16606259168220117
,,1990.199,0.10723891059674351
,,1990.67,0.1529906048376044
,,1991.132,0.08545243899923438
,,1991.598,0.12031089744134027
,,1992.061,0.0527727316029698
,,1992.527,0.1094176616425857
,,1992.992,0.09634567479798894
,,1993.457,0.00048530365503829387
,,1993.922,0.07455920320047937
,,1994.388,0.18784906327971074
,,1994.855,0.04841548922651384
,,1995.321,0.09198843242153254
,,1995.781,0.019122676611856626
,,1996.251,0.015735781830249707
,,1996.714,0.03655190583290979
,,1997.177,0.03534350238191708
,,1997.648,0.044058246850057436
,,1998.11,0.008229440813102062
,,1998.576,0.002663794985652501
,,1999.036,0.038730397163524
,,1999.501,0.030015912410611634
,,1999.966,0.015735781830249707
,,2000.432,0.046236738180671644
,,2000.897,0.008229440813102062
,,2001.362,0.016943925566014872
,,2001.825,0.08109519662277798
,,2002.295,0.015735781830249707
,,2002.758,0.044058246850057436
,,2003.221,0.06487437085271752
,,2003.689,0.03655190583290979
,,2004.151,0.0016934473908034597
,,2004.617,0.038730397163524
,,2005.08,0.06705286218333217
,,2005.545,0.05180238400812076
,,2006.011,0.11934054984649123
,,2006.477,0.08012484902792893
,,2006.943,0.08230334035854314
,,2007.409,0.12805503459940404
,,2007.874,0.11934054984649123
,,2008.339,0.06705286218333217
,,2008.803,0.09755407824898166
,,2009.265,0.0409091482093662
,,2009.729,0.10844731404773666
,,2010.199,0.0910180848266835
,,2010.662,0.11498330747003482
,,2011.125,0.11062580537835087
,,2011.591,0.15637749961921177
,,2012.058,0.17380672884026493
,,2012.523,0.19777195148361626
,,2012.988,0.17598547988610713
,,2013.454,0.15637749961921177
,,2013.918,0.17598547988610713
,,2014.383,0.17598547988610713
,,2014.848,0.21955842308112583
,,2015.314,0.20212919386007266
,,2015.777,0.21084367861298547
,,2016.239,0.21955842308112583
,,2016.707,0.21955842308112583
,,2017.169,0.22173691441174004
,,2017.635,0.2413448946786354
,,2018.1,0.2653101173219867
,,2018.566,0.2500593794315482
,,2019.033,0.2348089012563368
,,2019.499,0.27620335312074173
,,2019.966,0.22391566545758224
,,2020.424,0.23263015021049505
,,2020.895,0.236987652302179
,,2021.354,0.22827290783403864
,,2021.821,0.25223813047738997
,,2022.284,0.25441688152323216
,,2022.755,0.32195478764637464
,,2023.217,0.25441688152323216
,,2023.681,0.32195478764637464
,,2024.151,0.23263015021049505
,,2024.609,0.2348089012563368
,,2025.08,0.21302242965882767
,,2025.546,0.4897108267193797
,,2026.01,0.2457021370550918
,,2026.469,0.263131366276145
,,2026.94,0.25441688152323216
,,2027.406,0.3045255584253215
,,2027.87,0.263131366276145
,,2028.329,0.25441688152323216
,,2028.799,0.2653101173219867
,,2029.261,0.038730397163524
,,2029.729,0.21520118070466943
,,2030.191,0.2653101173219867
,,2030.659,0.27184585102905734
,,2031.121,0.2892750802501105
,,2031.587,0.28273908682781235
,,2032.052,0.27402460207489954
,,2032.518,0.2892750802501105
,,2032.984,0.28273908682781235
,,2033.45,0.2936323226265669
,,2033.914,0.24788088810093356
,,2034.38,0.30888306051700587
,,2034.845,0.31541905393930403
,,2035.31,0.2892750802501105
,,2035.773,0.3001683160488655
,,2036.236,0.30670430947116367
,,2036.699,0.3459200102897264
,,2037.169,0.31759754526991824
,,2037.635,0.32631228973805904
,,2038.1,0.3350267744909714
,,2038.565,0.34809876133556816
,,2039.025,0.35899199713432317
,,2039.491,0.37859971768599054
,,2039.958,0.5637849859800483
,,2040.424,0.37424247530953414
,,2040.889,0.40038618928349967
,,2041.355,0.3807784687318323
,,2041.818,0.3633492395107796
,,2042.28,0.33284802344512965
,,2042.748,0.5441770057131534
,,2043.21,0.34809876133556816
,,2043.678,0.3546344950426388
,,2044.14,0.36770648188723554
,,2044.605,0.4875323353887655
,,2045.069,0.36770648188723554
,,2045.535,0.3437412592438842
,,2045.999,0.33284802344512965
,,2046.465,0.37206372426369194
,,2046.932,0.32631228973805904
,,2047.398,0.3437412592438842
,,2047.863,0.32631228973805904
,,2048.329,0.32849078106867324
,,2048.792,0.3459200102897264
,,2049.254,0.36770648188723554
,,2049.722,0.4374233987714482
,,2050.184,0.3459200102897264
,,2050.652,0.3459200102897264
,,2051.114,0.3393840168674278
,,2051.58,0.3459200102897264
,,2052.047,0.3393840168674278
,,2052.513,0.3459200102897264
,,2052.981,0.35245600371202457
,,2053.439,0.37206372426369194
,,2053.904,0.3459200102897264
,,2054.37,0.5202120427850296
,,2054.844,0.25223813047738997
,,2055.302,0.3459200102897264
,,2055.765,0.35027725266618237
,,2056.235,0.3807784687318323
,,2056.699,0.40910093375164047
,,2057.162,0.40038618928349967
,,2057.628,0.37206372426369194
,,2058.091,0.37424247530953414
,,2058.556,0.40910093375164047
,,2059.021,0.3437412592438842
,,2059.487,0.37206372426369194
,,2059.952,0.3633492395107796
,,2060.418,0.3633492395107796
,,2060.885,0.356813246088481
,,2061.35,0.40038618928349967
,,2061.811,0.36552799055662133
,,2062.281,0.40038618928349967
,,2062.744,0.37424247530953414
,,2063.206,0.3611704884649374
,,2063.67,0.37206372426369194
,,2064.139,0.32631228973805904
,,2064.605,0.36988523293307773
,,2065.069,0.356813246088481
,,2065.535,0.37206372426369194
,,2066.0,0.3459200102897264
,,2066.465,0.3459200102897264
,,2066.925,0.4897108267193797
,,2067.391,0.35899199713432317
,,2067.859,0.37206372426369194
,,2068.325,0.39820769795288546
,,2068.788,0.35027725266618237
,,2069.25,0.38295696006244695
,,2069.714,0.37424247530953414
,,2070.184,0.3894929534847451
,,2070.644,0.3045255584253215
,,2071.114,0.36988523293307773
,,2071.58,0.40910093375164047
,,2072.044,0.37424247530953414
,,2072.51,0.3546344950426388
,,2072.969,0.37206372426369194
,,2073.435,0.356813246088481
,,2073.9,0.37206372426369194
,,2074.366,0.3459200102897264
,,2074.829,0.34809876133556816
,,2075.299,0.37206372426369194
,,2075.762,0.3633492395107796
,,2076.225,0.34156276791327
,,2076.693,0.36988523293307773
,,2077.155,0.3807784687318323
,,2077.621,0.37206372426369194
,,2078.084,0.3960289469070437
,,2078.55,0.37424247530953414
,,2079.014,0.37206372426369194
,,2079.48,0.3546344950426388
,,2079.947,0.3807784687318323
,,2080.413,0.3960289469070437
,,2080.881,0.37206372426369194
,,2081.34,0.513676049362731
,,2081.81,0.3546344950426388
,,2082.272,0.6596456168382265
,,2082.74,0.35027725266618237
,,2083.203,0.37642122635537634
,,2083.666,0.32849078106867324
,,2084.129,0.37859971768599054
,,2084.595,0.37859971768599054
,,2085.066,0.3807784687318323
,,2085.524,0.37206372426369194
,,2085.991,0.36988523293307773
,,2086.457,0.37206372426369194
,,2086.922,0.37206372426369194
,,2087.388,0.37206372426369194
,,2087.856,0.3807784687318323
,,2088.314,0.37206372426369194
,,2088.784,0.41999416955039504
,,2089.247,0.3807784687318323
,,2089.71,0.3894929534847451
,,2090.18,0.356813246088481
,,2090.644,0.3894929534847451
,,2091.107,0.3459200102897264
,,2091.573,0.3916717045305873
,,2092.04,0.37206372426369194
,,2092.499,0.3546344950426388
,,2092.966,0.37859971768599054
,,2093.431,0.36770648188723554
,,2093.896,0.37206372426369194
,,2094.362,0.37206372426369194
,,2094.825,0.3807784687318323
,,2095.295,0.34809876133556816
,,2095.755,0.3807784687318323
,,2096.226,0.37642122635537634
,,2096.688,0.3546344950426388
,,2097.151,0.40038618928349967
,,2097.617,0.3807784687318323
,,2098.079,0.37859971768599054
,,2098.545,0.42217266088100924
,,2099.011,0.3894929534847451
,,2099.476,0.37206372426369194
,,2099.944,0.3633492395107796
,,2100.41,0.37206372426369194
,,2100.87,0.36770648188723554
,,2101.336,0.3960289469070437
,,2101.803,0.3633492395107796
,,2102.266,0.37206372426369194
,,2102.729,0.37424247530953414
,,2103.199,0.3938501958612015
,,2103.662,0.4374233987714482
,,2104.125,0.3916717045305873
,,2104.59,0.3611704884649374
,,2105.055,0.37206372426369194
,,2105.521,0.37424247530953414
,,2105.985,0.4047434316599561
,,2106.451,0.3894929534847451
,,2106.917,0.4069221827057983
,,2107.383,0.37424247530953414
,,2107.848,0.4069221827057983
,,2108.314,0.40256494032934187
,,2108.777,0.37424247530953414
,,2109.24,0.40038618928349967
,,2109.71,0.6313231518184188
,,2110.173,0.4417806411479046
,,2110.64,0.37206372426369194
,,2111.102,0.3546344950426388
,,2111.568,0.42870865430330785
,,2112.033,0.3960289469070437
,,2112.499,0.3960289469070437
,,2112.959,0.40038618928349967
,,2113.425,0.40038618928349967
,,2113.892,0.40038618928349967
,,2114.357,0.40038618928349967
,,2114.825,0.3894929534847451
,,2115.288,0.3938501958612015
,,2115.751,0.38295696006244695
,,2116.22,0.3960289469070437
,,2116.681,0.45267387694665917
,,2117.151,0.37424247530953414
,,2117.609,0.38295696006244695
,,2118.08,0.37206372426369194
,,2118.539,0.3894929534847451
,,2119.004,0.41781541850455284
,,2119.469,0.41781541850455284
,,2119.934,0.40256494032934187
,,2120.399,0.3960289469070437
,,2120.866,0.3372055255368136
,,2121.332,0.3960289469070437
,,2121.799,0.3894929534847451
,,2122.262,0.3960289469070437
,,2122.725,0.39820769795288546
,,2123.195,0.3916717045305873
,,2123.658,0.37206372426369194
,,2124.121,0.4047434316599561
,,2124.587,0.3807784687318323
,,2125.052,0.39820769795288546
,,2125.518,0.41999416955039504
,,2125.984,0.4112794250822547
,,2126.45,0.4308874053491496
,,2126.91,0.3916717045305873
,,2127.376,0.3807784687318323
,,2127.841,0.3960289469070437
,,2128.307,0.40910093375164047
,,2128.77,0.3851357111082887
,,2129.24,0.39820769795288546
,,2129.703,0.39820769795288546
,,2130.166,0.3894929534847451
,,2130.632,0.37424247530953414
,,2131.095,0.3960289469070437
,,2131.56,0.3960289469070437
,,2132.026,0.3611704884649374
,,2132.491,0.41999416955039504
,,2132.958,0.3894929534847451
,,2133.424,0.3851357111082887
,,2133.889,0.3916717045305873
,,2134.354,0.3807784687318323
,,2134.817,0.4308874053491496
,,2135.28,0.40038618928349967
,,2135.748,0.40038618928349967
,,2136.21,0.3546344950426388
,,2136.681,0.3546344950426388
,,2137.143,0.3807784687318323
,,2137.609,0.4047434316599561
,,2138.072,0.40038618928349967
,,2138.538,0.38295696006244695
,,2139.003,0.2500593794315482
,,2139.469,0.40038618928349967
,,2139.929,0.37859971768599054
,,2140.394,0.2892750802501105
,,2140.859,0.6814320884357361
,,2141.325,0.40256494032934187
,,2141.795,0.39820769795288546
,,2142.258,0.3807784687318323
,,2142.721,0.3894929534847451
,,2143.184,0.42653016297269364
,,2143.655,0.3938501958612015
,,2144.117,0.7119330447861585
,,2144.584,0.3633492395107796
,,2145.051,0.37859971768599054
,,2145.509,0.3960289469070437
,,2145.974,0.40038618928349967
,,2146.439,0.40038618928349967
,,2146.907,0.37859971768599054
,,2147.372,0.40038618928349967
,,2147.844,0.40910093375164047
,,2148.302,0.40910093375164047
,,2148.77,0.3459200102897264
,,2149.233,0.4570311193231156
,,2149.695,0.40038618928349967
,,2150.165,0.37206372426369194
,,2150.624,0.40256494032934187
,,2151.094,0.40038618928349967
,,2151.559,0.40038618928349967
,,2152.025,0.40256494032934187
,,2152.484,0.40038618928349967
,,2152.955,0.3938501958612015
,,2153.414,0.40256494032934187
,,2153.881,0.41781541850455284
,,2154.346,0.3894929534847451
,,2154.814,0.40038618928349967
,,2155.276,0.42870865430330785
,,2155.744,0.37859971768599054
,,2156.207,0.539819763336697
,,2156.67,0.16944948646380853
,,2157.139,0.6378591452407174
,,2157.606,0.3132403028934623
,,2158.069,0.3851357111082887
,,2158.535,0.3916717045305873
,,2159.0,0.39820769795288546
,,2159.466,0.40038618928349967
,,2159.925,0.3894929534847451
,,2160.391,0.39820769795288546
,,2160.858,0.3960289469070437
,,2161.324,0.40038618928349967
,,2161.784,0.3807784687318323
,,2162.254,0.3960289469070437
,,2162.715,0.4047434316599561
,,2163.184,0.41781541850455284
,,2163.648,0.37206372426369194
,,2164.11,0.40256494032934187
,,2164.576,0.40038618928349967
,,2165.04,0.41781541850455284
,,2165.506,0.36988523293307773
,,2165.973,0.41999416955039504
,,2166.439,0.40038618928349967
,,2166.903,0.37424247530953414
,,2167.368,0.435244647725606
,,2167.829,0.42435141192685144
,,2168.299,0.40038618928349967
,,2168.759,0.40038618928349967
,,2169.228,0.40038618928349967
,,2169.692,0.41999416955039504
,,2170.154,0.40038618928349967
,,2170.62,0.4112794250822547
,,2171.09,0.40910093375164047
,,2171.555,0.37642122635537634
,,2172.015,0.40038618928349967
,,2172.48,0.3894929534847451
,,2172.947,0.4396018901020624
,,2173.413,0.41781541850455284
,,2173.877,0.3807784687318323
,,2174.343,0.40910093375164047
,,2174.806,0.40256494032934187
,,2175.269,0.4047434316599561
,,2175.737,0.39820769795288546
,,2176.199,0.37642122635537634
,,2176.666,0.3807784687318323
,,2177.129,0.40256494032934187
,,2177.595,0.40038618928349967
,,2178.066,0.40038618928349967
,,2178.524,0.3916717045305873
,,2178.991,0.41781541850455284
,,2179.457,0.40910093375164047
,,2179.922,0.37859971768599054
,,2180.388,0.40910093375164047
,,2180.855,0.40038618928349967
,,2181.321,0.3851357111082887
,,2181.781,0.4156366674587111
,,2182.251,0.40038618928349967
,,2182.714,0.40256494032934187
,,2183.176,0.4047434316599561
,,2183.644,0.356813246088481
,,2184.106,0.4047434316599561
,,2184.572,0.40038618928349967
,,2185.036,0.37642122635537634
,,2185.502,0.46356711274541373
,,2185.967,0.3851357111082887
,,2186.432,0.4875323353887655
,,2186.899,0.40256494032934187
,,2187.365,0.41345817612809643
,,2187.825,0.42653016297269364
,,2188.295,0.40038618928349967
,,2188.759,0.4047434316599561
,,2189.221,0.40256494032934187
,,2189.685,0.40910093375164047
,,2190.154,0.42653016297269364
,,2190.62,0.40910093375164047
,,2191.083,0.3894929534847451
,,2191.549,0.3894929534847451
,,2192.015,0.3960289469070437
,,2192.481,0.37424247530953414
,,2192.94,0.40038618928349967
,,2193.405,0.41781541850455284
,,2193.87,0.4069221827057983
,,2194.336,0.37206372426369194
,,2194.799,0.41999416955039504
,,2195.268,0.39820769795288546
,,2195.729,0.40256494032934187
,,2196.198,0.3916717045305873
,,2196.662,0.40038618928349967
,,2197.125,0.4570311193231156
,,2197.59,0.37642122635537634
,,2198.054,0.4112794250822547
,,2198.52,0.41781541850455284
,,2198.984,0.40038618928349967
,,2199.45,0.35027725266618237
,,2199.915,0.4417806411479046
,,2200.381,0.40038618928349967
,,2200.848,0.39820769795288546
,,2201.314,0.37206372426369194
,,2201.777,0.40038618928349967
,,2202.239,0.6923253242344911
,,2202.707,0.41345817612809643
,,2203.169,0.3916717045305873
,,2203.635,0.41781541850455284
,,2204.1,0.41999416955039504
,,2204.566,0.4570311193231156
,,2205.033,0.41781541850455284
,,2205.499,0.40038618928349967
,,2205.966,0.4308874053491496
,,2206.424,0.37859971768599054
,,2206.895,0.37859971768599054
,,2207.361,0.40038618928349967
,,2207.821,0.40038618928349967
,,2208.284,0.40038618928349967
,,2208.751,0.45267387694665917
,,2209.214,0.41345817612809643
,,2209.684,0.3916717045305873
,,2210.147,0.39820769795288546
,,2210.612,0.3960289469070437
,,2211.075,0.3807784687318323
,,2211.541,0.34809876133556816
,,2212.006,0.40038618928349967
,,2212.472,0.40038618928349967
,,2212.936,0.40256494032934187
,,2213.402,0.41781541850455284
,,2213.867,0.41345817612809643
,,2214.332,0.42435141192685144
,,2214.795,0.40256494032934187
,,2215.265,0.40256494032934187
,,2215.729,0.4047434316599561
,,2216.192,0.41781541850455284
,,2216.655,0.41345817612809643
,,2217.125,0.4112794250822547
,,2217.59,0.4069221827057983
,,2218.054,0.41781541850455284
,,2218.52,0.3851357111082887
,,2218.984,0.4047434316599561
,,2219.45,0.3633492395107796
,,2219.915,0.40038618928349967
,,2220.38,0.3459200102897264
,,2220.84,0.36770648188723554
,,2221.306,0.40256494032934187
,,2221.774,0.40910093375164047
,,2222.236,0.42653016297269364
,,2222.699,0.4156366674587111
,,2223.169,0.40038618928349967
,,2223.636,0.40038618928349967
,,2224.101,0.40256494032934187
,,2224.559,0.3960289469070437
,,2225.025,0.3132403028934623
,,2225.49,0.40256494032934187
,,2225.954,0.3633492395107796
,,2226.42,0.40910093375164047
,,2226.885,0.36988523293307773
,,2227.351,0.40038618928349967
,,2227.814,0.40038618928349967
,,2228.284,0.3960289469070437
,,2228.744,0.40038618928349967
,,2229.214,0.41781541850455284
,,2229.677,0.41781541850455284
,,2230.139,0.40038618928349967
,,2230.605,0.46356711274541373
,,2231.069,0.3916717045305873
,,2231.534,0.3633492395107796
,,2231.999,0.3916717045305873
,,2232.464,0.40038618928349967
,,2232.929,0.37859971768599054
,,2233.395,0.3894929534847451
,,2233.86,0.41345817612809643
,,2234.325,0.37424247530953414
,,2234.795,0.40256494032934187
,,2235.258,0.41781541850455284
,,2235.725,0.35027725266618237
,,2236.188,0.40038618928349967
,,2236.651,0.40038618928349967
,,2237.115,0.3960289469070437
,,2237.58,0.46792435512187014
,,2238.048,0.3960289469070437
,,2238.513,0.42653016297269364
,,2238.98,0.40910093375164047
,,2239.439,0.4417806411479046
,,2239.904,0.4112794250822547
,,2240.369,0.40038618928349967
,,2240.844,0.40038618928349967
,,2241.302,0.40256494032934187
,,2241.77,0.40910093375164047
,,2242.233,0.45267387694665917
,,2242.696,0.4069221827057983
,,2243.166,0.4417806411479046
,,2243.624,0.40038618928349967
,,2244.094,0.40038618928349967
,,2244.56,0.40910093375164047
,,2245.025,0.40038618928349967
,,2245.491,0.37642122635537634
,,2245.955,0.41781541850455284
,,2246.42,0.42435141192685144
,,2246.885,0.4047434316599561
,,2247.351,0.41999416955039504
,,2247.814,0.40910093375164047
,,2248.276,0.41781541850455284
,,2248.744,0.40038618928349967
,,2249.206,0.39820769795288546
,,2249.669,0.40038618928349967
,,2250.139,0.4047434316599561
,,2250.605,0.40038618928349967
,,2251.069,0.40038618928349967
,,2251.535,0.40256494032934187
,,2251.999,0.3894929534847451
,,2252.465,0.39820769795288546
,,2252.93,0.40038618928349967
,,2253.395,0.4069221827057983
,,2253.855,0.3045255584253215
,,2254.32,0.40910093375164047
,,2254.788,0.40038618928349967
,,2255.25,0.4069221827057983
,,2255.714,0.41999416955039504
,,2256.184,0.4047434316599561
,,2256.644,0.40256494032934187
,,2257.114,0.42217266088100924
,,2257.58,0.40910093375164047
,,2258.04,0.40038618928349967
,,2258.506,0.37642122635537634
,,2258.97,0.40038618928349967
,,2259.436,0.3916717045305873
,,2259.903,0.37206372426369194
,,2260.369,0.40256494032934187
,,2260.829,0.40256494032934187
,,2261.3,0.40038618928349967
,,2261.763,0.40038618928349967
,,2262.225,0.40038618928349967
,,2262.696,0.3894929534847451
,,2263.158,0.40038618928349967
,,2263.624,0.39820769795288546
,,2264.086,0.3894929534847451
,,2264.553,0.3894929534847451
,,2265.017,0.3894929534847451
,,2265.483,0.40038618928349967
,,2265.947,0.40256494032934187
,,2266.413,0.40910093375164047
,,2266.88,0.41999416955039504
,,2267.339,0.41781541850455284
,,2267.807,0.40910093375164047
,,2268.269,0.42435141192685144
,,2268.737,0.40038618928349967
,,2269.199,0.42435141192685144
,,2269.67,0.40038618928349967
,,2270.132,0.40038618928349967
,,2270.598,0.40038618928349967
,,2271.061,0.3960289469070437
,,2271.527,0.42435141192685144
,,2271.994,0.41781541850455284
,,2272.459,0.40910093375164047
,,2272.925,0.40910093375164047
,,2273.391,0.4308874053491496
,,2273.856,0.3807784687318323
,,2274.314,0.3546344950426388
,,2274.784,0.4069221827057983
,,2275.246,0.37642122635537634
,,2275.714,0.3851357111082887
,,2276.176,0.40910093375164047
,,2276.647,0.40038618928349967
,,2277.11,0.40038618928349967
,,2277.575,0.41345817612809643
,,2278.04,0.41781541850455284
,,2278.506,0.40910093375164047
,,2278.966,0.4069221827057983
,,2279.432,0.41781541850455284
,,2279.896,0.41781541850455284
,,2280.361,0.4069221827057983
,,2280.825,0.4047434316599561
,,2281.294,0.42435141192685144
,,2281.755,0.40038618928349967
,,2282.225,0.4047434316599561
,,2282.688,0.36770648188723554
,,2283.151,0.3851357111082887
,,2283.616,0.37206372426369194
,,2284.079,0.40038618928349967
,,2284.544,0.4112794250822547
,,2285.01,0.4548523682772734
,,2285.476,0.3894929534847451
,,2285.944,0.4069221827057983
,,2286.41,0.3894929534847451
,,2286.87,0.41781541850455284
,,2287.335,0.3633492395107796
,,2287.803,0.3807784687318323
,,2288.265,0.47446034854416874
,,2288.733,0.5986434444221547
,,2289.195,0.4069221827057983
,,2289.666,0.40038618928349967
,,2290.129,0.4112794250822547
,,2290.595,0.43306589667976425
,,2291.058,0.37859971768599054
,,2291.524,0.3807784687318323
,,2291.984,0.37642122635537634
,,2292.45,0.40038618928349967
,,2292.915,0.4417806411479046
,,2293.381,0.4308874053491496
,,2293.848,0.41345817612809643
,,2294.314,0.39820769795288546
,,2294.777,0.41781541850455284
,,2295.239,0.4417806411479046
,,2295.71,0.42653016297269364
,,2296.172,0.4112794250822547
,,2296.639,0.38295696006244695
,,2297.103,0.42870865430330785
,,2297.568,0.40256494032934187
,,2298.036,0.40256494032934187
,,2298.494,0.41999416955039504
,,2298.966,0.41345817612809643
,,2299.424,0.40038618928349967
,,2299.889,0.3851357111082887
,,2300.355,0.6008219357527689
,,2300.825,0.4112794250822547
,,2301.287,0.4112794250822547
,,2301.755,0.3807784687318323
,,2302.218,0.41781541850455284
,,2302.681,0.40910093375164047
,,2303.144,0.40038618928349967
,,2303.609,0.37424247530953414
,,2304.08,0.41781541850455284
,,2304.545,0.3546344950426388
,,2305.011,0.40910093375164047
,,2305.469,0.3851357111082887
,,2305.936,0.40038618928349967
,,2306.402,0.40038618928349967
,,2306.866,0.3894929534847451
,,2307.332,0.4069221827057983
,,2307.8,0.39820769795288546
,,2308.262,0.3916717045305873
,,2308.725,0.40038618928349967
,,2309.195,0.42653016297269364
,,2309.658,0.47228159749832654
,,2310.121,0.4112794250822547
,,2310.586,0.3960289469070437
,,2311.052,0.40038618928349967
,,2311.517,0.36988523293307773
,,2311.984,0.4047434316599561
,,2312.45,0.45267387694665917
,,2312.914,0.38295696006244695
,,2313.38,0.3459200102897264
,,2313.84,0.21302242965882767
,,2314.306,0.40256494032934187
,,2314.774,0.40910093375164047
,,2315.236,0.42653016297269364
,,2315.699,0.3894929534847451
,,2316.169,0.40256494032934187
,,2316.635,0.40038618928349967
,,2317.101,0.37859971768599054
,,2317.559,0.40038618928349967
,,2318.025,0.37859971768599054
,,2318.491,0.39820769795288546
,,2318.959,0.40910093375164047
,,2319.424,0.4069221827057983
,,2319.885,0.3894929534847451
,,2320.351,0.41781541850455284
,,2320.814,0.41345817612809643
,,2321.283,0.41781541850455284
,,2321.744,0.3938501958612015
,,2322.213,0.41345817612809643
,,2322.677,0.40038618928349967
,,2323.139,0.3807784687318323
,,2323.605,0.43306589667976425
,,2324.069,0.41781541850455284
,,2324.534,0.4374233987714482
,,2324.999,0.41781541850455284
,,2325.464,0.40038618928349967
,,2325.929,0.42870865430330785
,,2326.396,0.40910093375164047
,,2326.863,0.40038618928349967
,,2327.329,0.3960289469070437
,,2327.792,0.3851357111082887
,,2328.254,0.3916717045305873
,,2328.723,0.40038618928349967
,,2329.186,0.40038618928349967
,,2329.65,0.3807784687318323
,,2330.12,0.39820769795288546
,,2330.579,0.40038618928349967
,,2331.051,0.40038618928349967
,,2331.509,0.3960289469070437
,,2331.974,0.4112794250822547
,,2332.44,0.41781541850455284
,,2332.907,0.40256494032934187
,,2333.372,0.38295696006244695
,,2333.844,0.42653016297269364
,,2334.302,0.1868787156848617
,,2334.766,0.40038618928349967
,,2335.229,0.42653016297269364
,,2335.699,0.4112794250822547
,,2336.162,0.40038618928349967
,,2336.627,0.4112794250822547
,,2337.09,0.41999416955039504
,,2337.556,0.40038618928349967
,,2338.025,0.4069221827057983
,,2338.491,0.37206372426369194
,,2338.955,0.40256494032934187
,,2339.414,0.37206372426369194
,,2339.881,0.40910093375164047
,,2340.346,0.3894929534847451
,,2340.81,0.4047434316599561
,,2341.28,0.40038618928349967
,,2341.74,0.3894929534847451
,,2342.21,0.446137883524361
,,2342.673,0.4570311193231156
,,2343.136,0.39820769795288546
,,2343.602,0.41345817612809643
,,2344.068,0.3960289469070437
,,2344.533,0.4308874053491496
,,2344.995,0.4396018901020624
,,2345.46,0.40038618928349967
,,2345.925,0.41781541850455284
,,2346.39,0.42435141192685144
,,2346.855,0.3916717045305873
,,2347.32,0.4069221827057983
,,2347.788,0.40038618928349967
,,2348.25,0.4069221827057983
,,2348.718,0.4809963419664669
,,2349.18,0.4112794250822547
,,2349.644,0.39820769795288546
,,2350.114,0.5006040625181343
,,2350.579,0.40038618928349967
,,2351.043,0.4396018901020624
,,2351.509,0.40038618928349967
,,2351.974,0.4069221827057983
,,2352.439,0.4069221827057983
,,2352.899,0.40038618928349967
,,2353.365,0.4069221827057983
,,2353.829,0.4069221827057983
,,2354.299,0.4439591324785188
,,2354.762,0.42870865430330785
,,2355.224,0.45267387694665917
,,2355.692,0.4069221827057983
,,2356.154,0.4069221827057983
,,2356.62,0.37859971768599054
,,2357.09,0.40038618928349967
,,2357.549,0.41781541850455284
,,2358.017,0.3916717045305873
,,2358.483,0.42653016297269364
,,2358.947,0.40256494032934187
,,2359.413,0.4308874053491496
,,2359.881,0.3807784687318323
,,2360.339,0.40038618928349967
,,2360.81,0.40256494032934187
,,2361.272,0.4069221827057983
,,2361.74,0.40038618928349967
,,2362.202,0.40038618928349967
,,2362.67,0.37206372426369194
,,2363.132,0.4047434316599561
,,2363.598,0.40910093375164047
,,2364.062,0.4548523682772734
,,2364.527,0.40038618928349967
,,2364.994,0.446137883524361
,,2365.46,0.41999416955039504
,,2365.921,0.39820769795288546
,,2366.387,0.38295696006244695
,,2366.851,0.3894929534847451
,,2367.317,0.41345817612809643
,,2367.781,0.40038618928349967
,,2368.25,0.40910093375164047
,,2368.711,0.41999416955039504
,,2369.18,0.40038618928349967
,,2369.639,0.42217266088100924
,,2370.11,0.6727173439675957
,,2370.576,0.40038618928349967
,,2371.04,0.4831748332970811
,,2371.499,0.3938501958612015
,,2371.966,0.4069221827057983
,,2372.432,0.3916717045305873
,,2372.896,0.42653016297269364
,,2373.362,0.3916717045305873
,,2373.825,0.3894929534847451
,,2374.295,0.3851357111082887
,,2374.758,0.3916717045305873
,,2375.22,0.11934054984649123
,,2375.689,0.36770648188723554
,,2376.151,0.40910093375164047
,,2376.617,0.3873144621541309
,,2377.079,0.37424247530953414
,,2377.545,0.3807784687318323
,,2378.01,0.40038618928349967
,,2378.476,0.40256494032934187
,,2378.94,0.3938501958612015
,,2379.405,0.01040793214371627
,,2379.87,0.4069221827057983
,,2380.336,0.40038618928349967
,,2380.803,0.40038618928349967
,,2381.266,0.41345817612809643
,,2381.736,0.39820769795288546
,,2382.199,0.40910093375164047
,,2382.662,0.3894929534847451
,,2383.125,0.4069221827057983
,,2383.59,0.37206372426369194
,,2384.055,0.40910093375164047
,,2384.521,0.4374233987714482
,,2384.988,0.3916717045305873
,,2385.454,0.3894929534847451
,,2385.918,0.40038618928349967
,,2386.384,0.0409091482093662
,,2386.844,0.3110615518476201
,,2387.309,0.3916717045305873
,,2387.777,0.4047434316599561
,,2388.24,0.3894929534847451
,,2388.71,0.4439591324785188
,,2389.172,0.40038618928349967
,,2389.639,0.40038618928349967
,,2390.102,0.42653016297269364
,,2390.568,0.37859971768599054
,,2391.033,0.014765434235400221
,,2391.499,0.40038618928349967
,,2391.966,0.4570311193231156
,,2392.424,0.3916717045305873
,,2392.889,0.3894929534847451
,,2393.354,0.40038618928349967
,,2393.825,0.37206372426369194
,,2394.287,0.4156366674587111
,,2394.755,0.3916717045305873
,,2395.217,0.4417806411479046
,,2395.685,0.4112794250822547
,,2396.147,0.40038618928349967
,,2396.613,0.3916717045305873
,,2397.076,0.40038618928349967
,,2397.541,0.4069221827057983
,,2398.006,0.37206372426369194
,,2398.472,0.3894929534847451
,,2398.937,0.3807784687318323
,,2399.403,0.36988523293307773
,,2399.87,0.40038618928349967
,,2400.336,0.3916717045305873
,,2400.796,0.38295696006244695
,,2401.266,0.36988523293307773
,,2401.729,0.40038618928349967
,,2402.191,0.36552799055662133
,,2402.655,0.40038618928349967
,,2403.124,0.40038618928349967
,,2403.59,0.40038618928349967
,,2404.055,0.40910093375164047
,,2404.521,0.37206372426369194
,,2404.981,0.40038618928349967
,,2405.447,0.38295696006244695
,,2405.914,0.40038618928349967
,,2406.38,0.3894929534847451
,,2406.844,0.39820769795288546
,,2407.31,0.3437412592438842
,,2407.773,0.40038618928349967
,,2408.235,0.39820769795288546
,,2408.703,0.3938501958612015
,,2409.166,0.3807784687318323
,,2409.632,0.3807784687318323
,,2410.095,0.41781541850455284
,,2410.561,0.38295696006244695
,,2411.026,0.40038618928349967
,,2411.491,0.3916717045305873
,,2411.958,0.40038618928349967
,,2412.424,0.3916717045305873
,,2412.889,0.38295696006244695
,,2413.354,0.37206372426369194
,,2413.817,0.356813246088481
,,2414.28,0.4156366674587111
,,2414.748,0.40910093375164047
,,2415.21,0.40038618928349967
,,2415.681,0.3611704884649374
,,2416.144,0.40910093375164047
,,2416.61,0.40256494032934187
,,2417.073,0.36770648188723554
,,2417.538,0.3916717045305873
,,2418.004,0.37424247530953414
,,2418.47,0.40038618928349967
,,2418.929,0.40256494032934187
,,2419.395,0.37424247530953414
,,2419.862,0.3546344950426388
