EMG_time_ms,EMG_raw,FORCE_raw
0.0,0.0,-0.0006646118118752153
0.4655172734839499,0.0,-0.0006646118118752153
0.9310345469678998,0.0,-0.0006646118118752153
1.3965518204518497,0.0,-0.0006646118118752153
1.8620690939357996,0.0,-0.0006646118118752153
2.3275863674197494,0.0,-0.0006646118118752153
2.7931036409036993,0.0,-0.0006646118118752153
3.2586209143876492,0.0,-0.0006646118118752153
3.724138187871599,0.0,-0.0006646118118752153
4.189655461355549,0.0,-0.0006646118118752153
4.655172734839499,0.0,-0.0006646118118752153
5.120690008323448,0.0,-0.0006646118118752153
5.586207281807399,0.0,-0.0006646118118752153
6.051724555291348,0.0,-0.0006646118118752153
6.5172418287752985,0.0,-0.0006646118118752153
6.982759102259248,0.0,-0.0006646118118752153
7.448276375743198,0.0,-0.0006646118118752153
7.913793649227148,0.0,-0.0006646118118752153
8.379310922711097,0.0,-0.0006646118118752153
8.844828196195047,0.0,-0.0006646118118752153
9.310345469678998,0.0,-0.0006646118118752153
9.775862743162946,0.0,-0.0006646118118752153
10.241380016646897,0.0,-0.0006646118118752153
10.706897290130847,0.0,-0.0006646118118752153
11.172414563614797,0.0,-0.0006646118118752153
11.637931837098746,0.0,-0.0006646118118752153
12.103449110582696,0.0,-0.0006646118118752153
12.568966384066647,0.0,-0.0006646118118752153
13.034483657550597,0.0,-0.0006646118118752153
13.500000931034545,0.0,-0.0006646118118752153
13.965518204518496,0.0,-0.0006646118118752153
14.431035478002446,0.0,-0.0006646118118752153
14.896552751486396,0.0,-0.0006646118118752153
15.362070024970345,0.0,-0.0006646118118752153
15.827587298454295,0.0,-0.0006646118118752153
16.293104571938244,0.0,-0.0006646118118752153
16.758621845422194,0.0,-0.0006646118118752153
17.224139118906145,0.0,-0.0006646118118752153
17.689656392390095,0.0,-0.0006646118118752153
18.155173665874045,0.0,-0.0006646118118752153
18.620690939357996,0.0,-0.0006646118118752153
19.086208212841946,0.0,-0.0006646118118752153
19.551725486325893,0.0,-0.0006646118118752153
20.017242759809843,0.0,-0.0006646118118752153
20.482760033293793,0.0,-0.0006646118118752153
20.948277306777744,0.0,-0.0006646118118752153
21.413794580261694,0.0,-0.0006646118118752153
21.879311853745644,0.0,-0.0006646118118752153
22.344829127229595,0.0,-0.0006646118118752153
22.810346400713545,0.0,-0.0006646118118752153
23.275863674197492,0.0,-0.0006646118118752153
23.741380947681442,0.0,-0.0006646118118752153
24.206898221165392,0.0,-0.0006646118118752153
24.672415494649343,0.0,-0.0006646118118752153
25.137932768133293,0.0,-0.0006646118118752153
25.603450041617243,0.0,-0.0006646118118752153
26.068967315101194,0.0,-0.0006646118118752153
26.53448458858514,0.0,-0.0006646118118752153
27.00000186206909,0.0,-0.0006646118118752153
27.46551913555304,0.0,-0.0006646118118752153
27.93103640903699,0.0,-0.0006646118118752153
28.396553682520942,0.0,-0.0006646118118752153
28.862070956004892,0.0,-0.0006646118118752153
29.327588229488843,0.0,-0.0006646118118752153
29.793105502972793,0.0,-0.0006646118118752153
30.25862277645674,0.0,-0.0006646118118752153
30.72414004994069,0.0,-0.0006646118118752153
31.18965732342464,0.0,-0.0006646118118752153
31.65517459690859,0.0,-0.0006646118118752153
32.12069187039254,0.0,-0.0006646118118752153
32.58620914387649,0.0,-0.0006646118118752153
33.05172641736044,0.0,-0.0006646118118752153
33.51724369084439,0.0,-0.0006646118118752153
33.98276096432834,0.0,-0.0006646118118752153
34.44827823781229,0.0,-0.0006646118118752153
34.91379551129624,0.0,-0.0006646118118752153
35.37931278478019,0.0,-0.0006646118118752153
35.84483005826414,0.0,-0.0006646118118752153
36.31034733174809,0.0,-0.0006646118118752153
36.77586460523204,0.0,-0.0006646118118752153
37.24138187871599,0.0,-0.0006646118118752153
37.70689915219994,0.0,-0.0006646118118752153
38.17241642568389,0.0,-0.0006646118118752153
38.63793369916784,0.0,-0.0006646118118752153
39.103450972651785,0.0,-0.0006646118118752153
39.56896824613574,0.0,-0.0006646118118752153
40.034485519619686,0.0,-0.0006646118118752153
40.50000279310364,0.0,-0.0006646118118752153
40.96552006658759,0.0,-0.0006646118118752153
41.43103734007154,0.0,-0.0006646118118752153
41.89655461355549,0.0,-0.0006646118118752153
42.36207188703944,0.0,-0.0006646118118752153
42.82758916052339,0.0,-0.0006646118118752153
43.293106434007335,0.0,-0.0006646118118752153
43.75862370749129,0.0,-0.0006646118118752153
44.224140980975235,0.0,-0.0006646118118752153
44.68965825445919,0.0,-0.0006646118118752153
45.155175527943136,0.0,-0.0006646118118752153
45.62069280142709,0.0,-0.0006646118118752153
46.08621007491104,0.0,-0.0006646118118752153
46.551727348394984,0.0,-0.0006646118118752153
47.01724462187894,0.0,-0.0006646118118752153
47.482761895362884,0.0,-0.0006646118118752153
47.94827916884684,0.0,-0.0006646118118752153
48.413796442330785,0.0,-0.0006646118118752153
48.87931371581474,0.0,-0.0006646118118752153
49.344830989298686,0.0,-0.0006646118118752153
49.81034826278263,0.0,-0.0006646118118752153
50.275865536266586,0.0,-0.0006646118118752153
50.74138280975053,0.0,-0.0006646118118752153
51.20690008323449,0.0,-0.0006646118118752153
51.672417356718434,0.0,-0.0006646118118752153
52.13793463020239,0.0,-0.0006646118118752153
52.603451903686334,0.0,-0.0006646118118752153
53.06896917717028,0.0,-0.0006646118118752153
53.534486450654235,0.0,-0.0006646118118752153
54.00000372413818,0.0,-0.0006646118118752153
54.465520997622136,0.0,-0.0006646118118752153
54.93103827110608,0.0,-0.0006646118118752153
55.396555544590036,0.0,-0.0006646118118752153
55.86207281807398,0.0,-0.0006646118118752153
56.32759009155794,0.0,-0.0006646118118752153
56.793107365041884,0.0,-0.0006646118118752153
57.25862463852583,0.0,-0.0006646118118752153
57.724141912009785,0.0,-0.0006646118118752153
58.18965918549373,0.0,-0.0006646118118752153
58.655176458977685,0.0,-0.0006646118118752153
59.12069373246163,0.0,-0.0006646118118752153
59.586211005945586,0.0,-0.0006646118118752153
60.05172827942953,0.0,-0.0006646118118752153
60.51724555291348,0.0,-0.0006646118118752153
60.98276282639743,0.0,-0.0006646118118752153
61.44828009988138,0.0,-0.0006646118118752153
61.913797373365334,0.0,-0.0006646118118752153
62.37931464684928,0.0,-0.0006646118118752153
62.844831920333235,0.0,-0.0006646118118752153
63.31034919381718,0.0,-0.0006646118118752153
63.77586646730113,0.0,-0.0006646118118752153
64.24138374078508,0.0,-0.0006646118118752153
64.70690101426904,0.0,-0.0006646118118752153
65.17241828775298,0.0,-0.0006646118118752153
65.63793556123693,0.0,-0.0006646118118752153
66.10345283472088,0.0,-0.0006646118118752153
66.56897010820484,0.0,-0.0006646118118752153
67.03448738168878,0.0,-0.0006646118118752153
67.50000465517273,0.0,-0.0006646118118752153
67.96552192865668,0.0,0.027657820743529182
68.43103920214062,0.0,-0.0006646118118752153
68.89655647562458,0.0,-0.0006646118118752153
69.36207374910853,0.0,-0.0006646118118752153
69.82759102259249,0.0,-0.0006646118118752153
70.29310829607643,0.0,-0.0006646118118752153
70.75862556956038,0.0,-0.0006646118118752153
71.22414284304433,0.0,-0.0006646118118752153
71.68966011652827,0.0,-0.0006646118118752153
72.15517739001223,0.0,-0.0006646118118752153
72.62069466349618,0.0,-0.0006646118118752153
73.08621193698013,0.0,-0.0006646118118752153
73.55172921046407,0.0,-0.0006646118118752153
74.01724648394803,0.0,-0.0006646118118752153
74.48276375743198,0.0,-0.0006646118118752153
74.94828103091592,0.0,-0.0006646118118752153
75.41379830439988,0.0,-0.0006646118118752153
75.87931557788383,0.0,-0.0006646118118752153
76.34483285136778,0.0,-0.0006646118118752153
76.81035012485172,0.0,-0.0006646118118752153
77.27586739833568,0.0,-0.0006646118118752153
77.74138467181963,0.0,-0.0006646118118752153
78.20690194530357,0.0,-0.0006646118118752153
78.67241921878752,0.0,-0.0006646118118752153
79.13793649227148,0.0,-0.0006646118118752153
79.60345376575543,0.0,-0.0006646118118752153
80.06897103923937,0.0,-0.0006646118118752153
80.53448831272333,0.0,-0.0006646118118752153
81.00000558620728,0.0,-0.0006646118118752153
81.46552285969122,0.0,-0.0006646118118752153
81.93104013317517,0.0,-0.0006646118118752153
82.39655740665913,0.0,-0.0006646118118752153
82.86207468014308,0.0,-0.0006646118118752153
83.32759195362702,0.0,-0.0006646118118752153
83.79310922711097,0.0,-0.0006646118118752153
84.25862650059493,0.0,-0.0006646118118752153
84.72414377407888,0.0,-0.0006646118118752153
85.18966104756282,0.0,-0.0006646118118752153
85.65517832104678,0.0,-0.0006646118118752153
86.12069559453073,0.0,-0.0006646118118752153
86.58621286801467,0.0,-0.0006646118118752153
87.05173014149862,0.0,-0.0006646118118752153
87.51724741498258,0.0,-0.0006646118118752153
87.98276468846653,0.0,-0.0006646118118752153
88.44828196195047,0.0,-0.0006646118118752153
88.91379923543442,0.0,-0.0006646118118752153
89.37931650891838,0.0,-0.0006646118118752153
89.84483378240232,0.0,-0.0006646118118752153
90.31035105588627,0.0,-0.0006646118118752153
90.77586832937023,0.0,-0.0006646118118752153
91.24138560285418,0.0,-0.0006646118118752153
91.70690287633812,0.0,-0.0006646118118752153
92.17242014982207,0.0,-0.0006646118118752153
92.63793742330603,0.0,-0.0006646118118752153
93.10345469678997,0.0,-0.0006646118118752153
93.56897197027392,0.0,-0.0006646118118752153
94.03448924375787,0.0,-0.0006646118118752153
94.50000651724183,0.0,-0.0006646118118752153
94.96552379072577,0.0,-0.0006646118118752153
95.43104106420972,0.0,-0.0006646118118752153
95.89655833769368,0.0,-0.0006646118118752153
96.36207561117762,0.0,-0.0006646118118752153
96.82759288466157,0.0,-0.0006646118118752153
97.29311015814552,0.0,-0.0006646118118752153
97.75862743162948,0.0,-0.0006646118118752153
98.22414470511342,0.0,-0.0006646118118752153
98.68966197859737,0.0,-0.0006646118118752153
99.15517925208133,0.0,-0.0006646118118752153
99.62069652556526,0.0,-0.0006646118118752153
100.08621379904922,0.0,-0.0006646118118752153
100.55173107253317,0.0,-0.0006646118118752153
101.01724834601713,0.0,-0.0006646118118752153
101.48276561950107,0.0,-0.0006646118118752153
101.94828289298502,0.0,-0.0006646118118752153
102.41380016646897,0.0,-0.0006646118118752153
102.87931743995291,0.0,-0.0006646118118752153
103.34483471343687,0.0,-0.0006646118118752153
103.81035198692082,0.0,-0.0006646118118752153
104.27586926040478,0.0,-0.0006646118118752153
104.74138653388871,0.0,-0.0006646118118752153
105.20690380737267,0.0,-0.0006646118118752153
105.67242108085662,0.0,-0.0006646118118752153
106.13793835434056,0.0,-0.0006646118118752153
106.60345562782452,0.0,-0.0006646118118752153
107.06897290130847,0.0,-0.0006646118118752153
107.53449017479242,0.0,-0.0006646118118752153
108.00000744827636,0.0,-0.0006646118118752153
108.46552472176032,0.0,-0.0006646118118752153
108.93104199524427,0.0,-0.0006646118118752153
109.39655926872823,0.0,-0.0006646118118752153
109.86207654221217,0.0,-0.0006646118118752153
110.32759381569612,0.0,-0.0006646118118752153
110.79311108918007,0.0,-0.0006646118118752153
111.25862836266401,0.0,-0.0006646118118752153
111.72414563614797,0.0,-0.0006646118118752153
112.18966290963192,0.0,-0.0006646118118752153
112.65518018311587,0.0,-0.0006646118118752153
113.12069745659981,0.0,-0.0006646118118752153
113.58621473008377,0.0,-0.0006646118118752153
114.05173200356772,0.0,-0.0006646118118752153
114.51724927705166,0.0,-0.0006646118118752153
114.98276655053562,0.0,-0.0006646118118752153
115.44828382401957,0.0,-0.0006646118118752153
115.91380109750352,0.0,-0.0006646118118752153
116.37931837098746,0.0,-0.0006646118118752153
116.84483564447142,0.0,-0.0006646118118752153
117.31035291795537,0.0,-0.0006646118118752153
117.77587019143931,0.0,-0.0006646118118752153
118.24138746492326,0.0,-0.0006646118118752153
118.70690473840722,0.0,-0.0006646118118752153
119.17242201189117,0.0,-0.0006646118118752153
119.63793928537511,0.0,-0.0006646118118752153
120.10345655885907,0.0,-0.0006646118118752153
120.56897383234302,0.0,-0.0006646118118752153
121.03449110582696,0.0,-0.0006646118118752153
121.50000837931091,0.0,-0.0006646118118752153
121.96552565279487,0.0,-0.0006646118118752153
122.43104292627882,0.0,-0.0006646118118752153
122.89656019976276,0.0,-0.0006646118118752153
123.36207747324671,0.0,-0.0006646118118752153
123.82759474673067,0.0,-0.0006646118118752153
124.29311202021461,0.0,-0.0006646118118752153
124.75862929369856,0.0,-0.0006646118118752153
125.22414656718252,0.0,-0.0006646118118752153
125.68966384066647,0.0,-0.0006646118118752153
126.15518111415041,0.0,-0.0006646118118752153
126.62069838763436,0.0,-0.0006646118118752153
127.08621566111832,0.0,-0.0006646118118752153
127.55173293460226,0.0,-0.0006646118118752153
128.0172502080862,0.0,-0.0006646118118752153
128.48276748157016,0.0,-0.0006646118118752153
128.94828475505412,0.0,-0.0006646118118752153
129.41380202853807,0.0,-0.0006646118118752153
129.87931930202203,0.0,-0.0006646118118752153
130.34483657550595,0.0,-0.0006646118118752153
130.8103538489899,0.0,-0.0006646118118752153
131.27587112247386,0.0,-0.0006646118118752153
131.7413883959578,0.0,-0.0006646118118752153
132.20690566944177,0.0,-0.0006646118118752153
132.67242294292572,0.0,-0.0006646118118752153
133.13794021640967,0.0,-0.0006646118118752153
133.6034574898936,0.0,-0.0006646118118752153
134.06897476337755,0.0,-0.0006646118118752153
134.5344920368615,0.0,-0.0006646118118752153
135.00000931034546,0.0,-0.0006646118118752153
135.46552658382942,0.0,-0.0006646118118752153
135.93104385731337,0.0,-0.0006646118118752153
136.39656113079732,0.0,-0.0006646118118752153
136.86207840428125,0.0,-0.0006646118118752153
137.3275956777652,0.0,-0.0006646118118752153
137.79311295124916,0.0,-0.0006646118118752153
138.2586302247331,0.0,-0.0006646118118752153
138.72414749821706,0.0,-0.0006646118118752153
139.18966477170102,0.0,-0.0006646118118752153
139.65518204518497,0.0,-0.0006646118118752153
140.1206993186689,0.0,-0.0006646118118752153
140.58621659215285,0.0,-0.0006646118118752153
141.0517338656368,0.0,-0.0006646118118752153
141.51725113912076,0.0,-0.0006646118118752153
141.9827684126047,0.0,-0.0006646118118752153
142.44828568608867,0.0,-0.0006646118118752153
142.91380295957262,0.0,-0.0006646118118752153
143.37932023305655,0.0,-0.0006646118118752153
143.8448375065405,0.0,-0.0006646118118752153
144.31035478002445,0.0,-0.0006646118118752153
144.7758720535084,0.0,-0.0006646118118752153
145.24138932699236,0.0,-0.0006646118118752153
145.70690660047632,0.0,-0.0006646118118752153
146.17242387396027,0.0,-0.0006646118118752153
146.6379411474442,0.0,-0.0006646118118752153
147.10345842092815,0.0,-0.0006646118118752153
147.5689756944121,0.0,-0.0006646118118752153
148.03449296789606,0.0,-0.0006646118118752153
148.50001024138,0.0,-0.0006646118118752153
148.96552751486396,0.0,-0.0006646118118752153
149.43104478834792,0.0,-0.0006646118118752153
149.89656206183184,0.0,-0.0006646118118752153
150.3620793353158,0.0,-0.0006646118118752153
150.82759660879975,0.0,-0.0006646118118752153
151.2931138822837,0.0,-0.0006646118118752153
151.75863115576766,0.0,-0.0006646118118752153
152.2241484292516,0.0,-0.0006646118118752153
152.68966570273557,0.0,-0.0006646118118752153
153.1551829762195,0.0,-0.0006646118118752153
153.62070024970345,0.0,-0.0006646118118752153
154.0862175231874,0.0,-0.0006646118118752153
154.55173479667135,0.0,-0.0006646118118752153
155.0172520701553,0.0,-0.0006646118118752153
155.48276934363926,0.0,-0.0006646118118752153
155.94828661712322,0.0,-0.0006646118118752153
156.41380389060714,0.0,-0.0006646118118752153
156.8793211640911,0.0,-0.0006646118118752153
157.34483843757505,0.0,-0.0006646118118752153
157.810355711059,0.0,-0.0006646118118752153
158.27587298454296,0.0,-0.0006646118118752153
158.7413902580269,0.0,-0.0006646118118752153
159.20690753151086,0.0,-0.0006646118118752153
159.6724248049948,0.0,-0.0006646118118752153
160.13794207847874,0.0,-0.0006646118118752153
160.6034593519627,0.0,-0.0006646118118752153
161.06897662544665,0.0,-0.0006646118118752153
161.5344938989306,0.0,-0.0006646118118752153
162.00001117241456,0.0,-0.0006646118118752153
162.4655284458985,0.0,-0.0006646118118752153
162.93104571938244,0.0,-0.0006646118118752153
163.3965629928664,0.0,-0.0006646118118752153
163.86208026635035,0.0,-0.0006646118118752153
164.3275975398343,0.0,-0.0006646118118752153
164.79311481331825,0.0,-0.0006646118118752153
165.2586320868022,0.0,-0.0006646118118752153
165.72414936028616,0.0,-0.0006646118118752153
166.1896666337701,0.0,-0.0006646118118752153
166.65518390725404,0.0,-0.0006646118118752153
167.120701180738,0.0,-0.0006646118118752153
167.58621845422195,0.0,-0.0006646118118752153
168.0517357277059,0.0,-0.0006646118118752153
168.51725300118986,0.0,-0.0006646118118752153
168.9827702746738,0.0,-0.0006646118118752153
169.44828754815777,0.0,-0.0006646118118752153
169.9138048216417,0.0,-0.0006646118118752153
170.37932209512564,0.0,-0.0006646118118752153
170.8448393686096,0.0,-0.0006646118118752153
171.31035664209355,0.0,-0.0006646118118752153
171.7758739155775,0.0,-0.0006646118118752153
172.24139118906146,0.0,-0.0006646118118752153
172.7069084625454,0.0,-0.0006646118118752153
173.17242573602934,0.0,-0.0006646118118752153
173.6379430095133,0.0,-0.0006646118118752153
174.10346028299725,0.0,-0.0006646118118752153
174.5689775564812,0.0,-0.0006646118118752153
175.03449482996515,0.0,-0.0006646118118752153
175.5000121034491,0.0,-0.0006646118118752153
175.96552937693306,0.0,-0.0006646118118752153
176.431046650417,0.0,-0.0006646118118752153
176.89656392390094,0.0,-0.0006646118118752153
177.3620811973849,0.0,-0.0006646118118752153
177.82759847086885,0.0,-0.0006646118118752153
178.2931157443528,0.0,-0.0006646118118752153
178.75863301783676,0.0,-0.0006646118118752153
179.2241502913207,0.0,-0.0006646118118752153
179.68966756480464,0.0,-0.0006646118118752153
180.1551848382886,0.0,-0.0006646118118752153
180.62070211177254,0.0,-0.0006646118118752153
181.0862193852565,0.0,-0.0006646118118752153
181.55173665874045,0.0,-0.0006646118118752153
182.0172539322244,0.0,-0.0006646118118752153
182.48277120570836,0.0,-0.0006646118118752153
182.94828847919229,0.0,-0.0006646118118752153
183.41380575267624,0.0,-0.0006646118118752153
183.8793230261602,0.0,-0.0006646118118752153
184.34484029964415,0.0,-0.0006646118118752153
184.8103575731281,0.0,-0.0006646118118752153
185.27587484661206,0.0,-0.0006646118118752153
185.741392120096,0.0,-0.0006646118118752153
186.20690939357993,0.0,-0.0006646118118752153
186.6724266670639,0.0,-0.0006646118118752153
187.13794394054784,0.0,-0.0006646118118752153
187.6034612140318,0.0,-0.0006646118118752153
188.06897848751575,0.0,-0.0006646118118752153
188.5344957609997,0.0,-0.0006646118118752153
189.00001303448366,0.0,-0.0006646118118752153
189.46553030796758,0.0,-0.0006646118118752153
189.93104758145154,0.0,-0.0006646118118752153
190.3965648549355,0.0,-0.0006646118118752153
190.86208212841944,0.0,-0.0006646118118752153
191.3275994019034,0.0,-0.0006646118118752153
191.79311667538735,0.0,-0.0006646118118752153
192.2586339488713,0.0,-0.0006646118118752153
192.72415122235523,0.0,-0.0006646118118752153
193.1896684958392,0.0,-0.0006646118118752153
193.65518576932314,0.0,-0.0006646118118752153
194.1207030428071,0.0,-0.0006646118118752153
194.58622031629105,0.0,-0.0006646118118752153
195.051737589775,0.0,-0.0006646118118752153
195.51725486325896,0.0,-0.0006646118118752153
195.98277213674288,0.0,-0.0006646118118752153
196.44828941022683,0.0,-0.0006646118118752153
196.9138066837108,0.0,-0.0006646118118752153
197.37932395719474,0.0,-0.0006646118118752153
197.8448412306787,0.0,-0.0006646118118752153
198.31035850416265,0.0,-0.0006646118118752153
198.7758757776466,0.0,-0.0006646118118752153
199.24139305113053,0.0,-0.0006646118118752153
199.70691032461448,0.0,-0.0006646118118752153
200.17242759809844,0.0,-0.0006646118118752153
200.6379448715824,0.0,-0.0006646118118752153
201.10346214506635,0.0,-0.0006646118118752153
201.5689794185503,0.0,-0.0006646118118752153
202.03449669203425,0.0,-0.0006646118118752153
202.50001396551818,0.0,-0.0006646118118752153
202.96553123900213,0.0,-0.0006646118118752153
203.4310485124861,0.0,-0.0006646118118752153
203.89656578597004,0.0,-0.0006646118118752153
204.362083059454,0.0,-0.0006646118118752153
204.82760033293795,0.0,-0.0006646118118752153
205.2931176064219,0.0,-0.0006646118118752153
205.75863487990583,0.0,-0.0006646118118752153
206.22415215338978,0.0,-0.0006646118118752153
206.68966942687373,0.0,-0.0006646118118752153
207.1551867003577,0.0,-0.0006646118118752153
207.62070397384164,0.0,-0.0006646118118752153
208.0862212473256,0.0,-0.0006646118118752153
208.55173852080955,0.0,-0.0006646118118752153
209.01725579429348,0.0,-0.0006646118118752153
209.48277306777743,0.0,-0.0006646118118752153
209.94829034126138,0.0,-0.0006646118118752153
210.41380761474534,0.0,-0.0006646118118752153
210.8793248882293,0.0,-0.0006646118118752153
211.34484216171325,0.0,-0.0006646118118752153
211.8103594351972,0.0,-0.0006646118118752153
212.27587670868112,0.0,-0.0006646118118752153
212.74139398216508,0.0,-0.0006646118118752153
213.20691125564903,0.0,-0.0006646118118752153
213.672428529133,0.0,-0.0006646118118752153
214.13794580261694,0.0,-0.0006646118118752153
214.6034630761009,0.0,-0.0006646118118752153
215.06898034958485,0.0,-0.0006646118118752153
215.5344976230688,0.0,-0.0006646118118752153
216.00001489655273,0.0,-0.0006646118118752153
216.46553217003668,0.0,-0.0006646118118752153
216.93104944352064,0.0,-0.0006646118118752153
217.3965667170046,0.0,-0.0006646118118752153
217.86208399048854,0.0,-0.0006646118118752153
218.3276012639725,0.0,-0.0006646118118752153
218.79311853745645,0.0,-0.0006646118118752153
219.25863581094038,0.0,-0.0006646118118752153
219.72415308442433,0.0,-0.0006646118118752153
220.18967035790828,0.0,-0.0006646118118752153
220.65518763139224,0.0,-0.0006646118118752153
221.1207049048762,0.0,-0.0006646118118752153
221.58622217836015,0.0,-0.0006646118118752153
222.0517394518441,0.0,-0.0006646118118752153
222.51725672532802,0.0,-0.0006646118118752153
222.98277399881198,0.0,-0.0006646118118752153
223.44829127229593,0.0,-0.0006646118118752153
223.9138085457799,0.0,-0.0006646118118752153
224.37932581926384,0.0,-0.0006646118118752153
224.8448430927478,0.0,-0.0006646118118752153
225.31036036623175,0.0,-0.0006646118118752153
225.77587763971567,0.0,-0.0006646118118752153
226.24139491319963,0.0,-0.0006646118118752153
226.70691218668358,0.0,-0.0006646118118752153
227.17242946016754,0.0,-0.0006646118118752153
227.6379467336515,0.0,-0.0006646118118752153
228.10346400713544,0.0,-0.0006646118118752153
228.5689812806194,0.0,-0.0006646118118752153
229.03449855410332,0.0,-0.0006646118118752153
229.50001582758728,0.0,-0.0006646118118752153
229.96553310107123,0.0,-0.0006646118118752153
230.43105037455518,0.0,-0.0006646118118752153
230.89656764803914,0.0,-0.0006646118118752153
231.3620849215231,0.0,-0.0006646118118752153
231.82760219500705,0.0,-0.0006646118118752153
232.29311946849097,0.0,-0.0006646118118752153
232.75863674197493,0.0,-0.0006646118118752153
233.22415401545888,0.0,-0.0006646118118752153
233.68967128894283,0.0,0.0951959541174961
234.1551885624268,0.0,-0.0006646118118752153
234.62070583591074,0.0,-0.0006646118118752153
235.0862231093947,0.0,-0.0006646118118752153
235.55174038287862,0.0,-0.0006646118118752153
236.01725765636257,0.0,-0.0006646118118752153
236.48277492984653,0.0,-0.0006646118118752153
236.94829220333048,0.0,-0.0006646118118752153
237.41380947681444,0.0,-0.0006646118118752153
237.8793267502984,0.0,-0.0006646118118752153
238.34484402378234,0.0,-0.0006646118118752153
238.81036129726627,0.0,-0.0006646118118752153
239.27587857075022,0.0,-0.0006646118118752153
239.74139584423418,0.0,-0.0006646118118752153
240.20691311771813,0.0,-0.0006646118118752153
240.67243039120208,0.0,-0.0006646118118752153
241.13794766468604,0.0,-0.0006646118118752153
241.60346493817,0.0,-0.0006646118118752153
242.06898221165392,0.0,-0.0006646118118752153
242.53449948513787,0.0,-0.0006646118118752153
243.00001675862183,0.0,-0.0006646118118752153
243.46553403210578,0.0,-0.0006646118118752153
243.93105130558973,0.0,-0.0006646118118752153
244.3965685790737,0.0,-0.0006646118118752153
244.86208585255764,0.0,-0.0006646118118752153
245.32760312604157,0.0,-0.0006646118118752153
245.79312039952552,0.0,-0.0006646118118752153
246.25863767300947,0.0,-0.0006646118118752153
246.72415494649343,0.0,-0.0006646118118752153
247.18967221997738,0.0,-0.0006646118118752153
247.65518949346134,0.0,-0.0006646118118752153
248.1207067669453,0.0,-0.0006646118118752153
248.58622404042922,0.0,-0.0006646118118752153
249.05174131391317,0.0,-0.0006646118118752153
249.51725858739712,0.0,-0.0006646118118752153
249.98277586088108,0.0,-0.0006646118118752153
250.44829313436503,0.0,-0.0006646118118752153
250.91381040784898,0.0,-0.0006646118118752153
251.37932768133294,0.0,-0.0006646118118752153
251.84484495481686,0.0,-0.0006646118118752153
252.31036222830082,0.0,-0.0006646118118752153
252.77587950178477,0.0,-0.0006646118118752153
253.24139677526873,0.0,-0.0006646118118752153
253.70691404875268,0.0,-0.0006646118118752153
254.17243132223663,0.0,-0.0006646118118752153
254.6379485957206,0.0,-0.0006646118118752153
255.1034658692045,0.0,-0.0006646118118752153
255.56898314268847,0.0,-0.0006646118118752153
256.0345004161724,0.0,-0.0006646118118752153
256.5000176896564,0.0,-0.0006646118118752153
256.9655349631403,0.0,-0.0006646118118752153
257.4310522366243,0.0,-0.0006646118118752153
257.89656951010824,0.0,-0.0006646118118752153
258.3620867835922,0.0,-0.0006646118118752153
258.82760405707614,0.0,-0.0006646118118752153
259.2931213305601,0.0,-0.0006646118118752153
259.75863860404405,0.0,-0.0006646118118752153
260.22415587752795,0.0,-0.0006646118118752153
260.6896731510119,0.0,-0.0006646118118752153
261.15519042449586,0.0,-0.0006646118118752153
261.6207076979798,0.0,-0.0006646118118752153
262.08622497146376,0.0,-0.0006646118118752153
262.5517422449477,0.0,-0.0006646118118752153
263.0172595184317,0.0,-0.0006646118118752153
263.4827767919156,0.0,-0.0006646118118752153
263.9482940653996,0.0,-0.0006646118118752153
264.41381133888353,0.0,-0.0006646118118752153
264.8793286123675,0.0,-0.0006646118118752153
265.34484588585144,0.0,-0.0006646118118752153
265.8103631593354,0.0,-0.0006646118118752153
266.27588043281935,0.0,-0.0006646118118752153
266.74139770630325,0.0,-0.0006646118118752153
267.2069149797872,0.0,-0.0006646118118752153
267.67243225327115,0.0,-0.0006646118118752153
268.1379495267551,0.0,-0.0006646118118752153
268.60346680023906,0.0,-0.0006646118118752153
269.068984073723,0.0,-0.0006646118118752153
269.53450134720697,0.0,-0.0006646118118752153
270.0000186206909,0.0,-0.0006646118118752153
270.4655358941749,0.0,-0.0006646118118752153
270.93105316765883,0.0,-0.0006646118118752153
271.3965704411428,0.0,-0.0006646118118752153
271.86208771462674,0.0,-0.0006646118118752153
272.3276049881107,0.0,-0.0006646118118752153
272.79312226159465,0.0,-0.0006646118118752153
273.25863953507854,0.0,-0.0006646118118752153
273.7241568085625,0.0,-0.0006646118118752153
274.18967408204645,0.0,-0.0006646118118752153
274.6551913555304,0.0,-0.0006646118118752153
275.12070862901436,0.0,-0.0006646118118752153
275.5862259024983,0.0,-0.0006646118118752153
276.05174317598227,0.0,-0.0006646118118752153
276.5172604494662,0.0,-0.0006646118118752153
276.9827777229502,0.0,-0.0006646118118752153
277.44829499643413,0.0,-0.0006646118118752153
277.9138122699181,0.0,-0.0006646118118752153
278.37932954340204,0.0,-0.0006646118118752153
278.844846816886,0.0,-0.0006646118118752153
279.31036409036994,0.0,-0.0006646118118752153
279.77588136385384,0.0,-0.0006646118118752153
280.2413986373378,0.0,-0.0006646118118752153
280.70691591082175,0.0,-0.0006646118118752153
281.1724331843057,0.0,-0.0006646118118752153
281.63795045778966,0.0,-0.0006646118118752153
282.1034677312736,0.0,-0.0006646118118752153
282.56898500475756,0.0,-0.0006646118118752153
283.0345022782415,0.0,-0.0006646118118752153
283.5000195517255,0.6104676723480225,-0.0006646118118752153
283.9655368252094,0.6304417252540588,-0.0006646118118752153
284.4310540986934,0.6826428771018982,-0.0006646118118752153
284.89657137217733,0.7502861022949219,-0.0006646118118752153
285.3620886456613,0.809536874294281,-0.0006646118118752153
285.82760591914524,0.8380712866783142,-0.0006646118118752153
286.29312319262914,0.809201180934906,-0.0006646118118752153
286.7586404661131,0.7618677020072937,-0.0006646118118752153
287.22415773959705,0.7014420032501221,-0.0006646118118752153
287.689675013081,0.6148317456245422,-0.0006646118118752153
288.15519228656495,0.5067368745803833,-0.0006646118118752153
288.6207095600489,0.399649053812027,-0.0006646118118752153
289.08622683353286,0.31253528594970703,-0.0006646118118752153
289.5517441070168,0.2234073430299759,-0.0006646118118752153
290.01726138050077,0.08241397887468338,-0.0006646118118752153
290.4827786539847,-0.11363393813371658,-0.0006646118118752153
290.9482959274687,-0.33888763189315796,-0.0006646118118752153
291.41381320095263,-0.580254852771759,-0.0006646118118752153
291.8793304744366,-0.845456600189209,-0.0006646118118752153
292.34484774792054,-1.1314717531204224,-0.0006646118118752153
292.8103650214045,-1.4040589332580566,-0.0006646118118752153
293.2758822948884,-1.605478048324585,-0.0006646118118752153
293.74139956837234,-1.6638895273208618,-0.0006646118118752153
294.2069168418563,-1.5131609439849854,-0.0006646118118752153
294.67243411534025,-1.1724269390106201,-0.0006646118118752153
295.1379513888242,-0.765056848526001,-0.0006646118118752153
295.60346866230816,-0.40166324377059937,-0.0006646118118752153
296.0689859357921,-0.10289158672094345,-0.0006646118118752153
296.53450320927607,0.13948272168636322,-0.0006646118118752153
297.00002048276,0.32411688566207886,-0.0006646118118752153
297.465537756244,0.4583962857723236,-0.0006646118118752153
297.93105502972793,0.5409780740737915,-0.0006646118118752153
298.3965723032119,0.580590546131134,-0.0006646118118752153
298.86208957669584,0.6014038324356079,-0.0006646118118752153
299.3276068501798,0.6101319789886475,-0.0006646118118752153
299.7931241236637,0.6027466058731079,-0.0006646118118752153
300.25864139714764,0.5930113792419434,-0.0006646118118752153
300.7241586706316,0.616174578666687,-0.0006646118118752153
301.18967594411555,0.6769359707832336,-0.0006646118118752153
301.6551932175995,0.7455863356590271,-0.0006646118118752153
302.12071049108346,0.8024871945381165,0.07776675736084648
302.5862277645674,0.8201113939285278,-0.0006646118118752153
303.05174503805137,0.7840238213539124,-0.0006646118118752153
303.5172623115353,0.739711582660675,-0.0006646118118752153
303.9827795850193,0.6792858839035034,-0.0006646118118752153
304.4482968585032,0.5866330862045288,-0.0006646118118752153
304.9138141319872,0.4758526086807251,-0.0006646118118752153
305.37933140547113,0.37245747447013855,-0.0006646118118752153
305.8448486789551,0.2858472466468811,-0.0006646118118752153
306.310365952439,0.1891660988330841,-0.0006646118118752153
306.77588322592294,0.03642328456044197,-0.0006646118118752153
307.2414004994069,-0.16801708936691284,-0.0006646118118752153
307.70691777289085,-0.400656133890152,-0.0006646118118752153
308.1724350463748,-0.6480659246444702,-0.0006646118118752153
308.63795231985875,-0.9124284982681274,-0.0006646118118752153
309.1034695933427,-1.1932402849197388,-0.0006646118118752153
309.56898686682666,-1.4584420919418335,-0.0006646118118752153
310.0345041403106,-1.6417334079742432,-0.0006646118118752153
310.50002141379457,-1.6647287607192993,-0.0006646118118752153
310.9655386872785,-1.469184398651123,-0.0006646118118752153
311.4310559607625,-1.1026016473770142,-0.0006646118118752153
311.89657323424643,-0.6992599368095398,-0.0006646118118752153
312.3620905077304,-0.3499656617641449,-0.0006646118118752153
312.8276077812143,-0.0626077651977539,-0.0006646118118752153
313.29312505469824,0.16868849098682404,-0.0006646118118752153
313.7586423281822,0.34409093856811523,-0.0006646118118752153
314.22415960166614,0.4812237620353699,-0.0006646118118752153
314.6896768751501,0.580926239490509,-0.0006646118118752153
315.15519414863405,0.6074464321136475,-0.0006646118118752153
315.620711422118,0.6000610589981079,-0.0006646118118752153
316.08622869560196,0.5973754525184631,-0.0006646118118752153
316.5517459690859,0.5903257727622986,-0.0006646118118752153
317.01726324256987,0.5866330862045288,-0.0006646118118752153
317.4827805160538,0.6383306384086609,-0.0006646118118752153
317.9482977895378,0.7115129232406616,-0.0006646118118752153
318.41381506302173,0.7524681687355042,-0.0006646118118752153
318.8793323365057,0.7830166816711426,-0.0006646118118752153
319.3448496099896,0.7863736748695374,-0.0006646118118752153
319.81036688347353,0.7517967224121094,-0.0006646118118752153
320.2758841569575,0.721583902835846,-0.0006646118118752153
320.74140143044144,0.6776073575019836,-0.0006646118118752153
321.2069187039254,0.5681696534156799,-0.0006646118118752153
321.67243597740935,0.4318760931491852,-0.0006646118118752153
322.1379532508933,0.32210269570350647,-0.0006646118118752153
322.60347052437726,0.2401922643184662,-0.0006646118118752153
323.0689877978612,0.143175408244133,-0.0006646118118752153
323.53450507134517,0.00520332669839263,-0.0006646118118752153
324.0000223448291,-0.19403372704982758,-0.0006646118118752153
324.4655396183131,-0.4468146860599518,-0.0006646118118752153
324.931056891797,-0.7168841361999512,-0.0006646118118752153
325.396574165281,-0.9934996366500854,-0.0006646118118752153
325.8620914387649,-1.2734721899032593,-0.0006646118118752153
326.32760871224883,-1.52423894405365,-0.0006646118118752153
326.7931259857328,-1.683024287223816,-0.0006646118118752153
327.25864325921674,-1.6679178476333618,-0.0006646118118752153
327.7241605327007,-1.4205081462860107,-0.0006646118118752153
328.18967780618465,-1.0121309757232666,-0.0006646118118752153
328.6551950796686,-0.6233921051025391,-0.0006646118118752153
329.12071235315256,-0.31136032938957214,-0.0006646118118752153
329.5862296266365,-0.043808650225400925,-0.0006646118118752153
330.05174690012046,0.18077363073825836,-0.0006646118118752153
330.5172641736044,0.3528191149234772,-0.0006646118118752153
330.98278144708837,0.4906233251094818,-0.0006646118118752153
331.4482987205723,0.5711909532546997,-0.0006646118118752153
331.9138159940563,0.5859616994857788,-0.0006646118118752153
332.3793332675402,0.5864652395248413,-0.0006646118118752153
332.84485054102413,0.5899900794029236,-0.0006646118118752153
333.3103678145081,0.583276093006134,-0.0006646118118752153
333.77588508799204,0.5930113792419434,-0.0006646118118752153
334.241402361476,0.6497443914413452,-0.0006646118118752153
334.70691963495995,0.7066453099250793,-0.0006646118118752153
335.1724369084439,0.7496147155761719,-0.0006646118118752153
335.63795418192785,0.7917448878288269,-0.0006646118118752153
336.1034714554118,0.7904020547866821,-0.0006646118118752153
336.56898872889576,0.7541466355323792,-0.0006646118118752153
337.0345060023797,0.730815589427948,-0.0006646118118752153
337.50002327586367,0.6672007441520691,-0.0006646118118752153
337.9655405493476,0.546684980392456,-0.0006646118118752153
338.4310578228316,0.41945526003837585,-0.0006646118118752153
338.89657509631553,0.3194171190261841,-0.0006646118118752153
339.3620923697994,0.23515678942203522,-0.0006646118118752153
339.8276096432834,0.12303349375724792,-0.0006646118118752153
340.29312691676733,-0.05052262172102928,-0.0006646118118752153
340.7586441902513,-0.2646982669830322,-0.0006646118118752153
341.22416146373524,-0.48323795199394226,-0.0006646118118752153
341.6896787372192,-0.7131914496421814,-0.0006646118118752153
342.15519601070315,-1.0027313232421875,-0.0006646118118752153
342.6207132841871,-1.309727668762207,-0.0006646118118752153
343.08623055767106,-1.5593194961547852,-0.0006646118118752153
343.551747831155,-1.6907453536987305,-0.0006646118118752153
344.01726510463897,-1.6316624879837036,-0.0006646118118752153
344.4827823781229,-1.3404440879821777,-0.0006646118118752153
344.9482996516069,-0.9381093978881836,0.20630706315088537
345.4138169250908,-0.5735408663749695,-0.0006646118118752153
345.8793341985747,-0.2650339603424072,-0.0006646118118752153
346.3448514720587,0.0031891355756670237,-0.0006646118118752153
346.81036874554263,0.2227359414100647,-0.0006646118118752153
347.2758860190266,0.3962920606136322,-0.0006646118118752153
347.74140329251054,0.5213397145271301,-0.0006646118118752153
348.2069205659945,0.5705195665359497,-0.0006646118118752153
348.67243783947845,0.580254852771759,-0.0006646118118752153
349.1379551129624,0.5906614661216736,-0.0006646118118752153
349.60347238644636,0.5940184593200684,-0.0006646118118752153
350.0689896599303,0.5893186926841736,-0.0006646118118752153
350.53450693341426,0.6148317456245422,-0.0006646118118752153
351.0000242068982,0.6695505976676941,-0.0006646118118752153
351.46554148038217,0.7188982963562012,-0.0006646118118752153
351.9310587538661,0.7632104754447937,-0.0006646118118752153
352.39657602735,0.7981231212615967,-0.0006646118118752153
352.862093300834,0.7813382148742676,-0.0006646118118752153
353.32761057431793,0.737026035785675,-0.0006646118118752153
353.7931278478019,0.6858320236206055,-0.0006646118118752153
354.25864512128584,0.6081178188323975,-0.0006646118118752153
354.7241623947698,0.5248645544052124,-0.0006646118118752153
355.18967966825375,0.4419470429420471,-0.0006646118118752153
355.6551969417377,0.3333486020565033,-0.0006646118118752153
356.12071421522165,0.22005034983158112,-0.0006646118118752153
356.5862314887056,0.08929579704999924,-0.0006646118118752153
357.05174876218956,-0.09047073870897293,-0.0006646118118752153
357.5172660356735,-0.3044785261154175,-0.0006646118118752153
357.98278330915747,-0.5184863209724426,-0.0006646118118752153
358.4483005826414,-0.7672388553619385,-0.0006646118118752153
358.9138178561253,-1.069703221321106,-0.0006646118118752153
359.3793351296093,-1.3701533079147339,-0.0006646118118752153
359.8448524030932,-1.6011139154434204,0.05815890695156517
360.3103696765772,-1.7028305530548096,-0.0006646118118752153
360.77588695006114,-1.5954070091247559,-0.0006646118118752153
361.2414042235451,-1.2714580297470093,-0.0006646118118752153
361.70692149702904,-0.878355085849762,-0.0006646118118752153
362.172438770513,-0.5245288610458374,-0.0006646118118752153
362.63795604399695,-0.21937896311283112,-0.0006646118118752153
363.1034733174809,0.04414435103535652,-0.0006646118118752153
363.56899059096486,0.2539559006690979,-0.0006646118118752153
364.0345078644488,0.42348363995552063,-0.0006646118118752153
364.50002513793277,0.5285572409629822,-0.0006646118118752153
364.9655424114167,0.5651484131813049,-0.0006646118118752153
365.4310596849006,0.5790798664093018,-0.0006646118118752153
365.89657695838457,0.5913328528404236,-0.0006646118118752153
366.3620942318685,0.5930113792419434,-0.0006646118118752153
366.8276115053525,0.5785763263702393,-0.0006646118118752153
367.29312877883643,0.5842832326889038,-0.0006646118118752153
367.7586460523204,0.6361486315727234,-0.0006646118118752153
368.22416332580434,0.7256122827529907,-0.0006646118118752153
368.6896805992883,0.8115510940551758,-0.0006646118118752153
369.15519787277225,0.8301823735237122,-0.0006646118118752153
369.6207151462562,0.775295615196228,-0.0006646118118752153
370.08623241974016,0.720912516117096,-0.0006646118118752153
370.5517496932241,0.6698862910270691,-0.0006646118118752153
371.01726696670806,0.5953612327575684,-0.0006646118118752153
371.482784240192,0.5154650211334229,-0.0006646118118752153
371.9483015136759,0.4147554636001587,-0.0006646118118752153
372.41381878715987,0.3009536862373352,-0.0006646118118752153
372.8793360606438,0.19571220874786377,-0.0006646118118752153
373.3448533341278,0.06059357523918152,-0.0006646118118752153
373.81037060761173,-0.12941177189350128,-0.0006646118118752153
374.2758878810957,-0.34023040533065796,-0.0006646118118752153
374.74140515457964,-0.5589379668235779,-0.0006646118118752153
375.2069224280636,-0.8321965336799622,-0.0006646118118752153
375.67243970154755,-1.140535593032837,-0.0006646118118752153
376.1379569750315,-1.4242007732391357,-0.0006646118118752153
376.60347424851545,-1.6308232545852661,-0.0006646118118752153
377.0689915219994,-1.698466420173645,-0.0006646118118752153
377.53450879548336,-1.540352463722229,-0.0006646118118752153
378.0000260689673,-1.1992828845977783,-0.0006646118118752153
378.4655433424512,-0.8152437806129456,-0.0006646118118752153
378.93106061593517,-0.46829938888549805,-0.0006646118118752153
379.3965778894191,-0.16617074608802795,-0.0006646118118752153
379.8620951629031,0.08879224956035614,-0.0006646118118752153
380.327612436387,0.2824902832508087,-0.0006646118118752153
380.793129709871,0.41744107007980347,-0.0006646118118752153
381.25864698335494,0.5060654878616333,-0.0006646118118752153
381.7241642568389,0.5745479464530945,-0.0006646118118752153
382.18968153032284,0.6249027252197266,-0.0006646118118752153
382.6551988038068,0.618524432182312,-0.0006646118118752153
383.12071607729075,0.5859616994857788,-0.0006646118118752153
383.5862333507747,0.5658197999000549,-0.0006646118118752153
384.05175062425866,0.583947479724884,-0.0006646118118752153
384.5172678977426,0.65041583776474,-0.0006646118118752153
384.98278517122657,0.7504539489746094,-0.0006646118118752153
385.44830244471046,0.8189364671707153,-0.0006646118118752153
385.9138197181944,0.8152437806129456,-0.0006646118118752153
386.3793369916784,0.7625390887260437,-0.0006646118118752153
386.8448542651623,0.7175555229187012,-0.0006646118118752153
387.3103715386463,0.6645151376724243,-0.0006646118118752153
387.77588881213023,0.5926756858825684,-0.0006646118118752153
388.2414060856142,0.5080796480178833,-0.0006646118118752153
388.70692335909814,0.3925993740558624,-0.0006646118118752153
389.1724406325821,0.28181886672973633,-0.0006646118118752153
389.63795790606605,0.18245212733745575,-0.0006646118118752153
390.10347517955,0.04078736528754234,-0.0006646118118752153
390.56899245303396,-0.15626764297485352,-0.0006646118118752153
391.0345097265179,-0.3615472614765167,-0.0006646118118752153
391.50002700000186,-0.5983825325965881,-0.0006646118118752153
391.96554427348576,-0.8867475390434265,-0.0006646118118752153
392.4310615469697,-1.1885404586791992,-0.0006646118118752153
392.89657882045367,-1.4597848653793335,-0.0006646118118752153
393.3620960939376,-1.6487830877304077,-0.0006646118118752153
393.8276133674216,-1.6880598068237305,-0.0006646118118752153
394.29313064090553,-1.5151751041412354,-0.0006646118118752153
394.7586479143895,-1.157656192779541,-0.0006646118118752153
395.22416518787344,-0.7326619625091553,-0.0006646118118752153
395.6896824613574,-0.3503013551235199,-0.0006646118118752153
396.15519973484135,-0.07049667835235596,-0.0006646118118752153
396.6207170083253,0.13813991844654083,-0.0006646118118752153
397.08623428180925,0.30598917603492737,-0.0006646118118752153
397.5517515552932,0.43456166982650757,-0.0006646118118752153
398.01726882877716,0.5248645544052124,-0.0006646118118752153
398.48278610226106,0.5998932123184204,-0.0006646118118752153
398.948303375745,0.6316167116165161,-0.0006646118118752153
399.41382064922897,0.6121461987495422,-0.0006646118118752153
399.8793379227129,0.5846189260482788,-0.0006646118118752153
400.3448551961969,0.5745479464530945,-0.0006646118118752153
400.81037246968083,0.6020752191543579,-0.0006646118118752153
401.2758897431648,0.6813000440597534,-0.0006646118118752153
401.74140701664874,0.774624228477478,-0.0006646118118752153
402.2069242901327,0.8169222474098206,-0.0006646118118752153
402.67244156361664,0.7987945079803467,-0.0006646118118752153
403.1379588371006,0.7484397888183594,-0.0006646118118752153
403.60347611058455,0.7074845433235168,-0.0006646118118752153
404.0689933840685,0.65175861120224,-0.0006646118118752153
404.53451065755246,0.581261932849884,-0.0006646118118752153
405.00002793103636,0.48189517855644226,-0.0006646118118752153
405.4655452045203,0.35970091819763184,-0.0006646118118752153
405.93106247800426,0.2529488205909729,-0.0006646118118752153
406.3965797514882,0.14602884650230408,-0.0006646118118752153
406.8620970249722,-0.012252994813024998,-0.0006646118118752153
407.3276142984561,-0.21971465647220612,-0.0006646118118752153
407.7931315719401,-0.45134660601615906,-0.0006646118118752153
408.25864884542403,-0.697245717048645,-0.0006646118118752153
408.724166118908,-0.9501945376396179,-0.0006646118118752153
409.18968339239194,-1.2080110311508179,0.14312623708218175
409.6552006658759,-1.4800945520401,-0.0006646118118752153
410.12071793935985,-1.679331660270691,-0.0006646118118752153
410.5862352128438,-1.69275963306427,-0.0006646118118752153
411.05175248632776,-1.4755626916885376,-0.0006646118118752153
411.51726975981165,-1.0898451805114746,-0.0006646118118752153
411.9827870332956,-0.6611581444740295,-0.0006646118118752153
412.44830430677956,-0.31035324931144714,-0.0006646118118752153
412.9138215802635,-0.05387960746884346,-0.0006646118118752153
413.37933885374747,0.15291066467761993,-0.0006646118118752153
413.8448561272314,0.32277408242225647,-0.0006646118118752153
414.3103734007154,0.4456397294998169,-0.0006646118118752153
414.77589067419933,0.5339284539222717,-0.0006646118118752153
415.2414079476833,0.5970397591590881,-0.0006646118118752153
415.70692522116724,0.6054322123527527,-0.0006646118118752153
416.1724424946512,0.5862973928451538,-0.0006646118118752153
416.63795976813515,0.5701838731765747,-0.0006646118118752153
417.1034770416191,0.5691767930984497,-0.0006646118118752153
417.56899431510305,0.6072785258293152,-0.0006646118118752153
418.03451158858695,0.6984207034111023,-0.0006646118118752153
418.5000288620709,0.7766384482383728,-0.0006646118118752153
418.96554613555486,0.8061798810958862,-0.0006646118118752153
419.4310634090388,0.7846952080726624,-0.0006646118118752153
419.89658068252277,0.736354649066925,-0.0006646118118752153
420.3620979560067,0.6913710236549377,-0.0006646118118752153
420.8276152294907,0.6242313385009766,-0.0006646118118752153
421.29313250297463,0.5282215476036072,-0.0006646118118752153
421.7586497764586,0.41979095339775085,-0.0006646118118752153
422.22416704994254,0.3368734121322632,-0.0006646118118752153
422.6896843234265,0.27560845017433167,-0.0006646118118752153
423.15520159691044,0.15458914637565613,-0.0006646118118752153
423.6207188703944,-0.03927672281861305,-0.0006646118118752153
424.08623614387835,-0.25999847054481506,-0.0006646118118752153
424.55175341736225,-0.4906233251094818,-0.0006646118118752153
425.0172706908462,-0.7351796627044678,-0.0006646118118752153
425.48278796433016,-0.9847714900970459,-0.0006646118118752153
425.9483052378141,-1.2590371370315552,-0.0006646118118752153
426.41382251129806,-1.532463550567627,-0.0006646118118752153
426.879339784782,-1.69880211353302,-0.0006646118118752153
427.344857058266,-1.6680858135223389,-0.0006646118118752153
427.8103743317499,-1.4168154001235962,-0.0006646118118752153
428.2758916052339,-1.012634515762329,-0.0006646118118752153
428.74140887871783,-0.5930113792419434,-0.0006646118118752153
429.2069261522018,-0.2714122235774994,-0.0006646118118752153
429.67244342568574,-0.0238345917314291,-0.0006646118118752153
430.1379606991697,0.18715190887451172,-0.0006646118118752153
430.60347797265365,0.3523155450820923,-0.0006646118118752153
431.0689952461376,0.46779584884643555,-0.0006646118118752153
431.5345125196215,0.5617914199829102,-0.0006646118118752153
432.00002979310545,0.60929274559021,-0.0006646118118752153
432.4655470665894,0.6054322123527527,-0.0006646118118752153
432.93106434007336,0.5883116126060486,-0.0006646118118752153
433.3965816135573,0.5715266466140747,-0.0006646118118752153
433.86209888704127,0.5685054063796997,-0.0006646118118752153
434.3276161605252,0.6084535121917725,-0.0006646118118752153
434.7931334340092,0.6811321973800659,-0.0006646118118752153
435.25865070749313,0.7523003220558167,-0.0006646118118752153
435.7241679809771,0.8128938674926758,-0.0006646118118752153
436.18968525446104,0.8248111605644226,-0.0006646118118752153
436.655202527945,0.7685816884040833,-0.0006646118118752153
437.12071980142895,0.6920424103736877,-0.0006646118118752153
437.5862370749129,0.6067749857902527,-0.0006646118118752153
438.0517543483968,0.5092545747756958,-0.0006646118118752153
438.51727162188075,0.40703439712524414,-0.0006646118118752153
438.9827888953647,0.33821621537208557,-0.0006646118118752153
439.44830616884866,0.26369115710258484,-0.0006646118118752153
439.9138234423326,0.12001220881938934,-0.0006646118118752153
440.37934071581657,-0.08207827806472778,-0.0006646118118752153
440.8448579893005,-0.3036392629146576,-0.0006646118118752153
441.3103752627845,-0.5334249138832092,-0.0006646118118752153
441.77589253626843,-0.7702601552009583,-0.0006646118118752153
442.2414098097524,-1.0213626623153687,-0.0006646118118752153
442.70692708323634,-1.3122453689575195,-0.0006646118118752153
443.1724443567203,-1.5752651691436768,-0.0006646118118752153
443.63796163020425,-1.7065231800079346,-0.0006646118118752153
444.1034789036882,-1.6326695680618286,-0.0006646118118752153
444.5689961771721,-1.3416190147399902,-0.0006646118118752153
445.03451345065605,-0.9174639582633972,-0.0006646118118752153
445.50003072414,-0.5225147008895874,-0.0006646118118752153
445.96554799762396,-0.2213931530714035,-0.0006646118118752153
446.4310652711079,0.021652551367878914,-0.0006646118118752153
446.89658254459187,0.2207217514514923,-0.0006646118118752153
447.3620998180758,0.37245747447013855,-0.0006646118118752153
447.8276170915598,0.4745098054409027,-0.0006646118118752153
448.2931343650437,0.5356069207191467,-0.0006646118118752153
448.7586516385277,0.5705195665359497,-0.0006646118118752153
449.22416891201163,0.6027466058731079,-0.0006646118118752153
449.6896861854956,0.6275883316993713,-0.0006646118118752153
450.15520345897954,0.6014038324356079,-0.0006646118118752153
450.6207207324635,0.5785763263702393,-0.0006646118118752153
451.0862380059474,0.616174578666687,-0.0006646118118752153
451.55175527943135,0.6900282502174377,-0.0006646118118752153
452.0172725529153,0.7615320086479187,-0.0006646118118752153
452.48278982639926,0.8256503939628601,-0.0006646118118752153
452.9483070998832,0.8135652542114258,-0.0006646118118752153
453.41382437336716,0.7427328824996948,-0.0006646118118752153
453.8793416468511,0.6678721308708191,-0.0006646118118752153
454.34485892033507,0.5846189260482788,-0.0006646118118752153
454.810376193819,0.48693063855171204,-0.0006646118118752153
455.275893467303,0.3969634473323822,-0.0006646118118752153
455.74141074078693,0.330830842256546,-0.0006646118118752153
456.2069280142709,0.23280689120292664,-0.0006646118118752153
456.67244528775484,0.07687494903802872,-0.0006646118118752153
457.1379625612388,-0.12404058873653412,-0.0006646118118752153
457.6034798347227,-0.34392309188842773,-0.0006646118118752153
458.06899710820664,-0.5716944932937622,-0.0006646118118752153
458.5345143816906,-0.8034943342208862,-0.0006646118118752153
459.00003165517455,-1.0754101276397705,-0.0006646118118752153
459.4655489286585,-1.3741817474365234,-0.0006646118118752153
459.93106620214246,-1.6148775815963745,-0.0006646118118752153
460.3965834756264,-1.7129014730453491,-0.0006646118118752153
460.86210074911037,-1.6001068353652954,-0.0006646118118752153
461.3276180225943,-1.2853895425796509,-0.0006646118118752153
461.7931352960783,-0.878355085849762,-0.0006646118118752153
462.25865256956223,-0.49868008494377136,-0.0006646118118752153
462.7241698430462,-0.16868849098682404,-0.0006646118118752153
463.18968711653014,0.110948346555233,-0.0006646118118752153
463.6552043900141,0.29256123304367065,-0.0006646118118752153
464.120721663498,0.40585947036743164,-0.0006646118118752153
464.58623893698194,0.4896162450313568,-0.0006646118118752153
465.0517562104659,0.5490348935127258,-0.0006646118118752153
465.51727348394985,0.5876401662826538,-0.0006646118118752153
465.9827907574338,0.6275883316993713,-0.0006646118118752153
466.44830803091776,0.6322880983352661,-0.0006646118118752153
466.9138253044017,0.5909971594810486,-0.0006646118118752153
467.37934257788567,0.5792477130889893,-0.0006646118118752153
467.8448598513696,0.6331273317337036,-0.0006646118118752153
468.3103771248536,0.7101701498031616,-0.0006646118118752153
468.7758943983375,0.7853665947914124,-0.0006646118118752153
469.2414116718215,0.8347142934799194,-0.0006646118118752153
469.70692894530544,0.7924162745475769,-0.0006646118118752153
470.1724462187894,0.723598062992096,-0.0006646118118752153
470.6379634922733,0.6578011512756348,-0.0006646118118752153
471.10348076575724,0.5745479464530945,-0.0006646118118752153
471.5689980392412,0.4765239953994751,-0.0006646118118752153
472.03451531272515,0.3986419439315796,-0.0006646118118752153
472.5000325862091,0.32445257902145386,-0.0006646118118752153
472.96554985969306,0.21300068497657776,-0.0006646118118752153
473.431067133177,0.049851223826408386,-0.0006646118118752153
473.89658440666096,-0.15492485463619232,-0.0006646118118752153
474.3621016801449,-0.3810177743434906,-0.0006646118118752153
474.82761895362887,-0.6233921051025391,-0.0006646118118752153
475.2931362271128,-0.8845654726028442,-0.0006646118118752153
475.7586535005968,-1.1623560190200806,-0.0006646118118752153
476.22417077408073,-1.4163118600845337,-0.0006646118118752153
476.6896880475647,-1.5980926752090454,0.049444324805442086
477.1552053210486,-1.6739604473114014,-0.0006646118118752153
477.62072259453254,-1.551094889640808,-0.0006646118118752153
478.0862398680165,-1.2174105644226074,-0.0006646118118752153
478.55175714150045,-0.8053406476974487,-0.0006646118118752153
479.0172744149844,-0.43456166982650757,-0.0006646118118752153
479.48279168846835,-0.10960555076599121,-0.0006646118118752153
479.9483089619523,0.1421683132648468,-0.0006646118118752153
480.41382623543626,0.3019607961177826,-0.0006646118118752153
480.8793435089202,0.4145876169204712,-0.0006646118118752153
481.34486078240417,0.5000228881835938,-0.0006646118118752153
481.8103780558881,0.5557488203048706,-0.0006646118118752153
482.2758953293721,0.5993896126747131,-0.0006646118118752153
482.74141260285603,0.6356450915336609,-0.0006646118118752153
483.20692987634,0.6186922788619995,-0.0006646118118752153
483.67244714982394,0.5772335529327393,-0.0006646118118752153
484.13796442330784,0.5799190998077393,-0.0006646118118752153
484.6034816967918,0.6408483982086182,-0.0006646118118752153
485.06899897027574,0.7220874428749084,-0.0006646118118752153
485.5345162437597,0.806851327419281,-0.0006646118118752153
486.00003351724365,0.8337071537971497,-0.0006646118118752153
486.4655507907276,0.7756313681602478,-0.0006646118118752153
486.93106806421156,0.7101701498031616,-0.0006646118118752153
487.3965853376955,0.6430304646492004,-0.0006646118118752153
487.86210261117947,0.5523918271064758,-0.0006646118118752153
488.3276198846634,0.4456397294998169,-0.0006646118118752153
488.7931371581474,0.3449302017688751,-0.0006646118118752153
489.2586544316313,0.26218050718307495,-0.0006646118118752153
489.7241717051153,0.18513771891593933,-0.0006646118118752153
490.18968897859924,0.05690089240670204,-0.0006646118118752153
490.65520625208313,-0.16264592111110687,-0.0006646118118752153
491.1207235255671,-0.41928741335868835,-0.0006646118118752153
491.58624079905104,-0.6712291240692139,-0.0006646118118752153
492.051758072535,-0.9340810179710388,-0.0006646118118752153
492.51727534601895,-1.2086824178695679,-0.0006646118118752153
492.9827926195029,-1.4443427324295044,-0.0006646118118752153
493.44830989298686,-1.618402361869812,-0.0006646118118752153
493.9138271664708,-1.6695964336395264,-0.0006646118118752153
494.37934443995476,-1.5040971040725708,-0.0006646118118752153
494.8448617134387,-1.146410346031189,-0.0006646118118752153
495.3103789869227,-0.7356832027435303,-0.0006646118118752153
495.7758962604066,-0.3640649914741516,-0.0006646118118752153
496.2414135338906,-0.0480048842728138,-0.0006646118118752153
496.70693080737453,0.1727168709039688,-0.0006646118118752153
497.17244808085843,0.3204241991043091,-0.0006646118118752153
497.6379653543424,0.4307011663913727,-0.0006646118118752153
498.10348262782634,0.5114366412162781,-0.0006646118118752153
498.5689999013103,0.5636377334594727,-0.0006646118118752153
499.03451717479425,0.6134889721870422,-0.0006646118118752153
499.5000344482782,0.6319524049758911,-0.0006646118118752153
499.96555172176215,0.6020752191543579,-0.0006646118118752153
500.4310689952461,0.5698481798171997,-0.0006646118118752153
500.89658626873006,0.5891508460044861,-0.0006646118118752153
501.362103542214,0.6564583778381348,-0.0006646118118752153
501.82762081569797,0.7303120493888855,-0.0006646118118752153
502.2931380891819,0.7846952080726624,-0.0006646118118752153
502.7586553626659,0.7914091944694519,-0.0006646118118752153
503.22417263614983,0.7658960819244385,-0.0006646118118752153
503.6896899096337,0.7427328824996948,-0.0006646118118752153
504.1552071831177,0.6611581444740295,-0.0006646118118752153
504.62072445660164,0.5382925271987915,-0.0006646118118752153
505.0862417300856,0.42079803347587585,-0.0006646118118752153
505.55175900356954,0.32478827238082886,-0.0006646118118752153
506.0172762770535,0.24824902415275574,-0.0006646118118752153
506.48279355053745,0.17019912600517273,-0.0006646118118752153
506.9483108240214,0.01594567857682705,-0.0006646118118752153
507.41382809750536,-0.21904325485229492,-0.0006646118118752153
507.8793453709893,-0.47014573216438293,-0.0006646118118752153
508.34486264447327,-0.7185626029968262,-0.0006646118118752153
508.8103799179572,-0.9844357967376709,-0.0006646118118752153
509.2758971914412,-1.2516517639160156,-0.0006646118118752153
509.7414144649251,-1.4802623987197876,-0.0006646118118752153
510.206931738409,-1.6504615545272827,-0.0006646118118752153
510.672449011893,-1.6665750741958618,-0.0006646118118752153
511.13796628537693,-1.4476996660232544,-0.0006646118118752153
511.6034835588609,-1.0599679946899414,-0.0006646118118752153
512.0690008323448,-0.65310138463974,-0.0006646118118752153
512.5345181058289,-0.2883650064468384,-0.0006646118118752153
513.0000353793127,0.0038605325389653444,-0.0006646118118752153
513.4655526527966,0.2046082317829132,-0.0006646118118752153
513.9310699262807,0.3459372818470001,-0.0006646118118752153
514.3965871997646,0.45033952593803406,-0.0006646118118752153
514.8621044732486,0.5211718678474426,-0.0006646118118752153
515.3276217467325,0.5644770264625549,-0.0006646118118752153
515.7931390202165,0.5859616994857788,-0.0006646118118752153
516.2586562937004,0.5913328528404236,-0.0006646118118752153
516.7241735671844,0.5990539193153381,-0.0006646118118752153
517.1896908406683,0.616174578666687,-0.0006646118118752153
517.6552081141523,0.6349737048149109,-0.0006646118118752153
518.1207253876362,0.6779431104660034,-0.0006646118118752153
518.5862426611202,0.738368809223175,-0.0006646118118752153
519.0517599346041,0.7900663614273071,-0.0006646118118752153
519.5172772080881,0.7900663614273071,-0.0006646118118752153
519.982794481572,0.7705958485603333,-0.0006646118118752153
520.4483117550559,0.7289692759513855,-0.0006646118118752153
520.9138290285399,0.6306095719337463,-0.0006646118118752153
521.3793463020238,0.5111009478569031,-0.0006646118118752153
521.8448635755078,0.399984747171402,-0.0006646118118752153
522.3103808489917,0.30901044607162476,-0.0006646118118752153
522.7758981224757,0.24354924261569977,-0.0006646118118752153
523.2414153959596,0.1596246212720871,-0.0006646118118752153
523.7069326694436,-0.025009537115693092,-0.0006646118118752153
524.1724499429275,-0.270069420337677,-0.0006646118118752153
524.6379672164115,-0.5164721012115479,-0.0006646118118752153
525.1034844898954,-0.7635461688041687,-0.0006646118118752153
525.5690017633794,-1.0287480354309082,-0.0006646118118752153
526.0345190368633,-1.2872358560562134,-0.0006646118118752153
526.5000363103474,-1.519874930381775,-0.0006646118118752153
526.9655535838313,-1.6746318340301514,-0.0006646118118752153
527.4310708573151,-1.6437475681304932,-0.0006646118118752153
527.8965881307992,-1.3879454135894775,-0.0006646118118752153
528.362105404283,-0.9945067763328552,-0.0006646118118752153
528.8276226777671,-0.6032501459121704,-0.0006646118118752153
529.293139951251,-0.2714122235774994,-0.0006646118118752153
529.758657224735,0.0031891355756670237,-0.0006646118118752153
530.2241744982189,0.23263904452323914,-0.0006646118118752153
530.6896917717029,0.4103913903236389,-0.0006646118118752153
531.1552090451868,0.5003585815429688,-0.0006646118118752153
531.6207263186708,0.5389639139175415,-0.0006646118118752153
532.0862435921547,0.5705195665359497,-0.0006646118118752153
532.5517608656387,0.5953612327575684,-0.0006646118118752153
533.0172781391226,0.6040894389152527,-0.0006646118118752153
533.4827954126065,0.618524432182312,-0.0006646118118752153
533.9483126860905,0.6252384185791016,-0.0006646118118752153
534.4138299595744,0.6383306384086609,-0.0006646118118752153
534.8793472330584,0.686335563659668,-0.0006646118118752153
535.3448645065423,0.7497825622558594,-0.0006646118118752153
535.8103817800263,0.7974517345428467,-0.0006646118118752153
536.2758990535102,0.7954375743865967,-0.0006646118118752153
536.7414163269942,0.7692530751228333,-0.0006646118118752153
537.2069336004781,0.7021133899688721,-0.0006646118118752153
537.6724508739621,0.5960326790809631,-0.0006646118118752153
538.137968147446,0.48458075523376465,-0.0006646118118752153
538.60348542093,0.3845426142215729,-0.0006646118118752153
539.0690026944139,0.3009536862373352,-0.0006646118118752153
539.534519967898,0.24153505265712738,-0.0006646118118752153
540.0000372413818,0.13008315861225128,-0.0006646118118752153
540.4655545148657,-0.07536430656909943,-0.0006646118118752153
540.9310717883498,-0.3184100091457367,-0.0006646118118752153
541.3965890618337,-0.5622949600219727,-0.0006646118118752153
541.8621063353177,-0.8175936341285706,-0.0006646118118752153
542.3276236088016,-1.0955519676208496,-0.0006646118118752153
542.7931408822856,-1.3751888275146484,-0.0006646118118752153
543.2586581557695,-1.6017853021621704,-0.0006646118118752153
543.7241754292535,-1.69208824634552,-0.0006646118118752153
544.1896927027374,-1.5796291828155518,-0.0006646118118752153
544.6552099762214,-1.297978162765503,-0.0006646118118752153
545.1207272497053,-0.9233386516571045,-0.0006646118118752153
545.5862445231893,-0.5507133603096008,-0.0006646118118752153
546.0517617966732,-0.22978560626506805,-0.0006646118118752153
546.5172790701571,0.038773175328969955,-0.0006646118118752153
546.9827963436411,0.2657053470611572,-0.0006646118118752153
547.448313617125,0.41945526003837585,-0.0006646118118752153
547.913830890609,0.4923018217086792,-0.0006646118118752153
548.3793481640929,0.530907154083252,-0.0006646118118752153
548.8448654375769,0.5611200332641602,-0.0006646118118752153
549.3103827110608,0.581261932849884,-0.0006646118118752153
549.7758999845448,0.5992217659950256,-0.0006646118118752153
550.2414172580287,0.6108033657073975,-0.0006646118118752153
550.7069345315127,0.6050965189933777,-0.0006646118118752153
551.1724518049966,0.6296024918556213,-0.0006646118118752153
551.6379690784806,0.6940566301345825,-0.0006646118118752153
552.1034863519645,0.7611963152885437,-0.0006646118118752153
552.5690036254485,0.8028229475021362,-0.0006646118118752153
553.0345208989324,0.8021515011787415,-0.0006646118118752153
553.5000381724163,0.7672388553619385,-0.0006646118118752153
553.9655554459003,0.687342643737793,-0.0006646118118752153
554.4310727193842,0.5785763263702393,-0.0006646118118752153
554.8965899928683,0.46410316228866577,-0.0006646118118752153
555.3621072663522,0.35835811495780945,-0.0006646118118752153
555.8276245398362,0.27611199021339417,-0.0006646118118752153
556.2931418133201,0.19688716530799866,-0.0006646118118752153
556.7586590868041,0.06697184592485428,-0.0006646118118752153
557.224176360288,-0.1102769523859024,-0.0006646118118752153
557.689693633772,-0.31102463603019714,-0.0006646118118752153
558.1552109072559,-0.5654841065406799,-0.0006646118118752153
558.6207281807399,-0.8531776666641235,-0.0006646118118752153
559.0862454542238,-1.141206979751587,-0.0006646118118752153
559.5517627277077,-1.4101014137268066,-0.0006646118118752153
560.0172800011917,-1.6148775815963745,-0.0006646118118752153
560.4827972746756,-1.6679178476333618,-0.0006646118118752153
560.9483145481596,-1.5326313972473145,-0.0006646118118752153
561.4138318216435,-1.2311742305755615,-0.0006646118118752153
561.8793490951275,-0.844449520111084,-0.0006646118118752153
562.3448663686114,-0.4765239953994751,-0.0006646118118752153
562.8103836420954,-0.16398870944976807,-0.0006646118118752153
563.2759009155793,0.10356298089027405,-0.0006646118118752153
563.7414181890633,0.3177386224269867,-0.0006646118118752153
564.2069354625472,0.4407721161842346,-0.0006646118118752153
564.6724527360312,0.5017013549804688,-0.0006646118118752153
565.1379700095151,0.5443350672721863,-0.0006646118118752153
565.6034872829991,0.5763943195343018,-0.0006646118118752153
566.069004556483,0.5956969261169434,-0.0006646118118752153
566.5345218299669,0.616174578666687,-0.0006646118118752153
567.000039103451,0.6160067319869995,-0.0006646118118752153
567.4655563769348,0.6094605922698975,-0.0006646118118752153
567.9310736504189,0.6457160115242004,-0.0006646118118752153
568.3965909239027,0.7115129232406616,-0.0006646118118752153
568.8621081973868,0.774288535118103,-0.0006646118118752153
569.3276254708707,0.8001373410224915,-0.0006646118118752153
569.7931427443547,0.7665674686431885,-0.0006646118118752153
570.2586600178386,0.720912516117096,-0.0006646118118752153
570.7241772913226,0.6782788038253784,-0.0006646118118752153
571.1896945648065,0.6114748120307922,-0.0006646118118752153
571.6552118382905,0.48693063855171204,-0.0006646118118752153
572.1207291117744,0.35768672823905945,-0.0006646118118752153
572.5862463852583,0.2677195370197296,-0.0006646118118752153
573.0517636587423,0.18312352895736694,-0.0006646118118752153
573.5172809322262,0.045487143099308014,-0.0006646118118752153
573.9827982057102,-0.13192950189113617,-0.0006646118118752153
574.4483154791941,-0.3533226549625397,-0.0006646118118752153
574.9138327526781,-0.6212100386619568,-0.0006646118118752153
575.379350026162,-0.9038681387901306,-0.0006646118118752153
575.844867299646,-1.1845121383666992,-0.0006646118118752153
576.3103845731299,-1.4473639726638794,-0.0006646118118752153
576.7759018466139,-1.6296483278274536,-0.0006646118118752153
577.2414191200978,-1.6533150672912598,-0.0006646118118752153
577.7069363935818,-1.4960402250289917,-0.0006646118118752153
578.1724536670657,-1.1697413921356201,-0.0006646118118752153
578.6379709405497,-0.772274374961853,-0.0006646118118752153
579.1034882140336,-0.4100556969642639,-0.0006646118118752153
579.5690054875175,-0.10893415659666061,-0.0006646118118752153
580.0345227610015,0.15475699305534363,-0.0006646118118752153
580.5000400344854,0.3449302017688751,-0.0006646118118752153
580.9655573079694,0.45033952593803406,-0.0006646118118752153
581.4310745814533,0.5121080279350281,-0.0006646118118752153
581.8965918549374,0.5537346601486206,-0.0006646118118752153
582.3621091284213,0.5792477130889893,-0.0006646118118752153
582.8276264019053,0.5886473059654236,-0.0006646118118752153
583.2931436753892,0.582269012928009,-0.0006646118118752153
583.7586609488732,0.5718623399734497,-0.0006646118118752153
584.2241782223571,0.6091248989105225,-0.0006646118118752153
584.6896954958411,0.6940566301345825,0.03855105654228391
585.155212769325,0.7511253356933594,-0.0006646118118752153
585.620730042809,0.7813382148742676,-0.0006646118118752153
586.0862473162929,0.7853665947914124,-0.0006646118118752153
586.5517645897768,0.7511253356933594,-0.0006646118118752153
587.0172818632608,0.7148699164390564,-0.0006646118118752153
587.4827991367447,0.6772716641426086,-0.0006646118118752153
587.9483164102287,0.5866330862045288,-0.0006646118118752153
588.4138336837126,0.44933241605758667,-0.0006646118118752153
588.8793509571966,0.330830842256546,-0.0006646118118752153
589.3448682306805,0.24942396581172943,-0.0006646118118752153
589.8103855041645,0.15626764297485352,-0.0006646118118752153
590.2759027776484,0.013260089792311192,-0.0006646118118752153
590.7414200511324,-0.17103837430477142,-0.0006646118118752153
591.2069373246163,-0.4130769670009613,-0.0006646118118752153
591.6724545981003,-0.6865034103393555,-0.0006646118118752153
592.1379718715842,-0.9626153707504272,-0.0006646118118752153
592.6034891450681,-1.240238070487976,-0.0006646118118752153
593.0690064185521,-1.4946974515914917,-0.0006646118118752153
593.534523692036,-1.6455940008163452,-0.0006646118118752153
594.00004096552,-1.6444189548492432,-0.0006646118118752153
594.4655582390039,-1.4587777853012085,-0.0006646118118752153
594.931075512488,-1.1059587001800537,-0.0006646118118752153
595.3965927859718,-0.7081559300422668,-0.0006646118118752153
595.8621100594559,-0.36003661155700684,-0.0006646118118752153
596.3276273329398,-0.07200732082128525,-0.0006646118118752153
596.7931446064238,0.1602960228919983,-0.0006646118118752153
597.2586618799077,0.3335164487361908,-0.0006646118118752153
597.7241791533917,0.46678873896598816,-0.0006646118118752153
598.1896964268756,0.5627985000610352,-0.0006646118118752153
598.6552137003596,0.5906614661216736,-0.0006646118118752153
599.1207309738435,0.5852903127670288,-0.0006646118118752153
599.5862482473274,0.5846189260482788,-0.0006646118118752153
600.0517655208114,0.581933319568634,-0.0006646118118752153
600.5172827942953,0.5844510793685913,-0.0006646118118752153
600.9828000677793,0.6390020847320557,-0.0006646118118752153
601.4483173412632,0.7094987630844116,-0.0006646118118752153
601.9138346147472,0.7511253356933594,-0.0006646118118752153
602.3793518882311,0.7846952080726624,-0.0006646118118752153
602.8448691617151,0.7853665947914124,-0.0006646118118752153
603.310386435199,0.7470969557762146,-0.0006646118118752153
603.775903708683,0.7140306830406189,-0.0006646118118752153
604.2414209821669,0.6682078242301941,-0.0006646118118752153
604.7069382556509,0.5584344267845154,-0.0006646118118752153
605.1724555291348,0.42146944999694824,-0.0006646118118752153
605.6379728026187,0.31203174591064453,-0.0006646118118752153
606.1034900761027,0.23448538780212402,-0.0006646118118752153
606.5690073495866,0.14048981666564941,-0.0006646118118752153
607.0345246230706,0.0001678492408245802,-0.0006646118118752153
607.5000418965545,-0.20326542854309082,-0.0006646118118752153
607.9655591700385,-0.461081862449646,-0.0006646118118752153
608.4310764435224,-0.7346761226654053,-0.0006646118118752153
608.8965937170065,-1.012970209121704,-0.0006646118118752153
609.3621109904904,-1.2912641763687134,-0.0006646118118752153
609.8276282639744,-1.538338303565979,-0.0006646118118752153
610.2931455374583,-1.6900739669799805,-0.0006646118118752153
610.7586628109423,-1.6612039804458618,-0.0006646118118752153
611.2241800844262,-1.4001983404159546,-0.0006646118118752153
611.6896973579102,-0.9871214032173157,-0.0006646118118752153
612.1552146313941,-0.6024109125137329,-0.0006646118118752153
612.620731904878,-0.29507896304130554,-0.0006646118118752153
613.086249178362,-0.03038071282207966,-0.0006646118118752153
613.5517664518459,0.191012442111969,-0.0006646118118752153
614.0172837253299,0.3617151081562042,-0.0006646118118752153
614.4828009988138,0.495323121547699,-0.0006646118118752153
614.9483182722978,0.5685054063796997,-0.0006646118118752153
615.4138355457817,0.582604706287384,-0.0006646118118752153
615.8793528192657,0.583276093006134,-0.0006646118118752153
616.3448700927496,0.5852903127670288,-0.0006646118118752153
616.8103873662336,0.5779049396514893,-0.0006646118118752153
617.2759046397175,0.5883116126060486,-0.0006646118118752153
617.7414219132015,0.6484016180038452,-0.0006646118118752153
618.2069391866854,0.7074845433235168,-0.0006646118118752153
618.6724564601693,0.7487754821777344,-0.0006646118118752153
619.1379737336533,0.7850309014320374,-0.0006646118118752153
619.6034910071372,0.7793240547180176,-0.0006646118118752153
620.0690082806212,0.7440756559371948,-0.0006646118118752153
620.5345255541051,0.7202410697937012,-0.0006646118118752153
621.0000428275891,0.6554512977600098,-0.0006646118118752153
621.465560101073,0.5320820808410645,-0.0006646118118752153
621.931077374557,0.400656133890152,-0.0006646118118752153
622.396594648041,0.2992751896381378,-0.0006646118118752153
622.862111921525,0.21853971481323242,-0.0006646118118752153
623.3276291950089,0.10457007586956024,-0.0006646118118752153
623.7931464684929,-0.07133592665195465,-0.0006646118118752153
624.2586637419768,-0.2865186631679535,-0.0006646118118752153
624.7241810154608,-0.5074082612991333,-0.0006646118118752153
625.1896982889447,-0.73870450258255,-0.0006646118118752153
625.6552155624286,-1.0284123420715332,-0.0006646118118752153
626.1207328359126,-1.3352407217025757,-0.0006646118118752153
626.5862501093965,-1.5796291828155518,-0.0006646118118752153
627.0517673828805,-1.7021591663360596,-0.0006646118118752153
627.5172846563644,-1.6289769411087036,-0.0006646118118752153
627.9828019298484,-1.3234912157058716,-0.0006646118118752153
628.4483192033323,-0.9152818918228149,-0.0006646118118752153
628.9138364768163,-0.5528954267501831,-0.0006646118118752153
629.3793537503002,-0.24724192917346954,-0.0006646118118752153
629.8448710237842,0.019806209951639175,-0.0006646118118752153
630.3103882972681,0.23414969444274902,-0.0006646118118752153
630.7759055707521,0.3979705572128296,-0.0006646118118752153
631.241422844236,0.5174791812896729,-0.0006646118118752153
631.70694011772,0.5648127198219299,-0.0006646118118752153
632.1724573912039,0.5745479464530945,-0.0006646118118752153
632.6379746646878,0.581261932849884,-0.0006646118118752153
633.1034919381718,0.583947479724884,-0.0006646118118752153
633.5690092116557,0.5779049396514893,-0.0006646118118752153
634.0345264851397,0.6040894389152527,0.22155760625490345
634.5000437586236,0.6614938378334045,-0.0006646118118752153
634.9655610321076,0.7155413031578064,-0.0006646118118752153
635.4310783055915,0.7585107088088989,-0.0006646118118752153
635.8965955790756,0.7890592813491821,-0.0006646118118752153
636.3621128525594,0.7682459950447083,-0.0006646118118752153
636.8276301260435,0.7256122827529907,-0.0006646118118752153
637.2931473995274,0.6739147305488586,-0.0006646118118752153
637.7586646730114,0.5933470726013184,-0.0006646118118752153
638.2241819464953,0.5060654878616333,-0.0006646118118752153
638.6896992199792,0.42281222343444824,-0.0006646118118752153
639.1552164934632,0.3180743157863617,-0.0006646118118752153
639.6207337669471,0.2066224217414856,-0.0006646118118752153
640.0862510404311,0.07502861320972443,-0.0006646118118752153
640.551768313915,-0.10624857246875763,-0.0006646118118752153
641.017285587399,-0.3197528123855591,-0.0006646118118752153
641.4828028608829,-0.5349355340003967,-0.0006646118118752153
641.9483201343669,-0.7878843545913696,-0.0006646118118752153
642.4138374078508,-1.0921950340270996,-0.0006646118118752153
642.8793546813348,-1.3886168003082275,-0.0006646118118752153
643.3448719548187,-1.6135348081588745,-0.0006646118118752153
643.8103892283027,-1.7048447132110596,-0.0006646118118752153
644.2759065017866,-1.5819790363311768,-0.0006646118118752153
644.7414237752706,-1.2464485168457031,-0.0006646118118752153
645.2069410487545,-0.8536812663078308,-0.0006646118118752153
645.6724583222384,-0.5077439546585083,-0.0006646118118752153
646.1379755957224,-0.2069581151008606,-0.0006646118118752153
646.6034928692063,0.051529716700315475,-0.0006646118118752153
647.0690101426903,0.2583199739456177,-0.0006646118118752153
647.5345274161742,0.42415502667427063,-0.0006646118118752153
648.0000446896582,0.5268787741661072,-0.0006646118118752153
648.4655619631421,0.5627985000610352,-0.0006646118118752153
648.9310792366261,0.5745479464530945,-0.0006646118118752153
649.39659651011,0.5799190998077393,-0.0006646118118752153
649.862113783594,0.5779049396514893,-0.0006646118118752153
650.327631057078,0.5678339600563049,-0.0006646118118752153
650.793148330562,0.5779049396514893,-0.0006646118118752153
651.2586656040459,0.6322880983352661,-0.0006646118118752153
651.7241828775298,0.720912516117096,-0.0006646118118752153
652.1897001510138,0.806851327419281,-0.0006646118118752153
652.6552174244977,0.8246433138847351,-0.0006646118118752153
653.1207346979817,0.7692530751228333,-0.0006646118118752153
653.5862519714656,0.7160448431968689,-0.0006646118118752153
654.0517692449496,0.6618295311927795,-0.0006646118118752153
654.5172865184335,0.5842832326889038,-0.0006646118118752153
654.9828037919175,0.5060654878616333,-0.0006646118118752153
655.4483210654014,0.40669870376586914,-0.0006646118118752153
655.9138383388854,0.2895399332046509,-0.0006646118118752153
656.3793556123693,0.18211641907691956,-0.0006646118118752153
656.8448728858533,0.046829938888549805,0.11262515087414576
657.3103901593372,-0.1411612182855606,-0.0006646118118752153
657.7759074328212,-0.3506370782852173,-0.0006646118118752153
658.2414247063051,-0.5713587999343872,-0.0006646118118752153
658.706941979789,-0.8471351265907288,-0.0006646118118752153
659.172459253273,-1.152620792388916,-0.0006646118118752153
659.6379765267569,-1.4332646131515503,-0.0006646118118752153
660.1034938002409,-1.6387121677398682,-0.0006646118118752153
660.5690110737248,-1.699137806892395,-0.0006646118118752153
661.0345283472088,-1.5306172370910645,-0.0006646118118752153
661.5000456206927,-1.1804836988449097,-0.0006646118118752153
661.9655628941767,-0.7920805811882019,-0.0006646118118752153
662.4310801676606,-0.44933241605758667,-0.0006646118118752153
662.8965974411446,-0.15593194961547852,-0.0006646118118752153
663.3621147146285,0.09114214032888412,-0.0006646118118752153
663.8276319881126,0.28014037013053894,-0.0006646118118752153
664.2931492615965,0.4134126901626587,-0.0006646118118752153
664.7586665350804,0.5006942749023438,-0.0006646118118752153
665.2241838085644,0.5671625733375549,-0.0006646118118752153
665.6897010820483,0.617517352104187,-0.0006646118118752153
666.1552183555323,0.6131532788276672,-0.0006646118118752153
666.6207356290162,0.581933319568634,-0.0006646118118752153
667.0862529025002,0.5651484131813049,-0.0006646118118752153
667.5517701759841,0.5873044729232788,-0.0006646118118752153
668.0172874494681,0.65377277135849,-0.0006646118118752153
668.482804722952,0.7487754821777344,-0.0006646118118752153
668.948321996436,0.8115510940551758,-0.0006646118118752153
669.4138392699199,0.8048371076583862,-0.0006646118118752153
669.8793565434039,0.7524681687355042,-0.0006646118118752153
670.3448738168878,0.7054703831672668,-0.0006646118118752153
670.8103910903718,0.6477302312850952,-0.0006646118118752153
671.2759083638557,0.5745479464530945,-0.0006646118118752153
671.7414256373396,0.4926375150680542,-0.0006646118118752153
672.2069429108236,0.3778286278247833,-0.0006646118118752153
672.6724601843075,0.2683909237384796,-0.0006646118118752153
673.1379774577915,0.16684214770793915,-0.0006646118118752153
673.6034947312754,0.02064545638859272,-0.0006646118118752153
674.0690120047594,-0.1750667542219162,-0.0006646118118752153
674.5345292782433,-0.3801785409450531,-0.0006646118118752153
675.0000465517273,-0.6151674389839172,-0.0006646118118752153
675.4655638252112,-0.9011825919151306,-0.0006646118118752153
675.9310810986952,-1.2054932117462158,-0.0006646118118752153
676.3965983721791,-1.4795910120010376,-0.0006646118118752153
676.8621156456632,-1.6647287607192993,-0.0006646118118752153
677.327632919147,-1.69141685962677,-0.0006646118118752153
677.7931501926311,-1.5076218843460083,-0.0006646118118752153
678.258667466115,-1.1472495794296265,-0.0006646118118752153
678.7241847395989,-0.723933756351471,-0.0006646118118752153
679.1897020130829,-0.34258028864860535,-0.0006646118118752153
679.6552192865668,-0.06529335677623749,-0.0006646118118752153
680.1207365600508,0.14048981666564941,-0.0006646118118752153
680.5862538335347,0.30867475271224976,-0.0006646118118752153
681.0517711070187,0.43624016642570496,-0.0006646118118752153
681.5172883805026,0.5215076208114624,-0.0006646118118752153
681.9828056539866,0.5876401662826538,-0.0006646118118752153
682.4483229274705,0.6131532788276672,-0.0006646118118752153
682.9138402009545,0.5913328528404236,-0.0006646118118752153
683.3793574744384,0.5634698867797852,-0.0006646118118752153
683.8448747479224,0.5550774335861206,-0.0006646118118752153
684.3103920214063,0.5886473059654236,-0.0006646118118752153
684.7759092948902,0.6732432842254639,-0.0006646118118752153
685.2414265683742,0.771938681602478,-0.0006646118118752153
685.7069438418581,0.8162508606910706,-0.0006646118118752153
686.1724611153421,0.7940947413444519,-0.0006646118118752153
686.637978388826,0.7415579557418823,-0.0006646118118752153
687.10349566231,0.6987563967704773,-0.0006646118118752153
687.5690129357939,0.6403448581695557,-0.0006646118118752153
688.0345302092779,0.5705195665359497,-0.0006646118118752153
688.5000474827618,0.4723277688026428,-0.0006646118118752153
688.9655647562458,0.3543297350406647,-0.0006646118118752153
689.4310820297297,0.2536202073097229,-0.0006646118118752153
689.8965993032137,0.14720378816127777,-0.0006646118118752153
690.3621165766976,-0.012252994813024998,-0.0006646118118752153
690.8276338501817,-0.21770046651363373,-0.0006646118118752153
691.2931511236656,-0.4459754228591919,-0.0006646118118752153
691.7586683971494,-0.6927137970924377,-0.0006646118118752153
692.2241856706335,-0.9475089907646179,-0.0006646118118752153
692.6897029441174,-1.2081788778305054,-0.0006646118118752153
693.1552202176014,-1.4802623987197876,-0.0006646118118752153
693.6207374910853,-1.6732890605926514,-0.0006646118118752153
694.0862547645693,-1.6746318340301514,-0.0006646118118752153
694.5517720380532,-1.4470282793045044,-0.0006646118118752153
695.0172893115372,-1.0606393814086914,-0.0006646118118752153
695.4828065850211,-0.6349737048149109,-0.0006646118118752153
695.9483238585051,-0.2834973633289337,-0.0006646118118752153
696.413841131989,-0.027359426021575928,-0.0006646118118752153
696.879358405473,0.17405965924263,-0.0006646118118752153
697.3448756789569,0.33888763189315796,-0.0006646118118752153
697.8103929524408,0.4609140157699585,-0.0006646118118752153
698.2759102259248,0.548363447189331,-0.0006646118118752153
698.7414274994087,0.6094605922698975,-0.0006646118118752153
699.2069447728927,0.6141603589057922,-0.0006646118118752153
699.6724620463766,0.5886473059654236,-0.0006646118118752153
700.1379793198606,0.5695124864578247,-0.0006646118118752153
700.6034965933445,0.5685054063796997,-0.0006646118118752153
701.0690138668285,0.6087892055511475,-0.0006646118118752153
701.5345311403124,0.7014420032501221,-0.0006646118118752153
702.0000484137964,0.7813382148742676,-0.0006646118118752153
702.4655656872803,0.8108797073364258,-0.0006646118118752153
702.9310829607643,0.7867093682289124,-0.0006646118118752153
703.3966002342482,0.739040195941925,-0.0006646118118752153
703.8621175077323,0.6937209367752075,-0.0006646118118752153
704.3276347812161,0.6222171187400818,-0.0006646118118752153
704.7931520547,0.5221790075302124,-0.0006646118118752153
705.258669328184,0.4154268801212311,-0.0006646118118752153
705.724186601668,0.33720913529396057,-0.0006646118118752153
706.189703875152,0.27711910009384155,-0.0006646118118752153
706.6552211486359,0.15391775965690613,-0.0006646118118752153
707.1207384221199,-0.04481574892997742,-0.0006646118118752153
707.5862556956038,-0.269398033618927,-0.0006646118118752153
708.0517729690878,-0.5027084946632385,-0.0006646118118752153
708.5172902425717,-0.7481040954589844,-0.0006646118118752153
708.9828075160557,-0.9968566298484802,-0.0006646118118752153
709.4483247895396,-1.2707866430282593,-0.0006646118118752153
709.9138420630236,-1.540352463722229,-0.0006646118118752153
710.3793593365075,-1.699641466140747,-0.0006646118118752153
710.8448766099914,-1.6558327674865723,-0.0006646118118752153
711.3103938834754,-1.3936522006988525,-0.0006646118118752153
711.7759111569593,-0.9866178631782532,-0.0006646118118752153
712.2414284304433,-0.5705195665359497,-0.0006646118118752153
712.7069457039272,-0.2519417107105255,-0.0006646118118752153
713.1724629774112,-0.00587472366169095,-0.0006646118118752153
713.6379802508951,0.20057983696460724,-0.0006646118118752153
714.1034975243791,0.3610437214374542,-0.0006646118118752153
714.569014797863,0.47115281224250793,-0.0006646118118752153
715.034532071347,0.5611200332641602,-0.0006646118118752153
715.5000493448309,0.6091248989105225,-0.0006646118118752153
715.9655666183149,0.6040894389152527,-0.0006646118118752153
716.4310838917988,0.583611786365509,-0.0006646118118752153
716.8966011652828,0.5644770264625549,-0.0006646118118752153
717.3621184387667,0.5669947266578674,-0.0006646118118752153
717.8276357122506,0.6121461987495422,-0.0006646118118752153
718.2931529857347,0.6833142638206482,-0.0006646118118752153
718.7586702592185,0.7491111755371094,-0.0006646118118752153
719.2241875327026,0.808529794216156,-0.0006646118118752153
719.6897048061865,0.8159151673316956,-0.0006646118118752153
720.1552220796705,0.7554894089698792,-0.0006646118118752153
720.6207393531544,0.6782788038253784,-0.0006646118118752153
721.0862566266384,0.5946898460388184,-0.0006646118118752153
721.5517739001223,0.4958266615867615,-0.0006646118118752153
722.0172911736063,0.3917601406574249,-0.0006646118118752153
722.4828084470902,0.32344549894332886,-0.0006646118118752153
722.9483257205742,0.2505989074707031,-0.0006646118118752153
723.4138429940581,0.10591287165880203,-0.0006646118118752153
723.8793602675421,-0.09684900939464569,-0.0006646118118752153
724.344877541026,-0.3184100091457367,-0.0006646118118752153
724.8103948145099,-0.5507133603096008,-0.0006646118118752153
725.2759120879939,-0.7893949747085571,-0.0006646118118752153
725.7414293614778,-1.0410009622573853,-0.0006646118118752153
726.2069466349618,-1.3337301015853882,-0.0006646118118752153
726.6724639084457,-1.5942320823669434,-0.0006646118118752153
727.1379811819297,-1.7169299125671387,-0.0006646118118752153
727.6034984554136,-1.626626968383789,-0.0006646118118752153
728.0690157288976,-1.3234912157058716,-0.0006646118118752153
728.5345330023815,-0.8974899053573608,-0.0006646118118752153
729.0000502758655,-0.5017013549804688,-0.0006646118118752153
729.4655675493494,-0.20158693194389343,-0.0006646118118752153
729.9310848228334,0.03843747451901436,-0.0006646118118752153
730.3966020963173,0.23482108116149902,-0.0006646118118752153
730.8621193698012,0.3825284242630005,-0.0006646118118752153
731.3276366432852,0.4792095720767975,-0.0006646118118752153
731.7931539167691,0.5359426140785217,-0.0006646118118752153
732.2586711902532,0.5678339600563049,-0.0006646118118752153
732.724188463737,0.5987182259559631,-0.0006646118118752153
733.1897057372211,0.6212100386619568,-0.0006646118118752153
733.655223010705,0.5963683724403381,-0.0006646118118752153
734.120740284189,0.5755550265312195,-0.0006646118118752153
734.5862575576729,0.615838885307312,-0.0006646118118752153
735.0517748311569,0.6932173371315002,-0.0006646118118752153
735.5172921046408,0.7672388553619385,-0.0006646118118752153
735.9828093781248,0.8283360004425049,-0.0006646118118752153
736.4483266516087,0.8115510940551758,0.22591491356016663
736.9138439250927,0.7417258024215698,-0.0006646118118752153
737.3793611985766,0.6663615107536316,-0.0006646118118752153
737.8448784720605,0.5799190998077393,-0.0006646118118752153
738.3103957455445,0.4788738787174225,-0.0006646118118752153
738.7759130190284,0.39024949073791504,-0.0006646118118752153
739.2414302925124,0.32663461565971375,-0.0006646118118752153
739.7069475659963,0.22810712456703186,-0.0006646118118752153
740.1724648394803,0.06764324754476547,-0.0006646118118752153
740.6379821129642,-0.13243305683135986,-0.0006646118118752153
741.1034993864482,-0.3536583483219147,-0.0006646118118752153
741.5690166599321,-0.5886473059654236,-0.0006646118118752153
742.0345339334161,-0.8246433138847351,-0.0006646118118752153
742.5000512069,-1.0921950340270996,-0.0006646118118752153
742.965568480384,-1.384924054145813,-0.0006646118118752153
743.4310857538679,-1.621591567993164,-0.0006646118118752153
743.8966030273518,-1.7135728597640991,-0.0006646118118752153
744.3621203008358,-1.5866788625717163,-0.0006646118118752153
744.8276375743197,-1.2570229768753052,-0.0006646118118752153
745.2931548478037,-0.8488135933876038,-0.0006646118118752153
745.7586721212876,-0.4758526086807251,-0.0006646118118752153
746.2241893947717,-0.15140001475811005,-0.0006646118118752153
746.6897066682556,0.12404058873653412,-0.0006646118118752153
747.1552239417396,0.3026321828365326,-0.0006646118118752153
747.6207412152235,0.4100556969642639,-0.0006646118118752153
748.0862584887075,0.4899519383907318,-0.0006646118118752153
748.5517757621914,0.548363447189331,-0.0006646118118752153
749.0172930356754,0.5862973928451538,-0.0006646118118752153
749.4828103091593,0.6228885054588318,-0.0006646118118752153
749.9483275826433,0.6235599517822266,-0.0006646118118752153
750.4138448561272,0.5846189260482788,-0.0006646118118752153
750.8793621296111,0.5785763263702393,-0.0006646118118752153
751.3448794030951,0.6356450915336609,-0.0006646118118752153
751.810396676579,0.7111772298812866,-0.0006646118118752153
752.275913950063,0.7853665947914124,-0.0006646118118752153
752.7414312235469,0.8340429067611694,-0.0006646118118752153
753.2069484970309,0.7914091944694519,-0.0006646118118752153
753.6724657705148,0.720912516117096,-0.0006646118118752153
754.1379830439988,0.65175861120224,-0.0006646118118752153
754.6035003174827,0.5664911866188049,-0.0006646118118752153
755.0690175909667,0.46645304560661316,-0.0006646118118752153
755.5345348644506,0.38756388425827026,-0.0006646118118752153
756.0000521379346,0.31270313262939453,-0.0006646118118752153
756.4655694114185,0.19957274198532104,-0.0006646118118752153
756.9310866849024,0.03340199962258339,-0.0006646118118752153
757.3966039583864,-0.17204546928405762,-0.0006646118118752153
757.8621212318703,-0.3976348638534546,-0.0006646118118752153
758.3276385053543,-0.6406805515289307,-0.0006646118118752153
758.7931557788382,-0.9052109718322754,-0.0006646118118752153
759.2586730523223,-1.1851835250854492,-0.0006646118118752153
759.7241903258061,-1.4357824325561523,-0.0006646118118752153
760.1897075992902,-1.609506368637085,-0.0006646118118752153
760.655224872774,-1.6700999736785889,-0.0006646118118752153
761.1207421462581,-1.5309529304504395,-0.0006646118118752153
761.586259419742,-1.1905546188354492,-0.0006646118118752153
762.051776693226,-0.7796597480773926,-0.0006646118118752153
762.5172939667099,-0.4117341935634613,-0.0006646118118752153
762.9828112401939,-0.08946364372968674,-0.0006646118118752153
763.4483285136778,0.1576104313135147,-0.0006646118118752153
763.9138457871617,0.3147173225879669,-0.0006646118118752153
764.3793630606457,0.42348363995552063,-0.0006646118118752153
764.8448803341296,0.5040512681007385,-0.0006646118118752153
765.3103976076136,0.5564202070236206,-0.0006646118118752153
765.7759148810975,0.5987182259559631,-0.0006646118118752153
766.2414321545815,0.6309453248977661,-0.0006646118118752153
766.7069494280654,0.6094605922698975,-0.0006646118118752153
767.1724667015494,0.5698481798171997,-0.0006646118118752153
767.6379839750333,0.5799190998077393,-0.0006646118118752153
768.1035012485173,0.6463873982429504,-0.0006646118118752153
768.5690185220012,0.7249408960342407,-0.0006646118118752153
769.0345357954852,0.8066834807395935,-0.0006646118118752153
769.5000530689691,0.8310216069221497,-0.0006646118118752153
769.9655703424531,0.771938681602478,-0.0006646118118752153
770.431087615937,0.7061417698860168,-0.0006646118118752153
770.8966048894209,0.6373235583305359,-0.0006646118118752153
771.3621221629049,0.546349287033081,-0.0006646118118752153
771.8276394363888,0.4419470429420471,-0.0006646118118752153
772.2931567098728,0.34291601181030273,-0.0006646118118752153
772.7586739833567,0.25966277718544006,-0.0006646118118752153
773.2241912568408,0.17909513413906097,-0.0006646118118752153
773.6897085303247,0.047837033867836,-0.0006646118118752153
774.1552258038087,-0.1747310608625412,-0.0006646118118752153
774.6207430772926,-0.43556877970695496,-0.0006646118118752153
775.0862603507766,-0.6905317902565002,-0.0006646118118752153
775.5517776242605,-0.9525444507598877,-0.0006646118118752153
776.0172948977445,-1.2256351709365845,-0.0006646118118752153
776.4828121712284,-1.462638258934021,-0.0006646118118752153
776.9483294447123,-1.6340123414993286,-0.0006646118118752153
777.4138467181963,-1.6722819805145264,-0.0006646118118752153
777.8793639916802,-1.4886549711227417,-0.0006646118118752153
778.3448812651642,-1.1203936338424683,-0.0006646118118752153
778.8103985386481,-0.7125200033187866,-0.0006646118118752153
779.2759158121321,-0.3486228585243225,-0.0006646118118752153
779.741433085616,-0.037430379539728165,-0.0006646118118752153
780.2069503591,0.18178072571754456,-0.0006646118118752153
780.6724676325839,0.32814526557922363,-0.0006646118118752153
781.1379849060679,0.43691158294677734,-0.0006646118118752153
781.6035021795518,0.5147936344146729,-0.0006646118118752153
782.0690194530358,0.5624628067016602,-0.0006646118118752153
782.5345367265197,0.6094605922698975,-0.0006646118118752153
783.0000540000037,0.6296024918556213,-0.0006646118118752153
783.4655712734876,0.6005645990371704,-0.0006646118118752153
783.9310885469715,0.5691767930984497,-0.0006646118118752153
784.3966058204555,0.5906614661216736,-0.0006646118118752153
784.8621230939394,0.6614938378334045,-0.0006646118118752153
785.3276403674234,0.7353475093841553,-0.0006646118118752153
785.7931576409073,0.7867093682289124,-0.0006646118118752153
786.2586749143913,0.7893949747085571,-0.0006646118118752153
786.7241921878752,0.7658960819244385,-0.0006646118118752153
787.1897094613593,0.7427328824996948,-0.0006646118118752153
787.6552267348432,0.6604867577552795,-0.0006646118118752153
788.1207440083272,0.5369496941566467,-0.0006646118118752153
788.5862612818111,0.41945526003837585,-0.0006646118118752153
789.0517785552951,0.32344549894332886,-0.0006646118118752153
789.517295828779,0.24556343257427216,-0.0006646118118752153
789.9828131022629,0.16482795774936676,-0.0006646118118752153
790.4483303757469,0.00587472366169095,-0.0006646118118752153
790.9138476492308,-0.23331044614315033,-0.0006646118118752153
791.3793649227148,-0.48625925183296204,-0.0006646118118752153
791.8448821961987,-0.7356832027435303,-0.0006646118118752153
792.3103994696827,-1.002227783203125,-0.0006646118118752153
792.7759167431666,-1.2677652835845947,-0.0006646118118752153
793.2414340166506,-1.4946974515914917,-0.0006646118118752153
793.7069512901345,-1.6598610877990723,-0.0006646118118752153
794.1724685636185,-1.6625467538833618,-0.0006646118118752153
794.6379858371024,-1.4312504529953003,-0.0006646118118752153
795.1035031105864,-1.0388189554214478,-0.0006646118118752153
795.5690203840703,-0.6349737048149109,-0.0006646118118752153
796.0345376575543,-0.2727550268173218,-0.0006646118118752153
796.5000549310382,0.01728847250342369,-0.0006646118118752153
796.9655722045221,0.21417562663555145,-0.0006646118118752153
797.4310894780061,0.3519798517227173,-0.0006646118118752153
797.89660675149,0.45352864265441895,-0.0006646118118752153
798.362124024974,0.5233539342880249,-0.0006646118118752153
798.8276412984579,0.5627985000610352,-0.0006646118118752153
799.293158571942,0.5799190998077393,-0.0006646118118752153
799.7586758454258,0.583276093006134,-0.0006646118118752153
800.2241931189099,0.5913328528404236,-0.0006646118118752153
800.6897103923937,0.6128175854682922,-0.0006646118118752153
801.1552276658778,0.6366521716117859,-0.0006646118118752153
801.6207449393617,0.6806286573410034,-0.0006646118118752153
802.0862622128457,0.7403830289840698,-0.0006646118118752153
802.5517794863296,0.7924162745475769,-0.0006646118118752153
803.0172967598135,0.7920805811882019,-0.0006646118118752153
803.4828140332975,0.773281455039978,-0.0006646118118752153
803.9483313067814,0.7309834361076355,-0.0006646118118752153
804.4138485802654,0.6309453248977661,-0.0006646118118752153
804.8793658537493,0.5127794146537781,-0.0006646118118752153
805.3448831272333,0.40334174036979675,-0.0006646118118752153
805.8104004007172,0.31236743927001953,-0.0006646118118752153
806.2759176742012,0.24354924261569977,-0.0006646118118752153
806.7414349476851,0.15089647471904755,-0.0006646118118752153
807.2069522211691,-0.039108872413635254,-0.0006646118118752153
807.672469494653,-0.2828259766101837,-0.0006646118118752153
808.137986768137,-0.5272144675254822,-0.0006646118118752153
808.6035040416209,-0.7756313681602478,-0.0006646118118752153
809.0690213151049,-1.0435187816619873,-0.0006646118118752153
809.5345385885888,-1.3013352155685425,-0.0006646118118752153
810.0000558620727,-1.5292744636535645,-0.0006646118118752153
810.4655731355567,-1.675974726676941,-0.0006646118118752153
810.9310904090406,-1.6343480348587036,-0.0006646118118752153
811.3966076825246,-1.3657892942428589,-0.0006646118118752153
811.8621249560085,-0.965972363948822,-0.0006646118118752153
812.3276422294925,-0.5768978595733643,-0.0006646118118752153
812.7931595029764,-0.2512703239917755,-0.0006646118118752153
813.2586767764604,0.01728847250342369,-0.0006646118118752153
813.7241940499443,0.2398565709590912,-0.0006646118118752153
814.1897113234284,0.4140840768814087,-0.0006646118118752153
814.6552285969123,0.5033798813819885,-0.0006646118118752153
815.1207458703963,0.5376211404800415,-0.0006646118118752153
815.5862631438802,0.5629663467407227,-0.0006646118118752153
816.0517804173642,0.583947479724884,-0.0006646118118752153
816.5172976908481,0.5953612327575684,-0.0006646118118752153
816.982814964332,0.6084535121917725,-0.0006646118118752153
817.448332237816,0.616845965385437,-0.0006646118118752153
817.9138495112999,0.6349737048149109,-0.0006646118118752153
818.3793667847839,0.685664176940918,-0.0006646118118752153
818.8448840582678,0.7470969557762146,-0.0006646118118752153
819.3104013317518,0.7907377481460571,-0.0006646118118752153
819.7759186052357,0.7897306680679321,-0.0006646118118752153
820.2414358787197,0.7699244618415833,-0.0006646118118752153
820.7069531522036,0.7054703831672668,-0.0006646118118752153
821.1724704256876,0.5960326790809631,-0.0006646118118752153
821.6379876991715,0.48323795199394226,-0.0006646118118752153
822.1035049726555,0.3818570375442505,-0.0006646118118752153
822.5690222461394,0.2992751896381378,-0.0006646118118752153
823.0345395196233,0.24119935929775238,-0.0006646118118752153
823.5000567931073,0.12404058873653412,-0.0006646118118752153
823.9655740665912,-0.08812084794044495,-0.0006646118118752153
824.4310913400752,-0.3313344120979309,-0.0006646118118752153
824.8966086135591,-0.5748836398124695,-0.0006646118118752153
825.3621258870431,-0.8320286870002747,-0.0006646118118752153
825.827643160527,-1.1093156337738037,-0.0006646118118752153
826.293160434011,-1.383245587348938,-0.0006646118118752153
826.7586777074949,-1.6034637689590454,-0.0006646118118752153
827.224194980979,-1.6850385665893555,-0.0006646118118752153
827.6897122544628,-1.557808756828308,-0.0006646118118752153
828.1552295279469,-1.2603799104690552,-0.0006646118118752153
828.6207468014308,-0.8817120790481567,-0.0006646118118752153
829.0862640749148,-0.5144579410552979,-0.0006646118118752153
829.5517813483987,-0.19688716530799866,-0.0006646118118752153
830.0172986218826,0.06831464171409607,-0.0006646118118752153
830.4828158953666,0.29188981652259827,-0.0006646118118752153
830.9483331688505,0.44026854634284973,-0.0006646118118752153
831.4138504423345,0.5064011812210083,-0.0006646118118752153
831.8793677158184,0.5443350672721863,-0.0006646118118752153
832.3448849893024,0.5789120197296143,-0.0006646118118752153
832.8104022627863,0.6000610589981079,-0.0006646118118752153
833.2759195362703,0.6131532788276672,-0.0006646118118752153
833.7414368097542,0.6202029585838318,-0.0006646118118752153
834.2069540832382,0.6144960522651672,-0.0006646118118752153
834.6724713567221,0.6373235583305359,-0.0006646118118752153
835.1379886302061,0.6980850100517273,-0.0006646118118752153
835.60350590369,0.7625390887260437,-0.0006646118118752153
836.0690231771739,0.7981231212615967,-0.0006646118118752153
836.5345404506579,0.7917448878288269,-0.0006646118118752153
837.0000577241418,0.7605249285697937,-0.0006646118118752153
837.4655749976258,0.6853284239768982,-0.0006646118118752153
837.9310922711097,0.5758907198905945,-0.0006646118118752153
838.3966095445937,0.4583962857723236,-0.0006646118118752153
838.8621268180776,0.3529869616031647,-0.0006646118118752153
839.3276440915616,0.2667124569416046,-0.0006646118118752153
839.7931613650455,0.17976653575897217,-0.0006646118118752153
840.2586786385295,0.04414435103535652,-0.0006646118118752153
840.7241959120134,-0.13579003512859344,-0.0006646118118752153
841.1897131854975,-0.33888763189315796,-0.0006646118118752153
841.6552304589814,-0.5950255393981934,-0.0006646118118752153
842.1207477324654,-0.8823834657669067,-0.0006646118118752153
842.5862650059493,-1.1700770854949951,-0.0006646118118752153
843.0517822794332,-1.4389715194702148,-0.0006646118118752153
843.5172995529172,-1.6390478610992432,-0.0006646118118752153
843.9828168264011,-1.683359980583191,-0.0006646118118752153
844.4483340998851,-1.535652756690979,-0.0006646118118752153
844.913851373369,-1.225131630897522,-0.0006646118118752153
845.379368646853,-0.8350499868392944,-0.0006646118118752153
845.8448859203369,-0.46746012568473816,-0.0006646118118752153
846.3104031938209,-0.1592889279127121,-0.0006646118118752153
846.7759204673048,0.10373082756996155,-0.0006646118118752153
847.2414377407888,0.3187457025051117,-0.0006646118118752153
847.7069550142727,0.4422827363014221,-0.0006646118118752153
848.1724722877567,0.49985504150390625,-0.0006646118118752153
848.6379895612406,0.5366140007972717,-0.0006646118118752153
849.1035068347245,0.5658197999000549,-0.0006646118118752153
849.5690241082085,0.5866330862045288,-0.0006646118118752153
850.0345413816924,0.61063551902771,-0.0006646118118752153
850.5000586551764,0.61130690574646,-0.0006646118118752153
850.9655759286603,0.6061035990715027,-0.0006646118118752153
851.4310932021443,0.6430304646492004,-0.0006646118118752153
851.8966104756282,0.7108415365219116,-0.0006646118118752153
852.3621277491122,0.773281455039978,-0.0006646118118752153
852.8276450225961,0.7947661280632019,-0.0006646118118752153
853.2931622960801,0.7618677020072937,-0.0006646118118752153
853.758679569564,0.7192339897155762,-0.0006646118118752153
854.224196843048,0.6739147305488586,-0.0006646118118752153
854.689714116532,0.6040894389152527,-0.0006646118118752153
855.155231390016,0.4812237620353699,-0.0006646118118752153
855.6207486634999,0.3529869616031647,-0.0006646118118752153
856.0862659369838,0.26150912046432495,-0.0006646118118752153
856.5517832104678,0.17405965924263,-0.0006646118118752153
857.0173004839517,0.03340199962258339,-0.0006646118118752153
857.4828177574357,-0.14552529156208038,-0.0006646118118752153
857.9483350309196,-0.3680933713912964,-0.0006646118118752153
858.4138523044036,-0.6396734714508057,-0.0006646118118752153
858.8793695778875,-0.9243457913398743,-0.0006646118118752153
859.3448868513715,-1.2070038318634033,-0.0006646118118752153
859.8104041248554,-1.469855785369873,-0.0006646118118752153
860.2759213983394,-1.6440832614898682,-0.0006646118118752153
860.7414386718233,-1.6524758338928223,-0.0006646118118752153
861.2069559453073,-1.4785839319229126,-0.0006646118118752153
861.6724732187912,-1.142885446548462,-0.0006646118118752153
862.1379904922752,-0.7470969557762146,-0.0006646118118752153
862.6035077657591,-0.39108872413635254,-0.0006646118118752153
863.069025039243,-0.0941634252667427,-0.0006646118118752153
863.534542312727,0.16549934446811676,-0.0006646118118752153
864.0000595862109,0.3543297350406647,-0.0006646118118752153
864.4655768596949,0.4577248692512512,-0.0006646118118752153
864.9310941331788,0.5168077945709229,-0.0006646118118752153
865.3966114066628,0.5574273467063904,-0.0006646118118752153
865.8621286801467,0.583947479724884,-0.0006646118118752153
866.3276459536307,0.5920042991638184,-0.0006646118118752153
866.7931632271146,0.583611786365509,-0.0006646118118752153
867.2586805005986,0.5768978595733643,-0.0006646118118752153
867.7241977740825,0.6202029585838318,-0.0006646118118752153
868.1897150475666,0.7066453099250793,-0.0006646118118752153
868.6552323210504,0.7618677020072937,-0.0006646118118752153
869.1207495945343,0.7900663614273071,-0.0006646118118752153
869.5862668680184,0.7893949747085571,-0.0006646118118752153
870.0517841415023,0.7516288757324219,-0.0006646118118752153
870.5173014149863,0.7081559300422668,-0.0006646118118752153
870.9828186884702,0.6672007441520691,-0.0006646118118752153
871.4483359619542,0.581261932849884,-0.0006646118118752153
871.9138532354381,0.4469825327396393,-0.0006646118118752153
872.3793705089221,0.330159455537796,-0.0006646118118752153
872.844887782406,0.24992752075195312,-0.0006646118118752153
873.31040505589,0.15391775965690613,-0.0006646118118752153
873.7759223293739,0.004531929735094309,-0.0006646118118752153
874.2414396028579,-0.18580910563468933,-0.0006646118118752153
874.7069568763418,-0.4301975965499878,-0.0006646118118752153
875.1724741498258,-0.7031204700469971,-0.0006646118118752153
875.6379914233097,-0.9810788035392761,-0.0006646118118752153
876.1035086967936,-1.2598763704299927,-0.0006646118118752153
876.5690259702776,-1.5072861909866333,-0.0006646118118752153
877.0345432437615,-1.6447547674179077,-0.0006646118118752153
877.5000605172455,-1.6271305084228516,-0.0006646118118752153
877.9655777907294,-1.4282292127609253,-0.0006646118118752153
878.4310950642134,-1.0750744342803955,-0.0006646118118752153
878.8966123376973,-0.6849927306175232,-0.0006646118118752153
879.3621296111813,-0.33922332525253296,-0.0006646118118752153
879.8276468846652,-0.05052262172102928,-0.0006646118118752153
880.2931641581492,0.17775234580039978,-0.0006646118118752153
880.7586814316331,0.34392309188842773,-0.0006646118118752153
881.2241987051171,0.4724956154823303,-0.0006646118118752153
881.689715978601,0.5669947266578674,-0.0006646118118752153
882.1552332520849,0.5946898460388184,-0.0006646118118752153
882.620750525569,0.5899900794029236,-0.0006646118118752153
883.0862677990528,0.5852903127670288,-0.0006646118118752153
883.5517850725369,0.5779049396514893,-0.0006646118118752153
884.0173023460208,0.580926239490509,-0.0006646118118752153
884.4828196195048,0.6390020847320557,-0.0006646118118752153
884.9483368929887,0.7135271430015564,-0.0006646118118752153
885.4138541664727,0.7558251023292542,-0.0006646118118752153
885.8793714399566,0.7860379815101624,-0.0006646118118752153
886.3448887134406,0.7813382148742676,-0.0006646118118752153
886.8104059869245,0.7430685758590698,-0.0006646118118752153
887.2759232604085,0.7153734564781189,-0.0006646118118752153
887.7414405338924,0.6836499571800232,-0.0006646118118752153
888.2069578073764,0.582940399646759,-0.0006646118118752153
888.6724750808603,0.4436255395412445,-0.0006646118118752153
889.1379923543442,0.3306629955768585,-0.0006646118118752153
889.6035096278282,0.24422064423561096,-0.0006646118118752153
890.0690269013121,0.12991531193256378,-0.0006646118118752153
890.5345441747961,-0.02534523606300354,-0.0006646118118752153
891.00006144828,-0.23146410286426544,-0.0006646118118752153
891.465578721764,-0.48592355847358704,-0.0006646118118752153
891.9310959952479,-0.7591820955276489,-0.0006646118118752153
892.3966132687319,-1.0394903421401978,-0.0006646118118752153
892.8621305422158,-1.3187915086746216,-0.0006646118118752153
893.3276478156998,-1.5618371963500977,-0.0006646118118752153
893.7931650891837,-1.7028305530548096,-0.0006646118118752153
894.2586823626677,-1.6585183143615723,-0.0006646118118752153
894.7241996361516,-1.381902813911438,-0.0006646118118752153
895.1897169096355,-0.963286817073822,-0.0006646118118752153
895.6552341831195,-0.583276093006134,-0.0006646118118752153
896.1207514566034,-0.28030824661254883,-0.0006646118118752153
896.5862687300875,-0.01594567857682705,-0.0006646118118752153
897.0517860035714,0.2056153267621994,-0.0006646118118752153
897.5173032770554,0.37111467123031616,-0.0006646118118752153
897.9828205505393,0.5006942749023438,-0.0006646118118752153
898.4483378240233,0.5708552598953247,-0.0006646118118752153
898.9138550975072,0.581261932849884,-0.0006646118118752153
899.3793723709912,0.5785763263702393,-0.0006646118118752153
899.8448896444751,0.5792477130889893,-0.0006646118118752153
900.3104069179591,0.5742122530937195,-0.0006646118118752153
900.775924191443,0.5893186926841736,-0.0006646118118752153
901.241441464927,0.6536049246788025,-0.0006646118118752153
901.7069587384109,0.7128556966781616,-0.0006646118118752153
902.1724760118948,0.7524681687355042,-0.0006646118118752153
902.6379932853788,0.7863736748695374,-0.0006646118118752153
903.1035105588627,0.774288535118103,-0.0006646118118752153
903.5690278323467,0.736354649066925,-0.0006646118118752153
904.0345451058306,0.7088273167610168,-0.0006646118118752153
904.5000623793146,0.6430304646492004,-0.0006646118118752153
904.9655796527985,0.5215076208114624,-0.0006646118118752153
905.4310969262825,0.3946135640144348,-0.0006646118118752153
905.8966141997664,0.29575034976005554,-0.0006646118118752153
906.3621314732504,0.21434347331523895,-0.0006646118118752153
906.8276487467343,0.09684900939464569,-0.0006646118118752153
907.2931660202183,-0.08274967223405838,-0.0006646118118752153
907.7586832937022,-0.3009536862373352,-0.0006646118118752153
908.2242005671862,-0.5233539342880249,-0.0006646118118752153
908.6897178406701,-0.7575036287307739,-0.0006646118118752153
909.155235114154,-1.0478827953338623,-0.0006646118118752153
909.620752387638,-1.3530327081680298,-0.0006646118118752153
910.086269661122,-1.5933928489685059,-0.0006646118118752153
910.551786934606,-1.7021591663360596,-0.0006646118118752153
911.0173042080899,-1.612191915512085,-0.0006646118118752153
911.4828214815739,-1.296299695968628,-0.0006646118118752153
911.9483387550578,-0.8880903124809265,-0.0006646118118752153
912.4138560285418,-0.5320820808410645,-0.0006646118118752153
912.8793733020257,-0.23280689120292664,-0.0006646118118752153
913.3448905755097,0.028030823916196823,-0.0006646118118752153
913.8104078489936,0.2373388260602951,-0.0006646118118752153
914.2759251224776,0.3998169004917145,-0.0006646118118752153
914.7414423959615,0.5208361744880676,-0.0006646118118752153
915.2069596694454,0.5691767930984497,-0.0006646118118752153
915.6724769429294,0.5748836398124695,-0.0006646118118752153
916.1379942164133,0.5810940861701965,-0.0006646118118752153
916.6035114898973,0.5849546194076538,-0.0006646118118752153
917.0690287633812,0.580926239490509,0.021121859785634245
917.5345460368652,0.6126497387886047,-0.0006646118118752153
918.0000633103491,0.6735789775848389,-0.0006646118118752153
918.4655805838331,0.721583902835846,-0.0006646118118752153
918.931097857317,0.7591820955276489,-0.0006646118118752153
919.396615130801,0.7878843545913696,-0.0006646118118752153
919.8621324042849,0.7675745487213135,-0.0006646118118752153
920.3276496777689,0.7261158227920532,-0.0006646118118752153
920.7931669512528,0.6705577373504639,-0.0006646118118752153
921.2586842247368,0.5866330862045288,-0.0006646118118752153
921.7242014982207,0.49935150146484375,-0.0006646118118752153
922.1897187717046,0.41945526003837585,-0.0006646118118752153
922.6552360451886,0.3137102425098419,-0.0006646118118752153
923.1207533186725,0.19974060356616974,-0.0006646118118752153
923.5862705921566,0.06160067021846771,-0.0006646118118752153
924.0517878656404,-0.12236209958791733,-0.0006646118118752153
924.5173051391245,-0.3368734121322632,-0.0006646118118752153
924.9828224126084,-0.5523918271064758,-0.0006646118118752153
925.4483396860924,-0.807187020778656,-0.0006646118118752153
925.9138569595763,-1.1135119199752808,-0.0006646118118752153
926.3793742330603,-1.4080872535705566,0.2455227315050445
926.8448915065442,-1.626291275024414,-0.0006646118118752153
927.3104087800282,-1.7075303792953491,-0.0006646118118752153
927.7759260535121,-1.5695582628250122,-0.0006646118118752153
928.241443326996,-1.2197604179382324,-0.0006646118118752153
928.70696060048,-0.8239719271659851,-0.0006646118118752153
929.1724778739639,-0.4812237620353699,-0.0006646118118752153
929.6379951474479,-0.18496985733509064,-0.0006646118118752153
930.1035124209318,0.07150377333164215,-0.0006646118118752153
930.5690296944158,0.27577629685401917,-0.0006646118118752153
931.0345469678997,0.4412756562232971,-0.0006646118118752153
931.5000642413837,0.5403066873550415,-0.0006646118118752153
931.9655815148676,0.5698481798171997,-0.0006646118118752153
932.4310987883516,0.5777370929718018,-0.0006646118118752153
932.8966160618355,0.5852903127670288,-0.0006646118118752153
933.3621333353195,0.583276093006134,-0.0006646118118752153
933.8276506088034,0.5711909532546997,-0.0006646118118752153
934.2931678822874,0.581261932849884,-0.0006646118118752153
934.7586851557713,0.6390020847320557,-0.0006646118118752153
935.2242024292552,0.7299763560295105,-0.0006646118118752153
935.6897197027392,0.8145723938941956,-0.0006646118118752153
936.1552369762231,0.8233005404472351,-0.0006646118118752153
936.6207542497071,0.7618677020072937,-0.0006646118118752153
937.086271523191,0.7098344564437866,-0.0006646118118752153
937.551788796675,0.658304750919342,-0.0006646118118752153
938.017306070159,0.5804226994514465,-0.0006646118118752153
938.482823343643,0.496665894985199,-0.0006646118118752153
938.9483406171269,0.3956206738948822,-0.0006646118118752153
939.4138578906109,0.2838330566883087,-0.0006646118118752153
939.8793751640948,0.1747310608625412,-0.0006646118118752153
940.3448924375788,0.03004501387476921,-0.0006646118118752153
940.8104097110627,-0.16533149778842926,-0.0006646118118752153
941.2759269845466,-0.3764858543872833,-0.0006646118118752153
941.7414442580306,-0.5950255393981934,-0.0006646118118752153
942.2069615315145,-0.8689554929733276,-0.0006646118118752153
942.6724788049985,-1.1751124858856201,-0.0006646118118752153
943.1379960784824,-1.4552528858184814,-0.0006646118118752153
943.6035133519664,-1.6519721746444702,-0.0006646118118752153
944.0690306254503,-1.69477379322052,-0.0006646118118752153
944.5345478989343,-1.5071183443069458,-0.0006646118118752153
945.0000651724182,-1.1475852727890015,-0.0006646118118752153
945.4655824459022,-0.7628747820854187,-0.0006646118118752153
945.9310997193861,-0.42180514335632324,-0.0006646118118752153
946.3966169928701,-0.13041886687278748,-0.0006646118118752153
946.862134266354,0.11262684315443039,-0.0006646118118752153
947.327651539838,0.2989394962787628,-0.0006646118118752153
947.7931688133219,0.4288548231124878,-0.0006646118118752153
948.2586860868058,0.5114366412162781,-0.0006646118118752153
948.7242033602898,0.5745479464530945,-0.0006646118118752153
949.1897206337737,0.6242313385009766,-0.0006646118118752153
949.6552379072577,0.6195315718650818,-0.0006646118118752153
950.1207551807416,0.5862973928451538,-0.0006646118118752153
950.5862724542257,0.5644770264625549,-0.0006646118118752153
951.0517897277095,0.5862973928451538,-0.0006646118118752153
951.5173070011936,0.6576333045959473,-0.0006646118118752153
951.9828242746775,0.7564965486526489,-0.0006646118118752153
952.4483415481615,0.8169222474098206,-0.0006646118118752153
952.9138588216454,0.8018158078193665,-0.0006646118118752153
953.3793760951294,0.7464255690574646,-0.0006646118118752153
953.8448933686133,0.7019455432891846,-0.0006646118118752153
954.3104106420972,0.6437018513679504,-0.0006646118118752153
954.7759279155812,0.5671625733375549,-0.0006646118118752153
955.2414451890651,0.4808880686759949,-0.0006646118118752153
955.7069624625491,0.365743488073349,-0.0006646118118752153
956.172479736033,0.2556343972682953,-0.0006646118118752153
956.637997009517,0.15123216807842255,-0.0006646118118752153
957.1035142830009,0.0021820401307195425,-0.0006646118118752153
957.5690315564849,-0.19554436206817627,-0.0006646118118752153
958.0345488299688,-0.399649053812027,-0.0006646118118752153
958.5000661034528,-0.6339665651321411,-0.0006646118118752153
958.9655833769367,-0.9233386516571045,-0.0006646118118752153
959.4311006504207,-1.226138710975647,-0.0006646118118752153
959.8966179239046,-1.4943617582321167,-0.0006646118118752153
960.3621351973886,-1.6722819805145264,-0.0006646118118752153
960.8276524708725,-1.6880598068237305,-0.0006646118118752153
961.2931697443564,-1.4886549711227417,-0.0006646118118752153
961.7586870178404,-1.1167010068893433,-0.0006646118118752153
962.2242042913243,-0.6953994035720825,-0.0006646118118752153
962.6897215648083,-0.32378119230270386,-0.0006646118118752153
963.1552388382922,-0.05052262172102928,-0.0006646118118752153
963.6207561117762,0.15089647471904755,-0.0006646118118752153
964.0862733852601,0.3160601258277893,-0.0006646118118752153
964.5517906587442,0.43926146626472473,-0.0006646118118752153
965.017307932228,0.5208361744880676,-0.0006646118118752153
965.4828252057121,0.5899900794029236,-0.0006646118118752153
965.948342479196,0.6202029585838318,-0.0006646118118752153
966.41385975268,0.5997253656387329,-0.0006646118118752153
966.8793770261639,0.5711909532546997,-0.0006646118118752153
967.3448942996479,0.5638055801391602,-0.0006646118118752153
967.8104115731318,0.5987182259559631,-0.0006646118118752153
968.2759288466157,0.6813000440597534,-0.0006646118118752153
968.7414461200997,0.775295615196228,-0.0006646118118752153
969.2069633935836,0.8189364671707153,0.016764584944774452
969.6724806670676,0.7961089611053467,-0.0006646118118752153
970.1379979405515,0.7410544157028198,-0.0006646118118752153
970.6035152140355,0.693888783454895,-0.0006646118118752153
971.0690324875194,0.6332951784133911,-0.0006646118118752153
971.5345497610034,0.5617914199829102,-0.0006646118118752153
972.0000670344873,0.461753249168396,-0.0006646118118752153
972.4655843079713,0.34090182185173035,-0.0006646118118752153
972.9311015814552,0.2373388260602951,-0.0006646118118752153
973.3966188549392,0.1280689686536789,-0.0006646118118752153
973.8621361284231,-0.03306629881262779,-0.0006646118118752153
974.327653401907,-0.24119935929775238,-0.0006646118118752153
974.793170675391,-0.4738384187221527,-0.0006646118118752153
975.2586879488749,-0.724269449710846,-0.0006646118118752153
975.7242052223589,-0.9799038767814636,-0.0006646118118752153
976.1897224958428,-1.2355382442474365,-0.0006646118118752153
976.6552397693268,-1.4990615844726562,-0.0006646118118752153
977.1207570428107,-1.683359980583191,-0.0006646118118752153
977.5862743162947,-1.6746318340301514,-0.0006646118118752153
978.0517915897786,-1.4339361190795898,-0.0006646118118752153
978.5173088632627,-1.0381475687026978,-0.0006646118118752153
978.9828261367466,-0.6128175854682922,-0.0006646118118752153
979.4483434102306,-0.2667124569416046,-0.0006646118118752153
979.9138606837145,-0.016952773556113243,-0.0006646118118752153
980.3793779571985,0.18010222911834717,-0.0006646118118752153
980.8448952306824,0.34090182185173035,-0.0006646118118752153
981.3104125041663,0.4597390592098236,-0.0006646118118752153
981.7759297776503,0.5443350672721863,-0.0006646118118752153
982.2414470511342,0.6020752191543579,-0.0006646118118752153
982.7069643246182,0.6064392924308777,-0.0006646118118752153
983.1724815981021,0.5842832326889038,-0.0006646118118752153
983.6379988715861,0.5658197999000549,-0.0006646118118752153
984.10351614507,0.5661554932594299,-0.0006646118118752153
984.569033418554,0.6094605922698975,-0.0006646118118752153
985.0345506920379,0.7047989368438721,-0.0006646118118752153
985.5000679655219,0.7846952080726624,-0.0006646118118752153
985.9655852390058,0.8122224807739258,-0.0006646118118752153
986.4311025124898,0.7853665947914124,-0.0006646118118752153
986.8966197859737,0.737026035785675,-0.0006646118118752153
987.3621370594576,0.6913710236549377,-0.0006646118118752153
987.8276543329416,0.6212100386619568,-0.0006646118118752153
988.2931716064255,0.5208361744880676,-0.0006646118118752153
988.7586888799095,0.4127412736415863,-0.0006646118118752153
989.2242061533934,0.3355306386947632,-0.0006646118118752153
989.6897234268774,0.27745479345321655,-0.0006646118118752153
990.1552407003613,0.14837872982025146,-0.0006646118118752153
990.6207579738453,-0.05656519532203674,-0.0006646118118752153
991.0862752473292,-0.2829938232898712,-0.0006646118118752153
991.5517925208133,-0.5139544010162354,-0.0006646118118752153
992.0173097942971,-0.7588464021682739,-0.0006646118118752153
992.4828270677812,-1.0075989961624146,-0.0006646118118752153
992.948344341265,-1.2801861763000488,-0.0006646118118752153
993.4138616147491,-1.546227216720581,-0.0006646118118752153
993.879378888233,-1.69678795337677,-0.0006646118118752153
994.3448961617169,-1.6370337009429932,-0.0006646118118752153
994.8104134352009,-1.3579003810882568,-0.0006646118118752153
995.2759307086848,-0.9461661577224731,-0.0006646118118752153
995.7414479821688,-0.5332570672035217,-0.0006646118118752153
996.2069652556527,-0.21770046651363373,-0.0006646118118752153
996.6724825291367,0.022659648209810257,-0.0006646118118752153
997.1379998026206,0.2207217514514923,-0.0006646118118752153
997.6035170761046,0.37547874450683594,-0.0006646118118752153
998.0690343495885,0.48592355847358704,-0.0006646118118752153
998.5345516230725,0.573708713054657,-0.0006646118118752153
999.0000688965564,0.6208743453025818,-0.0006646118118752153
999.4655861700404,0.6191958785057068,-0.0006646118118752153
999.9311034435243,0.5970397591590881,-0.0006646118118752153
1000.3966207170082,0.5732051730155945,-0.0006646118118752153
1000.8621379904922,0.5735408663749695,-0.0006646118118752153
1001.3276552639761,0.6198672652244568,-0.0006646118118752153
1001.7931725374601,0.6920424103736877,-0.0006646118118752153
1002.258689810944,0.7571679353713989,-0.0006646118118752153
1002.724207084428,0.8142366409301758,-0.0006646118118752153
1003.1897243579119,0.8175936341285706,-0.0006646118118752153
1003.6552416313959,0.7558251023292542,-0.0006646118118752153
1004.1207589048798,0.6712291240692139,-0.0006646118118752153
1004.5862761783638,0.581261932849884,-0.0006646118118752153
1005.0517934518477,0.48390936851501465,-0.0006646118118752153
1005.5173107253318,0.38857099413871765,-0.0006646118118752153
1005.9828279988157,0.32680246233940125,-0.0006646118118752153
1006.4483452722997,0.2509346008300781,-0.0006646118118752153
1006.9138625457836,0.09785610437393188,-0.0006646118118752153
1007.3793798192675,-0.1112840473651886,-0.0006646118118752153
1007.8448970927515,-0.3346913754940033,-0.0006646118118752153
1008.3104143662354,-0.5674982666969299,-0.0006646118118752153
1008.7759316397194,-0.808194100856781,-0.0006646118118752153
1009.2414489132033,-1.059800148010254,-0.0006646118118752153
1009.7069661866873,-1.3449759483337402,-0.0006646118118752153
1010.1724834601712,-1.5990997552871704,-0.0006646118118752153
1010.6380007336552,-1.7149157524108887,-0.0006646118118752153
1011.1035180071391,-1.614709734916687,-0.0006646118118752153
1011.5690352806231,-1.299320936203003,-0.0006646118118752153
1012.034552554107,-0.8666056394577026,-0.0006646118118752153
1012.500069827591,-0.4765239953994751,-0.0006646118118752153
1012.9655871010749,-0.18480201065540314,-0.0006646118118752153
1013.4311043745589,0.049851223826408386,-0.0006646118118752153
1013.8966216480428,0.24153505265712738,-0.0006646118118752153
1014.3621389215267,0.38588541746139526,-0.0006646118118752153
1014.8276561950107,0.48323795199394226,-0.0006646118118752153
1015.2931734684946,0.5409780740737915,-0.0006646118118752153
1015.7586907419786,0.5735408663749695,-0.0006646118118752153
1016.2242080154625,0.6054322123527527,-0.0006646118118752153
1016.6897252889465,0.6279240250587463,-0.0006646118118752153
1017.1552425624304,0.5993896126747131,-0.0006646118118752153
1017.6207598359144,0.5782406330108643,-0.0006646118118752153
1018.0862771093983,0.6218814253807068,-0.0006646118118752153
1018.5517943828823,0.7004348635673523,-0.0006646118118752153
1019.0173116563662,0.7705958485603333,-0.0006646118118752153
1019.4828289298503,0.8243076205253601,-0.0006646118118752153
1019.9483462033342,0.8028229475021362,-0.0006646118118752153
1020.413863476818,0.736354649066925,-0.0006646118118752153
1020.8793807503021,0.6618295311927795,-0.0006646118118752153
1021.344898023786,0.5725337862968445,-0.0006646118118752153
1021.81041529727,0.46846723556518555,-0.0006646118118752153
1022.2759325707539,0.3771572411060333,-0.0006646118118752153
1022.7414498442379,0.3140459358692169,-0.0006646118118752153
1023.2069671177218,0.21467918157577515,-0.0006646118118752153
1023.6724843912058,0.04951552674174309,-0.0006646118118752153
1024.1380016646897,-0.15341420471668243,-0.0006646118118752153
1024.6035189381737,-0.37145036458969116,-0.0006646118118752153
1025.0690362116577,-0.6030822992324829,-0.0006646118118752153
1025.5345534851415,-0.8404211401939392,-0.0006646118118752153
1026.0000707586255,-1.1120011806488037,-0.0006646118118752153
1026.4655880321095,-1.4064087867736816,-0.0006646118118752153
1026.9311053055933,-1.6356908082962036,-0.0006646118118752153
1027.3966225790773,-1.7129014730453491,-0.0006646118118752153
1027.8621398525613,-1.5725795030593872,-0.0006646118118752153
1028.3276571260453,-1.2365453243255615,-0.0006646118118752153
1028.793174399529,-0.8286716938018799,-0.0006646118118752153
1029.2586916730131,-0.461417555809021,-0.0006646118118752153
1029.7242089464971,-0.13914701342582703,-0.0006646118118752153
1030.1897262199811,0.13612572848796844,-0.0006646118118752153
1030.655243493465,0.3153887093067169,-0.0006646118118752153
1031.120760766949,0.42146944999694824,-0.0006646118118752153
1031.586278040433,0.4921339750289917,-0.0006646118118752153
1032.051795313917,0.5446707606315613,-0.0006646118118752153
1032.5173125874007,0.581261932849884,-0.0006646118118752153
1032.9828298608847,0.618524432182312,-0.0006646118118752153
1033.4483471343688,0.6207064986228943,-0.0006646118118752153
1033.9138644078525,0.582269012928009,-0.0006646118118752153
1034.3793816813366,0.5780727863311768,-0.0006646118118752153
1034.8448989548206,0.6366521716117859,-0.0006646118118752153
1035.3104162283046,0.7145342230796814,-0.0006646118118752153
1035.7759335017884,0.7880522012710571,-0.0006646118118752153
1036.2414507752724,0.8323643803596497,-0.0006646118118752153
1036.7069680487564,0.7840238213539124,-0.0006646118118752153
1037.1724853222404,0.7115129232406616,-0.0006646118118752153
1037.6380025957242,0.6410162448883057,-0.0006646118118752153
1038.1035198692082,0.5550774335861206,-0.0006646118118752153
1038.5690371426922,0.45537498593330383,-0.0006646118118752153
1039.0345544161762,0.3791714310646057,-0.0006646118118752153
1039.50007168966,0.3033035695552826,-0.0006646118118752153
1039.965588963144,0.1901731938123703,-0.0006646118118752153
1040.431106236628,0.024673838168382645,-0.0006646118118752153
1040.8966235101118,-0.18178072571754456,-0.0006646118118752153
1041.3621407835958,-0.40837720036506653,-0.0006646118118752153
1041.8276580570798,-0.652094304561615,-0.0006646118118752153
1042.2931753305638,-0.9172961115837097,-0.0006646118118752153
1042.7586926040476,-1.1972686052322388,-0.0006646118118752153
1043.2242098775316,-1.446524739265442,-0.0006646118118752153
1043.6897271510156,-1.613702654838562,-0.0006646118118752153
1044.1552444244996,-1.6632181406021118,-0.0006646118118752153
1044.6207616979834,-1.5118181705474854,-0.0006646118118752153
1045.0862789714674,-1.1657129526138306,-0.0006646118118752153
1045.5517962449514,-0.7581750154495239,-0.0006646118118752153
1046.0173135184355,-0.3956206738948822,-0.0006646118118752153
1046.4828307919192,-0.07771419733762741,-0.0006646118118752153
1046.9483480654033,0.16734568774700165,-0.0006646118118752153
1047.4138653388873,0.32210269570350647,-0.0006646118118752153
1047.879382612371,0.4266727566719055,-0.0006646118118752153
1048.344899885855,0.5053940415382385,-0.0006646118118752153
1048.810417159339,0.5591058135032654,-0.0006646118118752153
1049.275934432823,0.6010681390762329,-0.0006646118118752153
1049.7414517063069,0.6336308717727661,-0.0006646118118752153
1050.2069689797909,0.6126497387886047,-0.0006646118118752153
1050.6724862532749,0.5738765597343445,-0.0006646118118752153
1051.138003526759,0.5893186926841736,-0.0006646118118752153
1051.6035208002427,0.6578011512756348,-0.0006646118118752153
1052.0690380737267,0.7350118160247803,-0.0006646118118752153
1052.5345553472107,0.8135652542114258,-0.0006646118118752153
1053.0000726206947,0.8337071537971497,-0.0006646118118752153
1053.4655898941785,0.773952841758728,-0.0006646118118752153
1053.9311071676625,0.7081559300422668,-0.0006646118118752153
1054.3966244411465,0.6336308717727661,-0.0006646118118752153
1054.8621417146303,0.5416495203971863,-0.0006646118118752153
1055.3276589881143,0.43523308634757996,-0.0006646118118752153
1055.7931762615983,0.3341878354549408,-0.0006646118118752153
1056.2586935350823,0.2502632141113281,-0.0006646118118752153
1056.724210808566,0.16600289940834045,-0.0006646118118752153
1057.1897280820501,0.03004501387476921,-0.0006646118118752153
1057.6552453555341,-0.1915159821510315,-0.0006646118118752153
1058.1207626290181,-0.44966810941696167,-0.0006646118118752153
1058.586279902502,-0.7073166966438293,-0.0006646118118752153
1059.051797175986,-0.9733577370643616,-0.0006646118118752153
1059.51731444947,-1.2472877502441406,-0.0006646118118752153
1059.9828317229537,-1.4799267053604126,-0.0006646118118752153
1060.4483489964377,-1.6410620212554932,-0.0006646118118752153
1060.9138662699218,-1.6669107675552368,-0.0006646118118752153
1061.3793835434058,-1.470191478729248,-0.0006646118118752153
1061.8449008168895,-1.0938735008239746,-0.0006646118118752153
1062.3104180903736,-0.685664176940918,-0.0006646118118752153
1062.7759353638576,-0.32545968890190125,-0.0006646118118752153
1063.2414526373416,-0.02081330679357052,-0.0006646118118752153
1063.7069699108254,0.1918516755104065,-0.0006646118118752153
1064.1724871843094,0.3348592221736908,-0.0006646118118752153
1064.6380044577934,0.4429541528224945,-0.0006646118118752153
1065.1035217312774,0.5191577076911926,-0.0006646118118752153
1065.5690390047612,0.5669947266578674,-0.0006646118118752153
1066.0345562782452,0.6131532788276672,-0.0006646118118752153
1066.5000735517292,0.6302738785743713,-0.0006646118118752153
1066.965590825213,0.6014038324356079,-0.0006646118118752153
1067.431108098697,0.5718623399734497,-0.0006646118118752153
1067.896625372181,0.5940184593200684,-0.0006646118118752153
1068.362142645665,0.6641794443130493,-0.0006646118118752153
1068.8276599191488,0.736354649066925,-0.0006646118118752153
1069.2931771926328,0.7857022881507874,-0.0006646118118752153
1069.7586944661168,0.7826809883117676,-0.0006646118118752153
1070.2242117396008,0.7571679353713989,-0.0006646118118752153
1070.6897290130846,0.7329976558685303,-0.0006646118118752153
1071.1552462865686,0.6477302312850952,-0.0006646118118752153
1071.6207635600526,0.5235217809677124,-0.0006646118118752153
1072.0862808335366,0.40871289372444153,-0.0006646118118752153
1072.5517981070204,0.3167315125465393,-0.0006646118118752153
1073.0173153805044,0.24220645427703857,-0.0006646118118752153
1073.4828326539885,0.15660333633422852,-0.0006646118118752153
1073.9483499274722,-0.006378271151334047,-0.0006646118118752153
1074.4138672009562,-0.24388495087623596,-0.0006646118118752153
1074.8793844744403,-0.496330201625824,-0.0006646118118752153
1075.3449017479243,-0.7474326491355896,-0.0006646118118752153
1075.810419021408,-1.0148165225982666,-0.0006646118118752153
1076.275936294892,-1.2805218696594238,-0.0006646118118752153
1076.741453568376,-1.5047684907913208,-0.0006646118118752153
1077.20697084186,-1.6615396738052368,-0.0006646118118752153
1077.6724881153439,-1.6541543006896973,-0.0006646118118752153
1078.1380053888279,-1.4129549264907837,-0.0006646118118752153
1078.603522662312,-1.0154879093170166,-0.0006646118118752153
1079.069039935796,-0.6124818921089172,-0.0006646118118752153
1079.5345572092797,-0.2559700906276703,-0.0006646118118752153
1080.0000744827637,0.027359426021575928,-0.0006646118118752153
1080.4655917562477,0.2227359414100647,-0.0006646118118752153
1080.9311090297315,0.3630579113960266,-0.0006646118118752153
1081.3966263032155,0.4630960524082184,-0.0006646118118752153
1081.8621435766995,0.5282215476036072,-0.0006646118118752153
1082.3276608501835,0.5676661133766174,-0.0006646118118752153
1082.7931781236673,0.5873044729232788,-0.0006646118118752153
1083.2586953971513,0.5916685461997986,-0.0006646118118752153
1083.7242126706353,0.5970397591590881,-0.0006646118118752153
1084.1897299441193,0.618524432182312,-0.0006646118118752153
1084.6552472176031,0.6430304646492004,-0.0006646118118752153
1085.1207644910871,0.6846570372581482,0.11262515087414576
1085.5862817645711,0.7422293424606323,-0.0006646118118752153
1086.051799038055,0.7914091944694519,-0.0006646118118752153
1086.517316311539,0.7863736748695374,-0.0006646118118752153
1086.982833585023,0.7648890018463135,-0.0006646118118752153
1087.448350858507,0.7185626029968262,-0.0006646118118752153
1087.9138681319907,0.6141603589057922,-0.0006646118118752153
1088.3793854054747,0.4946517050266266,-0.0006646118118752153
1088.8449026789588,0.38924238085746765,-0.0006646118118752153
1089.3104199524428,0.3026321828365326,-0.0006646118118752153
1089.7759372259266,0.23347829282283783,-0.0006646118118752153
1090.2414544994106,0.13847562670707703,-0.0006646118118752153
1090.7069717728946,-0.05119401961565018,-0.0006646118118752153
1091.1724890463786,-0.29558250308036804,-0.0006646118118752153
1091.6380063198624,-0.5418173670768738,-0.0006646118118752153
1092.1035235933464,-0.7924162745475769,-0.0006646118118752153
1092.5690408668304,-1.061814308166504,-0.0006646118118752153
1093.0345581403142,-1.3187915086746216,-0.0006646118118752153
1093.5000754137982,-1.5437095165252686,-0.0006646118118752153
1093.9655926872822,-1.680674433708191,-0.0006646118118752153
1094.4311099607662,-1.621591567993164,-0.0006646118118752153
1094.89662723425,-1.3382619619369507,-0.0006646118118752153
1095.362144507734,-0.9354237914085388,-0.0006646118118752153
1095.827661781218,-0.5513847470283508,-0.0006646118118752153
1096.293179054702,-0.23314259946346283,-0.0006646118118752153
1096.7586963281858,0.02702372707426548,-0.0006646118118752153
1097.2242136016698,0.24824902415275574,-0.0006646118118752153
1097.6897308751538,0.42281222343444824,-0.0006646118118752153
1098.1552481486378,0.5080796480178833,-0.0006646118118752153
1098.6207654221216,0.5399709939956665,-0.0006646118118752153
1099.0862826956056,0.5644770264625549,-0.0006646118118752153
1099.5517999690896,0.583947479724884,-0.0006646118118752153
1100.0173172425734,0.5899900794029236,-0.0006646118118752153
1100.4828345160574,0.6007324457168579,-0.0006646118118752153
1100.9483517895414,0.6128175854682922,-0.0006646118118752153
1101.4138690630255,0.6363164782524109,-0.0006646118118752153
1101.8793863365092,0.6930494904518127,-0.0006646118118752153
1102.3449036099933,0.7564965486526489,-0.0006646118118752153
1102.8104208834773,0.7954375743865967,-0.0006646118118752153
1103.2759381569613,0.7840238213539124,-0.0006646118118752153
1103.741455430445,0.7645533084869385,-0.0006646118118752153
1104.206972703929,0.7031204700469971,-0.0006646118118752153
1104.672489977413,0.5940184593200684,-0.0006646118118752153
1105.138007250897,0.4795452952384949,-0.0006646118118752153
1105.6035245243809,0.3771572411060333,-0.0006646118118752153
1106.0690417978649,0.29390400648117065,-0.0006646118118752153
1106.534559071349,0.23414969444274902,-0.0006646118118752153
1107.0000763448327,0.11497672647237778,-0.0006646118118752153
1107.4655936183167,-0.0955062210559845,-0.0006646118118752153
1107.9311108918007,-0.34023040533065796,-0.0006646118118752153
1108.3966281652847,-0.5852903127670288,-0.0006646118118752153
1108.8621454387685,-0.8407568335533142,-0.0006646118118752153
1109.3276627122525,-1.1188830137252808,-0.0006646118118752153
1109.7931799857365,-1.3936522006988525,-0.0006646118118752153
1110.2586972592205,-1.610849142074585,-0.0006646118118752153
1110.7242145327043,-1.683359980583191,-0.0006646118118752153
1111.1897318061883,-1.544548749923706,-0.0006646118118752153
1111.6552490796723,-1.242923617362976,-0.0006646118118752153
1112.1207663531563,-0.8629129528999329,-0.0006646118118752153
1112.5862836266401,-0.495658814907074,-0.0006646118118752153
1113.0518009001241,-0.18010222911834717,-0.0006646118118752153
1113.5173181736081,0.0800640881061554,-0.0006646118118752153
1113.982835447092,0.2989394962787628,-0.0006646118118752153
1114.448352720576,0.4422827363014221,-0.0006646118118752153
1114.91386999406,0.5064011812210083,-0.0006646118118752153
1115.379387267544,0.5441672205924988,-0.0006646118118752153
1115.8449045410277,0.5745479464530945,-0.0006646118118752153
1116.3104218145118,0.5906614661216736,-0.0006646118118752153
1116.7759390879958,0.6007324457168579,-0.0006646118118752153
1117.2414563614798,0.6131532788276672,-0.0006646118118752153
1117.7069736349636,0.6146638989448547,-0.0006646118118752153
1118.1724909084476,0.6430304646492004,-0.0006646118118752153
1118.6380081819316,0.7017776966094971,-0.0006646118118752153
1119.1035254554154,0.7625390887260437,-0.0006646118118752153
1119.5690427288994,0.7966125011444092,-0.0006646118118752153
1120.0345600023834,0.7910735011100769,-0.0006646118118752153
1120.5000772758674,0.7591820955276489,-0.0006646118118752153
1120.9655945493512,0.6826428771018982,-0.0006646118118752153
1121.4311118228352,0.5742122530937195,-0.0006646118118752153
1121.8966290963192,0.4597390592098236,-0.0006646118118752153
1122.3621463698032,0.35634392499923706,-0.0006646118118752153
1122.827663643287,0.269062340259552,-0.0006646118118752153
1123.293180916771,0.17842374742031097,0.18452055908897247
1123.758698190255,0.040451668202877045,-0.0006646118118752153
1124.224215463739,-0.13780422508716583,-0.0006646118118752153
1124.6897327372228,-0.33922332525253296,-0.0006646118118752153
1125.1552500107068,-0.5977111458778381,-0.0006646118118752153
1125.6207672841908,-0.8890974521636963,-0.0006646118118752153
1126.0862845576746,-1.1796444654464722,-0.0006646118118752153
1126.5518018311586,-1.4476996660232544,-0.0006646118118752153
1127.0173191046426,-1.6427404880523682,-0.0006646118118752153
1127.4828363781266,-1.6739604473114014,-0.0006646118118752153
1127.9483536516104,-1.5084611177444458,-0.0006646118118752153
1128.4138709250944,-1.1878690719604492,-0.0006646118118752153
1128.8793881985785,-0.8004730343818665,-0.0006646118118752153
1129.3449054720625,-0.43808650970458984,-0.0006646118118752153
1129.8104227455462,-0.13377584517002106,-0.0006646118118752153
1130.2759400190303,0.1260547786951065,-0.0006646118118752153
1130.7414572925143,0.3355306386947632,-0.0006646118118752153
1131.2069745659983,0.45302510261535645,-0.0006646118118752153
1131.672491839482,0.5072404146194458,-0.0006646118118752153
1132.138009112966,0.5507133603096008,-0.0006646118118752153
1132.60352638645,0.5866330862045288,-0.0006646118118752153
1133.0690436599339,0.6040894389152527,-0.0006646118118752153
1133.5345609334179,0.6212100386619568,-0.0006646118118752153
1134.000078206902,0.618524432182312,-0.0006646118118752153
1134.465595480386,0.6128175854682922,-0.0006646118118752153
1134.9311127538697,0.6500800848007202,-0.0006646118118752153
1135.3966300273537,0.7152056097984314,-0.0006646118118752153
1135.8621473008377,0.773952841758728,-0.0006646118118752153
1136.3276645743217,0.7900663614273071,-0.0006646118118752153
1136.7931818478055,0.7531395554542542,-0.0006646118118752153
1137.2586991212895,0.7088273167610168,-0.0006646118118752153
1137.7242163947735,0.6628366708755493,-0.0006646118118752153
1138.1897336682575,0.5950255393981934,-0.0006646118118752153
1138.6552509417413,0.4738384187221527,-0.0006646118118752153
1139.1207682152253,0.34425878524780273,-0.0006646118118752153
1139.5862854887093,0.24824902415275574,-0.0006646118118752153
1140.0518027621931,0.15458914637565613,-0.0006646118118752153
1140.5173200356771,0.009231708012521267,-0.0006646118118752153
1140.9828373091611,-0.17137406766414642,-0.0006646118118752153
1141.4483545826452,-0.3952849507331848,-0.0006646118118752153
1141.913871856129,-0.6672007441520691,-0.0006646118118752153
1142.379389129613,-0.9535515308380127,-0.0006646118118752153
1142.844906403097,-1.2348668575286865,-0.0006646118118752153
1143.310423676581,-1.4926832914352417,-0.0006646118118752153
1143.7759409500648,-1.6615396738052368,-0.0006646118118752153
1144.2414582235488,-1.6601969003677368,-0.0006646118118752153
1144.7069754970328,-1.474387764930725,-0.0006646118118752153
1145.1724927705166,-1.1338216066360474,-0.0006646118118752153
1145.6380100440006,-0.7408865690231323,-0.0006646118118752153
1146.1035273174846,-0.38756388425827026,-0.0006646118118752153
1146.5690445909686,-0.08946364372968674,-0.0006646118118752153
1147.0345618644524,0.16902418434619904,-0.0006646118118752153
1147.5000791379364,0.3523155450820923,-0.0006646118118752153
1147.9655964114204,0.45235371589660645,-0.0006646118118752153
1148.4311136849044,0.5114366412162781,-0.0006646118118752153
1148.8966309583882,0.5547417402267456,-0.0006646118118752153
1149.3621482318722,0.581261932849884,-0.0006646118118752153
1149.8276655053562,0.5879759192466736,-0.0006646118118752153
1150.2931827788402,0.5784084796905518,-0.0006646118118752153
1150.758700052324,0.5715266466140747,-0.0006646118118752153
1151.224217325808,0.616510272026062,-0.0006646118118752153
1151.689734599292,0.7081559300422668,-0.0006646118118752153
1152.1552518727758,0.7652246952056885,-0.0006646118118752153
1152.6207691462598,0.7927519679069519,-0.0006646118118752153
1153.0862864197438,0.7860379815101624,-0.0006646118118752153
1153.5518036932278,0.7450827956199646,-0.0006646118118752153
1154.0173209667116,0.7061417698860168,-0.0006646118118752153
1154.4828382401956,0.6651865243911743,-0.0006646118118752153
1154.9483555136796,0.5772335529327393,-0.0006646118118752153
1155.4138727871637,0.4409399628639221,-0.0006646118118752153
1155.8793900606474,0.32243838906288147,-0.0006646118118752153
1156.3449073341314,0.2405279576778412,-0.0006646118118752153
1156.8104246076155,0.14586098492145538,-0.0006646118118752153
1157.2759418810995,-0.0011749446857720613,-0.0006646118118752153
1157.7414591545833,-0.1921873837709427,-0.0006646118118752153
1158.2069764280673,-0.4416113495826721,-0.0006646118118752153
1158.6724937015513,-0.7185626029968262,-0.0006646118118752153
1159.138010975035,-0.998199462890625,-0.0006646118118752153
1159.603528248519,-1.2778363227844238,-0.0006646118118752153
1160.069045522003,-1.5237354040145874,-0.0006646118118752153
1160.534562795487,-1.6571755409240723,-0.0006646118118752153
1161.0000800689709,-1.627634048461914,-0.0006646118118752153
1161.4655973424549,-1.4124513864517212,-0.0006646118118752153
1161.931114615939,-1.0482184886932373,-0.0006646118118752153
1162.396631889423,-0.6571297645568848,-0.0006646118118752153
1162.8621491629067,-0.3177386224269867,-0.0006646118118752153
1163.3276664363907,-0.03608758747577667,-0.0006646118118752153
1163.7931837098747,0.18648050725460052,-0.0006646118118752153
1164.2587009833587,0.3503013551235199,-0.0006646118118752153
1164.7242182568425,0.4775310754776001,-0.0006646118118752153
1165.1897355303265,0.5718623399734497,-0.0006646118118752153
1165.6552528038105,0.5973754525184631,-0.0006646118118752153
1166.1207700772943,0.5906614661216736,-0.0006646118118752153
1166.5862873507783,0.5852903127670288,-0.0006646118118752153
1167.0518046242623,0.5775692462921143,-0.0006646118118752153
1167.5173218977463,0.582604706287384,-0.0006646118118752153
1167.9828391712301,0.6437018513679504,-0.0006646118118752153
1168.4483564447141,0.7180590629577637,-0.0006646118118752153
1168.9138737181981,0.7575036287307739,-0.0006646118118752153
1169.3793909916822,0.7873808145523071,-0.0006646118118752153
1169.844908265166,0.7833524346351624,-0.0006646118118752153
1170.31042553865,0.7477683424949646,-0.0006646118118752153
1170.775942812134,0.7158769965171814,-0.0006646118118752153
1171.241460085618,0.6663615107536316,-0.0006646118118752153
1171.7069773591018,0.5544060468673706,-0.0006646118118752153
1172.1724946325858,0.4157625734806061,-0.0006646118118752153
1172.6380119060698,0.30833905935287476,0.20194975584562208
1173.1035291795536,0.22810712456703186,-0.0006646118118752153
1173.5690464530376,0.12336919456720352,-0.0006646118118752153
1174.0345637265216,-0.024338139221072197,-0.0006646118118752153
1174.5000810000056,-0.22793926298618317,-0.0006646118118752153
1174.9655982734894,-0.48592355847358704,-0.0006646118118752153
1175.4311155469734,-0.7608606219291687,-0.0006646118118752153
1175.8966328204574,-1.0411688089370728,-0.0006646118118752153
1176.3621500939414,-1.320973515510559,-0.0006646118118752153
1176.8276673674252,-1.5621728897094727,-0.0006646118118752153
1177.2931846409092,-1.69678795337677,-0.0006646118118752153
1177.7587019143932,-1.6413977146148682,-0.0006646118118752153
1178.224219187877,-1.3573968410491943,-0.0006646118118752153
1178.689736461361,-0.9382772445678711,-0.0006646118118752153
1179.155253734845,-0.5617914199829102,-0.0006646118118752153
1179.620771008329,-0.25999847054481506,0.05815890695156517
1180.0862882818128,-0.0001678492408245802,-0.0006646118118752153
1180.5518055552968,0.21232928335666656,-0.0006646118118752153
1181.0173228287808,0.37447166442871094,-0.0006646118118752153
1181.4828401022648,0.5047226548194885,-0.0006646118118752153
1181.9483573757486,0.5745479464530945,-0.0006646118118752153
1182.4138746492326,0.582940399646759,-0.0006646118118752153
1182.8793919227166,0.581261932849884,-0.0006646118118752153
1183.3449091962007,0.583947479724884,-0.0006646118118752153
1183.8104264696844,0.5772335529327393,-0.0006646118118752153
1184.2759437431685,0.5920042991638184,-0.0006646118118752153
1184.7414610166525,0.6576333045959473,-0.0006646118118752153
1185.2069782901362,0.7172198295593262,-0.0006646118118752153
1185.6724955636203,0.7564965486526489,-0.0006646118118752153
1186.1380128371043,0.7877165079116821,-0.0006646118118752153
1186.6035301105883,0.773281455039978,-0.0006646118118752153
1187.069047384072,0.7375295758247375,-0.0006646118118752153
1187.534564657556,0.7128556966781616,-0.0006646118118752153
1188.00008193104,0.6430304646492004,-0.0006646118118752153
1188.465599204524,0.5174791812896729,-0.0006646118118752153
1188.9311164780079,0.39058518409729004,-0.0006646118118752153
1189.396633751492,0.29524680972099304,-0.0006646118118752153
1189.862151024976,0.21434347331523895,-0.0006646118118752153
1190.32766829846,0.09349202364683151,-0.0006646118118752153
1190.7931855719437,-0.09282062947750092,-0.0006646118118752153
1191.2587028454277,-0.3143816292285919,-0.0006646118118752153
1191.7242201189117,-0.5347676873207092,-0.0006646118118752153
1192.1897373923955,-0.7690852284431458,-0.0006646118118752153
1192.6552546658795,-1.062821388244629,-0.0006646118118752153
1193.1207719393635,-1.3688105344772339,-0.0006646118118752153
1193.5862892128475,-1.605478048324585,-0.0006646118118752153
1194.0518064863313,-1.7048447132110596,-0.0006646118118752153
1194.5173237598153,-1.6044708490371704,-0.0006646118118752153
1194.9828410332993,-1.2795147895812988,-0.0006646118118752153
1195.4483583067833,-0.8671091794967651,-0.0006646118118752153
1195.9138755802671,-0.5109331011772156,-0.0006646118118752153
1196.3793928537511,-0.21383993327617645,-0.0006646118118752153
1196.8449101272352,0.04414435103535652,-0.0006646118118752153
1197.3104274007192,0.251773864030838,-0.0006646118118752153
1197.775944674203,0.4145876169204712,-0.0006646118118752153
1198.241461947687,0.532585620880127,-0.0006646118118752153
1198.706979221171,0.5738765597343445,-0.0006646118118752153
1199.1724964946548,0.5758907198905945,-0.0006646118118752153
1199.6380137681388,0.5799190998077393,-0.0006646118118752153
1200.1035310416228,0.581933319568634,-0.0006646118118752153
1200.5690483151068,0.5768978595733643,-0.0006646118118752153
1201.0345655885906,0.6072785258293152,-0.0006646118118752153
1201.5000828620746,0.6685435175895691,-0.0006646118118752153
1201.9656001355586,0.721919596195221,-0.0006646118118752153
1202.4311174090426,0.7645533084869385,-0.0006646118118752153
1202.8966346825264,0.7904020547866821,-0.0006646118118752153
1203.3621519560104,0.7638819217681885,-0.0006646118118752153
1203.8276692294944,0.721583902835846,-0.0006646118118752153
1204.2931865029784,0.6672007441520691,-0.0006646118118752153
1204.7587037764622,0.5849546194076538,-0.0006646118118752153
1205.2242210499462,0.49716946482658386,-0.0006646118118752153
1205.6897383234302,0.4160982668399811,-0.0006646118118752153
1206.155255596914,0.31270313262939453,-0.0006646118118752153
1206.620772870398,0.19789426028728485,-0.0006646118118752153
1207.086290143882,0.05354390665888786,-0.0006646118118752153
1207.551807417366,-0.13713282346725464,-0.0006646118118752153
1208.0173246908498,-0.3533226549625397,-0.0006646118118752153
1208.4828419643338,-0.5696803331375122,-0.0006646118118752153
1208.9483592378178,-0.8273289203643799,-0.0006646118118752153
1209.4138765113019,-1.1358357667922974,-0.0006646118118752153
1209.8793937847856,-1.4275578260421753,-0.0006646118118752153
1210.3449110582696,-1.6383764743804932,-0.0006646118118752153
1210.8104283317537,-1.7068588733673096,-0.0006646118118752153
1211.2759456052374,-1.554451823234558,-0.0006646118118752153
1211.7414628787214,-1.2023041248321533,-0.0006646118118752153
1212.2069801522055,-0.808194100856781,-0.0006646118118752153
1212.6724974256895,-0.4634317457675934,-0.0006646118118752153
1213.1380146991733,-0.16331730782985687,-0.0006646118118752153
1213.6035319726573,0.09030289202928543,-0.0006646118118752153
1214.0690492461413,0.2871900498867035,-0.0006646118118752153
1214.5345665196253,0.45033952593803406,-0.0006646118118752153
1215.000083793109,0.5530632734298706,-0.0006646118118752153
1215.465601066593,0.581261932849884,-0.0006646118118752153
1215.931118340077,0.583611786365509,-0.0006646118118752153
1216.396635613561,0.5893186926841736,-0.0006646118118752153
1216.8621528870449,0.5879759192466736,-0.0006646118118752153
1217.327670160529,0.5779049396514893,-0.0006646118118752153
1217.793187434013,0.5920042991638184,-0.0006646118118752153
1218.2587047074967,0.65041583776474,-0.0006646118118752153
1218.7242219809807,0.737697422504425,-0.0006646118118752153
1219.1897392544647,0.8196078538894653,-0.0006646118118752153
1219.6552565279487,0.8296787738800049,-0.0006646118118752153
1220.1207738014325,0.7702601552009583,-0.0006646118118752153
1220.5862910749165,0.7168841361999512,-0.0006646118118752153
1221.0518083484005,0.6604867577552795,-0.0006646118118752153
1221.5173256218845,0.5789120197296143,-0.0006646118118752153
1221.9828428953683,0.4943160116672516,-0.0006646118118752153
1222.4483601688523,0.3952849507331848,-0.0006646118118752153
1222.9138774423363,0.2845044732093811,-0.0006646118118752153
1223.3793947158204,0.1770809441804886,-0.0006646118118752153
1223.8449119893041,0.030716411769390106,-0.0006646118118752153
1224.3104292627881,-0.16600289940834045,-0.0006646118118752153
1224.7759465362722,-0.3811856210231781,-0.0006646118118752153
1225.241463809756,-0.6017395257949829,-0.0006646118118752153
1225.70698108324,-0.8765087127685547,-0.0006646118118752153
1226.172498356724,-1.1851835250854492,-0.0006646118118752153
1226.638015630208,-1.462973952293396,-0.0006646118118752153
1227.1035329036918,-1.6534829139709473,-0.0006646118118752153
1227.5690501771758,-1.6870527267456055,-0.0006646118118752153
1228.0345674506598,-1.4899977445602417,-0.0006646118118752153
1228.5000847241438,-1.1247577667236328,-0.0006646118118752153
1228.9656019976276,-0.7393758893013,-0.0006646118118752153
1229.4311192711116,-0.40502020716667175,-0.0006646118118752153
1229.8966365445956,-0.11497672647237778,-0.0006646118118752153
1230.3621538180796,0.1279011219739914,-0.0006646118118752153
1230.8276710915634,0.30867475271224976,-0.0006646118118752153
1231.2931883650474,0.4308690130710602,-0.0006646118118752153
1231.7587056385314,0.5100938677787781,-0.0006646118118752153
1232.2242229120152,0.5738765597343445,-0.0006646118118752153
1232.6897401854992,0.6235599517822266,-0.0006646118118752153
1233.1552574589832,0.616174578666687,-0.0006646118118752153
1233.6207747324672,0.5785763263702393,-0.0006646118118752153
1234.086292005951,0.5591058135032654,-0.0006646118118752153
1234.551809279435,0.5859616994857788,-0.0006646118118752153
1235.017326552919,0.6581368446350098,-0.0006646118118752153
1235.482843826403,0.7544823288917542,-0.0006646118118752153
1235.9483610998868,0.8175936341285706,-0.0006646118118752153
1236.4138783733708,0.8041657209396362,-0.0006646118118752153
1236.8793956468548,0.7457541823387146,-0.0006646118118752153
1237.3449129203386,0.6977493166923523,-0.0006646118118752153
1237.8104301938226,0.6373235583305359,-0.0006646118118752153
1238.2759474673067,0.5591058135032654,-0.0006646118118752153
1238.7414647407907,0.4748454988002777,-0.0006646118118752153
1239.2069820142744,0.3617151081562042,-0.0006646118118752153
1239.6724992877585,0.2502632141113281,-0.0006646118118752153
1240.1380165612425,0.1414969116449356,-0.0006646118118752153
1240.6035338347265,-0.01359578873962164,-0.0006646118118752153
1241.0690511082103,-0.21367208659648895,-0.0006646118118752153
1241.5345683816943,-0.42012664675712585,-0.0006646118118752153
1242.0000856551783,-0.6554512977600098,-0.0006646118118752153
1242.4656029286623,-0.9449912309646606,-0.0006646118118752153
1242.931120202146,-1.2489662170410156,-0.0006646118118752153
1243.39663747563,-1.5138323307037354,-0.0006646118118752153
1243.862154749114,-1.684199333190918,-0.0006646118118752153
1244.3276720225979,-1.6867170333862305,-0.0006646118118752153
1244.793189296082,-1.47270929813385,-0.0006646118118752153
1245.258706569566,-1.0972304344177246,-0.0006646118118752153
1245.72422384305,-0.6806286573410034,-0.0006646118118752153
1246.1897411165337,-0.31203174591064453,-0.0006646118118752153
1246.6552583900177,-0.04078736528754234,-0.0006646118118752153
1247.1207756635017,0.1596246212720871,-0.0006646118118752153
1247.5862929369857,0.3204241991043091,-0.0006646118118752153
1248.0518102104695,0.4416113495826721,-0.0006646118118752153
1248.5173274839535,0.5255360007286072,-0.0006646118118752153
1248.9828447574375,0.5960326790809631,-0.0006646118118752153
1249.4483620309215,0.6262454986572266,-0.0006646118118752153
1249.9138793044053,0.6054322123527527,-0.0006646118118752153
1250.3793965778893,0.5745479464530945,-0.0006646118118752153
1250.8449138513733,0.5638055801391602,-0.0006646118118752153
1251.3104311248571,0.5982146859169006,-0.0006646118118752153
1251.7759483983411,0.6813000440597534,-0.0006646118118752153
1252.2414656718252,0.773281455039978,-0.0006646118118752153
1252.7069829453092,0.8135652542114258,-0.0006646118118752153
1253.172500218793,0.7867093682289124,-0.0006646118118752153
1253.638017492277,0.7341725826263428,-0.0006646118118752153
1254.103534765761,0.6900282502174377,-0.0006646118118752153
1254.569052039245,0.6275883316993713,-0.0006646118118752153
1255.0345693127288,0.5530632734298706,-0.0006646118118752153
1255.5000865862128,0.45302510261535645,-0.0006646118118752153
1255.9656038596968,0.3351949453353882,-0.0006646118118752153
1256.4311211331808,0.23247119784355164,-0.0006646118118752153
1256.8966384066646,0.12068360298871994,-0.0006646118118752153
1257.3621556801486,-0.04481574892997742,-0.0006646118118752153
1257.8276729536326,-0.2561379373073578,-0.0006646118118752153
1258.2931902271164,-0.4882734417915344,-0.0006646118118752153
1258.7587075006004,-0.73870450258255,-0.0006646118118752153
1259.2242247740844,-0.9958495497703552,-0.0006646118118752153
1259.6897420475684,-1.2570229768753052,-0.0006646118118752153
1260.1552593210522,-1.5175249576568604,-0.0006646118118752153
1260.6207765945362,-1.6887311935424805,-0.0006646118118752153
1261.0862938680202,-1.6654001474380493,-0.0006646118118752153
1261.5518111415042,-1.4161440134048462,-0.0006646118118752153
1262.017328414988,-1.018341302871704,-0.0006646118118752153
1262.482845688472,-0.5970397591590881,-0.0006646118118752153
1262.948362961956,-0.2539559006690979,-0.0006646118118752153
1263.41388023544,-0.0028534370940178633,-0.0006646118118752153
1263.8793975089238,0.19520866870880127,-0.0006646118118752153
1264.3449147824078,0.3526512682437897,-0.0006646118118752153
1264.8104320558919,0.46511024236679077,-0.0006646118118752153
1265.2759493293756,0.548363447189331,-0.0006646118118752153
1265.7414666028596,0.6101319789886475,-0.0006646118118752153
1266.2069838763437,0.6134889721870422,-0.0006646118118752153
1266.6725011498277,0.5859616994857788,-0.0006646118118752153
1267.1380184233115,0.5648127198219299,-0.0006646118118752153
1267.6035356967955,0.5664911866188049,-0.0006646118118752153
1268.0690529702795,0.6128175854682922,-0.0006646118118752153
1268.5345702437635,0.7054703831672668,-0.0006646118118752153
1269.0000875172473,0.7826809883117676,-0.0006646118118752153
1269.4656047907313,0.810208261013031,-0.0006646118118752153
1269.9311220642153,0.7793240547180176,-0.0006646118118752153
1270.396639337699,0.7256122827529907,-0.0006646118118752153
1270.862156611183,0.6719005107879639,-0.0006646118118752153
1271.327673884667,0.5943541526794434,-0.0006646118118752153
1271.793191158151,0.4943160116672516,-0.0006646118118752153
1272.258708431635,0.3929350674152374,-0.0006646118118752153
1272.724225705119,0.32210269570350647,-0.0006646118118752153
1273.189742978603,0.26436254382133484,-0.0006646118118752153
1273.655260252087,0.13444724678993225,-0.0006646118118752153
1274.1207775255707,-0.07200732082128525,-0.0006646118118752153
1274.5862947990547,-0.2986038029193878,-0.0006646118118752153
1275.0518120725387,-0.530571460723877,-0.0006646118118752153
1275.5173293460227,-0.7783169150352478,-0.0006646118118752153
1275.9828466195065,-1.0287480354309082,-0.0006646118118752153
1276.4483638929905,-1.300328016281128,-0.0006646118118752153
1276.9138811664745,-1.5606622695922852,-0.0006646118118752153
1277.3793984399583,-1.7014877796173096,-0.0006646118118752153
1277.8449157134423,-1.6303197145462036,-0.0006646118118752153
1278.3104329869263,-1.3422904014587402,-0.0006646118118752153
1278.7759502604104,-0.9277027249336243,-0.0006646118118752153
1279.2414675338941,-0.5201647877693176,-0.0006646118118752153
1279.7069848073781,-0.20863661170005798,-0.0006646118118752153
1280.1725020808622,0.030716411769390106,-0.0006646118118752153
1280.6380193543462,0.22575722634792328,-0.0006646118118752153
1281.10353662783,0.3778286278247833,-0.0006646118118752153
1281.569053901314,0.48726633191108704,-0.0006646118118752153
1282.034571174798,0.5721980333328247,-0.0006646118118752153
1282.500088448282,0.6160067319869995,-0.0006646118118752153
1282.9656057217658,0.6134889721870422,-0.0006646118118752153
1283.4311229952498,0.5930113792419434,-0.0006646118118752153
1283.8966402687338,0.5725337862968445,-0.0006646118118752153
1284.3621575422176,0.5775692462921143,-0.0006646118118752153
1284.8276748157016,0.6242313385009766,-0.0006646118118752153
1285.2931920891856,0.695231556892395,-0.0006646118118752153
1285.7587093626696,0.7596856355667114,-0.0006646118118752153
1286.2242266361534,0.8135652542114258,-0.0006646118118752153
1286.6897439096374,0.8135652542114258,-0.0006646118118752153
1287.1552611831214,0.7524681687355042,-0.0006646118118752153
1287.6207784566054,0.6698862910270691,-0.0006646118118752153
1288.0862957300892,0.5790798664093018,-0.0006646118118752153
1288.5518130035732,0.4792095720767975,-0.0006646118118752153
1289.0173302770572,0.3815213143825531,-0.0006646118118752153
1289.4828475505412,0.3204241991043091,-0.0006646118118752153
1289.948364824025,0.24405279755592346,-0.0006646118118752153
1290.413882097509,0.08979934453964233,-0.0006646118118752153
1290.879399370993,-0.11833371222019196,-0.0006646118118752153
1291.3449166444768,-0.34325170516967773,-0.0006646118118752153
1291.8104339179608,-0.5795834064483643,-0.0006646118118752153
1292.2759511914448,-0.8209506273269653,-0.0006646118118752153
1292.7414684649289,-1.073060154914856,-0.0006646118118752153
1293.2069857384126,-1.3594110012054443,-0.0006646118118752153
1293.6725030118967,-1.60715651512146,-0.0006646118118752153
1294.1380202853807,-1.7103837728500366,-0.0006646118118752153
1294.6035375588647,-1.5984283685684204,-0.0006646118118752153
1295.0690548323485,-1.2785077095031738,-0.0006646118118752153
1295.5345721058325,-0.8467994332313538,-0.0006646118118752153
1296.0000893793165,-0.4588998258113861,-0.0006646118118752153
1296.4656066528005,-0.16801708936691284,-0.0006646118118752153
1296.9311239262843,0.06730754673480988,-0.0006646118118752153
1297.3966411997683,0.25966277718544006,-0.0006646118118752153
1297.8621584732523,0.40300601720809937,-0.0006646118118752153
1298.327675746736,0.49716946482658386,-0.0006646118118752153
1298.79319302022,0.5517204403877258,-0.0006646118118752153
1299.258710293704,0.582940399646759,-0.0006646118118752153
1299.724227567188,0.6114748120307922,-0.0006646118118752153
1300.189744840672,0.6301060318946838,-0.0006646118118752153
1300.655262114156,0.6044251322746277,-0.0006646118118752153
1301.12077938764,0.5886473059654236,-0.0006646118118752153
1301.586296661124,0.6346379518508911,-0.0006646118118752153
1302.0518139346077,0.7111772298812866,-0.0006646118118752153
1302.5173312080917,0.7783169150352478,-0.0006646118118752153
1302.9828484815757,0.8269932270050049,-0.0006646118118752153
1303.4483657550595,0.8001373410224915,-0.0006646118118752153
1303.9138830285435,0.7282978296279907,-0.0006646118118752153
1304.3794003020275,0.653437077999115,-0.0006646118118752153
1304.8449175755115,0.5678339600563049,-0.0006646118118752153
1305.3104348489953,0.46712443232536316,-0.0006646118118752153
1305.7759521224793,0.3795071244239807,-0.0006646118118752153
1306.2414693959633,0.3167315125465393,-0.0006646118118752153
1306.7069866694474,0.21232928335666656,-0.0006646118118752153
1307.1725039429311,0.043472953140735626,-0.0006646118118752153
1307.6380212164152,-0.1604638695716858,-0.0006646118118752153
1308.1035384898992,-0.3821927309036255,-0.0006646118118752153
1308.5690557633832,-0.618860125541687,-0.0006646118118752153
1309.034573036867,-0.8588845729827881,-0.0006646118118752153
1309.500090310351,-1.1302968263626099,-0.0006646118118752153
1309.965607583835,-1.4205081462860107,-0.0006646118118752153
1310.4311248573188,-1.6424047946929932,-0.0006646118118752153
1310.8966421308028,-1.7075303792953491,-0.0006646118118752153
1311.3621594042868,-1.554787516593933,-0.0006646118118752153
1311.8276766777708,-1.2106965780258179,-0.0006646118118752153
1312.2931939512546,-0.802655041217804,-0.0006646118118752153
1312.7587112247386,-0.43590447306632996,-0.0006646118118752153
1313.2242284982226,-0.11833371222019196,-0.0006646118118752153
1313.6897457717066,0.14787517488002777,-0.0006646118118752153
1314.1552630451904,0.3190813958644867,-0.0006646118118752153
1314.6207803186744,0.42214083671569824,-0.0006646118118752153
1315.0862975921584,0.49733731150627136,-0.0006646118118752153
1315.5518148656424,0.5497062802314758,-0.0006646118118752153
1316.0173321391262,0.583611786365509,-0.0006646118118752153
1316.4828494126102,0.618524432182312,-0.0006646118118752153
1316.9483666860942,0.618860125541687,-0.0006646118118752153
1317.413883959578,0.582269012928009,-0.0006646118118752153
1317.879401233062,0.582269012928009,-0.0006646118118752153
1318.344918506546,0.6413519382476807,-0.0006646118118752153
1318.81043578003,0.7175555229187012,-0.0006646118118752153
1319.2759530535138,0.7900663614273071,-0.0006646118118752153
1319.7414703269978,0.8296787738800049,-0.0006646118118752153
1320.2069876004819,0.7806668281555176,-0.0006646118118752153
1320.6725048739659,0.7101701498031616,-0.0006646118118752153
1321.1380221474496,0.6410162448883057,-0.0006646118118752153
1321.6035394209337,0.5535668134689331,-0.0006646118118752153
1322.0690566944177,0.45235371589660645,-0.0006646118118752153
1322.5345739679017,0.37514305114746094,-0.0006646118118752153
1323.0000912413855,0.2989394962787628,-0.0006646118118752153
1323.4656085148695,0.18312352895736694,-0.0006646118118752153
1323.9311257883535,0.01258869282901287,-0.0006646118118752153
1324.3966430618373,-0.20024414360523224,-0.0006646118118752153
1324.8621603353213,-0.4278477132320404,-0.0006646118118752153
1325.3276776088053,-0.6685435175895691,-0.0006646118118752153
1325.7931948822893,-0.9334096312522888,-0.0006646118118752153
1326.258712155773,-1.2123750448226929,-0.0006646118118752153
1326.724229429257,-1.4597848653793335,-0.0006646118118752153
1327.189746702741,-1.6209200620651245,-0.0006646118118752153
1327.6552639762251,-1.6581826210021973,-0.0006646118118752153
1328.120781249709,-1.4923475980758667,-0.0006646118118752153
1328.586298523193,-1.137850046157837,-0.0006646118118752153
1329.051815796677,-0.7303120493888855,-0.0006646118118752153
1329.5173330701607,-0.37145036458969116,-0.0006646118118752153
1329.9828503436447,-0.05723658949136734,-0.0006646118118752153
1330.4483676171287,0.18614481389522552,-0.0006646118118752153
1330.9138848906127,0.3362020254135132,-0.0006646118118752153
1331.3794021640965,0.43472954630851746,-0.0006646118118752153
1331.8449194375805,0.5097581148147583,-0.0006646118118752153
1332.3104367110645,0.5611200332641602,-0.0006646118118752153
1332.7759539845486,0.6020752191543579,-0.0006646118118752153
1333.2414712580323,0.6309453248977661,-0.0006646118118752153
1333.7069885315163,0.6094605922698975,-0.0006646118118752153
1334.1725058050004,0.5745479464530945,-0.0006646118118752153
1334.6380230784844,0.5904936194419861,-0.0006646118118752153
1335.1035403519681,0.6591439843177795,-0.0006646118118752153
1335.5690576254522,0.736354649066925,-0.0006646118118752153
1336.0345748989362,0.8149080872535706,-0.0006646118118752153
1336.50009217242,0.8310216069221497,-0.0006646118118752153
1336.965609445904,0.7675745487213135,-0.0006646118118752153
1337.431126719388,0.7007705569267273,-0.0006646118118752153
1337.896643992872,0.6275883316993713,-0.0006646118118752153
1338.3621612663558,0.5339284539222717,-0.0006646118118752153
1338.8276785398398,0.4260013699531555,-0.0006646118118752153
1339.2931958133238,0.32478827238082886,-0.0006646118118752153
1339.7587130868078,0.24220645427703857,-0.0006646118118752153
1340.2242303602916,0.1586175262928009,-0.0006646118118752153
1340.6897476337756,0.02047760784626007,-0.0006646118118752153
1341.1552649072596,-0.20158693194389343,-0.0006646118118752153
1341.6207821807436,-0.4567177891731262,-0.0006646118118752153
1342.0862994542274,-0.7125200033187866,-0.0006646118118752153
1342.5518167277114,-0.9807431101799011,-0.0006646118118752153
1343.0173340011954,-1.2587014436721802,-0.0006646118118752153
1343.4828512746792,-1.4906691312789917,-0.0006646118118752153
1343.9483685481632,-1.6440832614898682,-0.0006646118118752153
1344.4138858216472,-1.6554970741271973,-0.0006646118118752153
1344.8794030951312,-1.4463568925857544,-0.0006646118118752153
1345.344920368615,-1.067689061164856,-0.0006646118118752153
1345.810437642099,-0.6672007441520691,-0.0006646118118752153
1346.275954915583,-0.31337451934814453,-0.0006646118118752153
1346.741472189067,-0.009735256433486938,-0.0006646118118752153
1347.2069894625508,0.20125123858451843,-0.0006646118118752153
1347.6725067360348,0.33955901861190796,-0.0006646118118752153
1348.1380240095189,0.4442969262599945,-0.0006646118118752153
1348.6035412830029,0.5208361744880676,-0.0006646118118752153
1349.0690585564867,0.5691767930984497,-0.0006646118118752153
1349.5345758299707,0.6121461987495422,-0.0006646118118752153
1350.0000931034547,0.6249027252197266,-0.0006646118118752153
1350.4656103769385,0.5940184593200684,-0.0006646118118752153
1350.9311276504225,0.5698481798171997,-0.0006646118118752153
1351.3966449239065,0.5980468392372131,-0.0006646118118752153
1351.8621621973905,0.6672007441520691,-0.0006646118118752153
1352.3276794708743,0.738368809223175,-0.0006646118118752153
1352.7931967443583,0.7917448878288269,-0.0006646118118752153
1353.2587140178423,0.7893949747085571,-0.0006646118118752153
1353.7242312913263,0.7618677020072937,-0.0006646118118752153
1354.18974856481,0.7366903424263,-0.0006646118118752153
1354.655265838294,0.6529335379600525,-0.0006646118118752153
1355.120783111778,0.5282215476036072,-0.0006646118118752153
1355.5863003852621,0.4103913903236389,-0.0006646118118752153
1356.051817658746,0.3153887093067169,-0.0006646118118752153
1356.51733493223,0.2385137677192688,-0.0006646118118752153
1356.982852205714,0.15223926305770874,-0.0006646118118752153
1357.4483694791977,-0.01426718570291996,-0.0006646118118752153
1357.9138867526817,-0.2569772005081177,-0.0006646118118752153
1358.3794040261657,-0.5117723345756531,-0.0006646118118752153
1358.8449212996497,-0.7625390887260437,-0.0006646118118752153
1359.3104385731335,-1.0314335823059082,-0.0006646118118752153
1359.7759558466175,-1.298649549484253,-0.0006646118118752153
1360.2414731201015,-1.5178606510162354,-0.0006646118118752153
1360.7069903935856,-1.6633859872817993,-0.0006646118118752153
1361.1725076670693,-1.6390478610992432,-0.0006646118118752153
1361.6380249405534,-1.385595440864563,-0.0006646118118752153
1362.1035422140374,-0.9891355633735657,-0.0006646118118752153
1362.5690594875211,-0.5925078392028809,-0.0006646118118752153
1363.0345767610052,-0.24086366593837738,-0.0006646118118752153
1363.5000940344892,0.04078736528754234,-0.0006646118118752153
1363.9656113079732,0.23314259946346283,-0.0006646118118752153
1364.431128581457,0.3682612478733063,-0.0006646118118752153
1364.896645854941,0.46712443232536316,-0.0006646118118752153
1365.362163128425,0.5314106941223145,-0.0006646118118752153
1365.827680401909,0.5674982666969299,-0.0006646118118752153
1366.2931976753928,0.5866330862045288,-0.0006646118118752153
1366.7587149488768,0.5906614661216736,-0.0006646118118752153
1367.2242322223608,0.5933470726013184,-0.0006646118118752153
1367.6897494958448,0.6141603589057922,-0.0006646118118752153
1368.1552667693286,0.6423590183258057,-0.0006646118118752153
1368.6207840428126,0.688014030456543,-0.0006646118118752153
1369.0863013162966,0.7484397888183594,-0.0006646118118752153
1369.5518185897804,0.7967803478240967,-0.0006646118118752153
1370.0173358632644,0.7914091944694519,-0.0006646118118752153
1370.4828531367484,0.7702601552009583,-0.0006646118118752153
1370.9483704102324,0.721919596195221,-0.0006646118118752153
1371.4138876837162,0.616845965385437,-0.0006646118118752153
1371.8794049572002,0.49733731150627136,-0.0006646118118752153
1372.3449222306842,0.39125657081604004,-0.0006646118118752153
1372.8104395041682,0.30598917603492737,-0.0006646118118752153
1373.275956777652,0.23482108116149902,-0.0006646118118752153
1373.741474051136,0.13075456023216248,-0.0006646118118752153
1374.20699132462,-0.06478980928659439,-0.0006646118118752153
1374.672508598104,-0.31102463603019714,-0.0006646118118752153
1375.1380258715878,-0.5567559599876404,-0.0006646118118752153
1375.6035431450719,-0.807858407497406,-0.0006646118118752153
1376.0690604185559,-1.0791027545928955,-0.0006646118118752153
1376.5345776920396,-1.3362478017807007,-0.0006646118118752153
1377.0000949655237,-1.555794596672058,-0.0006646118118752153
1377.4656122390077,-1.6831921339035034,-0.0006646118118752153
1377.9311295124917,-1.6138705015182495,-0.0006646118118752153
1378.3966467859755,-1.3208056688308716,-0.0006646118118752153
1378.8621640594595,-0.9159532785415649,-0.0006646118118752153
1379.3276813329435,-0.5332570672035217,-0.0006646118118752153
1379.7931986064275,-0.21535058319568634,-0.0006646118118752153
1380.2587158799113,0.04246585816144943,-0.0006646118118752153
1380.7242331533953,0.2583199739456177,-0.0006646118118752153
1381.1897504268793,0.4281834065914154,-0.0006646118118752153
1381.6552677003633,0.5131151080131531,-0.0006646118118752153
1382.120784973847,0.5436636805534363,-0.0006646118118752153
1382.586302247331,0.5658197999000549,-0.0006646118118752153
1383.0518195208151,0.5852903127670288,-0.0006646118118752153
1383.517336794299,0.5920042991638184,-0.0006646118118752153
1383.982854067783,0.6037537455558777,-0.0006646118118752153
1384.448371341267,0.616174578666687,-0.0006646118118752153
1384.913888614751,0.6396734714508057,-0.0006646118118752153
1385.3794058882347,0.6920424103736877,-0.0006646118118752153
1385.8449231617187,0.7544823288917542,-0.0006646118118752153
1386.3104404352027,0.7952697277069092,-0.0006646118118752153
1386.7759577086867,0.7836881279945374,-0.0006646118118752153
1387.2414749821705,0.7591820955276489,-0.0006646118118752153
1387.7069922556545,0.6913710236549377,-0.0006646118118752153
1388.1725095291386,0.583611786365509,-0.0006646118118752153
1388.6380268026226,0.4724956154823303,-0.0006646118118752153
1389.1035440761063,0.37111467123031616,-0.0006646118118752153
1389.5690613495904,0.2888685464859009,-0.0006646118118752153
1390.0345786230744,0.22676432132720947,-0.0006646118118752153
1390.5000958965582,0.10457007586956024,-0.0006646118118752153
1390.9656131700422,-0.1119554415345192,-0.0006646118118752153
1391.4311304435262,-0.3610437214374542,-0.0006646118118752153
1391.8966477170102,-0.6064392924308777,-0.0006646118118752153
1392.362164990494,-0.8622415661811829,-0.0006646118118752153
1392.827682263978,-1.138857126235962,-0.0006646118118752153
1393.293199537462,-1.4122835397720337,-0.0006646118118752153
1393.758716810946,-1.623605728149414,-0.0006646118118752153
1394.2242340844298,-1.6860456466674805,-0.0006646118118752153
1394.6897513579138,-1.5343098640441895,-0.0006646118118752153
1395.1552686313978,-1.218921184539795,-0.0006646118118752153
1395.6207859048816,-0.8397497534751892,-0.0006646118118752153
1396.0863031783656,-0.4805523753166199,-0.0006646118118752153
1396.5518204518496,-0.16818493604660034,-0.0006646118118752153
1397.0173377253336,0.09114214032888412,-0.0006646118118752153
1397.4828549988174,0.30783551931381226,-0.0006646118118752153
1397.9483722723014,0.44966810941696167,-0.0006646118118752153
1398.4138895457854,0.5121080279350281,-0.0006646118118752153
1398.8794068192694,0.5446707606315613,-0.0006646118118752153
1399.3449240927532,0.5725337862968445,-0.0006646118118752153
1399.8104413662372,0.5898222327232361,-0.0006646118118752153
1400.2759586397212,0.5993896126747131,-0.0006646118118752153
1400.7414759132052,0.60929274559021,-0.0006646118118752153
1401.206993186689,0.6121461987495422,-0.0006646118118752153
1401.672510460173,0.6423590183258057,-0.0006646118118752153
1402.138027733657,0.7054703831672668,-0.0006646118118752153
1402.6035450071408,0.7699244618415833,-0.0006646118118752153
1403.0690622806248,0.800640881061554,-0.0006646118118752153
1403.5345795541089,0.7907377481460571,-0.0006646118118752153
1404.0000968275929,0.7541466355323792,-0.0006646118118752153
1404.4656141010767,0.6712291240692139,-0.0006646118118752153
1404.9311313745607,0.5634698867797852,-0.0006646118118752153
1405.3966486480447,0.45352864265441895,-0.0006646118118752153
1405.8621659215287,0.3508049249649048,-0.0006646118118752153
1406.3276831950125,0.2650339603424072,-0.0006646118118752153
1406.7932004684965,0.1750667542219162,-0.0006646118118752153
1407.2587177419805,0.031387809664011,-0.0006646118118752153
1407.7242350154645,-0.15324635803699493,-0.0006646118118752153
1408.1897522889483,-0.35735103487968445,-0.0006646118118752153
1408.6552695624323,-0.6153353452682495,-0.0006646118118752153
1409.1207868359163,-0.9075608253479004,-0.0006646118118752153
1409.5863041094,-1.1972686052322388,-0.0006646118118752153
1410.051821382884,-1.4570993185043335,-0.0006646118118752153
1410.517338656368,-1.6427404880523682,-0.0006646118118752153
1410.9828559298521,-1.6645609140396118,-0.0006646118118752153
1411.448373203336,-1.4856336116790771,-0.0006646118118752153
1411.91389047682,-1.1524529457092285,-0.0006646118118752153
1412.379407750304,-0.7655603885650635,-0.0006646118118752153
1412.844925023788,-0.4097200036048889,-0.0006646118118752153
1413.3104422972717,-0.10893415659666061,-0.0006646118118752153
1413.7759595707557,0.14552529156208038,-0.0006646118118752153
1414.2414768442397,0.3462729752063751,-0.0006646118118752153
1414.7069941177238,0.4575570225715637,-0.0006646118118752153
1415.1725113912075,0.5097581148147583,-0.0006646118118752153
1415.6380286646915,0.547020673751831,-0.0006646118118752153
1416.1035459381756,0.5779049396514893,-0.0006646118118752153
1416.5690632116593,0.5951933860778809,-0.0006646118118752153
1417.0345804851434,0.6119783520698547,-0.0006646118118752153
1417.5000977586274,0.6097962856292725,-0.0006646118118752153
1417.9656150321114,0.6094605922698975,-0.0006646118118752153
1418.4311323055952,0.65242999792099,-0.0006646118118752153
1418.8966495790792,0.7173876762390137,-0.0006646118118752153
1419.3621668525632,0.774624228477478,-0.0006646118118752153
1419.8276841260472,0.7880522012710571,-0.0006646118118752153
1420.293201399531,0.7464255690574646,-0.0006646118118752153
1420.758718673015,0.7024490833282471,-0.0006646118118752153
1421.224235946499,0.6578011512756348,-0.0006646118118752153
1421.6897532199828,0.5886473059654236,-0.0006646118118752153
1422.1552704934668,0.46712443232536316,-0.0006646118118752153
1422.6207877669508,0.33871975541114807,-0.0006646118118752153
1423.0863050404348,0.24556343257427216,-0.0006646118118752153
1423.5518223139186,0.15089647471904755,-0.0006646118118752153
1424.0173395874026,0.0018463416490703821,-0.0006646118118752153
1424.4828568608866,-0.18010222911834717,-0.0006646118118752153
1424.9483741343706,-0.40367743372917175,-0.0006646118118752153
1425.4138914078544,-0.6752575039863586,-0.0006646118118752153
1425.8794086813384,-0.9622796773910522,-0.0006646118118752153
1426.3449259548224,-1.243930697441101,-0.0006646118118752153
1426.8104432283064,-1.4957045316696167,-0.0006646118118752153
1427.2759605017902,-1.6551613807678223,-0.0006646118118752153
1427.7414777752742,-1.6430761814117432,-0.0006646118118752153
1428.2069950487582,-1.445517659187317,-0.0006646118118752153
1428.672512322242,-1.0972304344177246,-0.0006646118118752153
1429.138029595726,-0.7047989368438721,-0.0006646118118752153
1429.60354686921,-0.35500115156173706,-0.0006646118118752153
1430.069064142694,-0.0629434660077095,-0.0006646118118752153
1430.5345814161778,0.1895017921924591,-0.0006646118118752153
1431.0000986896619,0.37312886118888855,-0.0006646118118752153
1431.4656159631459,0.47165635228157043,-0.0006646118118752153
1431.9311332366299,0.5253680944442749,-0.0006646118118752153
1432.3966505101137,0.5631341934204102,-0.0006646118118752153
1432.8621677835977,0.5879759192466736,-0.0006646118118752153
1433.3276850570817,0.5925078392028809,-0.0006646118118752153
1433.7932023305657,0.5799190998077393,-0.0006646118118752153
1434.2587196040495,0.5738765597343445,-0.0006646118118752153
1434.7242368775335,0.6222171187400818,-0.0006646118118752153
1435.1897541510175,0.7106736898422241,-0.0006646118118752153
1435.6552714245013,0.7632104754447937,-0.0006646118118752153
1436.1207886979853,0.7873808145523071,-0.0006646118118752153
1436.5863059714693,0.7799954414367676,-0.0006646118118752153
1437.0518232449533,0.7430685758590698,-0.0006646118118752153
1437.517340518437,0.7046310901641846,-0.0006646118118752153
1437.982857791921,0.6584725975990295,-0.0006646118118752153
1438.4483750654051,0.5658197999000549,-0.0006646118118752153
1438.9138923388891,0.4322117865085602,-0.0006646118118752153
1439.379409612373,0.3172350525856018,-0.0006646118118752153
1439.844926885857,0.23314259946346283,-0.0006646118118752153
1440.310444159341,0.13109025359153748,-0.0006646118118752153
1440.775961432825,-0.021652551367878914,-0.0006646118118752153
1441.2414787063087,-0.21266499161720276,-0.0006646118118752153
1441.7069959797927,-0.4575570225715637,-0.0006646118118752153
1442.1725132532767,-0.7323262095451355,-0.0006646118118752153
1442.6380305267605,-1.0128023624420166,-0.0006646118118752153
1443.1035478002445,-1.2912641763687134,-0.0006646118118752153
1443.5690650737286,-1.5349812507629395,-0.0006646118118752153
1444.0345823472126,-1.6642252206802368,-0.0006646118118752153
1444.5000996206963,-1.624612808227539,-0.0006646118118752153
1444.9656168941804,-1.3975127935409546,-0.0006646118118752153
1445.4311341676644,-1.0287480354309082,-0.0006646118118752153
1445.8966514411484,-0.6393377780914307,-0.0006646118118752153
1446.3621687146322,-0.3016250729560852,-0.0006646118118752153
1446.8276859881162,-0.02366674318909645,-0.0006646118118752153
1447.2932032616002,0.19571220874786377,-0.0006646118118752153
1447.7587205350842,0.35617607831954956,-0.0006646118118752153
1448.224237808568,0.4788738787174225,-0.0006646118118752153
1448.689755082052,0.5678339600563049,-0.0006646118118752153
1449.155272355536,0.5933470726013184,-0.0006646118118752153
1449.6207896290198,0.5883116126060486,-0.0006646118118752153
1450.0863069025038,0.5844510793685913,-0.0006646118118752153
1450.5518241759878,0.5772335529327393,-0.0006646118118752153
1451.0173414494718,0.582604706287384,-0.0006646118118752153
1451.4828587229556,0.6437018513679504,-0.0006646118118752153
1451.9483759964396,0.7188982963562012,-0.0006646118118752153
1452.4138932699236,0.7598535418510437,-0.0006646118118752153
1452.8794105434076,0.7873808145523071,-0.0006646118118752153
1453.3449278168914,0.7769741415977478,-0.0006646118118752153
1453.8104450903754,0.7393758893013,-0.0006646118118752153
1454.2759623638594,0.7047989368438721,-0.0006646118118752153
1454.7414796373432,0.6497443914413452,-0.0006646118118752153
1455.2069969108272,0.5369496941566467,-0.0006646118118752153
1455.6725141843112,0.40300601720809937,-0.0006646118118752153
1456.1380314577953,0.2999466061592102,-0.0006646118118752153
1456.603548731279,0.21870756149291992,-0.0006646118118752153
1457.069066004763,0.10826276242733002,-0.0006646118118752153
1457.534583278247,-0.0471656359732151,-0.0006646118118752153
1458.000100551731,-0.2546272873878479,-0.0006646118118752153
1458.4656178252148,-0.5077439546585083,-0.0006646118118752153
1458.9311350986989,-0.7776455283164978,-0.0006646118118752153
1459.3966523721829,-1.0584572553634644,-0.0006646118118752153
1459.8621696456669,-1.3375905752182007,-0.0006646118118752153
1460.3276869191507,-1.5742580890655518,-0.0006646118118752153
1460.7932041926347,-1.6994736194610596,-0.0006646118118752153
1461.2587214661187,-1.6330052614212036,-0.0006646118118752153
1461.7242387396025,-1.3370870351791382,-0.0006646118118752153
1462.1897560130865,-0.9132677316665649,-0.0006646118118752153
1462.6552732865705,-0.5392996072769165,-0.0006646118118752153
1463.1207905600545,-0.24522773921489716,-0.0006646118118752153
1463.5863078335383,0.009231708012521267,-0.0006646118118752153
1464.0518251070223,0.2213931530714035,-0.0006646118118752153
1464.5173423805063,0.3808499276638031,-0.0006646118118752153
1464.9828596539903,0.5060654878616333,-0.0006646118118752153
1465.448376927474,0.5738765597343445,-0.0006646118118752153
1465.913894200958,0.580926239490509,-0.0006646118118752153
1466.3794114744421,0.5758907198905945,-0.0006646118118752153
1466.8449287479261,0.5748836398124695,-0.0006646118118752153
1467.31044602141,0.5664911866188049,-0.0006646118118752153
1467.775963294894,0.5846189260482788,-0.0006646118118752153
1468.241480568378,0.6536049246788025,-0.0006646118118752153
1468.7069978418617,0.7135271430015564,-0.0006646118118752153
1469.1725151153457,0.7524681687355042,-0.0006646118118752153
1469.6380323888297,0.7799954414367676,-0.0006646118118752153
1470.1035496623138,0.7625390887260437,-0.0006646118118752153
1470.5690669357975,0.7256122827529907,-0.0006646118118752153
1471.0345842092815,0.6980850100517273,-0.0006646118118752153
1471.5001014827656,0.6279240250587463,-0.0006646118118752153
1471.9656187562496,0.5050583481788635,-0.0006646118118752153
1472.4311360297334,0.3771572411060333,-0.0006646118118752153
1472.8966533032174,0.27779048681259155,-0.0006646118118752153
1473.3621705767014,0.19386588037014008,-0.0006646118118752153
1473.8276878501854,0.06965743750333786,-0.0006646118118752153
1474.2932051236692,-0.11514458060264587,-0.0006646118118752153
1474.7587223971532,-0.3358663320541382,-0.0006646118118752153
1475.2242396706372,-0.5591058135032654,-0.0006646118118752153
1475.689756944121,-0.7932555079460144,-0.0006646118118752153
1476.155274217605,-1.0859845876693726,-0.0006646118118752153
1476.620791491089,-1.3913023471832275,-0.0006646118118752153
1477.086308764573,-1.6209200620651245,-0.0006646118118752153
1477.5518260380568,-1.7095445394515991,-0.0006646118118752153
1478.0173433115408,-1.5915465354919434,-0.0006646118118752153
1478.4828605850248,-1.2533302307128906,-0.0006646118118752153
1478.9483778585088,-0.8404211401939392,-0.0006646118118752153
1479.4138951319926,-0.4909590184688568,-0.0006646118118752153
1479.8794124054766,-0.19890135526657104,-0.0006646118118752153
1480.3449296789606,0.05690089240670204,-0.0006646118118752153
1480.8104469524444,0.26033416390419006,-0.0006646118118752153
1481.2759642259284,0.4164339601993561,-0.0006646118118752153
1481.7414814994124,0.532921314239502,-0.0006646118118752153
1482.2069987728964,0.5779049396514893,-0.0006646118118752153
1482.6725160463802,0.582604706287384,-0.0006646118118752153
1483.1380333198642,0.5859616994857788,-0.0006646118118752153
1483.6035505933482,0.5866330862045288,-0.0006646118118752153
1484.0690678668323,0.581597626209259,-0.0006646118118752153
1484.534585140316,0.6141603589057922,-0.0006646118118752153
1485.0001024138,0.6784466505050659,-0.0006646118118752153
1485.465619687284,0.7316548228263855,-0.0006646118118752153
1485.931136960768,0.774288535118103,-0.0006646118118752153
1486.3966542342519,0.7961089611053467,-0.0006646118118752153
1486.8621715077359,0.7652246952056885,-0.0006646118118752153
1487.3276887812199,0.7194018363952637,-0.0006646118118752153
1487.7932060547037,0.6645151376724243,-0.0006646118118752153
1488.2587233281877,0.582604706287384,-0.0006646118118752153
1488.7242406016717,0.4906233251094818,-0.0006646118118752153
1489.1897578751557,0.40669870376586914,-0.0006646118118752153
1489.6552751486395,0.30582132935523987,-0.0006646118118752153
1490.1207924221235,0.1921873837709427,-0.0006646118118752153
1490.5863096956075,0.045487143099308014,-0.0006646118118752153
1491.0518269690915,-0.14720378816127777,-0.0006646118118752153
1491.5173442425753,-0.3640649914741516,-0.0006646118118752153
1491.9828615160593,-0.5795834064483643,-0.0006646118118752153
1492.4483787895433,-0.8357213735580444,-0.0006646118118752153
1492.9138960630273,-1.143221139907837,-0.0006646118118752153
1493.379413336511,-1.4349431991577148,-0.0006646118118752153
1493.8449306099951,-1.6410620212554932,-0.0006646118118752153
1494.3104478834791,-1.6994736194610596,-0.0006646118118752153
1494.775965156963,-1.535988450050354,-0.0006646118118752153
1495.241482430447,-1.1707484722137451,-0.0006646118118752153
1495.706999703931,-0.772610068321228,-0.0006646118118752153
1496.172516977415,-0.43540093302726746,-0.0006646118118752153
1496.6380342508987,-0.1445181965827942,-0.0006646118118752153
1497.1035515243827,0.10440222918987274,-0.0006646118118752153
1497.5690687978667,0.2979324162006378,-0.0006646118118752153
1498.0345860713508,0.45436790585517883,-0.0006646118118752153
1498.5001033448345,0.5500419735908508,-0.0006646118118752153
1498.9656206183186,0.5782406330108643,-0.0006646118118752153
1499.4311378918026,0.582604706287384,-0.0006646118118752153
1499.8966551652866,0.5852903127670288,-0.0006646118118752153
1500.3621724387704,0.582940399646759,-0.0006646118118752153
1500.8276897122544,0.5745479464530945,-0.0006646118118752153
1501.2932069857384,0.5913328528404236,-0.0006646118118752153
1501.7587242592222,0.6490730047225952,-0.0006646118118752153
1502.2242415327062,0.7356832027435303,-0.0006646118118752153
1502.6897588061902,0.8169222474098206,-0.0006646118118752153
1503.1552760796742,0.8202792406082153,-0.0006646118118752153
1503.620793353158,0.7578393220901489,-0.0006646118118752153
1504.086310626642,0.7058060765266418,-0.0006646118118752153
1504.551827900126,0.6490730047225952,-0.0006646118118752153
1505.01734517361,0.5658197999000549,-0.0006646118118752153
1505.4828624470938,0.48323795199394226,-0.0006646118118752153
1505.9483797205778,0.38638895750045776,-0.0006646118118752153
1506.4138969940618,0.2727550268173218,-0.0006646118118752153
1506.8794142675458,0.1572747379541397,-0.0006646118118752153
1507.3449315410296,0.008560311049222946,-0.0006646118118752153
1507.8104488145136,-0.18614481389522552,-0.0006646118118752153
1508.2759660879976,-0.3986419439315796,-0.0006646118118752153
1508.7414833614814,-0.6218814253807068,-0.0006646118118752153
1509.2070006349654,-0.9020218253135681,-0.0006646118118752153
1509.6725179084494,-1.2108644247055054,-0.0006646118118752153
1510.1380351819334,-1.4822766780853271,-0.0006646118118752153
1510.6035524554172,-1.6638895273208618,-0.0006646118118752153
1511.0690697289012,-1.6870527267456055,-0.0006646118118752153
1511.5345870023853,-1.4755626916885376,-0.0006646118118752153
1512.0001042758693,-1.1009231805801392,-0.0006646118118752153
1512.465621549353,-0.7178912162780762,-0.0006646118118752153
1512.931138822837,-0.38689249753952026,-0.0006646118118752153
1513.396656096321,-0.10087739676237106,-0.0006646118118752153
1513.8621733698049,0.13813991844654083,-0.0006646118118752153
1514.3276906432889,0.3190813958644867,-0.0006646118118752153
1514.7932079167729,0.4419470429420471,-0.0006646118118752153
1515.2587251902569,0.5194934010505676,-0.0006646118118752153
1515.7242424637407,0.580926239490509,-0.0006646118118752153
1516.1897597372247,0.6289311051368713,-0.0006646118118752153
1516.6552770107087,0.6202029585838318,-0.0006646118118752153
1517.1207942841927,0.583276093006134,-0.0006646118118752153
1517.5863115576765,0.5644770264625549,-0.0006646118118752153
1518.0518288311605,0.5953612327575684,-0.0006646118118752153
1518.5173461046445,0.6692149043083191,-0.0006646118118752153
1518.9828633781285,0.7625390887260437,-0.0006646118118752153
1519.4483806516123,0.8216220140457153,-0.0006646118118752153
1519.9138979250963,0.8014801144599915,-0.0006646118118752153
1520.3794151985803,0.7423971891403198,-0.0006646118118752153
1520.844932472064,0.6953994035720825,-0.0006646118118752153
1521.310449745548,0.6306095719337463,-0.0006646118118752153
1521.7759670190321,0.548699140548706,-0.0006646118118752153
1522.2414842925161,0.4624246656894684,-0.0006646118118752153
1522.707001566,0.35634392499923706,-0.0006646118118752153
1523.172518839484,0.2522774040699005,-0.0006646118118752153
1523.638036112968,0.143175408244133,-0.0006646118118752153
1524.103553386452,-0.016281375661492348,-0.0006646118118752153
1524.5690706599357,-0.2203860580921173,-0.0006646118118752153
1525.0345879334197,-0.4271763265132904,-0.0006646118118752153
1525.5001052069038,-0.6648508310317993,-0.0006646118118752153
1525.9656224803878,-0.9575799107551575,-0.0006646118118752153
1526.4311397538715,-1.2603799104690552,-0.0006646118118752153
1526.8966570273556,-1.52155339717865,-0.0006646118118752153
1527.3621743008396,-1.682017207145691,-0.0006646118118752153
1527.8276915743234,-1.6706035137176514,-0.0006646118118752153
1528.2932088478074,-1.4450141191482544,-0.0006646118118752153
1528.7587261212914,-1.0606393814086914,-0.0006646118118752153
1529.2242433947754,-0.6421911716461182,-0.0006646118118752153
1529.6897606682592,-0.27980467677116394,-0.0006646118118752153
1530.1552779417432,-0.01762416958808899,-0.0006646118118752153
1530.6207952152272,0.17943084239959717,-0.0006646118118752153
1531.0863124887112,0.33955901861190796,-0.0006646118118752153
1531.551829762195,0.4583962857723236,-0.0006646118118752153
1532.017347035679,0.5362783074378967,-0.0006646118118752153
1532.482864309163,0.6014038324356079,-0.0006646118118752153
1532.948381582647,0.6296024918556213,-0.0006646118118752153
1533.4138988561308,0.6077821254730225,-0.0006646118118752153
1533.8794161296148,0.5755550265312195,-0.0006646118118752153
1534.3449334030988,0.5678339600563049,-0.0006646118118752153
1534.8104506765826,0.6061035990715027,-0.0006646118118752153
1535.2759679500666,0.6906996369361877,-0.0006646118118752153
1535.7414852235506,0.7813382148742676,-0.0006646118118752153
1536.2070024970346,0.8182650208473206,-0.0006646118118752153
1536.6725197705184,0.7853665947914124,-0.0006646118118752153
1537.1380370440024,0.7313191294670105,-0.0006646118118752153
1537.6035543174864,0.6839856505393982,-0.0006646118118752153
1538.0690715909705,0.616174578666687,-0.0006646118118752153
1538.5345888644542,0.5409780740737915,-0.0006646118118752153
1539.0001061379382,0.4422827363014221,-0.0006646118118752153
1539.4656234114223,0.329823762178421,-0.0006646118118752153
1539.9311406849063,0.23280689120292664,-0.0006646118118752153
1540.39665795839,0.11917296051979065,-0.0006646118118752153
1540.862175231874,-0.05387960746884346,-0.0006646118118752153
1541.327692505358,-0.268726646900177,-0.0006646118118752153
1541.7932097788419,-0.5017013549804688,-0.0006646118118752153
1542.2587270523259,-0.7509574890136719,-0.0006646118118752153
1542.7242443258099,-1.0092774629592896,-0.0006646118118752153
1543.189761599294,-1.2677652835845947,-0.0006646118118752153
1543.6552788727777,-1.524574637413025,-0.0006646118118752153
1544.1207961462617,-1.689906120300293,-0.0006646118118752153
1544.5863134197457,-1.6531472206115723,-0.0006646118118752153
1545.0518306932297,-1.3902952671051025,-0.0006646118118752153
1545.5173479667135,-0.9887998700141907,-0.0006646118118752153
1545.9828652401975,-0.5695124864578247,-0.0006646118118752153
1546.4483825136815,-0.23146410286426544,-0.0006646118118752153
1546.9138997871653,0.012924391776323318,-0.0006646118118752153
1547.3794170606493,0.20393683016300201,-0.0006646118118752153
1547.8449343341333,0.35835811495780945,-0.0006646118118752153
1548.3104516076173,0.46913862228393555,-0.0006646118118752153
1548.775968881101,0.548027753829956,-0.0006646118118752153
1549.2414861545851,0.6072785258293152,-0.0006646118118752153
1549.7070034280691,0.6128175854682922,-0.0006646118118752153
1550.1725207015531,0.5873044729232788,-0.0006646118118752153
1550.638037975037,0.5671625733375549,-0.0006646118118752153
1551.103555248521,0.5718623399734497,-0.0006646118118752153
1551.569072522005,0.6222171187400818,-0.0006646118118752153
1552.034589795489,0.7168841361999512,-0.0006646118118752153
1552.5001070689727,0.7904020547866821,-0.0006646118118752153
1552.9656243424567,0.8115510940551758,-0.0006646118118752153
1553.4311416159408,0.7773098349571228,-0.0006646118118752153
1553.8966588894245,0.7279621362686157,-0.0006646118118752153
1554.3621761629086,0.6766002774238586,-0.0006646118118752153
1554.8276934363926,0.5953612327575684,-0.0006646118118752153
1555.2932107098766,0.4909590184688568,-0.0006646118118752153
1555.7587279833604,0.38789960741996765,-0.0006646118118752153
1556.2242452568444,0.3207598924636841,-0.0006646118118752153
1556.6897625303284,0.26335546374320984,-0.0006646118118752153
1557.1552798038124,0.1284046620130539,-0.0006646118118752153
1557.6207970772962,-0.08140688389539719,-0.0006646118118752153
1558.0863143507802,-0.31169605255126953,-0.0006646118118752153
1558.5518316242642,-0.5446707606315613,-0.0006646118118752153
1559.0173488977482,-0.7927519679069519,-0.0006646118118752153
1559.482866171232,-1.0472114086151123,-0.0006646118118752153
1559.948383444716,-1.3201342821121216,-0.0006646118118752153
1560.4139007182,-1.5752651691436768,-0.0006646118118752153
1560.8794179916838,-1.7065231800079346,-0.0006646118118752153
1561.3449352651678,-1.624612808227539,-0.0006646118118752153
1561.8104525386518,-1.3241626024246216,-0.0006646118118752153
1562.2759698121358,-0.9025253653526306,-0.0006646118118752153
1562.7414870856196,-0.495658814907074,-0.0006646118118752153
1563.2070043591036,-0.1908445805311203,-0.0006646118118752153
1563.6725216325876,0.04078736528754234,-0.0006646118118752153
1564.1380389060716,0.23146410286426544,-0.0006646118118752153
1564.6035561795554,0.3816891610622406,-0.0006646118118752153
1565.0690734530394,0.48726633191108704,-0.0006646118118752153
1565.5345907265234,0.5710231065750122,-0.0006646118118752153
1566.0001080000075,0.6128175854682922,-0.0006646118118752153
1566.4656252734912,0.6067749857902527,-0.0006646118118752153
1566.9311425469753,0.5876401662826538,-0.0006646118118752153
1567.3966598204593,0.5696803331375122,-0.0006646118118752153
1567.862177093943,0.574044406414032,-0.0006646118118752153
1568.327694367427,0.6249027252197266,-0.0006646118118752153
1568.793211640911,0.6987563967704773,-0.0006646118118752153
1569.258728914395,0.7638819217681885,-0.0006646118118752153
1569.7242461878789,0.8142366409301758,-0.0006646118118752153
1570.1897634613629,0.8135652542114258,-0.0006646118118752153
1570.6552807348469,0.7544823288917542,-0.0006646118118752153
1571.120798008331,0.6658579111099243,-0.0006646118118752153
1571.5863152818147,0.5681696534156799,-0.0006646118118752153
1572.0518325552987,0.46779584884643555,-0.0006646118118752153
1572.5173498287827,0.37447166442871094,-0.0006646118118752153
1572.9828671022665,0.3145494759082794,-0.0006646118118752153
1573.4483843757505,0.2375066727399826,-0.0006646118118752153
1573.9139016492345,0.08241397887468338,-0.0006646118118752153
1574.3794189227185,-0.1257190853357315,-0.0006646118118752153
1574.8449361962023,-0.3506370782852173,-0.0006646118118752153
1575.3104534696863,-0.5856260061264038,-0.0006646118118752153
1575.7759707431703,-0.8315251469612122,-0.0006646118118752153
1576.2414880166543,-1.0901808738708496,-0.0006646118118752153
1576.707005290138,-1.3765316009521484,-0.0006646118118752153
1577.1725225636221,-1.6175631284713745,-0.0006646118118752153
1577.6380398371061,-1.7075303792953491,-0.0006646118118752153
1578.1035571105901,-1.5789577960968018,-0.0006646118118752153
1578.569074384074,-1.2466163635253906,-0.0006646118118752153
1579.034591657558,-0.8162508606910706,-0.0006646118118752153
1579.500108931042,-0.43691158294677734,-0.0006646118118752153
1579.9656262045257,-0.15056076645851135,-0.0006646118118752153
1580.4311434780097,0.0788891464471817,-0.0006646118118752153
1580.8966607514938,0.26301977038383484,-0.0006646118118752153
1581.3621780249778,0.400320440530777,-0.0006646118118752153
1581.8276952984615,0.4931410551071167,-0.0006646118118752153
1582.2932125719456,0.547692060470581,-0.0006646118118752153
1582.7587298454296,0.5777370929718018,-0.0006646118118752153
1583.2242471189136,0.6050965189933777,-0.0006646118118752153
1583.6897643923974,0.6252384185791016,-0.0006646118118752153
1584.1552816658814,0.5977111458778381,-0.0006646118118752153
1584.6207989393654,0.5837796330451965,-0.0006646118118752153
1585.0863162128494,0.6336308717727661,-0.0006646118118752153
1585.5518334863332,0.7118486166000366,-0.0006646118118752153
1586.0173507598172,0.7793240547180176,-0.0006646118118752153
1586.4828680333012,0.8269932270050049,-0.0006646118118752153
1586.948385306785,0.7994659543037415,-0.0006646118118752153
1587.413902580269,0.723598062992096,-0.0006646118118752153
1587.879419853753,0.6381627917289734,-0.0006646118118752153
1588.344937127237,0.5443350672721863,-0.0006646118118752153
1588.8104544007208,0.4422827363014221,-0.0006646118118752153
1589.2759716742048,0.3637292981147766,-0.0006646118118752153
1589.7414889476888,0.30934613943099976,-0.0006646118118752153
1590.2070062211728,0.20863661170005798,-0.0006646118118752153
1590.6725234946566,0.038773175328969955,-0.0006646118118752153
1591.1380407681406,-0.16935987770557404,-0.0006646118118752153
1591.6035580416246,-0.3917601406574249,-0.0006646118118752153
1592.0690753151086,-0.6269168853759766,-0.0006646118118752153
1592.5345925885924,-0.8669413328170776,-0.0006646118118752153
1593.0001098620764,-1.138857126235962,-0.0006646118118752153
1593.4656271355605,-1.4285649061203003,-0.0006646118118752153
1593.9311444090442,-1.6457618474960327,-0.0006646118118752153
1594.3966616825282,-1.698466420173645,-0.0006646118118752153
1594.8621789560123,-1.5309529304504395,-0.0006646118118752153
1595.3276962294963,-1.1791409254074097,-0.0006646118118752153
1595.79321350298,-0.7724422216415405,-0.0006646118118752153
1596.258730776464,-0.4130769670009613,-0.0006646118118752153
1596.724248049948,-0.10121309012174606,-0.0006646118118752153
1597.189765323432,0.16096742451190948,-0.0006646118118752153
1597.6552825969159,0.32881665229797363,-0.0006646118118752153
1598.1207998703999,0.4288548231124878,-0.0006646118118752153
1598.586317143884,0.5027084946632385,-0.0006646118118752153
1599.051834417368,0.5544060468673706,-0.0006646118118752153
1599.5173516908517,0.5893186926841736,-0.0006646118118752153
1599.9828689643357,0.6242313385009766,-0.0006646118118752153
1600.4483862378197,0.6242313385009766,-0.0006646118118752153
1600.9139035113035,0.5873044729232788,-0.0006646118118752153
1601.3794207847875,0.5862973928451538,-0.0006646118118752153
1601.8449380582715,0.6468909978866577,-0.0006646118118752153
1602.3104553317555,0.723598062992096,-0.0006646118118752153
1602.7759726052393,0.7979552745819092,-0.0006646118118752153
1603.2414898787233,0.8355535268783569,-0.0006646118118752153
1603.7070071522073,0.7850309014320374,-0.0006646118118752153
1604.1725244256913,0.7064774632453918,-0.0006646118118752153
1604.6380416991751,0.6262454986572266,-0.0006646118118752153
1605.1035589726591,0.5345998406410217,-0.0006646118118752153
1605.5690762461431,0.43624016642570496,-0.0006646118118752153
1606.034593519627,0.3664149045944214,-0.0006646118118752153
1606.500110793111,0.2979324162006378,-0.0006646118118752153
1606.965628066595,0.18043793737888336,-0.0006646118118752153
1607.431145340079,0.00587472366169095,-0.0006646118118752153
1607.8966626135627,-0.2049439251422882,-0.0006646118118752153
1608.3621798870468,-0.43389028310775757,-0.0006646118118752153
1608.8276971605308,-0.6796215772628784,-0.0006646118118752153
1609.2932144340148,-0.9468375444412231,-0.0006646118118752153
1609.7587317074986,-1.229159951210022,-0.0006646118118752153
1610.2242489809826,-1.4745556116104126,-0.0006646118118752153
1610.6897662544666,-1.626962661743164,-0.0006646118118752153
1611.1552835279506,-1.6531472206115723,-0.0006646118118752153
1611.6208008014344,-1.4769054651260376,-0.0006646118118752153
1612.0863180749184,-1.1153582334518433,-0.0006646118118752153
1612.5518353484024,-0.7091630697250366,-0.0006646118118752153
1613.0173526218862,-0.3526512682437897,-0.0006646118118752153
1613.4828698953702,-0.039108872413635254,-0.0006646118118752153
1613.9483871688542,0.19588007032871246,-0.0006646118118752153
1614.4139044423382,0.33922332525253296,-0.0006646118118752153
1614.879421715822,0.43791866302490234,-0.0006646118118752153
1615.344938989306,0.5146257877349854,-0.0006646118118752153
1615.81045626279,0.5631341934204102,-0.0006646118118752153
1616.275973536274,0.5997253656387329,-0.0006646118118752153
1616.7414908097578,0.6269168853759766,-0.0006646118118752153
1617.2070080832418,0.6014038324356079,-0.0006646118118752153
1617.6725253567258,0.5638055801391602,-0.0006646118118752153
1618.1380426302098,0.5866330862045288,-0.0006646118118752153
1618.6035599036936,0.6598153710365295,-0.0006646118118752153
1619.0690771771776,0.736354649066925,-0.0006646118118752153
1619.5345944506616,0.8122224807739258,-0.0006646118118752153
1620.0001117241454,0.8248111605644226,-0.0006646118118752153
1620.4656289976294,0.7618677020072937,-0.0006646118118752153
1620.9311462711134,0.688685417175293,-0.0006646118118752153
1621.3966635445975,0.6087892055511475,-0.0006646118118752153
1621.8621808180812,0.5147936344146729,-0.0006646118118752153
1622.3276980915653,0.4130769670009613,-0.0006646118118752153
1622.7932153650493,0.32344549894332886,-0.0006646118118752153
1623.2587326385333,0.24556343257427216,-0.0006646118118752153
1623.724249912017,0.1569390445947647,-0.0006646118118752153
1624.189767185501,0.01258869282901287,-0.0006646118118752153
1624.655284458985,-0.21434347331523895,-0.0006646118118752153
1625.120801732469,-0.4721599221229553,-0.0006646118118752153
1625.5863190059529,-0.7299763560295105,-0.0006646118118752153
1626.0518362794369,-0.9998779296875,-0.0006646118118752153
1626.517353552921,-1.2751506567001343,-0.0006646118118752153
1626.9828708264047,-1.5014114379882812,-0.0006646118118752153
1627.4483880998887,-1.6471046209335327,-0.0006646118118752153
1627.9139053733727,-1.6460975408554077,-0.0006646118118752153
1628.3794226468567,-1.4228579998016357,-0.0006646118118752153
1628.8449399203405,-1.0361334085464478,-0.0006646118118752153
1629.3104571938245,-0.6339665651321411,0.005871316681616279
1629.7759744673085,-0.28215456008911133,-0.0006646118118752153
1630.2414917407925,0.01930266246199608,-0.0006646118118752153
1630.7070090142763,0.2240787297487259,-0.0006646118118752153
1631.1725262877603,0.35567253828048706,-0.0006646118118752153
1631.6380435612443,0.4563820958137512,-0.0006646118118752153
1632.1035608347283,0.5275501608848572,-0.0006646118118752153
1632.5690781082121,0.5711909532546997,-0.0006646118118752153
1633.0345953816961,0.6144960522651672,-0.0006646118118752153
1633.5001126551801,0.6314488649368286,-0.0006646118118752153
1633.965629928664,0.6017395257949829,-0.0006646118118752153
1634.431147202148,0.5732051730155945,-0.0006646118118752153
1634.896664475632,0.6020752191543579,-0.0006646118118752153
1635.362181749116,0.6752575039863586,-0.0006646118118752153
1635.8276990225997,0.7454184889793396,-0.0006646118118752153
1636.2932162960838,0.7927519679069519,-0.0006646118118752153
1636.7587335695678,0.7831845283508301,-0.0006646118118752153
1637.2242508430518,0.7544823288917542,-0.0006646118118752153
1637.6897681165356,0.723598062992096,-0.0006646118118752153
1638.1552853900196,0.6296024918556213,-0.0006646118118752153
1638.6208026635036,0.49935150146484375,-0.0006646118118752153
1639.0863199369874,0.3848783075809479,-0.0006646118118752153
1639.5518372104714,0.3026321828365326,-0.0006646118118752153
1640.0173544839554,0.23414969444274902,-0.0006646118118752153
1640.4828717574394,0.1448538899421692,-0.0006646118118752153
1640.9483890309232,-0.02870221994817257,-0.0006646118118752153
1641.4139063044072,-0.2727550268173218,-0.0006646118118752153
1641.8794235778912,-0.5268787741661072,-0.0006646118118752153
1642.3449408513752,-0.7816739082336426,-0.0006646118118752153
1642.810458124859,-1.0529183149337769,-0.0006646118118752153
1643.275975398343,-1.3167773485183716,-0.0006646118118752153
1643.741492671827,-1.5316243171691895,-0.0006646118118752153
1644.207009945311,-1.6692607402801514,-0.0006646118118752153
1644.6725272187948,-1.6296483278274536,-0.0006646118118752153
1645.1380444922788,-1.3617608547210693,-0.0006646118118752153
1645.6035617657628,-0.9609369039535522,-0.0006646118118752153
1646.0690790392466,-0.5654841065406799,-0.0006646118118752153
1646.5345963127306,-0.21652552485466003,-0.0006646118118752153
1647.0001135862146,0.060929276049137115,-0.0006646118118752153
1647.4656308596986,0.24824902415275574,-0.0006646118118752153
1647.9311481331824,0.3785000443458557,-0.0006646118118752153
1648.3966654066664,0.47048142552375793,-0.0006646118118752153
1648.8621826801505,0.531578540802002,-0.0006646118118752153
1649.3276999536345,0.5674982666969299,-0.0006646118118752153
1649.7932172271182,0.5846189260482788,-0.0006646118118752153
1650.2587345006023,0.5866330862045288,-0.0006646118118752153
1650.7242517740863,0.5920042991638184,-0.0006646118118752153
1651.1897690475703,0.6195315718650818,-0.0006646118118752153
1651.655286321054,0.65108722448349,-0.0006646118118752153
1652.120803594538,0.6974136233329773,-0.0006646118118752153
1652.586320868022,0.7511253356933594,-0.0006646118118752153
1653.0518381415059,0.7907377481460571,-0.0006646118118752153
1653.5173554149899,0.7793240547180176,-0.0006646118118752153
1653.982872688474,0.7611963152885437,-0.0006646118118752153
1654.448389961958,0.7128556966781616,-0.0006646118118752153
1654.9139072354417,0.6020752191543579,-0.0006646118118752153
1655.3794245089257,0.4778667986392975,-0.0006646118118752153
1655.8449417824097,0.37514305114746094,-0.0006646118118752153
1656.3104590558937,0.29658961296081543,-0.0006646118118752153
1656.7759763293775,0.23045700788497925,-0.0006646118118752153
1657.2414936028615,0.1263904720544815,-0.0006646118118752153
1657.7070108763455,-0.07402151823043823,-0.0006646118118752153
1658.1725281498295,-0.32344549894332886,-0.0006646118118752153
1658.6380454233133,-0.5721980333328247,-0.0006646118118752153
1659.1035626967973,-0.8273289203643799,-0.0006646118118752153
1659.5690799702813,-1.0982376337051392,-0.0006646118118752153
1660.0345972437651,-1.3508507013320923,-0.0006646118118752153
1660.5001145172491,-1.5638513565063477,-0.0006646118118752153
1660.9656317907331,-1.6815136671066284,-0.0006646118118752153
1661.4311490642172,-1.5969176292419434,-0.0006646118118752153
1661.896666337701,-1.294956922531128,-0.0006646118118752153
1662.362183611185,-0.8897688388824463,-0.0006646118118752153
1662.827700884669,-0.5107652544975281,-0.0006646118118752153
1663.293218158153,-0.19621576368808746,-0.0006646118118752153
1663.7587354316368,0.05891508236527443,-0.0006646118118752153
1664.2242527051208,0.2710765302181244,-0.0006646118118752153
1664.6897699786048,0.43808650970458984,-0.0006646118118752153
1665.1552872520886,0.5198290944099426,-0.0006646118118752153
1665.6208045255726,0.547692060470581,-0.0006646118118752153
1666.0863217990566,0.5698481798171997,-0.0006646118118752153
1666.5518390725406,0.5886473059654236,-0.0006646118118752153
1667.0173563460244,0.5926756858825684,-0.0006646118118752153
1667.4828736195084,0.6027466058731079,-0.0006646118118752153
1667.9483908929924,0.617517352104187,-0.0006646118118752153
1668.4139081664764,0.6416876316070557,-0.0006646118118752153
1668.8794254399602,0.6940566301345825,-0.0006646118118752153
1669.3449427134442,0.7570000886917114,-0.0006646118118752153
1669.8104599869282,0.7914091944694519,-0.0006646118118752153
1670.2759772604122,0.7789883017539978,-0.0006646118118752153
1670.741494533896,0.7588464021682739,-0.0006646118118752153
1671.20701180738,0.688014030456543,-0.0006646118118752153
1671.672529080864,0.5715266466140747,-0.0006646118118752153
1672.1380463543478,0.45369648933410645,-0.0006646118118752153
1672.6035636278318,0.35533684492111206,-0.0006646118118752153
1673.0690809013158,0.28014037013053894,-0.0006646118118752153
1673.5345981747998,0.21803615987300873,-0.0006646118118752153
1674.0001154482836,0.09047073870897293,-0.0006646118118752153
1674.4656327217676,-0.1263904720544815,-0.0006646118118752153
1674.9311499952516,-0.37346455454826355,-0.0006646118118752153
1675.3966672687357,-0.6222171187400818,-0.0006646118118752153
1675.8621845422194,-0.8823834657669067,-0.0006646118118752153
1676.3277018157034,-1.1584954261779785,-0.0006646118118752153
1676.7932190891875,-1.4285649061203003,-0.0006646118118752153
1677.2587363626715,-1.6353551149368286,-0.0006646118118752153
1677.7242536361553,-1.6847028732299805,0.029836474396160828
1678.1897709096393,-1.5141680240631104,-0.0006646118118752153
1678.6552881831233,-1.1885404586791992,-0.0006646118118752153
1679.120805456607,-0.808529794216156,-0.0006646118118752153
1679.586322730091,-0.45067521929740906,-0.0006646118118752153
1680.051840003575,-0.1448538899421692,-0.0006646118118752153
1680.517357277059,0.110612653195858,-0.0006646118118752153
1680.9828745505429,0.32646676898002625,-0.0006646118118752153
1681.4483918240269,0.46511024236679077,-0.0006646118118752153
1681.913909097511,0.5201647877693176,-0.0006646118118752153
1682.379426370995,0.548363447189331,-0.0006646118118752153
1682.8449436444787,0.575722873210907,-0.0006646118118752153
1683.3104609179627,0.5926756858825684,-0.0006646118118752153
1683.7759781914467,0.6020752191543579,-0.0006646118118752153
1684.2414954649307,0.6101319789886475,-0.0006646118118752153
1684.7070127384145,0.6141603589057922,-0.0006646118118752153
1685.1725300118985,0.6480659246444702,-0.0006646118118752153
1685.6380472853825,0.7108415365219116,-0.0006646118118752153
1686.1035645588663,0.773952841758728,-0.0006646118118752153
1686.5690818323503,0.800640881061554,-0.0006646118118752153
1687.0345991058343,0.7890592813491821,-0.0006646118118752153
1687.5001163793183,0.7531395554542542,-0.0006646118118752153
1687.9656336528021,0.6692149043083191,-0.0006646118118752153
1688.4311509262861,0.5564202070236206,-0.0006646118118752153
1688.8966681997701,0.4442969262599945,-0.0006646118118752153
1689.3621854732542,0.3449302017688751,-0.0006646118118752153
1689.827702746738,0.2729228734970093,-0.0006646118118752153
1690.293220020222,0.19453726708889008,-0.0006646118118752153
1690.758737293706,0.0481727309525013,-0.0006646118118752153
1691.22425456719,-0.1425040066242218,-0.0006646118118752153
1691.6897718406738,-0.3543297350406647,-0.0006646118118752153
1692.1552891141578,-0.6287632584571838,-0.0006646118118752153
1692.6208063876418,-0.9347524046897888,-0.0006646118118752153
1693.0863236611256,-1.226810097694397,-0.0006646118118752153
1693.5518409346096,-1.4863049983978271,-0.0006646118118752153
1694.0173582080936,-1.6640573740005493,-0.0006646118118752153
1694.4828754815776,-1.6695964336395264,-0.0006646118118752153
1694.9483927550614,-1.4787517786026,-0.0006646118118752153
1695.4139100285454,-1.1445640325546265,-0.0006646118118752153
1695.8794273020294,-0.7588464021682739,-0.0006646118118752153
1696.3449445755134,-0.40518805384635925,-0.0006646118118752153
1696.8104618489972,-0.10691996663808823,-0.0006646118118752153
1697.2759791224812,0.1441825032234192,-0.0006646118118752153
1697.7414963959652,0.3459372818470001,-0.0006646118118752153
1698.207013669449,0.4587319791316986,-0.0006646118118752153
1698.672530942933,0.5126115679740906,-0.0006646118118752153
1699.138048216417,0.5500419735908508,-0.0006646118118752153
1699.603565489901,0.5772335529327393,-0.0006646118118752153
1700.0690827633848,0.5906614661216736,-0.0006646118118752153
1700.5346000368688,0.6057679057121277,-0.0006646118118752153
1701.0001173103528,0.6064392924308777,-0.0006646118118752153
1701.4656345838368,0.6134889721870422,-0.0006646118118752153
1701.9311518573206,0.6604867577552795,-0.0006646118118752153
1702.3966691308046,0.7256122827529907,-0.0006646118118752153
1702.8621864042887,0.7799954414367676,-0.0006646118118752153
1703.3277036777727,0.7872129678726196,-0.0006646118118752153
1703.7932209512564,0.7464255690574646,-0.0006646118118752153
1704.2587382247405,0.6994277834892273,-0.0006646118118752153
1704.7242554982245,0.6470588445663452,-0.0006646118118752153
1705.1897727717082,0.5745479464530945,-0.0006646118118752153
1705.6552900451923,0.45369648933410645,-0.0006646118118752153
1706.1208073186763,0.3311665654182434,-0.0006646118118752153
1706.5863245921603,0.24287785589694977,-0.0006646118118752153
1707.051841865644,0.14602884650230408,-0.0006646118118752153
1707.517359139128,-0.009063859470188618,-0.0006646118118752153
1707.982876412612,-0.19369801878929138,-0.0006646118118752153
1708.448393686096,-0.42180514335632324,-0.0006646118118752153
1708.9139109595799,-0.7007705569267273,-0.0006646118118752153
1709.379428233064,-0.9911497831344604,-0.0006646118118752153
1709.844945506548,-1.2704509496688843,-0.0006646118118752153
1710.310462780032,-1.5181963443756104,-0.0006646118118752153
1710.7759800535157,-1.6662393808364868,-0.0006646118118752153
1711.2414973269997,-1.6363621950149536,-0.0006646118118752153
1711.7070146004837,-1.4235293865203857,-0.0006646118118752153
1712.1725318739675,-1.067689061164856,-0.0006646118118752153
1712.6380491474515,-0.6742504239082336,-0.0006646118118752153
1713.1035664209355,-0.32613107562065125,-0.0006646118118752153
1713.5690836944195,-0.03659113496541977,-0.0006646118118752153
1714.0346009679033,0.21333637833595276,-0.0006646118118752153
1714.5001182413873,0.39125657081604004,-0.0006646118118752153
1714.9656355148713,0.48390936851501465,-0.0006646118118752153
1715.4311527883553,0.5356069207191467,-0.0006646118118752153
1715.8966700618391,0.5698481798171997,-0.0006646118118752153
1716.3621873353231,0.5926756858825684,-0.0006646118118752153
1716.8277046088072,0.5987182259559631,-0.0006646118118752153
1717.2932218822912,0.5876401662826538,-0.0006646118118752153
1717.758739155775,0.581933319568634,-0.0006646118118752153
1718.224256429259,0.6322880983352661,-0.0006646118118752153
1718.689773702743,0.7249408960342407,-0.0006646118118752153
1719.1552909762268,0.7773098349571228,-0.0006646118118752153
1719.6208082497108,0.7981231212615967,-0.0006646118118752153
1720.0863255231948,0.7850309014320374,-0.0006646118118752153
1720.5518427966788,0.7460898756980896,-0.0006646118118752153
1721.0173600701626,0.7081559300422668,-0.0006646118118752153
1721.4828773436466,0.6621652841567993,-0.0006646118118752153
1721.9483946171306,0.5708552598953247,-0.0006646118118752153
1722.4139118906146,0.43288320302963257,-0.0006646118118752153
1722.8794291640984,0.31270313262939453,-0.0006646118118752153
1723.3449464375824,0.22944991290569305,-0.0006646118118752153
1723.8104637110664,0.1260547786951065,-0.0006646118118752153
1724.2759809845504,-0.02987716533243656,-0.0006646118118752153
1724.7414982580342,-0.2205539047718048,-0.0006646118118752153
1725.2070155315182,-0.46746012568473816,-0.0006646118118752153
1725.6725328050022,-0.7469291090965271,-0.0006646118118752153
1726.138050078486,-1.0290837287902832,-0.0006646118118752153
1726.60356735197,-1.3073776960372925,-0.0006646118118752153
1727.069084625454,-1.5460593700408936,-0.0006646118118752153
1727.534601898938,-1.6628824472427368,-0.0006646118118752153
1728.0001191724218,-1.608163595199585,-0.0006646118118752153
1728.4656364459058,-1.3711605072021484,-0.0006646118118752153
1728.9311537193898,-0.9998779296875,-0.0006646118118752153
1729.3966709928739,-0.6151674389839172,-0.0006646118118752153
1729.8621882663576,-0.2831616699695587,-0.0006646118118752153
1730.3277055398416,-0.009567406959831715,-0.0006646118118752153
1730.7932228133257,0.2052796185016632,-0.0006646118118752153
1731.2587400868094,0.365072101354599,-0.0006646118118752153
1731.7242573602934,0.48659494519233704,-0.0006646118118752153
1732.1897746337775,0.5732051730155945,-0.0006646118118752153
1732.6552919072615,0.5967040657997131,-0.0006646118118752153
1733.1208091807453,0.5884794592857361,-0.0006646118118752153
1733.5863264542293,0.580590546131134,-0.0006646118118752153
1734.0518437277133,0.5708552598953247,-0.0006646118118752153
1734.5173610011973,0.5758907198905945,-0.0006646118118752153
1734.982878274681,0.6426947712898254,-0.0006646118118752153
1735.448395548165,0.723598062992096,-0.0006646118118752153
1735.913912821649,0.7665674686431885,-0.0006646118118752153
1736.379430095133,0.7893949747085571,-0.0006646118118752153
1736.8449473686169,0.7705958485603333,-0.0006646118118752153
1737.310464642101,0.7296406626701355,-0.0006646118118752153
1737.775981915585,0.6930494904518127,-0.0006646118118752153
1738.2414991890687,0.6413519382476807,-0.0006646118118752153
1738.7070164625527,0.530907154083252,-0.0006646118118752153
1739.1725337360367,0.3972991406917572,-0.0006646118118752153
1739.6380510095207,0.29575034976005554,-0.0006646118118752153
1740.1035682830045,0.21535058319568634,-0.0006646118118752153
1740.5690855564885,0.10188449174165726,-0.0006646118118752153
1741.0346028299725,-0.05387960746884346,-0.0006646118118752153
1741.5001201034565,-0.26134127378463745,-0.0006646118118752153
1741.9656373769403,-0.5205004811286926,-0.0006646118118752153
1742.4311546504243,-0.7994659543037415,0.049444324805442086
1742.8966719239083,-1.084473967552185,-0.0006646118118752153
1743.3621891973924,-1.3614251613616943,-0.0006646118118752153
1743.8277064708761,-1.5902037620544434,-0.0006646118118752153
1744.2932237443601,-1.7028305530548096,-0.0006646118118752153
1744.7587410178442,-1.6189059019088745,-0.0006646118118752153
1745.224258291328,-1.310399055480957,-0.0006646118118752153
1745.689775564812,-0.8857404589653015,-0.0006646118118752153
1746.155292838296,-0.5191577076911926,-0.0006646118118752153
1746.62081011178,-0.22911421954631805,-0.0006646118118752153
1747.0863273852638,0.0240024421364069,-0.0006646118118752153
1747.5518446587478,0.23280689120292664,-0.0006646118118752153
1748.0173619322318,0.38857099413871765,-0.0006646118118752153
1748.4828792057158,0.5087510347366333,-0.0006646118118752153
1748.9483964791996,0.573037326335907,-0.0006646118118752153
1749.4139137526836,0.581261932849884,-0.0006646118118752153
1749.8794310261676,0.5797512531280518,-0.0006646118118752153
1750.3449482996516,0.5785763263702393,-0.0006646118118752153
1750.8104655731354,0.5705195665359497,-0.0006646118118752153
1751.2759828466194,0.5913328528404236,-0.0006646118118752153
1751.7415001201034,0.6651865243911743,-0.0006646118118752153
1752.2070173935872,0.7249408960342407,-0.0006646118118752153
1752.6725346670712,0.7598535418510437,-0.0006646118118752153
1753.1380519405552,0.7826809883117676,-0.0006646118118752153
1753.6035692140392,0.7605249285697937,-0.0006646118118752153
1754.069086487523,0.724269449710846,-0.0006646118118752153
1754.534603761007,0.6960707902908325,-0.0006646118118752153
1755.000121034491,0.0,-0.0006646118118752153
1755.465638307975,0.0,-0.0006646118118752153
1755.9311555814588,0.0,-0.0006646118118752153
1756.3966728549428,0.0,-0.0006646118118752153
1756.8621901284268,0.0,-0.0006646118118752153
1757.3277074019106,0.0,-0.0006646118118752153
1757.7932246753946,0.0,0.11262515087414576
1758.2587419488787,0.0,-0.0006646118118752153
1758.7242592223627,0.0,-0.0006646118118752153
1759.1897764958464,0.0,-0.0006646118118752153
1759.6552937693305,0.0,-0.0006646118118752153
1760.1208110428145,0.0,-0.0006646118118752153
1760.5863283162985,0.0,-0.0006646118118752153
1761.0518455897823,0.0,-0.0006646118118752153
1761.5173628632663,0.0,-0.0006646118118752153
1761.9828801367503,0.0,-0.0006646118118752153
1762.4483974102343,0.0,-0.0006646118118752153
1762.913914683718,0.0,-0.0006646118118752153
1763.379431957202,0.0,-0.0006646118118752153
1763.844949230686,0.0,-0.0006646118118752153
1764.3104665041699,0.0,-0.0006646118118752153
1764.775983777654,-0.5188220143318176,-0.0006646118118752153
1765.241501051138,-0.5147936344146729,-0.0006646118118752153
1765.707018324622,-0.5126115679740906,-0.0006646118118752153
1766.1725355981057,-0.5090867280960083,-0.0006646118118752153
1766.6380528715897,-0.5050583481788635,-0.0006646118118752153
1767.1035701450737,-0.5018692016601562,-0.0006646118118752153
1767.5690874185577,-0.49918365478515625,-0.0006646118118752153
1768.0346046920415,-0.496665894985199,-0.0006646118118752153
1768.5001219655255,-0.4931410551071167,-0.0006646118118752153
1768.9656392390095,-0.4899519383907318,-0.0006646118118752153
1769.4311565124935,-0.4876020550727844,-0.0006646118118752153
1769.8966737859773,-0.48575571179389954,-0.0006646118118752153
1770.3621910594613,-0.48491644859313965,-0.0006646118118752153
1770.8277083329453,-0.48323795199394226,-0.0006646118118752153
1771.2932256064291,-0.4810559153556824,-0.0006646118118752153
1771.7587428799131,-0.4795452952384949,-0.0006646118118752153
1772.2242601533972,-0.4782024919986725,-0.0006646118118752153
1772.6897774268812,-0.4770275354385376,-0.0006646118118752153
1773.155294700365,-0.4761883020401001,-0.0006646118118752153
1773.620811973849,-0.4735026955604553,-0.0006646118118752153
1774.086329247333,-0.47148850560188293,-0.0006646118118752153
1774.551846520817,-0.46913862228393555,-0.0006646118118752153
1775.0173637943008,-0.46746012568473816,-0.0006646118118752153
1775.4828810677848,-0.46544593572616577,-0.0006646118118752153
1775.9483983412688,-0.4620889723300934,-0.0006646118118752153
1776.4139156147528,-0.4580605924129486,-0.0006646118118752153
1776.8794328882366,-0.45537498593330383,-0.0006646118118752153
1777.3449501617206,-0.45302510261535645,-0.0006646118118752153
1777.8104674352046,-0.45134660601615906,-0.0006646118118752153
1778.2759847086884,-0.44866102933883667,-0.0006646118118752153
1778.7415019821724,-0.4453040361404419,-0.0006646118118752153
1779.2070192556564,-0.4429541528224945,-0.0006646118118752153
1779.6725365291404,-0.4412756562232971,-0.0006646118118752153
1780.1380538026242,-0.4407721161842346,-0.0006646118118752153
1780.6035710761082,-0.43993285298347473,-0.0006646118118752153
1781.0690883495922,-0.43825435638427734,-0.0006646118118752153
1781.5346056230762,-0.43724727630615234,-0.0006646118118752153
1782.00012289656,-0.43674373626708984,-0.0006646118118752153
1782.465640170044,-0.43674373626708984,-0.0006646118118752153
1782.931157443528,-0.43624016642570496,-0.0006646118118752153
1783.396674717012,-0.43489739298820496,-0.0006646118118752153
1783.8621919904958,-0.43389028310775757,-0.0006646118118752153
1784.3277092639798,-0.43288320302963257,-0.0006646118118752153
1784.7932265374639,-0.4315403997898102,-0.0006646118118752153
1785.2587438109476,-0.4305332899093628,-0.0006646118118752153
1785.7242610844316,-0.4278477132320404,-0.0006646118118752153
1786.1897783579157,-0.425162136554718,-0.0006646118118752153
1786.6552956313997,-0.42281222343444824,-0.0006646118118752153
1787.1208129048835,-0.42130160331726074,-0.0006646118118752153
1787.5863301783675,-0.42012664675712585,-0.0006646118118752153
1788.0518474518515,-0.41794461011886597,-0.0006646118118752153
1788.5173647253355,-0.4152590334415436,-0.0006646118118752153
1788.9828819988193,-0.4137483835220337,-0.0006646118118752153
1789.4483992723033,-0.4124055802822113,-0.0006646118118752153
1789.9139165457873,-0.4117341935634613,-0.0006646118118752153
1790.379433819271,-0.4112306535243988,-0.0006646118118752153
1790.844951092755,-0.4103913903236389,-0.0006646118118752153
1791.310468366239,-0.4100556969642639,-0.0006646118118752153
1791.775985639723,-0.4097200036048889,-0.0006646118118752153
1792.241502913207,-0.4103913903236389,-0.0006646118118752153
1792.707020186691,-0.4105592370033264,-0.0006646118118752153
1793.172537460175,-0.4100556969642639,-0.0006646118118752153
1793.638054733659,-0.40871289372444153,-0.0006646118118752153
1794.1035720071427,-0.40837720036506653,-0.0006646118118752153
1794.5690892806267,-0.40837720036506653,-0.0006646118118752153
1795.0346065541107,-0.40737012028694153,-0.0006646118118752153
1795.5001238275947,-0.40535593032836914,-0.0006646118118752153
1795.9656411010785,-0.40267032384872437,-0.0006646118118752153
1796.4311583745625,-0.400320440530777,-0.0006646118118752153
1796.8966756480465,-0.3984740972518921,-0.0006646118118752153
1797.3621929215303,-0.3969634473323822,-0.0006646118118752153
1797.8277101950143,-0.3946135640144348,-0.0006646118118752153
1798.2932274684983,-0.3922636806964874,-0.0006646118118752153
1798.7587447419824,-0.39092087745666504,-0.0006646118118752153
1799.2242620154661,-0.39024949073791504,-0.0006646118118752153
1799.6897792889501,-0.38957807421684265,-0.0006646118118752153
1800.1552965624342,-0.38857099413871765,-0.0006646118118752153
1800.6208138359182,-0.38722819089889526,-0.0006646118118752153
1801.086331109402,-0.38588541746139526,-0.0006646118118752153
1801.551848382886,-0.3848783075809479,-0.0006646118118752153
1802.01736565637,-0.3845426142215729,-0.0006646118118752153
1802.482882929854,-0.3835355043411255,-0.0006646118118752153
1802.9484002033378,-0.3821927309036255,-0.0006646118118752153
1803.4139174768218,-0.3805142343044281,-0.0006646118118752153
1803.8794347503058,-0.3795071244239807,-0.0006646118118752153
1804.3449520237896,-0.3788357377052307,-0.0006646118118752153
1804.8104692972736,-0.3781643509864807,-0.0006646118118752153
1805.2759865707576,-0.3768215477466583,-0.0006646118118752153
1805.7415038442416,-0.37480735778808594,-0.0006646118118752153
1806.2070211177254,-0.37346455454826355,-0.0006646118118752153
1806.6725383912094,-0.37212178111076355,-0.0006646118118752153
1807.1380556646934,-0.37044328451156616,-0.0006646118118752153
1807.6035729381774,-0.3677576780319214,-0.0006646118118752153
1808.0690902116612,-0.364736407995224,-0.0006646118118752153
1808.5346074851452,-0.3622186481952667,-0.0006646118118752153
1809.0001247586292,-0.36003661155700684,-0.0006646118118752153
1809.4656420321132,-0.35869383811950684,-0.0006646118118752153
1809.931159305597,-0.35667964816093445,-0.0006646118118752153
1810.396676579081,-0.3536583483219147,-0.0006646118118752153
1810.862193852565,-0.3514763116836548,-0.0006646118118752153
1811.3277111260488,-0.3499656617641449,-0.0006646118118752153
1811.7932283995328,-0.3486228585243225,-0.0006646118118752153
1812.2587456730168,-0.3472800850868225,-0.0006646118118752153
1812.7242629465009,-0.3456015884876251,-0.0006646118118752153
1813.1897802199846,-0.34325170516967773,-0.0006646118118752153
1813.6552974934687,-0.34258028864860535,-0.0006646118118752153
1814.1208147669527,-0.34157320857048035,-0.0006646118118752153
1814.5863320404367,-0.34073394536972046,-0.0006646118118752153
1815.0518493139205,-0.33955901861190796,-0.0006646118118752153
,,-0.0006646118118752153
,,-0.0006646118118752153
,,-0.0006646118118752153
,,-0.0006646118118752153
,,-0.0006646118118752153
,,-0.0006646118118752153
,,-0.0006646118118752153
,,-0.0006646118118752153
,,-0.0006646118118752153
,,-0.0006646118118752153
,,-0.0006646118118752153
,,-0.0006646118118752153
,,-0.0006646118118752153
,,-0.0006646118118752153
,,-0.0006646118118752153
,,-0.0006646118118752153
,,-0.0006646118118752153
,,-0.0006646118118752153
,,-0.0006646118118752153
,,-0.0006646118118752153
,,-0.0006646118118752153
,,-0.0006646118118752153
,,-0.0006646118118752153
,,0.08430268585433792
,,-0.0006646118118752153
,,-0.0006646118118752153
,,-0.0006646118118752153
,,-0.0006646118118752153
,,-0.0006646118118752153
,,-0.0006646118118752153
,,-0.0006646118118752153
,,-0.0006646118118752153
,,-0.0006646118118752153
,,-0.0006646118118752153
,,-0.0006646118118752153
,,-0.0006646118118752153
,,-0.0006646118118752153
,,-0.0006646118118752153
,,-0.0006646118118752153
,,-0.0006646118118752153
,,-0.0006646118118752153
,,-0.0006646118118752153
,,-0.0006646118118752153
,,-0.0006646118118752153
,,-0.0006646118118752153
,,-0.0006646118118752153
,,-0.0006646118118752153
,,-0.0006646118118752153
,,-0.0006646118118752153
,,-0.0006646118118752153
,,-0.0006646118118752153
,,-0.0006646118118752153
,,-0.0006646118118752153
,,-0.0006646118118752153
,,-0.0006646118118752153
,,-0.0006646118118752153
,,-0.0006646118118752153
,,-0.0006646118118752153
,,-0.0006646118118752153
,,-0.0006646118118752153
,,-0.0006646118118752153
,,-0.0006646118118752153
,,-0.0006646118118752153
,,-0.0006646118118752153
,,-0.0006646118118752153
,,-0.0006646118118752153
,,-0.0006646118118752153
,,-0.0006646118118752153
,,-0.0006646118118752153
,,-0.0006646118118752153
,,-0.0006646118118752153
,,-0.0006646118118752153
,,-0.0006646118118752153
,,-0.0006646118118752153
,,-0.0006646118118752153
,,-0.0006646118118752153
,,-0.0006646118118752153
,,-0.0006646118118752153
,,-0.0006646118118752153
,,-0.0006646118118752153
,,-0.0006646118118752153
,,-0.0006646118118752153
,,-0.0006646118118752153
,,-0.0006646118118752153
,,-0.0006646118118752153
,,-0.0006646118118752153
,,-0.0006646118118752153
,,-0.0006646118118752153
,,-0.0006646118118752153
,,-0.0006646118118752153
,,-0.0006646118118752153
,,-0.0006646118118752153
,,-0.0006646118118752153
,,-0.0006646118118752153
,,-0.0006646118118752153
,,-0.0006646118118752153
,,-0.0006646118118752153
,,-0.0006646118118752153
,,-0.0006646118118752153
,,-0.0006646118118752153
,,-0.0006646118118752153
,,-0.0006646118118752153
,,-0.0006646118118752153
,,-0.0006646118118752153
,,-0.0006646118118752153
,,-0.0006646118118752153
,,-0.0006646118118752153
,,-0.0006646118118752153
,,-0.0006646118118752153
,,-0.0006646118118752153
,,-0.0006646118118752153
,,-0.0006646118118752153
,,-0.0006646118118752153
,,-0.0006646118118752153
,,-0.0006646118118752153
,,-0.0006646118118752153
,,-0.0006646118118752153
,,-0.0006646118118752153
,,-0.0006646118118752153
,,-0.0006646118118752153
,,-0.0006646118118752153
,,-0.0006646118118752153
,,-0.0006646118118752153
,,-0.0006646118118752153
,,-0.0006646118118752153
,,-0.0006646118118752153
,,-0.0006646118118752153
,,-0.0006646118118752153
,,-0.0006646118118752153
,,-0.0006646118118752153
,,-0.0006646118118752153
,,-0.0006646118118752153
,,-0.0006646118118752153
,,-0.0006646118118752153
,,-0.0006646118118752153
,,-0.0006646118118752153
,,-0.0006646118118752153
,,-0.0006646118118752153
,,-0.0006646118118752153
,,-0.0006646118118752153
,,-0.0006646118118752153
,,-0.0006646118118752153
,,-0.0006646118118752153
,,-0.0006646118118752153
,,-0.0006646118118752153
,,-0.0006646118118752153
,,-0.0006646118118752153
,,-0.0006646118118752153
,,-0.0006646118118752153
,,-0.0006646118118752153
,,-0.0006646118118752153
,,-0.0006646118118752153
,,-0.0006646118118752153
,,-0.0006646118118752153
,,-0.0006646118118752153
,,-0.0006646118118752153
,,-0.0006646118118752153
,,-0.0006646118118752153
,,-0.0006646118118752153
,,-0.0006646118118752153
,,-0.0006646118118752153
,,-0.0006646118118752153
,,-0.0006646118118752153
,,-0.0006646118118752153
,,0.08430268585433792
,,-0.0006646118118752153
,,-0.0006646118118752153
,,-0.0006646118118752153
,,-0.0006646118118752153
,,-0.0006646118118752153
,,-0.0006646118118752153
,,-0.0006646118118752153
,,-0.0006646118118752153
,,-0.0006646118118752153
,,-0.0006646118118752153
,,-0.0006646118118752153
,,-0.0006646118118752153
,,-0.0006646118118752153
,,-0.0006646118118752153
,,-0.0006646118118752153
,,-0.0006646118118752153
,,-0.0006646118118752153
,,-0.0006646118118752153
,,-0.0006646118118752153
,,-0.0006646118118752153
,,-0.0006646118118752153
,,-0.0006646118118752153
,,-0.0006646118118752153
,,-0.0006646118118752153
,,-0.0006646118118752153
,,0.14748351192304154
,,-0.0006646118118752153
,,-0.0006646118118752153
,,-0.0006646118118752153
,,-0.0006646118118752153
,,-0.0006646118118752153
,,-0.0006646118118752153
,,-0.0006646118118752153
,,-0.0006646118118752153
,,-0.0006646118118752153
,,-0.0006646118118752153
,,-0.0006646118118752153
,,-0.0006646118118752153
,,-0.0006646118118752153
,,-0.0006646118118752153
,,-0.0006646118118752153
,,-0.0006646118118752153
,,-0.0006646118118752153
,,-0.0006646118118752153
,,-0.0006646118118752153
,,-0.0006646118118752153
,,-0.0006646118118752153
,,-0.0006646118118752153
,,-0.0006646118118752153
,,-0.0006646118118752153
,,-0.0006646118118752153
,,-0.0006646118118752153
,,-0.0006646118118752153
,,-0.0006646118118752153
,,-0.0006646118118752153
,,-0.0006646118118752153
,,-0.0006646118118752153
,,-0.0006646118118752153
,,-0.0006646118118752153
,,-0.0006646118118752153
,,-0.0006646118118752153
,,-0.0006646118118752153
,,-0.0006646118118752153
,,-0.0006646118118752153
,,-0.0006646118118752153
,,-0.0006646118118752153
,,-0.0006646118118752153
,,-0.0006646118118752153
,,-0.0006646118118752153
,,-0.0006646118118752153
,,-0.0006646118118752153
,,-0.0006646118118752153
,,-0.0006646118118752153
,,-0.0006646118118752153
,,-0.0006646118118752153
,,-0.0006646118118752153
,,-0.0006646118118752153
,,-0.0006646118118752153
,,-0.0006646118118752153
,,-0.0006646118118752153
,,-0.0006646118118752153
,,-0.0006646118118752153
,,-0.0006646118118752153
,,-0.0006646118118752153
,,-0.0006646118118752153
,,-0.0006646118118752153
,,-0.0006646118118752153
,,-0.0006646118118752153
,,-0.0006646118118752153
,,-0.0006646118118752153
,,-0.0006646118118752153
,,-0.0006646118118752153
,,-0.0006646118118752153
,,-0.0006646118118752153
,,-0.0006646118118752153
,,-0.0006646118118752153
,,-0.0006646118118752153
,,-0.0006646118118752153
,,-0.0006646118118752153
,,-0.0006646118118752153
,,-0.0006646118118752153
,,-0.0006646118118752153
,,-0.0006646118118752153
,,-0.0006646118118752153
,,-0.0006646118118752153
,,-0.0006646118118752153
,,-0.0006646118118752153
,,-0.0006646118118752153
,,-0.0006646118118752153
,,-0.0006646118118752153
,,0.0951959541174961
,,-0.0006646118118752153
,,-0.0006646118118752153
,,-0.0006646118118752153
,,-0.0006646118118752153
,,-0.0006646118118752153
,,-0.0006646118118752153
,,-0.0006646118118752153
,,-0.0006646118118752153
,,-0.0006646118118752153
,,-0.0006646118118752153
,,-0.0006646118118752153
,,-0.0006646118118752153
,,-0.0006646118118752153
,,-0.0006646118118752153
,,-0.0006646118118752153
,,-0.0006646118118752153
,,-0.0006646118118752153
,,-0.0006646118118752153
,,-0.0006646118118752153
,,-0.0006646118118752153
,,-0.0006646118118752153
,,-0.0006646118118752153
,,-0.0006646118118752153
,,-0.0006646118118752153
,,-0.0006646118118752153
,,-0.0006646118118752153
,,-0.0006646118118752153
,,-0.0006646118118752153
,,-0.0006646118118752153
,,-0.0006646118118752153
,,-0.0006646118118752153
,,-0.0006646118118752153
,,-0.0006646118118752153
,,-0.0006646118118752153
,,-0.0006646118118752153
,,-0.0006646118118752153
,,-0.0006646118118752153
,,-0.0006646118118752153
,,-0.0006646118118752153
,,-0.0006646118118752153
,,-0.0006646118118752153
,,-0.0006646118118752153
,,-0.0006646118118752153
,,-0.0006646118118752153
,,-0.0006646118118752153
,,-0.0006646118118752153
,,-0.0006646118118752153
,,-0.0006646118118752153
,,-0.0006646118118752153
,,-0.0006646118118752153
,,-0.0006646118118752153
,,-0.0006646118118752153
,,-0.0006646118118752153
,,-0.0006646118118752153
,,0.2585946534208344
,,-0.0006646118118752153
,,-0.0006646118118752153
,,-0.0006646118118752153
,,-0.0006646118118752153
,,-0.0006646118118752153
,,-0.0006646118118752153
,,-0.0006646118118752153
,,-0.0006646118118752153
,,-0.0006646118118752153
,,-0.0006646118118752153
,,-0.0006646118118752153
,,-0.0006646118118752153
,,-0.0006646118118752153
,,0.11480377206237391
,,-0.0006646118118752153
,,-0.0006646118118752153
,,-0.0006646118118752153
,,-0.0006646118118752153
,,-0.0006646118118752153
,,-0.0006646118118752153
,,-0.0006646118118752153
,,-0.0006646118118752153
,,-0.0006646118118752153
,,-0.0006646118118752153
,,-0.0006646118118752153
,,-0.0006646118118752153
,,-0.0006646118118752153
,,-0.0006646118118752153
,,-0.0006646118118752153
,,-0.0006646118118752153
,,-0.0006646118118752153
,,-0.0006646118118752153
,,-0.0006646118118752153
,,-0.0006646118118752153
,,-0.0006646118118752153
,,-0.0006646118118752153
,,-0.0006646118118752153
,,-0.0006646118118752153
,,-0.0006646118118752153
,,-0.0006646118118752153
,,-0.0006646118118752153
,,-0.0006646118118752153
,,-0.0006646118118752153
,,-0.0006646118118752153
,,-0.0006646118118752153
,,-0.0006646118118752153
,,-0.0006646118118752153
,,-0.0006646118118752153
,,-0.0006646118118752153
,,-0.0006646118118752153
,,-0.0006646118118752153
,,-0.0006646118118752153
,,-0.0006646118118752153
,,-0.0006646118118752153
,,-0.0006646118118752153
,,-0.0006646118118752153
,,-0.0006646118118752153
,,-0.0006646118118752153
,,-0.0006646118118752153
,,-0.0006646118118752153
,,-0.0006646118118752153
,,-0.0006646118118752153
,,-0.0006646118118752153
,,-0.0006646118118752153
,,-0.0006646118118752153
,,-0.0006646118118752153
,,-0.0006646118118752153
,,-0.0006646118118752153
,,-0.0006646118118752153
,,-0.0006646118118752153
,,-0.0006646118118752153
,,-0.0006646118118752153
,,-0.0006646118118752153
,,-0.0006646118118752153
,,-0.0006646118118752153
,,-0.0006646118118752153
,,-0.0006646118118752153
,,-0.0006646118118752153
,,-0.0006646118118752153
,,-0.0006646118118752153
,,-0.0006646118118752153
,,-0.0006646118118752153
,,-0.0006646118118752153
,,-0.0006646118118752153
,,-0.0006646118118752153
,,-0.0006646118118752153
,,-0.0006646118118752153
,,-0.0006646118118752153
,,-0.0006646118118752153
,,-0.0006646118118752153
,,-0.0006646118118752153
,,-0.0006646118118752153
,,-0.0006646118118752153
,,-0.0006646118118752153
,,-0.0006646118118752153
,,-0.0006646118118752153
,,-0.0006646118118752153
,,-0.0006646118118752153
,,-0.0006646118118752153
,,-0.0006646118118752153
,,0.13876892977691846
,,-0.0006646118118752153
,,-0.0006646118118752153
,,-0.0006646118118752153
,,-0.0006646118118752153
,,-0.0006646118118752153
,,-0.0006646118118752153
,,-0.0006646118118752153
,,-0.0006646118118752153
,,-0.0006646118118752153
,,-0.0006646118118752153
,,-0.0006646118118752153
,,-0.0006646118118752153
,,-0.0006646118118752153
,,-0.0006646118118752153
,,-0.0006646118118752153
,,-0.0006646118118752153
,,-0.0006646118118752153
,,-0.0006646118118752153
,,-0.0006646118118752153
,,-0.0006646118118752153
,,-0.0006646118118752153
,,-0.0006646118118752153
,,-0.0006646118118752153
,,-0.0006646118118752153
,,-0.0006646118118752153
,,-0.0006646118118752153
,,-0.0006646118118752153
,,-0.0006646118118752153
,,-0.0006646118118752153
,,-0.0006646118118752153
,,-0.0006646118118752153
,,-0.0006646118118752153
,,-0.0006646118118752153
,,-0.0006646118118752153
,,-0.0006646118118752153
,,-0.0006646118118752153
,,-0.0006646118118752153
,,-0.0006646118118752153
,,-0.0006646118118752153
,,-0.0006646118118752153
,,-0.0006646118118752153
,,-0.0006646118118752153
,,-0.0006646118118752153
,,-0.0006646118118752153
,,-0.0006646118118752153
,,-0.0006646118118752153
,,-0.0006646118118752153
,,-0.0006646118118752153
,,-0.0006646118118752153
,,-0.0006646118118752153
,,-0.0006646118118752153
,,-0.0006646118118752153
,,-0.0006646118118752153
,,-0.0006646118118752153
,,-0.0006646118118752153
,,-0.0006646118118752153
,,-0.0006646118118752153
,,-0.0006646118118752153
,,-0.0006646118118752153
,,-0.0006646118118752153
,,-0.0006646118118752153
,,-0.0006646118118752153
,,-0.0006646118118752153
,,-0.0006646118118752153
,,-0.0006646118118752153
,,-0.0006646118118752153
,,-0.0006646118118752153
,,-0.0006646118118752153
,,-0.0006646118118752153
,,-0.0006646118118752153
,,-0.0006646118118752153
,,-0.0006646118118752153
,,-0.0006646118118752153
,,-0.0006646118118752153
,,-0.0006646118118752153
,,-0.0006646118118752153
,,-0.0006646118118752153
,,-0.0006646118118752153
,,-0.0006646118118752153
,,-0.0006646118118752153
,,-0.0006646118118752153
,,-0.0006646118118752153
,,-0.0006646118118752153
,,-0.0006646118118752153
,,-0.0006646118118752153
,,-0.0006646118118752153
,,-0.0006646118118752153
,,-0.0006646118118752153
,,-0.0006646118118752153
,,-0.0006646118118752153
,,-0.0006646118118752153
,,-0.0006646118118752153
,,-0.0006646118118752153
,,-0.0006646118118752153
,,-0.0006646118118752153
,,-0.0006646118118752153
,,-0.0006646118118752153
,,-0.0006646118118752153
,,-0.0006646118118752153
,,-0.0006646118118752153
,,-0.0006646118118752153
,,-0.0006646118118752153
,,-0.0006646118118752153
,,-0.0006646118118752153
,,-0.0006646118118752153
,,-0.0006646118118752153
,,-0.0006646118118752153
,,-0.0006646118118752153
,,-0.0006646118118752153
,,-0.0006646118118752153
,,-0.0006646118118752153
,,-0.0006646118118752153
,,-0.0006646118118752153
,,-0.0006646118118752153
,,-0.0006646118118752153
,,-0.0006646118118752153
,,-0.0006646118118752153
,,-0.0006646118118752153
,,-0.0006646118118752153
,,-0.0006646118118752153
,,-0.0006646118118752153
,,-0.0006646118118752153
,,-0.0006646118118752153
,,-0.0006646118118752153
,,-0.0006646118118752153
,,-0.0006646118118752153
,,-0.0006646118118752153
,,-0.0006646118118752153
,,-0.0006646118118752153
,,-0.0006646118118752153
,,-0.0006646118118752153
,,-0.0006646118118752153
,,-0.0006646118118752153
,,-0.0006646118118752153
,,-0.0006646118118752153
,,-0.0006646118118752153
,,-0.0006646118118752153
,,-0.0006646118118752153
,,-0.0006646118118752153
,,-0.0006646118118752153
,,-0.0006646118118752153
,,-0.0006646118118752153
,,-0.0006646118118752153
,,-0.0006646118118752153
,,-0.0006646118118752153
,,-0.0006646118118752153
,,-0.0006646118118752153
,,-0.0006646118118752153
,,-0.0006646118118752153
,,-0.0006646118118752153
,,-0.0006646118118752153
,,-0.0006646118118752153
,,-0.0006646118118752153
,,-0.0006646118118752153
,,-0.0006646118118752153
,,-0.0006646118118752153
,,-0.0006646118118752153
,,-0.0006646118118752153
,,-0.0006646118118752153
,,0.03855105654228391
,,-0.0006646118118752153
,,-0.0006646118118752153
,,-0.0006646118118752153
,,-0.0006646118118752153
,,-0.0006646118118752153
,,-0.0006646118118752153
,,-0.0006646118118752153
,,-0.0006646118118752153
,,-0.0006646118118752153
,,-0.0006646118118752153
,,-0.0006646118118752153
,,-0.0006646118118752153
,,-0.0006646118118752153
,,-0.0006646118118752153
,,-0.0006646118118752153
,,-0.0006646118118752153
,,-0.0006646118118752153
,,-0.0006646118118752153
,,-0.0006646118118752153
,,-0.0006646118118752153
,,-0.0006646118118752153
,,-0.0006646118118752153
,,-0.0006646118118752153
,,-0.0006646118118752153
,,-0.0006646118118752153
,,-0.0006646118118752153
,,-0.0006646118118752153
,,-0.0006646118118752153
,,-0.0006646118118752153
,,-0.0006646118118752153
,,-0.0006646118118752153
,,-0.0006646118118752153
,,-0.0006646118118752153
,,-0.0006646118118752153
,,-0.0006646118118752153
,,-0.0006646118118752153
,,-0.0006646118118752153
,,-0.0006646118118752153
,,-0.0006646118118752153
,,-0.0006646118118752153
,,-0.0006646118118752153
,,-0.0006646118118752153
,,-0.0006646118118752153
,,-0.0006646118118752153
,,-0.0006646118118752153
,,-0.0006646118118752153
,,-0.0006646118118752153
,,-0.0006646118118752153
,,-0.0006646118118752153
,,-0.0006646118118752153
,,-0.0006646118118752153
,,-0.0006646118118752153
,,-0.0006646118118752153
,,-0.0006646118118752153
,,-0.0006646118118752153
,,-0.0006646118118752153
,,-0.0006646118118752153
,,-0.0006646118118752153
,,-0.0006646118118752153
,,-0.0006646118118752153
,,-0.0006646118118752153
,,-0.0006646118118752153
,,-0.0006646118118752153
,,-0.0006646118118752153
,,-0.0006646118118752153
,,-0.0006646118118752153
,,-0.0006646118118752153
,,-0.0006646118118752153
,,-0.0006646118118752153
,,-0.0006646118118752153
,,-0.0006646118118752153
,,-0.0006646118118752153
,,-0.0006646118118752153
,,-0.0006646118118752153
,,0.07123079640295155
,,-0.0006646118118752153
,,-0.0006646118118752153
,,-0.0006646118118752153
,,-0.0006646118118752153
,,-0.0006646118118752153
,,-0.0006646118118752153
,,-0.0006646118118752153
,,-0.0006646118118752153
,,-0.0006646118118752153
,,-0.0006646118118752153
,,-0.0006646118118752153
,,-0.0006646118118752153
,,-0.0006646118118752153
,,-0.0006646118118752153
,,-0.0006646118118752153
,,-0.0006646118118752153
,,-0.0006646118118752153
,,-0.0006646118118752153
,,-0.0006646118118752153
,,-0.0006646118118752153
,,-0.0006646118118752153
,,-0.0006646118118752153
,,-0.0006646118118752153
,,-0.0006646118118752153
,,-0.0006646118118752153
,,-0.0006646118118752153
,,-0.0006646118118752153
,,-0.0006646118118752153
,,-0.0006646118118752153
,,-0.0006646118118752153
,,-0.0006646118118752153
,,-0.0006646118118752153
,,-0.0006646118118752153
,,-0.0006646118118752153
,,-0.0006646118118752153
,,-0.0006646118118752153
,,-0.0006646118118752153
,,-0.0006646118118752153
,,-0.0006646118118752153
,,-0.0006646118118752153
,,-0.0006646118118752153
,,-0.0006646118118752153
,,-0.0006646118118752153
,,-0.0006646118118752153
,,-0.0006646118118752153
,,-0.0006646118118752153
,,-0.0006646118118752153
,,-0.0006646118118752153
,,-0.0006646118118752153
,,-0.0006646118118752153
,,-0.0006646118118752153
,,-0.0006646118118752153
,,-0.0006646118118752153
,,-0.0006646118118752153
,,-0.0006646118118752153
,,-0.0006646118118752153
,,-0.0006646118118752153
,,-0.0006646118118752153
,,-0.0006646118118752153
,,-0.0006646118118752153
,,-0.0006646118118752153
,,-0.0006646118118752153
,,0.1649127086796912
,,-0.0006646118118752153
,,-0.0006646118118752153
,,-0.0006646118118752153
,,-0.0006646118118752153
,,-0.0006646118118752153
,,-0.0006646118118752153
,,-0.0006646118118752153
,,-0.0006646118118752153
,,-0.0006646118118752153
,,-0.0006646118118752153
,,-0.0006646118118752153
,,-0.0006646118118752153
,,-0.0006646118118752153
,,-0.0006646118118752153
,,-0.0006646118118752153
,,-0.0006646118118752153
,,-0.0006646118118752153
,,-0.0006646118118752153
,,-0.0006646118118752153
,,-0.0006646118118752153
,,-0.0006646118118752153
,,-0.0006646118118752153
,,-0.0006646118118752153
,,-0.0006646118118752153
,,-0.0006646118118752153
,,-0.0006646118118752153
,,-0.0006646118118752153
,,-0.0006646118118752153
,,-0.0006646118118752153
,,-0.0006646118118752153
,,-0.0006646118118752153
,,-0.0006646118118752153
,,-0.0006646118118752153
,,-0.0006646118118752153
,,-0.0006646118118752153
,,-0.0006646118118752153
,,-0.0006646118118752153
,,-0.0006646118118752153
,,-0.0006646118118752153
,,-0.0006646118118752153
,,-0.0006646118118752153
,,-0.0006646118118752153
,,-0.0006646118118752153
,,-0.0006646118118752153
,,-0.0006646118118752153
,,-0.0006646118118752153
,,-0.0006646118118752153
,,-0.0006646118118752153
,,-0.0006646118118752153
,,-0.0006646118118752153
,,-0.0006646118118752153
,,-0.0006646118118752153
,,-0.0006646118118752153
,,-0.0006646118118752153
,,-0.0006646118118752153
,,-0.0006646118118752153
,,-0.0006646118118752153
,,-0.0006646118118752153
,,-0.0006646118118752153
,,-0.0006646118118752153
,,-0.0006646118118752153
,,-0.0006646118118752153
,,-0.0006646118118752153
,,-0.0006646118118752153
,,-0.0006646118118752153
,,-0.0006646118118752153
,,-0.0006646118118752153
,,-0.0006646118118752153
,,-0.0006646118118752153
,,-0.0006646118118752153
,,-0.0006646118118752153
,,-0.0006646118118752153
,,-0.0006646118118752153
,,-0.0006646118118752153
,,-0.0006646118118752153
,,-0.0006646118118752153
,,-0.0006646118118752153
,,-0.0006646118118752153
,,-0.0006646118118752153
,,-0.0006646118118752153
,,-0.0006646118118752153
,,-0.0006646118118752153
,,-0.0006646118118752153
,,-0.0006646118118752153
,,-0.0006646118118752153
,,-0.0006646118118752153
,,-0.0006646118118752153
,,-0.0006646118118752153
,,-0.0006646118118752153
,,-0.0006646118118752153
,,-0.0006646118118752153
,,-0.0006646118118752153
,,-0.0006646118118752153
,,-0.0006646118118752153
,,-0.0006646118118752153
,,-0.0006646118118752153
,,-0.0006646118118752153
,,-0.0006646118118752153
,,-0.0006646118118752153
,,-0.0006646118118752153
,,-0.0006646118118752153
,,-0.0006646118118752153
,,-0.0006646118118752153
,,-0.0006646118118752153
,,-0.0006646118118752153
,,-0.0006646118118752153
,,-0.0006646118118752153
,,-0.0006646118118752153
,,-0.0006646118118752153
,,-0.0006646118118752153
,,-0.0006646118118752153
,,-0.0006646118118752153
,,-0.0006646118118752153
,,-0.0006646118118752153
,,-0.0006646118118752153
,,-0.0006646118118752153
,,-0.0006646118118752153
,,-0.0006646118118752153
,,-0.0006646118118752153
,,-0.0006646118118752153
,,-0.0006646118118752153
,,-0.0006646118118752153
,,-0.0006646118118752153
,,-0.0006646118118752153
,,-0.0006646118118752153
,,-0.0006646118118752153
,,-0.0006646118118752153
,,-0.0006646118118752153
,,-0.0006646118118752153
,,-0.0006646118118752153
,,-0.0006646118118752153
,,-0.0006646118118752153
,,-0.0006646118118752153
,,-0.0006646118118752153
,,-0.0006646118118752153
,,-0.0006646118118752153
,,-0.0006646118118752153
,,-0.0006646118118752153
,,-0.0006646118118752153
,,-0.0006646118118752153
,,-0.0006646118118752153
,,-0.0006646118118752153
,,-0.0006646118118752153
,,-0.0006646118118752153
,,-0.0006646118118752153
,,-0.0006646118118752153
,,-0.0006646118118752153
,,-0.0006646118118752153
,,-0.0006646118118752153
,,-0.0006646118118752153
,,-0.0006646118118752153
,,-0.0006646118118752153
,,-0.0006646118118752153
,,-0.0006646118118752153
,,-0.0006646118118752153
,,-0.0006646118118752153
,,-0.0006646118118752153
,,-0.0006646118118752153
,,-0.0006646118118752153
,,-0.0006646118118752153
,,-0.0006646118118752153
,,-0.0006646118118752153
,,-0.0006646118118752153
,,-0.0006646118118752153
,,-0.0006646118118752153
,,-0.0006646118118752153
,,-0.0006646118118752153
,,-0.0006646118118752153
,,-0.0006646118118752153
,,-0.0006646118118752153
,,-0.0006646118118752153
,,-0.0006646118118752153
,,-0.0006646118118752153
,,-0.0006646118118752153
,,-0.0006646118118752153
,,-0.0006646118118752153
,,-0.0006646118118752153
,,-0.0006646118118752153
,,-0.0006646118118752153
,,-0.0006646118118752153
,,-0.0006646118118752153
,,-0.0006646118118752153
,,-0.0006646118118752153
,,-0.0006646118118752153
,,-0.0006646118118752153
,,-0.0006646118118752153
,,-0.0006646118118752153
,,-0.0006646118118752153
,,-0.0006646118118752153
,,-0.0006646118118752153
,,-0.0006646118118752153
,,-0.0006646118118752153
,,-0.0006646118118752153
,,-0.0006646118118752153
,,-0.0006646118118752153
,,-0.0006646118118752153
,,-0.0006646118118752153
,,-0.0006646118118752153
,,-0.0006646118118752153
,,-0.0006646118118752153
,,-0.0006646118118752153
,,-0.0006646118118752153
,,-0.0006646118118752153
,,-0.0006646118118752153
,,-0.0006646118118752153
,,-0.0006646118118752153
,,-0.0006646118118752153
,,-0.0006646118118752153
,,-0.0006646118118752153
,,-0.0006646118118752153
,,-0.0006646118118752153
,,-0.0006646118118752153
,,-0.0006646118118752153
,,-0.0006646118118752153
,,-0.0006646118118752153
,,-0.0006646118118752153
,,-0.0006646118118752153
,,-0.0006646118118752153
,,-0.0006646118118752153
,,-0.0006646118118752153
,,-0.0006646118118752153
,,-0.0006646118118752153
,,-0.0006646118118752153
,,-0.0006646118118752153
,,-0.0006646118118752153
,,-0.0006646118118752153
,,-0.0006646118118752153
,,-0.0006646118118752153
,,-0.0006646118118752153
,,-0.0006646118118752153
,,-0.0006646118118752153
,,-0.0006646118118752153
,,-0.0006646118118752153
,,-0.0006646118118752153
,,-0.0006646118118752153
,,-0.0006646118118752153
,,-0.0006646118118752153
,,-0.0006646118118752153
,,-0.0006646118118752153
,,-0.0006646118118752153
,,-0.0006646118118752153
,,-0.0006646118118752153
,,-0.0006646118118752153
,,-0.0006646118118752153
,,-0.0006646118118752153
,,-0.0006646118118752153
,,-0.0006646118118752153
,,-0.0006646118118752153
,,-0.0006646118118752153
,,-0.0006646118118752153
,,-0.0006646118118752153
,,-0.0006646118118752153
,,-0.0006646118118752153
,,-0.0006646118118752153
,,-0.0006646118118752153
,,-0.0006646118118752153
,,-0.0006646118118752153
,,-0.0006646118118752153
,,-0.0006646118118752153
,,-0.0006646118118752153
,,0.26077327460906247
,,-0.0006646118118752153
,,-0.0006646118118752153
,,-0.0006646118118752153
,,-0.0006646118118752153
,,-0.0006646118118752153
,,-0.0006646118118752153
,,-0.0006646118118752153
,,-0.0006646118118752153
,,-0.0006646118118752153
,,-0.0006646118118752153
,,-0.0006646118118752153
,,-0.0006646118118752153
,,-0.0006646118118752153
,,-0.0006646118118752153
,,-0.0006646118118752153
,,-0.0006646118118752153
,,-0.0006646118118752153
,,-0.0006646118118752153
,,-0.0006646118118752153
,,-0.0006646118118752153
,,-0.0006646118118752153
,,-0.0006646118118752153
,,-0.0006646118118752153
,,-0.0006646118118752153
,,-0.0006646118118752153
,,-0.0006646118118752153
,,-0.0006646118118752153
,,-0.0006646118118752153
,,-0.0006646118118752153
,,-0.0006646118118752153
,,-0.0006646118118752153
,,-0.0006646118118752153
,,-0.0006646118118752153
,,-0.0006646118118752153
,,-0.0006646118118752153
,,-0.0006646118118752153
,,-0.0006646118118752153
,,-0.0006646118118752153
,,-0.0006646118118752153
,,-0.0006646118118752153
,,-0.0006646118118752153
,,-0.0006646118118752153
,,-0.0006646118118752153
,,-0.0006646118118752153
,,-0.0006646118118752153
,,-0.0006646118118752153
,,-0.0006646118118752153
,,-0.0006646118118752153
,,-0.0006646118118752153
,,-0.0006646118118752153
,,-0.0006646118118752153
,,-0.0006646118118752153
,,-0.0006646118118752153
,,-0.0006646118118752153
,,-0.0006646118118752153
,,-0.0006646118118752153
,,-0.0006646118118752153
,,-0.0006646118118752153
,,-0.0006646118118752153
,,-0.0006646118118752153
,,-0.0006646118118752153
,,-0.0006646118118752153
,,-0.0006646118118752153
,,-0.0006646118118752153
,,-0.0006646118118752153
,,-0.0006646118118752153
,,-0.0006646118118752153
,,-0.0006646118118752153
,,-0.0006646118118752153
,,-0.0006646118118752153
,,-0.0006646118118752153
,,-0.0006646118118752153
,,-0.0006646118118752153
,,-0.0006646118118752153
,,-0.0006646118118752153
,,-0.0006646118118752153
,,-0.0006646118118752153
,,-0.0006646118118752153
,,-0.0006646118118752153
,,-0.0006646118118752153
,,-0.0006646118118752153
,,-0.0006646118118752153
,,-0.0006646118118752153
,,-0.0006646118118752153
,,-0.0006646118118752153
,,-0.0006646118118752153
,,-0.0006646118118752153
,,-0.0006646118118752153
,,-0.0006646118118752153
,,-0.0006646118118752153
,,-0.0006646118118752153
,,-0.0006646118118752153
,,-0.0006646118118752153
,,-0.0006646118118752153
,,-0.0006646118118752153
,,-0.0006646118118752153
,,-0.0006646118118752153
,,-0.0006646118118752153
,,-0.0006646118118752153
,,-0.0006646118118752153
,,-0.0006646118118752153
,,-0.0006646118118752153
,,-0.0006646118118752153
,,-0.0006646118118752153
,,-0.0006646118118752153
,,-0.0006646118118752153
,,-0.0006646118118752153
,,-0.0006646118118752153
,,-0.0006646118118752153
,,-0.0006646118118752153
,,-0.0006646118118752153
,,-0.0006646118118752153
,,-0.0006646118118752153
,,-0.0006646118118752153
,,-0.0006646118118752153
,,-0.0006646118118752153
,,-0.0006646118118752153
,,-0.0006646118118752153
,,-0.0006646118118752153
,,-0.0006646118118752153
,,-0.0006646118118752153
,,-0.0006646118118752153
,,-0.0006646118118752153
,,-0.0006646118118752153
,,-0.0006646118118752153
,,-0.0006646118118752153
,,-0.0006646118118752153
,,-0.0006646118118752153
,,-0.0006646118118752153
,,-0.0006646118118752153
,,-0.0006646118118752153
,,-0.0006646118118752153
,,-0.0006646118118752153
,,-0.0006646118118752153
,,-0.0006646118118752153
,,-0.0006646118118752153
,,-0.0006646118118752153
,,-0.0006646118118752153
,,-0.0006646118118752153
,,-0.0006646118118752153
,,-0.0006646118118752153
,,-0.0006646118118752153
,,-0.0006646118118752153
,,-0.0006646118118752153
,,-0.0006646118118752153
,,-0.0006646118118752153
,,-0.0006646118118752153
,,-0.0006646118118752153
,,-0.0006646118118752153
,,-0.0006646118118752153
,,-0.0006646118118752153
,,-0.0006646118118752153
,,-0.0006646118118752153
,,-0.0006646118118752153
,,-0.0006646118118752153
,,-0.0006646118118752153
,,-0.0006646118118752153
,,-0.0006646118118752153
,,-0.0006646118118752153
,,-0.0006646118118752153
,,-0.0006646118118752153
,,-0.0006646118118752153
,,-0.0006646118118752153
,,-0.0006646118118752153
,,-0.0006646118118752153
,,-0.0006646118118752153
,,-0.0006646118118752153
,,-0.0006646118118752153
,,-0.0006646118118752153
,,-0.0006646118118752153
,,-0.0006646118118752153
,,-0.0006646118118752153
,,-0.0006646118118752153
,,-0.0006646118118752153
,,-0.0006646118118752153
,,-0.0006646118118752153
,,-0.0006646118118752153
,,-0.0006646118118752153
,,-0.0006646118118752153
,,-0.0006646118118752153
,,-0.0006646118118752153
,,-0.0006646118118752153
,,-0.0006646118118752153
,,-0.0006646118118752153
,,-0.0006646118118752153
,,-0.0006646118118752153
,,-0.0006646118118752153
,,-0.0006646118118752153
,,-0.0006646118118752153
,,-0.0006646118118752153
,,-0.0006646118118752153
,,-0.0006646118118752153
,,-0.0006646118118752153
,,-0.0006646118118752153
,,-0.0006646118118752153
,,-0.0006646118118752153
,,-0.0006646118118752153
,,-0.0006646118118752153
,,-0.0006646118118752153
,,-0.0006646118118752153
,,-0.0006646118118752153
,,-0.0006646118118752153
,,-0.0006646118118752153
,,-0.0006646118118752153
,,-0.0006646118118752153
,,-0.0006646118118752153
,,-0.0006646118118752153
,,-0.0006646118118752153
,,-0.0006646118118752153
,,-0.0006646118118752153
,,-0.0006646118118752153
,,-0.0006646118118752153
,,-0.0006646118118752153
,,-0.0006646118118752153
,,-0.0006646118118752153
,,-0.0006646118118752153
,,-0.0006646118118752153
,,-0.0006646118118752153
,,-0.0006646118118752153
,,-0.0006646118118752153
,,-0.0006646118118752153
,,-0.0006646118118752153
,,-0.0006646118118752153
,,-0.0006646118118752153
,,-0.0006646118118752153
,,-0.0006646118118752153
,,-0.0006646118118752153
,,-0.0006646118118752153
,,-0.0006646118118752153
,,-0.0006646118118752153
,,-0.0006646118118752153
,,-0.0006646118118752153
,,-0.0006646118118752153
,,-0.0006646118118752153
,,-0.0006646118118752153
,,-0.0006646118118752153
,,-0.0006646118118752153
,,-0.0006646118118752153
,,-0.0006646118118752153
,,-0.0006646118118752153
,,-0.0006646118118752153
,,-0.0006646118118752153
,,-0.0006646118118752153
,,-0.0006646118118752153
,,-0.0006646118118752153
,,-0.0006646118118752153
,,-0.0006646118118752153
,,-0.0006646118118752153
,,-0.0006646118118752153
,,-0.0006646118118752153
,,-0.0006646118118752153
,,-0.0006646118118752153
,,-0.0006646118118752153
,,-0.0006646118118752153
,,-0.0006646118118752153
,,-0.0006646118118752153
,,-0.0006646118118752153
,,-0.0006646118118752153
,,-0.0006646118118752153
,,-0.0006646118118752153
,,-0.0006646118118752153
,,-0.0006646118118752153
,,-0.0006646118118752153
,,-0.0006646118118752153
,,-0.0006646118118752153
,,-0.0006646118118752153
,,-0.0006646118118752153
,,-0.0006646118118752153
,,-0.0006646118118752153
,,-0.0006646118118752153
,,-0.0006646118118752153
,,-0.0006646118118752153
,,-0.0006646118118752153
,,-0.0006646118118752153
,,-0.0006646118118752153
,,-0.0006646118118752153
,,-0.0006646118118752153
,,-0.0006646118118752153
,,-0.0006646118118752153
,,-0.0006646118118752153
,,-0.0006646118118752153
,,-0.0006646118118752153
,,-0.0006646118118752153
,,-0.0006646118118752153
,,-0.0006646118118752153
,,-0.0006646118118752153
,,-0.0006646118118752153
,,-0.0006646118118752153
,,-0.0006646118118752153
,,-0.0006646118118752153
,,-0.0006646118118752153
,,-0.0006646118118752153
,,-0.0006646118118752153
,,-0.0006646118118752153
,,-0.0006646118118752153
,,-0.0006646118118752153
,,-0.0006646118118752153
,,-0.0006646118118752153
,,-0.0006646118118752153
,,-0.0006646118118752153
,,-0.0006646118118752153
,,-0.0006646118118752153
,,-0.0006646118118752153
,,-0.0006646118118752153
,,-0.0006646118118752153
,,-0.0006646118118752153
,,-0.0006646118118752153
,,-0.0006646118118752153
,,-0.0006646118118752153
,,-0.0006646118118752153
,,-0.0006646118118752153
,,-0.0006646118118752153
,,-0.0006646118118752153
,,-0.0006646118118752153
,,-0.0006646118118752153
,,-0.0006646118118752153
,,-0.0006646118118752153
,,-0.0006646118118752153
,,-0.0006646118118752153
,,-0.0006646118118752153
,,-0.0006646118118752153
,,-0.0006646118118752153
,,-0.0006646118118752153
,,-0.0006646118118752153
,,-0.0006646118118752153
,,-0.0006646118118752153
,,-0.0006646118118752153
,,-0.0006646118118752153
,,-0.0006646118118752153
,,-0.0006646118118752153
,,-0.0006646118118752153
,,-0.0006646118118752153
,,-0.0006646118118752153
,,-0.0006646118118752153
,,-0.0006646118118752153
,,-0.0006646118118752153
,,-0.0006646118118752153
,,-0.0006646118118752153
,,-0.0006646118118752153
,,-0.0006646118118752153
,,-0.0006646118118752153
,,-0.0006646118118752153
,,-0.0006646118118752153
,,-0.0006646118118752153
,,-0.0006646118118752153
,,-0.0006646118118752153
,,-0.0006646118118752153
,,-0.0006646118118752153
,,-0.0006646118118752153
,,-0.0006646118118752153
,,-0.0006646118118752153
,,-0.0006646118118752153
,,-0.0006646118118752153
,,-0.0006646118118752153
,,-0.0006646118118752153
,,-0.0006646118118752153
,,-0.0006646118118752153
,,-0.0006646118118752153
,,-0.0006646118118752153
,,-0.0006646118118752153
,,-0.0006646118118752153
,,-0.0006646118118752153
,,-0.0006646118118752153
,,-0.0006646118118752153
,,-0.0006646118118752153
,,-0.0006646118118752153
,,-0.0006646118118752153
,,-0.0006646118118752153
,,-0.0006646118118752153
,,-0.0006646118118752153
,,-0.0006646118118752153
,,-0.0006646118118752153
,,-0.0006646118118752153
,,-0.0006646118118752153
,,-0.0006646118118752153
,,-0.0006646118118752153
,,-0.0006646118118752153
,,-0.0006646118118752153
,,-0.0006646118118752153
,,-0.0006646118118752153
,,-0.0006646118118752153
,,-0.0006646118118752153
,,-0.0006646118118752153
,,-0.0006646118118752153
,,-0.0006646118118752153
,,-0.0006646118118752153
,,-0.0006646118118752153
,,-0.0006646118118752153
,,-0.0006646118118752153
,,-0.0006646118118752153
,,-0.0006646118118752153
,,-0.0006646118118752153
,,-0.0006646118118752153
,,-0.0006646118118752153
,,-0.0006646118118752153
,,-0.0006646118118752153
,,-0.0006646118118752153
,,-0.0006646118118752153
,,-0.0006646118118752153
,,-0.0006646118118752153
,,-0.0006646118118752153
,,-0.0006646118118752153
,,-0.0006646118118752153
,,-0.0006646118118752153
,,-0.0006646118118752153
,,-0.0006646118118752153
,,-0.0006646118118752153
,,-0.0006646118118752153
,,-0.0006646118118752153
,,-0.0006646118118752153
,,-0.0006646118118752153
,,-0.0006646118118752153
,,-0.0006646118118752153
,,-0.0006646118118752153
,,-0.0006646118118752153
,,-0.0006646118118752153
,,-0.0006646118118752153
,,-0.0006646118118752153
,,-0.0006646118118752153
,,-0.0006646118118752153
,,-0.0006646118118752153
,,-0.0006646118118752153
,,-0.0006646118118752153
,,-0.0006646118118752153
,,-0.0006646118118752153
,,-0.0006646118118752153
,,-0.0006646118118752153
,,-0.0006646118118752153
,,-0.0006646118118752153
,,-0.0006646118118752153
,,-0.0006646118118752153
,,-0.0006646118118752153
,,-0.0006646118118752153
,,-0.0006646118118752153
,,-0.0006646118118752153
,,-0.0006646118118752153
,,-0.0006646118118752153
,,-0.0006646118118752153
,,-0.0006646118118752153
,,-0.0006646118118752153
,,-0.0006646118118752153
,,-0.0006646118118752153
,,-0.0006646118118752153
,,-0.0006646118118752153
,,-0.0006646118118752153
,,-0.0006646118118752153
,,-0.0006646118118752153
,,-0.0006646118118752153
,,-0.0006646118118752153
,,-0.0006646118118752153
,,-0.0006646118118752153
,,-0.0006646118118752153
,,-0.0006646118118752153
,,-0.0006646118118752153
,,-0.0006646118118752153
,,-0.0006646118118752153
,,-0.0006646118118752153
,,-0.0006646118118752153
,,-0.0006646118118752153
,,-0.0006646118118752153
,,-0.0006646118118752153
,,-0.0006646118118752153
,,-0.0006646118118752153
,,-0.0006646118118752153
,,-0.0006646118118752153
,,-0.0006646118118752153
,,-0.0006646118118752153
,,-0.0006646118118752153
,,-0.0006646118118752153
,,-0.0006646118118752153
,,-0.0006646118118752153
,,-0.0006646118118752153
,,-0.0006646118118752153
,,-0.0006646118118752153
,,-0.0006646118118752153
,,-0.0006646118118752153
,,-0.0006646118118752153
,,-0.0006646118118752153
,,-0.0006646118118752153
,,-0.0006646118118752153
,,-0.0006646118118752153
,,-0.0006646118118752153
,,-0.0006646118118752153
,,-0.0006646118118752153
,,-0.0006646118118752153
,,-0.0006646118118752153
,,-0.0006646118118752153
,,-0.0006646118118752153
,,-0.0006646118118752153
,,-0.0006646118118752153
,,-0.0006646118118752153
,,-0.0006646118118752153
,,-0.0006646118118752153
,,-0.0006646118118752153
,,-0.0006646118118752153
,,-0.0006646118118752153
,,-0.0006646118118752153
,,-0.0006646118118752153
,,-0.0006646118118752153
,,-0.0006646118118752153
,,-0.0006646118118752153
,,-0.0006646118118752153
,,-0.0006646118118752153
,,-0.0006646118118752153
,,-0.0006646118118752153
,,-0.0006646118118752153
,,-0.0006646118118752153
,,-0.0006646118118752153
,,-0.0006646118118752153
,,-0.0006646118118752153
,,-0.0006646118118752153
,,-0.0006646118118752153
,,-0.0006646118118752153
,,-0.0006646118118752153
,,-0.0006646118118752153
,,-0.0006646118118752153
,,-0.0006646118118752153
,,-0.0006646118118752153
,,-0.0006646118118752153
,,-0.0006646118118752153
,,-0.0006646118118752153
,,-0.0006646118118752153
,,-0.0006646118118752153
,,-0.0006646118118752153
,,-0.0006646118118752153
,,-0.0006646118118752153
,,-0.0006646118118752153
,,-0.0006646118118752153
,,-0.0006646118118752153
,,-0.0006646118118752153
,,-0.0006646118118752153
,,-0.0006646118118752153
,,-0.0006646118118752153
,,-0.0006646118118752153
,,-0.0006646118118752153
,,-0.0006646118118752153
,,-0.0006646118118752153
,,-0.0006646118118752153
,,-0.0006646118118752153
,,-0.0006646118118752153
,,-0.0006646118118752153
,,-0.0006646118118752153
,,-0.0006646118118752153
,,-0.0006646118118752153
,,-0.0006646118118752153
,,-0.0006646118118752153
,,-0.0006646118118752153
,,-0.0006646118118752153
,,-0.0006646118118752153
,,-0.0006646118118752153
,,-0.0006646118118752153
,,-0.0006646118118752153
,,-0.0006646118118752153
,,-0.0006646118118752153
,,-0.0006646118118752153
,,-0.0006646118118752153
,,-0.0006646118118752153
,,-0.0006646118118752153
,,-0.0006646118118752153
,,-0.0006646118118752153
,,-0.0006646118118752153
,,-0.0006646118118752153
,,-0.0006646118118752153
,,-0.0006646118118752153
,,-0.0006646118118752153
,,-0.0006646118118752153
,,-0.0006646118118752153
,,-0.0006646118118752153
,,-0.0006646118118752153
,,-0.0006646118118752153
,,-0.0006646118118752153
,,-0.0006646118118752153
,,-0.0006646118118752153
,,-0.0006646118118752153
,,-0.0006646118118752153
,,-0.0006646118118752153
,,-0.0006646118118752153
,,-0.0006646118118752153
,,-0.0006646118118752153
,,-0.0006646118118752153
,,-0.0006646118118752153
,,-0.0006646118118752153
,,-0.0006646118118752153
,,-0.0006646118118752153
,,-0.0006646118118752153
,,-0.0006646118118752153
,,-0.0006646118118752153
,,-0.0006646118118752153
,,-0.0006646118118752153
,,-0.0006646118118752153
,,-0.0006646118118752153
,,-0.0006646118118752153
,,-0.0006646118118752153
,,-0.0006646118118752153
,,-0.0006646118118752153
,,-0.0006646118118752153
,,-0.0006646118118752153
,,0.003692663028984633
,,-0.0006646118118752153
,,-0.0006646118118752153
,,-0.0006646118118752153
,,-0.0006646118118752153
,,-0.0006646118118752153
,,-0.0006646118118752153
,,-0.0006646118118752153
,,-0.0006646118118752153
,,-0.0006646118118752153
,,-0.0006646118118752153
,,-0.0006646118118752153
,,-0.0006646118118752153
,,-0.0006646118118752153
,,-0.0006646118118752153
,,-0.0006646118118752153
,,-0.0006646118118752153
,,-0.0006646118118752153
,,-0.0006646118118752153
,,-0.0006646118118752153
,,-0.0006646118118752153
,,-0.0006646118118752153
,,-0.0006646118118752153
,,-0.0006646118118752153
,,-0.0006646118118752153
,,-0.0006646118118752153
,,-0.0006646118118752153
,,-0.0006646118118752153
,,-0.0006646118118752153
,,-0.0006646118118752153
,,-0.0006646118118752153
,,-0.0006646118118752153
,,-0.0006646118118752153
,,-0.0006646118118752153
,,-0.0006646118118752153
,,-0.0006646118118752153
,,-0.0006646118118752153
,,-0.0006646118118752153
,,-0.0006646118118752153
,,-0.0006646118118752153
,,-0.0006646118118752153
,,-0.0006646118118752153
,,-0.0006646118118752153
,,-0.0006646118118752153
,,-0.0006646118118752153
,,-0.0006646118118752153
,,-0.0006646118118752153
,,-0.0006646118118752153
,,-0.0006646118118752153
,,-0.0006646118118752153
,,-0.0006646118118752153
,,-0.0006646118118752153
,,-0.0006646118118752153
,,-0.0006646118118752153
,,-0.0006646118118752153
,,-0.0006646118118752153
,,-0.0006646118118752153
,,-0.0006646118118752153
,,-0.0006646118118752153
,,-0.0006646118118752153
,,-0.0006646118118752153
,,-0.0006646118118752153
,,-0.0006646118118752153
,,-0.0006646118118752153
,,-0.0006646118118752153
,,-0.0006646118118752153
,,-0.0006646118118752153
,,-0.0006646118118752153
,,-0.0006646118118752153
,,-0.0006646118118752153
,,-0.0006646118118752153
,,-0.0006646118118752153
,,-0.0006646118118752153
,,-0.0006646118118752153
,,-0.0006646118118752153
,,-0.0006646118118752153
,,-0.0006646118118752153
,,-0.0006646118118752153
,,-0.0006646118118752153
,,-0.0006646118118752153
,,-0.0006646118118752153
,,-0.0006646118118752153
,,-0.0006646118118752153
,,-0.0006646118118752153
,,-0.0006646118118752153
,,-0.0006646118118752153
,,-0.0006646118118752153
,,-0.0006646118118752153
,,-0.0006646118118752153
,,-0.0006646118118752153
,,-0.0006646118118752153
,,-0.0006646118118752153
,,-0.0006646118118752153
,,-0.0006646118118752153
,,-0.0006646118118752153
,,-0.0006646118118752153
,,-0.0006646118118752153
,,-0.0006646118118752153
,,-0.0006646118118752153
,,-0.0006646118118752153
,,-0.0006646118118752153
,,-0.0006646118118752153
,,-0.0006646118118752153
,,-0.0006646118118752153
,,-0.0006646118118752153
,,-0.0006646118118752153
,,-0.0006646118118752153
,,-0.0006646118118752153
,,-0.0006646118118752153
,,-0.0006646118118752153
,,-0.0006646118118752153
,,-0.0006646118118752153
,,-0.0006646118118752153
,,-0.0006646118118752153
,,-0.0006646118118752153
,,-0.0006646118118752153
,,-0.0006646118118752153
,,-0.0006646118118752153
,,-0.0006646118118752153
,,-0.0006646118118752153
,,-0.0006646118118752153
,,-0.0006646118118752153
,,-0.0006646118118752153
,,-0.0006646118118752153
,,-0.0006646118118752153
,,-0.0006646118118752153
,,-0.0006646118118752153
,,-0.0006646118118752153
,,-0.0006646118118752153
,,-0.0006646118118752153
,,-0.0006646118118752153
,,-0.0006646118118752153
,,-0.0006646118118752153
,,-0.0006646118118752153
,,-0.0006646118118752153
,,-0.0006646118118752153
,,-0.0006646118118752153
,,-0.0006646118118752153
,,-0.0006646118118752153
,,-0.0006646118118752153
,,0.02330051343826589
,,-0.0006646118118752153
,,-0.0006646118118752153
,,-0.0006646118118752153
,,-0.0006646118118752153
,,-0.0006646118118752153
,,-0.0006646118118752153
,,-0.0006646118118752153
,,-0.0006646118118752153
,,-0.0006646118118752153
,,-0.0006646118118752153
,,-0.0006646118118752153
,,-0.0006646118118752153
,,-0.0006646118118752153
,,-0.0006646118118752153
,,-0.0006646118118752153
,,-0.0006646118118752153
,,-0.0006646118118752153
,,-0.0006646118118752153
,,-0.0006646118118752153
,,-0.0006646118118752153
,,-0.0006646118118752153
,,-0.0006646118118752153
,,-0.0006646118118752153
,,-0.0006646118118752153
,,-0.0006646118118752153
,,-0.0006646118118752153
,,-0.0006646118118752153
,,-0.0006646118118752153
,,-0.0006646118118752153
,,-0.0006646118118752153
,,-0.0006646118118752153
,,-0.0006646118118752153
,,-0.0006646118118752153
,,-0.0006646118118752153
,,-0.0006646118118752153
,,-0.0006646118118752153
,,-0.0006646118118752153
,,-0.0006646118118752153
,,-0.0006646118118752153
,,-0.0006646118118752153
,,-0.0006646118118752153
,,-0.0006646118118752153
,,0.04072971019491556
,,-0.0006646118118752153
,,-0.0006646118118752153
,,-0.0006646118118752153
,,-0.0006646118118752153
,,-0.0006646118118752153
,,-0.0006646118118752153
,,-0.0006646118118752153
,,-0.0006646118118752153
,,-0.0006646118118752153
,,-0.0006646118118752153
,,-0.0006646118118752153
,,-0.0006646118118752153
,,-0.0006646118118752153
,,-0.0006646118118752153
,,-0.0006646118118752153
,,-0.0006646118118752153
,,-0.0006646118118752153
,,-0.0006646118118752153
,,-0.0006646118118752153
,,-0.0006646118118752153
,,-0.0006646118118752153
,,-0.0006646118118752153
,,-0.0006646118118752153
,,-0.0006646118118752153
,,-0.0006646118118752153
,,-0.0006646118118752153
,,-0.0006646118118752153
,,-0.0006646118118752153
,,-0.0006646118118752153
,,-0.0006646118118752153
,,-0.0006646118118752153
,,-0.0006646118118752153
,,-0.0006646118118752153
,,-0.0006646118118752153
,,-0.0006646118118752153
,,-0.0006646118118752153
,,-0.0006646118118752153
,,-0.0006646118118752153
,,-0.0006646118118752153
,,-0.0006646118118752153
,,-0.0006646118118752153
,,-0.0006646118118752153
,,-0.0006646118118752153
,,-0.0006646118118752153
,,-0.0006646118118752153
,,-0.0006646118118752153
,,-0.0006646118118752153
,,-0.0006646118118752153
,,-0.0006646118118752153
,,-0.0006646118118752153
,,-0.0006646118118752153
,,-0.0006646118118752153
,,-0.0006646118118752153
,,-0.0006646118118752153
,,-0.0006646118118752153
,,-0.0006646118118752153
,,-0.0006646118118752153
,,-0.0006646118118752153
,,-0.0006646118118752153
,,-0.0006646118118752153
,,-0.0006646118118752153
,,-0.0006646118118752153
,,-0.0006646118118752153
,,-0.0006646118118752153
,,-0.0006646118118752153
,,-0.0006646118118752153
,,-0.0006646118118752153
,,-0.0006646118118752153
,,-0.0006646118118752153
,,-0.0006646118118752153
,,-0.0006646118118752153
,,-0.0006646118118752153
,,0.18669921274160411
,,-0.0006646118118752153
,,-0.0006646118118752153
,,-0.0006646118118752153
,,-0.0006646118118752153
,,-0.0006646118118752153
,,-0.0006646118118752153
,,-0.0006646118118752153
,,-0.0006646118118752153
,,-0.0006646118118752153
,,-0.0006646118118752153
,,-0.0006646118118752153
,,-0.0006646118118752153
,,-0.0006646118118752153
,,-0.0006646118118752153
,,-0.0006646118118752153
,,-0.0006646118118752153
,,-0.0006646118118752153
,,-0.0006646118118752153
,,-0.0006646118118752153
,,-0.0006646118118752153
,,-0.0006646118118752153
,,-0.0006646118118752153
,,-0.0006646118118752153
,,-0.0006646118118752153
,,-0.0006646118118752153
,,-0.0006646118118752153
,,-0.0006646118118752153
,,-0.0006646118118752153
,,-0.0006646118118752153
,,-0.0006646118118752153
,,-0.0006646118118752153
,,-0.0006646118118752153
,,-0.0006646118118752153
,,-0.0006646118118752153
,,-0.0006646118118752153
,,-0.0006646118118752153
,,-0.0006646118118752153
,,-0.0006646118118752153
,,-0.0006646118118752153
,,-0.0006646118118752153
,,-0.0006646118118752153
,,-0.0006646118118752153
,,-0.0006646118118752153
,,-0.0006646118118752153
,,-0.0006646118118752153
,,-0.0006646118118752153
,,-0.0006646118118752153
,,-0.0006646118118752153
,,-0.0006646118118752153
,,-0.0006646118118752153
,,-0.0006646118118752153
,,-0.0006646118118752153
,,-0.0006646118118752153
,,-0.0006646118118752153
,,-0.0006646118118752153
,,-0.0006646118118752153
,,-0.0006646118118752153
,,-0.0006646118118752153
,,-0.0006646118118752153
,,-0.0006646118118752153
,,-0.0006646118118752153
,,-0.0006646118118752153
,,-0.0006646118118752153
,,-0.0006646118118752153
,,-0.0006646118118752153
,,-0.0006646118118752153
,,-0.0006646118118752153
,,-0.0006646118118752153
,,-0.0006646118118752153
,,-0.0006646118118752153
,,-0.0006646118118752153
,,-0.0006646118118752153
,,-0.0006646118118752153
,,-0.0006646118118752153
,,-0.0006646118118752153
,,-0.0006646118118752153
,,-0.0006646118118752153
,,-0.0006646118118752153
,,-0.0006646118118752153
,,-0.0006646118118752153
,,-0.0006646118118752153
,,-0.0006646118118752153
,,-0.0006646118118752153
,,-0.0006646118118752153
,,-0.0006646118118752153
,,-0.0006646118118752153
,,-0.0006646118118752153
,,-0.0006646118118752153
,,-0.0006646118118752153
,,-0.0006646118118752153
,,-0.0006646118118752153
,,-0.0006646118118752153
,,-0.0006646118118752153
,,-0.0006646118118752153
,,-0.0006646118118752153
,,-0.0006646118118752153
,,-0.0006646118118752153
,,-0.0006646118118752153
,,-0.0006646118118752153
,,-0.0006646118118752153
,,-0.0006646118118752153
,,-0.0006646118118752153
,,-0.0006646118118752153
,,-0.0006646118118752153
,,-0.0006646118118752153
,,-0.0006646118118752153
,,-0.0006646118118752153
,,-0.0006646118118752153
,,-0.0006646118118752153
,,-0.0006646118118752153
,,0.003692663028984633
,,-0.0006646118118752153
,,-0.0006646118118752153
,,-0.0006646118118752153
,,-0.0006646118118752153
,,-0.0006646118118752153
,,-0.0006646118118752153
,,-0.0006646118118752153
,,-0.0006646118118752153
,,-0.0006646118118752153
,,-0.0006646118118752153
,,-0.0006646118118752153
,,-0.0006646118118752153
,,-0.0006646118118752153
,,-0.0006646118118752153
,,-0.0006646118118752153
,,-0.0006646118118752153
,,-0.0006646118118752153
,,-0.0006646118118752153
,,-0.0006646118118752153
,,-0.0006646118118752153
,,-0.0006646118118752153
,,-0.0006646118118752153
,,-0.0006646118118752153
,,-0.0006646118118752153
,,-0.0006646118118752153
,,-0.0006646118118752153
,,-0.0006646118118752153
,,-0.0006646118118752153
,,-0.0006646118118752153
,,-0.0006646118118752153
,,-0.0006646118118752153
,,-0.0006646118118752153
,,-0.0006646118118752153
,,-0.0006646118118752153
,,-0.0006646118118752153
,,-0.0006646118118752153
,,-0.0006646118118752153
,,-0.0006646118118752153
,,-0.0006646118118752153
,,-0.0006646118118752153
,,-0.0006646118118752153
,,-0.0006646118118752153
,,-0.0006646118118752153
,,-0.0006646118118752153
,,-0.0006646118118752153
,,-0.0006646118118752153
,,-0.0006646118118752153
,,-0.0006646118118752153
,,-0.0006646118118752153
,,-0.0006646118118752153
,,-0.0006646118118752153
,,-0.0006646118118752153
,,-0.0006646118118752153
,,-0.0006646118118752153
,,-0.0006646118118752153
,,-0.0006646118118752153
,,-0.0006646118118752153
,,-0.0006646118118752153
,,-0.0006646118118752153
,,-0.0006646118118752153
,,-0.0006646118118752153
,,-0.0006646118118752153
,,-0.0006646118118752153
,,-0.0006646118118752153
,,-0.0006646118118752153
,,-0.0006646118118752153
,,-0.0006646118118752153
,,-0.0006646118118752153
,,-0.0006646118118752153
,,-0.0006646118118752153
,,-0.0006646118118752153
,,-0.0006646118118752153
,,-0.0006646118118752153
,,-0.0006646118118752153
,,-0.0006646118118752153
,,-0.0006646118118752153
,,-0.0006646118118752153
,,-0.0006646118118752153
,,-0.0006646118118752153
,,-0.0006646118118752153
,,-0.0006646118118752153
,,-0.0006646118118752153
,,-0.0006646118118752153
,,-0.0006646118118752153
,,-0.0006646118118752153
,,-0.0006646118118752153
,,-0.0006646118118752153
,,-0.0006646118118752153
,,-0.0006646118118752153
,,-0.0006646118118752153
,,-0.0006646118118752153
,,-0.0006646118118752153
,,-0.0006646118118752153
,,-0.0006646118118752153
,,-0.0006646118118752153
,,-0.0006646118118752153
,,-0.0006646118118752153
,,-0.0006646118118752153
,,-0.0006646118118752153
,,-0.0006646118118752153
,,-0.0006646118118752153
,,-0.0006646118118752153
,,-0.0006646118118752153
,,-0.0006646118118752153
,,-0.0006646118118752153
,,-0.0006646118118752153
,,-0.0006646118118752153
,,-0.0006646118118752153
,,-0.0006646118118752153
,,-0.0006646118118752153
,,-0.0006646118118752153
,,-0.0006646118118752153
,,-0.0006646118118752153
,,-0.0006646118118752153
,,-0.0006646118118752153
,,-0.0006646118118752153
,,-0.0006646118118752153
,,-0.0006646118118752153
,,-0.0006646118118752153
,,-0.0006646118118752153
,,-0.0006646118118752153
,,-0.0006646118118752153
,,-0.0006646118118752153
,,-0.0006646118118752153
,,-0.0006646118118752153
,,-0.0006646118118752153
,,-0.0006646118118752153
,,-0.0006646118118752153
,,-0.0006646118118752153
,,-0.0006646118118752153
,,-0.0006646118118752153
,,-0.0006646118118752153
,,-0.0006646118118752153
,,-0.0006646118118752153
,,-0.0006646118118752153
,,-0.0006646118118752153
,,-0.0006646118118752153
,,-0.0006646118118752153
,,-0.0006646118118752153
,,-0.0006646118118752153
,,-0.0006646118118752153
,,-0.0006646118118752153
,,-0.0006646118118752153
,,-0.0006646118118752153
,,-0.0006646118118752153
,,-0.0006646118118752153
,,-0.0006646118118752153
,,-0.0006646118118752153
,,-0.0006646118118752153
,,-0.0006646118118752153
,,-0.0006646118118752153
,,-0.0006646118118752153
,,-0.0006646118118752153
,,-0.0006646118118752153
,,-0.0006646118118752153
,,-0.0006646118118752153
,,-0.0006646118118752153
,,-0.0006646118118752153
,,-0.0006646118118752153
,,-0.0006646118118752153
,,-0.0006646118118752153
,,-0.0006646118118752153
,,-0.0006646118118752153
,,-0.0006646118118752153
,,-0.0006646118118752153
,,-0.0006646118118752153
,,-0.0006646118118752153
,,-0.0006646118118752153
,,-0.0006646118118752153
,,-0.0006646118118752153
,,-0.0006646118118752153
,,-0.0006646118118752153
,,-0.0006646118118752153
,,-0.0006646118118752153
,,-0.0006646118118752153
,,-0.0006646118118752153
,,-0.0006646118118752153
,,-0.0006646118118752153
,,-0.0006646118118752153
,,-0.0006646118118752153
,,-0.0006646118118752153
,,-0.0006646118118752153
,,0.0951959541174961
,,-0.0006646118118752153
,,-0.0006646118118752153
,,-0.0006646118118752153
,,-0.0006646118118752153
,,-0.0006646118118752153
,,-0.0006646118118752153
,,-0.0006646118118752153
,,-0.0006646118118752153
,,-0.0006646118118752153
,,-0.0006646118118752153
,,-0.0006646118118752153
,,-0.0006646118118752153
,,-0.0006646118118752153
,,-0.0006646118118752153
,,-0.0006646118118752153
,,-0.0006646118118752153
,,-0.0006646118118752153
,,-0.0006646118118752153
,,-0.0006646118118752153
,,-0.0006646118118752153
,,-0.0006646118118752153
,,-0.0006646118118752153
,,-0.0006646118118752153
,,-0.0006646118118752153
,,-0.0006646118118752153
,,-0.0006646118118752153
,,-0.0006646118118752153
,,-0.0006646118118752153
,,-0.0006646118118752153
,,-0.0006646118118752153
,,-0.0006646118118752153
,,-0.0006646118118752153
,,-0.0006646118118752153
,,-0.0006646118118752153
,,-0.0006646118118752153
,,-0.0006646118118752153
,,-0.0006646118118752153
,,-0.0006646118118752153
,,-0.0006646118118752153
,,-0.0006646118118752153
,,-0.0006646118118752153
,,-0.0006646118118752153
,,-0.0006646118118752153
,,-0.0006646118118752153
,,-0.0006646118118752153
,,-0.0006646118118752153
,,-0.0006646118118752153
,,-0.0006646118118752153
,,-0.0006646118118752153
,,-0.0006646118118752153
,,-0.0006646118118752153
,,-0.0006646118118752153
,,-0.0006646118118752153
,,-0.0006646118118752153
,,-0.0006646118118752153
,,-0.0006646118118752153
,,-0.0006646118118752153
,,-0.0006646118118752153
,,-0.0006646118118752153
,,-0.0006646118118752153
,,-0.0006646118118752153
,,-0.0006646118118752153
,,-0.0006646118118752153
,,-0.0006646118118752153
,,-0.0006646118118752153
,,-0.0006646118118752153
,,-0.0006646118118752153
,,-0.0006646118118752153
,,-0.0006646118118752153
,,-0.0006646118118752153
,,-0.0006646118118752153
,,-0.0006646118118752153
,,-0.0006646118118752153
,,-0.0006646118118752153
,,-0.0006646118118752153
,,-0.0006646118118752153
,,-0.0006646118118752153
,,-0.0006646118118752153
,,-0.0006646118118752153
,,-0.0006646118118752153
,,-0.0006646118118752153
,,-0.0006646118118752153
,,-0.0006646118118752153
,,-0.0006646118118752153
,,-0.0006646118118752153
,,-0.0006646118118752153
,,-0.0006646118118752153
,,-0.0006646118118752153
,,-0.0006646118118752153
,,-0.0006646118118752153
,,-0.0006646118118752153
,,-0.0006646118118752153
,,-0.0006646118118752153
,,-0.0006646118118752153
,,-0.0006646118118752153
,,-0.0006646118118752153
,,-0.0006646118118752153
,,-0.0006646118118752153
,,-0.0006646118118752153
,,-0.0006646118118752153
,,-0.0006646118118752153
,,-0.0006646118118752153
,,-0.0006646118118752153
,,-0.0006646118118752153
,,-0.0006646118118752153
,,-0.0006646118118752153
,,-0.0006646118118752153
,,-0.0006646118118752153
,,-0.0006646118118752153
,,-0.0006646118118752153
,,-0.0006646118118752153
,,-0.0006646118118752153
,,-0.0006646118118752153
,,-0.0006646118118752153
,,-0.0006646118118752153
,,-0.0006646118118752153
,,-0.0006646118118752153
,,-0.0006646118118752153
,,-0.0006646118118752153
,,-0.0006646118118752153
,,-0.0006646118118752153
,,-0.0006646118118752153
,,-0.0006646118118752153
,,-0.0006646118118752153
,,-0.0006646118118752153
,,-0.0006646118118752153
,,-0.0006646118118752153
,,-0.0006646118118752153
,,-0.0006646118118752153
,,-0.0006646118118752153
,,-0.0006646118118752153
,,-0.0006646118118752153
,,-0.0006646118118752153
,,-0.0006646118118752153
,,-0.0006646118118752153
,,-0.0006646118118752153
,,-0.0006646118118752153
,,-0.0006646118118752153
,,-0.0006646118118752153
,,-0.0006646118118752153
,,-0.0006646118118752153
,,-0.0006646118118752153
,,-0.0006646118118752153
,,-0.0006646118118752153
,,-0.0006646118118752153
,,-0.0006646118118752153
,,-0.0006646118118752153
,,-0.0006646118118752153
,,-0.0006646118118752153
,,-0.0006646118118752153
,,-0.0006646118118752153
,,-0.0006646118118752153
,,-0.0006646118118752153
,,-0.0006646118118752153
,,-0.0006646118118752153
,,-0.0006646118118752153
,,-0.0006646118118752153
,,-0.0006646118118752153
,,-0.0006646118118752153
,,-0.0006646118118752153
,,-0.0006646118118752153
,,-0.0006646118118752153
,,-0.0006646118118752153
,,-0.0006646118118752153
,,-0.0006646118118752153
,,-0.0006646118118752153
,,-0.0006646118118752153
,,-0.0006646118118752153
,,-0.0006646118118752153
,,-0.0006646118118752153
,,-0.0006646118118752153
,,-0.0006646118118752153
,,-0.0006646118118752153
,,-0.0006646118118752153
,,-0.0006646118118752153
,,-0.0006646118118752153
,,-0.0006646118118752153
,,-0.0006646118118752153
,,-0.0006646118118752153
,,-0.0006646118118752153
,,-0.0006646118118752153
,,-0.0006646118118752153
,,-0.0006646118118752153
,,-0.0006646118118752153
,,-0.0006646118118752153
,,-0.0006646118118752153
,,-0.0006646118118752153
,,-0.0006646118118752153
,,-0.0006646118118752153
,,-0.0006646118118752153
,,-0.0006646118118752153
,,-0.0006646118118752153
,,-0.0006646118118752153
,,-0.0006646118118752153
,,-0.0006646118118752153
,,-0.0006646118118752153
,,-0.0006646118118752153
,,-0.0006646118118752153
,,0.09301730046486445
,,-0.0006646118118752153
,,-0.0006646118118752153
,,-0.0006646118118752153
,,-0.0006646118118752153
,,-0.0006646118118752153
,,-0.0006646118118752153
,,-0.0006646118118752153
,,-0.0006646118118752153
,,-0.0006646118118752153
,,-0.0006646118118752153
,,-0.0006646118118752153
,,-0.0006646118118752153
,,-0.0006646118118752153
,,-0.0006646118118752153
,,-0.0006646118118752153
,,-0.0006646118118752153
,,-0.0006646118118752153
,,-0.0006646118118752153
,,-0.0006646118118752153
,,-0.0006646118118752153
,,-0.0006646118118752153
,,-0.0006646118118752153
,,-0.0006646118118752153
,,-0.0006646118118752153
,,-0.0006646118118752153
,,-0.0006646118118752153
,,-0.0006646118118752153
,,-0.0006646118118752153
,,-0.0006646118118752153
,,-0.0006646118118752153
,,-0.0006646118118752153
,,-0.0006646118118752153
,,-0.0006646118118752153
,,-0.0006646118118752153
,,-0.0006646118118752153
,,-0.0006646118118752153
,,-0.0006646118118752153
,,-0.0006646118118752153
,,-0.0006646118118752153
,,-0.0006646118118752153
,,-0.0006646118118752153
,,-0.0006646118118752153
,,-0.0006646118118752153
,,-0.0006646118118752153
,,-0.0006646118118752153
,,-0.0006646118118752153
,,-0.0006646118118752153
,,-0.0006646118118752153
,,0.09301730046486445
,,-0.0006646118118752153
,,-0.0006646118118752153
,,-0.0006646118118752153
,,-0.0006646118118752153
,,-0.0006646118118752153
,,-0.0006646118118752153
,,-0.0006646118118752153
,,-0.0006646118118752153
,,-0.0006646118118752153
,,-0.0006646118118752153
,,-0.0006646118118752153
,,-0.0006646118118752153
,,-0.0006646118118752153
,,-0.0006646118118752153
,,-0.0006646118118752153
,,-0.0006646118118752153
,,-0.0006646118118752153
,,-0.0006646118118752153
,,-0.0006646118118752153
,,-0.0006646118118752153
,,-0.0006646118118752153
,,-0.0006646118118752153
,,-0.0006646118118752153
,,-0.0006646118118752153
,,-0.0006646118118752153
,,-0.0006646118118752153
,,-0.0006646118118752153
,,-0.0006646118118752153
,,-0.0006646118118752153
,,-0.0006646118118752153
,,-0.0006646118118752153
,,-0.0006646118118752153
,,-0.0006646118118752153
,,-0.0006646118118752153
,,-0.0006646118118752153
,,-0.0006646118118752153
,,-0.0006646118118752153
,,-0.0006646118118752153
,,-0.0006646118118752153
,,-0.0006646118118752153
,,-0.0006646118118752153
,,-0.0006646118118752153
,,-0.0006646118118752153
,,-0.0006646118118752153
,,-0.0006646118118752153
,,-0.0006646118118752153
,,-0.0006646118118752153
,,-0.0006646118118752153
,,-0.0006646118118752153
,,-0.0006646118118752153
,,-0.0006646118118752153
,,-0.0006646118118752153
,,-0.0006646118118752153
,,-0.0006646118118752153
,,-0.0006646118118752153
,,-0.0006646118118752153
,,-0.0006646118118752153
,,-0.0006646118118752153
,,-0.0006646118118752153
,,-0.0006646118118752153
,,-0.0006646118118752153
,,-0.0006646118118752153
,,-0.0006646118118752153
,,-0.0006646118118752153
,,-0.0006646118118752153
,,-0.0006646118118752153
,,-0.0006646118118752153
,,-0.0006646118118752153
,,-0.0006646118118752153
,,-0.0006646118118752153
,,-0.0006646118118752153
,,-0.0006646118118752153
,,-0.0006646118118752153
,,-0.0006646118118752153
,,-0.0006646118118752153
,,-0.0006646118118752153
,,-0.0006646118118752153
,,-0.0006646118118752153
,,-0.0006646118118752153
,,-0.0006646118118752153
,,-0.0006646118118752153
,,-0.0006646118118752153
,,-0.0006646118118752153
,,-0.0006646118118752153
,,-0.0006646118118752153
,,-0.0006646118118752153
,,-0.0006646118118752153
,,-0.0006646118118752153
,,-0.0006646118118752153
,,-0.0006646118118752153
,,-0.0006646118118752153
,,-0.0006646118118752153
,,-0.0006646118118752153
,,-0.0006646118118752153
,,-0.0006646118118752153
,,-0.0006646118118752153
,,-0.0006646118118752153
,,-0.0006646118118752153
,,-0.0006646118118752153
,,-0.0006646118118752153
,,-0.0006646118118752153
,,-0.0006646118118752153
,,-0.0006646118118752153
,,-0.0006646118118752153
,,-0.0006646118118752153
,,-0.0006646118118752153
,,-0.0006646118118752153
,,-0.0006646118118752153
,,-0.0006646118118752153
,,-0.0006646118118752153
,,-0.0006646118118752153
,,-0.0006646118118752153
,,-0.0006646118118752153
,,-0.0006646118118752153
,,-0.0006646118118752153
,,-0.0006646118118752153
,,-0.0006646118118752153
,,-0.0006646118118752153
,,-0.0006646118118752153
,,-0.0006646118118752153
,,-0.0006646118118752153
,,-0.0006646118118752153
,,-0.0006646118118752153
,,-0.0006646118118752153
,,-0.0006646118118752153
,,-0.0006646118118752153
,,-0.0006646118118752153
,,-0.0006646118118752153
,,-0.0006646118118752153
,,-0.0006646118118752153
,,-0.0006646118118752153
,,-0.0006646118118752153
,,-0.0006646118118752153
,,-0.0006646118118752153
,,-0.0006646118118752153
,,-0.0006646118118752153
,,-0.0006646118118752153
,,-0.0006646118118752153
,,-0.0006646118118752153
,,-0.0006646118118752153
,,-0.0006646118118752153
,,-0.0006646118118752153
,,-0.0006646118118752153
,,-0.0006646118118752153
,,-0.0006646118118752153
,,-0.0006646118118752153
,,-0.0006646118118752153
,,-0.0006646118118752153
,,-0.0006646118118752153
,,-0.0006646118118752153
,,-0.0006646118118752153
,,-0.0006646118118752153
,,-0.0006646118118752153
,,-0.0006646118118752153
,,-0.0006646118118752153
,,-0.0006646118118752153
,,-0.0006646118118752153
,,-0.0006646118118752153
,,-0.0006646118118752153
,,-0.0006646118118752153
,,-0.0006646118118752153
,,-0.0006646118118752153
,,-0.0006646118118752153
,,-0.0006646118118752153
,,-0.0006646118118752153
,,-0.0006646118118752153
,,-0.0006646118118752153
,,-0.0006646118118752153
,,-0.0006646118118752153
,,-0.0006646118118752153
,,-0.0006646118118752153
,,-0.0006646118118752153
,,-0.0006646118118752153
,,-0.0006646118118752153
,,-0.0006646118118752153
,,-0.0006646118118752153
,,-0.0006646118118752153
,,-0.0006646118118752153
,,-0.0006646118118752153
,,-0.0006646118118752153
,,-0.0006646118118752153
,,-0.0006646118118752153
,,-0.0006646118118752153
,,-0.0006646118118752153
,,-0.0006646118118752153
,,-0.0006646118118752153
,,-0.0006646118118752153
,,-0.0006646118118752153
,,-0.0006646118118752153
,,-0.0006646118118752153
,,-0.0006646118118752153
,,-0.0006646118118752153
,,-0.0006646118118752153
,,-0.0006646118118752153
,,-0.0006646118118752153
,,-0.0006646118118752153
,,-0.0006646118118752153
,,-0.0006646118118752153
,,-0.0006646118118752153
,,-0.0006646118118752153
,,-0.0006646118118752153
,,-0.0006646118118752153
,,-0.0006646118118752153
,,-0.0006646118118752153
,,-0.0006646118118752153
,,-0.0006646118118752153
,,-0.0006646118118752153
,,-0.0006646118118752153
,,-0.0006646118118752153
,,-0.0006646118118752153
,,-0.0006646118118752153
,,-0.0006646118118752153
,,-0.0006646118118752153
,,-0.0006646118118752153
,,-0.0006646118118752153
,,-0.0006646118118752153
,,-0.0006646118118752153
,,-0.0006646118118752153
,,-0.0006646118118752153
,,-0.0006646118118752153
,,-0.0006646118118752153
,,-0.0006646118118752153
,,-0.0006646118118752153
,,-0.0006646118118752153
,,-0.0006646118118752153
,,-0.0006646118118752153
,,-0.0006646118118752153
,,-0.0006646118118752153
,,-0.0006646118118752153
,,-0.0006646118118752153
,,-0.0006646118118752153
,,-0.0006646118118752153
,,-0.0006646118118752153
,,-0.0006646118118752153
,,-0.0006646118118752153
,,-0.0006646118118752153
,,-0.0006646118118752153
,,-0.0006646118118752153
,,-0.0006646118118752153
,,-0.0006646118118752153
,,-0.0006646118118752153
,,-0.0006646118118752153
,,-0.0006646118118752153
,,-0.0006646118118752153
,,-0.0006646118118752153
,,-0.0006646118118752153
,,-0.0006646118118752153
,,-0.0006646118118752153
,,-0.0006646118118752153
,,-0.0006646118118752153
,,-0.0006646118118752153
,,-0.0006646118118752153
,,-0.0006646118118752153
,,-0.0006646118118752153
,,-0.0006646118118752153
,,-0.0006646118118752153
,,-0.0006646118118752153
,,-0.0006646118118752153
,,-0.0006646118118752153
,,-0.0006646118118752153
,,-0.0006646118118752153
,,-0.0006646118118752153
,,-0.0006646118118752153
,,-0.0006646118118752153
,,-0.0006646118118752153
,,-0.0006646118118752153
,,-0.0006646118118752153
,,-0.0006646118118752153
,,-0.0006646118118752153
,,-0.0006646118118752153
,,-0.0006646118118752153
,,-0.0006646118118752153
,,-0.0006646118118752153
,,-0.0006646118118752153
,,-0.0006646118118752153
,,-0.0006646118118752153
,,-0.0006646118118752153
,,-0.0006646118118752153
,,-0.0006646118118752153
,,-0.0006646118118752153
,,-0.0006646118118752153
,,-0.0006646118118752153
,,-0.0006646118118752153
,,-0.0006646118118752153
,,-0.0006646118118752153
,,-0.0006646118118752153
,,-0.0006646118118752153
,,-0.0006646118118752153
,,-0.0006646118118752153
,,-0.0006646118118752153
,,-0.0006646118118752153
,,-0.0006646118118752153
,,-0.0006646118118752153
,,-0.0006646118118752153
,,-0.0006646118118752153
,,-0.0006646118118752153
,,-0.0006646118118752153
,,-0.0006646118118752153
,,-0.0006646118118752153
,,-0.0006646118118752153
,,-0.0006646118118752153
,,-0.0006646118118752153
,,-0.0006646118118752153
,,-0.0006646118118752153
,,-0.0006646118118752153
,,-0.0006646118118752153
,,-0.0006646118118752153
,,-0.0006646118118752153
,,0.11480377206237391
,,0.005871316681616279
,,-0.0006646118118752153
,,-0.0006646118118752153
,,-0.0006646118118752153
,,-0.0006646118118752153
,,-0.0006646118118752153
,,-0.0006646118118752153
,,-0.0006646118118752153
,,-0.0006646118118752153
,,-0.0006646118118752153
,,-0.0006646118118752153
,,-0.0006646118118752153
,,-0.0006646118118752153
,,-0.0006646118118752153
,,-0.0006646118118752153
,,-0.0006646118118752153
,,-0.0006646118118752153
,,-0.0006646118118752153
,,-0.0006646118118752153
,,-0.0006646118118752153
,,-0.0006646118118752153
,,-0.0006646118118752153
,,-0.0006646118118752153
,,-0.0006646118118752153
,,-0.0006646118118752153
,,-0.0006646118118752153
,,-0.0006646118118752153
,,-0.0006646118118752153
,,-0.0006646118118752153
,,-0.0006646118118752153
,,-0.0006646118118752153
,,-0.0006646118118752153
,,-0.0006646118118752153
,,-0.0006646118118752153
,,-0.0006646118118752153
,,-0.0006646118118752153
,,-0.0006646118118752153
,,-0.0006646118118752153
,,-0.0006646118118752153
,,-0.0006646118118752153
,,-0.0006646118118752153
,,-0.0006646118118752153
,,-0.0006646118118752153
,,-0.0006646118118752153
,,-0.0006646118118752153
,,-0.0006646118118752153
,,-0.0006646118118752153
,,-0.0006646118118752153
,,-0.0006646118118752153
,,-0.0006646118118752153
,,-0.0006646118118752153
,,-0.0006646118118752153
,,-0.0006646118118752153
,,-0.0006646118118752153
,,-0.0006646118118752153
,,-0.0006646118118752153
,,-0.0006646118118752153
,,-0.0006646118118752153
,,-0.0006646118118752153
,,-0.0006646118118752153
,,-0.0006646118118752153
,,-0.0006646118118752153
,,-0.0006646118118752153
,,-0.0006646118118752153
,,-0.0006646118118752153
,,-0.0006646118118752153
,,-0.0006646118118752153
,,-0.0006646118118752153
,,-0.0006646118118752153
,,-0.0006646118118752153
,,-0.0006646118118752153
,,-0.0006646118118752153
,,-0.0006646118118752153
,,-0.0006646118118752153
,,-0.0006646118118752153
,,-0.0006646118118752153
,,-0.0006646118118752153
,,-0.0006646118118752153
,,-0.0006646118118752153
,,-0.0006646118118752153
,,-0.0006646118118752153
,,-0.0006646118118752153
,,-0.0006646118118752153
,,-0.0006646118118752153
,,-0.0006646118118752153
,,-0.0006646118118752153
,,-0.0006646118118752153
,,-0.0006646118118752153
