EMG_time_ms,EMG_raw,EMG_rms,FORCE_time_ms,FORCE_raw,FORCE_rms
0.0,0.0,0.0,0.0,0.3420350268453114,0.2959369687985469
0.4655172734839499,0.0,0.0,0.29028768291797663,0.41610918610598047,0.29865847452564914
0.9310345469678998,0.0,0.0,0.5805753658359533,0.4335384153270332,0.3016437714350698
1.3965518204518497,0.0,0.0,0.87086304875393,0.3420350268453114,0.30406948066456246
1.8620690939357996,0.0,0.0,1.1611507316719065,0.38778672108617185,0.3063205030927817
2.3275863674197494,0.0,0.0,1.451438414589883,0.3681790005345049,0.30911763624482375
2.7931036409036993,0.0,0.0,1.74172609750786,0.4662181227232973,0.3113321611735372
3.2586209143876492,0.0,0.0,2.0320137804258365,0.4662181227232973,0.31255224783055163
3.724138187871599,0.0,0.0,2.322301463343813,0.4662181227232973,0.3149454903064038
4.189655461355549,0.0,0.0,2.6125891462617896,0.34857102026761,0.317320683386305
4.655172734839499,0.0,0.0,2.902876829179766,0.40521595030722546,0.3207468399950866
5.120690008323448,0.0,0.0,3.1931645120977428,0.53593503960751,0.3227156825785047
5.586207281807399,0.0,0.0,3.48345219501572,0.31371256182550367,0.3250845903871615
6.051724555291348,0.0,0.0,3.7737398779336964,0.38560822975555764,0.3264000551368103
6.5172418287752985,0.0,0.0,4.064027560851673,0.47493260747621013,0.32958420457140136
6.982759102259248,0.0,0.0,4.3543152437696495,0.41175194372952406,0.33273788454670117
7.448276375743198,0.0,0.0,4.644602926687626,0.3660002494886627,0.33506062950641613
7.913793649227148,0.0,0.0,4.934890609605603,0.4291811729505768,0.33780408820922475
8.379310922711097,0.0,0.0,5.225178292523579,0.31589131287134586,0.33939809118214137
8.844828196195047,0.0,0.0,5.515465975441556,0.3442137778911536,0.34155577659311404
9.310345469678998,0.0,0.0,5.805753658359532,0.48364735194435005,0.34349367746883014
9.775862743162946,0.0,0.0,6.096041341277509,0.4487888935022446,0.34666125500716516
10.241380016646897,0.0,0.0,6.3863290241954855,0.3594642560663641,0.3487972184950566
10.706897290130847,0.0,0.0,6.676616707113462,0.41175194372952406,0.35256259653381783
11.172414563614797,0.0,0.0,6.96690439003144,0.3267845486701,0.35437592651737404
11.637931837098746,0.0,0.0,7.257192072949416,0.31153407049488946,0.35607570813642175
12.103449110582696,0.0,0.0,7.547479755867393,0.4683968737691395,0.3579998763522865
12.568966384066647,0.0,0.0,7.837767438785369,0.4553248869245423,0.3643276529547303
13.034483657550597,0.0,0.0,8.128055121703346,0.41393043506013827,0.36718304783466366
13.500000931034545,0.0,0.0,8.418342804621322,0.3681790005345049,0.3743444970885557
13.965518204518496,0.0,0.0,8.708630487539299,0.4270024219047346,0.3763886045373347
14.431035478002446,0.0,0.0,8.998918170457275,0.442252900079946,0.3789537686224519
14.896552751486396,0.0,0.0,9.289205853375252,0.420466428482436,0.3797135771539372
15.362070024970345,0.0,0.0,9.57949353629323,0.3420350268453114,0.38247934222969615
15.827587298454295,0.0,0.0,9.869781219211205,0.41610918610598047,0.3848849487809192
16.293104571938244,0.0,0.0,10.160068902129183,0.3594642560663641,0.38691624762749177
16.758621845422194,0.0,0.0,10.450356585047158,0.4640393716774551,0.3895081979993097
17.224139118906145,0.0,0.0,10.740644267965136,0.41393043506013827,0.39096312708511083
17.689656392390095,0.0,0.0,11.030931950883112,0.41610918610598047,0.39348062809251694
18.155173665874045,0.0,0.0,11.321219633801089,0.40957319268368186,0.3952624591455527
18.620690939357996,0.0,0.0,11.611507316719065,0.49236183669726286,0.39741217933728146
19.086208212841946,0.0,0.0,11.901794999637042,0.40303719926138326,0.3992971256170248
19.551725486325893,0.0,0.0,12.192082682555018,0.48800459432080645,0.40256363245060944
20.017242759809843,0.0,0.0,12.482370365472995,0.4640393716774551,0.4047833477447092
20.482760033293793,0.0,0.0,12.772658048390971,0.453146135878701,0.4066948293795192
20.948277306777744,0.0,0.0,13.062945731308949,0.3463925289369958,0.4077775508876072
21.413794580261694,0.0,0.0,13.353233414226924,0.47711135852205233,0.41054614862434974
21.879311853745644,0.0,0.0,13.643521097144902,0.2744971207221689,0.4126373741832639
22.344829127229595,0.0,0.0,13.93380878006288,0.5293990461852114,0.41415157794373625
22.810346400713545,0.0,0.0,14.224096462980855,0.5054338235418601,0.41648422135884494
23.275863674197492,0.0,0.0,14.514384145898832,0.38560822975555764,0.41832246624579195
23.741380947681442,0.0,0.0,14.804671828816808,0.48582610299019224,0.42092731561166685
24.206898221165392,0.0,0.0,15.094959511734785,0.420466428482436,0.4228652150029706
24.672415494649343,0.0,0.0,15.385247194652761,0.3594642560663641,0.4250636542511919
25.137932768133293,0.0,0.0,15.675534877570739,0.41610918610598047,0.42552466280510937
25.603450041617243,0.0,0.0,15.965822560488714,0.4378956577034896,0.4248588051007206
26.068967315101194,0.0,0.0,16.25611024340669,0.39650146555431265,0.4245015802253157
26.53448458858514,0.0,0.0,16.54639792632467,0.38342947870971633,0.42540846994734144
27.00000186206909,0.0,0.0,16.836685609242643,0.4291811729505768,0.42577978087246265
27.46551913555304,0.0,0.0,17.12697329216062,0.38342947870971633,0.4256930410236394
27.93103640903699,0.0,0.0,17.417260975078598,0.28539035652092304,0.4247071806380882
28.396553682520942,0.0,0.0,17.707548657996576,0.40085870793076905,0.4245102044822876
28.862070956004892,0.0,0.0,17.99783634091455,0.40085870793076905,0.4246004764307115
29.327588229488843,0.0,0.0,18.288124023832527,0.48364735194435005,0.4252694002976301
29.793105502972793,0.0,0.0,18.578411706750504,0.3681790005345049,0.42511750214515476
30.25862277645674,0.0,0.0,18.868699389668482,0.40521595030722546,0.4234648094982874
30.72414004994069,0.0,0.0,19.15898707258646,0.30281932602674866,0.42447257520859244
31.18965732342464,0.0,0.0,19.449274755504433,0.4727541161455959,0.4256222211682922
31.65517459690859,0.0,0.0,19.73956243842241,0.4727541161455959,0.4251269366342526
32.12069187039254,0.0,0.0,20.029850121340388,0.40739470135306766,0.4251269366342526
32.58620914387649,0.0,0.0,20.320137804258366,0.4444316511257882,0.4262242421234135
33.05172641736044,0.0,0.0,20.61042548717634,0.3398565355146972,0.42674595436677143
33.51724369084439,0.0,0.0,20.900713170094317,0.39650146555431265,0.42686983927508326
33.98276096432834,0.0,0.0,21.191000853012294,0.37689348528741773,0.42721885221071054
34.44827823781229,0.0,0.0,21.481288535930272,0.48364735194435005,0.4260893384642851
34.91379551129624,0.0,0.0,21.771576218848246,0.39867995688492686,0.4252120701353792
35.37931278478019,0.0,0.0,22.061863901766223,0.5315775375158256,0.42565499502804593
35.84483005826414,0.0,0.0,22.3521515846842,0.3703574918651191,0.42559637108895326
36.31034733174809,0.0,0.0,22.642439267602178,0.3594642560663641,0.4263045209445083
36.77586460523204,0.0,0.0,22.932726950520152,0.38342947870971633,0.4269824078842258
37.24138187871599,0.0,0.0,23.22301463343813,0.6993338363040587,0.42747408898166184
37.70689915219994,0.0,0.0,23.513302316356107,0.4727541161455959,0.42632735806170624
38.17241642568389,0.0,0.0,23.803589999274084,0.7537997555826039,0.4258482623165016
38.63793369916784,0.0,0.0,24.093877682192062,0.40521595030722546,0.42628048411130925
39.103450972651785,0.0,0.0,24.384165365110036,0.4553248869245423,0.42696220800573526
39.56896824613574,0.0,0.0,24.674453048028013,0.24835314703297495,0.42702594242880143
40.034485519619686,0.0,0.0,24.96474073094599,0.47493260747621013,0.426868849891015
40.50000279310364,0.0,0.0,25.25502841386397,0.4444316511257882,0.42748317451669754
40.96552006658759,0.0,0.0,25.545316096781942,0.40957319268368186,0.4277284083903018
41.43103734007154,0.0,0.0,25.83560377969992,0.4640393716774551,0.42866820776076303
41.89655461355549,0.0,0.0,26.125891462617897,0.34857102026761,0.4279595607531182
42.36207188703944,0.0,0.0,26.416179145535875,0.4596821293009987,0.42753380957348164
42.82758916052339,0.0,0.0,26.70646682845385,0.38778672108617185,0.42677692803283424
43.293106434007335,0.0,0.0,26.996754511371826,0.4270024219047346,0.4271453354734332
43.75862370749129,0.0,0.0,27.287042194289803,0.40085870793076905,0.42590508461877646
44.224140980975235,0.0,0.0,27.57732987720778,0.5293990461852114,0.4270709782496999
44.68965825445919,0.0,0.0,27.86761756012576,0.4378956577034896,0.4255393112179379
45.155175527943136,0.0,0.0,28.157905243043732,0.40739470135306766,0.42478848066385266
45.62069280142709,0.0,0.0,28.44819292596171,0.30717682811843305,0.42533949093934287
46.08621007491104,0.0,0.0,28.738480608879687,0.49236183669726286,0.4256732412524927
46.551727348394984,0.0,0.0,29.028768291797665,0.4291811729505768,0.42454018996930204
47.01724462187894,0.0,0.0,29.31905597471564,0.3660002494886627,0.4249018147550293
47.482761895362884,0.0,0.0,29.609343657633616,0.4553248869245423,0.42323738157931284
47.94827916884684,0.0,0.0,29.899631340551593,0.40521595030722546,0.4219651983422992
48.413796442330785,0.0,0.0,30.18991902346957,0.48364735194435005,0.42211738787452413
48.87931371581474,0.0,0.0,30.480206706387545,0.4182879371518218,0.4219786501952992
49.344830989298686,0.0,0.0,30.770494389305522,0.4466104021716304,0.42201943442482254
49.81034826278263,0.0,0.0,31.0607820722235,0.39867995688492686,0.4223871585975676
50.275865536266586,0.0,0.0,31.351069755141477,0.3354992931382408,0.4230589038253339
50.74138280975053,0.0,0.0,31.64135743805945,0.39432271450847045,0.4212726170461301
51.20690008323449,0.0,0.0,31.93164512097743,0.4466104021716304,0.42497127166275483
51.672417356718434,0.0,0.0,32.221932803895406,0.4291811729505768,0.4258113809011113
52.13793463020239,0.0,0.0,32.51222048681338,0.3572857647357499,0.42563085950432067
52.603451903686334,0.0,0.0,32.80250816973136,0.3572857647357499,0.4252046559867617
53.06896917717028,0.0,0.0,33.09279585264934,0.4466104021716304,0.426055489738861
53.534486450654235,0.0,0.0,33.383083535567316,0.47493260747621013,0.4265019065512213
54.00000372413818,0.0,0.0,33.673371218485286,0.4270024219047346,0.4270125281288745
54.465520997622136,0.0,0.0,33.963658901403264,0.38778672108617185,0.4272003053057294
54.93103827110608,0.0,0.0,34.25394658432124,0.3703574918651191,0.42787755375067493
55.396555544590036,0.0,0.0,34.54423426723922,0.4357171663728754,0.428348221668049
55.86207281807398,0.0,0.0,34.834521950157196,0.5032550724960179,0.4288971343539046
56.32759009155794,0.0,0.0,35.124809633075174,0.4248236708588924,0.42966757998737287
56.793107365041884,0.0,0.0,35.41509731599315,0.41175194372952406,0.4296452269803884
57.25862463852583,0.0,0.0,35.70538499891113,0.48364735194435005,0.4298842744627154
57.724141912009785,0.0,0.0,35.9956726818291,0.48146860089850874,0.42895975730274644
58.18965918549373,0.0,0.0,36.285960364747076,0.3333205420923986,0.4296268996974356
58.655176458977685,0.0,0.0,36.576248047665054,0.38778672108617185,0.4295709864007974
59.12069373246163,0.0,0.0,36.86653573058303,0.3616430071122063,0.4304784791111404
59.586211005945586,0.0,0.0,37.15682341350101,0.34857102026761,0.429534170071668
60.05172827942953,0.0,0.0,37.447111096418986,0.41175194372952406,0.4290133695549642
60.51724555291348,0.0,0.0,37.737398779336964,0.40521595030722546,0.4278000466543259
60.98276282639743,0.0,0.0,38.02768646225494,0.41393043506013827,0.42759593779790556
61.44828009988138,0.0,0.0,38.31797414517292,0.39867995688492686,0.4275450504924089
61.913797373365334,0.0,0.0,38.60826182809089,0.5141483082947729,0.427771583368047
62.37931464684928,0.0,0.0,38.898549511008866,0.32024855524780227,0.42339404707305217
62.844831920333235,0.0,0.0,39.188837193926844,0.3572857647357499,0.42205718071846215
63.31034919381718,0.0,0.0,39.47912487684482,0.4182879371518218,0.4174053890864299
63.77586646730113,0.0,0.0,39.7694125597628,0.49454058774310505,0.4166078027044515
64.24138374078508,0.0,0.0,40.059700242680776,0.4487888935022446,0.4158201497847527
64.70690101426904,0.0,0.0,40.349987925598754,0.40303719926138326,0.4165261718718609
65.17241828775298,0.0,0.0,40.64027560851673,0.41610918610598047,0.41618977288053133
65.63793556123693,0.0,0.0,40.9305632914347,0.442252900079946,0.41526788073716203
66.10345283472088,0.0,0.0,41.22085097435268,0.4640393716774551,0.4152081107560071
66.56897010820484,0.0,0.0,41.511138657270656,0.38778672108617185,0.41525383570572755
67.03448738168878,0.0,0.0,41.801426340188634,0.3638214984428205,0.41518631952899854
67.50000465517273,0.0,0.0,42.09171402310661,0.3224273062936436,0.41475659956706945
67.96552192865668,0.0,0.0,42.38200170602459,0.4487888935022446,0.41560278694464053
68.43103920214062,0.0,0.0,42.672289388942566,0.3594642560663641,0.415224407582292
68.89655647562458,0.0,0.0,42.962577071860544,0.5185058103864564,0.4155524615836316
69.36207374910853,0.0,0.0,43.25286475477852,0.31371256182550367,0.41491362545963084
69.82759102259249,0.0,0.0,43.54315243769649,0.38342947870971633,0.4147040282620676
70.29310829607643,0.0,0.0,43.83344012061447,0.5054338235418601,0.41411830634447905
70.75862556956038,0.0,0.0,44.12372780353245,0.38778672108617185,0.4156900818492582
71.22414284304433,0.0,0.0,44.414015486450424,0.3529282626440664,0.41467321910779226
71.68966011652827,0.0,0.0,44.7043031693684,0.3289632997159422,0.41446778144418994
72.15517739001223,0.0,0.0,44.99459085228638,0.3594642560663641,0.41702593900342033
72.62069466349618,0.0,0.0,45.284878535204356,0.3747149939568035,0.4172071530831396
73.08621193698013,0.0,0.0,45.575166218122334,0.40303719926138326,0.41777946705072855
73.55172921046407,0.0,0.0,45.865453901040304,0.4727541161455959,0.41748190494284354
74.01724648394803,0.0,0.0,46.15574158395828,0.4248236708588924,0.4180247694011579
74.48276375743198,0.0,0.0,46.44602926687626,0.40303719926138326,0.41674577885776926
74.94828103091592,0.0,0.0,46.73631694979424,0.48364735194435005,0.41746894758613334
75.41379830439988,0.0,0.0,47.026604632712214,0.17427924748753387,0.41875505239515953
75.87931557788383,0.0,0.0,47.31689231563019,0.7015123276346729,0.418325182107278
76.34483285136778,0.0,0.0,47.60717999854817,0.4727541161455959,0.41859358546073
76.81035012485172,0.0,0.0,47.897467681466146,0.40957319268368186,0.4182348275862077
77.27586739833568,0.0,0.0,48.187755364384124,0.3289632997159422,0.41895039283216046
77.74138467181963,0.0,0.0,48.478043047302094,0.39867995688492686,0.41874959567670716
78.20690194530357,0.0,0.0,48.76833073022007,0.4487888935022446,0.41881521279609957
78.67241921878752,0.0,0.0,49.05861841313805,0.4553248869245423,0.4184165745146588
79.13793649227148,0.0,0.0,49.34890609605603,0.5010765811654037,0.41869556754324483
79.60345376575543,0.0,0.0,49.639193778974004,0.4444316511257882,0.42027224026079113
80.06897103923937,0.0,0.0,49.92948146189198,0.4553248869245423,0.4199185647085829
80.53448831272333,0.0,0.0,50.21976914480996,0.37689348528741773,0.4198556531629981
81.00000558620728,0.0,0.0,50.51005682772794,0.5424707733145806,0.41850790533383125
81.46552285969122,0.0,0.0,50.80034451064591,0.47057536509975373,0.41771640521567766
81.93104013317517,0.0,0.0,51.090632193563884,0.4335384153270332,0.41702983683043815
82.39655740665913,0.0,0.0,51.38091987648186,0.3354992931382408,0.41693622066469804
82.86207468014308,0.0,0.0,51.67120755939984,0.420466428482436,0.41672886537213244
83.32759195362702,0.0,0.0,51.96149524231782,0.38996547213201405,0.4174240053400947
83.79310922711097,0.0,0.0,52.251782925235794,0.47493260747621013,0.41821876690666787
84.25862650059493,0.0,0.0,52.54207060815377,0.38342947870971633,0.4184947101221979
84.72414377407888,0.0,0.0,52.83235829107175,0.3333205420923986,0.4194518674369684
85.18966104756282,0.0,0.0,53.12264597398973,0.41393043506013827,0.4193338290309851
85.65517832104678,0.0,0.0,53.4129336569077,0.3442137778911536,0.4202045813494906
86.12069559453073,0.0,0.0,53.703221339825674,0.3529282626440664,0.4195831967190746
86.58621286801467,0.0,0.0,53.99350902274365,0.40957319268368186,0.4195447132313289
87.05173014149862,0.0,0.0,54.28379670566163,0.30064083469613445,0.41825456440153885
87.51724741498258,0.0,0.0,54.57408438857961,0.32024855524780227,0.41830180975657943
87.98276468846653,0.0,0.0,54.864372071497584,0.38778672108617185,0.41861266773988975
88.44828196195047,0.0,0.0,55.15465975441556,0.30499807707259086,0.4180324756208619
88.91379923543442,0.0,0.0,55.44494743733354,0.3703574918651191,0.4170742379645062
89.37931650891838,0.0,0.0,55.73523512025152,0.3529282626440664,0.41606118742626086
89.84483378240232,0.0,0.0,56.02552280316949,0.442252900079946,0.41628454092445166
90.31035105588627,0.0,0.0,56.315810486087464,0.3398565355146972,0.4160288824517762
90.77586832937023,0.0,0.0,56.60609816900544,0.40303719926138326,0.4162506010939342
91.24138560285418,0.0,0.0,56.89638585192342,0.4683968737691395,0.4162506010939342
91.70690287633812,0.0,0.0,57.1866735348414,0.3398565355146972,0.41646565142718744
92.17242014982207,0.0,0.0,57.476961217759374,0.41610918610598047,0.4163098504109019
92.63793742330603,0.0,0.0,57.76724890067735,0.47493260747621013,0.4176494470028104
93.10345469678997,0.0,0.0,58.05753658359533,0.38560822975555764,0.41715464112506395
93.56897197027392,0.0,0.0,58.3478242665133,0.4357171663728754,0.4167942223978577
94.03448924375787,0.0,0.0,58.63811194943128,0.4727541161455959,0.4153517527460338
94.50000651724183,0.0,0.0,58.928399632349254,0.41610918610598047,0.4153983671395497
94.96552379072577,0.0,0.0,59.21868731526723,0.337677784468855,0.4156718602264584
95.43104106420972,0.0,0.0,59.50897499818521,0.48364735194435005,0.414527145816416
95.89655833769368,0.0,0.0,59.79926268110319,0.38996547213201405,0.4151020331058529
96.36207561117762,0.0,0.0,60.089550364021164,0.40739470135306766,0.415608089325554
96.82759288466157,0.0,0.0,60.37983804693914,0.6012944544000383,0.4174355876012067
97.29311015814552,0.0,0.0,60.67012572985712,0.4727541161455959,0.41772962368530153
97.75862743162948,0.0,0.0,60.96041341277509,0.4640393716774551,0.4187742857156621
98.22414470511342,0.0,0.0,61.25070109569307,0.4553248869245423,0.419230786336784
98.68966197859737,0.0,0.0,61.540988778611045,0.4727541161455959,0.4184339182507501
99.15517925208133,0.0,0.0,61.83127646152902,0.29192609022799365,0.41777480861937977
99.62069652556526,0.0,0.0,62.121564144447,0.4727541161455959,0.41845719169459056
100.08621379904922,0.0,0.0,62.41185182736498,0.47711135852205233,0.41767796344063884
100.55173107253317,0.0,0.0,62.702139510282954,0.3420350268453114,0.4187475765583811
101.01724834601713,0.0,0.0,62.99242719320093,0.4727541161455959,0.4148412175918628
101.48276561950107,0.0,0.0,63.2827148761189,0.38996547213201405,0.4148412175918628
101.94828289298502,0.0,0.0,63.57300255903688,0.4378956577034896,0.41513303257991435
102.41380016646897,0.0,0.0,63.86329024195486,0.3311417910465564,0.415607349803721
102.87931743995291,0.0,0.0,64.15357792487283,0.453146135878701,0.4155110133676785
103.34483471343687,0.0,0.0,64.44386560779081,0.4357171663728754,0.41486142634090273
103.81035198692082,0.0,0.0,64.73415329070879,0.4553248869245423,0.41460087838858206
104.27586926040478,0.0,0.0,65.02444097362677,0.5402922819839664,0.4152763025530805
104.74138653388871,0.0,0.0,65.31472865654474,0.3246060573394858,0.41420638274330956
105.20690380737267,0.0,0.0,65.60501633946272,0.4291811729505768,0.4141840521719843
105.67242108085662,0.0,0.0,65.8953040223807,0.3638214984428205,0.41541231574550985
106.13793835434056,0.0,0.0,66.18559170529868,0.3311417910465564,0.4137150151488005
106.60345562782452,0.0,0.0,66.47587938821665,0.3289632997159422,0.4126720037813381
107.06897290130847,0.0,0.0,66.76616707113463,0.47493260747621013,0.41236312025857436
107.53449017479242,0.0,0.0,67.0564547540526,0.4618608803468409,0.4130491221794054
108.00000744827636,0.0,0.0,67.34674243697057,0.41610918610598047,0.4120704239405015
108.46552472176032,0.0,0.0,67.63703011988855,0.47057536509975373,0.41205120746388424
108.93104199524427,0.0,0.0,67.92731780280653,0.39432271450847045,0.4118443008499932
109.39655926872823,0.0,0.0,68.2176054857245,0.4553248869245423,0.41209975665188114
109.86207654221217,0.0,0.0,68.50789316864248,0.39867995688492686,0.41286474413121915
110.32759381569612,0.0,0.0,68.79818085156046,0.49236183669726286,0.4127640061668473
110.79311108918007,0.0,0.0,69.08846853447844,0.3398565355146972,0.4128678065121168
111.25862836266401,0.0,0.0,69.37875621739641,0.39432271450847045,0.4130843495902784
111.72414563614797,0.0,0.0,69.66904390031439,0.38560822975555764,0.4113764519303642
112.18966290963192,0.0,0.0,69.95933158323237,0.3267845486701,0.41288572064619017
112.65518018311587,0.0,0.0,70.24961926615035,0.39432271450847045,0.4127627972466497
113.12069745659981,0.0,0.0,70.53990694906832,0.3507497713134513,0.4133180857052339
113.58621473008377,0.0,0.0,70.8301946319863,0.39867995688492686,0.41572136130747256
114.05173200356772,0.0,0.0,71.12048231490428,0.3333205420923986,0.4162707294903223
114.51724927705166,0.0,0.0,71.41076999782226,0.4270024219047346,0.4168979576329527
114.98276655053562,0.0,0.0,71.70105768074023,0.38778672108617185,0.41534646182189733
115.44828382401957,0.0,0.0,71.9913453636582,0.4640393716774551,0.4159539684797724
115.91380109750352,0.0,0.0,72.28163304657618,0.4640393716774551,0.41585664564451097
116.37931837098746,0.0,0.0,72.57192072949415,0.41175194372952406,0.4147551732009208
116.84483564447142,0.0,0.0,72.86220841241213,0.3442137778911536,0.41530346800236184
117.31035291795537,0.0,0.0,73.15249609533011,0.4727541161455959,0.41468794840781137
117.77587019143931,0.0,0.0,73.44278377824809,0.39650146555431265,0.4148297660057
118.24138746492326,0.0,0.0,73.73307146116606,0.31153407049488946,0.41537940550566854
118.70690473840722,0.0,0.0,74.02335914408404,0.3747149939568035,0.4166594053978381
119.17242201189117,0.0,0.0,74.31364682700202,0.32024855524780227,0.41587675503104155
119.63793928537511,0.0,0.0,74.60393450992,0.41393043506013827,0.41516273012813365
120.10345655885907,0.0,0.0,74.89422219283797,0.39214396346262825,0.41495641392220994
120.56897383234302,0.0,0.0,75.18450987575595,0.4487888935022446,0.4143751137181336
121.03449110582696,0.0,0.0,75.47479755867393,0.41175194372952406,0.4146537749433414
121.50000837931091,0.0,0.0,75.7650852415919,0.5206843017170706,0.4140514315428302
121.96552565279487,0.0,0.0,76.05537292450988,0.39432271450847045,0.4120449386879978
122.43104292627882,0.0,0.0,76.34566060742786,0.48364735194435005,0.4108183806452199
122.89656019976276,0.0,0.0,76.63594829034584,0.4509676445480859,0.4099652956472201
123.36207747324671,0.0,0.0,76.9262359732638,0.38996547213201405,0.4095755869333909
123.82759474673067,0.0,0.0,77.21652365618178,0.34857102026761,0.40912696308695345
124.29311202021461,0.0,0.0,77.50681133909976,0.4727541161455959,0.4099092370688016
124.75862929369856,0.0,0.0,77.79709902201773,0.40521595030722546,0.408659389895953
125.22414656718252,0.0,0.0,78.08738670493571,0.3551070136899077,0.4073751673936731
125.68966384066647,0.0,0.0,78.37767438785369,0.3790722363332599,0.4079775293145702
126.15518111415041,0.0,0.0,78.66796207077167,0.4727541161455959,0.4074422343861584
126.62069838763436,0.0,0.0,78.95824975368964,0.4400744087493318,0.40764250705138155
127.08621566111832,0.0,0.0,79.24853743660762,0.38778672108617185,0.40764250705138155
127.55173293460226,0.0,0.0,79.5388251195256,0.38778672108617185,0.40786666224187806
128.0172502080862,0.0,0.0,79.82911280244357,0.3790722363332599,0.4083903235983968
128.48276748157016,0.0,0.0,80.11940048536155,0.4291811729505768,0.4074551937895432
128.94828475505412,0.0,0.0,80.40968816827953,0.5577215112050191,0.40643508306085496
129.41380202853807,0.0,0.0,80.69997585119751,0.32024855524780227,0.40433414916393595
129.87931930202203,0.0,0.0,80.99026353411548,0.453146135878701,0.40843525544387926
130.34483657550595,0.0,0.0,81.28055121703346,0.5010765811654037,0.4088144947879943
130.8103538489899,0.0,0.0,81.57083889995144,0.3790722363332599,0.4098783618495302
131.27587112247386,0.0,0.0,81.8611265828694,0.3594642560663641,0.4099619554453344
131.7413883959578,0.0,0.0,82.15141426578738,0.40085870793076905,0.41100067221915687
132.20690566944177,0.0,0.0,82.44170194870536,0.41610918610598047,0.41100067221915687
132.67242294292572,0.0,0.0,82.73198963162334,0.30064083469613445,0.4103623206888751
133.13794021640967,0.0,0.0,83.02227731454131,0.38778672108617185,0.41034172690839266
133.6034574898936,0.0,0.0,83.31256499745929,0.4553248869245423,0.410365131398049
134.06897476337755,0.0,0.0,83.60285268037727,0.41175194372952406,0.4111622627219746
134.5344920368615,0.0,0.0,83.89314036329525,0.4226451795282782,0.41057278343451264
135.00000931034546,0.0,0.0,84.18342804621322,0.40303719926138326,0.4105530669919077
135.46552658382942,0.0,0.0,84.4737157291312,0.3572857647357499,0.4096018622770357
135.93104385731337,0.0,0.0,84.76400341204918,0.3790722363332599,0.41023836583006074
136.39656113079732,0.0,0.0,85.05429109496716,0.13070604457728718,0.4103577233261668
136.86207840428125,0.0,0.0,85.34457877788513,0.4727541161455959,0.4099294356181281
137.3275956777652,0.0,0.0,85.63486646080311,0.30281932602674866,0.41046472363997216
137.79311295124916,0.0,0.0,85.92515414372109,0.4466104021716304,0.41009496232896686
138.2586302247331,0.0,0.0,86.21544182663906,0.5533640091133347,0.4118827401828634
138.72414749821706,0.0,0.0,86.50572950955704,0.431359664281191,0.4110025678712287
139.18966477170102,0.0,0.0,86.796017192475,0.4248236708588924,0.4107521012266743
139.65518204518497,0.0,0.0,87.08630487539298,0.2396386622800626,0.4100250954643103
140.1206993186689,0.0,0.0,87.37659255831096,0.41175194372952406,0.41022302576142217
140.58621659215285,0.0,0.0,87.66688024122894,0.39214396346262825,0.41031601131807666
141.0517338656368,0.0,0.0,87.95716792414692,0.34857102026761,0.40969321419063753
141.51725113912076,0.0,0.0,88.2474556070649,0.40521595030722546,0.40973435519230406
141.9827684126047,0.0,0.0,88.53774328998287,0.3442137778911536,0.41023535226298236
142.44828568608867,0.0,0.0,88.82803097290085,0.48800459432080645,0.40936327861702604
142.91380295957262,0.0,0.0,89.11831865581883,0.4444316511257882,0.41004927183920853
143.37932023305655,0.0,0.0,89.4086063387368,0.5511855177827205,0.4106565114785255
143.8448375065405,0.0,0.0,89.69889402165478,0.39214396346262825,0.410987831770416
144.31035478002445,0.0,0.0,89.98918170457276,0.3311417910465564,0.4117691036975662
144.7758720535084,0.0,0.0,90.27946938749074,0.30935531944904726,0.4119791198242204
145.24138932699236,0.0,0.0,90.56975707040871,0.4270024219047346,0.41243131040061026
145.70690660047632,0.0,0.0,90.86004475332669,0.420466428482436,0.4116482743761702
146.17242387396027,0.0,0.0,91.15033243624467,0.3354992931382408,0.4112989894280265
146.6379411474442,0.0,0.0,91.44062011916265,0.4291811729505768,0.41028907984904356
147.10345842092815,0.0,0.0,91.73090780208061,0.3398565355146972,0.4106802182012542
147.5689756944121,0.0,0.0,92.02119548499859,0.3747149939568035,0.41002973575749657
148.03449296789606,0.0,0.0,92.31148316791656,0.41610918610598047,0.4106229669264986
148.50001024138,0.0,0.0,92.60177085083454,0.4291811729505768,0.4111618871364671
148.96552751486396,0.0,0.0,92.89205853375252,0.39214396346262825,0.4114328596567598
149.43104478834792,0.0,0.0,93.1823462166705,0.337677784468855,0.41105053218825705
149.89656206183184,0.0,0.0,93.47263389958847,0.3398565355146972,0.4116775283501014
150.3620793353158,0.0,0.0,93.76292158250645,0.41175194372952406,0.4112868567051323
150.82759660879975,0.0,0.0,94.05320926542443,0.420466428482436,0.41194208047080466
151.2931138822837,0.0,0.0,94.3434969483424,0.41175194372952406,0.4118494620410415
151.75863115576766,0.0,0.0,94.63378463126038,0.4378956577034896,0.4114950095970025
152.2241484292516,0.0,0.0,94.92407231417836,0.3594642560663641,0.41004885415825115
152.68966570273557,0.0,0.0,95.21435999709634,0.5010765811654037,0.4112446520193622
153.1551829762195,0.0,0.0,95.50464768001432,0.3289632997159422,0.4113982219324491
153.62070024970345,0.0,0.0,95.79493536293229,0.3442137778911536,0.41337828986363806
154.0862175231874,0.0,0.0,96.08522304585027,0.3311417910465564,0.41116180851320555
154.55173479667135,0.0,0.0,96.37551072876825,0.6797258560371628,0.4113088844874325
155.0172520701553,0.0,0.0,96.66579841168621,0.4662181227232973,0.410478971393325
155.48276934363926,0.0,0.0,96.95608609460419,0.47493260747621013,0.40869097345500965
155.94828661712322,0.0,0.0,97.24637377752217,0.3420350268453114,0.4095323631094886
156.41380389060714,0.0,0.0,97.53666146044014,0.4466104021716304,0.41060674095037153
156.8793211640911,0.0,0.0,97.82694914335812,0.47493260747621013,0.4109384812718758
157.34483843757505,0.0,0.0,98.1172368262761,0.39650146555431265,0.41052911383493834
157.810355711059,0.0,0.0,98.40752450919408,0.41393043506013827,0.4112306872631535
158.27587298454296,0.0,0.0,98.69781219211205,0.4727541161455959,0.4115307194691937
158.7413902580269,0.0,0.0,98.98809987503003,0.47493260747621013,0.4105207362161405
159.20690753151086,0.0,0.0,99.27838755794801,0.39432271450847045,0.4103412716367235
159.6724248049948,0.0,0.0,99.56867524086599,0.39650146555431265,0.4111407168939425
160.13794207847874,0.0,0.0,99.85896292378396,0.39867995688492686,0.4110422544224594
160.6034593519627,0.0,0.0,100.14925060670194,0.41393043506013827,0.411792026313301
161.06897662544665,0.0,0.0,100.43953828961992,0.40739470135306766,0.4118678536005605
161.5344938989306,0.0,0.0,100.7298259725379,0.3333205420923986,0.4129829620097039
162.00001117241456,0.0,0.0,101.02011365545587,0.39214396346262825,0.4116122831129159
162.4655284458985,0.0,0.0,101.31040133837385,0.3507497713134513,0.4123164242443204
162.93104571938244,0.0,0.0,101.60068902129181,0.5293990461852114,0.41317920551137083
163.3965629928664,0.0,0.0,101.89097670420979,0.28539035652092304,0.41080689608580534
163.86208026635035,0.0,0.0,102.18126438712777,0.29846208365029225,0.41190315356038054
164.3275975398343,0.0,0.0,102.47155207004575,0.3442137778911536,0.41239092638590114
164.79311481331825,0.0,0.0,102.76183975296372,0.40957319268368186,0.41391020594088
165.2586320868022,0.0,0.0,103.0521274358817,0.4727541161455959,0.41354454242449284
165.72414936028616,0.0,0.0,103.34241511879968,0.40085870793076905,0.41362262466066135
166.1896666337701,0.0,0.0,103.63270280171766,0.41610918610598047,0.41468132201752966
166.65518390725404,0.0,0.0,103.92299048463563,0.40303719926138326,0.4147617547586159
167.120701180738,0.0,0.0,104.21327816755361,0.38342947870971633,0.4153771649844938
167.58621845422195,0.0,0.0,104.50356585047159,0.4662181227232973,0.4141322520824687
168.0517357277059,0.0,0.0,104.79385353338957,0.38778672108617185,0.41363838413230825
168.51725300118986,0.0,0.0,105.08414121630754,0.41175194372952406,0.41186334003670066
168.9827702746738,0.0,0.0,105.37442889922552,0.41393043506013827,0.4128678394235365
169.44828754815777,0.0,0.0,105.6647165821435,0.4357171663728754,0.41427184320893545
169.9138048216417,0.0,0.0,105.95500426506148,0.4400744087493318,0.41516496229089794
170.37932209512564,0.0,0.0,106.24529194797945,0.3638214984428205,0.41542387501693917
170.8448393686096,0.0,0.0,106.53557963089742,0.3725362429109613,0.41548617638170904
171.31035664209355,0.0,0.0,106.8258673138154,0.4270024219047346,0.4163545318119255
171.7758739155775,0.0,0.0,107.11615499673337,0.4357171663728754,0.4167953762308381
172.24139118906146,0.0,0.0,107.40644267965135,0.420466428482436,0.4175439522206115
172.7069084625454,0.0,0.0,107.69673036256933,0.5054338235418601,0.4177319485894869
173.17242573602934,0.0,0.0,107.9870180454873,0.4466104021716304,0.41802620261644163
173.6379430095133,0.0,0.0,108.27730572840528,0.38125072766387413,0.41739365524978717
174.10346028299725,0.0,0.0,108.56759341132326,0.4357171663728754,0.41704923735372385
174.5689775564812,0.0,0.0,108.85788109424124,0.4683968737691395,0.41818279948175474
175.03449482996515,0.0,0.0,109.14816877715921,0.30281932602674866,0.41840682106110383
175.5000121034491,0.0,0.0,109.43845646007719,0.4487888935022446,0.41819276895093305
175.96552937693306,0.0,0.0,109.72874414299517,0.4640393716774551,0.4189254579273327
176.431046650417,0.0,0.0,110.01903182591315,0.40303719926138326,0.41828939382541486
176.89656392390094,0.0,0.0,110.30931950883112,0.15249251617479676,0.4178649347882251
177.3620811973849,0.0,0.0,110.5996071917491,0.5054338235418601,0.4170731247996647
177.82759847086885,0.0,0.0,110.88989487466708,0.39650146555431265,0.4159623950954542
178.2931157443528,0.0,0.0,111.18018255758506,0.5991157033541961,0.4156755946871834
178.75863301783676,0.0,0.0,111.47047024050303,0.3398565355146972,0.4164558501093061
179.2241502913207,0.0,0.0,111.760757923421,0.3398565355146972,0.4169125447853069
179.68966756480464,0.0,0.0,112.05104560633897,0.3638214984428205,0.4129278761119642
180.1551848382886,0.0,0.0,112.34133328925695,0.30717682811843305,0.41321137972096184
180.62070211177254,0.0,0.0,112.63162097217493,0.4662181227232973,0.41174020567181646
181.0862193852565,0.0,0.0,112.9219086550929,0.4727541161455959,0.4118087197508248
181.55173665874045,0.0,0.0,113.21219633801088,0.4357171663728754,0.41169964230432105
182.0172539322244,0.0,0.0,113.50248402092886,0.3703574918651191,0.41086468886465727
182.48277120570836,0.0,0.0,113.79277170384684,0.38996547213201405,0.41074871865071677
182.94828847919229,0.0,0.0,114.08305938676482,0.420466428482436,0.4119860434695556
183.41380575267624,0.0,0.0,114.3733470696828,0.3442137778911536,0.411117683452617
183.8793230261602,0.0,0.0,114.66363475260077,0.39214396346262825,0.4103598140617204
184.34484029964415,0.0,0.0,114.95392243551875,0.49889783011956146,0.41037943404209226
184.8103575731281,0.0,0.0,115.24421011843673,0.39214396346262825,0.41101775899363224
185.27587484661206,0.0,0.0,115.5344978013547,0.4400744087493318,0.41147812141992474
185.741392120096,0.0,0.0,115.82478548427268,0.38778672108617185,0.4123826764527452
186.20690939357993,0.0,0.0,116.11507316719066,0.3398565355146972,0.4127400183788063
186.6724266670639,0.0,0.0,116.40536085010864,0.32024855524780227,0.4129628031646693
187.13794394054784,0.0,0.0,116.6956485330266,0.39214396346262825,0.412684773464092
187.6034612140318,0.0,0.0,116.98593621594458,0.525041544093527,0.41251705975641395
188.06897848751575,0.0,0.0,117.27622389886255,0.31153407049488946,0.41173520482001363
188.5344957609997,0.0,0.0,117.56651158178053,0.5315775375158256,0.41165245617145535
189.00001303448366,0.0,0.0,117.85679926469851,0.4727541161455959,0.4125851650355755
189.46553030796758,0.0,0.0,118.14708694761649,0.4378956577034896,0.4135233363171214
189.93104758145154,0.0,0.0,118.43737463053446,0.3703574918651191,0.41314128060413313
190.3965648549355,0.0,0.0,118.72766231345244,0.40085870793076905,0.41307185998491946
190.86208212841944,0.0,0.0,119.01794999637042,0.4640393716774551,0.41307185998491946
191.3275994019034,0.0,0.0,119.3082376792884,0.41393043506013827,0.4133694312754071
191.79311667538735,0.0,0.0,119.59852536220637,0.41610918610598047,0.4135316520085031
192.2586339488713,0.0,0.0,119.88881304512435,0.3572857647357499,0.41421250922332153
192.72415122235523,0.0,0.0,120.17910072804233,0.39214396346262825,0.41349458798582994
193.1896684958392,0.0,0.0,120.4693884109603,0.38342947870971633,0.4136110752969191
193.65518576932314,0.0,0.0,120.75967609387828,0.49236183669726286,0.41375556485777126
194.1207030428071,0.0,0.0,121.04996377679626,0.48364735194435005,0.4135187793452228
194.58622031629105,0.0,0.0,121.34025145971424,0.4182879371518218,0.41297826200847143
195.051737589775,0.0,0.0,121.6305391426322,0.453146135878701,0.41274602601346605
195.51725486325896,0.0,0.0,121.92082682555018,0.4270024219047346,0.41262300739013236
195.98277213674288,0.0,0.0,122.21111450846816,0.4357171663728754,0.41249694093186934
196.44828941022683,0.0,0.0,122.50140219138613,0.4727541161455959,0.4132997295693279
196.9138066837108,0.0,0.0,122.79168987430411,0.4270024219047346,0.4127775715526566
197.37932395719474,0.0,0.0,123.08197755722209,0.39650146555431265,0.41361767692843043
197.8448412306787,0.0,0.0,123.37226524014007,0.4466104021716304,0.41190248554843223
198.31035850416265,0.0,0.0,123.66255292305804,0.3572857647357499,0.4116244921364287
198.7758757776466,0.0,0.0,123.95284060597602,0.3507497713134513,0.41181842220697495
199.24139305113053,0.0,0.0,124.243128288894,0.4640393716774551,0.41162885449977527
199.70691032461448,0.0,0.0,124.53341597181198,0.3681790005345049,0.4112717853092373
200.17242759809844,0.0,0.0,124.82370365472995,0.38778672108617185,0.41191884773223736
200.6379448715824,0.0,0.0,125.11399133764793,0.49236183669726286,0.4104862727209318
201.10346214506635,0.0,0.0,125.40427902056591,0.3354992931382408,0.41030555268928615
201.5689794185503,0.0,0.0,125.69456670348389,0.39214396346262825,0.41207778093923453
202.03449669203425,0.0,0.0,125.98485438640186,0.2418171536106768,0.41389881996378103
202.50001396551818,0.0,0.0,126.27514206931984,0.38996547213201405,0.41254284824603044
202.96553123900213,0.0,0.0,126.5654297522378,0.28756884785153725,0.4124654219914819
203.4310485124861,0.0,0.0,126.85571743515578,0.4335384153270332,0.41033454875254194
203.89656578597004,0.0,0.0,127.14600511807376,0.38778672108617185,0.4107701873201806
204.362083059454,0.0,0.0,127.43629280099174,0.3289632997159422,0.41138445198762547
204.82760033293795,0.0,0.0,127.72658048390971,0.49236183669726286,0.41237183173042485
205.2931176064219,0.0,0.0,128.0168681668277,0.30935531944904726,0.4135173546471661
205.75863487990583,0.0,0.0,128.30715584974567,0.3507497713134513,0.4134038994012496
206.22415215338978,0.0,0.0,128.59744353266365,0.4357171663728754,0.4120987801296429
206.68966942687373,0.0,0.0,128.88773121558162,0.38996547213201405,0.4118888250160441
207.1551867003577,0.0,0.0,129.1780188984996,0.38342947870971633,0.41227634525647505
207.62070397384164,0.0,0.0,129.46830658141758,0.5293990461852114,0.41137884538348823
208.0862212473256,0.0,0.0,129.75859426433556,0.38342947870971633,0.4117935103093794
208.55173852080955,0.0,0.0,130.04888194725353,0.39867995688492686,0.41241334982397226
209.01725579429348,0.0,0.0,130.3391696301715,0.39650146555431265,0.4125919131151613
209.48277306777743,0.0,0.0,130.6294573130895,0.4618608803468409,0.41175370368872377
209.94829034126138,0.0,0.0,130.91974499600747,0.4466104021716304,0.4118519960723129
210.41380761474534,0.0,0.0,131.21003267892544,0.5010765811654037,0.4121207402505147
210.8793248882293,0.0,0.0,131.50032036184342,0.4444316511257882,0.412178697844794
211.34484216171325,0.0,0.0,131.7906080447614,0.3616430071122063,0.4133089284062775
211.8103594351972,0.0,0.0,132.08089572767938,0.3594642560663641,0.41318613091160317
212.27587670868112,0.0,0.0,132.37118341059735,0.3289632997159422,0.41324458315400403
212.74139398216508,0.0,0.0,132.66147109351533,0.4596821293009987,0.41178725669727967
213.20691125564903,0.0,0.0,132.9517587764333,0.2723183696763267,0.412774957281789
213.672428529133,0.0,0.0,133.2420464593513,0.41393043506013827,0.4124679241564646
214.13794580261694,0.0,0.0,133.53233414226926,0.4487888935022446,0.4120224495957287
214.6034630761009,0.0,0.0,133.8226218251872,0.3660002494886627,0.4123590210190078
215.06898034958485,0.0,0.0,134.1129095081052,0.4662181227232973,0.4119352390674281
215.5344976230688,0.0,0.0,134.40319719102317,0.40085870793076905,0.41140558232793184
216.00001489655273,0.0,0.0,134.69348487394114,0.4466104021716304,0.4115217443799
216.46553217003668,0.0,0.0,134.98377255685912,0.420466428482436,0.41138099919527493
216.93104944352064,0.0,0.0,135.2740602397771,0.4553248869245423,0.41065915746662635
217.3965667170046,0.0,0.0,135.56434792269508,0.39214396346262825,0.41020523488497923
217.86208399048854,0.0,0.0,135.85463560561305,0.40085870793076905,0.4104673304836041
218.3276012639725,0.0,0.0,136.14492328853103,0.4270024219047346,0.410976286773973
218.79311853745645,0.0,0.0,136.435210971449,0.38778672108617185,0.40994773177552646
219.25863581094038,0.0,0.0,136.725498654367,0.37689348528741773,0.40944513361667606
219.72415308442433,0.0,0.0,137.01578633728496,0.41610918610598047,0.40997521400127035
220.18967035790828,0.0,0.0,137.30607402020294,0.34857102026761,0.4102056118057196
220.65518763139224,0.0,0.0,137.59636170312092,0.3572857647357499,0.40960008289903194
221.1207049048762,0.0,0.0,137.8866493860389,0.5032550724960179,0.409092122873993
221.58622217836015,0.0,0.0,138.17693706895687,0.3790722363332599,0.4080680580838537
222.0517394518441,0.0,0.0,138.46722475187485,0.5010765811654037,0.4071059850312656
222.51725672532802,0.0,0.0,138.75751243479283,0.3224273062936436,0.4068389432719791
222.98277399881198,0.0,0.0,139.0478001177108,0.4182879371518218,0.40692921102372226
223.44829127229593,0.0,0.0,139.33808780062878,0.40303719926138326,0.4074930979029899
223.9138085457799,0.0,0.0,139.62837548354676,0.41610918610598047,0.40740682003732737
224.37932581926384,0.0,0.0,139.91866316646474,0.4335384153270332,0.4073149156488049
224.8448430927478,0.0,0.0,140.20895084938272,0.38560822975555764,0.40822912405320544
225.31036036623175,0.0,0.0,140.4992385323007,0.2744971207221689,0.40832717850552736
225.77587763971567,0.0,0.0,140.78952621521867,0.4466104021716304,0.40683834146306685
226.24139491319963,0.0,0.0,141.07981389813665,0.5642572449120897,0.408063600465872
226.70691218668358,0.0,0.0,141.37010158105463,0.4291811729505768,0.40778223045721146
227.17242946016754,0.0,0.0,141.6603892639726,0.3681790005345049,0.4082396585806306
227.6379467336515,0.0,0.0,141.95067694689058,0.38778672108617185,0.4086718354802823
228.10346400713544,0.0,0.0,142.24096462980856,0.41393043506013827,0.4093126561895559
228.5689812806194,0.0,0.0,142.53125231272654,0.39214396346262825,0.40951109291071275
229.03449855410332,0.0,0.0,142.8215399956445,0.41175194372952406,0.40901338401438175
229.50001582758728,0.0,0.0,143.1118276785625,0.4683968737691395,0.40882463347404663
229.96553310107123,0.0,0.0,143.40211536148047,0.442252900079946,0.40851490232710963
230.43105037455518,0.0,0.0,143.69240304439842,0.4553248869245423,0.4105423649814622
230.89656764803914,0.0,0.0,143.9826907273164,0.3289632997159422,0.4101856511603404
231.3620849215231,0.0,0.0,144.27297841023437,0.41393043506013827,0.40979404075630177
231.82760219500705,0.0,0.0,144.56326609315235,0.41393043506013827,0.4091050198735455
232.29311946849097,0.0,0.0,144.85355377607033,0.2701396186304845,0.4089924553860566
232.75863674197493,0.0,0.0,145.1438414589883,0.4618608803468409,0.4080905476882804
233.22415401545888,0.0,0.0,145.43412914190628,0.41610918610598047,0.40764600577333554
233.68967128894283,0.0,0.0,145.72441682482426,0.41175194372952406,0.4075477874334701
234.1551885624268,0.0,0.0,146.01470450774224,0.4182879371518218,0.40805424273188157
234.62070583591074,0.0,0.0,146.30499219066022,0.40303719926138326,0.408170815188514
235.0862231093947,0.0,0.0,146.5952798735782,0.4662181227232973,0.4073658145887978
235.55174038287862,0.0,0.0,146.88556755649617,0.39432271450847045,0.4070257112808619
236.01725765636257,0.0,0.0,147.17585523941415,0.4640393716774551,0.40670435934641747
236.48277492984653,0.0,0.0,147.46614292233212,0.30281932602674866,0.4071288479838421
236.94829220333048,0.0,0.0,147.7564306052501,0.39867995688492686,0.40793431620386106
237.41380947681444,0.0,0.0,148.04671828816808,0.38342947870971633,0.4081568983544294
237.8793267502984,0.0,0.0,148.33700597108606,0.4291811729505768,0.4076172160930809
238.34484402378234,0.0,0.0,148.62729365400403,0.5054338235418601,0.40883422029709054
238.81036129726627,0.0,0.0,148.917581336922,0.4291811729505768,0.4101833152248194
239.27587857075022,0.0,0.0,149.20786901984,0.47057536509975373,0.41108063143259177
239.74139584423418,0.0,0.0,149.49815670275797,0.31589131287134586,0.4116513342880876
240.20691311771813,0.0,0.0,149.78844438567594,0.337677784468855,0.4116976670128323
240.67243039120208,0.0,0.0,150.07873206859392,0.47493260747621013,0.41169766701283234
241.13794766468604,0.0,0.0,150.3690197515119,0.39867995688492686,0.4107268132754383
241.60346493817,0.0,0.0,150.65930743442988,0.3311417910465564,0.4111880944040213
242.06898221165392,0.0,0.0,150.94959511734785,0.29628359231967805,0.41012649033861454
242.53449948513787,0.0,0.0,151.23988280026583,0.420466428482436,0.4100685695232948
243.00001675862183,0.0,0.0,151.5301704831838,0.4378956577034896,0.4103151302916925
243.46553403210578,0.0,0.0,151.8204581661018,0.38996547213201405,0.41002897665471744
243.93105130558973,0.0,0.0,152.11074584901976,0.4357171663728754,0.41067740612115905
244.3965685790737,0.0,0.0,152.40103353193774,0.47057536509975373,0.41075300945117726
244.86208585255764,0.0,0.0,152.69132121485572,0.47493260747621013,0.41030691781800477
245.32760312604157,0.0,0.0,152.9816088977737,0.3594642560663641,0.41039474778269125
245.79312039952552,0.0,0.0,153.27189658069167,0.38125072766387413,0.411484606183319
246.25863767300947,0.0,0.0,153.56218426360965,0.3660002494886627,0.4103532373996983
246.72415494649343,0.0,0.0,153.8524719465276,0.31371256182550367,0.4109656980559975
247.18967221997738,0.0,0.0,154.14275962944558,0.3660002494886627,0.4105360965758789
247.65518949346134,0.0,0.0,154.43304731236356,0.4553248869245423,0.4110833824839949
248.1207067669453,0.0,0.0,154.72333499528153,0.420466428482436,0.4101208128368513
248.58622404042922,0.0,0.0,155.0136226781995,0.3398565355146972,0.40931401742720386
249.05174131391317,0.0,0.0,155.3039103611175,0.4553248869245423,0.4091717539108634
249.51725858739712,0.0,0.0,155.59419804403547,0.4640393716774551,0.40841212106653185
249.98277586088108,0.0,0.0,155.88448572695344,0.39867995688492686,0.40894831161881046
250.44829313436503,0.0,0.0,156.17477340987142,0.3354992931382408,0.4093401280373113
250.91381040784898,0.0,0.0,156.4650610927894,0.4683968737691395,0.40868420357614704
251.37932768133294,0.0,0.0,156.75534877570738,0.3594642560663641,0.40675866660287396
251.84484495481686,0.0,0.0,157.04563645862535,0.31371256182550367,0.40711620462038434
252.31036222830082,0.0,0.0,157.33592414154333,0.4357171663728754,0.4078713986599779
252.77587950178477,0.0,0.0,157.6262118244613,0.3725362429109613,0.4086847374243538
253.24139677526873,0.0,0.0,157.91649950737929,0.453146135878701,0.4084450122403292
253.70691404875268,0.0,0.0,158.20678719029726,0.3267845486701,0.408645878911071
254.17243132223663,0.0,0.0,158.49707487321524,0.30281932602674866,0.40829402549956423
254.6379485957206,0.0,0.0,158.78736255613322,0.4640393716774551,0.40802145354246316
255.1034658692045,0.0,0.0,159.0776502390512,0.5228630527629128,0.40855745488211664
255.56898314268847,0.0,0.0,159.36793792196917,0.30281932602674866,0.4075401032246552
256.0345004161724,0.0,0.0,159.65822560488715,0.39432271450847045,0.4073658611659138
256.5000176896564,0.0,0.0,159.94851328780513,0.30281932602674866,0.4064665212524197
256.9655349631403,0.0,0.0,160.2388009707231,0.3703574918651191,0.4061868300882286
257.4310522366243,0.0,0.0,160.52908865364108,0.4487888935022446,0.4072349528852091
257.89656951010824,0.0,0.0,160.81937633655906,0.3289632997159422,0.40612811983246755
258.3620867835922,0.0,0.0,161.10966401947704,0.38778672108617185,0.4060048967192711
258.82760405707614,0.0,0.0,161.39995170239501,0.4487888935022446,0.40592316350806384
259.2931213305601,0.0,0.0,161.690239385313,0.4727541161455959,0.40638760226101944
259.75863860404405,0.0,0.0,161.98052706823097,0.3594642560663641,0.40617202384847195
260.22415587752795,0.0,0.0,162.27081475114895,0.47057536509975373,0.4052298035567125
260.6896731510119,0.0,0.0,162.56110243406692,0.41175194372952406,0.4056477447146609
261.15519042449586,0.0,0.0,162.8513901169849,0.40957319268368186,0.4043465540477982
261.6207076979798,0.0,0.0,163.14167779990288,0.4466104021716304,0.40502411978783787
262.08622497146376,0.0,0.0,163.43196548282086,0.3572857647357499,0.406238366322699
262.5517422449477,0.0,0.0,163.7222531657388,0.40521595030722546,0.40535885112164843
263.0172595184317,0.0,0.0,164.01254084865678,0.4248236708588924,0.4044166568884864
263.4827767919156,0.0,0.0,164.30282853157476,0.5381135309381242,0.4034643966069816
263.9482940653996,0.0,0.0,164.59311621449274,0.5293990461852114,0.4037321315358244
264.41381133888353,0.0,0.0,164.88340389741072,0.4291811729505768,0.4031102197042807
264.8793286123675,0.0,0.0,165.1736915803287,0.47057536509975373,0.4048601960877937
265.34484588585144,0.0,0.0,165.46397926324667,0.40085870793076905,0.4045571938033736
265.8103631593354,0.0,0.0,165.75426694616465,0.337677784468855,0.4038274357275951
266.27588043281935,0.0,0.0,166.04455462908263,0.4662181227232973,0.40372828841349173
266.74139770630325,0.0,0.0,166.3348423120006,0.337677784468855,0.40416051315297163
267.2069149797872,0.0,0.0,166.62512999491858,0.38560822975555764,0.40456776885667456
267.67243225327115,0.0,0.0,166.91541767783656,0.4270024219047346,0.4044223001728902
268.1379495267551,0.0,0.0,167.20570536075454,0.39650146555431265,0.4047889182613539
268.60346680023906,0.0,0.0,167.4959930436725,0.4553248869245423,0.4053132137903465
269.068984073723,0.0,0.0,167.7862807265905,0.38560822975555764,0.405099741868366
269.53450134720697,0.0,0.0,168.07656840950847,0.3660002494886627,0.40577769877502345
270.0000186206909,0.0,0.0,168.36685609242645,0.3594642560663641,0.4040441652055098
270.4655358941749,0.0,0.0,168.65714377534442,0.4727541161455959,0.4046795488153344
270.93105316765883,0.0,0.0,168.9474314582624,0.39214396346262825,0.4047571492462279
271.3965704411428,0.0,0.0,169.23771914118038,0.4444316511257882,0.40518849493886666
271.86208771462674,0.0,0.0,169.52800682409836,0.4618608803468409,0.40584618523914007
272.3276049881107,0.0,0.0,169.81829450701633,0.38996547213201405,0.4062556854568965
272.79312226159465,0.0,0.0,170.1085821899343,0.30064083469613445,0.4054109418588549
273.25863953507854,0.0,0.0,170.3988698728523,0.30281932602674866,0.40553959600660067
273.7241568085625,0.0,0.0,170.68915755577027,0.40085870793076905,0.4058453641215049
274.18967408204645,0.0,0.0,170.97944523868824,0.34857102026761,0.40738047411060924
274.6551913555304,0.0,0.0,171.26973292160622,0.442252900079946,0.4066347304175603
275.12070862901436,0.0,0.0,171.5600206045242,0.3311417910465564,0.40644050980672675
275.5862259024983,0.0,0.0,171.85030828744218,0.37689348528741773,0.4067794063474227
276.05174317598227,0.0,0.0,172.14059597036015,0.38778672108617185,0.406165218352958
276.5172604494662,0.0,0.0,172.43088365327813,0.4640393716774551,0.40673332957650477
276.9827777229502,0.0,0.0,172.7211713361961,0.4487888935022446,0.40686243585422643
277.44829499643413,0.0,0.0,173.01145901911408,0.47057536509975373,0.40629423227798395
277.9138122699181,0.0,0.0,173.30174670203206,0.38778672108617185,0.40688113418781396
278.37932954340204,0.0,0.0,173.59203438495,0.41393043506013827,0.40774068022196236
278.844846816886,0.0,0.0,173.882322067868,0.3725362429109613,0.4087132524591973
279.31036409036994,0.0,0.0,174.17260975078597,0.442252900079946,0.41003304107992083
279.77588136385384,0.0,0.0,174.46289743370394,0.49236183669726286,0.41069410558364755
280.2413986373378,0.0,0.0,174.75318511662192,0.3442137778911536,0.40938993032738685
280.70691591082175,0.0,0.0,175.0434727995399,0.30499807707259086,0.41153662487456655
281.1724331843057,0.0,0.0,175.33376048245788,0.30499807707259086,0.41142149102624787
281.63795045778966,0.0,0.0,175.62404816537585,0.38342947870971633,0.4119375571764686
282.1034677312736,0.0,0.0,175.91433584829383,0.40521595030722546,0.41210663890782495
282.56898500475756,0.0,0.0,176.2046235312118,0.3420350268453114,0.41037909209215956
283.0345022782415,0.0,0.0,176.4949112141298,0.40303719926138326,0.4107269975464343
283.5000195517255,0.0,0.0,176.78519889704776,0.40303719926138326,0.4107656591855264
283.9655368252094,0.0,0.0,177.07548657996574,0.4640393716774551,0.40970409935017155
284.4310540986934,0.0,0.0,177.36577426288372,0.3790722363332599,0.40963409623286134
284.89657137217733,0.0,0.0,177.6560619458017,0.3681790005345049,0.4106383760056219
285.3620886456613,0.0,0.0,177.94634962871967,0.4378956577034896,0.41045512648761584
285.82760591914524,0.0,0.0,178.23663731163765,0.32024855524780227,0.4103742796184151
286.29312319262914,0.0,0.0,178.52692499455563,0.38778672108617185,0.40952249273171937
286.7586404661131,0.0,0.0,178.8172126774736,0.5141483082947729,0.4095447498661769
287.22415773959705,0.0,0.0,179.10750036039158,0.2657823762540281,0.41008421986585386
287.689675013081,0.0,0.0,179.39778804330956,0.32024855524780227,0.41029077120223584
288.15519228656495,0.0,0.0,179.68807572622754,0.41610918610598047,0.4102488209880987
288.6207095600489,0.0,0.0,179.97836340914552,0.4553248869245423,0.40988535588600455
289.08622683353286,0.0,0.0,180.2686510920635,0.40957319268368186,0.40866234990307215
289.5517441070168,0.0,0.0,180.55893877498147,0.5010765811654037,0.4085567755370035
290.01726138050077,0.0,0.0,180.84922645789945,0.29628359231967805,0.4080668138567624
290.4827786539847,0.0,0.0,181.13951414081743,0.40303719926138326,0.40798766832971617
290.9482959274687,0.0,0.0,181.4298018237354,0.38778672108617185,0.4086642462804621
291.41381320095263,0.0,0.0,181.72008950665338,0.38342947870971633,0.40861800383198177
291.8793304744366,0.0,0.0,182.01037718957136,0.3507497713134513,0.4086518717036517
292.34484774792054,0.0,0.0,182.30066487248934,0.40521595030722546,0.4079254195363567
292.8103650214045,0.0,0.0,182.5909525554073,0.4727541161455959,0.40710866010512226
293.2758822948884,0.0,0.0,182.8812402383253,0.4444316511257882,0.407683399262394
293.74139956837234,0.0,0.0,183.17152792124327,0.41393043506013827,0.4067692179823493
294.2069168418563,0.0,0.0,183.46181560416122,0.5293990461852114,0.4067308285456835
294.67243411534025,0.0,0.0,183.7521032870792,0.2744971207221689,0.40605693334791865
295.1379513888242,0.0,0.0,184.04239096999717,0.4291811729505768,0.4065207292665741
295.60346866230816,0.0,0.0,184.33267865291515,0.38996547213201405,0.4060046561706741
296.0689859357921,0.0,0.0,184.62296633583313,0.41393043506013827,0.40483530897580783
296.53450320927607,0.0,0.0,184.9132540187511,0.39432271450847045,0.40463852323416155
297.00002048276,0.0,0.0,185.20354170166908,0.41175194372952406,0.40473235059742113
297.465537756244,0.0,0.0,185.49382938458706,0.3660002494886627,0.40403469784966534
297.93105502972793,0.0,0.0,185.78411706750504,0.4335384153270332,0.40472796443195824
298.3965723032119,0.0,0.0,186.074404750423,0.37689348528741773,0.40503708352608747
298.86208957669584,0.0,0.0,186.364692433341,0.5838652251789846,0.40503708352608747
299.3276068501798,0.0,0.0,186.65498011625897,0.38778672108617185,0.40537009697994225
299.7931241236637,0.0,0.0,186.94526779917695,0.37689348528741773,0.40557440294164065
300.25864139714764,0.0,0.0,187.23555548209492,0.37689348528741773,0.40679016450178196
300.7241586706316,0.0,0.0,187.5258431650129,0.40739470135306766,0.4064512769311681
301.18967594411555,0.0,0.0,187.81613084793088,0.4226451795282782,0.4064512769311681
301.6551932175995,0.0,0.0,188.10641853084886,0.3311417910465564,0.40520143990381374
302.12071049108346,0.0,0.0,188.39670621376683,0.3747149939568035,0.404593027023747
302.5862277645674,0.0,0.0,188.6869938966848,0.4357171663728754,0.40369409812772056
303.05174503805137,0.0,0.0,188.9772815796028,0.5293990461852114,0.40335970097289675
303.5172623115353,0.0,0.0,189.26756926252077,0.4378956577034896,0.40319603059761183
303.9827795850193,0.0,0.0,189.55785694543874,0.4553248869245423,0.40314008271212964
304.4482968585032,0.0,0.0,189.84814462835672,0.5228630527629128,0.40124750027152245
304.9138141319872,0.0,0.0,190.1384323112747,0.39867995688492686,0.4002741825780165
305.37933140547113,0.0,0.0,190.42871999419268,0.5293990461852114,0.4008697857753947
305.8448486789551,0.0,0.0,190.71900767711065,0.38125072766387413,0.4027079891473136
306.310365952439,0.0,0.0,191.00929536002863,0.3703574918651191,0.40359487830679325
306.77588322592294,0.0,0.0,191.2995830429466,0.38996547213201405,0.40238678333373656
307.2414004994069,0.0,0.0,191.58987072586459,0.22220943305900942,0.4031711940279138
307.70691777289085,0.0,0.0,191.88015840878256,0.3725362429109613,0.4035973655210014
308.1724350463748,0.0,0.0,192.17044609170054,0.39214396346262825,0.4037213234573101
308.63795231985875,0.0,0.0,192.46073377461852,0.3289632997159422,0.40440367129009835
309.1034695933427,0.0,0.0,192.7510214575365,0.4662181227232973,0.40419778857387245
309.56898686682666,0.0,0.0,193.04130914045447,0.4662181227232973,0.40427504026631084
310.0345041403106,0.0,0.0,193.33159682337242,0.453146135878701,0.4038934616651029
310.50002141379457,0.0,0.0,193.6218845062904,0.40303719926138326,0.40367814263414226
310.9655386872785,0.0,0.0,193.91217218920838,0.30499807707259086,0.4053937187083186
311.4310559607625,0.0,0.0,194.20245987212635,0.4487888935022446,0.4058703495970555
311.89657323424643,0.0,0.0,194.49274755504433,0.4182879371518218,0.4045172377737025
312.3620905077304,0.0,0.0,194.7830352379623,0.4270024219047346,0.40488578983623247
312.8276077812143,0.0,0.0,195.0733229208803,0.420466428482436,0.4053985788652185
313.29312505469824,0.0,0.0,195.36361060379826,0.5076125745877023,0.40523485381734947
313.7586423281822,0.0,0.0,195.65389828671624,0.41610918610598047,0.40467664069911097
314.22415960166614,0.0,0.0,195.94418596963422,0.4182879371518218,0.40506514888729467
314.6896768751501,0.0,0.0,196.2344736525522,0.4226451795282782,0.404915967422618
315.15519414863405,0.0,0.0,196.52476133547017,0.39214396346262825,0.4058998948889254
315.620711422118,0.0,0.0,196.81504901838815,0.41610918610598047,0.40594054855086376
316.08622869560196,0.0,0.0,197.10533670130613,0.4618608803468409,0.406039155671979
316.5517459690859,0.0,0.0,197.3956243842241,0.3420350268453114,0.4058162320396309
317.01726324256987,0.0,0.0,197.68591206714208,0.29192609022799365,0.40671783126584965
317.4827805160538,0.0,0.0,197.97619975006006,0.3333205420923986,0.40653963639016644
317.9482977895378,0.0,0.0,198.26648743297804,0.4553248869245423,0.4059604893963376
318.41381506302173,0.0,0.0,198.55677511589602,0.3572857647357499,0.405340466048819
318.8793323365057,0.0,0.0,198.847062798814,0.38125072766387413,0.40559777824502435
319.3448496099896,0.0,0.0,199.13735048173197,0.2744971207221689,0.4043409051491168
319.81036688347353,0.0,0.0,199.42763816464995,0.41175194372952406,0.4061692918820963
320.2758841569575,0.0,0.0,199.71792584756793,0.4226451795282782,0.4063003236510826
320.74140143044144,0.0,0.0,200.0082135304859,0.22874542648130758,0.40574658622870924
321.2069187039254,0.0,0.0,200.29850121340388,0.4248236708588924,0.4047683140450408
321.67243597740935,0.0,0.0,200.58878889632186,0.47057536509975373,0.40529810869577887
322.1379532508933,0.0,0.0,200.87907657923984,0.30281932602674866,0.40521623292353903
322.60347052437726,0.0,0.0,201.1693642621578,0.38778672108617185,0.40617688777938177
323.0689877978612,0.0,0.0,201.4596519450758,0.3442137778911536,0.40639961527763946
323.53450507134517,0.0,0.0,201.74993962799377,0.40085870793076905,0.4071494399952855
324.0000223448291,0.0,0.0,202.04022731091175,0.38778672108617185,0.40579976609512797
324.4655396183131,0.0,0.0,202.33051499382972,0.4618608803468409,0.40606186491896556
324.931056891797,0.0,0.0,202.6208026767477,0.4640393716774551,0.4061383274406193
325.396574165281,0.0,0.0,202.91109035966568,0.3354992931382408,0.4069574739807735
325.8620914387649,0.0,0.0,203.20137804258363,0.38778672108617185,0.40614979895277653
326.32760871224883,0.0,0.0,203.4916657255016,0.3267845486701,0.4052897884821857
326.7931259857328,0.0,0.0,203.78195340841958,0.38560822975555764,0.406105508813335
327.25864325921674,0.0,0.0,204.07224109133756,0.3790722363332599,0.40595867855027207
327.7241605327007,0.0,0.0,204.36252877425554,0.34857102026761,0.40699808159195744
328.18967780618465,0.0,0.0,204.65281645717351,0.39650146555431265,0.4049048363127931
328.6551950796686,0.0,0.0,204.9431041400915,0.3660002494886627,0.4049048363127931
329.12071235315256,0.0,0.0,205.23339182300947,0.18081498119460448,0.4041698904833001
329.5862296266365,0.0,0.0,205.52367950592745,0.39867995688492686,0.4021577861350095
330.05174690012046,0.0,0.0,205.81396718884542,0.41175194372952406,0.4020582270865436
330.5172641736044,0.0,0.0,206.1042548717634,0.5010765811654037,0.4020582270865436
330.98278144708837,0.0,0.0,206.39454255468138,0.41175194372952406,0.401870625443767
331.4482987205723,0.0,0.0,206.68483023759936,0.20695895488379845,0.4013881985900628
331.9138159940563,0.0,0.0,206.97511792051733,0.48146860089850874,0.40217119338521196
332.3793332675402,0.0,0.0,207.2654056034353,0.39214396346262825,0.40393384531926124
332.84485054102413,0.0,0.0,207.5556932863533,0.41610918610598047,0.4038050661456313
333.3103678145081,0.0,0.0,207.84598096927127,0.47057536509975373,0.40382489473119926
333.77588508799204,0.0,0.0,208.13626865218924,0.4444316511257882,0.4038415347230207
334.241402361476,0.0,0.0,208.42655633510722,0.38778672108617185,0.4033296225048838
334.70691963495995,0.0,0.0,208.7168440180252,0.32024855524780227,0.4026522849989171
335.1724369084439,0.0,0.0,209.00713170094318,0.41610918610598047,0.40240681696700514
335.63795418192785,0.0,0.0,209.29741938386115,0.5010765811654037,0.40181023742598126
336.1034714554118,0.0,0.0,209.58770706677913,0.4378956577034896,0.4019211140860566
336.56898872889576,0.0,0.0,209.8779947496971,0.38342947870971633,0.4019211140860566
337.0345060023797,0.0,0.0,210.1682824326151,0.32024855524780227,0.4014440482273213
337.50002327586367,0.0,0.0,210.45857011553306,0.38342947870971633,0.40070015486087424
337.9655405493476,0.0,0.0,210.74885779845104,0.39867995688492686,0.3998663653439555
338.4310578228316,0.0,0.0,211.03914548136902,0.39867995688492686,0.39795329015018943
338.89657509631553,0.0,0.0,211.329433164287,0.4487888935022446,0.3974555599910792
339.3620923697994,0.0,0.0,211.61972084720497,0.48800459432080645,0.39691730847389933
339.8276096432834,0.0,0.0,211.91000853012295,0.41610918610598047,0.39642885007029155
340.29312691676733,0.0,0.0,212.20029621304093,0.40739470135306766,0.39678725837948287
340.7586441902513,0.0,0.0,212.4905838959589,0.39867995688492686,0.39626953723166475
341.22416146373524,0.0,0.0,212.78087157887688,0.3572857647357499,0.39575298662376784
341.6896787372192,0.0,0.0,213.07115926179483,0.4487888935022446,0.39614705341655637
342.15519601070315,0.0,0.0,213.3614469447128,0.38560822975555764,0.39675930270411275
342.6207132841871,0.0,0.0,213.6517346276308,0.41610918610598047,0.39699105570344756
343.08623055767106,0.0,0.0,213.94202231054877,0.3790722363332599,0.3968756703888145
343.551747831155,0.0,0.0,214.23230999346674,0.4400744087493318,0.3976073086246072
344.01726510463897,0.0,0.0,214.52259767638472,0.41393043506013827,0.39770630878426594
344.4827823781229,0.0,0.0,214.8128853593027,0.48364735194435005,0.398896448619858
344.9482996516069,0.0,0.0,215.10317304222067,0.442252900079946,0.3991565787104125
345.4138169250908,0.0,0.0,215.39346072513865,0.3224273062936436,0.3988655313356001
345.8793341985747,0.0,0.0,215.68374840805663,0.29410484127383585,0.39951980026260586
346.3448514720587,0.0,0.0,215.9740360909746,0.4487888935022446,0.399031861993015
346.81036874554263,0.0,0.0,216.26432377389258,0.40303719926138326,0.3987743764423768
347.2758860190266,0.0,0.0,216.55461145681056,0.4662181227232973,0.3989016104625943
347.74140329251054,0.0,0.0,216.84489913972854,0.4553248869245423,0.39880401933892135
348.2069205659945,0.0,0.0,217.13518682264652,0.4553248869245423,0.39891145221477453
348.67243783947845,0.0,0.0,217.4254745055645,0.4727541161455959,0.3981024962918646
349.1379551129624,0.0,0.0,217.71576218848247,0.41610918610598047,0.39750821679340204
349.60347238644636,0.0,0.0,218.00604987140045,0.38560822975555764,0.3970357348817639
350.0689896599303,0.0,0.0,218.29633755431843,0.4618608803468409,0.3964334752107216
350.53450693341426,0.0,0.0,218.5866252372364,0.30935531944904726,0.3969190180949301
351.0000242068982,0.0,0.0,218.87691292015438,0.3224273062936436,0.39740581329331376
351.46554148038217,0.0,0.0,219.16720060307236,0.4248236708588924,0.3984485941513479
351.9310587538661,0.0,0.0,219.45748828599034,0.3572857647357499,0.3985082038650823
352.39657602735,0.0,0.0,219.74777596890831,0.5293990461852114,0.3987074011813611
352.862093300834,0.0,0.0,220.0380636518263,0.31371256182550367,0.39858550303515666
353.32761057431793,0.0,0.0,220.32835133474427,0.4378956577034896,0.3985053649945668
353.7931278478019,0.0,0.0,220.61863901766225,0.3790722363332599,0.39873771600808544
354.25864512128584,0.0,0.0,220.90892670058022,0.31589131287134586,0.39947542280093984
354.7241623947698,0.0,0.0,221.1992143834982,0.38778672108617185,0.3994149555206509
355.18967966825375,0.0,0.0,221.48950206641618,0.5293990461852114,0.3987306932814912
355.6551969417377,0.0,0.0,221.77978974933416,0.3594642560663641,0.3969699553380254
356.12071421522165,0.0,0.0,222.07007743225213,0.30935531944904726,0.3964765849318014
356.5862314887056,0.0,0.0,222.3603651151701,0.4683968737691395,0.3969908973434043
357.05174876218956,0.0,0.0,222.6506527980881,0.4487888935022446,0.396152823284943
357.5172660356735,0.0,0.0,222.94094048100607,0.3572857647357499,0.39673739853950446
357.98278330915747,0.0,0.0,223.23122816392402,0.39432271450847045,0.3962381410545369
358.4483005826414,0.0,0.0,223.521515846842,0.3311417910465564,0.3956255850867064
358.9138178561253,0.0,0.0,223.81180352975997,0.41610918610598047,0.39487409885936636
359.3793351296093,0.0,0.0,224.10209121267795,0.39867995688492686,0.3943748464064618
359.8448524030932,0.0,0.0,224.39237889559593,0.4291811729505768,0.39518896287051036
360.3103696765772,0.0,0.0,224.6826665785139,0.3333205420923986,0.3953195971526407
360.77588695006114,0.0,0.0,224.97295426143188,0.32024855524780227,0.3925114302222578
361.2414042235451,0.0,0.0,225.26324194434986,0.4487888935022446,0.3922683213322942
361.70692149702904,0.0,0.0,225.55352962726784,0.3660002494886627,0.391343641405541
362.172438770513,0.0,0.0,225.8438173101858,0.3442137778911536,0.3918741514863894
362.63795604399695,0.0,0.0,226.1341049931038,0.3246060573394858,0.3915879456426658
363.1034733174809,0.0,0.0,226.42439267602177,0.30717682811843305,0.39211773289087504
363.56899059096486,0.0,0.0,226.71468035893975,0.3616430071122063,0.39222264266712326
364.0345078644488,0.0,0.0,227.00496804185772,0.3594642560663641,0.39266007944818054
364.50002513793277,0.0,0.0,227.2952557247757,0.3703574918651191,0.3924612017889664
364.9655424114167,0.0,0.0,227.58554340769368,0.4291811729505768,0.3910319328259532
365.4310596849006,0.0,0.0,227.87583109061165,0.3594642560663641,0.39107458328341527
365.89657695838457,0.0,0.0,228.16611877352963,0.41175194372952406,0.39146639220134366
366.3620942318685,0.0,0.0,228.4564064564476,0.38778672108617185,0.3915799142602794
366.8276115053525,0.0,0.0,228.7466941393656,0.3703574918651191,0.391156752068903
367.29312877883643,0.0,0.0,229.03698182228356,0.3616430071122063,0.3929485134006144
367.7586460523204,0.0,0.0,229.32726950520154,0.4444316511257882,0.3926576117830496
368.22416332580434,0.0,0.0,229.61755718811952,0.4357171663728754,0.3925039426433263
368.6896805992883,0.0,0.0,229.9078448710375,0.39214396346262825,0.39252682575609293
369.15519787277225,0.0,0.0,230.19813255395547,0.420466428482436,0.3917576233393722
369.6207151462562,0.0,0.0,230.48842023687345,0.4378956577034896,0.3907397816887376
370.08623241974016,0.0,0.0,230.77870791979143,0.39214396346262825,0.3899264995252916
370.5517496932241,0.0,0.0,231.0689956027094,0.3289632997159422,0.38994339336431183
371.01726696670806,0.0,0.0,231.35928328562738,0.3725362429109613,0.39087343198229907
371.482784240192,0.0,0.0,231.64957096854536,0.4466104021716304,0.3896238333006149
371.9483015136759,0.0,0.0,231.93985865146334,0.32024855524780227,0.39035543039623427
372.41381878715987,0.0,0.0,232.23014633438132,0.37689348528741773,0.38854031053150095
372.8793360606438,0.0,0.0,232.5204340172993,0.3572857647357499,0.3875998044505769
373.3448533341278,0.0,0.0,232.81072170021727,0.30281932602674866,0.38658220522340736
373.81037060761173,0.0,0.0,233.10100938313522,0.31589131287134586,0.38555685602346307
374.2758878810957,0.0,0.0,233.3912970660532,0.41610918610598047,0.38500508323113064
374.74140515457964,0.0,0.0,233.68158474897118,0.40521595030722546,0.38432881086771853
375.2069224280636,0.0,0.0,233.97187243188915,0.39214396346262825,0.38289611059228806
375.67243970154755,0.0,0.0,234.26216011480713,0.4378956577034896,0.38416032124541327
376.1379569750315,0.0,0.0,234.5524477977251,0.442252900079946,0.38508992871737074
376.60347424851545,0.0,0.0,234.84273548064309,0.39214396346262825,0.38482858969816675
377.0689915219994,0.0,0.0,235.13302316356106,0.40085870793076905,0.38569955115804855
377.53450879548336,0.0,0.0,235.42331084647904,0.3333205420923986,0.3838843003412434
378.0000260689673,0.0,0.0,235.71359852939702,0.38778672108617185,0.38375486350011007
378.4655433424512,0.0,0.0,236.003886212315,0.39214396346262825,0.38333405672656773
378.93106061593517,0.0,0.0,236.29417389523297,0.30935531944904726,0.3836929018360562
379.3965778894191,0.0,0.0,236.58446157815095,0.39214396346262825,0.38441270144982803
379.8620951629031,0.0,0.0,236.87474926106893,0.3333205420923986,0.38466740389012044
380.327612436387,0.0,0.0,237.1650369439869,0.3180700639171872,0.3834532717645905
380.793129709871,0.0,0.0,237.45532462690488,0.3572857647357499,0.38403262991935544
381.25864698335494,0.0,0.0,237.74561230982286,0.29410484127383585,0.384364972080508
381.7241642568389,0.0,0.0,238.03589999274084,0.40085870793076905,0.38459289133869623
382.18968153032284,0.0,0.0,238.32618767565882,0.4509676445480859,0.38416203287839845
382.6551988038068,0.0,0.0,238.6164753585768,0.3616430071122063,0.3843171907468078
383.12071607729075,0.0,0.0,238.90676304149477,0.41175194372952406,0.3835407759958993
383.5862333507747,0.0,0.0,239.19705072441275,0.3660002494886627,0.38377900862961645
384.05175062425866,0.0,0.0,239.48733840733072,0.3289632997159422,0.3838011432915231
384.5172678977426,0.0,0.0,239.7776260902487,0.41393043506013827,0.3840183661372845
384.98278517122657,0.0,0.0,240.06791377316668,0.4291811729505768,0.38316355428672133
385.44830244471046,0.0,0.0,240.35820145608466,0.11981280877853262,0.383384376388693
385.9138197181944,0.0,0.0,240.64848913900263,0.41393043506013827,0.38428810194409163
386.3793369916784,0.0,0.0,240.9387768219206,0.2636038849234139,0.3834669764668187
386.8448542651623,0.0,0.0,241.2290645048386,0.38342947870971633,0.3834475991500099
387.3103715386463,0.0,0.0,241.51935218775657,0.3507497713134513,0.3834112735130718
387.77588881213023,0.0,0.0,241.80963987067454,0.4509676445480859,0.3831196155594085
388.2414060856142,0.0,0.0,242.09992755359252,0.40957319268368186,0.38430570318707846
388.70692335909814,0.0,0.0,242.3902152365105,0.48800459432080645,0.3838462701815055
389.1724406325821,0.0,0.0,242.68050291942848,0.47057536509975373,0.3849673884719598
389.63795790606605,0.0,0.0,242.97079060234643,0.2309239178119218,0.385168981805208
390.10347517955,0.0,0.0,243.2610782852644,0.41175194372952406,0.3856454771314437
390.56899245303396,0.0,0.0,243.55136596818238,0.4378956577034896,0.3853736387115881
391.0345097265179,0.0,0.0,243.84165365110036,0.3703574918651191,0.3851824577506236
391.50002700000186,0.0,0.0,244.13194133401834,0.40739470135306766,0.3850221183951417
391.96554427348576,0.0,0.0,244.4222290169363,0.5468282754062641,0.3846706270134681
392.4310615469697,0.0,0.0,244.7125166998543,0.38560822975555764,0.38417953375355574
392.89657882045367,0.0,0.0,245.00280438277227,0.3616430071122063,0.3840174475359705
393.3620960939376,0.0,0.0,245.29309206569025,0.442252900079946,0.3832789046181488
393.8276133674216,0.0,0.0,245.58337974860822,0.3267845486701,0.3825701906058017
394.29313064090553,0.0,0.0,245.8736674315262,0.38560822975555764,0.38183901622446215
394.7586479143895,0.0,0.0,246.16395511444418,0.3572857647357499,0.38210280870619623
395.22416518787344,0.0,0.0,246.45424279736216,0.3246060573394858,0.3812948991923629
395.6896824613574,0.0,0.0,246.74453048028013,0.40521595030722546,0.3815713873275348
396.15519973484135,0.0,0.0,247.0348181631981,0.31153407049488946,0.3820142260670001
396.6207170083253,0.0,0.0,247.3251058461161,0.4727541161455959,0.38089647053436
397.08623428180925,0.0,0.0,247.61539352903407,0.25706789150111575,0.3818738709738874
397.5517515552932,0.0,0.0,247.90568121195204,0.3594642560663641,0.3815853958419429
398.01726882877716,0.0,0.0,248.19596889487002,0.3507497713134513,0.38158539584194295
398.48278610226106,0.0,0.0,248.486256577788,0.3725362429109613,0.38210252050222815
398.948303375745,0.0,0.0,248.77654426070598,0.3572857647357499,0.38099291649216765
399.41382064922897,0.0,0.0,249.06683194362395,0.30499807707259086,0.3810601487054015
399.8793379227129,0.0,0.0,249.35711962654193,0.30935531944904726,0.38068909197234957
400.3448551961969,0.0,0.0,249.6474073094599,0.4466104021716304,0.38090459576346813
400.81037246968083,0.0,0.0,249.93769499237789,0.4248236708588924,0.3801948941984544
401.2758897431648,0.0,0.0,250.22798267529586,0.39867995688492686,0.3793975905983167
401.74140701664874,0.0,0.0,250.51827035821384,0.4466104021716304,0.3791929289871689
402.2069242901327,0.0,0.0,250.80855804113182,0.3616430071122063,0.37925802402332853
402.67244156361664,0.0,0.0,251.0988457240498,0.29628359231967805,0.3797416408655951
403.1379588371006,0.0,0.0,251.38913340696777,0.39650146555431265,0.38064032733176995
403.60347611058455,0.0,0.0,251.67942108988575,0.41610918610598047,0.38142009293526463
404.0689933840685,0.0,0.0,251.96970877280373,0.39867995688492686,0.3813549618144452
404.53451065755246,0.0,0.0,252.2599964557217,0.41393043506013827,0.3809222475077874
405.00002793103636,0.0,0.0,252.55028413863968,0.4248236708588924,0.3813625811288898
405.4655452045203,0.0,0.0,252.84057182155763,0.420466428482436,0.3817641216942785
405.93106247800426,0.0,0.0,253.1308595044756,0.3507497713134513,0.3812600348128657
406.3965797514882,0.0,0.0,253.4211471873936,0.48800459432080645,0.3815437548148155
406.8620970249722,0.0,0.0,253.71143487031156,0.40739470135306766,0.3811967323987814
407.3276142984561,0.0,0.0,254.00172255322954,0.3747149939568035,0.3800109177663244
407.7931315719401,0.0,0.0,254.29201023614752,0.30281932602674866,0.38066713032963495
408.25864884542403,0.0,0.0,254.5822979190655,0.3594642560663641,0.3812288484763608
408.724166118908,0.0,0.0,254.87258560198347,0.4182879371518218,0.3812093573929095
409.18968339239194,0.0,0.0,255.16287328490145,0.420466428482436,0.3812093573929095
409.6552006658759,0.0,0.0,255.45316096781943,0.337677784468855,0.3807313315874164
410.12071793935985,0.0,0.0,255.7434486507374,0.3594642560663641,0.38007522986973535
410.5862352128438,0.0,0.0,256.0337363336554,0.420466428482436,0.38178552570818836
411.05175248632776,0.0,0.0,256.3240240165734,0.3660002494886627,0.3819658059805954
411.51726975981165,0.0,0.0,256.61431169949134,0.3638214984428205,0.3842075409294597
411.9827870332956,0.0,0.0,256.90459938240934,0.3398565355146972,0.3843525814540729
412.44830430677956,0.0,0.0,257.1948870653273,0.28539035652092304,0.38582747616561
412.9138215802635,0.0,0.0,257.4851747482453,0.4378956577034896,0.385331404804266
413.37933885374747,0.0,0.0,257.77546243116325,0.30499807707259086,0.3844080354707815
413.8448561272314,0.0,0.0,258.0657501140812,0.47057536509975373,0.3836614559908699
414.3103734007154,0.0,0.0,258.3560377969992,0.39214396346262825,0.3818779416246052
414.77589067419933,0.0,0.0,258.64632547991715,0.4727541161455959,0.38280543680174606
415.2414079476833,0.0,0.0,258.93661316283516,0.3267845486701,0.38210925156580966
415.70692522116724,0.0,0.0,259.2269008457531,0.39214396346262825,0.3809493949784661
416.1724424946512,0.0,0.0,259.5171885286711,0.3703574918651191,0.3814351721586441
416.63795976813515,0.0,0.0,259.80747621158906,0.3289632997159422,0.38106238510557416
417.1034770416191,0.0,0.0,260.09776389450707,0.30064083469613445,0.379538056151716
417.56899431510305,0.0,0.0,260.388051577425,0.4291811729505768,0.3791291831855041
418.03451158858695,0.0,0.0,260.678339260343,0.3594642560663641,0.3796733156854655
418.5000288620709,0.0,0.0,260.968626943261,0.30935531944904726,0.37930862173522223
418.96554613555486,0.0,0.0,261.258914626179,0.3420350268453114,0.37893591201025123
419.4310634090388,0.0,0.0,261.5492023090969,0.4618608803468409,0.3790409592977439
419.89658068252277,0.0,0.0,261.83948999201493,0.29628359231967805,0.37960140139130355
420.3620979560067,0.0,0.0,262.1297776749329,0.3616430071122063,0.3800526595114224
420.8276152294907,0.0,0.0,262.4200653578509,0.4182879371518218,0.38075581224861327
421.29313250297463,0.0,0.0,262.71035304076884,0.3289632997159422,0.38116957204112917
421.7586497764586,0.0,0.0,263.00064072368684,0.4270024219047346,0.37955038641330785
422.22416704994254,0.0,0.0,263.2909284066048,0.3442137778911536,0.380385089372605
422.6896843234265,0.0,0.0,263.5812160895228,0.3572857647357499,0.3816691274510945
423.15520159691044,0.0,0.0,263.87150377244075,0.3660002494886627,0.38128540205801237
423.6207188703944,0.0,0.0,264.16179145535875,0.09584784585040884,0.3806917872512182
424.08623614387835,0.0,0.0,264.4520791382767,0.4226451795282782,0.3808886558044075
424.55175341736225,0.0,0.0,264.7423668211947,0.3660002494886627,0.38087240861697624
425.0172706908462,0.0,0.0,265.03265450411266,0.41393043506013827,0.3818660161602769
425.48278796433016,0.0,0.0,265.32294218703066,0.3660002494886627,0.3811628157745559
425.9483052378141,0.0,0.0,265.6132298699486,0.3616430071122063,0.3806314770120208
426.41382251129806,0.0,0.0,265.9035175528666,0.3703574918651191,0.38009776330941814
426.879339784782,0.0,0.0,266.19380523578457,0.40739470135306766,0.37925253525550934
427.344857058266,0.0,0.0,266.4840929187026,0.38778672108617185,0.37949386884726116
427.8103743317499,0.0,0.0,266.7743806016205,0.4727541161455959,0.37985330194973027
428.2758916052339,0.0,0.0,267.0646682845385,0.4662181227232973,0.38027796046530704
428.74140887871783,0.0,0.0,267.3549559674565,0.30064083469613445,0.37973773178490555
429.2069261522018,0.0,0.0,267.6452436503744,0.3442137778911536,0.379780716177225
429.67244342568574,0.0,0.0,267.93553133329243,0.38342947870971633,0.37971466195999
430.1379606991697,0.0,0.0,268.2258190162104,0.3660002494886627,0.3792617722386004
430.60347797265365,0.0,0.0,268.5161066991284,0.29410484127383585,0.3780852061095415
431.0689952461376,0.0,0.0,268.80639438204634,0.3311417910465564,0.3783405925848035
431.5345125196215,0.0,0.0,269.09668206496434,0.3638214984428205,0.37749225166041794
432.00002979310545,0.0,0.0,269.3869697478823,0.3267845486701,0.3761990382136968
432.4655470665894,0.0,0.0,269.6772574308003,0.4291811729505768,0.376605437915524
432.93106434007336,0.0,0.0,269.96754511371824,0.4640393716774551,0.3771096882541603
433.3965816135573,0.0,0.0,270.25783279663625,0.3638214984428205,0.3767278540818431
433.86209888704127,0.0,0.0,270.5481204795542,0.3289632997159422,0.3764649494813098
434.3276161605252,0.0,0.0,270.8384081624722,0.3638214984428205,0.3755079068841491
434.7931334340092,0.0,0.0,271.12869584539015,0.3616430071122063,0.3756774436913759
435.25865070749313,0.0,0.0,271.41898352830816,0.39214396346262825,0.37522701212678655
435.7241679809771,0.0,0.0,271.7092712112261,0.431359664281191,0.3752498876781597
436.18968525446104,0.0,0.0,271.9995588941441,0.5032550724960179,0.3745193512128971
436.655202527945,0.0,0.0,272.28984657706206,0.39867995688492686,0.37496058075382593
437.12071980142895,0.0,0.0,272.58013425998007,0.49454058774310505,0.37373204176049796
437.5862370749129,0.0,0.0,272.870421942898,0.40303719926138326,0.37532733751082653
438.0517543483968,0.0,0.0,273.160709625816,0.30281932602674866,0.3742858563948321
438.51727162188075,0.0,0.0,273.450997308734,0.420466428482436,0.3747374192232531
438.9827888953647,0.0,0.0,273.741284991652,0.2744971207221689,0.37332286580848684
439.44830616884866,0.0,0.0,274.03157267456993,0.3594642560663641,0.37280659258879506
439.9138234423326,0.0,0.0,274.32186035748794,0.3354992931382408,0.3712876245941771
440.37934071581657,0.0,0.0,274.6121480404059,0.31153407049488946,0.3715306099116108
440.8448579893005,0.0,0.0,274.9024357233239,0.420466428482436,0.37126121951626556
441.3103752627845,0.0,0.0,275.19272340624184,0.3681790005345049,0.37120081693074936
441.77589253626843,0.0,0.0,275.48301108915985,0.4182879371518218,0.3716264683430924
442.2414098097524,0.0,0.0,275.7732987720778,0.3398565355146972,0.3716264683430924
442.70692708323634,0.0,0.0,276.0635864549958,0.4182879371518218,0.3711586872134146
443.1724443567203,0.0,0.0,276.35387413791375,0.40739470135306766,0.37062049024320043
443.63796163020425,0.0,0.0,276.64416182083175,0.2766756120527831,0.3705700388334756
444.1034789036882,0.0,0.0,276.9344495037497,0.39650146555431265,0.3708447761601592
444.5689961771721,0.0,0.0,277.2247371866677,0.41610918610598047,0.3707692309016372
445.03451345065605,0.0,0.0,277.51502486958566,0.37689348528741773,0.37065824895684446
445.50003072414,0.0,0.0,277.8053125525036,0.47057536509975373,0.3704842601321914
445.96554799762396,0.0,0.0,278.0956002354216,0.3616430071122063,0.37053047296102803
446.4310652711079,0.0,0.0,278.38588791833956,0.30281932602674866,0.37101948800876955
446.89658254459187,0.0,0.0,278.67617560125757,0.3660002494886627,0.37033019266311484
447.3620998180758,0.0,0.0,278.9664632841755,0.48364735194435005,0.3713505793445884
447.8276170915598,0.0,0.0,279.2567509670935,0.30281932602674866,0.3706768023695197
448.2931343650437,0.0,0.0,279.5470386500115,0.30064083469613445,0.3703521801316904
448.7586516385277,0.0,0.0,279.8373263329295,0.3790722363332599,0.373046419637999
449.22416891201163,0.0,0.0,280.1276140158474,0.30281932602674866,0.37187451950219075
449.6896861854956,0.0,0.0,280.41790169876543,0.420466428482436,0.3711524568349269
450.15520345897954,0.0,0.0,280.7081893816834,0.37689348528741773,0.3706217280990023
450.6207207324635,0.0,0.0,280.9984770646014,0.3703574918651191,0.37080749616262354
451.0862380059474,0.0,0.0,281.28876474751934,0.3398565355146972,0.37078769654537325
451.55175527943135,0.0,0.0,281.57905243043734,0.3616430071122063,0.3703689862368187
452.0172725529153,0.0,0.0,281.8693401133553,0.38778672108617185,0.3702151097831992
452.48278982639926,0.0,0.0,282.1596277962733,0.3420350268453114,0.36962873733399404
452.9483070998832,0.0,0.0,282.44991547919125,0.4378956577034896,0.36851530221789813
453.41382437336716,0.0,0.0,282.74020316210925,0.3594642560663641,0.36793127862718994
453.8793416468511,0.0,0.0,283.0304908450272,0.40303719926138326,0.36794797469128865
454.34485892033507,0.0,0.0,283.3207785279452,0.40739470135306766,0.3682680330772742
454.810376193819,0.0,0.0,283.61106621086316,0.3790722363332599,0.3674036860006148
455.275893467303,0.0,0.0,283.90135389378116,0.28539035652092304,0.3675275398902787
455.74141074078693,0.0,0.0,284.1916415766991,0.3790722363332599,0.36726789922859154
456.2069280142709,0.0,0.0,284.4819292596171,0.41175194372952406,0.3674186008065862
456.67244528775484,0.0,0.0,284.77221694253507,0.24835314703297495,0.36651849059333846
457.1379625612388,0.0,0.0,285.0625046254531,0.41610918610598047,0.3671828670320647
457.6034798347227,0.0,0.0,285.352792308371,0.3638214984428205,0.36675223563738873
458.06899710820664,0.0,0.0,285.643079991289,0.31371256182550367,0.3651567711455366
458.5345143816906,0.0,0.0,285.933367674207,0.39214396346262825,0.36511643889245804
459.00003165517455,0.0,0.0,286.223655357125,0.31589131287134586,0.3652096709876311
459.4655489286585,0.0,0.0,286.51394304004293,0.3572857647357499,0.3645259434289901
459.93106620214246,0.0,0.0,286.80423072296094,0.30499807707259086,0.36497670218061884
460.3965834756264,0.0,0.0,287.0945184058789,0.4226451795282782,0.36458276984682725
460.86210074911037,0.0,0.0,287.38480608879684,0.2744971207221689,0.36344002958892535
461.3276180225943,0.0,0.0,287.67509377171484,0.40957319268368186,0.360926843809445
461.7931352960783,0.0,0.0,287.9653814546328,0.13070604457728718,0.36032578758122186
462.25865256956223,0.0,0.0,288.2556691375508,0.4575036379703845,0.35923630499945275
462.7241698430462,0.0,0.0,288.54595682046875,0.3289632997159422,0.3585302970988715
463.18968711653014,0.0,0.0,288.83624450338675,0.3594642560663641,0.35895830629862
463.6552043900141,0.0,0.0,289.1265321863047,0.3289632997159422,0.35865857161578985
464.120721663498,0.0,0.0,289.4168198692227,0.3354992931382408,0.35946305880155843
464.58623893698194,0.0,0.0,289.70710755214066,0.32024855524780227,0.35911638033085447
465.0517562104659,0.0,0.0,289.99739523505866,0.3551070136899077,0.3587113144916875
465.51727348394985,0.0,0.0,290.2876829179766,0.3638214984428205,0.3591300292822927
465.9827907574338,0.0,0.0,290.5779706008946,0.3638214984428205,0.35867767427541564
466.44830803091776,0.0,0.0,290.86825828381257,0.37689348528741773,0.3590049468304792
466.9138253044017,0.0,0.0,291.15854596673057,0.30064083469613445,0.3586628327956793
467.37934257788567,0.0,0.0,291.4488336496485,0.38342947870971633,0.3588414384816962
467.8448598513696,0.0,0.0,291.7391213325665,0.29410484127383585,0.35763787729905905
468.3103771248536,0.0,0.0,292.0294090154845,0.30281932602674866,0.35717785706442107
468.7758943983375,0.0,0.0,292.3196966984025,0.3725362429109613,0.35784581382002423
469.2414116718215,0.0,0.0,292.60998438132043,0.4553248869245423,0.3576477319645783
469.70692894530544,0.0,0.0,292.90027206423844,0.28103285442923953,0.35707326685835505
470.1724462187894,0.0,0.0,293.1905597471564,0.3420350268453114,0.3572267167308207
470.6379634922733,0.0,0.0,293.4808474300744,0.4226451795282782,0.35608048304033074
471.10348076575724,0.0,0.0,293.77113511299234,0.38342947870971633,0.35608048304033074
471.5689980392412,0.0,0.0,294.06142279591035,0.3572857647357499,0.3561866043330032
472.03451531272515,0.0,0.0,294.3517104788283,0.4466104021716304,0.356401988057805
472.5000325862091,0.0,0.0,294.6419981617463,0.2723183696763267,0.3551524990344696
472.96554985969306,0.0,0.0,294.93228584466425,0.3289632997159422,0.3557080536405275
473.431067133177,0.0,0.0,295.22257352758226,0.4727541161455959,0.355980115357984
473.89658440666096,0.0,0.0,295.5128612105002,0.29192609022799365,0.3562491692958347
474.3621016801449,0.0,0.0,295.8031488934182,0.2766756120527831,0.35621480220188123
474.82761895362887,0.0,0.0,296.09343657633616,0.3594642560663641,0.3559127570633428
475.2931362271128,0.0,0.0,296.38372425925417,0.38560822975555764,0.35586988133930336
475.7586535005968,0.0,0.0,296.6740119421721,0.3594642560663641,0.3552723810123642
476.22417077408073,0.0,0.0,296.9642996250901,0.3224273062936436,0.3552145046693226
476.6896880475647,0.0,0.0,297.25458730800807,0.39214396346262825,0.35456486210514465
477.1552053210486,0.0,0.0,297.544874990926,0.3224273062936436,0.3546096469249696
477.62072259453254,0.0,0.0,297.835162673844,0.3681790005345049,0.35459007115646474
478.0862398680165,0.0,0.0,298.125450356762,0.41393043506013827,0.35308464256189404
478.55175714150045,0.0,0.0,298.41573803968,0.30281932602674866,0.35316855550647486
479.0172744149844,0.0,0.0,298.70602572259793,0.3790722363332599,0.35237537351752135
479.48279168846835,0.0,0.0,298.99631340551593,0.28103285442923953,0.3515520745295571
479.9483089619523,0.0,0.0,299.2866010884339,0.3790722363332599,0.35072368485403266
480.41382623543626,0.0,0.0,299.5768887713519,0.25706789150111575,0.3510422594903887
480.8793435089202,0.0,0.0,299.86717645426984,0.34857102026761,0.3506865585297617
481.34486078240417,0.0,0.0,300.15746413718784,0.24835314703297495,0.3486646913469749
481.8103780558881,0.0,0.0,300.4477518201058,0.39867995688492686,0.34910238016097794
482.2758953293721,0.0,0.0,300.7380395030238,0.38778672108617185,0.34882018371864887
482.74141260285603,0.0,0.0,301.02832718594175,0.30064083469613445,0.34805552365487163
483.20692987634,0.0,0.0,301.31861486885975,0.3594642560663641,0.3487524663376698
483.67244714982394,0.0,0.0,301.6089025517777,0.3398565355146972,0.3482792479067546
484.13796442330784,0.0,0.0,301.8991902346957,0.28103285442923953,0.34799995485051793
484.6034816967918,0.0,0.0,302.18947791761366,0.40739470135306766,0.34768165275374974
485.06899897027574,0.0,0.0,302.47976560053166,0.3507497713134513,0.34825281982482187
485.5345162437597,0.0,0.0,302.7700532834496,0.31153407049488946,0.34742472927840007
486.00003351724365,0.0,0.0,303.0603409663676,0.2418171536106768,0.34742472927840007
486.4655507907276,0.0,0.0,303.35062864928557,0.3354992931382408,0.34606979383402026
486.93106806421156,0.0,0.0,303.6409163322036,0.40085870793076905,0.3478198377627128
487.3965853376955,0.0,0.0,303.9312040151215,0.3289632997159422,0.3467210623040767
487.86210261117947,0.0,0.0,304.22149169803953,0.3529282626440664,0.3463267942782768
488.3276198846634,0.0,0.0,304.5117793809575,0.39214396346262825,0.3463267942782768
488.7931371581474,0.0,0.0,304.8020670638755,0.3703574918651191,0.34640517058307907
489.2586544316313,0.0,0.0,305.09235474679343,0.32024855524780227,0.34747181486525075
489.7241717051153,0.0,0.0,305.38264242971144,0.28539035652092304,0.34787243597432743
490.18968897859924,0.0,0.0,305.6729301126294,0.3594642560663641,0.3479779371094603
490.65520625208313,0.0,0.0,305.9632177955474,0.37689348528741773,0.3476342884884957
491.1207235255671,0.0,0.0,306.25350547846534,0.40085870793076905,0.3500279594219918
491.58624079905104,0.0,0.0,306.54379316138335,0.38560822975555764,0.3495190943528445
492.051758072535,0.0,0.0,306.8340808443013,0.3594642560663641,0.34977662948645244
492.51727534601895,0.0,0.0,307.1243685272193,0.28756884785153725,0.34966659653512816
492.9827926195029,0.0,0.0,307.41465621013725,0.3616430071122063,0.3499567285570604
493.44830989298686,0.0,0.0,307.7049438930552,0.3572857647357499,0.3496754155352666
493.9138271664708,0.0,0.0,307.9952315759732,0.37689348528741773,0.349444397465899
494.37934443995476,0.0,0.0,308.28551925889116,0.3594642560663641,0.3484406348094882
494.8448617134387,0.0,0.0,308.57580694180916,0.39214396346262825,0.34760197988885716
495.3103789869227,0.0,0.0,308.8660946247271,0.3660002494886627,0.3471238742133395
495.7758962604066,0.0,0.0,309.1563823076451,0.3616430071122063,0.34665329316447796
496.2414135338906,0.0,0.0,309.44666999056307,0.31589131287134586,0.34596084071982797
496.70693080737453,0.0,0.0,309.7369576734811,0.38778672108617185,0.3465747804218561
497.17244808085843,0.0,0.0,310.027245356399,0.3725362429109613,0.3444937452200157
497.6379653543424,0.0,0.0,310.317533039317,0.3660002494886627,0.3448226404468273
498.10348262782634,0.0,0.0,310.607820722235,0.3333205420923986,0.34565266344150786
498.5689999013103,0.0,0.0,310.898108405153,0.40521595030722546,0.34466276091313647
499.03451717479425,0.0,0.0,311.18839608807093,0.29846208365029225,0.34473276764830757
499.5000344482782,0.0,0.0,311.47868377098894,0.39214396346262825,0.3446843184730061
499.96555172176215,0.0,0.0,311.7689714539069,0.3725362429109613,0.3445797399774004
500.4310689952461,0.0,0.0,312.0592591368249,0.30281932602674866,0.34364975115715524
500.89658626873006,0.0,0.0,312.34954681974284,0.3333205420923986,0.34321215112875686
501.362103542214,0.0,0.0,312.63983450266085,0.28539035652092304,0.34347164063172364
501.82762081569797,0.0,0.0,312.9301221855788,0.39214396346262825,0.34237057985567604
502.2931380891819,0.0,0.0,313.2204098684968,0.3398565355146972,0.3417492229809209
502.7586553626659,0.0,0.0,313.51069755141475,0.2788543630986253,0.34149524214768645
503.22417263614983,0.0,0.0,313.80098523433276,0.3681790005345049,0.3403323320346164
503.6896899096337,0.0,0.0,314.0912729172507,0.32024855524780227,0.3398050376705337
504.1552071831177,0.0,0.0,314.3815606001687,0.3224273062936436,0.3393365948604652
504.62072445660164,0.0,0.0,314.67184828308666,0.28539035652092304,0.3400276626947729
505.0862417300856,0.0,0.0,314.96213596600467,0.3246060573394858,0.33946186380070703
505.55175900356954,0.0,0.0,315.2524236489226,0.3420350268453114,0.3399254950945865
506.0172762770535,0.0,0.0,315.5427113318406,0.13506354666897158,0.3393744316043062
506.48279355053745,0.0,0.0,315.83299901475857,0.30717682811843305,0.34064017684821785
506.9483108240214,0.0,0.0,316.1232866976766,0.38996547213201405,0.34008465872580346
507.41382809750536,0.0,0.0,316.4135743805945,0.2744971207221689,0.3398809270762551
507.8793453709893,0.0,0.0,316.70386206351253,0.38778672108617185,0.3401260034826865
508.34486264447327,0.0,0.0,316.9941497464305,0.3442137778911536,0.339877077073154
508.8103799179572,0.0,0.0,317.28443742934843,0.28103285442923953,0.33954965810423
509.2758971914412,0.0,0.0,317.57472511226644,0.3224273062936436,0.3399517861828337
509.7414144649251,0.0,0.0,317.8650127951844,0.3681790005345049,0.33923702262832856
510.206931738409,0.0,0.0,318.1553004781024,0.3420350268453114,0.33901328502073036
510.672449011893,0.0,0.0,318.44558816102034,0.2744971207221689,0.33871397778888857
511.13796628537693,0.0,0.0,318.73587584393835,0.25924638283172996,0.339439243929851
511.6034835588609,0.0,0.0,319.0261635268563,0.38342947870971633,0.33962560818543674
512.0690008323448,0.0,0.0,319.3164512097743,0.3572857647357499,0.33925761072575067
512.5345181058289,0.0,0.0,319.60673889269225,0.28103285442923953,0.338804585494941
513.0000353793127,0.0,0.0,319.89702657561025,0.3594642560663641,0.3385010294697417
513.4655526527966,0.0,0.0,320.1873142585282,0.337677784468855,0.33760672319080504
513.9310699262807,0.0,0.0,320.4776019414462,0.4378956577034896,0.33694050883372656
514.3965871997646,0.0,0.0,320.76788962436416,0.3638214984428205,0.33791804448516366
514.8621044732486,0.0,0.0,321.05817730728216,0.3660002494886627,0.3380597829258252
515.3276217467325,0.0,0.0,321.3484649902001,0.3267845486701,0.3379114131340574
515.7931390202165,0.0,0.0,321.6387526731181,0.5577215112050191,0.3374432361792898
516.2586562937004,0.0,0.0,321.92904035603607,0.3224273062936436,0.33619395124877993
516.7241735671844,0.0,0.0,322.2193280389541,0.3311417910465564,0.33486577091248476
517.1896908406683,0.0,0.0,322.509615721872,0.3725362429109613,0.3346537585691543
517.6552081141523,0.0,0.0,322.79990340479003,0.3289632997159422,0.33485417964764014
518.1207253876362,0.0,0.0,323.090191087708,0.2657823762540281,0.3341133825314625
518.5862426611202,0.0,0.0,323.380478770626,0.34857102026761,0.3332511652569299
519.0517599346041,0.0,0.0,323.67076645354393,0.3638214984428205,0.3327764319509389
519.5172772080881,0.0,0.0,323.96105413646194,0.12852755324667298,0.3319045941266711
519.982794481572,0.0,0.0,324.2513418193799,0.28539035652092304,0.3312024687424831
520.4483117550559,0.0,0.0,324.5416295022979,0.3790722363332599,0.3314340889021464
520.9138290285399,0.0,0.0,324.83191718521584,0.30935531944904726,0.3304583200306794
521.3793463020238,0.0,0.0,325.12220486813385,0.41610918610598047,0.3303439337621607
521.8448635755078,0.0,0.0,325.4124925510518,0.2134949483060966,0.329086841987994
522.3103808489917,0.0,0.0,325.7027802339698,0.31371256182550367,0.3287142685512776
522.7758981224757,0.0,0.0,325.99306791688775,0.41175194372952406,0.3279669746357383
523.2414153959596,0.0,0.0,326.28335559980576,0.38778672108617185,0.3278057143147296
523.7069326694436,0.0,0.0,326.5736432827237,0.30064083469613445,0.3262801024201393
524.1724499429275,0.0,0.0,326.8639309656417,0.2701396186304845,0.32647309548290265
524.6379672164115,0.0,0.0,327.15421864855966,0.34857102026761,0.32588260987109274
525.1034844898954,0.0,0.0,327.4445063314776,0.28321160547508173,0.3250594233649976
525.5690017633794,0.0,0.0,327.7347940143956,0.31153407049488946,0.3250217583518646
526.0345190368633,0.0,0.0,328.02508169731357,0.3507497713134513,0.3252820531899226
526.5000363103474,0.0,0.0,328.3153693802316,0.2701396186304845,0.3252290696945845
526.9655535838313,0.0,0.0,328.6056570631495,0.2418171536106768,0.3241002526487307
527.4310708573151,0.0,0.0,328.8959447460675,0.3420350268453114,0.3240789683166923
527.8965881307992,0.0,0.0,329.1862324289855,0.29410484127383585,0.3237706507408276
528.362105404283,0.0,0.0,329.4765201119035,0.2309239178119218,0.3227026491799264
528.8276226777671,0.0,0.00037321176725658983,329.76680779482143,0.3311417910465564,0.3229331542334729
529.293139951251,0.0,0.0006795826755810677,330.05709547773944,0.3594642560663641,0.3223207736836327
529.758657224735,0.0,0.0008085667295673905,330.3473831606574,0.32024855524780227,0.3220340510364557
530.2241744982189,0.0,0.0009437968040771248,330.6376708435754,0.31589131287134586,0.3218165485993856
530.6896917717029,0.0,0.0011737115334736236,330.92795852649334,0.28539035652092304,0.32144914157892013
531.1552090451868,0.0,0.001179194889055912,331.21824620941135,0.39214396346262825,0.3224398431549753
531.6207263186708,0.0,0.0012950818639997153,331.5085338923293,0.3442137778911536,0.3254956182917997
532.0862435921547,0.0,0.0013671812526780639,331.7988215752473,0.3681790005345049,0.32360369480623813
532.5517608656387,0.0,0.0014260955996305018,332.08910925816525,0.3289632997159422,0.32382074813128514
533.0172781391226,0.0,0.0015017276997218892,332.37939694108326,0.3333205420923986,0.32282450811167107
533.4827954126065,0.0,0.0015039177659187239,332.6696846240012,0.30281932602674866,0.32203290249618266
533.9483126860905,0.0,0.0015964038006504987,332.9599723069192,0.3289632997159422,0.32239517261201095
534.4138299595744,0.0,0.0018210698140337426,333.25025998983716,0.337677784468855,0.3221234560152823
534.8793472330584,0.0,0.002028000319038189,333.54054767275517,0.3267845486701,0.32194163230749906
535.3448645065423,0.0,0.0021244454398911326,333.8308353556731,0.2744971207221689,0.32163250518143754
535.8103817800263,0.0,0.0021348926319147434,334.1211230385911,0.3333205420923986,0.32151422019655873
536.2758990535102,0.0,0.0021354475578473212,334.41141072150907,0.3551070136899077,0.3218891995381602
536.7414163269942,0.0,0.0021355092073829713,334.7016984044271,0.3660002494886627,0.3217461236072612
537.2069336004781,0.0,0.00214590253682386,334.991986087345,0.2744971207221689,0.3212235255254433
537.6724508739621,0.0,0.0021596621866284554,335.28227377026303,0.32024855524780227,0.32117070333118575
538.137968147446,0.0,0.002162647123993968,335.572561453181,0.29846208365029225,0.3202024490023245
538.60348542093,0.0,0.002170000503590677,335.862849136099,0.29846208365029225,0.31965505943387607
539.0690026944139,0.0,0.0021836083092875228,336.15313681901694,0.41610918610598047,0.31836906171789797
539.534519967898,0.0,0.002188486406400454,336.44342450193494,0.30281932602674866,0.31955499654189073
540.0000372413818,0.0,0.002225766571905215,336.7337121848529,0.3442137778911536,0.31899509097735496
540.4655545148657,0.0,0.0022819006461853707,337.02399986777084,0.3289632997159422,0.3191663625449583
540.9310717883498,0.0,0.002307203277164894,337.31428755068885,0.2657823762540281,0.3153704162195702
541.3965890618337,0.0,0.0023092565583341627,337.6045752336068,0.2309239178119218,0.3153704162195702
541.8621063353177,0.0,0.002316144523744957,337.8948629165248,0.337677784468855,0.31518364369324986
542.3276236088016,0.0,0.002316371875342815,338.18515059944275,0.31153407049488946,0.3142240416288302
542.7931408822856,0.0,0.0023164287097557196,338.47543828236076,0.2788543630986253,0.31426695306413976
543.2586581557695,0.0,0.0023232954117040215,338.7657259652787,0.25706789150111575,0.3145410118006394
543.7241754292535,0.0,0.0023771275305493134,339.0560136481967,0.3289632997159422,0.3140783922399197
544.1896927027374,0.0,0.002587621084774286,339.34630133111466,0.25924638283172996,0.31322893137315366
544.6552099762214,0.0,0.002979293678986197,339.63658901403267,0.3224273062936436,0.3144687090307804
545.1207272497053,0.0,0.003384792249037935,339.9268766969506,0.38778672108617185,0.3149743453104647
545.5862445231893,0.0,0.0037606870993591173,340.2171643798686,0.24835314703297495,0.3145120787710576
546.0517617966732,0.0,0.004102281846658625,340.50745206278657,0.30281932602674866,0.31420955057188615
546.5172790701571,0.0,0.004327941425647118,340.7977397457046,0.24835314703297495,0.3132854747203645
546.9827963436411,0.0,0.004406350729641514,341.0880274286225,0.3354992931382408,0.3140725683491127
547.448313617125,0.0,0.004406380607155226,341.37831511154053,0.28539035652092304,0.3134777612974109
547.913830890609,0.0,0.004447094692774307,341.6686027944585,0.31589131287134586,0.3124986509919091
548.3793481640929,0.0,0.004491896519239579,341.9588904773765,0.2396386622800626,0.3110140552259515
548.8448654375769,0.0,0.004516477805146745,342.24917816029443,0.32024855524780227,0.3108797465131727
549.3103827110608,0.0,0.004544403755261374,342.53946584321244,0.3354992931382408,0.31132410794874255
549.7758999845448,0.0,0.004583892084486875,342.8297535261304,0.28539035652092304,0.31039259381606227
550.2414172580287,0.0,0.004599060085,343.1200412090484,0.29846208365029225,0.31060552792973445
550.7069345315127,0.0,0.004599088710597087,343.41032889196634,0.3594642560663641,0.3097224902741839
551.1724518049966,0.0,0.004599346332953608,343.70061657488435,0.2788543630986253,0.30926951422617416
551.6379690784806,0.0,0.004600748690487276,343.9909042578023,0.2744971207221689,0.3087217132509165
552.1034863519645,0.0,0.004607182607171774,344.2811919407203,0.337677784468855,0.30979058818497396
552.5690036254485,0.0,0.004610638912178063,344.57147962363825,0.2374599112342204,0.3096582560906516
553.0345208989324,0.0,0.0046106674658873276,344.86176730655626,0.24835314703297495,0.3098175077090264
553.5000381724163,-0.0038605325389653444,0.004614121160487259,345.1520549894742,0.3442137778911536,0.31037595653932004
553.9655554459003,0.00587472366169095,0.004631919490369776,345.4423426723922,0.24835314703297495,0.31048634075882603
554.4310727193842,0.004531929735094309,0.0046456556669565,345.73263035531016,0.24835314703297495,0.3094519811478322
554.8965899928683,0.005035477224737406,0.004671090753469465,346.02291803822817,0.30064083469613445,0.3091900523889714
555.3621072663522,0.007217517588287592,0.0047182306389028416,346.3132057211461,0.30281932602674866,0.30936101663044707
555.8276245398362,0.0011749446857720613,0.004820938603010466,346.6034934040641,0.29410484127383585,0.30963791330817814
556.2931418133201,-0.00553902518004179,0.004908861261285375,346.8937810869821,0.5533640091133347,0.3092670089248615
556.7586590868041,-0.004531929735094309,0.004962872805207802,347.1840687699,0.1437780314218844,0.30870691104681963
557.224176360288,-0.0041962312534451485,0.0049952629630883585,347.47435645281803,0.30064083469613445,0.30806243210379963
557.689693633772,-0.004867628216743469,0.005009185472072388,347.764644135736,0.28539035652092304,0.30718341573366303
558.1552109072559,-0.000839246204122901,0.005018664294073831,348.054931818654,0.25271038940943136,0.3069285841383402
558.6207281807399,0.00553902518004179,0.005062568797690079,348.34521950157193,0.3224273062936436,0.3074284428678241
559.0862454542238,0.009063859470188618,0.005098045113838531,348.63550718448994,0.29192609022799365,0.3070212827692055
559.5517627277077,0.009231708012521267,0.005107359022599002,348.9257948674079,0.3507497713134513,0.3060064530304093
560.0172800011917,0.006546120624989271,0.005228642218118901,349.2160825503259,0.30935531944904726,0.30569644847218325
560.4827972746756,0.0021820401307195425,0.005259395881166056,349.50637023324384,0.25924638283172996,0.3054709460913427
560.9483145481596,0.0005035477224737406,0.0052636245266504435,349.79665791616185,0.30499807707259086,0.3056299845122299
561.4138318216435,-0.0001678492408245802,0.0052846173543959285,350.0869455990798,0.3703574918651191,0.30512383561052203
561.8793490951275,0.0021820401307195425,0.0053150471467442095,350.3772332819978,0.30281932602674866,0.3042619838348979
562.3448663686114,0.002517738612368703,0.005335837665909663,350.66752096491575,0.2744971207221689,0.3040519750933091
562.8103836420954,0.0011749446857720613,0.005337046507152328,350.95780864783376,0.25053189807881715,0.30310514187396026
563.2759009155793,0.0018463416490703821,0.005342593797240492,351.2480963307517,0.2766756120527831,0.3030456462800647
563.7414181890633,0.002517738612368703,0.0053534498116085665,351.5383840136697,0.3224273062936436,0.3023316773165179
564.2069354625472,-0.0015106431674212217,0.005368797720814495,351.82867169658766,0.4618608803468409,0.30081629173897645
564.6724527360312,-0.0041962312534451485,0.005369410724609999,352.11895937950567,0.30935531944904726,0.30092060079900185
565.1379700095151,-0.00520332669839263,0.005369435243306156,352.4092470624236,0.3442137778911536,0.3008513840527939
565.6034872829991,-0.003524834057316184,0.005410494096364197,352.6995347453416,0.2309239178119218,0.3003035065453504
566.069004556483,0.0010070954449474812,0.005625811199261867,352.9898224282596,0.3224273062936436,0.3007353957978262
566.5345218299669,0.0018463416490703821,0.005668915064292555,353.2801101111776,0.31153407049488946,0.3010589055785547
567.000039103451,0.0003356984816491604,0.0056756226468164485,353.5703977940955,0.2723183696763267,0.30071216052701516
567.4655563769348,-0.0001678492408245802,0.005710794652420185,353.86068547701353,0.3333205420923986,0.30109183329752326
567.9310736504189,0.0018463416490703821,0.005775187644323166,354.1509731599315,0.29846208365029225,0.29998379068963554
568.3965909239027,0.00520332669839263,0.005806311520968429,354.4412608428495,0.30064083469613445,0.30063938627605097
568.8621081973868,0.010574501939117908,0.00581829360738606,354.73154852576744,0.2744971207221689,0.3006171787145348
569.3276254708707,0.015274280682206154,0.005852608276213668,355.02183620868544,0.31589131287134586,0.30108073902185783
569.7931427443547,0.016617074608802795,0.005852630770628375,355.3121238916034,0.3398565355146972,0.2997474203806512
570.2586600178386,0.016952773556113243,0.005871518062829459,355.6024115745214,0.3354992931382408,0.2986708926930978
570.7241772913226,0.016952773556113243,0.005881397858097326,355.89269925743935,0.2744971207221689,0.2988660553608763
571.1896945648065,0.01426718570291996,0.005881420242401759,356.18298694035735,0.3333205420923986,0.299237992654779
571.6552118382905,0.008560311049222946,0.005882516968976779,356.4732746232753,0.31371256182550367,0.2998111172420877
572.1207291117744,-0.0001678492408245802,0.005887550335505037,356.76356230619325,0.2418171536106768,0.29965520537810164
572.5862463852583,-0.006210422143340111,0.005899367421709235,357.05384998911126,0.3224273062936436,0.29965520537810164
573.0517636587423,-0.006546120624989271,0.005966491934357942,357.3441376720292,0.22656667543546583,0.30031351660716743
573.5172809322262,-0.004867628216743469,0.006162412781184558,357.6344253549472,0.28539035652092304,0.3002973418127513
573.9827982057102,-0.00520332669839263,0.0062177311822309185,357.92471303786516,0.32024855524780227,0.30012830918985206
574.4483154791941,-0.006210422143340111,0.0062238473211816,358.21500072078317,0.24399590465651855,0.3000830776189254
574.9138327526781,-0.0038605325389653444,0.006249705678438826,358.5052884037011,0.30717682811843305,0.3001817305193147
575.379350026162,-0.0001678492408245802,0.006262857586495292,358.7955760866191,0.19606571908504344,0.2998061599883572
575.844867299646,0.0005035477224737406,0.006268929699048659,359.08586376953707,0.30499807707259086,0.2995923617590624
576.3103845731299,0.0011749446857720613,0.0062736530533987955,359.3761514524551,0.1917082169933595,0.2996693425649394
576.7759018466139,0.002517738612368703,0.006288932355943529,359.666439135373,0.3594642560663641,0.29966934256493943
577.2414191200978,0.0018463416490703821,0.006290627765195098,359.95672681829103,0.3289632997159422,0.29892081760520006
577.7069363935818,-0.0001678492408245802,0.006316212731532609,360.247014501209,0.31153407049488946,0.29984351621996247
578.1724536670657,-0.0018463416490703821,0.00632223359999196,360.537302184127,0.30064083469613445,0.30035235817474376
578.6379709405497,-0.0041962312534451485,0.00631139607314901,360.82758986704494,0.3420350268453114,0.29924533009786924
579.1034882140336,-0.0036926832981407642,0.006301041369935845,361.11787754996294,0.24617465570236075,0.29914659289801687
579.5690054875175,-0.005035477224737406,0.006324398877273034,361.4081652328809,0.29192609022799365,0.2995946610331259
580.0345227610015,-0.0068818191066384315,0.006306659236885731,361.6984529157989,0.3333205420923986,0.2997844871393129
580.5000400344854,-0.010238803923130035,0.006296631283881965,361.98874059871684,0.31589131287134586,0.2992497813971489
580.9655573079694,-0.009567406959831715,0.00633415424970195,362.27902828163485,0.3594642560663641,0.2993934560665955
581.4310745814533,-0.007553216069936752,0.00633415424970195,362.5693159645528,0.28539035652092304,0.2956041807849763
581.8965918549374,-0.00587472366169095,0.006341632200300589,362.8596036474708,0.30499807707259086,0.2958985150016962
582.3621091284213,-0.0038605325389653444,0.006328664802687808,363.14989133038875,0.22438818410485117,0.29564213368196646
582.8276264019053,-0.0031891355756670237,0.00631122919643697,363.44017901330676,0.30717682811843305,0.2953295110329489
583.2931436753892,-0.0068818191066384315,0.006356623836486916,363.7304666962247,0.3529282626440664,0.29576963839499293
583.7586609488732,-0.006210422143340111,0.006432224608164747,364.0207543791427,0.28539035652092304,0.29495272478627843
584.2241782223571,0.0031891355756670237,0.006403608855175482,364.31104206206066,0.21785219068255302,0.2950138524882885
584.6896954958411,0.011581597849726677,0.00634130002965953,364.60132974497867,0.29410484127383585,0.29437435585652894
585.155212769325,0.00587472366169095,0.006322670876671966,364.8916174278966,0.24617465570236075,0.29433185990251065
585.620730042809,-0.0021820401307195425,0.006334320518824383,365.1819051108146,0.34857102026761,0.2938479235882781
586.0862473162929,-0.004867628216743469,0.006334320518824384,365.4721927937326,0.30499807707259086,0.2936050873641759
586.5517645897768,-0.00587472366169095,0.006334819310385436,365.7624804766506,0.2788543630986253,0.2916439514276262
587.0172818632608,-0.004867628216743469,0.00633382168798325,366.05276815956853,0.24835314703297495,0.2914796431333423
587.4827991367447,0.0011749446857720613,0.006335151816275121,366.34305584248654,0.20260145279211406,0.29138565592929544
587.9483164102287,0.002517738612368703,0.006401305849687165,366.6333435254045,0.29192609022799365,0.29143885590740193
588.4138336837126,-0.003524834057316184,0.006496032653700765,366.92363120832243,0.20695895488379845,0.2912710050493955
588.8793509571966,-0.0041962312534451485,0.006557031877587039,367.21391889124044,0.2744971207221689,0.29157672338220736
589.3448682306805,-0.000839246204122901,0.0065612067460167145,367.5042065741584,0.31371256182550367,0.2896639947122863
589.8103855041645,0.0001678492408245802,0.0065732347799310545,367.7944942570764,0.337677784468855,0.28933548660745745
590.2759027776484,0.0068818191066384315,0.006561206744847723,368.08478193999434,0.2701396186304845,0.2886770368007579
590.7414200511324,0.01594567857682705,0.006579800809821205,368.37506962291235,0.31371256182550367,0.2893621576588416
591.2069373246163,0.007217517588287592,0.006643776762913291,368.6653573058303,0.2723183696763267,0.2893395445090506
591.6724545981003,-0.0028534370940178633,0.006690752304427857,368.9556449887483,0.30281932602674866,0.28906737147948197
592.1379718715842,-0.006546120624989271,0.006737752038384683,369.24593267166625,0.34857102026761,0.28879678746530935
592.6034891450681,-0.008896009996533394,0.006739315004573214,369.53622035458426,0.08059710795997033,0.2886136419782582
593.0690064185521,-0.006210422143340111,0.0067916215952623,369.8265080375022,0.3289632997159422,0.2889002156069715
593.534523692036,0.0038605325389653444,0.006773142541634196,370.1167957204202,0.3267845486701,0.2886763424301641
594.00004096552,0.006546120624989271,0.006799525821003075,370.40708340333816,0.31153407049488946,0.288695778299608
594.4655582390039,-0.0001678492408245802,0.006731027165491222,370.69737108625617,0.13506354666897158,0.28856483795496696
594.931075512488,-0.004867628216743469,0.006553436990153116,370.9876587691741,0.28539035652092304,0.2882222236064037
595.3965927859718,-0.003524834057316184,0.0063487073972973386,371.2779464520921,0.2723183696763267,0.28677066875651636
595.8621100594559,-0.0001678492408245802,0.006171272343589772,371.5682341350101,0.3398565355146972,0.2865478410493686
596.3276273329398,0.0011749446857720613,0.0061937589274710355,371.8585218179281,0.31371256182550367,0.28606383264667745
596.7931446064238,0.002517738612368703,0.006257705362048029,372.148809500846,0.32024855524780227,0.2857662676593436
597.2586618799077,0.0038605325389653444,0.006281957560129965,372.43909718376403,0.28539035652092304,0.2869462586066123
597.7241791533917,0.009231708012521267,0.006254906645066442,372.729384866682,0.37689348528741773,0.28647995675469834
598.1896964268756,0.01594567857682705,0.006240577812211592,373.0196725496,0.2374599112342204,0.2870529782881017
598.6552137003596,0.008560311049222946,0.006228921931468862,373.30996023251794,0.30281932602674866,0.28582458094351504
599.1207309738435,-0.0028534370940178633,0.006210294856485747,373.60024791543594,0.3311417910465564,0.2850185379006837
599.5862482473274,-0.00587472366169095,0.006181397154011203,373.8905355983539,0.29628359231967805,0.28588657703762077
600.0517655208114,-0.0041962312534451485,0.006213177234758551,374.1808232812719,0.25488914045527356,0.28555620636432893
600.5172827942953,-0.0028534370940178633,0.006319067645270647,374.47111096418985,0.3398565355146972,0.2868144704114645
600.9828000677793,0.002517738612368703,0.006322962396951322,374.76139864710785,0.28756884785153725,0.2865263548914459
601.4483173412632,0.004531929735094309,0.006339431289596911,375.0516863300258,0.2744971207221689,0.2871551291629555
601.9138346147472,-0.0015106431674212217,0.006360164432028921,375.3419740129438,0.25706789150111575,0.28667585765974607
602.3793518882311,-0.00587472366169095,0.006380169938792128,375.63226169586176,0.3398565355146972,0.2859519559085044
602.8448691617151,-0.0028534370940178633,0.0063826455916046135,375.92254937877976,0.30717682811843305,0.28645156490664614
603.310386435199,0.0005035477224737406,0.006461528667988587,376.2128370616977,0.21785219068255302,0.2859653015784327
603.775903708683,0.004531929735094309,0.006510244133061474,376.5031247446157,0.23528141990360618,0.2861395255492533
604.2414209821669,0.007217517588287592,0.0065093745217572885,376.79341242753367,0.30064083469613445,0.2864195895938874
604.7069382556509,0.0011749446857720613,0.006525151028751259,377.0837001104516,0.32024855524780227,0.28569799599480145
605.1724555291348,-0.006210422143340111,0.00649846417365446,377.3739877933696,0.2396386622800626,0.2853804620100624
605.6379728026187,-0.007217517588287592,0.00646042833878516,377.66427547628757,0.30935531944904726,0.28556568108126285
606.1034900761027,-0.00553902518004179,0.006485647950026602,377.9545631592056,0.25488914045527356,0.2843885433778643
606.5690073495866,-0.00553902518004179,0.0066913819272293165,378.2448508421235,0.19824421041565765,0.2851467523102206
607.0345246230706,-0.0001678492408245802,0.006745153377662583,378.53513852504153,0.2723183696763267,0.2842230916125947
607.5000418965545,0.0003356984816491604,0.006740467453216197,378.8254262079595,0.24835314703297495,0.2846337957706058
607.9655591700385,-0.007888914085924625,0.0067801945861776,379.1157138908775,0.30281932602674866,0.2849085692558531
608.4310764435224,-0.011581597849726677,0.006786870758296592,379.40600157379544,0.22874542648130758,0.2841600286281594
608.8965937170065,-0.006546120624989271,0.006761217002951479,379.69628925671344,0.29846208365029225,0.28400138459307755
609.3621109904904,0.0005035477224737406,0.006804693448406737,379.9865769396314,0.28756884785153725,0.28472836895618553
609.8276282639744,0.0041962312534451485,0.006735934623877284,380.2768646225494,0.30499807707259086,0.2840869624128808
610.2931455374583,0.004531929735094309,0.006728425305540976,380.56715230546735,0.1917082169933595,0.2847082725184248
610.7586628109423,0.0005035477224737406,0.006812427896805379,380.85743998838535,0.2788543630986253,0.2841121723504158
611.2241800844262,-0.000839246204122901,0.006850354238240358,381.1477276713033,0.11981280877853262,0.28354337454991374
611.6896973579102,0.0018463416490703821,0.0068429704825078,381.4380153542213,0.28539035652092304,0.28329616809956815
612.1552146313941,-0.0028534370940178633,0.006826790673672942,381.72830303713926,0.2636038849234139,0.28396967011775703
612.620731904878,-0.009567406959831715,0.006843182105629234,382.01859072005726,0.25706789150111575,0.2847166008325807
613.086249178362,-0.011581597849726677,0.0068561556662040096,382.3088784029752,0.25706789150111575,0.28432996367388624
613.5517664518459,-0.009567406959831715,0.0068831388532082476,382.5991660858932,0.3507497713134513,0.2849843634868898
614.0172837253299,-0.0028534370940178633,0.007001923111700448,382.88945376881117,0.30717682811843305,0.2852523432809385
614.4828009988138,0.00587472366169095,0.007042867306062217,383.17974145172917,0.2744971207221689,0.2847406648543518
614.9483182722978,0.0031891355756670237,0.007044362575202157,383.4700291346471,0.2788543630986253,0.2841052149594018
615.4138355457817,-0.006210422143340111,0.007026548235043189,383.7603168175651,0.30935531944904726,0.28391935805475593
615.8793528192657,-0.009567406959831715,0.006859687884973037,384.0506045004831,0.32024855524780227,0.2831271648294831
616.3448700927496,-0.008392462506890297,0.0068310704670507955,384.3408921834011,0.28321160547508173,0.28339486840196065
616.8103873662336,-0.008224613033235073,0.006957105732569539,384.63117986631903,0.2396386622800626,0.28314494742178437
617.2759046397175,-0.0015106431674212217,0.006977512938710798,384.92146754923704,0.31589131287134586,0.28125259589474083
617.7414219132015,0.008896009996533394,0.0070041789783361705,385.211755232155,0.3267845486701,0.28176877395096267
618.2069391866854,0.0005035477224737406,0.007160914030532607,385.502042915073,0.2766756120527831,0.2813244791392
618.6724564601693,-0.012252994813024998,0.007176340563326667,385.79233059799094,0.2766756120527831,0.2812542251416565
619.1379737336533,-0.011581597849726677,0.007149285458726561,386.08261828090895,0.30281932602674866,0.28075793112283065
619.6034910071372,-0.004867628216743469,0.007161704528865751,386.3729059638269,0.30717682811843305,0.2820666060317697
620.0690082806212,-0.0021820401307195425,0.00726029236237923,386.66319364674484,0.15249251617479676,0.28183061538011756
620.5345255541051,0.007049668114632368,0.007285778965940826,386.95348132966285,0.24835314703297495,0.28185036829790155
621.0000428275891,0.015274280682206154,0.007290981159003026,387.2437690125808,0.28539035652092304,0.28158970082837126
621.465560101073,0.01258869282901287,0.007290547784693856,387.5340566954988,0.28321160547508173,0.28120665192653205
621.931077374557,0.0057068741880357265,0.007306133066553344,387.82434437841675,0.3616430071122063,0.28518147160503715
622.396594648041,-0.0015106431674212217,0.007372431517395538,388.11463206133476,0.2744971207221689,0.2850815179466305
622.862111921525,-0.004867628216743469,0.007465699190265545,388.4049197442527,0.29410484127383585,0.2838336140906038
623.3276291950089,-0.0028534370940178633,0.007385277516535234,388.6952074271707,0.07841861662935568,0.2836103601272392
623.7931464684929,-0.0015106431674212217,0.007340218098263226,388.98549511008866,0.2309239178119218,0.2845755404301047
624.2586637419768,0.0005035477224737406,0.007385277521678539,389.27578279300667,0.3354992931382408,0.28452846291039424
624.7241810154608,0.007553216069936752,0.007384047411416715,389.5660704759246,0.2723183696763267,0.28402945854588174
625.1896982889447,0.01191729586571455,0.0073763947415187246,389.8563581588426,0.3398565355146972,0.28481136185749556
625.6552155624286,0.0023498893715441227,0.00738238911473945,390.1466458417606,0.2744971207221689,0.2846450551641072
626.1207328359126,-0.004867628216743469,0.007411293566918033,390.4369335246786,0.2744971207221689,0.2840975478258239
626.5862501093965,-0.00587472366169095,0.0074176857064661775,390.72722120759653,0.31589131287134586,0.2835771398942328
627.0517673828805,-0.00553902518004179,0.007418395604169879,391.01750889051453,0.25271038940943136,0.283317752713456
627.5172846563644,-0.0018463416490703821,0.007464729241977764,391.3077965734325,0.3572857647357499,0.28292488720773895
627.9828019298484,0.010574501939117908,0.0074659989576838105,391.5980842563505,0.24617465570236075,0.28257150997302666
628.4483192033323,0.009231708012521267,0.0075115657810075395,391.88837193926844,0.3572857647357499,0.283946133502032
628.9138364768163,-0.003524834057316184,0.0075516993429044915,392.17865962218644,0.2788543630986253,0.2836817675482022
629.3793537503002,-0.0068818191066384315,0.007530330715899033,392.4689473051044,0.20260145279211406,0.283453772845547
629.8448710237842,0.0031891355756670237,0.00753089014465461,392.7592349880224,0.30281932602674866,0.283064781587604
630.3103882972681,0.007217517588287592,0.00750777910184062,393.04952267094035,0.3333205420923986,0.28320766074060816
630.7759055707521,0.01124589890241623,0.007478261750456557,393.33981035385835,0.2396386622800626,0.28244229056406167
631.241422844236,0.018631266430020332,0.007508480480449301,393.6300980367763,0.3572857647357499,0.2828409186622046
631.70694011772,0.010574501939117908,0.007554488157997056,393.9203857196943,0.1917082169933595,0.28417084569324963
632.1724573912039,-0.0028534370940178633,0.007619040404075265,394.21067340261226,0.2744971207221689,0.2838955947848485
632.6379746646878,-0.008224613033235073,0.007691630294329521,394.50096108553026,0.3333205420923986,0.2842207942063844
633.1034919381718,-0.007553216069936752,0.007668179628719256,394.7912487684482,0.28103285442923953,0.28387434584109433
633.5690092116557,-0.0011749446857720613,0.007600581095137371,395.0815364513662,0.2679611272998703,0.2838258234854902
634.0345264851397,0.008560311049222946,0.007574346148230657,395.37182413428417,0.30281932602674866,0.2838689546136801
634.5000437586236,0.00587472366169095,0.007595452286759196,395.6621118172022,0.21785219068255302,0.2837479836501408
634.9655610321076,-0.004867628216743469,0.007592262361241451,395.9523995001201,0.31371256182550367,0.2855273837309154
635.4310783055915,-0.01124589890241623,0.007579680298582234,396.24268718303813,0.29192609022799365,0.2862579307014845
635.8965955790756,-0.008896009996533394,0.00758717998397973,396.5329748659561,0.2418171536106768,0.2862185692272306
636.3621128525594,-0.004867628216743469,0.007673723047143052,396.823262548874,0.25053189807881715,0.287212643598423
636.8276301260435,-0.0001678492408245802,0.007757671922624455,397.11355023179203,0.32024855524780227,0.28751087177707535
637.2931473995274,0.005035477224737406,0.007787076912057954,397.40383791471,0.29410484127383585,0.2881396580701012
637.7586646730114,0.005035477224737406,0.007740954979133587,397.694125597628,0.24835314703297495,0.2883289487594665
638.2241819464953,0.007217517588287592,0.007660174907901913,397.98441328054594,0.28756884785153725,0.28885246725377345
638.6896992199792,0.013931486755609512,0.007604148410808385,398.27470096346394,0.30281932602674866,0.28824023694563217
639.1552164934632,0.007888914085924625,0.007599299201453989,398.5649886463819,0.25924638283172996,0.28764089669864423
639.6207337669471,-0.0015106431674212217,0.007578481729609308,398.8552763292999,0.2744971207221689,0.287564395807687
640.0862510404311,-0.004531929735094309,0.00757987133968188,399.14556401221785,0.24835314703297495,0.28768561228376954
640.551768313915,-0.002517738612368703,0.007559000363637553,399.43585169513585,0.22438818410485117,0.2867129704655913
641.017285587399,0.0031891355756670237,0.007510689385108305,399.7261393780538,0.30064083469613445,0.2861922785086268
641.4828028608829,0.013931486755609512,0.007466757128475216,400.0164270609718,0.2766756120527831,0.2862949432363038
641.9483201343669,0.008560311049222946,0.0074435884573346165,400.30671474388976,-0.08498018006719299,0.2862280017468072
642.4138374078508,-0.010910200886428356,0.00748450873211534,400.59700242680776,0.1938869680392017,0.2861175610736286
642.8793546813348,-0.016617074608802795,0.007509374628542679,400.8872901097257,0.28539035652092304,0.28560362727726246
643.3448719548187,-0.006210422143340111,0.0075400797874880035,401.1775777926437,0.32024855524780227,0.2857873823687016
643.8103892283027,-0.0011749446857720613,0.00746130695947071,401.46786547556167,0.25924638283172996,0.28574826657019003
644.2759065017866,0.004364080261439085,0.007397424955729183,401.7581531584797,0.31153407049488946,0.28568422719676667
644.7414237752706,0.013260089792311192,0.007385937032028143,402.0484408413976,0.25924638283172996,0.28479649842848637
645.2069410487545,0.007217517588287592,0.00742221010949732,402.3387285243156,0.2744971207221689,0.2854983804999172
645.6724583222384,-0.0028534370940178633,0.007433500295196272,402.6290162072336,0.31589131287134586,0.28509009165501714
646.1379755957224,-0.000839246204122901,0.007305015752172599,402.9193038901516,0.2744971207221689,0.2852365441451407
646.6034928692063,0.00553902518004179,0.007218283455847307,403.20959157306953,0.5860437165095997,0.2859371279661211
647.0690101426903,0.010910200886428356,0.00741131131822524,403.49987925598754,0.2744971207221689,0.28563911801303143
647.5345274161742,0.015274280682206154,0.007537145917882378,403.7901669389055,0.25706789150111575,0.28680919460814897
648.0000446896582,0.01124589890241623,0.007564345345380536,404.0804546218235,0.20695895488379845,0.2860677277654781
648.4655619631421,-0.0015106431674212217,0.007585756996789624,404.37074230474144,0.38778672108617185,0.28697336988015476
648.9310792366261,-0.008896009996533394,0.007588255713570702,404.66102998765945,0.3267845486701,0.2867033650827388
649.39659651011,-0.0057068741880357265,0.007592002246761515,404.9513176705774,0.2396386622800626,0.2863631682241357
649.862113783594,-0.0023498893715441227,0.007659401484679578,405.2416053534954,0.3354992931382408,0.28615947863121055
650.327631057078,-0.0041962312534451485,0.0076643500917619595,405.53189303641335,0.3246060573394858,0.2843572531518371
650.793148330562,-0.007217517588287592,0.007660999826480001,405.82218071933136,0.22220943305900942,0.28469150574325747
651.2586656040459,-0.00553902518004179,0.007702269197129624,406.1124684022493,0.20913744621441266,0.2844849039406524
651.7241828775298,0.0018463416490703821,0.007722343849951022,406.40275608516725,0.22438818410485117,0.2835931080916486
652.1897001510138,0.01040665339678526,0.007704183321502998,406.69304376808526,0.30281932602674866,0.28364823875797435
652.6552174244977,0.0031891355756670237,0.007720707059379079,406.9833314510032,0.2701396186304845,0.28220332771079193
653.1207346979817,-0.008560311049222946,0.007678851023944155,407.2736191339212,0.3616430071122063,0.28323508754317345
653.5862519714656,-0.009231708012521267,0.007671578246376295,407.56390681683916,0.19824421041565765,0.2826412922951727
654.0517692449496,-0.0041962312534451485,0.007840688455887935,407.85419449975717,0.2766756120527831,0.28201912706828713
654.5172865184335,-0.0015106431674212217,0.008047509609194764,408.1444821826751,0.28103285442923953,0.282771210124422
654.9828037919175,0.0011749446857720613,0.008094617259367071,408.4347698655931,0.25706789150111575,0.282403901319009
655.4483210654014,-0.0021820401307195425,0.008065288838088009,408.7250575485111,0.22220943305900942,0.2819127783883672
655.9138383388854,-0.008896009996533394,0.007997622857144485,409.0153452314291,0.29846208365029225,0.28211261561077805
656.3793556123693,-0.010238803923130035,0.00781283345479483,409.30563291434703,0.3463925289369958,0.2808787649139806
656.8448728858533,-0.010238803923130035,0.007747720865722562,409.59592059726504,0.2396386622800626,0.28162137100880263
657.3103901593372,-0.010910200886428356,0.0078058204464601325,409.886208280183,0.28539035652092304,0.2818063036234709
657.7759074328212,-0.004867628216743469,0.007828051619204765,410.176495963101,0.2657823762540281,0.28175844851798587
658.2414247063051,0.004867628216743469,0.0077967751460165284,410.46678364601894,0.22220943305900942,0.28196932910115335
658.706941979789,0.0005035477224737406,0.00783638884924237,410.75707132893695,0.30281932602674866,0.2820083398708967
659.172459253273,-0.00587472366169095,0.007810945965491995,411.0473590118549,0.2744971207221689,0.28173727449789193
659.6379765267569,-0.003524834057316184,0.0078016872391184116,411.3376466947729,0.4487888935022446,0.281973024090818
660.1034938002409,0.0003356984816491604,0.007788310996279176,411.62793437769085,0.28539035652092304,0.28143670899345713
660.5690110737248,0.003524834057316184,0.00777125339049225,411.91822206060885,0.2744971207221689,0.2817710463723941
661.0345283472088,0.01191729586571455,0.007729671060090192,412.2085097435268,0.2744971207221689,0.2817364113940967
661.5000456206927,0.01191729586571455,0.007738658696683622,412.4987974264448,0.31589131287134586,0.2817183826598103
661.9655628941767,0.007553216069936752,0.00777613080602589,412.78908510936276,0.3289632997159422,0.281075784614168
662.4310801676606,0.0038605325389653444,0.007784067009770003,413.07937279228076,0.2788543630986253,0.2810971687509641
662.8965974411446,0.0010070954449474812,0.007773726351259062,413.3696604751987,0.31371256182550367,0.2812269326522952
663.3621147146285,-0.0001678492408245802,0.007768169550215285,413.6599481581167,0.29192609022799365,0.28137649936750975
663.8276319881126,0.0005035477224737406,0.0076740490251918925,413.95023584103467,0.2396386622800626,0.2800396616553061
664.2931492615965,-0.000839246204122901,0.007650544469167276,414.2405235239527,0.2657823762540281,0.2800969171257415
664.7586665350804,-0.003524834057316184,0.007712927578047839,414.5308112068706,0.29192609022799365,0.2801169482778641
665.2241838085644,-0.0021820401307195425,0.007743097610610498,414.82109888978863,0.18952972566274529,0.28034488752518566
665.6897010820483,0.0036926832981407642,0.007740648877661765,415.1113865727066,0.2657823762540281,0.2806828889211284
666.1552183555323,-0.0001678492408245802,0.007735340630303388,415.4016742556246,0.29410484127383585,0.28043244909434817
666.6207356290162,-0.00553902518004179,0.007617346881828579,415.69196193854253,0.2309239178119218,0.280493420037302
667.0862529025002,-0.008224613033235073,0.007572277533993655,415.98224962146054,0.30499807707259086,0.2828682975014804
667.5517701759841,-0.010910200886428356,0.007498620116969225,416.2725373043785,0.2744971207221689,0.2837607271157407
668.0172874494681,-0.007049668114632368,0.007334027743220922,416.56282498729644,0.29628359231967805,0.28248692970388145
668.482804722952,0.004867628216743469,0.0073124551218914195,416.85311267021444,0.2723183696763267,0.2817920196050198
668.948321996436,0.0057068741880357265,0.0073479443169659625,417.1434003531324,0.29628359231967805,0.2817003117938578
669.4138392699199,-0.0023498893715441227,0.0073659286399643765,417.4336880360504,0.20042296146149985,0.2808145198947668
669.8793565434039,-0.007888914085924625,0.0072615253410612144,417.72397571896835,0.25706789150111575,0.28091046478248616
670.3448738168878,-0.008224613033235073,0.007228089211192928,418.01426340188635,0.1917082169933595,0.28183114090569195
670.8103910903718,-0.00553902518004179,0.007290331122396698,418.3045510848043,0.30064083469613445,0.28178580879082704
671.2759083638557,0.004867628216743469,0.0073753595553724596,418.5948387677223,0.3507497713134513,0.2821455133559203
671.7414256373396,0.018295567482709885,0.007358919094926107,418.88512645064026,0.3354992931382408,0.2768260450248714
672.2069429108236,0.01426718570291996,0.007302600466822197,419.17541413355826,0.38342947870971633,0.2768260450248714
672.6724601843075,0.008224613033235073,0.0071717711953769485,419.4657018164762,0.20260145279211406,0.27717042046028234
673.1379774577915,0.006546120624989271,0.0070903924222705,419.7559894993942,0.24835314703297495,0.2768862930616017
673.6034947312754,0.002517738612368703,0.007115654995230089,420.04627718231217,0.1917082169933595,0.2760780849115994
674.0690120047594,0.002517738612368703,0.00718473778343332,420.3365648652302,0.30281932602674866,0.27582257710873265
674.5345292782433,0.012924391776323318,0.00718350998977582,420.6268525481481,0.24835314703297495,0.27598825081897477
675.0000465517273,0.012252994813024998,0.007199857285462543,420.9171402310661,0.07406137425289971,0.27554662653264944
675.4655638252112,0.0001678492408245802,0.007225411299541352,421.2074279139841,0.30935531944904726,0.2749570420512578
675.9310810986952,-0.009567406959831715,0.007207021542630739,421.4977155969021,0.25053189807881715,0.27567537515999524
676.3965983721791,-0.008224613033235073,0.007209505437794558,421.78800327982003,0.2134949483060966,0.2759793173965248
676.8621156456632,-0.000839246204122901,0.007208190541147721,422.07829096273804,0.25924638283172996,0.27580688345416554
677.327632919147,0.00553902518004179,0.007153133117488861,422.368578645656,0.20042296146149985,0.2754498526557983
677.7931501926311,0.006546120624989271,0.007146651727630054,422.658866328574,0.3507497713134513,0.2752766034663357
678.258667466115,0.008560311049222946,0.007106750139856962,422.94915401149194,0.30281932602674866,0.2746348376410042
678.7241847395989,0.017120622098445892,0.007062150635998497,423.23944169440995,0.20042296146149985,0.27497888954586097
679.1897020130829,0.019974060356616974,0.007064089118006385,423.5297293773279,0.29410484127383585,0.2751262097012495
679.6552192865668,0.009567406959831715,0.0070628776291641856,423.8200170602459,0.2636038849234139,0.2749070969816131
680.1207365600508,0.0011749446857720613,0.007067349786509369,424.11030474316385,0.28539035652092304,0.27459033644577413
680.5862538335347,-0.0031891355756670237,0.007072414812865801,424.40059242608186,0.2636038849234139,0.27479961281120174
681.0517711070187,-0.00587472366169095,0.007084912877681942,424.6908801089998,0.2309239178119218,0.2745864569336109
681.5172883805026,-0.0018463416490703821,0.0071691456798915094,424.9811677919178,0.28539035652092304,0.27382573718040965
681.9828056539866,0.010238803923130035,0.007104656514582379,425.27145547483576,0.29410484127383585,0.27438760015414676
682.4483229274705,0.010238803923130035,0.007095311108513221,425.56174315775377,0.3289632997159422,0.2740323622197314
682.9138402009545,-0.0021820401307195425,0.0071317332442258794,425.8520308406717,0.30281932602674866,0.2738611318871663
683.3793574744384,-0.008224613033235073,0.007147222759695101,426.14231852358967,0.2723183696763267,0.2737649041225979
683.8448747479224,-0.00553902518004179,0.007167088662928401,426.43260620650767,0.2744971207221689,0.2734856683887048
684.3103920214063,-0.004364080261439085,0.007167088662928401,426.7228938894256,0.24835314703297495,0.27340520678410013
684.7759092948902,0.0011749446857720613,0.0071994915577661975,427.0131815723436,0.25706789150111575,0.2710440980317042
685.2414265683742,0.009903104975819588,0.007207478191672906,427.3034692552616,0.3246060573394858,0.27027243116630606
685.7069438418581,0.0031891355756670237,0.007267143464419586,427.5937569381796,0.2374599112342204,0.2701910126765611
686.1724611153421,-0.006210422143340111,0.007206016778339065,427.88404462109753,0.24835314703297495,0.27045093632531936
686.637978388826,-0.007888914085924625,0.0071148223768993995,428.17433230401554,0.25271038940943136,0.2696296180108326
687.10349566231,-0.006210422143340111,0.007129314596911648,428.4646199869335,0.29628359231967805,0.26891797452947447
687.5690129357939,-0.0028534370940178633,0.007277715506991525,428.7549076698515,0.2636038849234139,0.26871501053169855
688.0345302092779,0.006546120624989271,0.007286628241777865,429.04519535276944,0.30281932602674866,0.2683135821388269
688.5000474827618,0.006210422143340111,0.00733345332024097,429.33548303568745,0.10674108164916385,0.26685217846111453
688.9655647562458,-0.004867628216743469,0.007379838592165886,429.6257707186054,0.2657823762540281,0.26700373345024964
689.4310820297297,-0.010238803923130035,0.007388824135618995,429.9160584015234,0.2766756120527831,0.2668092891188914
689.8965993032137,-0.008392462506890297,0.007381122910947818,430.20634608444135,0.2744971207221689,0.2669927704724853
690.3621165766976,-0.0015106431674212217,0.0074318885439855235,430.49663376735936,0.2657823762540281,0.26803698171419854
690.8276338501817,0.0011749446857720613,0.0074978651651845096,430.7869214502773,0.2744971207221689,0.2679575351857945
691.2931511236656,0.0005035477224737406,0.0075055869281412755,431.0772091331953,0.28321160547508173,0.26688800479602837
691.7586683971494,0.0001678492408245802,0.007487885294955436,431.36749681611326,0.38778672108617185,0.2670342235399956
692.2241856706335,0.0005035477224737406,0.007451931900644602,431.65778449903127,0.30281932602674866,0.266788344618585
692.6897029441174,0.0038605325389653444,0.007382068162718063,431.9480721819492,0.06534662978475891,0.26654881274415665
693.1552202176014,-0.0021820401307195425,0.007353568036630138,432.2383598648672,0.24617465570236075,0.26566743728260384
693.6207374910853,-0.007553216069936752,0.007343678905522394,432.52864754778517,0.24835314703297495,0.2654100995494132
694.0862547645693,-0.0068818191066384315,0.007326969717328547,432.8189352307032,0.20913744621441266,0.26512858702775477
694.5517720380532,-0.003524834057316184,0.0074906802742541,433.1092229136211,0.2701396186304845,0.2657061652618268
695.0172893115372,0.0005035477224737406,0.007844247347216749,433.39951059653913,0.3616430071122063,0.2656286912780905
695.4828065850211,0.010238803923130035,0.008023852104770269,433.6897982794571,0.31153407049488946,0.2656286912780905
695.9483238585051,0.011581597849726677,0.008053772800619249,433.9800859623751,0.31153407049488946,0.26512322560094465
696.413841131989,0.0021820401307195425,0.008051075169819644,434.27037364529303,0.15902850959709536,0.2635982390947562
696.879358405473,-0.00553902518004179,0.007854997974657281,434.56066132821104,0.2744971207221689,0.263445732571957
697.3448756789569,-0.00553902518004179,0.007761523309389469,434.850949011129,0.29410484127383585,0.26215016935667906
697.8103929524408,-0.0015106431674212217,0.007743998701706251,435.141236694047,0.1612072606429371,0.26276088823027033
698.2759102259248,0.006378271151334047,0.007732429772316034,435.43152437696494,0.32024855524780227,0.2635117176497566
698.7414274994087,0.01359578873962164,0.007818846858972188,435.72181205988295,0.30281932602674866,0.26411197961959215
699.2069447728927,0.00553902518004179,0.008107569375894479,436.0120997428009,0.25924638283172996,0.2638225272097537
699.6724620463766,-0.00553902518004179,0.008386608880659589,436.30238742571885,0.29410484127383585,0.26367452744953906
700.1379793198606,-0.007553216069936752,0.008620692698255293,436.59267510863685,0.2657823762540281,0.2646306604802859
700.6034965933445,-0.004867628216743469,0.008751764547646205,436.8829627915548,0.30281932602674866,0.26401015272402095
701.0690138668285,-0.00587472366169095,0.00870571766824261,437.1732504744728,0.24835314703297495,0.2642327640804635
701.5345311403124,0.0011749446857720613,0.008671898805932037,437.46353815739076,0.20042296146149985,0.26371833026227964
702.0000484137964,0.004867628216743469,0.008714061229003587,437.75382584030876,0.2657823762540281,0.26345446074362694
702.4655656872803,0.0005035477224737406,0.008769362001543215,438.0441135232267,0.25053189807881715,0.26412036075176376
702.9310829607643,-0.003524834057316184,0.008809862649143657,438.3344012061447,0.30499807707259086,0.2630715511558747
703.3966002342482,-0.0041962312534451485,0.008819540804177298,438.62468888906267,0.24399590465651855,0.26253776464218237
703.8621175077323,-0.004531929735094309,0.008672339073343471,438.9149765719807,0.29192609022799365,0.26292033997624115
704.3276347812161,-0.0006713969632983208,0.008465978122091504,439.2052642548986,0.25706789150111575,0.26283057069571564
704.7931520547,0.0028534370940178633,0.00847331483820206,439.49555193781663,0.21785219068255302,0.2630653073667704
705.258669328184,0.003524834057316184,0.008550524567663344,439.7858396207346,0.24835314703297495,0.26315499657228625
705.724186601668,0.009903104975819588,0.0086098125005685,440.0761273036526,0.2766756120527831,0.2632590627134322
706.189703875152,0.015274280682206154,0.008640705733547822,440.36641498657053,0.2744971207221689,0.26304102664325696
706.6552211486359,0.002517738612368703,0.008676876874633309,440.65670266948854,0.30064083469613445,0.26272844313353944
707.1207384221199,-0.010238803923130035,0.008638922921010607,440.9469903524065,0.24617465570236075,0.263377325562216
707.5862556956038,-0.008896009996533394,0.008598719499502984,441.2372780353245,0.24617465570236075,0.26206239656832064
708.0517729690878,-0.0068818191066384315,0.008602882965117126,441.52756571824244,0.20913744621441266,0.2618795288905812
708.5172902425717,-0.00553902518004179,0.00856951859982534,441.81785340116045,0.2744971207221689,0.2619007865510903
708.9828075160557,0.00587472366169095,0.008552787609146413,442.1081410840784,0.2657823762540281,0.26135256059602
709.4483247895396,0.007888914085924625,0.008563448169262054,442.3984287669964,0.25271038940943136,0.26131420081101203
709.9138420630236,-0.003524834057316184,0.008575615438550026,442.68871644991435,0.1917082169933595,0.26123542431581487
710.3793593365075,-0.010238803923130035,0.008523877274364653,442.97900413283236,0.2657823762540281,0.260452742289023
710.8448766099914,-0.0068818191066384315,0.008520525051053798,443.2692918157503,0.30064083469613445,0.25989421591319956
711.3103938834754,-0.0015106431674212217,0.008572774886442515,443.5595794986683,0.22874542648130758,0.2604571809418436
711.7759111569593,0.008896009996533394,0.008585296971502175,443.84986718158626,0.25924638283172996,0.26237833453376186
712.2414284304433,0.015609979629516602,0.008565031509577957,444.14015486450427,0.25706789150111575,0.2618371202645374
712.7069457039272,0.0038605325389653444,0.008573511985295004,444.4304425474222,0.2744971207221689,0.2614779796606825
713.1724629774112,-0.008560311049222946,0.00856687580609333,444.7207302303402,0.03920291581079338,0.2604941568922014
713.6379802508951,-0.008560311049222946,0.008558757932694791,445.0110179132582,0.25706789150111575,0.26099429088134907
714.1034975243791,-0.0038605325389653444,0.008546196960530073,445.3013055961762,0.24399590465651855,0.26105725281227343
714.569014797863,0.0005035477224737406,0.008522873284710247,445.5915932790941,0.30935531944904726,0.26062326850347883
715.034532071347,0.009231708012521267,0.00848976824794256,445.88188096201213,0.30935531944904726,0.260157188070305
715.5000493448309,0.010910200886428356,0.008506421991221359,446.1721686449301,0.25706789150111575,0.25981015309867844
715.9655666183149,0.003524834057316184,0.008529173254379524,446.46245632784803,0.15902850959709536,0.2590561374524819
716.4310838917988,-0.0015106431674212217,0.008545827234902199,446.75274401076604,0.24835314703297495,0.25907848292656727
716.8966011652828,-0.0031891355756670237,0.008550262817550551,447.043031693684,0.28103285442923953,0.2573038420416869
717.3621184387667,-0.0028534370940178633,0.008603556269985515,447.333319376602,0.24835314703297495,0.2567580650440592
717.8276357122506,-0.0021820401307195425,0.008726923677320347,447.62360705951994,0.1938869680392017,0.25800544361066424
718.2931529857347,-0.0028534370940178633,0.008737055349021852,447.91389474243795,0.24399590465651855,0.2581663160745551
718.7586702592185,0.002517738612368703,0.008762573664504251,448.2041824253559,0.2679611272998703,0.25816631607455504
719.2241875327026,0.016281375661492348,0.008838016283650094,448.4944701082739,0.2701396186304845,0.2579806889365957
719.6897048061865,0.02534523606300354,0.008873219944980344,448.78475779119185,0.24835314703297495,0.2576063593799792
720.1552220796705,0.01930266246199608,0.008879627180945378,449.07504547410986,0.1917082169933595,0.2569937398149821
720.6207393531544,0.009063859470188618,0.008826091423905226,449.3653331570278,0.24835314703297495,0.2566206448481386
721.0862566266384,0.004364080261439085,0.008761416721447549,449.6556208399458,0.1917082169933595,0.25537627061911056
721.5517739001223,0.0010070954449474812,0.008759252673982242,449.94590852286376,0.3224273062936436,0.2556483883035579
722.0172911736063,-0.0068818191066384315,0.008760259622302891,450.23619620578177,0.2723183696763267,0.2556483883035579
722.4828084470902,-0.006210422143340111,0.008746422715876166,450.5264838886997,0.2744971207221689,0.2552343144936725
722.9483257205742,-0.004867628216743469,0.008801041499407872,450.8167715716177,0.3224273062936436,0.2559673521918555
723.4138429940581,-0.012252994813024998,0.008809728160417913,451.10705925453567,0.2657823762540281,0.2552398657694069
723.8793602675421,-0.02232394926249981,0.008712958285940627,451.3973469374537,0.2744971207221689,0.25468966589506686
724.344877541026,-0.02568093314766884,0.008699893603215027,451.6876346203716,0.2309239178119218,0.25447213152431986
724.8103948145099,-0.0240024421364069,0.00872914098211333,451.97792230328963,0.24399590465651855,0.25471605404599684
725.2759120879939,-0.015609979629516602,0.008713079158020892,452.2682099862076,0.24617465570236075,0.2543982138685614
725.7414293614778,-0.0023498893715441227,0.008718879318974583,452.5584976691256,0.2744971207221689,0.25363755127211374
726.2069466349618,-0.0021820401307195425,0.00874938745614019,452.84878535204354,0.12852755324667298,0.2531029779200153
726.6724639084457,-0.008896009996533394,0.008769226886475483,453.13907303496154,0.22874542648130758,0.25316886376653897
727.1379811819297,-0.011581597849726677,0.00875696781564212,453.4293607178795,0.2788543630986253,0.2529056491918293
727.6034984554136,-0.010910200886428356,0.008771268399047552,453.7196484007975,0.25271038940943136,0.2531825305671671
728.0690157288976,-0.009567406959831715,0.008827881175047198,454.00993608371544,0.24835314703297495,0.25220512848760784
728.5345330023815,-0.0041962312534451485,0.008829432003382492,454.30022376663345,0.24835314703297495,0.25214681747742684
729.0000502758655,-0.004531929735094309,0.00883579649215125,454.5905114495514,0.28539035652092304,0.2520768814036587
729.4655675493494,-0.010238803923130035,0.008908269706829444,454.8807991324694,0.28756884785153725,0.25173139461882704
729.9310848228334,-0.01191729586571455,0.008982444757959162,455.17108681538735,0.29410484127383585,0.2520768814036587
730.3966020963173,-0.010910200886428356,0.009023506374754802,455.46137449830536,0.2744971207221689,0.2523523867855398
730.8621193698012,-0.009567406959831715,0.008973294442604418,455.7516621812233,0.20260145279211406,0.25176108579607015
731.3276366432852,-0.008392462506890297,0.008865248949287731,456.04194986414126,0.25271038940943136,0.25167367880621955
731.7931539167691,-0.00587472366169095,0.008866199314979005,456.33223754705926,0.3507497713134513,0.251461821453171
732.2586711902532,-0.00553902518004179,0.008824211800044357,456.6225252299772,0.18517248328628888,0.2516482935244199
732.724188463737,-0.003524834057316184,0.008793124852418704,456.9128129128952,0.28539035652092304,0.25151314607731723
733.1897057372211,0.002517738612368703,0.00878425691698366,457.20310059581317,0.2744971207221689,0.2520557579180859
733.655223010705,-0.0001678492408245802,0.008773924671208055,457.4933882787312,0.2113161972602544,0.2513391910197172
734.120740284189,-0.006210422143340111,0.008755584603914675,457.7836759616491,0.24399590465651855,0.25090784550782785
734.5862575576729,-0.004867628216743469,0.008731734687148348,458.07396364456713,0.24835314703297495,0.24972131595850772
735.0517748311569,-0.0018463416490703821,0.008814090697879912,458.3642513274851,0.24835314703297495,0.24970577434589808
735.5172921046408,0.0020141908898949623,0.008833784808100318,458.6545390104031,0.15902850959709536,0.24915136838721055
735.9828093781248,0.011581597849726677,0.008808711926473232,458.94482669332103,0.30499807707259086,0.24903071962825263
736.4483266516087,0.009231708012521267,0.008843317683004347,459.23511437623904,0.41393043506013827,0.24899366831487815
736.9138439250927,-0.0011749446857720613,0.008822973404100652,459.525402059157,0.2396386622800626,0.2482188646085546
737.3793611985766,-0.004867628216743469,0.008695519214515652,459.815689742075,0.22220943305900942,0.24811564171967287
737.8448784720605,-0.00553902518004179,0.008694186781401199,460.10597742499294,0.1917082169933595,0.24807094087349865
738.3103957455445,-0.004867628216743469,0.008657282029819814,460.39626510791095,0.19824421041565765,0.24881408426554963
738.7759130190284,0.000839246204122901,0.008630476220921281,460.6865527908289,0.2723183696763267,0.24857436405081368
739.2414302925124,0.007888914085924625,0.008627913130048273,460.9768404737469,0.22874542648130758,0.2488714830929214
739.7069475659963,0.0031891355756670237,0.008677210676576829,461.26712815666485,0.22220943305900942,0.24791116959221826
740.1724648394803,-0.0057068741880357265,0.008703509542629152,461.55741583958286,0.22656667543546583,0.2465675330410702
740.6379821129642,-0.006546120624989271,0.008707501945022617,461.8477035225008,0.18299373224044668,0.24648404354425288
741.1034993864482,-0.00553902518004179,0.008700967960059711,462.1379912054188,0.28539035652092304,0.24711237988257637
741.5690166599321,-0.0028534370940178633,0.00875959836529327,462.42827888833676,0.22874542648130758,0.24664055502496196
742.0345339334161,0.009903104975819588,0.008762122935766012,462.71856657125477,0.24835314703297495,0.24625177740228613
742.5000512069,0.015609979629516602,0.008774134736067684,463.0088542541727,0.2701396186304845,0.24571620992810167
742.965568480384,0.004867628216743469,0.008813657527324957,463.2991419370907,0.2636038849234139,0.24607338442627305
743.4310857538679,-0.010238803923130035,0.008851219201393172,463.5894296200087,0.24835314703297495,0.2463962923539298
743.8966030273518,-0.013763638213276863,0.008864060849091169,463.8797173029267,0.18299373224044668,0.24563857365018044
744.3621203008358,-0.008896009996533394,0.008723936240954607,464.1700049858446,0.22874542648130758,0.24542358805948528
744.8276375743197,-0.003524834057316184,0.008373176543844547,464.46029266876263,0.31153407049488946,0.2450817545533414
745.2931548478037,-0.0018463416490703821,0.008201225474249518,464.7505803516806,0.2766756120527831,0.24555657458751481
745.7586721212876,-0.003524834057316184,0.008239869427951591,465.0408680345986,-0.16994731541138863,0.24470646417230818
746.2241893947717,0.000839246204122901,0.008288377667003825,465.33115571751654,0.20042296146149985,0.24518201099575512
746.6897066682556,0.0057068741880357265,0.00832585820215517,465.62144340043454,0.2744971207221689,0.24445908080656822
747.1552239417396,-0.0021820401307195425,0.008314465526665649,465.9117310833525,0.25271038940943136,0.24417939286376203
747.6207412152235,-0.010238803923130035,0.008292776323115503,466.20201876627044,0.25706789150111575,0.24381625457351208
748.0862584887075,-0.007553216069936752,0.008287821712827645,466.49230644918845,0.25053189807881715,0.24267697711590444
748.5517757621914,-0.0018463416490703821,0.008274467628809082,466.7825941321064,0.24835314703297495,0.24246302461585648
749.0172930356754,0.002517738612368703,0.008161043619485994,467.0728818150244,0.23528141990360618,0.24203821520425345
749.4828103091593,0.009231708012521267,0.007818173367795953,467.36316949794235,0.31589131287134586,0.2419433565143008
749.9483275826433,0.00520332669839263,0.007472256275600093,467.65345718086036,0.2309239178119218,0.24129457449554073
750.4138448561272,-0.00587472366169095,0.007337850291069188,467.9437448637783,0.22438818410485117,0.24125339074728178
750.8793621296111,-0.009567406959831715,0.007334781671352721,468.2340325466963,0.18081498119460448,0.24082644759338978
751.3448794030951,-0.006210422143340111,0.007332196574439078,468.52432022961426,0.20913744621441266,0.24144451579405868
751.810396676579,-0.000839246204122901,0.007291143728140528,468.81460791253227,0.2374599112342204,0.24048732265210515
752.275913950063,0.00520332669839263,0.007207752196611693,469.1048955954502,0.2788543630986253,0.23930543218430889
752.7414312235469,0.010910200886428356,0.007138301970016272,469.3951832783682,0.20042296146149985,0.23915941746451178
753.2069484970309,0.004531929735094309,0.007112434991127108,469.68547096128617,0.2374599112342204,0.23882654196086872
753.6724657705148,-0.0057068741880357265,0.007138301970323268,469.9757586442042,0.28539035652092304,0.2378592626860439
754.1379830439988,-0.0117494473233819,0.007152893862581977,470.2660463271221,0.21785219068255302,0.23751354062323116
754.6035003174827,-0.012252994813024998,0.007095682210954704,470.55633401004013,0.25706789150111575,0.23701586795727309
755.0690175909667,-0.009567406959831715,0.007008312948517908,470.8466216929581,0.2766756120527831,0.23636096298645506
755.5345348644506,0.0011749446857720613,0.006941324784186417,471.1369093758761,0.2113161972602544,0.23592516639238695
756.0000521379346,0.00520332669839263,0.006880364940435604,471.42719705879404,0.2657823762540281,0.2363334635173258
756.4655694114185,-0.0028534370940178633,0.006837928034867262,471.71748474171204,0.28103285442923953,0.23576407870530827
756.9310866849024,-0.005035477224737406,0.0068263664054827615,472.00777242463,0.2657823762540281,0.23428058673590757
757.3966039583864,-0.004531929735094309,0.006810920369282769,472.298060107548,0.2309239178119218,0.2344153511904107
757.8621212318703,-0.00553902518004179,0.006826057827424468,472.58834779046595,0.2701396186304845,0.23320068875463038
758.3276385053543,-0.003356984816491604,0.00686421573027147,472.87863547338395,0.1917082169933595,0.23234439955224703
758.7931557788382,0.0003356984816491604,0.006866114224169359,473.1689231563019,0.21785219068255302,0.23243935873360447
759.2586730523223,0.0041962312534451485,0.006893669570916859,473.4592108392199,0.01741644421328381,0.2323969900282538
759.7241903258061,0.012924391776323318,0.006933183460792889,473.74949852213786,0.18952972566274529,0.23214949201411006
760.1897075992902,0.01191729586571455,0.006951540098886939,474.03978620505586,0.20260145279211406,0.23198128632457804
760.655224872774,-0.0001678492408245802,0.006950346875433443,474.3300738879738,0.28974759889737944,0.23188824645628564
761.1207421462581,-0.008224613033235073,0.00686051311871365,474.6203615708918,0.22438818410485117,0.231169797565859
761.586259419742,-0.006378271151334047,0.0068054866356740155,474.91064925380977,0.1612072606429371,0.22905523432465183
762.051776693226,-0.0021820401307195425,0.006814765846967145,475.20093693672777,0.24617465570236075,0.22905523432465183
762.5172939667099,-0.003524834057316184,0.006865577331025783,475.4912246196457,0.2701396186304845,0.22981127497439233
762.9828112401939,0.0021820401307195425,0.00685483060793106,475.78151230256367,0.20260145279211406,0.2302101830013408
763.4483285136778,0.004867628216743469,0.006859591947535028,476.0717999854817,0.2309239178119218,0.231089354598674
763.9138457871617,-0.0031891355756670237,0.006877532468160651,476.3620876683996,0.2744971207221689,0.23085889907196058
764.3793630606457,-0.009567406959831715,0.006835809867856456,476.65237535131763,0.2113161972602544,0.23056050421827287
764.8448803341296,-0.011581597849726677,0.006842893531957557,476.9426630342356,-0.15687558828201942,0.23062023383666236
765.3103976076136,-0.01124589890241623,0.006999873371772667,477.2329507171536,0.24835314703297495,0.23056108144971652
765.7759148810975,-0.0005035477224737406,0.0071466885415913456,477.52323840007153,0.2418171536106768,0.23014207524874672
766.2414321545815,0.010574501939117908,0.007140053795710578,477.81352608298954,0.1917082169933595,0.2293937964761836
766.7069494280654,0.0038605325389653444,0.007144477644024589,478.1038137659075,0.2418171536106768,0.22962871401230933
767.1724667015494,-0.00553902518004179,0.007095663624120146,478.3941014488255,0.18299373224044668,0.22945866046271482
767.6379839750333,-0.008896009996533394,0.006936543590809854,478.68438913174344,0.2374599112342204,0.2287895938685411
768.1035012485173,-0.008896009996533394,0.006930619495081052,478.97467681466145,0.2766756120527831,0.22863006996745067
768.5690185220012,-0.00553902518004179,0.006887230702208589,479.2649644975794,0.17863648986399028,0.22789941515568
769.0345357954852,0.0011749446857720613,0.0067660636273692756,479.5552521804974,0.24835314703297495,0.22838975804917297
769.5000530689691,-0.000839246204122901,0.006803938822766516,479.84553986341535,0.20913744621441266,0.2282901997253268
769.9655703424531,-0.008224613033235073,0.006841758285879873,480.13582754633336,0.24835314703297495,0.22767848387357142
770.431087615937,-0.012252994813024998,0.0068629689223740934,480.4261152292513,0.13070604457728718,0.2272013415523776
770.8966048894209,-0.010238803923130035,0.00690046486607454,480.7164029121693,0.24835314703297495,0.2278527967715296
771.3621221629049,-0.008224613033235073,0.00690046486607454,481.00669059508726,0.25706789150111575,0.22768336783248327
771.8276394363888,-0.00520332669839263,0.006879063640235297,481.29697827800527,0.24399590465651855,0.22683910453295816
772.2931567098728,-0.0001678492408245802,0.00689924372909153,481.5872659609232,0.2374599112342204,0.22597393176048902
772.7586739833567,0.0038605325389653444,0.006874009363017301,481.8775536438412,0.2113161972602544,0.22599718992850168
773.2241912568408,0.01124589890241623,0.006874009363017301,482.1678413267592,0.24399590465651855,0.22588675831026367
773.6897085303247,0.01728847250342369,0.006890078290312501,482.4581290096772,0.2309239178119218,0.2253705008906668
774.1552258038087,0.008560311049222946,0.006894204246098974,482.74841669259513,0.22003068201316722,0.22559279873842383
774.6207430772926,-0.0031891355756670237,0.006844682502760389,483.03870437551313,0.1612072606429371,0.22418240933529232
775.0862603507766,-0.00553902518004179,0.006829432111081663,483.3289920584311,0.2418171536106768,0.2243564621154917
775.5517776242605,-0.000839246204122901,0.006815132851294966,483.6192797413491,0.2309239178119218,0.22384846943393613
776.0172948977445,0.000839246204122901,0.006810804353281793,483.90956742426704,0.22003068201316722,0.2241964605417919
776.4828121712284,0.0038605325389653444,0.006802913237264238,484.19985510718504,0.05445339398600435,0.22461551223238063
776.9483294447123,0.0021820401307195425,0.006808020297715313,484.490142790103,0.13070604457728718,0.224960348240245
777.4138467181963,-0.003524834057316184,0.0068358098268755906,484.780430473021,0.2374599112342204,0.22431039102320982
777.8793639916802,-0.007217517588287592,0.006786637931127664,485.07071815593895,0.2113161972602544,0.22442308055575952
778.3448812651642,-0.007553216069936752,0.006772501027501491,485.36100583885695,0.11109832402561981,0.22515714713602883
778.8103985386481,-0.006546120624989271,0.006858824169731675,485.6512935217749,0.25271038940943136,0.2244309867063851
779.2759158121321,-0.0041962312534451485,0.006909864195597766,485.94158120469285,0.2396386622800626,0.2244309867063851
779.741433085616,0.0031891355756670237,0.006821659010955603,486.23186888761086,0.2309239178119218,0.22390909165361692
780.2069503591,0.004364080261439085,0.006759620079247547,486.5221565705288,0.2309239178119218,0.22285139192287523
780.6724676325839,0.0011749446857720613,0.006785279872237238,486.8124442534468,0.24835314703297495,0.22255173102819903
781.1379849060679,-0.0028534370940178633,0.00681702567010842,487.10273193636476,0.1873509746169031,0.2220249213652509
781.6035021795518,-0.0041962312534451485,0.0068976597077329135,487.39301961928277,0.22003068201316722,0.2220249213652509
782.0690194530358,-0.0028534370940178633,0.007037126198935036,487.6833073022007,0.20260145279211406,0.2209707529483843
782.5345367265197,0.00587472366169095,0.007097481608176062,487.9735949851187,0.1437780314218844,0.22114733345934648
783.0000540000037,0.007888914085924625,0.00707771794386058,488.2638826680367,0.18081498119460448,0.22090851456491262
783.4655712734876,-0.001678492408245802,0.007091766210463602,488.5541703509547,0.22220943305900942,0.22107561353190366
783.9310885469715,-0.008896009996533394,0.007136125287256631,488.8444580338726,0.2396386622800626,0.2212424864917163
784.3966058204555,-0.009063859470188618,0.007140109064898023,489.13474571679063,0.22220943305900942,0.22176960727448375
784.8621230939394,-0.00553902518004179,0.007047912499335296,489.4250333997086,0.2309239178119218,0.2219927105332149
785.3276403674234,-0.0015106431674212217,0.006978984445618766,489.7153210826266,0.1437780314218844,0.22442465923972643
785.7931576409073,-0.0011749446857720613,0.006990745644872115,490.00560876554454,0.2396386622800626,0.22356679779469454
786.2586749143913,-0.0021820401307195425,0.0070004375222264695,490.29589644846254,0.25924638283172996,0.2234285625319251
786.7241921878752,0.0038605325389653444,0.007141583996116172,490.5861841313805,0.2396386622800626,0.2241737897705768
787.1897094613593,0.009903104975819588,0.007258460692284308,490.8764718142985,0.29410484127383585,0.2242188994050858
787.6552267348432,0.0038605325389653444,0.007271417530984444,491.16675949721645,0.2374599112342204,0.22303920713518308
788.1207440083272,-0.00553902518004179,0.007268809899131512,491.45704718013445,0.28756884785153725,0.22327534923949943
788.5862612818111,-0.00520332669839263,0.007254015611192171,491.7473348630524,0.25053189807881715,0.22248057227231904
789.0517785552951,-0.0010070954449474812,0.007247533614577764,492.0376225459704,0.1938869680392017,0.22199645404222748
789.517295828779,0.004531929735094309,0.00718873119461403,492.32791022888836,0.22874542648130758,0.22256718339906853
789.9828131022629,0.016281375661492348,0.007141842067717132,492.61819791180636,0.22003068201316722,0.22282196616423816
790.4483303757469,0.016281375661492348,0.0071573097127078465,492.9084855947243,0.11327707507146201,0.22214858957570993
790.9138476492308,0.004531929735094309,0.007225265479774762,493.1987732776423,0.2113161972602544,0.22193683367684483
791.3793649227148,-0.0038605325389653444,0.007184975941765478,493.48906096056027,0.25271038940943136,0.2224384287778353
791.8448821961987,-0.004867628216743469,0.007180577043902712,493.7793486434783,0.2309239178119218,0.22248309538271782
792.3103994696827,-0.0021820401307195425,0.007185708829804125,494.0696363263962,0.20042296146149985,0.22269831302096127
792.7759167431666,0.0038605325389653444,0.007151770993826878,494.3599240093142,0.24835314703297495,0.22228592481357648
793.2414340166506,0.006378271151334047,0.007105230890407728,494.6502116922322,0.1612072606429371,0.22201906144960246
793.7069512901345,-0.003524834057316184,0.007111805563278629,494.9404993751502,0.2396386622800626,0.22264472139697516
794.1724685636185,-0.011581597849726677,0.007119058431450994,495.23078705806813,0.21785219068255302,0.2221209289052413
794.6379858371024,-0.008224613033235073,0.00711950224457062,495.5210747409861,0.25924638283172996,0.22254388887065565
795.1035031105864,-0.00587472366169095,0.0071372874797220025,495.8113624239041,0.2309239178119218,0.22173557980342293
795.5690203840703,-0.008224613033235073,0.007198266241763851,496.10165010682204,0.24617465570236075,0.22235494839295125
796.0345376575543,-0.000839246204122901,0.007147609527782881,496.39193778974004,0.17863648986399028,0.2228491364616377
796.5000549310382,0.0010070954449474812,0.007140680655107034,496.682225472658,0.18517248328628888,0.22256042957222472
796.9655722045221,-0.00587472366169095,0.007195924824068291,496.972513155576,0.14813527379834035,0.2222869141551137
797.4310894780061,-0.008224613033235073,0.007226595485141983,497.26280083849394,0.25924638283172996,0.22308369663118807
797.89660675149,-0.007553216069936752,0.007220526474774677,497.55308852141195,0.2396386622800626,0.22348568136351332
798.362124024974,-0.00520332669839263,0.00713867076252984,497.8433762043299,0.1917082169933595,0.22231010200103815
798.8276412984579,-0.003524834057316184,0.006941191944884743,498.1336638872479,0.25706789150111575,0.22246299115977625
799.293158571942,-0.003524834057316184,0.006901781137516006,498.42395157016585,0.17863648986399028,0.22228975329804201
799.7586758454258,-0.0021820401307195425,0.006922408502764285,498.71423925308386,0.24835314703297495,0.22228975329804204
800.2241931189099,0.0036926832981407642,0.0069085494305279735,499.0045269360018,0.1612072606429371,0.2223344497715723
800.6897103923937,0.009231708012521267,0.006908549430527974,499.2948146189198,0.22220943305900942,0.22279683175897436
801.1552276658778,0.00520332669839263,0.006912359635777072,499.58510230183776,0.25271038940943136,0.22229685148088246
801.6207449393617,-0.0028534370940178633,0.006920582521547726,499.87538998475577,0.2701396186304845,0.22272293345845412
802.0862622128457,-0.008224613033235073,0.0069333542920904274,500.1656776676737,0.21567343963671082,0.22289503504338037
802.5517794863296,-0.0068818191066384315,0.006988636135602969,500.4559653505917,0.2134949483060966,0.22300595351479777
803.0172967598135,-0.0001678492408245802,0.007108768995171488,500.7462530335097,0.30281932602674866,0.22257112237439605
803.4828140332975,0.01258869282901287,0.007093937878098432,501.0365407164277,0.21567343963671082,0.22369657449874059
803.9483313067814,0.014602883718907833,0.007091116459109398,501.32682839934563,0.21785219068255302,0.22307794107519593
804.4138485802654,0.004531929735094309,0.007124012766453805,501.61711608226364,0.20260145279211406,0.22292965494363415
804.8793658537493,0.0011749446857720613,0.007124012766453804,501.9074037651816,0.1612072606429371,0.22258197497255222
805.3448831272333,0.006210422143340111,0.007115673437453687,502.1976914480996,0.17427924748753387,0.22199260992991537
805.8104004007172,0.008560311049222946,0.007162733864572751,502.48797913101754,0.2134949483060966,0.2206953878203954
806.2759176742012,0.01124589890241623,0.007161557446157249,502.77826681393555,0.28103285442923953,0.2204166460717224
806.7414349476851,0.015274280682206154,0.007227433437169859,503.0685544968535,0.1437780314218844,0.22029828503344967
807.2069522211691,0.010574501939117908,0.0074057848035145495,503.3588421797715,0.24835314703297495,0.22020715547249886
807.672469494653,0.000839246204122901,0.007539870272817201,503.64912986268945,0.24835314703297495,0.22054811477340816
808.137986768137,-0.0057068741880357265,0.007570538694281691,503.93941754560745,0.2113161972602544,0.22040597870388723
808.6035040416209,-0.008224613033235073,0.007569234336048425,504.2297052285254,0.23528141990360618,0.22046845941746634
809.0690213151049,-0.004867628216743469,0.007529473998374736,504.5199929114434,0.15902850959709536,0.21980109197132297
809.5345385885888,0.00520332669839263,0.007502376268272304,504.81028059436136,0.21567343963671082,0.21955040652648566
810.0000558620727,0.006210422143340111,0.007627537031698287,505.10056827727936,0.39650146555431265,0.21888145921577806
810.4655731355567,0.0041962312534451485,0.00771758594058947,505.3908559601973,0.20695895488379845,0.21957747668613325
810.9310904090406,0.009063859470188618,0.007724270019290942,505.68114364311526,0.20913744621441266,0.2196450402653881
811.3966076825246,0.01594567857682705,0.007721542522754083,505.97143132603327,0.24835314703297495,0.21890951802406947
811.8621249560085,0.01359578873962164,0.0077384375064050185,506.2617190089512,0.25053189807881715,0.21890951802406944
812.3276422294925,0.0057068741880357265,0.007713627335730384,506.5520066918692,0.12852755324667298,0.2189095180240695
812.7931595029764,0.000839246204122901,0.0077046104998117594,506.8422943747872,0.22874542648130758,0.2189317058780875
813.2586767764604,-0.000839246204122901,0.007726996560584191,507.1325820577052,0.12417031087021657,0.21804094473497707
813.7241940499443,0.0003356984816491604,0.007775961485670532,507.4228697406231,0.22874542648130758,0.2179264814226613
814.1897113234284,0.000839246204122901,0.007801062829489184,507.71315742354113,0.2679611272998703,0.21767751192501475
814.6552285969123,-0.007888914085924625,0.007793633821864939,508.0034451064591,0.1917082169933595,0.21702435376020587
815.1207458703963,-0.012252994813024998,0.007633472190892874,508.2937327893771,0.17210049644169212,0.21668562351286386
815.5862631438802,-0.010238803923130035,0.007474528686767568,508.58402047229504,0.22003068201316722,0.21729325145562173
816.0517804173642,-0.007049668114632368,0.00746211860724767,508.87430815521304,0.24617465570236075,0.2172156649606892
816.5172976908481,-0.0028534370940178633,0.007498584990129339,509.164595838131,0.24617465570236075,0.2158966485324617
816.982814964332,0.006210422143340111,0.007487252281019573,509.454883521049,0.20913744621441266,0.2152163447093006
817.448332237816,0.00520332669839263,0.007505797371807628,509.74517120396695,0.1917082169933595,0.2153952716391026
817.9138495112999,-0.0028534370940178633,0.007499480334406187,510.03545888688495,0.25271038940943136,0.2153952716391026
818.3793667847839,-0.006378271151334047,0.007486918192246826,510.3257465698029,0.24835314703297495,0.21538013453592555
818.8448840582678,-0.003524834057316184,0.007562500305697129,510.6160342527209,0.1917082169933595,0.21484286413161224
819.3104013317518,0.0011749446857720613,0.007749317988657933,510.90632193563886,0.25271038940943136,0.21494865098298377
819.7759186052357,0.009735256433486938,0.007854746549059868,511.19660961855686,0.15249251617479676,0.2146466316378663
820.2414358787197,0.015609979629516602,0.0078350111412048,511.4868973014748,0.21567343963671082,0.21458183816700144
820.7069531522036,0.00520332669839263,0.007814063471256065,511.7771849843928,0.29192609022799365,0.2152294371171187
821.1724704256876,-0.007553216069936752,0.007836674455511864,512.0674726673108,0.22874542648130758,0.21630226545690898
821.6379876991715,-0.010574501939117908,0.00784419696605592,512.3577603502288,0.21567343963671082,0.21689318900097643
822.1035049726555,-0.0068818191066384315,0.007824434949254569,512.6480480331468,0.30717682811843305,0.2175467409727005
822.5690222461394,-0.0023498893715441227,0.007821203751643975,512.9383357160647,0.25271038940943136,0.2171221162988781
823.0345395196233,0.000839246204122901,0.007805432529635516,513.2286233989827,0.058810636362460755,0.21638540191538874
823.5000567931073,0.0011749446857720613,0.007826453758849593,513.5189110819007,0.24617465570236075,0.21638540191538871
823.9655740665912,-0.0038605325389653444,0.00796332627979652,513.8091987648187,0.20042296146149985,0.21624390893029063
824.4310913400752,-0.006378271151334047,0.00819472151403754,514.0994864477366,0.1612072606429371,0.21804278670426455
824.8966086135591,-0.0031891355756670237,0.008455210181439445,514.3897741306546,0.24617465570236075,0.21708495829587277
825.3621258870431,-0.000839246204122901,0.008791327935135233,514.6800618135726,0.2744971207221689,0.21758784490765623
825.827643160527,0.002517738612368703,0.009032066450368467,514.9703494964906,0.15685001826648115,0.22103809763335844
826.293160434011,0.00520332669839263,0.009148852164089739,515.2606371794085,0.15249251617479676,0.22034517817789095
826.7586777074949,0.004867628216743469,0.00919467005724559,515.5509248623265,0.15902850959709536,0.22039550246397663
827.224194980979,0.009735256433486938,0.009170698755452953,515.8412125452445,0.24835314703297495,0.22018840702795414
827.6897122544628,0.015274280682206154,0.009147053242360714,516.1315002281624,0.15467126722063895,0.22003686340106335
828.1552295279469,0.00587472366169095,0.009151197415583,516.4217879110804,0.25706789150111575,0.21937545358944188
828.6207468014308,-0.006210422143340111,0.009075152330765921,516.7120755939984,0.18517248328628888,0.2192034181988403
829.0862640749148,-0.008224613033235073,0.00896892121050607,517.0023632769164,0.22438818410485117,0.21932843770444513
829.5517813483987,-0.0031891355756670237,0.008958743161130428,517.2926509598343,0.1917082169933595,0.21911719837216023
830.0172986218826,0.002517738612368703,0.00895803775985768,517.5829386427523,0.15902850959709536,0.21987730849850243
830.4828158953666,0.008560311049222946,0.008979175692717025,517.8732263256703,-0.015263263182980324,0.2200306732031125
830.9483331688505,0.002517738612368703,0.009081272142058245,518.1635140085883,0.14813527379834035,0.21979074480457397
831.4138504423345,-0.010910200886428356,0.009130890318952508,518.4538016915062,0.20695895488379845,0.21942262321829384
831.8793677158184,-0.016952773556113243,0.009079996328679538,518.7440893744242,0.1917082169933595,0.21999235810273365
832.3448849893024,-0.01577782817184925,0.00905176631078619,519.0343770573422,0.1917082169933595,0.22028252057893022
832.8104022627863,-0.010574501939117908,0.009054674695722402,519.3246647402602,0.1612072606429371,0.22064920755434136
833.2759195362703,-0.000839246204122901,0.009041128204853116,519.6149524231781,0.22874542648130758,0.22048178542257726
833.7414368097542,0.0038605325389653444,0.009023987780619275,519.9052401060961,0.1612072606429371,0.2193846460575285
834.2069540832382,-0.006210422143340111,0.009046718044766023,520.1955277890141,0.1938869680392017,0.21995972563241326
834.6724713567221,-0.015274280682206154,0.009036933555025032,520.4858154719321,0.14813527379834035,0.21975221951881577
835.1379886302061,-0.012252994813024998,0.00902468802506593,520.77610315485,0.2309239178119218,0.21764249146661982
835.60350590369,-0.003524834057316184,0.009069739716236197,521.066390837768,0.24617465570236075,0.21752996002036074
836.0690231771739,0.0005035477224737406,0.009137030421129823,521.356678520686,0.18081498119460448,0.21700732190154312
836.5345404506579,0.006546120624989271,0.009060285220997095,521.646966203604,0.2396386622800626,0.2165063617540915
837.0000577241418,0.007553216069936752,0.008986752675371135,521.937253886522,0.29410484127383585,0.2160180987633232
837.4655749976258,0.0001678492408245802,0.008995655149521704,522.22754156944,0.2396386622800626,0.21609446827728968
837.9310922711097,-0.008224613033235073,0.00903327619279751,522.517829252358,0.20260145279211406,0.21603072251546063
838.3966095445937,-0.01040665339678526,0.009083504399567389,522.808116935276,0.2396386622800626,0.21592393094141554
838.8621268180776,-0.006546120624989271,0.0091827495794117,523.0984046181939,0.1612072606429371,0.21521104810593747
839.3276440915616,-0.0028534370940178633,0.009225659721780653,523.3886923011119,0.14813527379834035,0.21460081165716666
839.7931613650455,-0.000839246204122901,0.0091944409657929,523.6789799840299,0.18081498119460448,0.21460081165716666
840.2586786385295,-0.0028534370940178633,0.009147010068241316,523.9692676669479,0.20260145279211406,0.2143032795916747
840.7241959120134,0.000839246204122901,0.009140214133429522,524.2595553498658,0.20260145279211406,0.21700605503451045
841.1897131854975,0.008560311049222946,0.009161578393546588,524.5498430327838,-0.05230047267092841,0.21647394661858985
841.6552304589814,0.0023498893715441227,0.009199250752700488,524.8401307157018,0.14813527379834035,0.2162525314955474
842.1207477324654,-0.00587472366169095,0.009232849067963135,525.1304183986198,0.22003068201316722,0.21610151232943955
842.5862650059493,-0.0021820401307195425,0.009262232895569582,525.4207060815377,0.24835314703297495,0.21578107258089166
843.0517822794332,0.004531929735094309,0.00925847969978941,525.7109937644557,0.15902850959709536,0.2154255615191467
843.5172995529172,0.011581597849726677,0.009259574540577216,526.0012814473737,0.18081498119460448,0.21540219149831988
843.9828168264011,0.020981155335903168,0.009253658024367473,526.2915691302916,0.22874542648130758,0.21573975254504665
844.4483340998851,0.015609979629516602,0.009270373811185022,526.5818568132096,0.2309239178119218,0.21499675304171093
844.913851373369,0.0011749446857720613,0.009225688264980818,526.8721444961276,0.22438818410485117,0.21488779516637102
845.379368646853,-0.0057068741880357265,0.009101444053715867,527.1624321790456,0.30064083469613445,0.2152173006587364
845.8448859203369,-0.006210422143340111,0.009094541689778933,527.4527198619635,0.28539035652092304,0.21443763108229016
846.3104031938209,-0.0036926832981407642,0.00916468176317297,527.7430075448815,0.24835314703297495,0.2135973066855
846.7759204673048,0.0011749446857720613,0.009213779336626935,528.0332952277995,0.22874542648130758,0.212637316626704
847.2414377407888,0.007888914085924625,0.00919295171270499,528.3235829107175,0.21785219068255302,0.21152199039149297
847.7069550142727,0.00553902518004179,0.009191304662803282,528.6138705936354,0.15249251617479676,0.2107977925881845
848.1724722877567,0.007888914085924625,0.009196116084789593,528.9041582765534,0.1917082169933595,0.21190034834763247
848.6379895612406,0.015609979629516602,0.009207447346967879,529.1944459594714,0.24399590465651855,0.21154837807563256
849.1035068347245,0.020309757441282272,0.009230110926572993,529.4847336423894,0.3398565355146972,0.21219498803117298
849.5690241082085,0.021652551367878914,0.009298279935458632,529.7750213253073,0.13070604457728718,0.21217962261673534
850.0345413816924,0.02517738565802574,0.009300658287367668,530.0653090082253,0.22220943305900942,0.21210968108138223
850.5000586551764,0.023331044241786003,0.009319663253961198,530.3555966911433,0.4596821293009987,0.21079734363708993
850.9655759286603,0.01594567857682705,0.00932106164097573,530.6458843740613,0.17645773881814852,0.21099420700834517
851.4310932021443,0.009903104975819588,0.009307492664027191,530.9361720569792,0.2744971207221689,0.21146763510527325
851.8966104756282,0.004531929735094309,0.009295716862545121,531.2264597398972,0.1917082169933595,0.21229414789525217
852.3621277491122,0.0010070954449474812,0.009290914503736097,531.5167474228152,0.19606571908504344,0.21110025636473384
852.8276450225961,-0.0028534370940178633,0.009199322297043294,531.8070351057332,0.24617465570236075,0.21155866568236367
853.2931622960801,-0.0031891355756670237,0.009195543423941691,532.0973227886511,0.19606571908504344,0.21016525951205672
853.758679569564,-0.0028534370940178633,0.009252064461150015,532.3876104715691,0.2309239178119218,0.21025757684351326
854.224196843048,-0.0010070954449474812,0.009264123127434737,532.6778981544871,0.17645773881814852,0.21023595060854627
854.689714116532,-0.0001678492408245802,0.009271779622516033,532.9681858374051,-0.24837871704851366,0.21043207952147386
855.155231390016,-0.008896009996533394,0.009268641082472839,533.258473520323,0.1938869680392017,0.21040172443090366
855.6207486634999,-0.016449226066470146,0.00923403248151386,533.548761203241,0.18517248328628888,0.2117146686396584
856.0862659369838,-0.01493858266621828,0.009230838321049104,533.839048886159,0.24835314703297495,0.21276143339790524
856.5517832104678,-0.011581597849726677,0.009177974178262091,534.129336569077,0.21785219068255302,0.21222067732407304
857.0173004839517,-0.007553216069936752,0.00906260979618322,534.419624251995,0.2744971207221689,0.21211405534080816
857.4828177574357,0.002517738612368703,0.008934050446229079,534.709911934913,0.28103285442923953,0.21170588785247343
857.9483350309196,0.002517738612368703,0.008958419855602348,535.000199617831,0.1917082169933595,0.2123084524431869
858.4138523044036,-0.00587472366169095,0.009084272516217391,535.2904873007489,0.06098938740830251,0.2119290122792979
858.8793695778875,-0.008224613033235073,0.009180799570848466,535.5807749836669,0.22874542648130758,0.2141930027303085
859.3448868513715,-0.0028534370940178633,0.00922931215573921,535.8710626665849,0.1917082169933595,0.21428772504653898
859.8104041248554,0.0038605325389653444,0.009115637505067178,536.1613503495029,0.2418171536106768,0.21631829956357512
860.2759213983394,0.010238803923130035,0.00906279866131072,536.4516380324208,0.1938869680392017,0.21566770977771693
860.7414386718233,0.014602883718907833,0.009253245441407137,536.7419257153388,0.13942078904542798,0.21520567943238364
861.2069559453073,0.010238803923130035,0.009508883733620674,537.0322133982568,0.19606571908504344,0.21534908731851124
861.6724732187912,0.006546120624989271,0.00958291592354288,537.3225010811748,0.20042296146149985,0.21466580501512283
862.1379904922752,0.007049668114632368,0.009566636160343681,537.6127887640927,0.1415992803760422,0.21352628654926054
862.6035077657591,0.008560311049222946,0.009568947812827886,537.9030764470107,0.22220943305900942,0.21266702733729903
863.069025039243,0.009903104975819588,0.009587091402254536,538.1933641299287,0.10238383927270744,0.21201445051045775
863.534542312727,0.013931486755609512,0.009547419566345207,538.4836518128467,0.13942078904542798,0.2115582808966297
864.0000595862109,0.009231708012521267,0.00953803830290079,538.7739394957646,0.20913744621441266,0.21239321066328257
864.4655768596949,-0.000839246204122901,0.009553967189428272,539.0642271786826,0.1917082169933595,0.21242202820814804
864.9310941331788,-0.007553216069936752,0.00955859606308,539.3545148616006,0.12634880220083122,0.2126849741623032
865.3966114066628,-0.009567406959831715,0.00956068934111631,539.6448025445186,0.41610918610598047,0.21282581046907528
865.8621286801467,-0.009567406959831715,0.009621962533415867,539.9350902274365,0.18952972566274529,0.21298748354581892
866.3276459536307,-0.009063859470188618,0.009621962533415867,540.2253779103545,0.22438818410485117,0.21360970798355114
866.7931632271146,-0.010238803923130035,0.0096196225636314,540.5156655932725,0.1917082169933595,0.21368289225660647
867.2586805005986,-0.009231708012521267,0.00962815865227708,540.8059532761905,0.14813527379834035,0.2137902904741068
867.7241977740825,-0.000839246204122901,0.00963078361887956,541.0962409591084,0.21785219068255302,0.21354251956237377
868.1897150475666,0.006546120624989271,0.009646081687757383,541.3865286420264,0.24617465570236075,0.21373934692661156
868.6552323210504,-0.000839246204122901,0.009670617169452,541.6768163249444,0.22874542648130758,0.21416808871925444
869.1207495945343,-0.00587472366169095,0.009550948938942701,541.9671040078624,0.17210049644169212,0.21344934176361702
869.5862668680184,-0.002517738612368703,0.00951769893857633,542.2573916907803,0.13506354666897158,0.21323934856371435
870.0517841415023,-0.0001678492408245802,0.009611845927502244,542.5476793736983,0.24835314703297495,0.2132393485637143
870.5173014149863,0.0036926832981407642,0.009664911396384165,542.8379670566163,0.22220943305900942,0.2120607884324824
870.9828186884702,0.013931486755609512,0.009646914168330478,543.1282547395343,0.11763431744791841,0.21062519134117683
871.4483359619542,0.014435035176575184,0.009673040054813863,543.4185424224522,0.05227490265539014,0.21016695598187568
871.9138532354381,0.002517738612368703,0.00975694998105142,543.7088301053702,0.20913744621441266,0.21001694651675465
872.3793705089221,-0.0015106431674212217,0.009824398117746332,543.9991177882882,0.17645773881814852,0.20970581833913846
872.844887782406,0.0031891355756670237,0.009836932932881832,544.2894054712062,0.2309239178119218,0.20991606747666547
873.31040505589,0.004867628216743469,0.00985084180176485,544.5796931541241,0.2113161972602544,0.21066909556155305
873.7759223293739,0.007721065077930689,0.00983179238163719,544.8699808370421,0.2636038849234139,0.21009054037953978
874.2414396028579,0.013260089792311192,0.009636823794238107,545.1602685199601,0.15902850959709536,0.20775166200499467
874.7069568763418,0.0038605325389653444,0.009425880189678009,545.450556202878,0.2396386622800626,0.2083299978615472
875.1724741498258,-0.006210422143340111,0.009135430963389615,545.740843885796,0.12634880220083122,0.20795545762840864
875.6379914233097,-0.0030212863348424435,0.008900803403524475,546.031131568714,0.18299373224044668,0.20428436553888563
876.1035086967936,-0.0001678492408245802,0.008782638122644576,546.321419251632,0.2113161972602544,0.20441275865181055
876.5690259702776,0.0005035477224737406,0.008731041074909946,546.6117069345499,0.25053189807881715,0.20354781082835094
877.0345432437615,0.009231708012521267,0.008726697377109535,546.901994617468,0.08713310138226849,0.20341887178183796
877.5000605172455,0.007217517588287592,0.008815151093906688,547.192282300386,0.2113161972602544,0.20362592173508198
877.9655777907294,-0.00520332669839263,0.008928404872304275,547.482569983304,0.05663214503184655,0.2034588779542909
878.4310950642134,-0.012252994813024998,0.009001361032858408,547.7728576662219,0.19606571908504344,0.2028698315804701
878.8966123376973,-0.009567406959831715,0.009058744898532622,548.0631453491399,0.22220943305900942,0.20206009891406818
879.3621296111813,-0.005035477224737406,0.009062421015905991,548.3534330320579,0.2134949483060966,0.20176166124281875
879.8276468846652,0.0003356984816491604,0.009067649285786461,548.6437207149759,0.15467126722063895,0.20145389037430722
880.2931641581492,0.0021820401307195425,0.009026905146699172,548.9340083978938,0.24399590465651855,0.2017270655434819
880.7586814316331,-0.0001678492408245802,0.008907102108612161,549.2242960808118,0.2636038849234139,0.20207627281356774
881.2241987051171,0.0038605325389653444,0.00881952585987994,549.5145837637298,0.13506354666897158,0.20124923495308758
881.689715978601,0.007888914085924625,0.008762618721601985,549.8048714466478,0.17863648986399028,0.20107988893152717
882.1552332520849,-0.0011749446857720613,0.008741559548710849,550.0951591295657,0.13506354666897158,0.1997483818552258
882.620750525569,-0.01258869282901287,0.008745459318498357,550.3854468124837,0.2309239178119218,0.19903203972368655
883.0862677990528,-0.015609979629516602,0.008758456032702876,550.6757344954017,0.1873509746169031,0.1985697359351117
883.5517850725369,-0.01426718570291996,0.00874015882061479,550.9660221783197,0.3594642560663641,0.1993851681311446
884.0173023460208,-0.011581597849726677,0.008726893490874634,551.2563098612376,0.20478020383795625,0.199120696091982
884.4828196195048,-0.0031891355756670237,0.008730513306867823,551.5465975441556,0.3398565355146972,0.1992214714320351
884.9483368929887,-0.0068818191066384315,0.008863407279421021,551.8368852270736,0.15249251617479676,0.1991006449749119
885.4138541664727,-0.019638361409306526,0.00891530148582683,552.1271729099916,0.19824421041565765,0.1990614311625334
885.8793714399566,-0.022659648209810257,0.008819092950073628,552.4174605929095,0.19824421041565765,0.19921512196638846
886.3448887134406,-0.013931486755609512,0.008763384911803472,552.7077482758275,0.1612072606429371,0.19902577266192525
886.8104059869245,-0.004867628216743469,0.008751478704915125,552.9980359587455,0.18517248328628888,0.19904638568123995
887.2759232604085,0.0021820401307195425,0.00873758269403,553.2883236416635,0.13506354666897158,0.19943809605956803
887.7414405338924,0.010238803923130035,0.008699046119477654,553.5786113245814,0.10674108164916385,0.19943809605956803
888.2069578073764,0.00520332669839263,0.008655715539819834,553.8688990074994,0.1917082169933595,0.20037002923160305
888.6724750808603,-0.004867628216743469,0.008563232921033623,554.1591866904174,0.25271038940943136,0.20077340614406936
889.1379923543442,-0.006378271151334047,0.008531441950801192,554.4494743733354,0.15249251617479676,0.20063030284110933
889.6035096278282,-0.0031891355756670237,0.008534527653019949,554.7397620562533,0.2113161972602544,0.20049948758562186
890.0690269013121,0.003524834057316184,0.00858092550483484,555.0300497391713,0.21785219068255302,0.20100292694251998
890.5345441747961,0.01124589890241623,0.008554372904195173,555.3203374220893,0.22003068201316722,0.198037121938428
891.00006144828,0.008560311049222946,0.008507257678344012,555.6106251050072,0.17645773881814852,0.19813732905820963
891.465578721764,-0.000839246204122901,0.00850238159586298,555.9009127879252,0.15902850959709536,0.19777735181472347
891.9310959952479,-0.007217517588287592,0.00852724358937987,556.1912004708432,0.2309239178119218,0.19771914526881856
892.3966132687319,-0.0031891355756670237,0.008503991788521506,556.4814881537612,0.22438818410485117,0.19808862739523608
892.8621305422158,0.007217517588287592,0.008537735587840396,556.7717758366791,0.18517248328628888,0.19741222965045296
893.3276478156998,0.01359578873962164,0.008571592295888563,557.0620635195971,0.22874542648130758,0.197337054225071
893.7931650891837,0.013931486755609512,0.008571592295888563,557.3523512025151,0.13942078904542798,0.19706983359129135
894.2586823626677,0.013260089792311192,0.008606172486148348,557.6426388854331,0.20913744621441266,0.19698372166628017
894.7241996361516,0.013931486755609512,0.00864561036385304,557.932926568351,0.22438818410485117,0.1969977935669365
895.1897169096355,0.01191729586571455,0.008664228808774205,558.223214251269,0.1917082169933595,0.1971829101100091
895.6552341831195,0.0011749446857720613,0.00866235964637383,558.513501934187,0.12852755324667298,0.1968059763291774
896.1207514566034,-0.008224613033235073,0.008557773401677638,558.803789617105,0.20260145279211406,0.19709424962955036
896.5862687300875,-0.013260089792311192,0.008443368397226444,559.094077300023,0.2134949483060966,0.1982431509779207
897.0517860035714,-0.01426718570291996,0.008456829386747845,559.384364982941,0.18299373224044668,0.19782429730870243
897.5173032770554,-0.007553216069936752,0.008489892282303764,559.674652665859,0.18081498119460448,0.19816516259209896
897.9828205505393,0.009567406959831715,0.008485844036527326,559.964940348777,0.2657823762540281,0.19787541348519483
898.4483378240233,0.01426718570291996,0.00851632129222893,560.2552280316949,0.18299373224044668,0.197555942139656
898.9138550975072,0.002517738612368703,0.008530361673811422,560.5455157146129,0.10456233060332165,0.19636854126068437
899.3793723709912,-0.006210422143340111,0.00847089067184284,560.8358033975309,0.20695895488379845,0.19654465184864361
899.8448896444751,-0.007553216069936752,0.00847573826730874,561.1260910804489,0.18081498119460448,0.1956249823208015
900.3104069179591,-0.009567406959831715,0.008464967248339035,561.4163787633668,0.22220943305900942,0.196202323821846
900.775924191443,-0.00553902518004179,0.008481204021623348,561.7066664462848,0.1917082169933595,0.19557567147382085
901.241441464927,0.0011749446857720613,0.008485673383815298,561.9969541292028,0.1938869680392017,0.19491581612063535
901.7069587384109,-0.003524834057316184,0.008511574154585786,562.2872418121208,0.17645773881814852,0.19431135746421285
902.1724760118948,-0.012924391776323318,0.008483687296942866,562.5775294950387,0.21785219068255302,0.19531363572755744
902.6379932853788,-0.01493858266621828,0.008478595811155417,562.8678171779567,0.2309239178119218,0.19504626134776556
903.1035105588627,-0.012252994813024998,0.008464920596503061,563.1581048608747,0.11327707507146201,0.1956779992804993
903.5690278323467,-0.010910200886428356,0.008396712174922199,563.4483925437927,0.13506354666897158,0.19571925089627037
904.0345451058306,-0.0028534370940178633,0.008348281476008374,563.7386802267106,0.13506354666897158,0.1955202743000339
904.5000623793146,0.0031891355756670237,0.008335355952450484,564.0289679096286,0.22003068201316722,0.19498595406901115
904.9655796527985,-0.0005035477224737406,0.008337961607417961,564.3192555925466,0.22220943305900942,0.19554919691935785
905.4310969262825,-0.006378271151334047,0.008338387909800828,564.6095432754646,0.22220943305900942,0.19562641993649174
905.8966141997664,-0.007553216069936752,0.0083391457268942,564.8998309583825,0.1612072606429371,0.19470821247120082
906.3621314732504,-0.00520332669839263,0.008419212608463835,565.1901186413005,0.20042296146149985,0.19505474218876273
906.8276487467343,-0.0041962312534451485,0.008555957900944102,565.4804063242185,0.13506354666897158,0.19491278897055125
907.2931660202183,-0.0036926832981407642,0.008704719497126912,565.7706940071364,0.22003068201316722,0.19518534007293623
907.7586832937022,-0.00553902518004179,0.008779774568343775,566.0609816900544,0.13070604457728718,0.19482867688845207
908.2242005671862,-0.0005035477224737406,0.008797031647791777,566.3512693729724,0.19606571908504344,0.19507986700011032
908.6897178406701,0.006546120624989271,0.008768611307436782,566.6415570558904,0.20260145279211406,0.1941161035278915
909.155235114154,-0.0038605325389653444,0.00871983051065739,566.9318447388083,0.20260145279211406,0.19341424142927685
909.620752387638,-0.016281375661492348,0.008717776952549699,567.2221324217263,0.2309239178119218,0.1913840121414352
910.086269661122,-0.01426718570291996,0.008722970311642477,567.5124201046443,0.18952972566274529,0.1920924960636861
910.551786934606,-0.00553902518004179,0.008709074142723157,567.8027077875623,0.1612072606429371,0.19160870327237833
911.0173042080899,-0.0001678492408245802,0.008633160460503901,568.0929954704802,0.17427924748753387,0.19150623824999094
911.4828214815739,0.004531929735094309,0.00854134303940544,568.3832831533982,0.20260145279211406,0.19163185003922223
911.9483387550578,0.004867628216743469,0.008530978936482195,568.6735708363162,0.1917082169933595,0.1919527464488503
912.4138560285418,-0.0011749446857720613,0.008531843092484705,568.9638585192342,0.22220943305900942,0.192662702217541
912.8793733020257,-0.0041962312534451485,0.008496635023032708,569.2541462021521,0.22438818410485117,0.19367706761569176
913.3448905755097,-0.004867628216743469,0.008513105225844354,569.5444338850701,0.1917082169933595,0.19365702832029866
913.8104078489936,-0.00520332669839263,0.008611264935877853,569.8347215679881,0.1938869680392017,0.19288450441643765
914.2759251224776,0.002517738612368703,0.008649781648445834,570.1250092509061,0.17645773881814852,0.1932520998281854
914.7414423959615,0.01191729586571455,0.008648685725917697,570.415296933824,0.1938869680392017,0.1935355916851641
915.2069596694454,0.006546120624989271,0.008662800328645527,570.705584616742,0.21567343963671082,0.1931787507440006
915.6724769429294,-0.0023498893715441227,0.008594691804646481,570.99587229966,0.20042296146149985,0.19260189945971326
916.1379942164133,-0.008560311049222946,0.008559742254210563,571.286159982578,0.1873509746169031,0.19222014593354114
916.6035114898973,-0.012252994813024998,0.008605759404167529,571.576447665496,0.18517248328628888,0.1925604466787746
917.0690287633812,-0.006546120624989271,0.00871199112319748,571.866735348414,0.1938869680392017,0.19237238709850246
917.5345460368652,0.007888914085924625,0.008729502864466934,572.157023031332,0.1372420379995858,0.19169698947812386
918.0000633103491,0.010238803923130035,0.008711794671319575,572.44731071425,0.2396386622800626,0.19175702401734507
918.4655805838331,-0.000839246204122901,0.008654909323018972,572.7375983971679,0.20260145279211406,0.19122135008148514
918.931097857317,-0.009903104975819588,0.008602913488033078,573.0278860800859,0.1612072606429371,0.19166446795895553
919.396615130801,-0.008896009996533394,0.00852580759922719,573.3181737630039,0.1372420379995858,0.1914940587350628
919.8621324042849,-0.00587472366169095,0.008430151356353126,573.6084614459219,0.2636038849234139,0.19112156930956622
920.3276496777689,-0.0031891355756670237,0.008380154556448197,573.8987491288398,0.18299373224044668,0.19110126203923158
920.7931669512528,-0.0011749446857720613,0.008380657257638148,574.1890368117578,0.1612072606429371,0.1981725160336116
921.2586842247368,0.0005035477224737406,0.008383798452803308,574.4793244946758,0.22656667543546583,0.1987097687754973
921.7242014982207,0.00553902518004179,0.008333144404748354,574.7696121775937,0.1612072606429371,0.19785208632436632
922.1897187717046,0.007888914085924625,0.008258159078294977,575.0598998605117,0.2134949483060966,0.1978710305275547
922.6552360451886,-0.001678492408245802,0.00826109187429071,575.3501875434297,0.20260145279211406,0.1974252221024347
923.1207533186725,-0.008896009996533394,0.008238750842411918,575.6404752263477,0.17645773881814852,0.19678744784539146
923.5862705921566,-0.009231708012521267,0.00813342777061763,575.9307629092656,0.13942078904542798,0.19730610263994858
924.0517878656404,-0.008224613033235073,0.008136923290786732,576.2210505921836,0.18081498119460448,0.198103129828335
924.5173051391245,-0.004867628216743469,0.008193853906903904,576.5113382751016,0.1372420379995858,0.19801981664897975
924.9828224126084,0.004364080261439085,0.00817300445324575,576.8016259580196,0.20042296146149985,0.19767848476529032
925.4483396860924,0.006210422143340111,0.00813412376037208,577.0919136409375,0.08495461005165428,0.19765570666041019
925.9138569595763,-0.0028534370940178633,0.00814925889262865,577.3822013238555,0.13070604457728718,0.19707778917015842
926.3793742330603,-0.0068818191066384315,0.008190382680027865,577.6724890067735,0.1938869680392017,0.19675341861527448
926.8448915065442,-0.00587472366169095,0.008196809712749694,577.9627766896915,0.22220943305900942,0.19686701026442055
927.3104087800282,-0.006546120624989271,0.008133864793463676,578.2530643726094,0.18299373224044668,0.1962007576316783
927.7759260535121,-0.0015106431674212217,0.008024754381898796,578.5433520555274,0.17210049644169212,0.19603847770649355
928.241443326996,0.00520332669839263,0.007962036607539153,578.8336397384454,0.20042296146149985,0.19653020689182205
928.70696060048,0.0021820401307195425,0.007942169971141765,579.1239274213634,0.20260145279211406,0.19643776273304683
929.1724778739639,-0.0015106431674212217,0.007955419905680572,579.4142151042813,0.15249251617479676,0.19645187374089257
929.6379951474479,-0.0021820401307195425,0.00795422831553136,579.7045027871993,0.21785219068255302,0.1962765807500882
930.1035124209318,-0.0023498893715441227,0.007960052171693295,579.9947904701173,0.25053189807881715,0.19587899453334567
930.5690296944158,0.0011749446857720613,0.007986157511003098,580.2850781530353,0.17645773881814852,0.1948290928123528
931.0345469678997,0.01258869282901287,0.007952722017958986,580.5753658359532,0.18081498119460448,0.1949342482885234
931.5000642413837,0.01762416958808899,0.008034542572871332,580.8656535188712,0.1612072606429371,0.194593995284283
931.9655815148676,0.016617074608802795,0.008141969719182102,581.1559412017892,0.17210049644169212,0.194593995284283
932.4310987883516,0.01728847250342369,0.008192198819749932,581.4462288847072,0.19606571908504344,0.19461713173401404
932.8966160618355,0.016617074608802795,0.008192198819749932,581.7365165676251,0.2134949483060966,0.1949359534937618
933.3621333353195,0.012252994813024998,0.008194769667448231,582.0268042505431,0.29846208365029225,0.19446539199102364
933.8276506088034,0.006546120624989271,0.008171087356774551,582.3170919334611,0.11327707507146201,0.19393091595167639
934.2931678822874,0.002517738612368703,0.008230421294474776,582.6073796163791,0.17863648986399028,0.19408536145020147
934.7586851557713,0.007553216069936752,0.008276869699609711,582.897667299297,0.22874542648130758,0.19399026427910218
935.2242024292552,0.01896696351468563,0.008379054804479778,583.187954982215,0.13942078904542798,0.1937010295290808
935.6897197027392,0.01930266246199608,0.008508774059234767,583.478242665133,0.1873509746169031,0.1941508292247762
936.1552369762231,0.005035477224737406,0.008586400907603308,583.7685303480511,0.17645773881814852,0.1946076819454421
936.6207542497071,-0.0021820401307195425,0.008600985091116663,584.058818030969,0.21785219068255302,0.19452469857417654
937.086271523191,0.002517738612368703,0.008592531730268867,584.349105713887,0.21785219068255302,0.19409382499811184
937.551788796675,0.006378271151334047,0.008595227907153854,584.639393396805,0.2309239178119218,0.19343223614242872
938.017306070159,0.007553216069936752,0.008612656054127678,584.9296810797229,0.18952972566274529,0.19268402557137182
938.482823343643,0.01426718570291996,0.008602377869206005,585.2199687626409,0.17863648986399028,0.1926242799477167
938.9483406171269,0.010574501939117908,0.008690127583475923,585.5102564455589,0.19606571908504344,0.19371536593659405
939.4138578906109,-0.0028534370940178633,0.008816823563873191,585.8005441284769,0.2374599112342204,0.19337606906940608
939.8793751640948,-0.006210422143340111,0.00879002501518258,586.0908318113948,0.18081498119460448,0.1924770279908164
940.3448924375788,-0.000839246204122901,0.008771553514479235,586.3811194943128,0.15685001826648115,0.1923442394633292
940.8104097110627,0.0030212863348424435,0.00878698408766272,586.6714071772308,0.12417031087021657,0.1928661032028044
941.2759269845466,0.009231708012521267,0.008754562010241126,586.9616948601488,0.19824421041565765,0.19275153686747665
941.7414442580306,0.01577782817184925,0.008692626904326603,587.2519825430667,0.2134949483060966,0.1922804774119427
942.2069615315145,0.006546120624989271,0.00869504979281321,587.5422702259847,0.15031402484418255,0.1921806787870057
942.6724788049985,-0.004364080261439085,0.008672612250731914,587.8325579089027,0.1917082169933595,0.19282988335697254
943.1379960784824,-0.008896009996533394,0.008627073787944766,588.1228455918207,0.17427924748753387,0.19232821661459243
943.6035133519664,-0.009903104975819588,0.008626707534315223,588.4131332747386,0.1938869680392017,0.19171781156685047
944.0690306254503,-0.00587472366169095,0.008601765706812878,588.7034209576566,0.1917082169933595,0.19113948174372747
944.5345478989343,0.004531929735094309,0.008560526625887832,588.9937086405746,0.1873509746169031,0.19159749081035202
945.0000651724182,0.007217517588287592,0.00859515133589486,589.2839963234926,0.18952972566274529,0.19088111956320894
945.4655824459022,-0.0015106431674212217,0.008680016985625512,589.5742840064105,0.5577215112050191,0.190507557404239
945.9310997193861,-0.008560311049222946,0.008695776532102593,589.8645716893285,0.25271038940943136,0.19049044263783949
946.3966169928701,-0.009231708012521267,0.008708363634953498,590.1548593722465,0.09584784585040884,0.1901120228855352
946.862134266354,-0.008392462506890297,0.008851115026544804,590.4451470551645,0.18517248328628888,0.18992154243455864
947.327651539838,-0.007888914085924625,0.008993825610952405,590.7354347380824,0.11763431744791841,0.18987622511633956
947.7931688133219,-0.007217517588287592,0.009013477557638316,591.0257224210004,0.20913744621441266,0.18987622511633953
948.2586860868058,-0.004364080261439085,0.008972370044727255,591.3160101039184,0.23528141990360618,0.18953005554058705
948.7242033602898,0.003524834057316184,0.008928242646546902,591.6062977868364,0.2113161972602544,0.19012824014542865
949.1897206337737,0.0117494473233819,0.008892901502691647,591.8965854697543,0.19824421041565765,0.190947119151262
949.6552379072577,0.004531929735094309,0.008885792700414485,592.1868731526723,0.13506354666897158,0.19136479786726332
950.1207551807416,-0.004867628216743469,0.008891909573983881,592.4771608355903,0.22003068201316722,0.1917857379311388
950.5862724542257,-0.007553216069936752,0.008916394156101027,592.7674485185083,0.11109832402561981,0.19222558042573948
951.0517897277095,-0.008560311049222946,0.008921353843765587,593.0577362014262,0.15467126722063895,0.19280723441985603
951.5173070011936,-0.004867628216743469,0.008916748511779682,593.3480238843442,0.18952972566274529,0.1927868722036013
951.9828242746775,0.007553216069936752,0.008899368531258868,593.6383115672622,0.13942078904542798,0.1924806159529349
952.4483415481615,0.00587472366169095,0.008912377149989843,593.9285992501802,0.21567343963671082,0.1916919832031402
952.9138588216454,-0.006546120624989271,0.008973382421181697,594.2188869330981,0.18299373224044668,0.19144365299101787
953.3793760951294,-0.009231708012521267,0.008975260152129719,594.5091746160161,0.11981280877853262,0.19133994034147658
953.8448933686133,-0.00553902518004179,0.00897314767727646,594.7994622989341,0.1372420379995858,0.19097180196479038
954.3104106420972,-0.0028534370940178633,0.00899425010040621,595.089749981852,0.20260145279211406,0.1906700882225617
954.7759279155812,0.0031891355756670237,0.00899506975007605,595.38003766477,0.18081498119460448,0.19042810627267226
955.2414451890651,0.009231708012521267,0.00902728430149525,595.670325347688,0.07406137425289971,0.18972801556072205
955.7069624625491,-0.0001678492408245802,0.009067445991153627,595.960613030606,0.17427924748753387,0.18896062441513656
956.172479736033,-0.012924391776323318,0.008990692547858652,596.250900713524,0.1612072606429371,0.18908171303716512
956.637997009517,-0.01426718570291996,0.008829267970385564,596.541188396442,0.13506354666897158,0.1893270526351571
957.1035142830009,-0.010070954449474812,0.00868486916652419,596.83147607936,0.22220943305900942,0.1892905010274553
957.5690315564849,-0.00553902518004179,0.0085355148293373,597.121763762278,0.17427924748753387,0.18909121381708452
958.0345488299688,0.0021820401307195425,0.008383751396654326,597.4120514451959,0.1372420379995858,0.18897916564202338
958.5000661034528,0.0011749446857720613,0.008299790245563437,597.7023391281139,0.1372420379995858,0.1871094086773378
958.9655833769367,-0.010910200886428356,0.008287218021176235,597.9926268110319,0.21785219068255302,0.18764451751697414
959.4311006504207,-0.018631266430020332,0.008321714295099184,598.2829144939499,0.22220943305900942,0.18730381427836318
959.8966179239046,-0.019638361409306526,0.008295347697000152,598.5732021768678,0.15467126722063895,0.18659390777967574
960.3621351973886,-0.016281375661492348,0.008154491498786413,598.8634898597858,0.2113161972602544,0.18704798841873102
960.8276524708725,-0.01191729586571455,0.00799563081135233,599.1537775427038,0.22220943305900942,0.18680274283354742
961.2931697443564,-0.0068818191066384315,0.007998742167885474,599.4440652256218,0.1938869680392017,0.1914541409156814
961.7586870178404,-0.0028534370940178633,0.00816218886302678,599.7343529085397,0.1372420379995858,0.19083035736502144
962.2242042913243,0.002517738612368703,0.008334566204685954,600.0246405914577,0.14813527379834035,0.1914255350452914
962.6897215648083,0.007049668114632368,0.00843625534147742,600.3149282743757,0.13942078904542798,0.19168257395986582
963.1552388382922,-0.0021820401307195425,0.008527768510387609,600.6052159572937,0.18517248328628888,0.1915472689838204
963.6207561117762,-0.013763638213276863,0.008538506562076656,600.8955036402116,0.28756884785153725,0.1915857054213081
964.0862733852601,-0.015609979629516602,0.008583410604182011,601.1857913231296,0.13070604457728718,0.19106406748843718
964.5517906587442,-0.009567406959831715,0.008615743294611743,601.4760790060476,0.021773686589740215,0.1905628760559274
965.017307932228,-0.0028534370940178633,0.00859824484590112,601.7663666889656,0.20260145279211406,0.1903150533486114
965.4828252057121,0.00587472366169095,0.008599102242103024,602.0566543718835,0.24835314703297495,0.19007624398076217
965.948342479196,0.003524834057316184,0.00865862012536771,602.3469420548015,0.17427924748753387,0.18997727593264346
966.41385975268,-0.00587472366169095,0.008702662410767833,602.6372297377195,0.12199155982437482,0.19010891769767724
966.8793770261639,-0.0068818191066384315,0.008658574528057,602.9275174206375,0.18299373224044668,0.19063980953950316
967.3448942996479,-0.004531929735094309,0.008750049502379708,603.2178051035554,0.2134949483060966,0.19084909839972156
967.8104115731318,-0.004531929735094309,0.008807232180590817,603.5080927864734,0.1917082169933595,0.19084909839972158
968.2759288466157,-0.0001678492408245802,0.008813806883881349,603.7983804693914,0.12634880220083122,0.19100521764357714
968.7414461200997,0.007217517588287592,0.00885029696727885,604.0886681523094,0.04791740056370575,0.19098466330175481
969.2069633935836,0.0018463416490703821,0.008915508248812931,604.3789558352273,0.1938869680392017,0.19084723660683783
969.6724806670676,-0.009903104975819588,0.008966983489845386,604.6692435181453,0.20042296146149985,0.19043401535957294
970.1379979405515,-0.012924391776323318,0.00898106693638172,604.9595312010633,0.13506354666897158,0.19035480302112
970.6035152140355,-0.00553902518004179,0.008982752534909618,605.2498188839812,0.15902850959709536,0.1838188743991083
971.0690324875194,0.004867628216743469,0.009055270835479102,605.5401065668992,0.18952972566274529,0.18317150775043833
971.5345497610034,0.01728847250342369,0.009049104356024644,605.8303942498172,0.13506354666897158,0.18358185908047348
972.0000670344873,0.018295567482709885,0.009013024790951908,606.1206819327352,0.20913744621441266,0.18368753713243194
972.4655843079713,0.006378271151334047,0.008980715115938478,606.4109696156531,0.20260145279211406,0.1838773580144286
972.9311015814552,-0.0001678492408245802,0.008961343909282906,606.7012572985711,0.13070604457728718,0.18300797056185958
973.3966188549392,0.000839246204122901,0.00896940565250867,606.9915449814891,0.20913744621441266,0.18236891488619505
973.8621361284231,0.0005035477224737406,0.009058788502152958,607.2818326644071,0.25706789150111575,0.18253994525555858
974.327653401907,-0.0031891355756670237,0.00911310979688055,607.572120347325,0.18952972566274529,0.18191376606525148
974.793170675391,-0.00553902518004179,0.009131813085302929,607.862408030243,0.2396386622800626,0.1824761502335677
975.2586879488749,-0.009231708012521267,0.009123851556386479,608.152695713161,0.15902850959709536,0.1815138093196418
975.7242052223589,-0.0041962312534451485,0.009110335672901326,608.4429833960791,0.20260145279211406,0.18211980799076122
976.1897224958428,0.006210422143340111,0.009104669213943345,608.733271078997,0.1917082169933595,0.1819739834088563
976.6552397693268,0.0011749446857720613,0.00909888347400935,609.023558761915,0.1917082169933595,0.1819953091155126
977.1207570428107,-0.008224613033235073,0.009070712231026162,609.313846444833,-0.03269249240403349,0.1824393174194339
977.5862743162947,-0.010910200886428356,0.009053046145407008,609.604134127751,0.13942078904542798,0.1818948607714024
978.0517915897786,-0.00553902518004179,0.009055372599321744,609.8944218106689,0.18952972566274529,0.1818543761046945
978.5173088632627,0.000839246204122901,0.009099737107100065,610.1847094935869,0.1612072606429371,0.1823866640308483
978.9828261367466,0.006546120624989271,0.009091631646380492,610.4749971765049,0.10456233060332165,0.18286659678537173
979.4483434102306,0.002517738612368703,0.009107257145922821,610.7652848594229,0.1938869680392017,0.18275680330010696
979.9138606837145,-0.008224613033235073,0.009112575270590919,611.0555725423408,0.18517248328628888,0.18338810004172293
980.3793779571985,-0.008896009996533394,0.00906913009049297,611.3458602252588,-0.0065487784300675145,0.18389205666699204
980.8448952306824,-0.0031891355756670237,0.009078183814915559,611.6361479081768,0.1938869680392017,0.18387287854844073
981.3104125041663,-0.001678492408245802,0.009061229720626443,611.9264355910948,0.18952972566274529,0.18364646257216458
981.7759297776503,0.0023498893715441227,0.00902535908842016,612.2167232740127,0.16774325406523571,0.18393570857878186
982.2414470511342,0.004867628216743469,0.008985888376852881,612.5070109569307,0.17427924748753387,0.18381569412099583
982.7069643246182,0.0011749446857720613,0.008971695106045386,612.7972986398487,0.20260145279211406,0.18395668596140471
983.1724815981021,-0.0005035477224737406,0.008982415443761882,613.0875863227667,0.11763431744791841,0.18506926013753147
983.6379988715861,-0.004531929735094309,0.009016821763976545,613.3778740056846,0.18517248328628888,0.18583882015675937
984.10351614507,-0.008224613033235073,0.00903723951895471,613.6681616886026,0.13506354666897158,0.191659605743036
984.569033418554,-0.0031891355756670237,0.008978193343192475,613.9584493715206,0.15467126722063895,0.19129138352821015
985.0345506920379,0.010574501939117908,0.00878957572398295,614.2487370544386,0.1938869680392017,0.19143046064391342
985.5000679655219,0.009903104975819588,0.008650481817516324,614.5390247373565,0.15902850959709536,0.1914530525600526
985.9655852390058,-0.00553902518004179,0.008575277687652988,614.8293124202745,0.4683968737691395,0.19069161291576625
986.4311025124898,-0.016952773556113243,0.008549446718245979,615.1196001031925,0.14813527379834035,0.19035636051631283
986.8966197859737,-0.01762416958808899,0.008545133965465168,615.4098877861104,0.2679611272998703,0.19098912150492878
987.3621370594576,-0.01493858266621828,0.008598826668624954,615.7001754690284,0.25271038940943136,0.19102116810822345
987.8276543329416,-0.01493858266621828,0.008721008095865927,615.9904631519464,0.17427924748753387,0.1909635720723117
988.2931716064255,-0.01493858266621828,0.00878598025066566,616.2807508348644,0.18299373224044668,0.19112888167678757
988.7586888799095,-0.013931486755609512,0.008686475834814548,616.5710385177823,0.13070604457728718,0.1899416952668605
989.2242061533934,-0.008224613033235073,0.008571131516591978,616.8613262007003,0.18952972566274529,0.1899416952668605
989.6897234268774,0.002517738612368703,0.00853073207220668,617.1516138836183,0.15031402484418255,0.1907327154939512
990.1552407003613,-0.0015106431674212217,0.00852665689631153,617.4419015665363,0.12199155982437482,0.1903462750981128
990.6207579738453,-0.010910200886428356,0.0085159039015776,617.7321892494542,0.10674108164916385,0.1898390966131759
991.0862752473292,-0.012924391776323318,0.008517264225150244,618.0224769323722,0.2113161972602544,0.1898390966131759
991.5517925208133,-0.012924391776323318,0.008545041504739878,618.3127646152902,0.25924638283172996,0.18983909661317588
992.0173097942971,-0.014602883718907833,0.008681503282590272,618.6030522982082,0.17645773881814852,0.18996102646694257
992.4828270677812,-0.01124589890241623,0.008746648475839077,618.8933399811261,0.1917082169933595,0.18892210492169742
992.948344341265,-0.009567406959831715,0.008739059164434716,619.1836276640441,0.1917082169933595,0.18884132117706692
993.4138616147491,-0.012924391776323318,0.008745685117821717,619.4739153469621,0.1917082169933595,0.18870563045262556
993.879378888233,-0.01258869282901287,0.008722170386237484,619.7642030298802,0.17645773881814852,0.18919154570208635
994.3448961617169,-0.010910200886428356,0.008723302352558925,620.054490712798,0.13506354666897158,0.18867034393548643
994.8104134352009,-0.008896009996533394,0.008744691551390064,620.344778395716,0.18081498119460448,0.18869208820144875
995.2759307086848,0.0023498893715441227,0.008731312478638927,620.635066078634,0.22220943305900942,0.18948556129635827
995.7414479821688,0.014602883718907833,0.008714892107998343,620.9253537615521,0.19606571908504344,0.18972733904514982
996.2069652556527,0.008560311049222946,0.008765863342817237,621.21564144447,0.15902850959709536,0.18972733904514982
996.6724825291367,-0.000839246204122901,0.008671443332840065,621.505929127388,0.19606571908504344,0.19018268244735795
997.1379998026206,-0.0001678492408245802,0.008498835005928884,621.796216810306,0.14595678246772614,0.1906229888127878
997.6035170761046,0.0038605325389653444,0.008484649354526027,622.086504493224,0.09802633718102305,0.1903426198987506
998.0690343495885,0.00587472366169095,0.00851884068156734,622.3767921761419,0.17427924748753387,0.1905104460661857
998.5345516230725,0.01359578873962164,0.008518516138706212,622.6670798590599,0.22656667543546583,0.18976311186545636
999.0000688965564,0.015609979629516602,0.008568443111291438,622.9573675419779,0.12199155982437482,0.1887731668744454
999.4655861700404,0.007553216069936752,0.008629606650409322,623.2476552248959,0.20042296146149985,0.1895186609298338
999.9311034435243,0.0028534370940178633,0.008669666841627673,623.5379429078138,0.10456233060332165,0.18864174904938824
1000.3966207170082,0.00553902518004179,0.008644483458817652,623.8282305907318,0.18952972566274529,0.18857495978587896
1000.8621379904922,0.007888914085924625,0.008643021301106439,624.1185182736498,0.13506354666897158,0.188085066947055
1001.3276552639761,0.003524834057316184,0.008649035881090375,624.4088059565677,0.1917082169933595,0.18839846863736617
1001.7931725374601,-0.0015106431674212217,0.008648426999884684,624.6990936394857,0.1917082169933595,0.18811395944034637
1002.258689810944,-0.0005035477224737406,0.008614383225368392,624.9893813224037,0.15902850959709536,0.18868082646872966
1002.724207084428,0.0068818191066384315,0.008549708472240377,625.2796690053217,0.17863648986399028,0.18884296576925996
1003.1897243579119,0.013092241249978542,0.00853330891710522,625.5699566882396,0.1873509746169031,0.18832162426782492
1003.6552416313959,0.0038605325389653444,0.008549708472240375,625.8602443711576,0.1938869680392017,0.18852748934484348
1004.1207589048798,-0.006210422143340111,0.008583517954740853,626.1505320540756,0.1917082169933595,0.18858688546116176
1004.5862761783638,-0.004531929735094309,0.008605820643685673,626.4408197369936,0.2396386622800626,0.18873912038715646
1005.0517934518477,-0.000839246204122901,0.00857713510637145,626.7311074199115,0.15902850959709536,0.18897293403207788
1005.5173107253318,0.0041962312534451485,0.008567920696358408,627.0213951028295,0.17210049644169212,0.1898378518492521
1005.9828279988157,0.011581597849726677,0.008571976256249626,627.3116827857475,0.13070604457728718,0.1894522792083592
1006.4483452722997,0.011581597849726677,0.008691263766901025,627.6019704686655,0.17210049644169212,0.18889423048704485
1006.9138625457836,0.005035477224737406,0.008829715261450762,627.8922581515834,0.2113161972602544,0.1887094529412303
1007.3793798192675,0.0018463416490703821,0.00886899036743201,628.1825458345014,0.18952972566274529,0.18917944659208766
1007.8448970927515,0.005035477224737406,0.008868990367432009,628.4728335174194,0.25053189807881715,0.18924590799449434
1008.3104143662354,0.008224613033235073,0.008913647426363892,628.7631212003374,0.22220943305900942,0.18952847785767182
1008.7759316397194,0.01258869282901287,0.008961373247453943,629.0534088832553,0.5315775375158256,0.19130762504946247
1009.2414489132033,0.015274280682206154,0.008927815003756067,629.3436965661733,0.18517248328628888,0.19195169187849453
1009.7069661866873,0.00520332669839263,0.008994498924188384,629.6339842490913,0.17210049644169212,0.1918424762960822
1010.1724834601712,-0.0023498893715441227,0.009002106875338164,629.9242719320093,0.2134949483060966,0.19210588167356749
1010.6380007336552,-0.0018463416490703821,0.008975744190072065,630.2145596149272,0.13506354666897158,0.19205634800092894
1011.1035180071391,-0.0001678492408245802,0.00896153485292511,630.5048472978452,0.15467126722063895,0.1871432629103878
1011.5690352806231,0.0005035477224737406,0.008811132722449436,630.7951349807632,0.2113161972602544,0.18724420589926524
1012.034552554107,0.010238803923130035,0.008657631744886424,631.0854226636812,0.15249251617479676,0.18647534132449647
1012.500069827591,0.016617074608802795,0.008627287455428432,631.3757103465991,0.13070604457728718,0.18567293919204614
1012.9655871010749,0.01124589890241623,0.00868750636020389,631.6659980295171,0.20260145279211406,0.18581252178723764
1013.4311043745589,0.0018463416490703821,0.00878155877750808,631.9562857124351,0.18517248328628888,0.18598050434219857
1013.8966216480428,-0.00553902518004179,0.008797016702830186,632.2465733953532,0.13070604457728718,0.18598050434219857
1014.3621389215267,-0.0041962312534451485,0.008761026014732458,632.536861078271,0.18081498119460448,0.18652005497280147
1014.8276561950107,0.000839246204122901,0.008770277714692945,632.827148761189,0.15902850959709536,0.1866959515768714
1015.2931734684946,0.0038605325389653444,0.008776325090884413,633.117436444107,0.20260145279211406,0.18706443794747732
1015.7586907419786,0.0038605325389653444,0.008816196450646767,633.4077241270251,0.17427924748753387,0.1871003568805797
1016.2242080154625,0.009231708012521267,0.008845892744537943,633.698011809943,0.12199155982437482,0.1869028850863701
1016.6897252889465,0.01728847250342369,0.008828492573505297,633.988299492861,0.19606571908504344,0.1880333225892029
1017.1552425624304,0.01191729586571455,0.008763835599767764,634.278587175779,-0.05883620637799902,0.1878539555163511
1017.6207598359144,0.002517738612368703,0.008726742641915256,634.5688748586969,0.18299373224044668,0.1879607716267651
1018.0862771093983,-0.003524834057316184,0.008683065096649963,634.8591625416149,0.10238383927270744,0.18767559889860105
1018.5517943828823,-0.0028534370940178633,0.008595702773835564,635.1494502245329,0.14813527379834035,0.18761425835190634
1019.0173116563662,0.0023498893715441227,0.008532614651665823,635.4397379074509,0.12852755324667298,0.18761425835190634
1019.4828289298503,0.0117494473233819,0.008472786547594072,635.7300255903688,0.20260145279211406,0.18758541161674613
1019.9483462033342,0.01191729586571455,0.008435912014664348,636.0203132732868,0.22438818410485117,0.18752758975538864
1020.413863476818,-0.0001678492408245802,0.008451955384325163,636.3106009562048,0.1873509746169031,0.18762596252556518
1020.8793807503021,-0.010910200886428356,0.008343091593108705,636.6008886391228,0.18952972566274529,0.1879713986494777
1021.344898023786,-0.01107805036008358,0.008302089934753384,636.8911763220407,0.1917082169933595,0.18742789322731673
1021.81041529727,-0.0041962312534451485,0.008372579029298983,637.1814640049587,0.24835314703297495,0.18795302299755237
1022.2759325707539,0.0038605325389653444,0.008525282637124468,637.4717516878767,0.17210049644169212,0.18835755994087955
1022.7414498442379,0.007888914085924625,0.00853824444315252,637.7620393707947,0.15467126722063895,0.1887634540479304
1023.2069671177218,-0.0003356984816491604,0.008519721541448859,638.0523270537126,0.11545556640207622,0.18920951879844805
1023.6724843912058,-0.009567406959831715,0.008429120649062849,638.3426147366306,0.1612072606429371,0.1887101017952046
1024.1380016646897,-0.01107805036008358,0.008351797421297196,638.6329024195486,-0.257093461516654,0.1887646237205151
1024.6035189381737,-0.010238803923130035,0.008449836715318364,638.9231901024666,0.14813527379834035,0.1887646237205151
1025.0690362116577,-0.006210422143340111,0.008663271499564749,639.2134777853845,0.15031402484418255,0.18957498182274546
1025.5345534851415,0.0038605325389653444,0.008710797308100284,639.5037654683025,0.14595678246772614,0.18916824161322787
1026.0000707586255,0.007049668114632368,0.008677483752456713,639.7940531512205,0.22220943305900942,0.18962492757219426
1026.4655880321095,0.0005035477224737406,0.008683550270245319,640.0843408341385,0.15902850959709536,0.18897646141941915
1026.9311053055933,-0.0021820401307195425,0.008689658002702128,640.3746285170564,0.15467126722063895,0.18848949616191898
1027.3966225790773,0.0005035477224737406,0.008690263995068243,640.6649161999744,0.1612072606429371,0.18875287947363917
1027.8621398525613,-0.000839246204122901,0.008708953263285973,640.9552038828924,0.12199155982437482,0.18911408154126386
1028.3276571260453,-0.00553902518004179,0.008693172163679048,641.2454915658104,0.18517248328628888,0.18866838377743028
1028.793174399529,-0.010238803923130035,0.00871857731716102,641.5357792487283,0.11545556640207622,0.18913332265562607
1029.2586916730131,-0.0068818191066384315,0.008705884004921364,641.8260669316463,0.20913744621441266,0.18897565698172208
1029.7242089464971,0.0038605325389653444,0.008708469499008146,642.1163546145643,0.20913744621441266,0.18819664546837295
1030.1897262199811,0.007888914085924625,0.008753704843039622,642.4066422974823,0.1873509746169031,0.1879649383458292
1030.655243493465,-0.0041962312534451485,0.0088001439220935,642.6969299804002,0.14813527379834035,0.18787465325889668
1031.120760766949,-0.01493858266621828,0.008788287510775934,642.9872176633182,0.11545556640207622,0.18836320804334855
1031.586278040433,-0.016281375661492348,0.008776415082171156,643.2775053462362,0.1437780314218844,0.1882052490667752
1032.051795313917,-0.009903104975819588,0.008881109650354147,643.5677930291542,0.22220943305900942,0.18842042393451247
1032.5173125874007,-0.0011749446857720613,0.00904747474596336,643.8580807120721,0.20913744621441266,0.1878979100522498
1032.9828298608847,0.009231708012521267,0.009078343298975644,644.1483683949901,0.15902850959709536,0.18716833111636375
1033.4483471343688,0.010574501939117908,0.009043821663159566,644.4386560779081,0.3267845486701,0.18656599997823273
1033.9138644078525,-0.0018463416490703821,0.008962754111448496,644.728943760826,0.2113161972602544,0.1805324615691654
1034.3793816813366,-0.0117494473233819,0.008840652457683326,645.019231443744,0.13942078904542798,0.18055346620326024
1034.8448989548206,-0.01124589890241623,0.008831161427668047,645.309519126662,0.22003068201316722,0.1803217746025336
1035.3104162283046,-0.0068818191066384315,0.00890309568233159,645.5998068095801,0.15249251617479676,0.17977731998665006
1035.7759335017884,-0.0018463416490703821,0.00896745326197715,645.890094492498,0.1415992803760422,0.1803691142371428
1036.2414507752724,0.0011749446857720613,0.008969919332188719,646.180382175416,0.1612072606429371,0.18081221234998357
1036.7069680487564,-0.004867628216743469,0.009017347335664321,646.470669858334,-0.20262728252288031,0.18046253668738513
1037.1724853222404,-0.012924391776323318,0.008987514442526977,646.760957541252,0.17863648986399028,0.18001034119860732
1037.6380025957242,-0.018295567482709885,0.008848154627611418,647.0512452241699,0.18952972566274529,0.18035498589888363
1038.1035198692082,-0.019974060356616974,0.008785440789018864,647.3415329070879,0.20042296146149985,0.1801797918363323
1038.5690371426922,-0.01493858266621828,0.00882101845486883,647.6318205900059,0.13070604457728718,0.17956132012502596
1039.0345544161762,-0.0001678492408245802,0.008807680592716643,647.9221082729239,0.2396386622800626,0.18000849981948205
1039.50007168966,0.004867628216743469,0.00886928726567576,648.2123959558418,0.17210049644169212,0.1798343252151114
1039.965588963144,-0.0036926832981407642,0.008910515742849918,648.5026836387598,0.17210049644169212,0.1798343252151114
1040.431106236628,-0.013931486755609512,0.008922917960608243,648.7929713216778,0.11327707507146201,0.17972267930949815
1040.8966235101118,-0.01493858266621828,0.008919376229951233,649.0832590045958,0.1917082169933595,0.17988845506387666
1041.3621407835958,-0.011581597849726677,0.00890460385997647,649.3735466875137,0.3354992931382408,0.1798747692318013
1041.8276580570798,-0.009567406959831715,0.008835140860635922,649.6638343704317,0.15467126722063895,0.18013363480933323
1042.2931753305638,-0.007553216069936752,0.008772333987863161,649.9541220533497,0.20260145279211406,0.18062927724970876
1042.7586926040476,-0.0031891355756670237,0.008779099784302033,650.2444097362677,0.15902850959709536,0.18099039581891022
1043.2242098775316,0.0023498893715441227,0.00879300504782185,650.5346974191856,0.18517248328628888,0.18595331469773366
1043.6897271510156,0.006546120624989271,0.008795924156038722,650.8249851021036,0.17645773881814852,0.18618419293260893
1044.1552444244996,0.0031891355756670237,0.008793005047821852,651.1152727850216,0.13070604457728718,0.1865507184005811
1044.6207616979834,-0.003524834057316184,0.008720072088845515,651.4055604679396,0.17427924748753387,0.18636123610944
1045.0862789714674,-0.00587472366169095,0.008644376854333885,651.6958481508575,0.2309239178119218,0.18601996144496208
1045.5517962449514,-0.0041962312534451485,0.008672475670399131,651.9861358337755,0.22874542648130758,0.18568917501108506
1046.0173135184355,-0.0005035477224737406,0.008712822275771165,652.2764235166935,0.058810636362460755,0.1853050242433985
1046.4828307919192,0.01124589890241623,0.008649325080002617,652.5667111996115,0.24399590465651855,0.18520266449142023
1046.9483480654033,0.016617074608802795,0.008685778622805515,652.8569988825294,0.1938869680392017,0.18465914443864756
1047.4138653388873,0.006210422143340111,0.008711205338662131,653.1472865654474,0.1612072606429371,0.18440134346312548
1047.879382612371,-0.000839246204122901,0.008677893349406796,653.4375742483654,0.22003068201316722,0.184834775502906
1048.344899885855,0.004531929735094309,0.008688885274699317,653.7278619312834,0.17645773881814852,0.18605310218250226
1048.810417159339,0.010238803923130035,0.008729397346617786,654.0181496142013,0.13070604457728718,0.18614427077386336
1049.275934432823,0.015274280682206154,0.008714423787153237,654.3084372971193,0.20042296146149985,0.18493903756034902
1049.7414517063069,0.019974060356616974,0.008678818723845714,654.5987249800373,0.20913744621441266,0.1844588703096938
1050.2069689797909,0.010910200886428356,0.008724011639282055,654.8890126629552,0.13942078904542798,0.18433378578579718
1050.6724862532749,-0.0005035477224737406,0.008737808699615254,655.1793003458732,0.1917082169933595,0.18478945975985503
1051.138003526759,-0.004867628216743469,0.008715556762569321,655.4695880287912,0.10238383927270744,0.18446992671411944
1051.6035208002427,-0.0036926832981407642,0.008716160954320554,655.7598757117092,0.13070604457728718,0.1841058888056223
1052.0690380737267,0.0011749446857720613,0.008745519524406066,656.0501633946271,0.18952972566274529,0.18430852009323276
1052.5345553472107,0.009063859470188618,0.008745519524406066,656.3404510775451,0.21567343963671082,0.18468994072000317
1053.0000726206947,0.01191729586571455,0.008825002451688007,656.6307387604631,0.13070604457728718,0.18459000742617626
1053.4655898941785,0.007888914085924625,0.00890625957373786,656.9210264433812,0.2374599112342204,0.1845900074261763
1053.9311071676625,0.0038605325389653444,0.008921619483146221,657.211314126299,0.17427924748753387,0.18507955979735963
1054.3966244411465,0.005035477224737406,0.008938249237538224,657.501601809217,0.1612072606429371,0.18422680145259088
1054.8621417146303,0.009231708012521267,0.008938249237538224,657.791889492135,0.12634880220083122,0.18396658251472145
1055.3276589881143,0.010238803923130035,0.00896981661091937,658.0821771750531,0.1612072606429371,0.1836654275433015
1055.7931762615983,0.010574501939117908,0.008980729764518119,658.372464857971,0.1917082169933595,0.18412853993847825
1056.2586935350823,0.010574501939117908,0.008864580630102765,658.662752540889,0.15249251617479676,0.18428349060013852
1056.724210808566,0.01493858266621828,0.008725550775025112,658.953040223807,0.2309239178119218,0.18412323971049813
1057.1897280820501,0.017959868535399437,0.00867834849302562,659.243327906725,0.12199155982437482,0.18336184124469596
1057.6552453555341,0.009231708012521267,0.008677984403441126,659.5336155896429,0.18299373224044668,0.182908913179955
1058.1207626290181,-0.000839246204122901,0.00864308225248069,659.8239032725609,0.15902850959709536,0.1832229333894595
1058.586279902502,-0.0015106431674212217,0.008591995537876219,660.1141909554789,0.2134949483060966,0.18142794801747422
1059.051797175986,0.000839246204122901,0.008604856852189405,660.4044786383969,0.1873509746169031,0.18082551050175955
1059.51731444947,0.0030212863348424435,0.008620585808084575,660.6947663213148,0.1437780314218844,0.18138307615659643
1059.9828317229537,0.01191729586571455,0.008554357539735009,660.9850540042328,0.15685001826648115,0.18112599629153517
1060.4483489964377,0.01124589890241623,0.008605912458326157,661.2753416871508,0.20260145279211406,0.18074160712666548
1060.9138662699218,-0.0021820401307195425,0.008672475685602503,661.5656293700688,0.20260145279211406,0.18077399998742213
1061.3793835434058,-0.009567406959831715,0.008678424344194009,661.8559170529867,0.17645773881814852,0.18040852584499864
1061.8449008168895,-0.0068818191066384315,0.008669074618197633,662.1462047359047,0.07623986558351392,0.18057426655814007
1062.3104180903736,-0.0031891355756670237,0.008639258170175761,662.4364924188227,0.17427924748753387,0.18042092061887993
1062.7759353638576,0.0028534370940178633,0.00851029027688334,662.7267801017407,0.18517248328628888,0.18076908218983392
1063.2414526373416,0.008392462506890297,0.008288345849250933,663.0170677846586,0.10238383927270744,0.18006101425307489
1063.7069699108254,-0.0023498893715441227,0.008213801045013921,663.3073554675766,0.18517248328628888,0.1807514188277342
1064.1724871843094,-0.011581597849726677,0.008285422691946867,663.5976431504946,0.1612072606429371,0.17956962707603707
1064.6380044577934,-0.008896009996533394,0.008285422691946867,663.8879308334125,0.15902850959709536,0.1794751187714506
1065.1035217312774,-0.006210422143340111,0.008289314707307462,664.1782185163305,0.1917082169933595,0.17903751417239017
1065.5690390047612,-0.0028534370940178633,0.0082790167471038,664.4685061992485,0.1917082169933595,0.1799390356188047
1066.0345562782452,0.007553216069936752,0.008176611905526966,664.7587938821665,0.11981280877853262,0.17950477997068742
1066.5000735517292,0.012924391776323318,0.008111433075446461,665.0490815650844,0.22003068201316722,0.17737251373719543
1066.965590825213,0.004867628216743469,0.008076299469248305,665.3393692480024,0.15031402484418255,0.17762428657737434
1067.431108098697,-0.004364080261439085,0.008044548030900656,665.6296569309204,0.21785219068255302,0.17722766025065192
1067.896625372181,-0.006210422143340111,0.008039047417512294,665.9199446138384,0.453146135878701,0.17755172867952174
1068.362142645665,-0.0036926832981407642,0.008071945941463802,666.2102322967563,0.17645773881814852,0.17744864619099115
1068.8276599191488,0.0001678492408245802,0.00807729376123473,666.5005199796743,0.17645773881814852,0.17729459857100413
1069.2931771926328,0.0011749446857720613,0.008085113464084318,666.7908076625923,0.18299373224044668,0.17730973453573695
1069.7586944661168,0.0011749446857720613,0.008155153375834829,667.0810953455103,0.1917082169933595,0.17692957978088264
1070.2242117396008,0.007217517588287592,0.008240843935195136,667.3713830284282,0.14813527379834035,0.1763838304825838
1070.6897290130846,0.013931486755609512,0.008379997476452338,667.6616707113462,0.1437780314218844,0.1758216284584222
1071.1552462865686,0.0021820401307195425,0.008487395292671738,667.9519583942642,0.18081498119460448,0.17759817080369117
1071.6207635600526,-0.009231708012521267,0.008454945494559054,668.2422460771822,0.20042296146149985,0.17697579734766494
1072.0862808335366,-0.007888914085924625,0.008327549886202896,668.5325337601001,0.13942078904542798,0.1764334675990499
1072.5517981070204,-0.0005035477224737406,0.00830855728021055,668.8228214430181,0.20260145279211406,0.1768318752748658
1073.0173153805044,0.004531929735094309,0.008321476968713683,669.1131091259361,0.24835314703297495,0.17566918708489576
1073.4828326539885,0.012924391776323318,0.008339177282804444,669.4033968088542,0.17210049644169212,0.17522220199503682
1073.9483499274722,0.009735256433486938,0.008612472666672973,669.693684491772,0.13506354666897158,0.1752849704874969
1074.4138672009562,-0.006210422143340111,0.008822689863551662,669.98397217469,0.05445339398600435,0.1753800930198844
1074.8793844744403,-0.01107805036008358,0.008698985574921865,670.2742598576081,0.13288479562312938,0.1747984294368534
1075.3449017479243,-0.006378271151334047,0.008640309550008466,670.5645475405261,0.19824421041565765,0.17523852610554652
1075.810419021408,-0.0028534370940178633,0.008648229091592918,670.854835223444,0.1917082169933595,0.1748432117204824
1076.275936294892,0.0011749446857720613,0.008635798258318771,671.145122906362,0.10456233060332165,0.17505047657509756
1076.741453568376,0.007721065077930689,0.008685005572815646,671.43541058928,0.17863648986399028,0.17739155283214864
1077.20697084186,0.0005035477224737406,0.008948406451484014,671.725698272198,0.20260145279211406,0.17752652755561632
1077.6724881153439,-0.012252994813024998,0.009178677039523964,672.0159859551159,0.10456233060332165,0.1771212894405864
1078.1380053888279,-0.01359578873962164,0.009200452820866048,672.3062736380339,0.18517248328628888,0.17735603576849637
1078.603522662312,-0.011581597849726677,0.00916914824181324,672.5965613209519,0.18081498119460448,0.1765532684901363
1079.069039935796,-0.008896009996533394,0.00921840767372549,672.8868490038699,0.10020508822686525,0.17615700483613436
1079.5345572092797,0.0038605325389653444,0.009242668313672086,673.1771366867878,0.18299373224044668,0.17584815550511723
1080.0000744827637,0.01107805036008358,0.009201897937537317,673.4674243697058,0.15249251617479676,0.17673382510927507
1080.4655917562477,0.006210422143340111,0.009195142569274839,673.7577120526238,0.20042296146149985,0.1762674028117233
1080.9311090297315,0.0011749446857720613,0.009162325623014656,674.0479997355417,0.13942078904542798,0.17622361160402777
1081.3966263032155,0.0018463416490703821,0.009115651967001115,674.3382874184597,0.11981280877853262,0.1767659617930845
1081.8621435766995,0.0031891355756670237,0.009205330987408191,674.6285751013777,0.13942078904542798,0.17602326133056365
1082.3276608501835,-0.000839246204122901,0.00927202106611976,674.9188627842957,0.1612072606429371,0.17649548694044645
1082.7931781236673,-0.004531929735094309,0.009278493443887662,675.2091504672136,0.1938869680392017,0.1771837734616267
1083.2586953971513,-0.0041962312534451485,0.009279287986065657,675.4994381501316,0.1917082169933595,0.17693764511800184
1083.7242126706353,0.00520332669839263,0.009288477031728384,675.7897258330496,0.14595678246772614,0.17624588816773337
1084.1897299441193,0.012924391776323318,0.009290517807374431,676.0800135159676,0.20260145279211406,0.1761004862476138
1084.6552472176031,0.0021820401307195425,0.009286053028128441,676.3703011988855,0.19606571908504344,0.1764829307843625
1085.1207644910871,-0.01191729586571455,0.009226316188412043,676.6605888818035,0.09149034375872489,0.17628376131050383
1085.5862817645711,-0.01124589890241623,0.009226316188412043,676.9508765647215,0.14595678246772614,0.1761698652845853
1086.051799038055,-0.003524834057316184,0.009346534956229004,677.2411642476395,0.10891957297977806,0.17605589557580625
1086.517316311539,0.002517738612368703,0.00938420835266682,677.5314519305574,0.21785219068255302,0.17581171723211916
1086.982833585023,0.010574501939117908,0.00936803297895278,677.8217396134754,0.1612072606429371,0.1763286507957179
1087.448350858507,0.009903104975819588,0.009516716846640808,678.1120272963934,0.22220943305900942,0.17715635130226445
1087.9138681319907,-0.0001678492408245802,0.00964740549887608,678.4023149793114,0.11327707507146201,0.1768650419869311
1088.3793854054747,-0.009567406959831715,0.009674509879728151,678.6926026622293,0.20913744621441266,0.1774302957570344
1088.8449026789588,-0.01124589890241623,0.00968034597544439,678.9828903451473,0.10891957297977806,0.17734727638569225
1089.3104199524428,-0.004867628216743469,0.009662922482823834,679.2731780280653,0.1612072606429371,0.17890119187224304
1089.7759372259266,0.004531929735094309,0.009722901561696376,679.5634657109833,0.11327707507146201,0.17909447960996605
1090.2414544994106,0.013260089792311192,0.009714231887816116,679.8537533939012,0.21785219068255302,0.17874194362840354
1090.7069717728946,0.006546120624989271,0.009718784431655119,680.1440410768192,0.1415992803760422,0.17797797708411559
1091.1724890463786,-0.004531929735094309,0.009695239948229838,680.4343287597372,0.17645773881814852,0.1785650510095716
1091.6380063198624,-0.00553902518004179,0.009616707086611227,680.7246164426552,0.18299373224044668,0.1783491783765785
1092.1035235933464,-0.0015106431674212217,0.00962196255212954,681.0149041255731,0.1612072606429371,0.17831535189088324
1092.5690408668304,0.000839246204122901,0.009648265161802123,681.3051918084911,0.1938869680392017,0.17796986767474957
1093.0345581403142,0.007888914085924625,0.009632642552480732,681.5954794914092,0.17427924748753387,0.17315923211646048
1093.5000754137982,0.007217517588287592,0.009626367263705393,681.8857671743272,0.15902850959709536,0.17333333526406908
1093.9655926872822,-0.004867628216743469,0.0096274612902804,682.176054857245,0.13288479562312938,0.17306801849968273
1094.4311099607662,-0.011581597849726677,0.009638285454275959,682.466342540163,0.12634880220083122,0.17268828614336662
1094.89662723425,-0.01359578873962164,0.009637957627945606,682.7566302230811,0.18081498119460448,0.17251559165492725
1095.362144507734,-0.016281375661492348,0.009673951920560165,683.0469179059991,0.17645773881814852,0.17241528989402627
1095.827661781218,-0.013931486755609512,0.00964684597415151,683.337205588917,0.2657823762540281,0.17280589049807643
1096.293179054702,-0.008224613033235073,0.009645644956605215,683.627493271835,0.18952972566274529,0.1725869300242239
1096.7586963281858,-0.0068818191066384315,0.00962301604248051,683.917780954753,0.13070604457728718,0.17185870105575585
1097.2242136016698,-0.0021820401307195425,0.009597700493642142,684.2080686376709,0.20260145279211406,0.1721557734201963
1097.6897308751538,0.004867628216743469,0.009600662899297742,684.4983563205889,0.06752538083060111,0.17140177818856692
1098.1552481486378,-0.007217517588287592,0.009595615288543472,684.7886440035069,0.11981280877853262,0.17024627061282513
1098.6207654221216,-0.024505989626049995,0.00951626031073426,685.0789316864249,0.13942078904542798,0.17037441128048778
1099.0862826956056,-0.025009537115693092,0.009473624175849639,685.3692193693428,0.20913744621441266,0.17133395755511538
1099.5517999690896,-0.012924391776323318,0.009459606021227602,685.6595070522608,0.14813527379834035,0.1715035601839636
1100.0173172425734,-0.0031891355756670237,0.009441064045484388,685.9497947351788,0.18952972566274529,0.17162029115875166
1100.4828345160574,0.0038605325389653444,0.009422038473790376,686.2400824180968,0.14813527379834035,0.170898068567114
1100.9483517895414,0.000839246204122901,0.009466534241359145,686.5303701010147,0.13506354666897158,0.17040746576072724
1101.4138690630255,-0.010238803923130035,0.009520893671401418,686.8206577839327,0.3246060573394858,0.171207297750065
1101.8793863365092,-0.02232394926249981,0.00953654749255768,687.1109454668507,0.20260145279211406,0.17086652748044698
1102.3449036099933,-0.022995345294475555,0.009538756023613643,687.4012331497687,0.17645773881814852,0.17059529081958358
1102.8104208834773,-0.01359578873962164,0.009516536977655,687.6915208326866,0.1612072606429371,0.1709144077971668
1103.2759381569613,-0.000839246204122901,0.009478875628590854,687.9818085156046,0.1612072606429371,0.17080731972191734
1103.741455430445,0.010574501939117908,0.009412644136768051,688.2720961985226,0.12417031087021657,0.17049541214746003
1104.206972703929,0.008560311049222946,0.009412644136768051,688.5623838814406,0.11981280877853262,0.17124886115851445
1104.672489977413,-0.0021820401307195425,0.00945384253022796,688.8526715643585,0.22220943305900942,0.17140743702088843
1105.138007250897,-0.009567406959831715,0.009408237307917504,689.1429592472765,0.09149034375872489,0.1713033790687067
1105.6035245243809,-0.0068818191066384315,0.009389748128318972,689.4332469301945,0.1873509746169031,0.17062687072457228
1106.0690417978649,0.004531929735094309,0.009417412366931053,689.7235346131125,0.20913744621441266,0.1761814705280583
1106.534559071349,0.019974060356616974,0.009416070233844664,690.0138222960304,0.15902850959709536,0.17636566471438836
1107.0000763448327,0.021316854283213615,0.009485276249470575,690.3041099789484,0.18081498119460448,0.17673749615297063
1107.4655936183167,0.009903104975819588,0.009614639670260806,690.5943976618664,0.24399590465651855,0.176665199992888
1107.9311108918007,-0.0015106431674212217,0.009652248671157992,690.8846853447844,0.12634880220083122,0.1762855386106198
1108.3966281652847,-0.004531929735094309,0.009644389153846225,691.1749730277023,0.13942078904542798,0.17615716764432668
1108.8621454387685,-0.0021820401307195425,0.009685362977516597,691.4652607106203,0.17210049644169212,0.1760759443340572
1109.3276627122525,0.0005035477224737406,0.009650434452331796,691.7555483935383,0.1873509746169031,0.17565726246631508
1109.7931799857365,0.004867628216743469,0.009648347000188405,692.0458360764563,0.13070604457728718,0.17469876773425697
1110.2586972592205,0.01124589890241623,0.009598111956522834,692.3361237593742,0.1917082169933595,0.17545628415204836
1110.7242145327043,0.015609979629516602,0.009551362452465843,692.6264114422922,0.1917082169933595,0.1753747362338799
1111.1897318061883,0.012924391776323318,0.009547984896591607,692.9166991252102,0.14813527379834035,0.17610429129819014
1111.6552490796723,-0.0038605325389653444,0.009545999163280174,693.2069868081282,0.15902850959709536,0.17581993908214416
1112.1207663531563,-0.01762416958808899,0.009491450627064694,693.4972744910461,0.24835314703297495,0.17581993908214416
1112.5862836266401,-0.016617074608802795,0.009444173153033836,693.7875621739641,0.15249251617479676,0.17533449890538969
1113.0518009001241,-0.01124589890241623,0.009444173153033834,694.0778498568822,0.17863648986399028,0.17537509519574007
1113.5173181736081,-0.0041962312534451485,0.009408978914799773,694.3681375398,0.17645773881814852,0.17523390681336787
1113.982835447092,0.009903104975819588,0.009348337684434526,694.658425222718,0.29192609022799365,0.17589634881876884
1114.448352720576,0.01426718570291996,0.00938880869383902,694.9487129056361,0.18081498119460448,0.17575507524896633
1114.91386999406,0.004531929735094309,0.009445176780011355,695.2390005885541,0.15249251617479676,0.17572933070116567
1115.379387267544,-0.0041962312534451485,0.009440826983860891,695.529288271472,0.08713310138226849,0.17551224204518526
1115.8449045410277,-0.0028534370940178633,0.009471456047422472,695.81957595439,0.1917082169933595,0.17552879537561097
1116.3104218145118,0.0021820401307195425,0.009464447959487548,696.109863637308,0.20042296146149985,0.17499009996124526
1116.7759390879958,0.00587472366169095,0.009459439004136344,696.400151320226,0.14595678246772614,0.17475268174714678
1117.2414563614798,0.008560311049222946,0.009470010358769015,696.6904390031439,0.18517248328628888,0.1746974660314688
1117.7069736349636,0.002517738612368703,0.009521253188775808,696.9807266860619,0.15685001826648115,0.17452472372478423
1118.1724909084476,-0.000839246204122901,0.00954213685427532,697.2710143689799,0.1938869680392017,0.17423169056712373
1118.6380081819316,-0.0015106431674212217,0.009522691100334806,697.5613020518979,0.14595678246772614,0.174042562968772
1119.1035254554154,-0.004867628216743469,0.009544233741329101,697.8515897348158,0.13942078904542798,0.17409034221596592
1119.5690427288994,-0.000839246204122901,0.009582888448635208,698.1418774177338,0.17427924748753387,0.1746926433739343
1120.0345600023834,0.01124589890241623,0.0094984388007452,698.4321651006518,0.13506354666897158,0.17413454939614834
1120.5000772758674,0.0117494473233819,0.009393070476963777,698.7224527835698,0.1873509746169031,0.17435347734775722
1120.9655945493512,-0.0015106431674212217,0.009329955597725701,699.0127404664877,0.15685001826648115,0.1733123746667709
1121.4311118228352,-0.006210422143340111,0.009306332771677082,699.3030281494057,0.11545556640207622,0.17443678164661022
1121.8966290963192,-0.0031891355756670237,0.009286620081889317,699.5933158323237,0.17427924748753387,0.17407848615515925
1122.3621463698032,-0.002517738612368703,0.00928934156039118,699.8836035152417,0.11545556640207622,0.17385410895218234
1122.827663643287,-0.0031891355756670237,0.009291042079725764,700.1738911981596,0.13942078904542798,0.17441041585978473
1123.293180916771,-0.0021820401307195425,0.009265160502298166,700.4641788810776,0.18517248328628888,0.1750094576743782
1123.758698190255,-0.0028534370940178633,0.008984291244027349,700.7544665639956,0.2309239178119218,0.1752810726498663
1124.224215463739,0.0031891355756670237,0.008689309498317765,701.0447542469136,0.09584784585040884,0.1753802472256064
1124.6897327372228,0.009231708012521267,0.008624708140307484,701.3350419298315,0.14813527379834035,0.17562502545994801
1125.1552500107068,-0.0015106431674212217,0.00863032362346332,701.6253296127495,0.11327707507146201,0.1759066638504988
1125.6207672841908,-0.009903104975819588,0.008631787932062592,701.9156172956675,0.1372420379995858,0.17570495046761297
1126.0862845576746,-0.010574501939117908,0.008640934233239977,702.2059049785855,0.20042296146149985,0.17575303307040002
1126.5518018311586,-0.009567406959831715,0.008584806205944904,702.4961926615034,0.13942078904542798,0.173768161288614
1127.0173191046426,-0.0021820401307195425,0.008356903109189179,702.7864803444214,0.17645773881814852,0.17367522091772805
1127.4828363781266,0.010238803923130035,0.008059001955506953,703.0767680273394,0.15031402484418255,0.17339341581509032
1127.9483536516104,0.01040665339678526,0.007994049944618898,703.3670557102574,0.17427924748753387,0.17498244671940907
1128.4138709250944,-0.0005035477224737406,0.00802691968021671,703.6573433931753,0.14595678246772614,0.17467152057970084
1128.8793881985785,-0.008896009996533394,0.007967524344096344,703.9476310760933,0.1938869680392017,0.17524132266797351
1129.3449054720625,-0.009903104975819588,0.007924446839211513,704.2379187590113,0.19824421041565765,0.17549627514196248
1129.8104227455462,-0.00553902518004179,0.00794687628680697,704.5282064419292,0.13942078904542798,0.17481720829329866
1130.2759400190303,0.0011749446857720613,0.007915670154866924,704.8184941248472,0.12417031087021657,0.1760147720694061
1130.7414572925143,0.007553216069936752,0.007889014511872027,705.1087818077652,0.47493260747621013,0.17546315533117238
1131.2069745659983,-0.000839246204122901,0.007887278777051384,705.3990694906832,0.14595678246772614,0.17594030248870995
1131.672491839482,-0.012252994813024998,0.007652230651731335,705.6893571736011,0.18299373224044668,0.17609553484509713
1132.138009112966,-0.016281375661492348,0.007375966365674421,705.9796448565191,0.15249251617479676,0.1755546612205926
1132.60352638645,-0.009903104975819588,0.007318771637803793,706.2699325394371,0.15249251617479676,0.17538933554601302
1133.0690436599339,0.0011749446857720613,0.007334584140233287,706.5602202223552,0.17863648986399028,0.17520867732391313
1133.5345609334179,0.010574501939117908,0.007388093503676254,706.850507905273,0.13506354666897158,0.17516120312860933
1134.000078206902,0.009735256433486938,0.007417969658387425,707.140795588191,0.15902850959709536,0.1753292703050689
1134.465595480386,0.0006713969632983208,0.0074229373264993225,707.4310832711091,0.050096151609547945,0.17447717859262435
1134.9311127538697,-0.006210422143340111,0.007422937326499322,707.7213709540271,0.1917082169933595,0.17485315199004955
1135.3966300273537,-0.00553902518004179,0.007427759886591056,708.011658636945,0.13506354666897158,0.1745281418857246
1135.8621473008377,-0.0023498893715441227,0.00757712660979018,708.301946319863,0.19824421041565765,0.17471509968301374
1136.3276645743217,-0.0015106431674212217,0.007702850288721225,708.592234002781,0.1917082169933595,0.17425753684008086
1136.7931818478055,-0.000839246204122901,0.007710230169955006,708.882521685699,0.1612072606429371,0.17415059693200755
1137.2586991212895,-0.0015106431674212217,0.0075288794949529255,709.1728093686169,0.17645773881814852,0.1725680341506783
1137.7242163947735,0.0001678492408245802,0.007356145566536279,709.4630970515349,0.11981280877853262,0.17276070681220074
1138.1897336682575,0.004531929735094309,0.007300094099927855,709.7533847344529,0.19606571908504344,0.1722573874778744
1138.6552509417413,-0.0021820401307195425,0.00734932374341316,710.0436724173709,0.1917082169933595,0.17174678467293691
1139.1207682152253,-0.010238803923130035,0.0073335430243603615,710.3339601002888,0.1437780314218844,0.1706904259390603
1139.5862854887093,-0.011581597849726677,0.007215985047029296,710.6242477832068,0.10891957297977806,0.1707121244617325
1140.0518027621931,-0.012924391776323318,0.007241245800869638,710.9145354661248,0.19824421041565765,0.17132216673973047
1140.5173200356771,-0.010238803923130035,0.007331585993655017,711.2048231490428,0.1437780314218844,0.17182318337375335
1140.9828373091611,0.002517738612368703,0.007365982212212767,711.4951108319607,0.10456233060332165,0.17141999299317334
1141.4483545826452,0.004531929735094309,0.007377983007078003,711.7853985148787,0.15685001826648115,0.1707895301013715
1141.913871856129,-0.004867628216743469,0.007361888186697817,712.0756861977967,0.15467126722063895,0.17142724015119842
1142.379389129613,-0.010238803923130035,0.007317404424201618,712.3659738807147,0.17645773881814852,0.17114445201073578
1142.844906403097,-0.010238803923130035,0.007322871804677347,712.6562615636326,0.13942078904542798,0.17116323979244616
1143.310423676581,-0.003524834057316184,0.007412501383655201,712.9465492465506,0.13506354666897158,0.17116323979244616
1143.7759409500648,0.008224613033235073,0.007510321283103512,713.2368369294686,0.13942078904542798,0.17106369898395524
1144.2414582235488,0.014602883718907833,0.007512424513901061,713.5271246123865,0.19606571908504344,0.1714910058961348
1144.7069754970328,0.003524834057316184,0.007512424513901062,713.8174122953045,0.10891957297977806,0.17133367287133036
1145.1724927705166,-0.007217517588287592,0.007436333459449864,714.1076999782225,0.19824421041565765,0.1715447942214757
1145.6380100440006,-0.008224613033235073,0.007354248254179466,714.3979876611405,0.17863648986399028,0.17158977950831317
1146.1035273174846,-0.004531929735094309,0.007356306625729924,714.6882753440584,0.2788543630986253,0.17203705400254046
1146.5690445909686,-0.0028534370940178633,0.007402690970332559,714.9785630269764,-0.06101495742384122,0.172270871859626
1147.0345618644524,0.0031891355756670237,0.007397140205634829,715.2688507098944,0.18081498119460448,0.17211425172712339
1147.5000791379364,0.00520332669839263,0.007442987096861416,715.5591383928124,0.15902850959709536,0.17228000851951208
1147.9655964114204,-0.000839246204122901,0.00746926041034036,715.8494260757303,0.1917082169933595,0.1723655941919798
1148.4311136849044,-0.007217517588287592,0.007481095533381105,716.1397137586483,0.17210049644169212,0.1724781446313996
1148.8966309583882,-0.008224613033235073,0.007495160598997692,716.4300014415663,0.21785219068255302,0.17171689973996065
1149.3621482318722,-0.0068818191066384315,0.007492771400795745,716.7202891244843,0.17645773881814852,0.17202916330652443
1149.8276655053562,-0.004531929735094309,0.00744581664031146,717.0105768074022,0.21567343963671082,0.17277272918860836
1150.2931827788402,-0.0041962312534451485,0.00750569210017709,717.3008644903202,0.11981280877853262,0.17303657214629822
1150.758700052324,-0.0041962312534451485,0.007583170650645026,717.5911521732382,0.1415992803760422,0.17295901302430058
1151.224217325808,0.0011749446857720613,0.007555899607358931,717.8814398561562,0.17645773881814852,0.17236557970290833
1151.689734599292,0.009231708012521267,0.0074990940993186934,718.1717275390741,0.1938869680392017,0.17234923734603833
1152.1552518727758,0.0023498893715441227,0.007496284673771337,718.4620152219921,0.1437780314218844,0.1716895232984425
1152.6207691462598,-0.008560311049222946,0.007445533740634756,718.7523029049102,0.29192609022799365,0.17176287851748684
1153.0862864197438,-0.007553216069936752,0.00740718902903538,719.0425905878282,0.11981280877853262,0.17193632903984138
1153.5518036932278,-0.0031891355756670237,0.00740789993263384,719.332878270746,0.1917082169933595,0.1717473845826411
1154.0173209667116,0.0001678492408245802,0.007437696520196431,719.623165953664,0.15467126722063895,0.17126944284749526
1154.4828382401956,0.006546120624989271,0.007385259683019215,719.9134536365821,0.15467126722063895,0.17117721891972137
1154.9483555136796,0.006210422143340111,0.007401926217929127,720.2037413195001,0.2309239178119218,0.17116076309870676
1155.4138727871637,-0.0015106431674212217,0.007422813179841665,720.494029002418,0.11981280877853262,0.17143006342163908
1155.8793900606474,-0.0041962312534451485,0.00738725594975849,720.784316685336,0.24835314703297495,0.16658565775374923
1156.3449073341314,-0.0028534370940178633,0.00738725594975849,721.074604368254,0.17645773881814852,0.16645140617550505
1156.8104246076155,-0.0031891355756670237,0.007316342838848135,721.364892051172,0.11109832402561981,0.16634277836845648
1157.2759418810995,-0.0028534370940178633,0.007190946797139626,721.6551797340899,0.2309239178119218,0.16628797355089944
1157.7414591545833,0.00520332669839263,0.00713291454355098,721.9454674170079,0.09584784585040884,0.16628797355089944
1158.2069764280673,0.010238803923130035,0.007132176230684904,722.2357550999259,0.13288479562312938,0.16569742526920792
1158.6724937015513,0.007217517588287592,0.007059204565227068,722.5260427828439,0.18952972566274529,0.16651935832615083
1159.138010975035,0.0028534370940178633,0.006996204878140574,722.8163304657618,0.05663214503184655,0.16801924525450893
1159.603528248519,0.004867628216743469,0.007002693914479394,723.1066181486798,0.17645773881814852,0.16852361777225383
1160.069045522003,0.011581597849726677,0.007025817438368214,723.3969058315978,0.15685001826648115,0.16921339975090074
1160.534562795487,0.02198825031518936,0.007009608925753221,723.6871935145157,0.20913744621441266,0.16965595684197113
1161.0000800689709,0.01930266246199608,0.007015015923887169,723.9774811974337,0.06970387216121532,0.16985454581779236
1161.4655973424549,0.00520332669839263,0.0070364526929065346,724.2677688803517,0.14595678246772614,0.17020151970941683
1161.931114615939,-0.0038605325389653444,0.007047669687108553,724.5580565632697,-0.05447896400154306,0.17148671687719313
1162.396631889423,-0.0010070954449474812,0.007052898178690036,724.8483442461876,0.17427924748753387,0.17152913130489517
1162.8621491629067,0.006210422143340111,0.007053794102398684,725.1386319291056,0.11545556640207622,0.17287258071891617
1163.3276664363907,0.009735256433486938,0.007040343274182963,725.4289196120236,0.11109832402561981,0.17386734452538813
1163.7931837098747,0.008560311049222946,0.007045427715809941,725.7192072949416,0.21567343963671082,0.17431221690666418
1164.2587009833587,0.004531929735094309,0.007020718794264844,726.0094949778595,0.18299373224044668,0.17426315938517598
1164.7242182568425,0.007721065077930689,0.007001189740386036,726.2997826607775,0.2134949483060966,0.17598917590572175
1165.1897355303265,0.01258869282901287,0.0069443017911765235,726.5900703436955,0.1612072606429371,0.1755803931688381
1165.6552528038105,0.007888914085924625,0.0068995680927294465,726.8803580266135,0.14813527379834035,0.17681457980231025
1166.1207700772943,0.004867628216743469,0.006907196311457756,727.1706457095314,0.13070604457728718,0.1779847572506446
1166.5862873507783,0.0030212863348424435,0.0069052137854966784,727.4609333924494,0.2113161972602544,0.17879040139129726
1167.0518046242623,0.0018463416490703821,0.006893459440759231,727.7512210753674,0.15467126722063895,0.18012945201629402
1167.5173218977463,0.0038605325389653444,0.006876020009737434,728.0415087582854,0.15902850959709536,0.18155992313825692
1167.9828391712301,0.01191729586571455,0.006804480562996711,728.3317964412033,0.1938869680392017,0.18275652444340051
1168.4483564447141,0.01258869282901287,0.006877302701264684,728.6220841241213,0.13288479562312938,0.18631943978400461
1168.9138737181981,0.00520332669839263,0.006902525027508542,728.9123718070393,0.1873509746169031,0.18771643987423725
1169.3793909916822,-0.000839246204122901,0.006789295009121512,729.2026594899573,0.15685001826648115,0.18923737671567067
1169.844908265166,-0.0021820401307195425,0.006792862018280231,729.4929471728752,0.1612072606429371,0.19079859625830953
1170.31042553865,-0.0028534370940178633,0.006767230974792433,729.7832348557932,0.1917082169933595,0.19247903756114706
1170.775942812134,0.0023498893715441227,0.006724765333261835,730.0735225387112,0.20260145279211406,0.19376894169681944
1171.241460085618,0.010574501939117908,0.006759347421953635,730.3638102216293,0.14813527379834035,0.19308325579009736
1171.7069773591018,0.0011749446857720613,0.006848566675349165,730.6540979045471,0.15685001826648115,0.19504565459903372
1172.1724946325858,-0.008896009996533394,0.006860090890809182,730.9443855874651,0.13942078904542798,0.1954681987468646
1172.6380119060698,-0.007217517588287592,0.006844874829128889,731.2346732703832,0.15031402484418255,0.1969872603142921
1173.1035291795536,-0.004867628216743469,0.006920316209956106,731.5249609533012,0.19606571908504344,0.2014163604821661
1173.5690464530376,-0.00553902518004179,0.007066306493181656,731.815248636219,0.15902850959709536,0.20250223703175738
1174.0345637265216,0.002517738612368703,0.0070394269539839705,732.1055363191371,0.1437780314218844,0.20389943846964892
1174.5000810000056,0.0031891355756670237,0.007030893676871639,732.3958240020551,0.22220943305900942,0.20402807381401328
1174.9655982734894,-0.009903104975819588,0.007035236462174583,732.6861116849731,0.15031402484418255,0.2050905081534995
1175.4311155469734,-0.01493858266621828,0.00702669809511048,732.976399367891,0.12634880220083122,0.20769104281575013
1175.8966328204574,-0.008224613033235073,0.007015147308555277,733.266687050809,0.13506354666897158,0.21075451830356481
1176.3621500939414,-0.0001678492408245802,0.007032241723989178,733.556974733727,0.1372420379995858,0.21261685294193075
1176.8276673674252,0.0005035477224737406,0.006985357590087924,733.8472624166449,0.08277585900581208,0.21349783202780473
1177.2931846409092,-0.004867628216743469,0.006984848709446918,734.1375500995629,0.15902850959709536,0.2152826595071844
1177.7587019143932,-0.0068818191066384315,0.006967486868291606,734.4278377824809,0.1917082169933595,0.21658392834870646
1178.224219187877,0.0011749446857720613,0.006976456262898632,734.7181254653989,0.11981280877853262,0.21859965822071986
1178.689736461361,0.01124589890241623,0.007018599543635961,735.0084131483168,0.1415992803760422,0.22056732802106419
1179.155253734845,0.0038605325389653444,0.0071022842192553235,735.2987008312348,0.18952972566274529,0.22275409011940367
1179.620771008329,-0.007553216069936752,0.007201100531811719,735.5889885141528,0.1372420379995858,0.22428295786779673
1180.0862882818128,-0.00587472366169095,0.007295403723472379,735.8792761970708,0.15902850959709536,0.22569892143550502
1180.5518055552968,-0.000839246204122901,0.007313571250348901,736.1695638799887,0.22438818410485117,0.22896296238232972
1181.0173228287808,0.000839246204122901,0.007308817452591724,736.4598515629067,0.12852755324667298,0.23053120387914344
1181.4828401022648,0.006210422143340111,0.00731486720412803,736.7501392458247,0.17210049644169212,0.23353868309453557
1181.9483573757486,0.008392462506890297,0.007414401567074719,737.0404269287427,0.14595678246772614,0.23669866156023422
1182.4138746492326,0.0030212863348424435,0.007466774808677379,737.3307146116606,0.15249251617479676,0.23960432820745567
1182.8793919227166,-0.0005035477224737406,0.00745553501282697,737.6210022945786,0.10456233060332165,0.24343778094233104
1183.3449091962007,0.0010070954449474812,0.007390409697570252,737.9112899774966,0.21785219068255302,0.24562977811889455
1183.8104264696844,0.0001678492408245802,0.00741942485005741,738.2015776604146,0.28103285442923953,0.24868504046898504
1184.2759437431685,0.0031891355756670237,0.007475849560209765,738.4918653433325,0.1437780314218844,0.25249129222663325
1184.7414610166525,0.008560311049222946,0.007464006119021586,738.7821530262505,0.24835314703297495,0.2550728190888655
1185.2069782901362,0.002517738612368703,0.007379570948769387,739.0724407091685,0.18517248328628888,0.25825634276995085
1185.6724955636203,-0.0036926832981407642,0.007072172769431495,739.3627283920865,0.21567343963671082,0.2606856291370284
1186.1380128371043,-0.00587472366169095,0.006845144101766923,739.6530160750044,0.22220943305900942,0.2630753299426554
1186.6035301105883,-0.0041962312534451485,0.0068934403610705006,739.9433037579224,0.2701396186304845,0.2668251327278341
1187.069047384072,-0.0031891355756670237,0.007013852283848588,740.2335914408404,0.18081498119460448,0.2706596856647503
1187.534564657556,-0.0011749446857720613,0.007041670831745429,740.5238791237584,0.25271038940943136,0.2733345679583921
1188.00008193104,0.0005035477224737406,0.007016198163804871,740.8141668066763,0.2744971207221689,0.2752295469689559
1188.465599204524,-0.003524834057316184,0.0069582599403418,741.1044544895943,0.2309239178119218,0.27896607170832927
1188.9311164780079,-0.008224613033235073,0.006908892453287063,741.3947421725123,-0.1372676080151245,0.28389634816552195
1189.396633751492,-0.010238803923130035,0.0069703583099971645,741.6850298554303,0.2766756120527831,0.28742013835203933
1189.862151024976,-0.009063859470188618,0.0073292871768919675,741.9753175383482,0.15467126722063895,0.28901090772593957
1190.32766829846,-0.006210422143340111,0.007571303819898673,742.2656052212662,0.25924638283172996,0.29007142812389497
1190.7931855719437,-0.0041962312534451485,0.007547479298869894,742.5558929041842,0.23528141990360618,0.2938092181855698
1191.2587028454277,-0.0041962312534451485,0.007568103721551786,742.8461805871023,0.23528141990360618,0.2970416404628324
1191.7242201189117,0.002517738612368703,0.0076112088852400926,743.1364682700201,0.2744971207221689,0.30072526948987793
1192.1897373923955,0.008896009996533394,0.00761992159892111,743.4267559529382,0.29410484127383585,0.30356166345653723
1192.6552546658795,-0.0003356984816491604,0.007610845640301155,743.7170436358562,0.25706789150111575,0.3067563316665064
1193.1207719393635,-0.010910200886428356,0.007524559190119736,744.007331318774,0.39867995688492686,0.3090957762455192
1193.5862892128475,-0.010238803923130035,0.007426926820217636,744.297619001692,0.2744971207221689,0.3130406539948314
1194.0518064863313,-0.0068818191066384315,0.007431605065942933,744.5879066846101,0.31589131287134586,0.31651068031233814
1194.5173237598153,-0.0041962312534451485,0.007540917858383499,744.8781943675281,0.2744971207221689,0.32089062614956104
1194.9828410332993,0.0038605325389653444,0.007588724148169512,745.168482050446,0.3289632997159422,0.3239043635949964
1195.4483583067833,0.002517738612368703,0.007585809078587651,745.458769733364,0.29192609022799365,0.32658737215614964
1195.9138755802671,-0.008392462506890297,0.007583257473479526,745.749057416282,0.22220943305900942,0.32847204824020343
1196.3793928537511,-0.0117494473233819,0.007520358936260995,746.0393450992,0.29192609022799365,0.3313853256206127
1196.8449101272352,-0.00520332669839263,0.00754343143794797,746.3296327821179,0.22438818410485117,0.3340923602173639
1197.3104274007192,0.0021820401307195425,0.0076260525610057864,746.6199204650359,0.29846208365029225,0.3376889230294836
1197.775944674203,0.010574501939117908,0.007712569103614642,746.9102081479539,0.47493260747621013,0.3428978504781863
1198.241461947687,0.016449226066470146,0.007698268504229382,747.2004958308719,0.2766756120527831,0.34608477896897155
1198.706979221171,0.00520332669839263,0.007700593944940599,747.4907835137898,0.3289632997159422,0.34824890706556144
1199.1724964946548,-0.00587472366169095,0.007705789451137948,747.7810711967078,0.1917082169933595,0.3572942116919723
1199.6380137681388,-0.00520332669839263,0.007701329048444447,748.0713588796258,0.30499807707259086,0.3594057930284426
1200.1035310416228,-0.0021820401307195425,0.007641746061653363,748.3616465625438,0.3594642560663641,0.36187700240960813
1200.5690483151068,0.0005035477224737406,0.00751037388520106,748.6519342454617,0.39650146555431265,0.3639010350773765
1201.0345655885906,0.00520332669839263,0.0074688021425127656,748.9422219283797,0.3398565355146972,0.3668787221614415
1201.5000828620746,0.0038605325389653444,0.007498356731726993,749.2325096112977,0.2788543630986253,0.36960801462657716
1201.9656001355586,-0.0021820401307195425,0.007519676159480168,749.5227972942157,0.32024855524780227,0.37304869951210595
1202.4311174090426,-0.0068818191066384315,0.00750537638504305,749.8130849771336,0.38125072766387413,0.37676343267939416
1202.8966346825264,-0.008392462506890297,0.007502569311874667,750.1033726600516,0.3289632997159422,0.3790979474332611
1203.3621519560104,-0.008560311049222946,0.007658456093747967,750.3936603429696,0.3594642560663641,0.38174336991874164
1203.8276692294944,-0.01124589890241623,0.007784489832896762,750.6839480258876,0.3572857647357499,0.383525409331597
1204.2931865029784,-0.013931486755609512,0.007796251697128911,750.9742357088055,0.31153407049488946,0.38805948511692323
1204.7587037764622,-0.01359578873962164,0.007780429896538359,751.2645233917235,0.34857102026761,0.3901820782430436
1205.2242210499462,-0.00553902518004179,0.007782866113239038,751.5548110746415,0.41610918610598047,0.39406532552095025
1205.6897383234302,0.0031891355756670237,0.007789899792498602,751.8450987575595,0.3725362429109613,0.3947005223876111
1206.155255596914,-0.0041962312534451485,0.007789899792498603,752.1353864404774,0.4248236708588924,0.3969297101365823
1206.620772870398,-0.012924391776323318,0.0077668814429147975,752.4256741233954,0.41393043506013827,0.3994270831634258
1207.086290143882,-0.009567406959831715,0.007726451360392699,752.7159618063134,0.4487888935022446,0.40332756211327553
1207.551807417366,-0.0030212863348424435,0.007721764204936624,753.0062494892314,0.4553248869245423,0.4051664154851563
1208.0173246908498,0.0011749446857720613,0.007814417273199538,753.2965371721493,0.3638214984428205,0.4079517286404751
1208.4828419643338,0.009903104975819588,0.00787625463540542,753.5868248550673,0.4444316511257882,0.4109323995814876
1208.9483592378178,0.009903104975819588,0.007888413739305095,753.8771125379853,0.4553248869245423,0.4125492150842632
1209.4138765113019,0.0021820401307195425,0.007887796215034151,754.1674002209032,0.41393043506013827,0.41569008620386483
1209.8793937847856,-0.0001678492408245802,0.00785238293588544,754.4576879038212,0.4466104021716304,0.41771690771225434
1210.3449110582696,0.0028534370940178633,0.00787408139671126,754.7479755867392,0.4226451795282782,0.4190135622933201
1210.8104283317537,0.00587472366169095,0.007980451760558909,755.0382632696573,0.3725362429109613,0.4208696330275091
1211.2759456052374,0.009903104975819588,0.00799073908154305,755.3285509525751,0.48364735194435005,0.4227984535499905
1211.7414628787214,0.013931486755609512,0.0080498323028129,755.6188386354931,0.4727541161455959,0.42404657989061373
1212.2069801522055,0.006546120624989271,0.00823608189606471,755.9091263184112,0.431359664281191,0.42512615293481765
1212.6724974256895,-0.0005035477224737406,0.008329541629820999,756.1994140013292,0.3529282626440664,0.4282442024343133
1213.1380146991733,-0.0028534370940178633,0.008384238188681224,756.489701684247,0.48364735194435005,0.43091472407593956
1213.6035319726573,-0.0001678492408245802,0.008403686401584424,756.7799893671651,0.5860437165095997,0.43249652836414154
1214.0690492461413,0.010574501939117908,0.008367891932696292,757.0702770500831,0.49889783011956146,0.4344436326982593
1214.5345665196253,0.024673838168382645,0.008356934651629315,757.3605647330011,0.3790722363332599,0.43520093822901335
1215.000083793109,0.023331044241786003,0.008496991449743526,757.650852415919,0.30281932602674866,0.43731661185350773
1215.465601066593,0.004867628216743469,0.008700196216342358,757.941140098837,0.5054338235418601,0.43783234544748695
1215.931118340077,-0.007553216069936752,0.008843913105146702,758.231427781755,0.47057536509975373,0.4391460278307761
1216.396635613561,-0.008896009996533394,0.008913662211057811,758.521715464673,0.5293990461852114,0.44008502179913966
1216.8621528870449,-0.0041962312534451485,0.008915670650771305,758.8120031475909,0.4553248869245423,0.4408809818610593
1217.327670160529,-0.0003356984816491604,0.008874466122000062,759.1022908305089,0.48364735194435005,0.44292994309331934
1217.793187434013,-0.0015106431674212217,0.008896942108026589,759.3925785134269,0.4378956577034896,0.4440389864010313
1218.2587047074967,-0.0015106431674212217,0.008864328139006238,759.6828661963449,0.5293990461852114,0.44440421391257573
1218.7242219809807,0.00587472366169095,0.008808906175363895,759.9731538792628,0.5185058103864564,0.4449702515923685
1219.1897392544647,0.013260089792311192,0.008789156311877785,760.2634415621808,0.5686147470037741,0.4459751728129657
1219.6552565279487,0.009063859470188618,0.008781288905573366,760.5537292450988,0.48364735194435005,0.44627485305774695
1220.1207738014325,0.0018463416490703821,0.008791717318570829,760.8440169280168,0.4727541161455959,0.44724961957893083
1220.5862910749165,0.0011749446857720613,0.008793753609798435,761.1343046109347,0.41610918610598047,0.44791229784019493
1221.0518083484005,0.0031891355756670237,0.008774644825468986,761.4245922938527,0.47711135852205233,0.44903590412396904
1221.5173256218845,0.006210422143340111,0.00876066533067427,761.7148799767707,0.4662181227232973,0.450123406012446
1221.9828428953683,0.014602883718907833,0.008746226992945527,762.0051676596887,0.5272202951393692,0.4524094138004647
1222.4483601688523,0.013931486755609512,0.008807067707535863,762.2954553426066,0.6339739020810744,0.45304212260132154
1222.9138774423363,0.0003356984816491604,0.008803359737927506,762.5857430255246,0.5228630527629128,0.45167300102464014
1223.3793947158204,-0.00587472366169095,0.008671321856208933,762.8760307084426,0.431359664281191,0.45321201607192835
1223.8449119893041,-0.0038605325389653444,0.00865685616895813,763.1663183913605,0.838767150642028,0.4530416803609512
1224.3104292627881,-0.001678492408245802,0.008671807673805182,763.4566060742785,0.4596821293009987,0.4537930135504687
1224.7759465362722,0.0005035477224737406,0.008675814670378056,763.7468937571965,0.4618608803468409,0.4538205777391447
1225.241463809756,0.0031891355756670237,0.00868273149150822,764.0371814401145,0.41610918610598047,0.4539527090861113
1225.70698108324,-0.0010070954449474812,0.00873521679154262,764.3274691230324,0.5010765811654037,0.454308109436933
1226.172498356724,-0.0068818191066384315,0.008786234942291221,764.6177568059504,0.48364735194435005,0.45371036359766975
1226.638015630208,-0.00587472366169095,0.008841441655841095,764.9080444888684,0.5293990461852114,0.4533320939742648
1227.1035329036918,0.000839246204122901,0.00883965464560008,765.1983321717864,0.5686147470037741,0.45232388680392405
1227.5690501771758,0.006546120624989271,0.008889555139388654,765.4886198547043,0.47493260747621013,0.45100881927313063
1228.0345674506598,0.01594567857682705,0.008853182256813271,765.7789075376223,0.47929010956789453,0.4507704949051761
1228.5000847241438,0.018295567482709885,0.008856274785066542,766.0691952205403,0.40739470135306766,0.45120695911362996
1228.9656019976276,0.00587472366169095,0.008793618857548948,766.3594829034583,0.640509895503373,0.451696673878174
1229.4311192711116,-0.00553902518004179,0.00870840900109432,766.6497705863762,0.442252900079946,0.45164128291916456
1229.8966365445956,-0.006210422143340111,0.008661721279508419,766.9400582692942,0.5925797099318975,0.45175367646439846
1230.3621538180796,-0.003524834057316184,0.008730392636712336,767.2303459522122,0.3224273062936436,0.45074092610464195
1230.8276710915634,-0.000839246204122901,0.008770472815909331,767.5206336351303,0.453146135878701,0.45025253781721125
1231.2931883650474,0.0005035477224737406,0.008761461744225527,767.8109213180481,0.49236183669726286,0.4499576733353836
1231.7587056385314,-0.0018463416490703821,0.008692672342847877,768.1012090009662,0.5969372120235819,0.45031066274737264
1232.2242229120152,0.0011749446857720613,0.008644072212454456,768.3914966838842,0.4270024219047346,0.44981608460200806
1232.6897401854992,0.012420844286680222,0.00864719384696017,768.6817843668022,0.5032550724960179,0.4492773243523315
1233.1552574589832,0.010238803923130035,0.008654498635250802,768.97207204972,0.5555427601591769,0.449378021180826
1233.6207747324672,0.004531929735094309,0.008608130288658823,769.2623597326381,0.47057536509975373,0.4487165656572005
1234.086292005951,0.0030212863348424435,0.008561510819095708,769.5526474155561,0.5468282754062641,0.44795190155643244
1234.551809279435,0.0036926832981407642,0.008636103128161971,769.8429350984741,0.49236183669726286,0.4461659370485419
1235.017326552919,0.006546120624989271,0.008821913868330237,770.133222781392,0.38778672108617185,0.4441366850947431
1235.482843826403,0.013931486755609512,0.008856349114964053,770.42351046431,0.4618608803468409,0.4431664422361044
1235.9483610998868,0.007217517588287592,0.00883992271793469,770.713798147228,0.4727541161455959,0.4420300252742677
1236.4138783733708,-0.010910200886428356,0.00879045936329016,771.004085830146,0.431359664281191,0.440415277919412
1236.8793956468548,-0.018295567482709885,0.00868680923405924,771.2943735130639,0.3616430071122063,0.43871825958348537
1237.3449129203386,-0.012924391776323318,0.008669211252407692,771.5846611959819,0.5904012186012833,0.4371072745848136
1237.8104301938226,-0.009903104975819588,0.00872914094274075,771.8749488788999,0.5664359959579319,0.4362135861787561
1238.2759474673067,-0.0068818191066384315,0.008800517884353508,772.1652365618179,0.4466104021716304,0.43459064859207175
1238.7414647407907,-0.0018463416490703821,0.008814867296606065,772.4555242447358,0.4466104021716304,0.4317113149731754
1239.2069820142744,-0.009231708012521267,0.008756125838375595,772.7458119276538,0.38342947870971633,0.4290584039289065
1239.6724992877585,-0.018295567482709885,0.008433227322692414,773.0360996105718,0.47057536509975373,0.427610036302607
1240.1380165612425,-0.020309757441282272,0.008127323240255632,773.3263872934897,0.3398565355146972,0.4266342608069521
1240.6035338347265,-0.016952773556113243,0.00814363505955391,773.6166749764077,0.4226451795282782,0.4238387166219427
1241.0690511082103,-0.012252994813024998,0.0081597851939562,773.9069626593257,0.3790722363332599,0.4213921070461122
1241.5345683816943,-0.0031891355756670237,0.00811902531523135,774.1972503422437,0.38778672108617185,0.418673786313709
1242.0000856551783,-0.000839246204122901,0.008236481479735842,774.4875380251616,0.5293990461852114,0.4165580988417006
1242.4656029286623,-0.006546120624989271,0.008388523786832157,774.7778257080796,0.41393043506013827,0.41392837595800497
1242.931120202146,-0.007553216069936752,0.00846165392101395,775.0681133909976,0.4400744087493318,0.411771762634906
1243.39663747563,-0.0001678492408245802,0.00847732245608754,775.3584010739156,0.3594642560663641,0.4085832709287913
1243.862154749114,0.0031891355756670237,0.00847732245608754,775.6486887568335,0.442252900079946,0.40549706171080047
1244.3276720225979,-0.001678492408245802,0.008411593949385366,775.9389764397515,0.3224273062936436,0.4022945180148829
1244.793189296082,-0.00587472366169095,0.008373443796141501,776.2292641226695,0.4487888935022446,0.3996660966054528
1245.258706569566,-0.0031891355756670237,0.008437722116791823,776.5195518055875,0.38560822975555764,0.39719536660974747
1245.72422384305,0.00587472366169095,0.008494822031670016,776.8098394885054,0.39650146555431265,0.3966597838744988
1246.1897411165337,0.010574501939117908,0.008497425267101476,777.1001271714234,0.4357171663728754,0.39520011992923776
1246.6552583900177,0.0001678492408245802,0.008476204240170725,777.3904148543414,0.5206843017170706,0.39263270497914665
1247.1207756635017,-0.010910200886428356,0.00835806883148714,777.6807025372594,0.38778672108617185,0.38945288034338377
1247.5862929369857,-0.010238803923130035,0.008251540573939837,777.9709902201773,0.30499807707259086,0.38540221028556687
1248.0518102104695,-0.004867628216743469,0.008266795168614042,778.2612779030953,0.47493260747621013,0.38252245170048566
1248.5173274839535,0.0005035477224737406,0.008414911362142886,778.5515655860133,0.30281932602674866,0.38028515035470134
1248.9828447574375,0.007888914085924625,0.008494264107317363,778.8418532689313,0.3311417910465564,0.37164495765758293
1249.4483620309215,0.00587472366169095,0.008493101614678712,779.1321409518492,0.30935531944904726,0.36898867221034526
1249.9138793044053,-0.0041962312534451485,0.008495581406676975,779.4224286347672,0.37689348528741773,0.3677104814804653
1250.3793965778893,-0.009903104975819588,0.008490124908209376,779.7127163176852,0.4378956577034896,0.36677703728074945
1250.8449138513733,-0.01107805036008358,0.008492605569388858,780.0030040006033,0.2396386622800626,0.3664254713440608
1251.3104311248571,-0.010910200886428356,0.008510073712225591,780.2932916835211,0.20260145279211406,0.36588739692317884
1251.7759483983411,0.0011749446857720613,0.008505988638849245,780.5835793664392,0.06970387216121532,0.3642684048332053
1252.2414656718252,0.01191729586571455,0.008542683975382336,780.8738670493572,0.13506354666897158,0.3632290904378975
1252.7069829453092,0.0011749446857720613,0.008605698279951274,781.1641547322752,0.29192609022799365,0.36260114096419366
1253.172500218793,-0.008896009996533394,0.008495209471168483,781.4544424151931,0.41393043506013827,0.3610692768786188
1253.638017492277,-0.0028534370940178633,0.008310331784193421,781.7447300981111,0.4182879371518218,0.3606136339682734
1254.103534765761,0.00587472366169095,0.008296633110885089,782.0350177810291,0.30281932602674866,0.3578717278748395
1254.569052039245,0.009903104975819588,0.008297696199555641,782.3253054639471,0.3638214984428205,0.35859555601674376
1255.0345693127288,0.01258869282901287,0.008276519797522464,782.615593146865,0.2744971207221689,0.3563645241760331
1255.5000865862128,0.009231708012521267,0.00828682086229499,782.905880829783,0.30281932602674866,0.35798257421624685
1255.9656038596968,-0.000839246204122901,0.008308145316051065,783.196168512701,0.38996547213201405,0.3574451340718802
1256.4311211331808,-0.006210422143340111,0.008325241457050625,783.4864561956189,0.453146135878701,0.35642109064188554
1256.8966384066646,-0.0011749446857720613,0.00832347015601319,783.7767438785369,0.39214396346262825,0.35464815368437624
1257.3621556801486,0.0038605325389653444,0.008367010839033713,784.0670315614549,0.39432271450847045,0.35489947088088997
1257.8276729536326,0.0038605325389653444,0.008313974613133709,784.3573192443729,0.37689348528741773,0.35635686214817736
1258.2931902271164,0.003524834057316184,0.008257537365246762,784.6476069272908,0.3660002494886627,0.355834852609048
1258.7587075006004,0.003524834057316184,0.00828732921778862,784.9378946102088,0.3660002494886627,0.3562238335417861
1259.2242247740844,0.01191729586571455,0.008375896139540857,785.2281822931268,0.021773686589740215,0.3561306134776789
1259.6897420475684,0.018631266430020332,0.008470875131903503,785.5184699760448,0.07841861662935568,0.35677946870969
1260.1552593210522,0.008560311049222946,0.008497688640789194,785.8087576589627,-0.29413041128937456,0.35765566967250634
1260.6207765945362,-0.0018463416490703821,0.0084604247082652,786.0990453418807,-0.1764833088336868,0.3599337324623567
1261.0862938680202,-0.0021820401307195425,0.008577257889938817,786.3893330247987,0.28539035652092304,0.35923254681049016
1261.5518111415042,0.0005035477224737406,0.0085492157029959,786.6796207077167,0.25271038940943136,0.36019146256665713
1262.017328414988,0.0031891355756670237,0.008372578997017892,786.9699083906346,0.1873509746169031,0.36287439818897815
1262.482845688472,0.010574501939117908,0.008280113886723567,787.2601960735526,0.20260145279211406,0.3632460083231556
1262.948362961956,0.01191729586571455,0.008287869303678336,787.5504837564706,0.28756884785153725,0.3614356796750891
1263.41388023544,0.00520332669839263,0.008359990246010607,787.8407714393886,0.2766756120527831,0.3647012482112749
1263.8793975089238,-0.0011749446857720613,0.00841649130949727,788.1310591223065,0.06752538083060111,0.36477658784096645
1264.3449147824078,-0.0038605325389653444,0.008375974709817848,788.4213468052245,0.10456233060332165,0.3676487855423396
1264.8104320558919,-0.0015106431674212217,0.008214089528120352,788.7116344881425,0.050096151609547945,0.3708821960068703
1265.2759493293756,0.007217517588287592,0.008006441249092397,789.0019221710605,0.03266692238849478,0.3756354598264492
1265.7414666028596,0.009231708012521267,0.007849146458580245,789.2922098539784,0.013059201836827405,0.3758945189363708
1266.2069838763437,-0.0028534370940178633,0.007839613785420117,789.5824975368964,0.18952972566274529,0.37753156239746277
1266.6725011498277,-0.01493858266621828,0.007864562191119187,789.8727852198144,0.13506354666897158,0.38029887228374687
1267.1380184233115,-0.016449226066470146,0.007864160425496723,790.1630729027324,0.015237693167441613,0.3816564957579898
1267.6035356967955,-0.011581597849726677,0.007864160425496723,790.4533605856503,-0.03487124344987569,0.3816786372765258
1268.0690529702795,-0.00553902518004179,0.007914489210133,790.7436482685683,0.019594935543898018,0.38177345971523174
1268.5345702437635,0.00587472366169095,0.007918214395784951,791.0339359514863,-0.004370027384225761,0.38350634968679403
1269.0000875172473,0.007553216069936752,0.007952059881325167,791.3242236344043,0.21567343963671082,0.38318883247018626
1269.4656047907313,-0.0036926832981407642,0.007990063544653512,791.6145113173222,0.09149034375872489,0.38497872589170107
1269.9311220642153,-0.010910200886428356,0.007984706764126834,791.9047990002402,0.11327707507146201,0.38440009933908753
1270.396639337699,-0.010238803923130035,0.007983519545225337,792.1950866831583,0.3572857647357499,0.3863394195958738
1270.862156611183,-0.0038605325389653444,0.007981276538709158,792.4853743660763,0.3224273062936436,0.3891890359723914
1271.327673884667,-0.0001678492408245802,0.007969391286292071,792.7756620489941,-0.030514001073419283,0.3889884403280826
1271.793191158151,-0.0006713969632983208,0.007976656603779924,793.0659497319122,0.10891957297977806,0.3873955189633338
1272.258708431635,-0.0021820401307195425,0.007911427929381449,793.3562374148302,0.25706789150111575,0.38853003203605907
1272.724225705119,0.00520332669839263,0.007854109602785955,793.646525097748,-0.19173404672412575,0.389738581665929
1273.189742978603,0.01728847250342369,0.007852232024778777,793.9368127806661,-0.05883620637799902,0.3892874381192847
1273.655260252087,0.01258869282901287,0.007906367555141926,794.2271004635841,0.09149034375872489,0.3914081055574434
1274.1207775255707,0.000839246204122901,0.007898954255990385,794.5173881465021,-0.028335250027577086,0.3943421328067076
1274.5862947990547,-0.0021820401307195425,0.007887345546615559,794.80767582942,0.3354992931382408,0.39835135351718487
1275.0518120725387,0.0005035477224737406,0.007942965647160898,795.097963512338,0.31589131287134586,0.39930564085883913
1275.5173293460227,0.0023498893715441227,0.008019158166561995,795.388251195256,0.4727541161455959,0.39989814143666014
1275.9828466195065,0.008896009996533394,0.00795939064572218,795.678538878174,0.4378956577034896,0.4014869653020566
1276.4483638929905,0.00520332669839263,0.00791201033157034,795.9688265610919,0.39214396346262825,0.4039494177321484
1276.9138811664745,-0.008224613033235073,0.007939119422142659,796.2591142440099,0.49236183669726286,0.4075601754991339
1277.3793984399583,-0.01258869282901287,0.007855902950273991,796.5494019269279,0.420466428482436,0.41057970481468364
1277.8449157134423,-0.007217517588287592,0.007905618215420672,796.8396896098459,0.3333205420923986,0.413197141761237
1278.3104329869263,-0.0015106431674212217,0.007952374432728665,797.1299772927638,0.3616430071122063,0.4140002338124085
1278.7759502604104,0.0031891355756670237,0.007981062103100487,797.4202649756818,0.4466104021716304,0.41483390394635833
1279.2414675338941,0.0057068741880357265,0.007968119169974483,797.7105526585998,0.5010765811654037,0.4163390557402394
1279.7069848073781,-0.0010070954449474812,0.007957008477299432,798.0008403415178,0.4248236708588924,0.418125971114108
1280.1725020808622,-0.00553902518004179,0.007945004074975809,798.2911280244357,0.47711135852205233,0.4197783777886621
1280.6380193543462,-0.006210422143340111,0.007956528663749228,798.5814157073537,0.40521595030722546,0.4212429622942168
1281.10353662783,-0.00553902518004179,0.007957455203589849,798.8717033902717,0.40521595030722546,0.4211500215766693
1281.569053901314,-0.0005035477224737406,0.007950702226357237,799.1619910731897,0.47057536509975373,0.4221618498155371
1282.034571174798,0.008896009996533394,0.007967904399383864,799.4522787561076,0.4487888935022446,0.4233593217830814
1282.500088448282,0.007721065077930689,0.008113299360754425,799.7425664390256,0.6034729457306525,0.4240866393639385
1282.9656057217658,-0.0021820401307195425,0.008250008774355807,800.0328541219436,0.5185058103864564,0.4260793676204481
1283.4311229952498,-0.008560311049222946,0.008327644772498054,800.3231418048616,0.5010765811654037,0.42748257935346
1283.8966402687338,-0.012924391776323318,0.008347224843536236,800.6134294877795,0.5402922819839664,0.42907891157230144
1284.3621575422176,-0.01359578873962164,0.008280718094216787,800.9037171706975,0.5402922819839664,0.42985502114101987
1284.8276748157016,-0.009567406959831715,0.008135208151113977,801.1940048536155,0.4662181227232973,0.4319724732264214
1285.2931920891856,-0.01124589890241623,0.008096666286563694,801.4842925365335,0.6230809259975474,0.4320573277858624
1285.7587093626696,-0.016281375661492348,0.008121992174832865,801.7745802194514,0.41175194372952406,0.43469390299841454
1286.2242266361534,-0.008224613033235073,0.008171764107820808,802.0648679023694,0.5097910659183165,0.4359606821342013
1286.6897439096374,0.0038605325389653444,0.008189144971206796,802.3551555852874,0.5816864741331433,0.4374956540558257
1287.1552611831214,-0.0015106431674212217,0.008184642365984058,802.6454432682053,0.6143661815294075,0.439006455712102
1287.6207784566054,-0.010574501939117908,0.00812419633809978,802.9357309511233,0.4248236708588924,0.4445823432831898
1288.0862957300892,-0.013260089792311192,0.008075174665642284,803.2260186340413,0.6731898626148651,0.44527549049108284
1288.5518130035732,-0.010238803923130035,0.008060292425014557,803.5163063169593,0.453146135878701,0.44612120747401574
1289.0173302770572,-0.003524834057316184,0.008112390647813517,803.8065939998772,0.6100089391529511,0.448999779064111
1289.4828475505412,0.0068818191066384315,0.008104207398755748,804.0968816827952,0.6906188321206899,0.44999626822365124
1289.948364824025,0.007217517588287592,0.0081755008983606,804.3871693657132,0.7036908189652871,0.4520570065568357
1290.413882097509,-0.004531929735094309,0.008209568573594178,804.6774570486313,0.4466104021716304,0.45363281538956784
1290.879399370993,-0.011581597849726677,0.008199555809900115,804.9677447315491,0.525041544093527,0.45632312281982673
1291.3449166444768,-0.007217517588287592,0.008198528167883535,805.2580324144672,0.6121876901987933,0.45759898552022893
1291.8104339179608,-0.0001678492408245802,0.008143230920277423,805.5483200973852,0.6252594173281616,0.45905130246803766
1292.2759511914448,0.006546120624989271,0.008099218686143161,805.8386077803032,0.41610918610598047,0.46077153900411255
1292.7414684649289,0.01191729586571455,0.008021472643417791,806.128895463221,0.4487888935022446,0.4630620680478294
1293.2069857384126,0.002517738612368703,0.008042976828424307,806.4191831461391,0.5206843017170706,0.46495105595689995
1293.6725030118967,-0.008224613033235073,0.008033149740571895,806.7094708290571,0.41175194372952406,0.4661102533142927
1294.1380202853807,-0.008224613033235073,0.008003596080458654,806.9997585119751,0.5010765811654037,0.4677794895714072
1294.6035375588647,-0.005035477224737406,0.008087718363285958,807.290046194893,0.39214396346262825,0.46873340496239074
1295.0690548323485,-0.0028534370940178633,0.008271205285999818,807.580333877811,0.5555427601591769,0.470275282592676
1295.5345721058325,0.00553902518004179,0.008267384362370492,807.870621560729,0.6274384280892318,0.47051786923129807
1296.0000893793165,0.009567406959831715,0.008265982916450323,808.160909243647,0.41610918610598047,0.4709453088547697
1296.4656066528005,0.003524834057316184,0.008272987771999089,808.4511969265649,0.3725362429109613,0.47223201707858137
1296.9311239262843,-0.0028534370940178633,0.008274658508862411,808.7414846094829,0.49454058774310505,0.4728598074926841
1297.3966411997683,-0.0028534370940178633,0.008272112489447403,809.0317722924009,0.4400744087493318,0.47388107561435927
1297.8621584732523,0.004531929735094309,0.00827631300165432,809.3220599753189,0.4335384153270332,0.47458516275044754
1298.327675746736,0.009567406959831715,0.008111059761163176,809.6123476582368,0.5185058103864564,0.4761307368932248
1298.79319302022,0.007049668114632368,0.008052415881704444,809.9026353411548,0.5969372120235819,0.4766968180629123
1299.258710293704,0.0038605325389653444,0.008230293361525611,810.1929230240728,0.6601178757702679,0.47779107699984424
1299.724227567188,0.010574501939117908,0.008505926683068188,810.4832107069908,0.4727541161455959,0.47801592981345487
1300.189744840672,0.015106432139873505,0.008701179713546779,810.7734983899087,0.49236183669726286,0.4789327668589841
1300.655262114156,0.004531929735094309,0.00878070417009494,811.0637860728267,0.4400744087493318,0.4774968671746405
1301.12077938764,-0.006210422143340111,0.008841664991896139,811.3540737557447,0.5032550724960179,0.47670695361668963
1301.586296661124,-0.0068818191066384315,0.008984174005722694,811.6443614386627,0.5642572449120897,0.47648152994524606
1302.0518139346077,0.0011749446857720613,0.008973617150195413,811.9346491215806,0.5315775375158256,0.4749753246290255
1302.5173312080917,0.009231708012521267,0.008901498513516544,812.2249368044986,0.5620787535814755,0.47404868473571576
1302.9828484815757,0.01258869282901287,0.008876616897920292,812.5152244874166,0.49236183669726286,0.4742271884075983
1303.4483657550595,0.007553216069936752,0.008923478577235772,812.8055121703345,0.49889783011956146,0.4738813453675819
1303.9138830285435,-0.003524834057316184,0.008972912925438998,813.0957998532525,0.47493260747621013,0.47333113188645315
1304.3794003020275,-0.008896009996533394,0.008966645761886261,813.3860875361705,0.5402922819839664,0.4717550684016627
1304.8449175755115,-0.0117494473233819,0.008966249330216966,813.6763752190885,0.4727541161455959,0.47109640959245097
1305.3104348489953,-0.010238803923130035,0.008958023086973464,813.9666629020064,0.4727541161455959,0.46972003861071415
1305.7759521224793,-0.0015106431674212217,0.008955906546246057,814.2569505849244,0.3790722363332599,0.46935632022888596
1306.2414693959633,0.00520332669839263,0.008944138865195479,814.5472382678424,0.5446495243604228,0.46821175103132495
1306.7069866694474,-0.00553902518004179,0.009011812308502157,814.8375259507604,0.5119698169641587,0.4667634465330267
1307.1725039429311,-0.016281375661492348,0.009040283600529957,815.1278136336783,0.47057536509975373,0.46482288299157226
1307.6380212164152,-0.01594567857682705,0.009015858022852565,815.4181013165963,0.5686147470037741,0.4611704929745919
1308.1035384898992,-0.012252994813024998,0.0090240315440893,815.7083889995143,0.5119698169641587,0.4585450792596395
1308.5690557633832,-0.0068818191066384315,0.009000073847829767,815.9986766824323,0.5293990461852114,0.45599168483237007
1309.034573036867,0.004867628216743469,0.008925337310399708,816.2889643653502,0.2679611272998703,0.453016209964713
1309.500090310351,0.009567406959831715,0.008911520344429848,816.5792520482682,0.4487888935022446,0.4500819646490734
1309.965607583835,0.002517738612368703,0.00892785924916925,816.8695397311863,0.30717682811843305,0.44790696825489384
1310.4311248573188,-0.0068818191066384315,0.008886355688810396,817.1598274141043,0.525041544093527,0.44458143509957526
1310.8966421308028,-0.009567406959831715,0.008746588262168469,817.4501150970221,0.4466104021716304,0.4428842315917658
1311.3621594042868,-0.00553902518004179,0.008749598085348115,817.7404027799402,0.4553248869245423,0.4401820519455173
1311.8276766777708,-0.0015106431674212217,0.008764511553130834,818.0306904628582,0.420466428482436,0.4367403794779578
1312.2931939512546,-0.002517738612368703,0.008786115091177046,818.3209781457762,0.7537997555826039,0.43268326366589704
1312.7587112247386,-0.007553216069936752,0.008782398275280566,818.6112658286941,0.38560822975555764,0.43162613311309544
1313.2242284982226,0.0011749446857720613,0.00869937906724336,818.9015535116121,0.39650146555431265,0.427121926876763
1313.6897457717066,0.009567406959831715,0.008643265011904409,819.1918411945301,0.5293990461852114,0.42528282702283665
1314.1552630451904,-0.000839246204122901,0.00864606718366928,819.4821288774481,0.3267845486701,0.42163944795779595
1314.6207803186744,-0.01124589890241623,0.008646067183669282,819.772416560366,0.4487888935022446,0.41675132770411155
1315.0862975921584,-0.010574501939117908,0.008622280777786857,820.062704243284,0.39214396346262825,0.4112612981129722
1315.5518148656424,-0.008224613033235073,0.008643432556609352,820.352991926202,0.5119698169641587,0.40901490667925156
1316.0173321391262,-0.002517738612368703,0.008686096918093631,820.64327960912,0.40085870793076905,0.4059363786274
1316.4828494126102,0.01124589890241623,0.008676634076865523,820.9335672920379,0.40085870793076905,0.4016282650615836
1316.9483666860942,0.013931486755609512,0.008682094666859675,821.2238549749559,0.41175194372952406,0.3972046169078147
1317.413883959578,0.0001678492408245802,0.008661569303191402,821.5141426578739,0.47711135852205233,0.3952567560581168
1317.879401233062,-0.008224613033235073,0.008589574200560937,821.8044303407919,0.4335384153270332,0.39289096116649624
1318.344918506546,-0.0041962312534451485,0.008604887417849665,822.0947180237098,0.3398565355146972,0.38981301099650634
1318.81043578003,0.002517738612368703,0.008645183976631008,822.3850057066278,0.4618608803468409,0.3879126635224296
1319.2759530535138,0.01258869282901287,0.008676922353455714,822.6752933895458,0.3224273062936436,0.38507682519160463
1319.7414703269978,0.020981155335903168,0.00867432745634438,822.9655810724637,0.40957319268368186,0.38477886969154845
1320.2069876004819,0.009903104975819588,0.008670684184051673,823.2558687553817,0.38996547213201405,0.3812814740593437
1320.6725048739659,-0.003524834057316184,0.008656704101111927,823.5461564382997,0.38342947870971633,0.3766239191661388
1321.1380221474496,-0.003524834057316184,0.008610592261189822,823.8364441212177,0.3616430071122063,0.3747679773285746
1321.6035394209337,-0.0018463416490703821,0.008672263116685314,824.1267318041356,0.2744971207221689,0.37342346545271404
1322.0690566944177,0.0005035477224737406,0.00884648801730908,824.4170194870536,0.41175194372952406,0.3707053145137447
1322.5345739679017,0.00587472366169095,0.008864803379125546,824.7073071699716,0.3289632997159422,0.3687766130136303
1323.0000912413855,0.0030212863348424435,0.00887014813041066,824.9975948528896,0.40085870793076905,0.36682440124228777
1323.4656085148695,-0.007553216069936752,0.008831116694308092,825.2878825358075,0.25706789150111575,0.3638558921034988
1323.9311257883535,-0.01762416958808899,0.008804795270680153,825.5781702187255,0.3354992931382408,0.359784106783998
1324.3966430618373,-0.02232394926249981,0.008819615403657237,825.8684579016435,0.3681790005345049,0.35428996316494943
1324.8621603353213,-0.01896696351468563,0.0088784113142403,826.1587455845615,0.4400744087493318,0.3518754665968995
1325.3276776088053,-0.012420844286680222,0.008841635232675905,826.4490332674794,0.2766756120527831,0.3495410953407527
1325.7931948822893,-0.013931486755609512,0.008833292940190094,826.7393209503974,0.3333205420923986,0.347483136188141
1326.258712155773,-0.01728847250342369,0.008829118838474755,827.0296086333154,0.3616430071122063,0.344839634668648
1326.724229429257,-0.0068818191066384315,0.008822316788627993,827.3198963162334,0.29846208365029225,0.341450345733798
1327.189746702741,0.004531929735094309,0.008828164480764957,827.6101839991513,0.28756884785153725,0.3382985925735304
1327.6552639762251,-0.0021820401307195425,0.008785470744116989,827.9004716820693,0.3594642560663641,0.33453061208641216
1328.120781249709,-0.009567406959831715,0.008705672271043652,828.1907593649873,0.30935531944904726,0.3318789014999276
1328.586298523193,-0.010238803923130035,0.008687748817589165,828.4810470479053,0.3790722363332599,0.3291869727864797
1329.051815796677,-0.004531929735094309,0.008687748817589165,828.7713347308232,0.30281932602674866,0.3264606584747853
1329.5173330701607,-0.0005035477224737406,0.008764872043034347,829.0616224137412,0.337677784468855,0.32347044562093347
1329.9828503436447,0.0038605325389653444,0.00870550591857194,829.3519100966593,0.29846208365029225,0.32118858432499026
1330.4483676171287,0.00587472366169095,0.008701875694946917,829.6421977795773,0.3572857647357499,0.3188100467727194
1330.9138848906127,-0.0028534370940178633,0.008819690033440686,829.9324854624952,0.22220943305900942,0.31767062236217314
1331.3794021640965,-0.011413748376071453,0.008853777071288512,830.2227731454132,0.2766756120527831,0.3141794868902191
1331.8449194375805,-0.011581597849726677,0.00883770341788527,830.5130608283312,0.08931185242811068,0.3110739902130476
1332.3104367110645,-0.003524834057316184,0.008732684468211393,830.8033485112492,0.04791740056370575,0.3086005448238882
1332.7759539845486,0.004531929735094309,0.008598995046003793,831.0936361941671,0.10238383927270744,0.304697934002583
1333.2414712580323,0.00520332669839263,0.008582076079472489,831.3839238770851,0.03484567343433698,0.301344668136895
1333.7069885315163,-0.004867628216743469,0.008666705194797375,831.6742115600031,0.050096151609547945,0.29800512544058805
1334.1725058050004,-0.01258869282901287,0.008690370006521989,831.9644992429211,-0.09151617348949115,0.29791563669136806
1334.6380230784844,-0.01107805036008358,0.008645412390661184,832.254786925839,-0.09151617348949115,0.2957159735566333
1335.1035403519681,-0.0068818191066384315,0.008647483133535604,832.545074608757,-0.26580794626956683,0.2951993409200457
1335.5690576254522,-0.0011749446857720613,0.008674843455312664,832.835362291675,-0.09151617348949115,0.2918274778009094
1336.0345748989362,0.008560311049222946,0.008640050510968078,833.1256499745929,-0.06755095084613982,0.2896130475664258
1336.50009217242,0.006546120624989271,0.00863627082766751,833.4159376575109,-0.12419588088575528,0.2869178594931503
1336.965609445904,-0.006546120624989271,0.008684429525004077,833.7062253404289,-0.004370027384225761,0.2871308036795897
1337.431126719388,-0.010238803923130035,0.00871167381793417,833.9965130233469,-0.2875944178670764,0.279117685439606
1337.896643992872,-0.004531929735094309,0.00868770335100457,834.2868007062648,-0.19826978043119636,0.2782520660432017
1338.3621612663558,-0.000839246204122901,0.00873955626199759,834.5770883891828,-0.19391253805473996,0.2766070085718903
1338.8276785398398,-0.0041962312534451485,0.008766509091169375,834.8673760721008,-0.20480577385349497,0.27216517999185985
1339.2931958133238,-0.0068818191066384315,0.00876951208140037,835.1576637550188,-0.19609128910058216,0.2713165637246122
1339.7587130868078,-0.0028534370940178633,0.00876554792251409,835.4479514379367,-0.09369466482010536,0.2689759412584174
1340.2242303602916,0.007721065077930689,0.008728703565425586,835.7382391208547,0.04791740056370575,0.2673713717369026
1340.6897476337756,0.014602883718907833,0.008693156987774018,836.0285268037727,-0.08498018006719299,0.2638839963629157
1341.1552649072596,0.00587472366169095,0.008704296012758817,836.3188144866907,-0.05012172162508666,0.26185460147293144
1341.6207821807436,-0.0031891355756670237,0.0086365147345793,836.6091021696086,-0.11330264508700072,0.26016111833299344
1342.0862994542274,-0.0021820401307195425,0.00854049530009738,836.8993898525266,-0.08933742244364895,0.2582364124285775
1342.5518167277114,0.0030212863348424435,0.008545472876261694,837.1896775354446,-0.043585728202788054,0.25529657634953534
1343.0173340011954,0.00587472366169095,0.008569595376634861,837.4799652183626,-0.11548113641761493,0.2530562730303339
1343.4828512746792,0.01191729586571455,0.008560741945660845,837.7702529012805,-0.10676665166470212,0.2518871535153019
1343.9483685481632,0.01124589890241623,0.008588378612725118,838.0605405841985,-0.1285531232622117,0.24933728701945315
1344.4138858216472,0.004531929735094309,0.008530299938254203,838.3508282671165,-0.35948982608190283,0.2488007720898063
1344.8794030951312,0.0011749446857720613,0.008288329957492591,838.6411159500345,-0.14816084381387906,0.24768042917938554
1345.344920368615,0.0021820401307195425,0.008238623047762766,838.9314036329524,-0.1263743722163695,0.2459899823239629
1345.810437642099,0.002517738612368703,0.008300948085150889,839.2216913158704,-0.15469683723617766,0.24440547876757945
1346.275954915583,0.01124589890241623,0.008328940983128657,839.5119789987884,-0.1764833088336868,0.2428442215099085
1346.741472189067,0.018295567482709885,0.008332733675137245,839.8022666817064,-0.16776882408077443,0.2423071899998688
1347.2069894625508,0.006546120624989271,0.008359108344374273,840.0925543646243,-0.20262728252288031,0.24005577575345913
1347.6725067360348,-0.00553902518004179,0.008363768878700065,840.3828420475423,-0.1851980533018276,0.23973434111929295
1348.1380240095189,-0.0041962312534451485,0.008359061096104362,840.6731297304603,-0.19173404672412575,0.23783979537233738
1348.6035412830029,-0.0001678492408245802,0.008359061096104362,840.9634174133784,-0.20262728252288031,0.23850137208733543
1349.0690585564867,0.006546120624989271,0.008259816936252084,841.2537050962962,-0.1263743722163695,0.2375456001661158
1349.5345758299707,0.01493858266621828,0.007973701750082886,841.5439927792142,-0.20262728252288031,0.23596293475776484
1350.0000931034547,0.01258869282901287,0.007797399912677637,841.8342804621323,-0.25927195284726823,0.2334229598683239
1350.4656103769385,0.0021820401307195425,0.007720792350473152,842.1245681450503,-0.20044853147703856,0.2329578229506902
1350.9311276504225,-0.00553902518004179,0.007603819510647509,842.4148558279682,-0.23966423229560085,0.23209879553488047
1351.3966449239065,-0.00587472366169095,0.0074187328102876295,842.7051435108862,-0.2636294549389526,0.2304938303997394
1351.8621621973905,-0.003524834057316184,0.0074350410048959715,842.9954311938042,-0.2309497475426885,0.2298514708360039
1352.3276794708743,-0.0021820401307195425,0.007543326724496439,843.2857188767221,-0.21134176727579312,0.22970233929577852
1352.7931967443583,-0.0030212863348424435,0.007585652886769367,843.5760065596401,-0.2309497475426885,0.2284609322563845
1353.2587140178423,-0.004867628216743469,0.007532008893564208,843.8662942425581,-0.24184298334144305,0.2278090572508691
1353.7242312913263,0.003524834057316184,0.007471780493530845,844.1565819254761,-0.1851980533018276,0.2260544903862344
1354.18974856481,0.01493858266621828,0.007459365841868102,844.446869608394,-0.28977316891291816,0.22536691111894838
1354.655265838294,0.00520332669839263,0.007459277595740878,844.737157291312,-0.257093461516654,0.22437091572210635
1355.120783111778,-0.009903104975819588,0.0074513665008314476,845.02744497423,-0.24620022571789946,0.22389175391745855
1355.5863003852621,-0.01493858266621828,0.00743055980142469,845.317732657148,-0.257093461516654,0.22257987669369353
1356.051817658746,-0.009567406959831715,0.007476958921413797,845.6080203400659,-0.24620022571789946,0.22272725626516832
1356.51733493223,0.0005035477224737406,0.007505376392926535,845.8983080229839,-0.2331282388733027,0.2225314770206325
1356.982852205714,0.008224613033235073,0.00743431497068428,846.1885957059019,-0.23966423229560085,0.22356771479614046
1357.4483694791977,0.002517738612368703,0.007429496672249798,846.4788833888199,-0.25927195284726823,0.22463202891242134
1357.9138867526817,-0.010910200886428356,0.007416727242003016,846.7691710717378,-0.21134176727579312,0.22578598496348576
1358.3794040261657,-0.01426718570291996,0.00740905501930158,847.0594587546558,-0.257093461516654,0.22714798178310627
1358.8449212996497,-0.008224613033235073,0.007403509024606521,847.3497464375738,-0.257093461516654,0.2283401899066813
1359.3104385731335,-0.0028534370940178633,0.007383280723481293,847.6400341204918,-0.24837871704851366,0.22940675767739016
1359.7759558466175,0.0031891355756670237,0.007425384474107939,847.9303218034097,-0.24837871704851366,0.23084074086927026
1360.2414731201015,0.009903104975819588,0.007422547149506352,848.2206094863277,-0.2527362191401976,0.23031405572533992
1360.7069903935856,0.00520332669839263,0.0074256681468325815,848.5108971692457,-0.24837871704851366,0.23139328404438758
1361.1725076670693,-0.004867628216743469,0.007381568753372723,848.8011848521637,-0.20262728252288031,0.2324170317631645
1361.6380249405534,-0.009567406959831715,0.007359563067914154,849.0914725350816,-0.43574273638841365,0.23306044909400062
1362.1035422140374,-0.007553216069936752,0.00737885730898292,849.3817602179996,-0.2875944178670764,0.2336684402361932
1362.5690594875211,-0.003524834057316184,0.007441111957807327,849.6720479009176,-0.3115596405104277,0.2332914751268746
1363.0345767610052,0.009903104975819588,0.0074551111835079314,849.9623355838356,-0.24402147467205726,0.23327426622146274
1363.5000940344892,0.01191729586571455,0.007460389413855774,850.2526232667535,-0.13944635906096625,0.2336299057914753
1363.9656113079732,-0.002517738612368703,0.007464200127916366,850.5429109496715,-0.23966423229560085,0.23387785750899448
1364.431128581457,-0.010910200886428356,0.007436634428121199,850.8331986325895,-0.257093461516654,0.23449739222552188
1364.896645854941,-0.006546120624989271,0.00743153419538161,851.1234863155075,-0.24837871704851366,0.23505436116601477
1365.362163128425,0.0011749446857720613,0.007433181525795009,851.4137739984254,-0.2527362191401976,0.23636399801225116
1365.827680401909,0.00520332669839263,0.007334332868387553,851.7040616813434,-0.21569900965224953,0.2365261147849392
1366.2931976753928,0.000839246204122901,0.007320246542137639,851.9943493642614,-0.257093461516654,0.23767123453304723
1366.7587149488768,-0.0041962312534451485,0.00735684351989651,852.2846370471793,-0.25055746809435586,0.23862983848443425
1367.2242322223608,0.0030212863348424435,0.00736885919789082,852.5749247300973,-0.257093461516654,0.23942050285849403
1367.6897494958448,0.010574501939117908,0.00737252079624864,852.8652124130153,-0.257093461516654,0.2405429940706517
1368.1552667693286,0.0011749446857720613,0.007361798787185009,853.1555000959333,-0.2287709964968463,0.2413982395269144
1368.6207840428126,-0.007553216069936752,0.007287368920038,853.4457877788512,-0.2767011820683214,0.24241193127760116
1369.0863013162966,-0.007217517588287592,0.007242718308425441,853.7360754617692,-0.2745226907377072,0.24319932005206474
1369.5518185897804,-0.0021820401307195425,0.007236026060965937,854.0263631446873,-0.3289888697314809,0.24200489109856074
1370.0173358632644,0.0031891355756670237,0.007262758048115527,854.3166508276053,-0.25055746809435586,0.24249714105144252
1370.4828531367484,0.01107805036008358,0.00726623757839831,854.6069385105232,-0.2527362191401976,0.24331507077672004
1370.9483704102324,0.007888914085924625,0.0072734812548416695,854.8972261934412,-0.2222350030745477,0.24393783057247026
1371.4138876837162,-0.0031891355756670237,0.0072116781079691085,855.1875138763592,-0.21787776069809173,0.24444097505674553
1371.8794049572002,-0.0068818191066384315,0.0069968634728418315,855.4778015592772,-0.2309497475426885,0.244902966693235
1372.3449222306842,-0.006546120624989271,0.006971378159823396,855.7680892421951,-0.3028451557575149,0.2441387596601379
1372.8104395041682,-0.000839246204122901,0.007025555108391807,856.0583769251131,-0.2527362191401976,0.2444837663419773
1373.275956777652,0.007553216069936752,0.0070624861251700165,856.3486646080311,-0.31591688288688413,0.244800380736334
1373.741474051136,0.011581597849726677,0.007063380832737551,856.6389522909491,-0.2527362191401976,0.24499665181389282
1374.20699132462,0.0011749446857720613,0.0070403806770743356,856.929239973867,-0.23530698991914445,0.24559673070930618
1374.672508598104,-0.007888914085924625,0.006899091049040139,857.219527656785,-0.257093461516654,0.24577368607146222
1375.1380258715878,-0.00520332669839263,0.0068095091243083675,857.509815339703,-0.2309497475426885,0.24547161379253893
1375.6035431450719,-0.0015106431674212217,0.0068078075688079885,857.800103022621,-0.2614507038931104,0.2467637178656627
1376.0690604185559,-0.0011749446857720613,0.006798828687902429,858.0903907055389,-0.2265922454510041,0.24680362447034715
1376.5345776920396,0.008560311049222946,0.00677943721856908,858.3806783884569,-0.23966423229560085,0.2465554471738034
1377.0000949655237,0.013931486755609512,0.006930011583301942,858.6709660713749,-0.2745226907377072,0.24663316304544558
1377.4656122390077,0.008560311049222946,0.007199692637828402,858.9612537542929,-0.2614507038931104,0.24778094565281708
1377.9311295124917,-0.0021820401307195425,0.007290638048334716,859.2515414372108,-0.2527362191401976,0.2476882735279329
1378.3966467859755,-0.0028534370940178633,0.007279506081445708,859.5418291201288,-0.24184298334144305,0.24781074952830467
1378.8621640594595,0.000839246204122901,0.007281097404232732,859.8321168030468,-0.24184298334144305,0.24807698470398015
1379.3276813329435,-0.0003356984816491604,0.0071366049319099715,860.1224044859648,-0.257093461516654,0.24740655993153468
1379.7931986064275,-0.0015106431674212217,0.007134390909708951,860.4126921688827,-0.257093461516654,0.2462159161803283
1380.2587158799113,0.0011749446857720613,0.007087736691981188,860.7029798518007,-0.25491471047081227,0.24607777272361775
1380.7242331533953,0.009063859470188618,0.006950896080232567,860.9932675347187,-0.2374854812497591,0.24539862737378088
1381.1897504268793,0.013260089792311192,0.006901018079330893,861.2835552176367,-0.25927195284726823,0.245260023577088
1381.6552677003633,0.004531929735094309,0.006901323305806908,861.5738429005546,-0.23966423229560085,0.24514712822347803
1382.120784973847,-0.0021820401307195425,0.006869353795877111,861.8641305834726,-0.2309497475426885,0.24490352186438114
1382.586302247331,0.0005035477224737406,0.006900407586987044,862.1544182663906,-0.257093461516654,0.24461932796329117
1383.0518195208151,0.0038605325389653444,0.006932841577421872,862.4447059493085,-0.25927195284726823,0.24478493925306355
1383.517336794299,0.0038605325389653444,0.006989125881922622,862.7349936322265,-0.24620022571789946,0.24444734578210073
1383.982854067783,0.01124589890241623,0.006985508316720705,863.0252813151445,-0.24620022571789946,0.24424218774869924
1384.448371341267,0.013763638213276863,0.006988372372962153,863.3155689980625,-0.2810584244447778,0.2439882239868444
1384.913888614751,0.006546120624989271,0.007026698055398841,863.6058566809804,-0.21134176727579312,0.24932661918164897
1385.3794058882347,0.002517738612368703,0.006984302054417835,863.8961443638984,-0.24837871704851366,0.24912904050224127
1385.8449231617187,0.0018463416490703821,0.00696709001545561,864.1864320468164,-0.23530698991914445,0.24923274398891812
1386.3104404352027,0.0028534370940178633,0.007021300058447134,864.4767197297344,-0.21787776069809173,0.24933524778844557
1386.7759577086867,0.008560311049222946,0.006973889315540603,864.7670074126523,-0.17430481750307258,0.24653048801633015
1387.2414749821705,0.01426718570291996,0.006988673790664468,865.0572950955703,-0.2527362191401976,0.24587975420861277
1387.7069922556545,0.006546120624989271,0.007115321888968113,865.3475827784883,-0.19609128910058216,0.24481295041076662
1388.1725095291386,-0.0030212863348424435,0.007154881280276726,865.6378704614064,-0.23530698991914445,0.24467528400362532
1388.6380268026226,-0.004867628216743469,0.007100856734947108,865.9281581443242,-0.2331282388733027,0.24515647259637788
1389.1035440761063,-0.0018463416490703821,0.007097592910980777,866.2184458272422,-0.2636294549389526,0.24479429333722505
1389.5690613495904,-0.0001678492408245802,0.007035648105576753,866.5087335101603,-0.19173404672412575,0.24449373236016503
1390.0345786230744,0.007888914085924625,0.007030107162923027,866.7990211930783,-0.2614507038931104,0.24431485343653797
1390.5000958965582,0.007553216069936752,0.007151016198429315,867.0893088759962,-0.12419588088575528,0.2439122331679839
1390.9656131700422,-0.003524834057316184,0.00722063585864291,867.3795965589142,-0.24620022571789946,0.2439303303163889
1391.4311304435262,-0.008224613033235073,0.007237681491129351,867.6698842418322,-0.24837871704851366,0.24362870348379564
1391.8966477170102,-0.004867628216743469,0.007229382228666216,867.9601719247502,-0.22005625202870593,0.2433532266297142
1392.362164990494,-0.0038605325389653444,0.007314777184248365,868.2504596076681,-0.24402147467205726,0.24299529844571288
1392.827682263978,-0.0041962312534451485,0.007347227566992578,868.5407472905861,-0.23966423229560085,0.24258280803666066
1393.293199537462,-0.005035477224737406,0.007352816011678765,868.8310349735041,-0.2527362191401976,0.2423654546025744
1393.758716810946,-0.007553216069936752,0.0073372401756414815,869.1213226564221,-0.23966423229560085,0.24166294058487026
1394.2242340844298,-0.0031891355756670237,0.007306169081077241,869.41161033934,-0.25927195284726823,0.24099869373885485
1394.6897513579138,0.006546120624989271,0.007304006458179374,869.701898022258,-0.21787776069809173,0.2396418228426883
1395.1552686313978,0.0031891355756670237,0.007297568865597701,869.992185705176,-0.24184298334144305,0.239235232232244
1395.6207859048816,-0.0041962312534451485,0.007226595461135109,870.282473388094,-0.2374854812497591,0.23919257675958966
1396.0863031783656,-0.00553902518004179,0.007201630662048417,870.5727610710119,-0.23966423229560085,0.23917375017316533
1396.5518204518496,-0.0028534370940178633,0.007228781249006516,870.8630487539299,-0.2287709964968463,0.23917375017316533
1397.0173377253336,0.0021820401307195425,0.0073681802253996774,871.1533364368479,-0.03269249240403349,0.23900425079898036
1397.4828549988174,0.010574501939117908,0.0073504342541195755,871.4436241197659,-0.2287709964968463,0.23810074512431367
1397.9483722723014,0.008560311049222946,0.00738003473544224,871.7339118026838,-0.2309497475426885,0.2377234312091594
1398.4138895457854,-0.0011749446857720613,0.007356879273266926,872.0241994856018,-0.2265922454510041,0.23680830000537567
1398.8794068192694,-0.0028534370940178633,0.007279162437063196,872.3144871685198,-0.21787776069809173,0.2367652072985228
1399.3449240927532,-0.003524834057316184,0.0073148131596581555,872.6047748514377,-0.22441375412038989,0.2364825795986545
1399.8104413662372,-0.00520332669839263,0.007275833848577463,872.8950625343557,-0.2265922454510041,0.23588574932697923
1400.2759586397212,-0.0015106431674212217,0.007261489006284087,873.1853502172737,-0.3289888697314809,0.23564235752148813
1400.7414759132052,0.0041962312534451485,0.0072797411721750105,873.4756379001917,-0.24402147467205726,0.23496599791429476
1401.206993186689,-0.002517738612368703,0.007364462843321658,873.7659255831096,-0.2374854812497591,0.23470946261082495
1401.672510460173,-0.015274280682206154,0.007364462843321658,874.0562132660276,-0.23966423229560085,0.2343482684368423
1402.138027733657,-0.020309757441282272,0.007246825118796835,874.3465009489456,-0.3246316273550245,0.23366322870972686
1402.6035450071408,-0.012252994813024998,0.007202508080965581,874.6367886318636,-0.22005625202870593,0.23320751092890113
1403.0690622806248,-0.002517738612368703,0.007238008885496067,874.9270763147815,-0.25491471047081227,0.23276766977667923
1403.5345795541089,0.0038605325389653444,0.007233205428173689,875.2173639976995,-0.22005625202870593,0.2324174883838136
1404.0000968275929,0.0005035477224737406,0.00730924970974101,875.5076516806175,-0.22005625202870593,0.23213940838506267
1404.4656141010767,-0.004867628216743469,0.007426412719471427,875.7979393635355,-0.056657715047384816,0.23200750993244573
1404.9311313745607,-0.00520332669839263,0.007474616722103476,876.0882270464534,-0.2309497475426885,0.23146737758960595
1405.3966486480447,-0.0041962312534451485,0.007500498413628095,876.3785147293714,-0.17430481750307258,0.23100185321965075
1405.8621659215287,-0.0041962312534451485,0.0074521261665858604,876.6688024122894,-0.2309497475426885,0.23042961982172397
1406.3276831950125,-0.000839246204122901,0.007344073234395938,876.9590900952074,-0.22005625202870593,0.22997173808520927
1406.7932004684965,0.004531929735094309,0.0073757521959053034,877.2493777781253,-0.21134176727579312,0.22971203900381695
1407.2587177419805,0.007217517588287592,0.007438882374711087,877.5396654610433,-0.2287709964968463,0.2294265209741506
1407.7242350154645,0.012924391776323318,0.007462912461878591,877.8299531439613,-0.2309497475426885,0.22898958975143965
1408.1897522889483,0.016952773556113243,0.0074664397763363356,878.1202408268794,-0.22005625202870593,0.22845504510937953
1408.6552695624323,0.007888914085924625,0.0074648879638972345,878.4105285097972,-0.23530698991914445,0.22812858131350586
1409.1207868359163,-0.003524834057316184,0.0073964282944872315,878.7008161927153,-0.22005625202870593,0.22793860878383232
1409.5863041094,-0.008224613033235073,0.007295439796519628,878.9911038756333,-0.5860695462403656,0.22695558302729105
1410.051821382884,-0.00587472366169095,0.007268828001414925,879.2813915585513,-0.2309497475426885,0.2270133369092119
1410.517338656368,0.0011749446857720613,0.007282146055785924,879.5716792414692,-0.25927195284726823,0.22692577436404704
1410.9828559298521,0.010238803923130035,0.007281422874531058,879.8619669243872,-0.21569900965224953,0.22664917684629882
1411.448373203336,0.004531929735094309,0.0073522430434917714,880.1522546073052,-0.20262728252288031,0.22651692142609398
1411.91389047682,-0.008896009996533394,0.007390819390376493,880.4425422902232,-0.22005625202870593,0.22683045299476232
1412.379407750304,-0.01426718570291996,0.007291396447971488,880.7328299731411,-0.20262728252288031,0.22639674088883208
1412.844925023788,-0.01258869282901287,0.007271870146773471,881.0231176560591,-0.2287709964968463,0.22658281775825137
1413.3104422972717,-0.007721065077930689,0.0072869172571579065,881.3134053389771,-0.21134176727579312,0.2264198622968843
1413.7759595707557,0.0011749446857720613,0.0072890849504097365,881.6036930218951,-0.19609128910058216,0.22614539451825055
1414.2414768442397,0.005035477224737406,0.007306547492469388,881.893980704813,-0.22441375412038989,0.2256508063326421
1414.7069941177238,-0.00587472366169095,0.007339769704400278,882.184268387731,-0.2287709964968463,0.22573974998923305
1415.1725113912075,-0.01359578873962164,0.0073079888153692605,882.474556070649,-0.20698452489933672,0.22513769308843654
1415.6380286646915,-0.011581597849726677,0.0072754900859148324,882.7648437535669,-0.21787776069809173,0.22582159628042742
1416.1035459381756,-0.00520332669839263,0.007268393316938234,883.0551314364849,-0.22441375412038989,0.22549131983920037
1416.5690632116593,0.0021820401307195425,0.0072510386069940865,883.3454191194029,-0.22005625202870593,0.22492291953638163
1417.0345804851434,0.01191729586571455,0.0072510386069940865,883.6357068023209,-0.21787776069809173,0.22415237172527652
1417.5000977586274,0.012756542302668095,0.007403686861277182,883.9259944852388,-0.21134176727579312,0.22335385241102557
1417.9656150321114,0.0031891355756670237,0.007508498040808204,884.2162821681568,-0.20262728252288031,0.22320573325277193
1418.4311323055952,-0.0057068741880357265,0.007536499645328873,884.5065698510748,-0.20044853147703856,0.22282260968661366
1418.8966495790792,-0.0018463416490703821,0.007501060098974057,884.7968575339928,-0.20262728252288031,0.22233678926671355
1419.3621668525632,0.0011749446857720613,0.007582754002532058,885.0871452169107,-0.19609128910058216,0.2218238117298325
1419.8276841260472,0.0003356984816491604,0.007643623681693551,885.3774328998287,-0.20480577385349497,0.2217842106564335
1420.293201399531,-0.003524834057316184,0.007637834336177366,885.6677205827467,-0.24837871704851366,0.2213981242376158
1420.758718673015,-0.004867628216743469,0.007653262859613151,885.9580082656647,-0.22005625202870593,0.22107408385973787
1421.224235946499,0.007217517588287592,0.007682793288595017,886.2482959485826,-0.21787776069809173,0.22058441247808153
1421.6897532199828,0.016281375661492348,0.007741380170518881,886.5385836315006,-0.21134176727579312,0.2203453604187336
1422.1552704934668,0.0038605325389653444,0.0077975011885799105,886.8288713144186,-0.21352051832163532,0.22119178778792578
1422.6207877669508,-0.0068818191066384315,0.007770982341093553,887.1191589973366,-0.21134176727579312,0.2209533928560048
1423.0863050404348,-0.004531929735094309,0.0077675933285905,887.4094466802545,-0.2309497475426885,0.22099635442873908
1423.5518223139186,-0.003524834057316184,0.007777349701370524,887.6997343631725,-0.24837871704851366,0.22029531376850825
1424.0173395874026,-0.007553216069936752,0.007781411245894557,887.9900220460905,-0.20262728252288031,0.22005040194158695
1424.4828568608866,-0.0011749446857720613,0.007777755951265172,888.2803097290085,-0.18955529567828355,0.2198527433638247
1424.9483741343706,0.0021820401307195425,0.007766372920088434,888.5705974119264,-0.20262728252288031,0.2195425868632465
1425.4138914078544,-0.00553902518004179,0.00776786450409651,888.8608850948444,-0.1851980533018276,0.21803403174293537
1425.8794086813384,-0.011581597849726677,0.007757281622765334,889.1511727777624,-0.19609128910058216,0.21756321167830173
1426.3449259548224,-0.008560311049222946,0.007759589377994015,889.4414604606804,-0.19826978043119636,0.21721455918130286
1426.8104432283064,-0.0031891355756670237,0.007686082679081189,889.7317481435983,-0.20262728252288031,0.21644978085132713
1427.2759605017902,0.0021820401307195425,0.007514947674589142,890.0220358265163,-0.21352051832163532,0.21487492606034278
1427.7414777752742,0.007721065077930689,0.007430382661207022,890.3123235094343,-0.20480577385349497,0.21446574897200046
1428.2069950487582,0.000839246204122901,0.007427263644958809,890.6026111923524,-0.20262728252288031,0.21386835878986582
1428.672512322242,-0.010910200886428356,0.007430807881497234,890.8928988752702,-0.21134176727579312,0.21319522062958132
1429.138029595726,-0.01359578873962164,0.007466439824128504,891.1831865581883,-0.24402147467205726,0.21275028688387218
1429.60354686921,-0.008896009996533394,0.007535241833005592,891.4734742411063,-0.19826978043119636,0.21350434399138749
1430.069064142694,-0.006546120624989271,0.007674838176689811,891.7637619240243,-0.20480577385349497,0.21301809402872474
1430.5345814161778,-0.0021820401307195425,0.007701961577931522,892.0540496069422,-0.16776882408077443,0.21295310571345008
1431.0000986896619,-0.0021820401307195425,0.007691339368167792,892.3443372898602,-0.21134176727579312,0.21241578879084
1431.4656159631459,-0.008392462506890297,0.007693803795036848,892.6346249727782,-0.21134176727579312,0.2119374046859142
1431.9311332366299,-0.010238803923130035,0.007715948217259686,892.9249126556961,-0.19826978043119636,0.21095072617692465
1432.3966505101137,-0.006210422143340111,0.0077359873682319455,893.2152003386141,-0.21134176727579312,0.21011955565876622
1432.8621677835977,-0.004531929735094309,0.007738624716760879,893.5054880215321,-0.20262728252288031,0.20935099916360472
1433.3276850570817,-0.003524834057316184,0.007615566534615642,893.7957757044501,-0.21134176727579312,0.20881875536082392
1433.7932023305657,-0.0041962312534451485,0.007580218768262442,894.086063387368,-0.2265922454510041,0.2082759928908482
1434.2587196040495,-0.00553902518004179,0.007572573107875573,894.376351070286,-0.1764833088336868,0.20761121978493138
1434.7242368775335,-0.0011749446857720613,0.007532131281063459,894.666638753204,-0.21787776069809173,0.2001994086956918
1435.1897541510175,0.00520332669839263,0.007512810103290775,894.956926436122,-0.23966423229560085,0.19925184013735064
1435.6552714245013,-0.0015106431674212217,0.007512389525848306,895.2472141190399,-0.20480577385349497,0.19807266503454077
1436.1207886979853,-0.010910200886428356,0.007453274444091729,895.5375018019579,-0.20262728252288031,0.19747689589922582
1436.5863059714693,-0.011581597849726677,0.00744436669291238,895.8277894848759,-0.21352051832163532,0.19692257746060565
1437.0518232449533,-0.0068818191066384315,0.007437147842759812,896.1180771677939,-0.20698452489933672,0.19627812031759168
1437.517340518437,-0.003524834057316184,0.007455817550606913,896.4083648507118,-0.21787776069809173,0.19574851154794232
1437.982857791921,0.0057068741880357265,0.007409765776258707,896.6986525336298,-0.21787776069809173,0.19480331936668185
1438.4483750654051,0.00520332669839263,0.007372949381943852,896.9889402165478,-0.20262728252288031,0.19425770409736193
1438.9138923388891,-0.00553902518004179,0.007375091788504688,897.2792278994658,-0.21352051832163532,0.19377111522231685
1439.379409612373,-0.007217517588287592,0.007378464819034633,897.5695155823837,-0.20262728252288031,0.19276571374397275
1439.844926885857,-0.003524834057316184,0.007358024530987288,897.8598032653017,-0.19826978043119636,0.19156522451297042
1440.310444159341,-0.002517738612368703,0.007273227865566301,898.1500909482197,-0.22005625202870593,0.19071294553118848
1440.775961432825,0.0011749446857720613,0.007187430844720859,898.4403786311377,-0.21134176727579312,0.18972418901121135
1441.2414787063087,0.006378271151334047,0.007266998521003007,898.7306663140556,-0.1851980533018276,0.1887507073895359
1441.7069959797927,-0.004867628216743469,0.007419034491341609,899.0209539969736,-0.10676665166470212,0.18779816645318725
1442.1725132532767,-0.01594567857682705,0.007409232740701854,899.3112416798916,-0.14598235248326485,0.18679398177125195
1442.6380305267605,-0.01359578873962164,0.007339123988219772,899.6015293628096,-0.22441375412038989,0.1858113463104314
1443.1035478002445,-0.008392462506890297,0.007334817537889868,899.8918170457275,-0.21352051832163532,0.18489127777810505
1443.5690650737286,-0.0001678492408245802,0.007333614870624953,900.1821047286455,-0.1851980533018276,0.18407570347647825
1444.0345823472126,0.01191729586571455,0.007331891299693484,900.4723924115635,-0.20698452489933672,0.1831788899999599
1444.5000996206963,0.01191729586571455,0.0073582750248281465,900.7626800944815,-0.21352051832163532,0.18229773750094494
1444.9656168941804,0.000839246204122901,0.0073800883274345265,901.0529677773994,-0.20044853147703856,0.1813526318831435
1445.4311341676644,-0.006546120624989271,0.00737266368961518,901.3432554603174,-0.20262728252288031,0.1817041816659368
1445.8966514411484,-0.008896009996533394,0.007364087496651171,901.6335431432354,-0.1851980533018276,0.18056517195000418
1446.3621687146322,-0.010238803923130035,0.007385081470664044,901.9238308261533,-0.20262728252288031,0.17943648363556558
1446.8276859881162,-0.009903104975819588,0.00724600764837871,902.2141185090713,-0.20262728252288031,0.1783536359445153
1447.2932032616002,-0.008224613033235073,0.0072416458239848115,902.5044061919893,-0.20262728252288031,0.17725328767050674
1447.7587205350842,-0.008224613033235073,0.007266038310643372,902.7946938749074,-0.23530698991914445,0.17609315288447924
1448.224237808568,-0.0041962312534451485,0.00730555647171229,903.0849815578252,0.13506354666897158,0.17470873854553745
1448.689755082052,0.0038605325389653444,0.007324992975514266,903.3752692407433,-0.18955529567828355,0.1731374702389149
1449.155272355536,0.002517738612368703,0.007296468385205932,903.6655569236613,-0.20262728252288031,0.1720510182498704
1449.6207896290198,-0.0028534370940178633,0.0072991202458932945,903.9558446065793,-0.19173404672412575,0.17111917220794476
1450.0863069025038,-0.0021820401307195425,0.007297875614959167,904.2461322894972,-0.19391253805473996,0.16999898028899704
1450.5518241759878,0.0001678492408245802,0.007305664595119699,904.5364199724152,-0.19391253805473996,0.16905369592929856
1451.0173414494718,0.0031891355756670237,0.00733228632626182,904.8267076553332,-0.20044853147703856,0.17293488140623997
1451.4828587229556,0.010574501939117908,0.007291956198750557,905.1169953382512,-0.14816084381387906,0.1718714443656877
1451.9483759964396,0.011581597849726677,0.00731013229380248,905.4072830211691,-0.1808408109253712,0.17076450649285682
1452.4138932699236,0.0038605325389653444,0.007318339983341536,905.6975707040871,-0.1721260664572304,0.16951246650551108
1452.8794105434076,0.0011749446857720613,0.0072897351832641386,905.9878583870051,-0.19391253805473996,0.16836535852010726
1453.3449278168914,0.004531929735094309,0.0073772514420012555,906.2781460699231,-0.1329103656386681,0.1672231255871931
1453.8104450903754,0.007553216069936752,0.007505060691472356,906.568433752841,-0.16776882408077443,0.1659736491845101
1454.2759623638594,0.011581597849726677,0.0075227218997735955,906.858721435759,-0.19391253805473996,0.1642898071955779
1454.7414796373432,0.01594567857682705,0.007474264501532432,907.149009118677,-0.1764833088336868,0.16318143241425004
1455.2069969108272,0.007888914085924625,0.007471586702782775,907.439296801595,-0.16559007303493223,0.16197636602081625
1455.6725141843112,0.0003356984816491604,0.007471586702782774,907.7295844845129,-0.16994731541138863,0.16117606417892544
1456.1380314577953,0.0021820401307195425,0.007476377875520334,908.0198721674309,-0.16341158170431802,0.1600656110593411
1456.603548731279,0.007553216069936752,0.007489555372629087,908.3101598503489,-0.004370027384225761,0.15879204827334858
1457.069066004763,0.009231708012521267,0.007503043109780182,908.6004475332669,-0.12201712983991309,0.15764797751280454
1457.534583278247,0.013092241249978542,0.00748294312544455,908.8907352161848,-0.1372676080151245,0.15634238638357983
1458.000100551731,0.009231708012521267,0.0074751979705100224,909.1810228991028,-0.15687558828201942,0.15512464232608486
1458.4656178252148,0.0021820401307195425,0.007469560087306504,909.4713105820208,-0.1764833088336868,0.1538057043987953
1458.9311350986989,-0.0001678492408245802,0.007460671780673349,909.7615982649388,-0.1372676080151245,0.15242642678237467
1459.3966523721829,-0.0015106431674212217,0.007449228374398885,910.0518859478567,-0.14162511010680845,0.15148319675997818
1459.8621696456669,-0.0018463416490703821,0.007505569360144146,910.3421736307747,-0.11330264508700072,0.15004950911039236
1460.3276869191507,0.000839246204122901,0.007537914463465082,910.6324613136927,-0.13073187430805389,0.14831586048035006
1460.7932041926347,0.0031891355756670237,0.00753665686351835,910.9227489966107,-0.14598235248326485,0.14700344254080888
1461.2587214661187,0.002517738612368703,0.007504727370414748,911.2130366795286,-0.1329103656386681,0.14765749604308648
1461.7242387396025,0.008224613033235073,0.007463212377149404,911.5033243624466,-0.14598235248326485,0.14624636670774582
1462.1897560130865,0.015274280682206154,0.007446400136637559,911.7936120453646,-0.1372676080151245,0.14504779971258927
1462.6552732865705,0.009231708012521267,0.007449652520314471,912.0838997282825,-0.11330264508700072,0.1435405859288581
1463.1207905600545,0.0011749446857720613,0.007434314992300886,912.3741874112005,-0.14816084381387906,0.14228881286401876
1463.5863078335383,-0.0021820401307195425,0.007417437252906924,912.6644750941185,-0.1350891166845103,0.1411377346199397
1464.0518251070223,-0.00553902518004179,0.007459771773778191,912.9547627770365,-0.09369466482010536,0.13982577617217293
1464.5173423805063,-0.0015106431674212217,0.007609254078788182,913.2450504599544,-0.05447896400154306,0.13856353774935007
1464.9828596539903,0.007217517588287592,0.0076228063613203835,913.5353381428724,-0.08933742244364895,0.13731684814335565
1465.448376927474,0.0011749446857720613,0.007653830502271636,913.8256258257904,-0.08498018006719299,0.13569569685985478
1465.913894200958,-0.012252994813024998,0.007725326701872148,914.1159135087084,-0.10458790061886036,0.13430749361885727
1466.3794114744421,-0.015609979629516602,0.007761981244733093,914.4062011916263,-0.10023065824240396,0.13343094033435426
1466.8449287479261,-0.01124589890241623,0.007766186442962027,914.6964888745443,-0.08498018006719299,0.13314374133496062
1467.31044602141,-0.007217517588287592,0.007626190661708194,914.9867765574623,-0.07408694426843798,0.1324901052512404
1467.775963294894,-0.0018463416490703821,0.007512512149785573,915.2770642403804,-0.06755095084613982,0.1307765701690495
1468.241480568378,0.00553902518004179,0.007575058746072687,915.5673519232982,-0.08933742244364895,0.12990609639225506
1468.7069978418617,0.000839246204122901,0.007714531877984728,915.8576396062163,-0.07626543559905219,0.12880144581733927
1469.1725151153457,-0.006546120624989271,0.0077005939611615995,916.1479272891343,-0.06319370846968342,0.1274890202661963
1469.6380323888297,-0.00587472366169095,0.007669896307365861,916.4382149720523,-0.07190819322259623,0.12585195241209796
1470.1035496623138,-0.000839246204122901,0.007675026828203973,916.7285026549702,0.2744971207221689,0.12456936263230296
1470.5690669357975,0.0031891355756670237,0.007683667176467133,917.0187903378882,-0.06537219980029763,0.1231148351633747
1471.0345842092815,0.009231708012521267,0.0076378688175355635,917.3090780208062,-0.06319370846968342,0.12202884982731693
1471.5001014827656,0.0068818191066384315,0.007700952983070235,917.5993657037242,-0.056657715047384816,0.12054367142602133
1471.9656187562496,-0.0028534370940178633,0.007713661517013062,917.8896533866421,-0.06101495742384122,0.11919634266959545
1472.4311360297334,-0.009231708012521267,0.007674289211883302,918.1799410695601,-0.028335250027577086,0.11772346327067332
1472.8966533032174,-0.009063859470188618,0.00763383438310259,918.4702287524781,-0.037049734780489896,0.11568905208451093
1473.3621705767014,-0.006546120624989271,0.00763217860969245,918.7605164353961,-0.056657715047384816,0.11519957053163464
1473.8276878501854,-0.003524834057316184,0.007626932959573849,919.050804118314,0.030488171342653025,0.11378261382140965
1474.2932051236692,-0.0023498893715441227,0.007625966262039048,919.341091801232,-0.04140723687217385,0.11227367950362042
1474.7587223971532,-0.001678492408245802,0.007649959381696005,919.63137948415,-0.013084771852366117,0.1108789148006803
1475.2242396706372,0.006546120624989271,0.007697088448999571,919.921667167068,0.002165966038072842,0.10933462566482227
1475.689756944121,0.013260089792311192,0.007738029247216436,920.2119548499859,0.4248236708588924,0.10796741046030434
1476.155274217605,0.0031891355756670237,0.007750405207205094,920.5022425329039,-0.008727269760682166,0.10656452993960981
1476.620791491089,-0.006210422143340111,0.007687641232321625,920.7925302158219,-0.021799256605278927,0.10586933143452885
1477.086308764573,-0.0041962312534451485,0.007608596623573185,921.0828178987399,0.002165966038072842,0.10450946342383956
1477.5518260380568,0.0038605325389653444,0.00761828012120294,921.3731055816578,0.021773686589740215,0.10350259796932851
1478.0173433115408,0.0117494473233819,0.0077245427719588545,921.6633932645758,0.006523208414529247,0.10183346076796061
1478.4828605850248,0.017959868535399437,0.007715948195485382,921.9536809474938,-0.01090602080652392,0.10115666373586239
1478.9483778585088,0.014602883718907833,0.007711493666579004,922.2439686304117,0.006523208414529247,0.10013536899509369
1479.4138951319926,0.0011749446857720613,0.007637386183336246,922.5342563133297,0.021773686589740215,0.09868995288579095
1479.8794124054766,-0.006210422143340111,0.007489502617242733,922.8245439962477,0.004344457368687049,0.09742296004610887
1480.3449296789606,-0.0021820401307195425,0.007467532925201409,923.1148316791657,0.021773686589740215,0.09644906456356146
1480.8104469524444,0.003524834057316184,0.007513178059099995,923.4051193620836,0.08059710795997033,0.09518512420128797
1481.2759642259284,0.009567406959831715,0.007542558768841961,923.6954070450016,0.03484567343433698,0.09409175150452109
1481.7414814994124,0.01124589890241623,0.007507147826292833,923.9856947279196,0.023952437635582413,0.09421535786140467
1482.2069987728964,0.002517738612368703,0.0074649408933353395,924.2759824108376,0.028309680012038374,0.09349771423800375
1482.6725160463802,-0.0028534370940178633,0.007362031270760942,924.5662700937555,0.021773686589740215,0.09272566862184631
1483.1380333198642,-0.0018463416490703821,0.007307808673961936,924.8565577766735,0.03266692238849478,0.09166686254284545
1483.6035505933482,0.0018463416490703821,0.007324363859106746,925.1468454595915,0.07841861662935568,0.09036619289031249
1484.0690678668323,0.003524834057316184,0.007424763912303549,925.4371331425095,0.021773686589740215,0.0894668369546256
1484.534585140316,0.009567406959831715,0.007447566904850388,925.7274208254274,0.03484567343433698,0.08847716031452875
1485.0001024138,0.008896009996533394,0.007446859788002486,926.0177085083454,0.04573890923309154,0.08810535710605379
1485.465619687284,-0.0005035477224737406,0.00744784973279164,926.3079961912634,0.021773686589740215,0.08719646964162085
1485.931136960768,-0.008224613033235073,0.0074419080887758865,926.5982838741814,0.24835314703297495,0.08639888199112823
1486.3966542342519,-0.008224613033235073,0.007452797485763904,926.8885715570993,0.03484567343433698,0.08561334964215363
1486.8621715077359,-0.004531929735094309,0.007411702134116233,927.1788592400173,0.07406137425289971,0.08448650137713191
1487.3276887812199,-0.0041962312534451485,0.0072632837133142945,927.4691469229354,0.030488171342653025,0.08357826384776681
1487.7932060547037,-0.0028534370940178633,0.0072215474669128895,927.7594346058534,0.09584784585040884,0.08290259179369654
1488.2587233281877,-0.0005035477224737406,0.007271689126973277,928.0497222887712,0.07841861662935568,0.08443493384118676
1488.7242406016717,0.009903104975819588,0.0073119870061541725,928.3400099716893,0.07841861662935568,0.08351472885129778
1489.1897578751557,0.017120622098445892,0.007303627975992012,928.6302976546073,0.058810636362460755,0.08334859741514863
1489.6552751486395,0.00587472366169095,0.00730622318108945,928.9205853375253,0.050096151609547945,0.08325021699520824
1490.1207924221235,-0.007553216069936752,0.0072808081432328125,929.2108730204432,0.03266692238849478,0.08280208091679032
1490.5863096956075,-0.010910200886428356,0.0072803741633608796,929.5011607033612,0.06752538083060111,0.082393523575181
1491.0518269690915,-0.010070954449474812,0.007211185201374478,929.7914483862792,0.09584784585040884,0.08183175243850666
1491.5173442425753,-0.00553902518004179,0.007120648654332769,930.0817360691972,0.05663214503184655,0.0812571511132495
1491.9828615160593,0.004867628216743469,0.007037182368057175,930.3720237521151,0.05227490265539014,0.08096162410217474
1492.4483787895433,-0.000839246204122901,0.007081492952802655,930.6623114350331,0.04573890923309154,0.08098030172157622
1492.9138960630273,-0.013092241249978542,0.007177661312781124,930.9525991179511,-0.14598235248326485,0.08071902419961541
1493.379413336511,-0.015106432139873505,0.007247224836572548,931.2428868008691,0.06098938740830251,0.08029540455698267
1493.8449306099951,-0.010910200886428356,0.007293869688860634,931.533174483787,0.08277585900581208,0.08001059222180204
1494.3104478834791,-0.009567406959831715,0.007272232251204916,931.823462166705,0.03484567343433698,0.07983960001161498
1494.775965156963,-0.0030212863348424435,0.0072835199376507925,932.113749849623,0.07623986558351392,0.07953749431292219
1495.241482430447,0.007553216069936752,0.007283519937650793,932.4040375325409,0.050096151609547945,0.07504660543870872
1495.706999703931,-0.0020141908898949623,0.007282218405270388,932.6943252154589,0.07623986558351392,0.07482269076123135
1496.172516977415,-0.014435035176575184,0.007227779564856598,932.9846128983769,0.050096151609547945,0.07460257313606829
1496.6380342508987,-0.010910200886428356,0.007202380184794311,933.2749005812949,0.08059710795997033,0.07453250877159734
1497.1035515243827,-0.001678492408245802,0.007197991923167991,933.5651882642128,0.06098938740830251,0.07434921464053175
1497.5690687978667,0.0011749446857720613,0.007210710530292595,933.8554759471308,0.06752538083060111,0.074365925549015
1498.0345860713508,0.0038605325389653444,0.007163910132170105,934.1457636300488,0.07841861662935568,0.07430943984987907
1498.5001033448345,0.002517738612368703,0.007195595535972404,934.4360513129668,0.03484567343433698,0.07415781834645312
1498.9656206183186,-0.0021820401307195425,0.007274205246869151,934.7263389958847,0.06752538083060111,0.07412911451314277
1499.4311378918026,-0.0068818191066384315,0.007307232190195906,935.0166266788027,0.058810636362460755,0.07402095447683818
1499.8966551652866,-0.009063859470188618,0.0073060790388106474,935.3069143617207,0.03484567343433698,0.07408676977634167
1500.3621724387704,-0.008224613033235073,0.00732551414967393,935.5972020446387,0.07623986558351392,0.07411068773243089
1500.8276897122544,-0.00553902518004179,0.007271544304503152,935.8874897275566,0.08931185242811068,0.06175122662845451
1501.2932069857384,-0.0028534370940178633,0.007265168552199869,936.1777774104746,0.07841861662935568,0.061748682982152525
1501.7587242592222,-0.0021820401307195425,0.0072708200689619445,936.4680650933926,0.04573890923309154,0.061793587319979366
1502.2242415327062,0.00553902518004179,0.007274730085606969,936.7583527763106,0.08495461005165428,0.061794676687129575
1502.6897588061902,0.013260089792311192,0.007266618078434179,937.0486404592285,0.030488171342653025,0.061776440094489425
1503.1552760796742,0.002517738612368703,0.007177459554843492,937.3389281421465,0.05445339398600435,0.06180915837158277
1503.620793353158,-0.007049668114632368,0.006964311789690342,937.6292158250645,0.07841861662935568,0.06192967282435747
1504.086310626642,-0.003524834057316184,0.006822990565545023,937.9195035079825,0.08277585900581208,0.06193539445302295
1504.551827900126,0.0038605325389653444,0.00682206433108419,938.2097911909004,0.06752538083060111,0.062042861464615885
1505.01734517361,0.00520332669839263,0.006796543416224899,938.5000788738184,0.08495461005165428,0.06205039777582507
1505.4828624470938,0.008560311049222946,0.006814340814340429,938.7903665567364,0.05445339398600435,0.06201610661641752
1505.9483797205778,0.007217517588287592,0.00687282185823395,939.0806542396545,0.06752538083060111,0.061605692505494386
1506.4138969940618,-0.0001678492408245802,0.0068243796765478995,939.3709419225723,0.050096151609547945,0.06175689753516142
1506.8794142675458,-0.0041962312534451485,0.006742869382756503,939.6612296054903,0.021773686589740215,0.06174944310081299
1507.3449315410296,-0.0028534370940178633,0.00674411883591934,939.9515172884084,0.058810636362460755,0.061732300823981394
1507.8104488145136,-0.0003356984816491604,0.006768125854560077,940.2418049713264,0.06098938740830251,0.06188638435312312
1508.2759660879976,0.00553902518004179,0.006820211488328801,940.5320926542443,0.07623986558351392,0.06188651054454115
1508.7414833614814,0.01258869282901287,0.0068188215232131075,940.8223803371623,0.03920291581079338,0.06150168447470069
1509.2070006349654,0.006210422143340111,0.006815886221558264,941.1126680200803,0.03484567343433698,0.061517643444895055
1509.6725179084494,-0.0015106431674212217,0.00676501287495354,941.4029557029982,0.07623986558351392,0.061517778856293406
1510.1380351819334,-0.0015106431674212217,0.006718772122669022,941.6932433859162,0.006523208414529247,0.06148909809889181
1510.6035524554172,-0.000839246204122901,0.006735055050901119,941.9835310688342,0.08059710795997033,0.06146602527264967
1511.0690697289012,-0.004867628216743469,0.006781029454034607,942.2738187517522,0.05663214503184655,0.056755652198351235
1511.5345870023853,-0.0015106431674212217,0.006744587321560004,942.5641064346701,0.028309680012038374,0.05672177543244024
1512.0001042758693,0.0005035477224737406,0.006757068280424753,942.8543941175881,0.050096151609547945,0.05702591818320409
1512.465621549353,-0.004531929735094309,0.006795458588902672,943.1446818005061,0.028309680012038374,0.057037329336095365
1512.931138822837,-0.008896009996533394,0.006822373087521086,943.4349694834241,-0.2222350030745477,0.056368321607402426
1513.396656096321,-0.008224613033235073,0.006830704299405661,943.725257166342,0.04138140714140759,0.056189303469169345
1513.8621733698049,-0.0041962312534451485,0.006784445571295607,944.01554484926,0.07623986558351392,0.055987130764337575
1514.3276906432889,-0.002517738612368703,0.006623514008886986,944.305832532178,0.03484567343433698,0.056079235733767
1514.7932079167729,-0.003524834057316184,0.00660073630277722,944.596120215096,0.004344457368687049,0.05630054502966343
1515.2587251902569,-0.000839246204122901,0.0065938716756858235,944.8864078980139,-1.2785007769355872e-05,0.056420356223925126
1515.7242424637407,0.006546120624989271,0.006542881788204923,945.1766955809319,0.03266692238849478,0.05635100309182062
1516.1897597372247,0.010238803923130035,0.006518711715599011,945.4669832638499,-0.004370027384225761,0.05625093721224044
1516.6552770107087,-0.0001678492408245802,0.006571652351967304,945.7572709467679,0.04573890923309154,0.056293755107982624
1517.1207942841927,-0.010910200886428356,0.0065822213850400555,946.0475586296858,0.07623986558351392,0.0567602054743423
1517.5863115576765,-0.012252994813024998,0.006581741342657429,946.3378463126038,0.006523208414529247,0.058320972842777735
1518.0518288311605,-0.0117494473233819,0.006471626584641314,946.6281339955218,0.02613092896619662,0.0572115867299836
1518.5173461046445,-0.008560311049222946,0.006313898689529615,946.9184216784398,-0.030514001073419283,0.05746718661292585
1518.9828633781285,0.0030212863348424435,0.006231288628270623,947.2087093613577,-0.03269249240403349,0.057873718296220296
1519.4483806516123,0.007217517588287592,0.006177818032564283,947.4989970442757,0.004344457368687049,0.05797842523729272
1519.9138979250963,-0.000839246204122901,0.00620666876575267,947.7892847271937,0.03266692238849478,0.058122042141301324
1520.3794151985803,-0.0028534370940178633,0.006208598687507674,948.0795724101117,0.02613092896619662,0.05814018635151111
1520.844932472064,-0.000839246204122901,0.006209128781484241,948.3698600930296,0.021773686589740215,0.05855073745382895
1521.310449745548,-0.0028534370940178633,0.0061066148206796724,948.6601477759476,0.04573890923309154,0.059369276220801494
1521.7759670190321,0.0011749446857720613,0.006076010880294316,948.9504354588656,-0.028335250027577086,0.05986633617752252
1522.2414842925161,0.010238803923130035,0.006077505745784916,949.2407231417836,-0.03269249240403349,0.06029194353246279
1522.707001566,0.0031891355756670237,0.006116373159308129,949.5310108247015,0.021773686589740215,0.06058694282934382
1523.172518839484,-0.009567406959831715,0.00612841497034686,949.8212985076195,0.028309680012038374,0.06113869792351052
1523.638036112968,-0.011581597849726677,0.0061253207661783595,950.1115861905375,0.021773686589740215,0.06234035484142091
1524.103553386452,-0.007553216069936752,0.006186400115760402,950.4018738734555,-1.2785007769355872e-05,0.06256758439421561
1524.5690706599357,-0.0010070954449474812,0.0063252938907868445,950.6921615563734,0.03484567343433698,0.06388697206043319
1525.0345879334197,0.008560311049222946,0.006265337537159385,950.9824492392914,0.019594935543898018,0.06480415964346443
1525.5001052069038,0.009567406959831715,0.006303548066660904,951.2727369222094,-0.028335250027577086,0.06988216285366913
1525.9656224803878,-0.0005035477224737406,0.006348499952679433,951.5630246051273,0.006523208414529247,0.08092068914496767
1526.4311397538715,-0.0068818191066384315,0.006351651252184529,951.8533122880453,-0.03269249240403349,0.08158297104196603
1526.8966570273556,-0.004867628216743469,0.0063491635141343025,952.1435999709634,-0.004370027384225761,0.08253681891200078
1527.3621743008396,-0.0015106431674212217,0.0063985699062572305,952.4338876538814,-0.015263263182980324,0.08333091865476006
1527.8276915743234,0.0005035477224737406,0.006351651247814317,952.7241753367992,-0.021799256605278927,0.08384058920832109
1528.2932088478074,-0.0001678492408245802,0.006364406330199381,953.0144630197173,-0.04140723687217385,0.0848569343451763
1528.7587261212914,-0.0021820401307195425,0.006331326910388906,953.3047507026353,0.010880450790985652,0.08555305194376586
1529.2242433947754,-0.0001678492408245802,0.006329663201632929,953.5950383855533,-0.043585728202788054,0.08593410586031593
1529.6897606682592,0.0011749446857720613,0.006327832616780129,953.8853260684712,-0.01090602080652392,0.0860787350295748
1530.1552779417432,-0.00553902518004179,0.006336315415990881,954.1756137513892,0.004344457368687049,0.08684045227902476
1530.6207952152272,-0.009903104975819588,0.006349764810659962,954.4659014343072,0.03266692238849478,0.08785617642689161
1531.0863124887112,-0.004531929735094309,0.0063632478437286415,954.7561891172252,-0.056657715047384816,0.08864437707385305
1531.551829762195,-0.0028534370940178633,0.006394618280340983,955.0464768001431,-0.021799256605278927,0.09014132578250812
1532.017347035679,-0.0028534370940178633,0.00642714665001734,955.3367644830611,-0.02397800765112068,0.09094110552886996
1532.482864309163,0.006546120624989271,0.006421408674149986,955.6270521659791,-0.05012172162508666,0.09212776146539002
1532.948381582647,0.008896009996533394,0.006443614870437915,955.9173398488971,-0.03269249240403349,0.09314728164675169
1533.4138988561308,0.0011749446857720613,0.006443614870437916,956.207627531815,-0.03269249240403349,0.09379867082887373
1533.8794161296148,-0.0028534370940178633,0.006353081273909722,956.497915214733,-0.026156498981734888,0.09526234750394642
1534.3449334030988,-0.0041962312534451485,0.006350096543458672,956.788202897651,-0.03487124344987569,0.09668253462237349
1534.8104506765826,-0.003524834057316184,0.006368314717025709,957.078490580569,-0.04140723687217385,0.10283617917814127
1535.2759679500666,0.004867628216743469,0.006428887528873894,957.3687782634869,0.013059201836827405,0.10438116257392281
1535.7414852235506,0.011581597849726677,0.006431835695904081,957.6590659464049,-0.04576447924863025,0.1072655746858282
1536.2070024970346,0.0038605325389653444,0.006474168917099164,957.9493536293229,-0.028335250027577086,0.10825379066502361
1536.6725197705184,-0.006210422143340111,0.006525211524027616,958.2396413122409,0.09584784585040884,0.10939678001008137
1537.1380370440024,-0.008560311049222946,0.006581461272074959,958.5299289951588,-0.03269249240403349,0.1106132383740344
1537.6035543174864,-0.0068818191066384315,0.0065848809544161125,958.8202166780768,-0.03269249240403349,0.11188782726332566
1538.0690715909705,-0.003524834057316184,0.006537366199158442,959.1105043609948,-0.06319370846968342,0.11115588638070523
1538.5345888644542,0.00553902518004179,0.006490477253866131,959.4007920439128,-0.06101495742384122,0.11279780603740594
1539.0001061379382,0.007888914085924625,0.006534626819212747,959.6910797268307,-0.06755095084613982,0.11439604698354015
1539.4656234114223,-0.0015106431674212217,0.006614722799882886,959.9813674097487,-0.07190819322259623,0.11587289995322474
1539.9311406849063,-0.0068818191066384315,0.0066749529796338684,960.2716550926667,-0.05012172162508666,0.1172471645074495
1540.39665795839,-0.0068818191066384315,0.006721651884718874,960.5619427755847,-0.06101495742384122,0.11880357413310935
1540.862175231874,-0.008224613033235073,0.006692503254862,960.8522304585026,-0.08933742244364895,0.12010354327207153
1541.327692505358,-0.010238803923130035,0.006619398290385423,961.1425181414206,-0.06101495742384122,0.12142992903503841
1541.7932097788419,-0.006210422143340111,0.006631797230454745,961.4328058243386,-0.09151617348949115,0.12346313884388008
1542.2587270523259,-0.0001678492408245802,0.006559942489973265,961.7230935072565,-0.14598235248326485,0.12478999145139574
1542.7242443258099,0.0041962312534451485,0.006458002850075535,962.0133811901745,-0.0871586713978072,0.12594932212043486
1543.189761599294,0.003524834057316184,0.00638561505291753,962.3036688730925,-0.08280142902135079,0.12760460186943823
1543.6552788727777,-0.0028534370940178633,0.006411190586862094,962.5939565560105,-0.10894514299531632,0.12873442234524998
1544.1207961462617,-0.004531929735094309,0.006470975552355349,962.8842442389284,-0.05012172162508666,0.13030731302837245
1544.5863134197457,-0.0068818191066384315,0.00645826786626948,963.1745319218464,-0.0871586713978072,0.13158884882583471
1545.0518306932297,-0.007721065077930689,0.006457778609743163,963.4648196047644,-0.05230047267092841,0.13300139052334262
1545.5173479667135,-0.0021820401307195425,0.006462669508243667,963.7551072876824,-0.10458790061886036,0.1343517025503796
1545.9828652401975,0.008560311049222946,0.006463810185398279,964.0453949706003,-0.11330264508700072,0.13557933065383
1546.4483825136815,0.008896009996533394,0.006492099754678715,964.3356826535183,-0.11330264508700072,0.1370075683119424
1546.9138997871653,-0.0021820401307195425,0.006513155444960473,964.6259703364364,-0.09587341586594755,0.13843398511251398
1547.3794170606493,-0.007217517588287592,0.006440958261068992,964.9162580193544,-0.09151617348949115,0.13989786476655314
1547.8449343341333,-0.00553902518004179,0.006458594019411153,965.2065457022723,-0.11548113641761493,0.1413968387498543
1548.3104516076173,-0.0015106431674212217,0.006454026407248106,965.4968333851903,-0.13073187430805389,0.14283910193717073
1548.775968881101,0.009231708012521267,0.006374782024297527,965.7871210681083,-0.0871586713978072,0.1446906729043966
1549.2414861545851,0.015274280682206154,0.006374782024297527,966.0774087510263,-0.14598235248326485,0.146246225998909
1549.7070034280691,0.0011749446857720613,0.006460713589301081,966.3676964339442,-0.11765988746345712,0.14751382532673643
1550.1725207015531,-0.010910200886428356,0.0064370939969959915,966.6579841168622,-0.2810584244447778,0.1489099504588923
1550.638037975037,-0.009567406959831715,0.006376268789856868,966.9482717997802,-0.4313852342967297,0.15028008132442763
1551.103555248521,-0.003524834057316184,0.006379571465288258,967.2385594826982,-0.1329103656386681,0.1519282368047373
1551.569072522005,0.0011749446857720613,0.006398528761736286,967.5288471656161,-0.1372676080151245,0.15307371727347296
1552.034589795489,0.009903104975819588,0.006382212368176614,967.8191348485341,-0.14598235248326485,0.15469281955624853
1552.5001070689727,0.010574501939117908,0.006415132013032161,968.1094225314521,-0.10023065824240396,0.15611323689696308
1552.9656243424567,0.004867628216743469,0.006419563231632161,968.3997102143701,-0.14598235248326485,0.15743041208863648
1553.4311416159408,0.0021820401307195425,0.006434475606110849,968.689997897288,-0.1372676080151245,0.15895532300715964
1553.8966588894245,0.0031891355756670237,0.006450659805737431,968.980285580206,-0.11765988746345712,0.16025954394730071
1554.3621761629086,0.003524834057316184,0.006552713673306723,969.270573263124,-0.08498018006719299,0.16202495832080718
1554.8276934363926,0.006210422143340111,0.006688725254710748,969.560860946042,-0.14598235248326485,0.16289542972863183
1555.2932107098766,0.009567406959831715,0.006708908791882262,969.8511486289599,-0.14816084381387906,0.16406846904287153
1555.7587279833604,0.008392462506890297,0.0066426471241763044,970.1414363118779,-0.13944635906096625,0.16552224155727477
1556.2242452568444,0.006546120624989271,0.006633920989581277,970.4317239947959,-0.1764833088336868,0.16661219846554395
1556.6897625303284,0.007888914085924625,0.0066405856183566715,970.7220116777139,-0.1263743722163695,0.16787277238139375
1557.1552798038124,0.0005035477224737406,0.006635349688928742,971.0122993606318,-0.16341158170431802,0.16956548887551479
1557.6207970772962,-0.00553902518004179,0.006605282135066127,971.3025870435498,-0.15469683723617766,0.17098803793936598
1558.0863143507802,-0.00553902518004179,0.006553577525412931,971.5928747264678,-0.1372676080151245,0.17310453636420436
1558.5518316242642,-0.00587472366169095,0.006653103367340437,971.8831624093857,-0.1764833088336868,0.17443010137782278
1559.0173488977482,-0.00587472366169095,0.006854273590706466,972.1734500923037,-0.17430481750307258,0.1760282856741336
1559.482866171232,0.00520332669839263,0.006928092612999816,972.4637377752217,-0.37038306188065784,0.1771779499427923
1559.948383444716,0.009231708012521267,0.0069856214337262225,972.7540254581397,-0.1851980533018276,0.1783313944583853
1560.4139007182,-0.0021820401307195425,0.007086659314781625,973.0443131410576,-0.26798669731540903,0.17985302188623695
1560.8794179916838,-0.009063859470188618,0.007069603375735539,973.3346008239756,-0.16123283065847582,0.18123191386337656
1561.3449352651678,-0.008560311049222946,0.007124363889578097,973.6248885068936,-0.16559007303493223,0.18773886482002156
1561.8104525386518,-0.008896009996533394,0.007274947219462105,973.9151761898116,-0.1764833088336868,0.18940847518618975
1562.2759698121358,-0.005035477224737406,0.007340523014775719,974.2054638727295,-0.1764833088336868,0.19069364351330723
1562.7414870856196,0.003524834057316184,0.007316810698570035,974.4957515556475,-0.178662059879529,0.19069026930892025
1563.2070043591036,-0.0015106431674212217,0.007311914969304507,974.7860392385655,-0.20262728252288031,0.19199549332781154
1563.6725216325876,-0.008896009996533394,0.007303555856695084,975.0763269214835,-0.21134176727579312,0.19332380554537354
1564.1380389060716,-0.010910200886428356,0.0072688642430292095,975.3666146044014,-0.19391253805473996,0.19514404462211254
1564.6035561795554,-0.009903104975819588,0.007278710322755649,975.6569022873194,-0.1851980533018276,0.1961770649758683
1565.0690734530394,-0.008224613033235073,0.007339231586844895,975.9471899702374,-0.19826978043119636,0.19701112576981453
1565.5345907265234,-0.0010070954449474812,0.007329808076762923,976.2374776531555,-0.1851980533018276,0.19848506326658902
1566.0001080000075,0.000839246204122901,0.007308655327100492,976.5277653360733,-0.1851980533018276,0.1995737016810186
1566.4656252734912,-0.0041962312534451485,0.007288452771817852,976.8180530189913,-0.23530698991914445,0.20082749365658983
1566.9311425469753,-0.0041962312534451485,0.00729711785652763,977.1083407019094,-0.20262728252288031,0.20206427156867515
1567.3966598204593,-0.0028534370940178633,0.007308367108401449,977.3986283848274,-0.1764833088336868,0.20297116588362668
1567.862177093943,-0.006210422143340111,0.0073102403006171015,977.6889160677453,-0.21352051832163532,0.20374006847877532
1568.327694367427,-0.01040665339678526,0.007338711361525953,977.9792037506633,-0.178662059879529,0.2050942940239471
1568.793211640911,-0.009567406959831715,0.0073349790406999444,978.2694914335813,-0.21134176727579312,0.2060598851750575
1569.258728914395,-0.00587472366169095,0.0073666971100173895,978.5597791164993,-0.18955529567828355,0.2073017377119342
1569.7242461878789,-0.0001678492408245802,0.0073666971100173895,978.8500667994172,-0.20262728252288031,0.20833026150617331
1570.1897634613629,0.0038605325389653444,0.007335266213359535,979.1403544823352,-0.19826978043119636,0.2094622111969036
1570.6552807348469,-0.0015106431674212217,0.007333112171560645,979.4306421652532,-0.18955529567828355,0.20992976618295964
1571.120798008331,-0.0068818191066384315,0.007287152130597904,979.7209298481712,-0.20916301622995093,0.21101443272979348
1571.5863152818147,-0.00553902518004179,0.007237699697559692,980.0112175310891,-0.20698452489933672,0.21199982746924118
1572.0518325552987,0.0021820401307195425,0.00725949446867437,980.3015052140071,-0.21134176727579312,0.21329994964145635
1572.5173498287827,0.00587472366169095,0.007375216710820748,980.5917928969251,-0.21352051832163532,0.21446481332199804
1572.9828671022665,0.009231708012521267,0.0073887706311609805,980.8820805798431,-0.21134176727579312,0.21488639064043036
1573.4483843757505,0.005035477224737406,0.007390338426623412,981.172368262761,-0.23966423229560085,0.2158541039499327
1573.9139016492345,-0.007553216069936752,0.007336271214731217,981.462655945679,-0.22005625202870593,0.21693042703963528
1574.3794189227185,-0.010910200886428356,0.007186789706041503,981.752943628597,-0.20262728252288031,0.2177072712198725
1574.8449361962023,-0.006378271151334047,0.007186789706041503,982.0432313115149,-0.21134176727579312,0.21880214350576668
1575.3104534696863,-0.0028534370940178633,0.007191624158894849,982.3335189944329,-0.21134176727579312,0.22107760359285988
1575.7759707431703,0.0021820401307195425,0.007219250060333151,982.6238066773509,-0.2309497475426885,0.21834131628703726
1576.2414880166543,0.008560311049222946,0.007212097950880006,982.9140943602689,-0.19609128910058216,0.21908208157779654
1576.707005290138,0.0011749446857720613,0.0072879289339456855,983.2043820431868,-0.2309497475426885,0.21969185893742627
1577.1725225636221,-0.0068818191066384315,0.007326556401029632,983.4946697261048,-0.21787776069809173,0.22035078661087773
1577.6380398371061,-0.002517738612368703,0.007361691497366488,983.7849574090228,-0.21134176727579312,0.2211430106463776
1578.1035571105901,0.004531929735094309,0.007379695836143543,984.0752450919408,-0.2309497475426885,0.22181872856326018
1578.569074384074,0.00520332669839263,0.007383120255979528,984.3655327748587,-0.21134176727579312,0.22246128872345258
1579.034591657558,0.01191729586571455,0.007376840938625215,984.6558204577767,-0.25055746809435586,0.22374978789788696
1579.500108931042,0.013931486755609512,0.007444066022436893,984.9461081406947,-0.17430481750307258,0.22497601011205967
1579.9656262045257,0.007721065077930689,0.007643020815569621,985.2363958236127,-0.20262728252288031,0.2258583771317828
1580.4311434780097,0.0018463416490703821,0.007790288468146998,985.5266835065306,-0.2287709964968463,0.22667909403885433
1580.8966607514938,-0.0028534370940178633,0.007806849175860351,985.8169711894486,-0.20480577385349497,0.22754832595845126
1581.3621780249778,-0.0041962312534451485,0.0077872628775820015,986.1072588723666,-0.21352051832163532,0.22788331391644198
1581.8276952984615,-0.000839246204122901,0.007762201715789853,986.3975465552846,-0.24837871704851366,0.2287108320245983
1582.2932125719456,-0.0005035477224737406,0.007796319218209425,986.6878342382025,-0.2331282388733027,0.2294245874792719
1582.7587298454296,0.002517738612368703,0.007976475036154854,986.9781219211205,-0.2810584244447778,0.23019241238531396
1583.2242471189136,0.01191729586571455,0.008145671722713344,987.2684096040385,-0.22441375412038989,0.2308916056057651
1583.6897643923974,0.01728847250342369,0.0082213467760023,987.5586972869565,-0.24620022571789946,0.2314872290444384
1584.1552816658814,0.01124589890241623,0.008250120438392785,987.8489849698744,-0.21134176727579312,0.23190998813461045
1584.6207989393654,0.009903104975819588,0.008244756976597125,988.1392726527924,-0.21352051832163532,0.23005702984650078
1585.0863162128494,0.013260089792311192,0.008197098840399538,988.4295603357104,-0.24184298334144305,0.23067942208415562
1585.5518334863332,0.01040665339678526,0.008212935465965902,988.7198480186285,-0.23530698991914445,0.23056352593777985
1586.0173507598172,0.009903104975819588,0.008190543445237454,989.0101357015463,-0.5076381446032405,0.23103713939913245
1586.4828680333012,0.016449226066470146,0.008148693476229658,989.3004233844644,-0.2767011820683214,0.23172927750037514
1586.948385306785,0.013260089792311192,0.008130448950657608,989.5907110673824,-0.2309497475426885,0.23243300112132076
1587.413902580269,0.0031891355756670237,0.0081702495425374,989.8809987503004,-0.030514001073419283,0.23311223987109184
1587.879419853753,-0.0021820401307195425,0.008222931948906567,990.1712864332183,-0.23966423229560085,0.23352113494002608
1588.344937127237,-0.0041962312534451485,0.00822869362273487,990.4615741161363,-0.24184298334144305,0.23397728682914323
1588.8104544007208,-0.0028534370940178633,0.008232148686596934,990.7518617990543,-0.28323717549062,0.2341909658378261
1589.2759716742048,0.0041962312534451485,0.008188791242642173,991.0421494819722,-0.22005625202870593,0.23475884789006063
1589.7414889476888,0.01191729586571455,0.008162511403230268,991.3324371648902,-0.19391253805473996,0.23496511386618577
1590.2070062211728,0.0057068741880357265,0.008221699070054156,991.6227248478082,-0.257093461516654,0.23528426196274
1590.6725234946566,-0.00587472366169095,0.008306021658504513,991.9130125307262,-0.2331282388733027,0.2357641957128043
1591.1380407681406,-0.008560311049222946,0.00834359650094417,992.2033002136441,-0.23966423229560085,0.23634969670910086
1591.6035580416246,-0.007217517588287592,0.008334503003270394,992.4935878965621,-0.24837871704851366,0.23662891958326604
1592.0690753151086,-0.0041962312534451485,0.008379494745749528,992.7838755794801,-0.24620022571789946,0.23701480715835335
1592.5345925885924,0.004531929735094309,0.008386404790752987,993.0741632623981,-0.20262728252288031,0.2409798368665722
1593.0001098620764,0.007553216069936752,0.00836527983545744,993.364450945316,-0.257093461516654,0.24287513204775193
1593.4656271355605,-0.0015106431674212217,0.008321809194387611,993.654738628234,-0.2331282388733027,0.243365616599649
1593.9311444090442,-0.008392462506890297,0.008303865755906557,993.945026311152,-0.23966423229560085,0.24369232827789486
1594.3966616825282,-0.0068818191066384315,0.008306148448816348,994.23531399407,-0.2309497475426885,0.24398769652141675
1594.8621789560123,-0.0031891355756670237,0.008335387519947446,994.5256016769879,-0.2309497475426885,0.24457609010524162
1595.3276962294963,-0.0011749446857720613,0.008499547513359604,994.8158893599059,-0.178662059879529,0.24506606463573752
1595.79321350298,-0.0011749446857720613,0.008576029867411444,995.1061770428239,-0.24837871704851366,0.24564059060776372
1596.258730776464,-0.0015106431674212217,0.008553649502686283,995.3964647257419,-0.23966423229560085,0.2459008775790827
1596.724248049948,0.006210422143340111,0.008538121038573413,995.6867524086598,-0.2614507038931104,0.2465637919412777
1597.189765323432,0.015274280682206154,0.008535653605267294,995.9770400915778,-0.24837871704851366,0.24692759784876034
1597.6552825969159,0.007217517588287592,0.008517496034748006,996.2673277744958,-0.1808408109253712,0.24779892181078525
1598.1207998703999,-0.0021820401307195425,0.008476219728068897,996.5576154574138,-0.24837871704851366,0.2481609170145152
1598.586317143884,-0.0001678492408245802,0.008470455457087316,996.8479031403317,-0.23966423229560085,0.24830290372577077
1599.051834417368,0.0010070954449474812,0.008482631951075643,997.1381908232497,-0.23966423229560085,0.24872088913581494
1599.5173516908517,0.0011749446857720613,0.008504332320473198,997.4284785061677,-0.25491471047081227,0.24908804451775277
1599.9828689643357,0.01124589890241623,0.008490155854182052,997.7187661890857,-0.4313852342967297,0.2494897798176264
1600.4483862378197,0.011581597849726677,0.00849697590608697,998.0090538720036,-0.23966423229560085,0.2496901839511805
1600.9139035113035,-0.0011749446857720613,0.008522965902918752,998.2993415549216,-0.2287709964968463,0.2493797777641139
1601.3794207847875,-0.010910200886428356,0.008532969464499888,998.5896292378396,-0.21787776069809173,0.24981487471133298
1601.8449380582715,-0.01258869282901287,0.008575446508757016,998.8799169207576,-0.2287709964968463,0.24983378500614808
1602.3104553317555,-0.012924391776323318,0.00855146366959971,999.1702046036755,-0.21787776069809173,0.2501819297528704
1602.7759726052393,-0.007217517588287592,0.00856184910407214,999.4604922865935,-0.2309497475426885,0.2504204013843744
1603.2414898787233,0.0031891355756670237,0.008563571098701407,999.7507799695115,-0.2222350030745477,0.25055615055594455
1603.7070071522073,0.0005035477224737406,0.008634974971094063,1000.0410676524295,-0.2745226907377072,0.2506262541474272
1604.1725244256913,-0.010910200886428356,0.008600877958613709,1000.3313553353474,-0.257093461516654,0.25052666881182917
1604.6380416991751,-0.01896696351468563,0.008497394242381936,1000.6216430182654,-0.2527362191401976,0.25072571503639407
1605.1035589726591,-0.018295567482709885,0.008464936111993079,1000.9119307011835,-0.24837871704851366,0.25091735127701875
1605.5690762461431,-0.009903104975819588,0.008465682600959578,1001.2022183841013,-0.24837871704851366,0.2508444974352547
1606.034593519627,0.0031891355756670237,0.008462447339860207,1001.4925060670193,-0.21787776069809173,0.2509651700088959
1606.500110793111,0.004531929735094309,0.008499702402127387,1001.7827937499374,-0.2374854812497591,0.2512051938661388
1606.965628066595,-0.007553216069936752,0.008581462430452148,1002.0730814328554,-0.24837871704851366,0.2508047033200558
1607.431145340079,-0.018295567482709885,0.008594216959535985,1002.3633691157733,-0.24837871704851366,0.2509214176906865
1607.8966626135627,-0.017959868535399437,0.008614046970955377,1002.6536567986913,-0.2309497475426885,0.2509214176906865
1608.3621798870468,-0.012924391776323318,0.008745218429913888,1002.9439444816093,-0.24620022571789946,0.25113233553203684
1608.8276971605308,-0.009231708012521267,0.008809339562801138,1003.2342321645273,-0.2265922454510041,0.25123432933763146
1609.2932144340148,-0.0041962312534451485,0.008794262596557344,1003.5245198474452,-0.21352051832163532,0.25473045666745364
1609.7587317074986,0.0011749446857720613,0.008742131798113542,1003.8148075303632,-0.25491471047081227,0.2548541630135823
1610.2242489809826,0.0057068741880357265,0.008655000631598653,1004.1050952132812,-0.257093461516654,0.2546005899916188
1610.6897662544666,0.006546120624989271,0.008597571083147905,1004.3953828961992,-0.2222350030745477,0.2547974077727704
1611.1552835279506,-0.0003356984816491604,0.008545349616502494,1004.6856705791171,-0.24837871704851366,0.25086006805309263
1611.6208008014344,-0.0068818191066384315,0.008397354952879304,1004.9759582620351,-0.257093461516654,0.2503715142243779
1612.0863180749184,-0.009735256433486938,0.008298949490982305,1005.2662459449531,-0.25491471047081227,0.250568113186797
1612.5518353484024,-0.010238803923130035,0.008298362516865913,1005.5565336278711,-0.2287709964968463,0.251739241335692
1613.0173526218862,-0.003524834057316184,0.008314006256322296,1005.846821310789,-0.2527362191401976,0.2518999056875538
1613.4828698953702,0.009231708012521267,0.008304880358627795,1006.137108993707,-0.23530698991914445,0.2522349946724721
1613.9483871688542,0.006546120624989271,0.008357202423844991,1006.427396676625,-0.257093461516654,0.25154152771121163
1614.4139044423382,-0.007217517588287592,0.008450195029825813,1006.717684359543,-0.21134176727579312,0.2517878730108076
1614.879421715822,-0.013092241249978542,0.008459288663945951,1007.0079720424609,-0.23530698991914445,0.2522546962948588
1615.344938989306,-0.012252994813024998,0.00847280205165426,1007.2982597253789,-0.24184298334144305,0.2520182262515065
1615.81045626279,-0.008224613033235073,0.008466833318402579,1007.5885474082969,-0.2527362191401976,0.2534610339514345
1616.275973536274,0.0011749446857720613,0.008455132348417436,1007.8788350912149,-0.2636294549389526,0.2531588455332687
1616.7414908097578,0.009903104975819588,0.008426683762629644,1008.1691227741328,-0.24620022571789946,0.2530421136516412
1617.2070080832418,0.004531929735094309,0.008438299372808643,1008.4594104570508,-0.4836729219598892,0.2529642601507866
1617.6725253567258,-0.000839246204122901,0.00844603423812978,1008.7496981399688,-0.3790978063487982,0.25342637674629764
1618.1380426302098,-0.00553902518004179,0.008415677884528832,1009.0399858228868,-0.23966423229560085,0.2532860361335775
1618.6035599036936,-0.007721065077930689,0.00844890181885828,1009.3302735058047,-0.24837871704851366,0.2531945051071231
1619.0690771771776,-0.006210422143340111,0.008522209000762055,1009.6205611887227,-0.2265922454510041,0.2531188037932263
1619.5345944506616,0.007217517588287592,0.008517387854813466,1009.9108488716407,-0.26798669731540903,0.2532729860849237
1620.0001117241454,0.01762416958808899,0.008522255344523066,1010.2011365545587,-0.25491471047081227,0.25334864132870566
1620.4656289976294,0.01191729586571455,0.008534481340978601,1010.4914242374766,-0.257093461516654,0.2538188874745446
1620.9311462711134,0.002517738612368703,0.008540526116115128,1010.7817119203946,-0.23966423229560085,0.25357451529441843
1621.3966635445975,-0.0015106431674212217,0.008539662838775806,1011.0719996033126,-0.2788799331141636,0.25365287869593006
1621.8621808180812,-0.0005035477224737406,0.008624341778930828,1011.3622872862305,-0.2527362191401976,0.2533211516721237
1622.3276980915653,0.0011749446857720613,0.008669332744373181,1011.6525749691485,-0.3028451557575149,0.2532044946165921
1622.7932153650493,0.0031891355756670237,0.00865583719825464,1011.9428626520665,-0.2527362191401976,0.2536605791506273
1623.2587326385333,0.0038605325389653444,0.008654498655761012,1012.2331503349845,-0.25491471047081227,0.25354407826763453
1623.724249912017,0.008896009996533394,0.008657053875470421,1012.5234380179024,-0.26580794626956683,0.2533778894388795
1624.189767185501,0.01258869282901287,0.008657251569367445,1012.8137257008204,-0.24620022571789946,0.25366451194846956
1624.655284458985,0.0038605325389653444,0.008663864110395901,1013.1040133837384,-0.257093461516654,0.25308383616958935
1625.120801732469,-0.004531929735094309,0.00864500123263729,1013.3943010666565,-0.23530698991914445,0.2507763939884351
1625.5863190059529,-0.007217517588287592,0.008649264183178483,1013.6845887495743,-0.19173404672412575,0.2507763939884351
1626.0518362794369,-0.009567406959831715,0.008648655318045678,1013.9748764324924,-0.24837871704851366,0.2508909998350461
1626.517353552921,-0.008896009996533394,0.008699409305456964,1014.2651641154104,-0.2331282388733027,0.25115573425547194
1626.9828708264047,0.0018463416490703821,0.008635904964766338,1014.5554517983284,-0.257093461516654,0.2514116329772511
1627.4483880998887,0.005035477224737406,0.008570901090807588,1014.8457394812463,-0.23966423229560085,0.2515968405674667
1627.9139053733727,-0.004867628216743469,0.008592378542669988,1015.1360271641643,-0.24620022571789946,0.25181300608074775
1628.3794226468567,-0.01258869282901287,0.008587228853365858,1015.4263148470823,-0.22005625202870593,0.25186770198807856
1628.8449399203405,-0.008896009996533394,0.00864772670934043,1015.7166025300003,-0.23966423229560085,0.2516957376547822
1629.3104571938245,-0.0021820401307195425,0.008757012868759172,1016.0068902129182,-0.20262728252288031,0.25159393089983517
1629.7759744673085,-0.000839246204122901,0.00864005051194035,1016.2971778958362,-0.2265922454510041,0.2521104701663637
1630.2414917407925,0.0021820401307195425,0.008457467606390774,1016.5874655787542,-0.22005625202870593,0.25160221298202057
1630.7070090142763,-0.0015106431674212217,0.00842227688566154,1016.8777532616722,-0.22005625202870593,0.25154270023228525
1631.1725262877603,-0.009231708012521267,0.0084297765783314,1017.1680409445901,-0.24184298334144305,0.2516330692449594
1631.6380435612443,-0.012252994813024998,0.0084297765783314,1017.4583286275081,-0.20044853147703856,0.25157620863943353
1632.1035608347283,-0.004867628216743469,0.008398483680105338,1017.7486163104261,-0.24620022571789946,0.2517642028303594
1632.5690781082121,0.006546120624989271,0.0082383673527664,1018.0389039933441,-0.2810584244447778,0.2517642028303594
1633.0345953816961,0.019638361409306526,0.008054132368033083,1018.329191676262,-0.24837871704851366,0.25153617582674004
1633.5001126551801,0.02047760784626007,0.007970531038759086,1018.61947935918,-0.257093461516654,0.25147717427306576
1633.965629928664,0.009903104975819588,0.00793848924301553,1018.909767042098,-0.4836729219598892,0.25166938413904844
1634.431147202148,0.0005035477224737406,0.007950818104525465,1019.200054725016,-0.2287709964968463,0.25188927578209047
1634.896664475632,-0.0036926832981407642,0.007960349916322426,1019.4903424079339,-0.21134176727579312,0.2517108942067217
1635.362181749116,-0.0015106431674212217,0.007947191032164399,1019.7806300908519,-0.257093461516654,0.25145530003454825
1635.8276990225997,-0.0015106431674212217,0.00792276870741697,1020.0709177737699,-0.21134176727579312,0.25162434541431755
1636.2932162960838,-0.0015106431674212217,0.008010764624196975,1020.3612054566879,-0.22441375412038989,0.2514879382037693
1636.7587335695678,-0.0001678492408245802,0.008190961342954255,1020.6514931396058,-0.2527362191401976,0.2513860472938563
1637.2242508430518,0.0030212863348424435,0.008250088512982897,1020.9417808225238,-0.2527362191401976,0.2512073083776632
1637.6897681165356,0.0057068741880357265,0.008210161838214183,1021.2320685054418,-0.257093461516654,0.2512637250889791
1638.1552853900196,-0.0011749446857720613,0.008220546055746826,1021.5223561883597,-0.2767011820683214,0.2512030702171222
1638.6208026635036,-0.010070954449474812,0.008198993777467706,1021.8126438712777,-0.20698452489933672,0.2513006223275174
1639.0863199369874,-0.01359578873962164,0.008181633836404448,1022.1029315541957,-0.24837871704851366,0.25130062232751743
1639.5518372104714,-0.01258869282901287,0.008171586838938106,1022.3932192371137,-0.25055746809435586,0.25103488837666876
1640.0173544839554,-0.007553216069936752,0.008181891289489238,1022.6835069200316,-0.2309497475426885,0.2506273961126864
1640.4828717574394,0.004867628216743469,0.00809648737493741,1022.9737946029496,-0.3638473281735872,0.25072782610601807
1640.9483890309232,0.007217517588287592,0.008143958346776508,1023.2640822858676,-0.20262728252288031,0.2506273961126864
1641.4139063044072,-0.000839246204122901,0.008228869595183154,1023.5543699687856,-0.23530698991914445,0.25023413474583467
1641.8794235778912,-0.006210422143340111,0.008192697018694704,1023.8446576517035,-0.2374854812497591,0.2507654152470556
1642.3449408513752,-0.00587472366169095,0.008182277457989665,1024.1349453346215,-0.257093461516654,0.24741546818231652
1642.810458124859,-0.0015106431674212217,0.008197323682973752,1024.4252330175395,-0.24184298334144305,0.24584095024054603
1643.275975398343,0.007888914085924625,0.008208157206569195,1024.7155207004575,-0.2222350030745477,0.2460054667528821
1643.741492671827,0.01426718570291996,0.008178801321573434,1025.0058083833756,-0.2309497475426885,0.24608912707695796
1644.207009945311,0.006210422143340111,0.008267177316207429,1025.2960960662936,-0.24837871704851366,0.24612698257485113
1644.6725272187948,-0.004364080261439085,0.00836331235811906,1025.5863837492113,-0.23966423229560085,0.2456643185869905
1645.1380444922788,-0.004867628216743469,0.008247534928947036,1025.8766714321293,-0.23966423229560085,0.24560173905243227
1645.6035617657628,-0.003524834057316184,0.00816673605283782,1026.1669591150473,-0.22005625202870593,0.24533978046516688
1646.0690790392466,0.000839246204122901,0.008219056555228655,1026.4572467979654,-0.24837871704851366,0.24522366568108225
1646.5345963127306,0.013931486755609512,0.008226229402262974,1026.7475344808834,-0.22441375412038989,0.24459194456399252
1647.0001135862146,0.017792019993066788,0.00824566710738887,1027.0378221638014,-0.23530698991914445,0.24463438142351834
1647.4656308596986,0.00520332669839263,0.00830028193421404,1027.3281098467194,-0.23966423229560085,0.24468515047850126
1647.9311481331824,-0.0015106431674212217,0.008335734985784358,1027.6183975296374,-0.23530698991914445,0.24396066933928212
1648.3966654066664,0.0021820401307195425,0.008327391790501508,1027.9086852125552,-0.22005625202870593,0.24371833626043046
1648.8621826801505,0.0011749446857720613,0.008376571963176982,1028.1989728954732,-0.27016518864602324,0.24346483011674322
1649.3276999536345,-0.0036926832981407642,0.008441949365071165,1028.4892605783912,-0.1830193022559854,0.24348550880603304
1649.7932172271182,-0.009567406959831715,0.008487860626997742,1028.7795482613092,-0.24837871704851366,0.24329932252869832
1650.2587345006023,-0.01191729586571455,0.008477306901527848,1029.0698359442272,-0.23966423229560085,0.2431659048907855
1650.7242517740863,0.0005035477224737406,0.008448559004278199,1029.3601236271452,-0.24184298334144305,0.24375054914110128
1651.1897690475703,0.014602883718907833,0.008403435701140872,1029.6504113100632,-0.24837871704851366,0.2436490639099092
1651.655286321054,0.006378271151334047,0.008374434222359594,1029.9406989929812,-0.257093461516654,0.24419240292695776
1652.120803594538,-0.0068818191066384315,0.008391771835059285,1030.230986675899,-0.23966423229560085,0.2440266640965961
1652.586320868022,-0.009567406959831715,0.008378410595276286,1030.521274358817,-0.25491471047081227,0.24390992419638005
1653.0518381415059,-0.000839246204122901,0.008367089474893636,1030.811562041735,-0.2287709964968463,0.2433595672592196
1653.5173554149899,0.010574501939117908,0.008293379497645635,1031.101849724653,-0.257093461516654,0.24399311595083167
1653.982872688474,0.017959868535399437,0.008249067176928006,1031.392137407571,-0.24620022571789946,0.2438021321566995
1654.448389961958,0.01191729586571455,0.00827316279916423,1031.682425090489,-0.3028451557575149,0.24383633816902264
1654.9139072354417,-0.000839246204122901,0.008302137465458144,1031.972712773407,-0.1851980533018276,0.2438745433569889
1655.3794245089257,-0.00587472366169095,0.008300741887039026,1032.2630004563248,-0.24184298334144305,0.24385626233176788
1655.8449417824097,-0.004867628216743469,0.00830256560726264,1032.5532881392428,-0.2287709964968463,0.2438019546792134
1656.3104590558937,-0.004531929735094309,0.00828961644635236,1032.8435758221608,-0.2309497475426885,0.24386335649848245
1656.7759763293775,-0.000839246204122901,0.008264039593121811,1033.1338635050788,-0.26798669731540903,0.24383024584987192
1657.2414936028615,0.007049668114632368,0.00825906774370311,1033.4241511879968,-0.24837871704851366,0.24393529281176785
1657.7070108763455,0.0011749446857720613,0.008236721220527399,1033.7144388709148,-0.20262728252288031,0.24352203077832785
1658.1725281498295,-0.004867628216743469,0.008026903262238429,1034.0047265538328,-0.23966423229560085,0.24342045027480216
1658.6380454233133,-0.00553902518004179,0.007802092188910726,1034.2950142367508,-0.24837871704851366,0.24329466774196765
1659.1035626967973,-0.006210422143340111,0.0077445086392062355,1034.5853019196686,-0.23966423229560085,0.23980081089793717
1659.5690799702813,-0.0041962312534451485,0.007811535823517727,1034.8755896025866,-0.23530698991914445,0.2399002259212405
1660.0345972437651,0.0031891355756670237,0.007833078521490766,1035.1658772855046,-0.2287709964968463,0.24021069172890291
1660.5001145172491,0.0011749446857720613,0.007834557405747919,1035.4561649684226,-0.24184298334144305,0.23967229618444028
1660.9656317907331,-0.012252994813024998,0.007856171038918211,1035.7464526513406,-0.2331282388733027,0.2400040355429383
1661.4311490642172,-0.01896696351468563,0.007860861790740102,1036.0367403342586,-0.24620022571789946,0.24012156360550826
1661.896666337701,-0.014099336229264736,0.007863674898757321,1036.3270280171766,-0.23530698991914445,0.23991640439405246
1662.362183611185,-0.00587472366169095,0.007881150553966945,1036.6173157000947,-0.23530698991914445,0.23979100372848444
1662.827700884669,-0.00553902518004179,0.007865583222211082,1036.9076033830124,-0.24620022571789946,0.23954223015839632
1663.293218158153,-0.0068818191066384315,0.007908182305166073,1037.1978910659304,-0.24620022571789946,0.23893726605430182
1663.7587354316368,-0.003524834057316184,0.00795732279962511,1037.4881787488484,-0.257093461516654,0.23885137972501777
1664.2242527051208,0.00587472366169095,0.007910196395726545,1037.7784664317664,-0.17430481750307258,0.2386878818664335
1664.6897699786048,0.013763638213276863,0.007863189382727584,1038.0687541146845,-0.1830193022559854,0.23852278169725782
1665.1552872520886,0.0011749446857720613,0.007869482131123534,1038.3590417976025,-0.2527362191401976,0.23854258716643642
1665.6208045255726,-0.012252994813024998,0.007871489396149664,1038.6493294805205,-0.24184298334144305,0.23674678866366355
1666.0863217990566,-0.012252994813024998,0.007840654862942636,1038.9396171634385,-0.22005625202870593,0.23696929571739078
1666.5518390725406,-0.00587472366169095,0.0078837894369416,1039.2299048463562,-0.29848765366583097,0.23709394109349033
1667.0173563460244,-0.0015106431674212217,0.00803660694555086,1039.5201925292743,-0.23530698991914445,0.23695572147267738
1667.4828736195084,0.00520332669839263,0.008089899287828176,1039.8104802121923,-0.24620022571789946,0.23670396806724878
1667.9483908929924,0.007049668114632368,0.008089378517980188,1040.1007678951103,-0.257093461516654,0.23635961861569346
1668.4139081664764,-0.0028534370940178633,0.00805610996317204,1040.3910555780283,-0.257093461516654,0.23645766639289784
1668.8794254399602,-0.013931486755609512,0.007945186310903598,1040.6813432609463,-0.2309497475426885,0.23643787152008483
1669.3449427134442,-0.01493858266621828,0.00793643256056578,1040.9716309438643,-0.21787776069809173,0.23641657639469785
1669.8104599869282,-0.010238803923130035,0.00792602492552583,1041.261918626782,-0.24837871704851366,0.2354956798082286
1670.2759772604122,0.0003356984816491604,0.007912459558049204,1041.5522063097,-0.2287709964968463,0.2361229871688612
1670.741494533896,0.009903104975819588,0.007970943948902035,1041.842493992618,-0.2265922454510041,0.23759510734108244
1671.20701180738,0.0038605325389653444,0.008067867466735355,1042.132781675536,-0.21134176727579312,0.2374506409534823
1671.672529080864,-0.00587472366169095,0.00803306777320767,1042.423069358454,-0.257093461516654,0.2375898796648506
1672.1380463543478,-0.009903104975819588,0.00788694491741735,1042.713357041372,-0.3072023981339713,0.236732772824609
1672.6035636278318,-0.008560311049222946,0.007870903995503071,1043.00364472429,-0.16123283065847582,0.2363242745521611
1673.0690809013158,-0.0001678492408245802,0.007900420783745568,1043.293932407208,-0.2287709964968463,0.23628409994409771
1673.5345981747998,0.012924391776323318,0.007898954230790263,1043.5842200901259,-0.23966423229560085,0.23646230281902378
1674.0001154482836,0.016617074608802795,0.007946594634836128,1043.874507773044,-0.24837871704851366,0.23592024615921234
1674.4656327217676,0.009903104975819588,0.00800833197335565,1044.164795455962,-0.2374854812497591,0.23641474636966076
1674.9311499952516,0.0011749446857720613,0.007994379304766215,1044.45508313888,-0.22005625202870593,0.23619068611433314
1675.3966672687357,-0.0001678492408245802,0.007941639564183922,1044.745370821798,-0.25927195284726823,0.23612954098945663
1675.8621845422194,0.0031891355756670237,0.007946279863419854,1045.035658504716,-0.2374854812497591,0.23617162016303747
1676.3277018157034,0.00520332669839263,0.007824737792504706,1045.325946187634,-0.2875944178670764,0.23596678672616625
1676.7932190891875,0.00587472366169095,0.00785893559418966,1045.616233870552,-0.23966423229560085,0.23571397709515682
1677.2587363626715,0.0011749446857720613,0.007968730456362936,1045.9065215534697,-0.2265922454510041,0.23557362961095088
1677.7242536361553,0.0018463416490703821,0.008045546245960532,1046.1968092363877,-0.178662059879529,0.2353226597953524
1678.1897709096393,0.00520332669839263,0.0080859438632605,1046.4870969193057,-0.28541592653646175,0.23550836878303527
1678.6552881831233,-0.000839246204122901,0.008021472629166113,1046.7773846022237,-0.21787776069809173,0.23539956133963422
1679.120805456607,-0.0068818191066384315,0.00784745223668268,1047.0676722851417,-0.20698452489933672,0.23521546131385224
1679.586322730091,-0.007217517588287592,0.0077747762857038934,1047.3579599680597,-0.2309497475426885,0.23449228726003676
1680.051840003575,-0.0015106431674212217,0.007805601199563841,1047.6482476509777,-0.21787776069809173,0.2349322977201839
1680.517357277059,0.0023498893715441227,0.00783227178166931,1047.9385353338957,-0.21352051832163532,0.23456785336341937
1680.9828745505429,0.007888914085924625,0.007819486641699496,1048.2288230168135,-0.24837871704851366,0.23460794368905896
1681.4483918240269,0.010238803923130035,0.00786372516659945,1048.5191106997315,-0.19609128910058216,0.23460794368905896
1681.913909097511,0.0038605325389653444,0.007961954001379204,1048.8093983826495,-0.257093461516654,0.23440619055091982
1682.379426370995,-0.0018463416490703821,0.007990294229364352,1049.0996860655675,-0.23966423229560085,0.23404822636505737
1682.8449436444787,-0.004531929735094309,0.007989635146347979,1049.3899737484855,-0.2374854812497591,0.2337903005396346
1683.3104609179627,-0.006210422143340111,0.008049521552650816,1049.6802614314036,-0.24402147467205726,0.23361005941168142
1683.7759781914467,-0.0015106431674212217,0.00805919799441844,1049.9705491143216,-0.2309497475426885,0.23306146028091898
1684.2414954649307,0.010574501939117908,0.008047869510172799,1050.2608367972396,-0.23966423229560085,0.23284255350292285
1684.7070127384145,0.007049668114632368,0.008044858977897442,1050.5511244801573,-0.24620022571789946,0.23270314067539452
1685.1725300118985,-0.0021820401307195425,0.008056763631840762,1050.8414121630753,-0.19609128910058216,0.23254905227780548
1685.6380472853825,-0.006210422143340111,0.008157316301949918,1051.1316998459934,-0.24837871704851366,0.2327018995320021
1686.1035645588663,-0.0031891355756670237,0.008313974598241238,1051.4219875289114,-0.2374854812497591,0.23268159691377138
1686.5690818323503,0.0021820401307195425,0.008417085704399018,1051.7122752118294,-0.2309497475426885,0.23243666278168043
1687.0345991058343,0.006210422143340111,0.008394673657800417,1052.0025628947474,-0.23966423229560085,0.23132429935865506
1687.5001163793183,0.002517738612368703,0.00837897626766199,1052.2928505776654,-0.2309497475426885,0.23120344815162272
1687.9656336528021,-0.008560311049222946,0.00836224188890105,1052.5831382605832,-0.21352051832163532,0.2309569464206304
1688.4311509262861,-0.01359578873962164,0.008340298093992235,1052.8734259435012,-0.19609128910058216,0.23056092008572115
1688.8966681997701,-0.010238803923130035,0.008333349818413521,1053.1637136264192,-0.2309497475426885,0.2302617192349099
1689.3621854732542,-0.008896009996533394,0.008376587681639493,1053.4540013093372,-0.2331282388733027,0.23053282750952497
1689.827702746738,-0.008224613033235073,0.008368993123580196,1053.7442889922552,-0.2331282388733027,0.23046970024617092
1690.293220020222,-0.00520332669839263,0.00838638907823485,1054.0345766751732,-0.20262728252288031,0.22982087269782303
1690.758737293706,-0.0005035477224737406,0.0083027083081971,1054.3248643580912,-0.2287709964968463,0.22969575422981314
1691.22425456719,0.008560311049222946,0.008228597611917726,1054.6151520410092,-0.24837871704851366,0.22979568250199764
1691.6897718406738,0.01728847250342369,0.008211685039737982,1054.905439723927,-0.2222350030745477,0.22881676331807418
1692.1552891141578,0.01124589890241623,0.00821399334989092,1055.195727406845,-0.2309497475426885,0.22861698222305307
1692.6208063876418,0.0011749446857720613,0.00820706647035471,1055.486015089763,-0.20262728252288031,0.2280297182734885
1693.0863236611256,-0.0021820401307195425,0.008178736928091342,1055.776302772681,-0.2331282388733027,0.2276476983663893
1693.5518409346096,-0.0036926832981407642,0.008174872790361873,1056.066590455599,-0.2287709964968463,0.22713313948958
1694.0173582080936,-0.004867628216743469,0.008102273977651186,1056.356878138517,-0.24620022571789946,0.2270320393007049
1694.4828754815776,0.0011749446857720613,0.007975319589419478,1056.647165821435,-0.10458790061886036,0.22707150656388653
1694.9483927550614,-0.000839246204122901,0.007975319589419478,1056.937453504353,-0.29848765366583097,0.22672084503772308
1695.4139100285454,-0.010574501939117908,0.008088174096457353,1057.2277411872708,-0.35077534132899046,0.22648826990460327
1695.8794273020294,-0.012924391776323318,0.008084396954567709,1057.5180288701888,-0.2331282388733027,0.22642803118193242
1696.3449445755134,-0.011581597849726677,0.008087653221980913,1057.8083165531068,-0.23966423229560085,0.22648591958954956
1696.8104618489972,-0.008224613033235073,0.008083354673385154,1058.0986042360248,-0.10894514299531632,0.2262018245404779
1697.2759791224812,0.0001678492408245802,0.008050110286422657,1058.3888919189428,-0.19173404672412575,0.2252907907020453
1697.7414963959652,0.007217517588287592,0.008035050553015928,1058.6791796018608,-0.2309497475426885,0.2256776904624637
1698.207013669449,-0.0015106431674212217,0.00815531480157029,1058.9694672847788,-0.23966423229560085,0.22557692363134657
1698.672530942933,-0.009063859470188618,0.008136437929787249,1059.2597549676968,-0.21352051832163532,0.22518325530455222
1699.138048216417,-0.010910200886428356,0.008009630580738624,1059.5500426506146,-0.24184298334144305,0.2247004681797414
1699.603565489901,-0.008224613033235073,0.007953020048908346,1059.8403303335326,-0.22441375412038989,0.22447558410120538
1700.0690827633848,-0.007217517588287592,0.007988695842685505,1060.1306180164506,-0.2331282388733027,0.22413174485098325
1700.5346000368688,-0.0028534370940178633,0.00798882767913738,1060.4209056993686,-0.24620022571789946,0.2236609703920067
1701.0001173103528,-0.0028534370940178633,0.008032608885685593,1060.7111933822866,-0.2265922454510041,0.2227489830469784
1701.4656345838368,-0.009903104975819588,0.008047149690441173,1061.0014810652046,-0.2309497475426885,0.2220693184452227
1701.9311518573206,-0.015274280682206154,0.008029854959671808,1061.2917687481226,-0.22441375412038989,0.2217243503423404
1702.3966691308046,-0.01493858266621828,0.00803103532886413,1061.5820564310404,-0.2287709964968463,0.22150745934024244
1702.8621864042887,-0.008392462506890297,0.008125687013268608,1061.8723441139584,-0.24837871704851366,0.22183527026115654
1703.3277036777727,0.000839246204122901,0.008255305021263601,1062.1626317968764,-0.24620022571789946,0.22100129142833186
1703.7932209512564,0.00520332669839263,0.00826568030609003,1062.4529194797944,-0.2265922454510041,0.2210214628314416
1704.2587382247405,0.004531929735094309,0.008260709445267926,1062.7432071627125,-0.23530698991914445,0.22091063849242729
1704.7242554982245,0.007217517588287592,0.008239645696626446,1063.0334948456305,-0.2374854812497591,0.22065072880429432
1705.1897727717082,0.008896009996533394,0.00823913439178481,1063.3237825285485,-0.20044853147703856,0.2205148758000617
1705.6552900451923,-0.0015106431674212217,0.008238702953642311,1063.6140702114665,-0.2331282388733027,0.21964373952140606
1706.1208073186763,-0.009735256433486938,0.008206938176323196,1063.9043578943842,-0.2309497475426885,0.21938182578310228
1706.5863245921603,-0.012924391776323318,0.008158800960992337,1064.1946455773023,-0.24837871704851366,0.21943732779397818
1707.051841865644,-0.009903104975819588,0.008165768783422737,1064.4849332602203,-0.20916301622995093,0.2189609146222244
1707.517359139128,0.0005035477224737406,0.008217887193248815,1064.7752209431383,-0.16776882408077443,0.2177903429659088
1707.982876412612,0.01124589890241623,0.008221603013050438,1065.0655086260563,-0.22005625202870593,0.21804674325472304
1708.448393686096,0.0068818191066384315,0.008202365090359116,1065.3557963089743,-0.1851980533018276,0.21765015733323634
1708.9139109595799,-0.004364080261439085,0.008208141201029077,1065.6460839918923,-0.21569900965224953,0.2174638823236372
1709.379428233064,-0.003524834057316184,0.00814463731277778,1065.9363716748103,-0.22005625202870593,0.2168981673804079
1709.844945506548,0.00553902518004179,0.008123223974961813,1066.226659357728,-0.21134176727579312,0.2164764231592249
1710.310462780032,0.013260089792311192,0.008259514091449385,1066.516947040646,-0.257093461516654,0.2165326698889712
1710.7759800535157,0.02064545638859272,0.008380657322573907,1066.807234723564,-0.2309497475426885,0.21587247152664918
1711.2414973269997,0.023331044241786003,0.008388194226426069,1067.097522406482,-0.22005625202870593,0.21554012411036513
1711.7070146004837,0.01258869282901287,0.008396978730515602,1067.3878100894,-0.013084771852366117,0.21516241963522353
1712.1725318739675,0.002517738612368703,0.008388696446657858,1067.678097772318,-0.2222350030745477,0.21496656031857764
1712.6380491474515,-0.000839246204122901,0.008385180279151175,1067.968385455236,-0.22005625202870593,0.21468034023635602
1713.1035664209355,-0.0028534370940178633,0.008423402305634682,1068.258673138154,-0.20262728252288031,0.21554155441261796
1713.5690836944195,-0.0001678492408245802,0.00855249514705786,1068.548960821072,-0.2265922454510041,0.21595279966704475
1714.0346009679033,0.010574501939117908,0.0085417746759539,1068.83924850399,-0.20916301622995093,0.2153603520028749
1714.5001182413873,0.013260089792311192,0.008511388563246415,1069.129536186908,-0.17430481750307258,0.21507177089073617
1714.9656355148713,0.0057068741880357265,0.008493179117547052,1069.419823869826,-0.178662059879529,0.21463568945360248
1715.4311527883553,-0.000839246204122901,0.008482756168792044,1069.710111552744,-0.2287709964968463,0.21441979559948945
1715.8966700618391,-0.004364080261439085,0.008482632008944429,1070.000399235662,-0.2309497475426885,0.21417386295878407
1716.3621873353231,-0.0021820401307195425,0.008520416884629208,1070.29068691858,-0.20262728252288031,0.21376220671177457
1716.8277046088072,0.002517738612368703,0.008567874616951871,1070.5809746014977,-0.21352051832163532,0.21350439914879568
1717.2932218822912,0.0038605325389653444,0.008572053069803198,1070.8712622844157,-0.178662059879529,0.21321621627982512
1717.758739155775,-0.0001678492408245802,0.008573158788429168,1071.1615499673337,-0.21787776069809173,0.21282583821063766
1718.224256429259,0.0011749446857720613,0.008571315844808032,1071.4518376502517,-0.20262728252288031,0.21261311820931347
1718.689773702743,0.008224613033235073,0.008568320215987043,1071.7421253331697,-0.22005625202870593,0.21236509332856168
1719.1552909762268,0.0021820401307195425,0.008557250347017443,1072.0324130160877,-0.2222350030745477,0.21185811990525127
1719.6208082497108,-0.010238803923130035,0.008562049046925278,1072.3227006990057,-0.21134176727579312,0.21256065219877943
1720.0863255231948,-0.013931486755609512,0.008576429038117825,1072.6129883819237,-0.20262728252288031,0.21142561263119927
1720.5518427966788,-0.009567406959831715,0.008558604105169816,1072.9032760648415,-0.22005625202870593,0.20954764249749935
1721.0173600701626,-0.004531929735094309,0.008558604105169818,1073.1935637477595,-0.21787776069809173,0.2090295898987473
1721.4828773436466,0.00520332669839263,0.008485611342720491,1073.4838514306775,-0.2287709964968463,0.20866306523495157
1721.9483946171306,0.006378271151334047,0.008513863026492301,1073.7741391135955,-0.22441375412038989,0.20914682996190687
1722.4139118906146,-0.0068818191066384315,0.008578930786939186,1074.0644267965135,-0.21134176727579312,0.209262610223627
1722.8794291640984,-0.014435035176575184,0.008576352291353461,1074.3547144794315,-0.21787776069809173,0.20869932036813996
1723.3449464375824,-0.011581597849726677,0.00857954460013388,1074.6450021623496,-0.19609128910058216,0.20833221465277688
1723.8104637110664,-0.007553216069936752,0.008535437727228725,1074.9352898452676,-0.19609128910058216,0.20817202020877257
1724.2759809845504,0.0011749446857720613,0.008470035854834329,1075.2255775281853,-0.21352051832163532,0.21486805064113604
1724.7414982580342,0.007888914085924625,0.008461451671967773,1075.5158652111033,-0.178662059879529,0.21459038163621025
1725.2070155315182,0.0005035477224737406,0.008534450527784832,1075.8061528940214,-0.21134176727579312,0.21430076367117665
1725.6725328050022,-0.009231708012521267,0.008662450853569115,1076.0964405769394,-0.11330264508700072,0.21385470905954915
1726.138050078486,-0.007217517588287592,0.008788587131603909,1076.3867282598574,-0.22441375412038989,0.21353584071286671
1726.60356735197,-0.0021820401307195425,0.008766749420611092,1076.6770159427754,-0.20262728252288031,0.2132669435043442
1727.069084625454,0.0018463416490703821,0.008644925130925771,1076.9673036256934,-0.20262728252288031,0.21304373041160704
1727.534601898938,0.012924391776323318,0.008523460250598828,1077.2575913086114,-0.21787776069809173,0.21273897280945092
1728.0001191724218,0.01594567857682705,0.008513399125702762,1077.5478789915292,-0.20480577385349497,0.21200084950272735
1728.4656364459058,0.004364080261439085,0.008550062657813584,1077.8381666744472,-0.22005625202870593,0.21131673025414535
1728.9311537193898,-0.006210422143340111,0.008550062657813584,1078.1284543573652,-0.19391253805473996,0.2108031305643325
1729.3966709928739,-0.0038605325389653444,0.008539215799583642,1078.4187420402832,-0.20262728252288031,0.21091936883892895
1729.8621882663576,-0.0011749446857720613,0.008539215799583642,1078.7090297232012,-0.20262728252288031,0.2104113369648061
1730.3277055398416,-0.0021820401307195425,0.008542545272532127,1078.9993174061192,-0.06755095084613982,0.21017685824525836
1730.7932228133257,0.002517738612368703,0.008541682199261743,1079.2896050890372,-0.2222350030745477,0.20982312030776823
1731.2587400868094,0.004531929735094309,0.008526826750640273,1079.5798927719552,-0.20262728252288031,0.20949133727433256
1731.7242573602934,0.00520332669839263,0.008472180545183602,1079.870180454873,-0.20916301622995093,0.2088261926898558
1732.1897746337775,0.009735256433486938,0.008432930745150601,1080.160468137791,-0.05230047267092841,0.2130858983350765
1732.6552919072615,0.00520332669839263,0.008433555184651404,1080.450755820709,-0.2614507038931104,0.21313492279052693
1733.1208091807453,-0.0021820401307195425,0.008363202226145457,1080.741043503627,-0.20262728252288031,0.21289750763106918
1733.5863264542293,-0.003524834057316184,0.008342397265993824,1081.031331186545,-0.21134176727579312,0.2130075007175269
1734.0518437277133,-0.000839246204122901,0.008332117510889815,1081.321618869463,-0.1764833088336868,0.21288750608818563
1734.5173610011973,0.003524834057316184,0.008387676280952338,1081.611906552381,-0.20262728252288031,0.21270644762818158
1734.982878274681,0.015609979629516602,0.008394454126327708,1081.9021942352988,-0.20262728252288031,0.21262717995883898
1735.448395548165,0.01594567857682705,0.008297918343079318,1082.1924819182168,-0.1764833088336868,0.21207618003945405
1735.913912821649,0.004867628216743469,0.008061517337220282,1082.4827696011348,-0.20262728252288031,0.21180542972941294
1736.379430095133,-0.004531929735094309,0.007750184406367226,1082.7730572840528,-0.18955529567828355,0.21149353962904546
1736.8449473686169,-0.004867628216743469,0.007659006217534557,1083.0633449669708,-0.22005625202870593,0.21247435211810373
1737.310464642101,-0.0001678492408245802,0.0076812509599988015,1083.3536326498888,-0.20044853147703856,0.21402178213992049
1737.775981915585,0.01191729586571455,0.007732497900056789,1083.6439203328068,-0.29195191995876035,0.21378535186711195
1738.2414991890687,0.02047760784626007,0.007735085374744688,1083.9342080157248,-0.23966423229560085,0.21378535186711198
1738.7070164625527,0.009231708012521267,0.0077371275066882685,1084.2244956986426,-0.16123283065847582,0.21350336844215537
1739.1725337360367,-0.004867628216743469,0.00766945005821092,1084.5147833815606,-0.20262728252288031,0.21344445534186632
1739.6380510095207,-0.00587472366169095,0.007561716938938617,1084.8050710644786,-0.1851980533018276,0.2136780473299611
1740.1035682830045,-0.0028534370940178633,0.00756806900775328,1085.0953587473966,-0.1764833088336868,0.21371250843103237
1740.5690855564885,-0.0001678492408245802,0.007675438541012118,1085.3856464303146,-0.20262728252288031,0.2137788203333618
1741.0346028299725,0.01191729586571455,0.007679279689994277,1085.6759341132326,-0.20698452489933672,0.21334466803572924
1741.5001201034565,0.019638361409306526,0.007683941360885582,1085.9662217961506,-0.19391253805473996,0.21330640196569914
1741.9656373769403,0.011581597849726677,0.0076876412623002694,1086.2565094790687,-0.20044853147703856,0.2129564000570317
1742.4311546504243,0.0018463416490703821,0.00768065106337134,1086.5467971619864,-0.152518345905563,0.21300857817196697
1742.8966719239083,0.0011749446857720613,0.00773231061722174,1086.8370848449044,-0.21134176727579312,0.21275527843306602
1743.3621891973924,0.0028534370940178633,0.007945931981262633,1087.1273725278224,-0.20262728252288031,0.21264264929728827
1743.8277064708761,0.0018463416490703821,0.008074131197809174,1087.4176602107405,-0.19391253805473996,0.212404683900254
1744.2932237443601,0.0031891355756670237,0.008075044243811391,1087.7079478936585,-0.20698452489933672,0.21202003426596097
1744.7587410178442,0.00520332669839263,0.008026116023993791,1087.9982355765765,-0.19391253805473996,0.21182744752233004
1745.224258291328,0.008896009996533394,0.007922702294103317,1088.2885232594945,-0.19609128910058216,0.21175120037046366
1745.689775564812,0.012924391776323318,0.00787456627221009,1088.5788109424125,-0.1764833088336868,0.21122500467031893
1746.155292838296,0.0010070954449474812,0.007864394829539,1088.8690986253303,-0.20262728252288031,0.21108308536030698
1746.62081011178,-0.010910200886428356,0.007849112951856141,1089.1593863082483,-0.1830193022559854,0.21085293211821549
1747.0863273852638,-0.010910200886428356,0.007861933636848057,1089.4496739911663,-0.20480577385349497,0.2105888245072853
1747.5518446587478,-0.0068818191066384315,0.007948665287122134,1089.7399616740843,-0.16776882408077443,0.2104892641159423
1748.0173619322318,-0.0028534370940178633,0.007909563975245091,1090.0302493570023,-0.20262728252288031,0.2103864938698454
1748.4828792057158,0.0011749446857720613,0.007830338535571562,1090.3205370399203,-0.19609128910058216,0.2104443682978494
1748.9483964791996,-0.0001678492408245802,0.00785880160302123,1090.6108247228383,-0.6013200244155765,0.2108196870009862
1749.4139137526836,-0.007217517588287592,0.007937344900686526,1090.901112405756,-0.19391253805473996,0.21110536064942584
1749.8794310261676,-0.01359578873962164,0.007958414719365725,1091.191400088674,-0.20262728252288031,0.21128810831825892
1750.3449482996516,-0.015609979629516602,0.007966268482392649,1091.481687771592,-0.20044853147703856,0.21145769005074108
1750.8104655731354,-0.015609979629516602,0.007973800817129818,1091.77197545451,-0.19173404672412575,0.21208039996264139
1751.2759828466194,-0.007553216069936752,0.00797974237090437,1092.062263137428,-0.20262728252288031,0.21195485515460974
1751.7415001201034,0.002517738612368703,0.008018107414453945,1092.352550820346,-0.20044853147703856,0.21195485515460974
1752.2070173935872,-0.0001678492408245802,0.00820892709221627,1092.642838503264,-0.19609128910058216,0.21195485515460974
1752.6725346670712,-0.007217517588287592,0.008290251700997993,1092.933126186182,-0.16776882408077443,0.2118134248598563
1753.1380519405552,-0.008224613033235073,0.008198014262704317,1093.2234138690999,-0.1721260664572304,0.21168070181771204
1753.6035692140392,-0.00520332669839263,0.008192954141430024,1093.513701552018,-0.16776882408077443,0.21129893323874868
1754.069086487523,-0.000839246204122901,0.008286518994523283,1093.803989234936,-0.24620022571789946,0.21137534353213103
1754.534603761007,0.007217517588287592,0.008292411125517068,1094.094276917854,-0.1830193022559854,0.2120286170286852
1755.000121034491,0.009231708012521267,0.008350504721521188,1094.384564600772,-0.1721260664572304,0.21206794808886623
1755.465638307975,-0.000839246204122901,0.008431463103428943,1094.67485228369,-0.19609128910058216,0.2128133714794781
1755.9311555814588,-0.008224613033235073,0.008471714334578915,1094.965139966608,-0.19609128910058216,0.21253594250603003
1756.3966728549428,-0.008224613033235073,0.008479418719064866,1095.255427649526,-0.178662059879529,0.21225187683200836
1756.8621901284268,-0.00520332669839263,0.008474200385192001,1095.5457153324437,-0.48585167300573096,0.21211650037952265
1757.3277074019106,-0.0011749446857720613,0.008428667680729938,1095.8360030153617,-0.17430481750307258,0.21322835128922635
1757.7932246753946,-0.0001678492408245802,0.0084511297757925,1096.1262906982797,-0.19391253805473996,0.21305861964819467
1758.2587419488787,-0.0031891355756670237,0.008552633658908307,1096.4165783811977,-0.19826978043119636,0.21319922391777998
1758.7242592223627,0.000839246204122901,0.00860297476181972,1096.7068660641157,-0.20262728252288031,0.21319922391777998
1759.1897764958464,0.010574501939117908,0.008615452954708742,1096.9971537470337,-0.20044853147703856,0.2134953271778846
1759.6552937693305,0.006546120624989271,0.00862637182732527,1097.2874414299517,-0.20262728252288031,0.21329523157133728
1760.1208110428145,-0.0018463416490703821,0.008538429461788535,1097.5777291128697,-0.20262728252288031,0.21321950929869707
1760.5863283162985,-0.003524834057316184,0.008435677905927048,1097.8680167957875,-0.20262728252288031,0.2134366172611289
1761.0518455897823,-0.0041962312534451485,0.008422933388686698,1098.1583044787055,-0.1851980533018276,0.2132885761632452
1761.5173628632663,-0.0028534370940178633,0.008424683777559032,1098.4485921616235,-0.21134176727579312,0.21316696866106444
1761.9828801367503,0.006546120624989271,0.008424683777559032,1098.7388798445415,-0.34641809895253406,0.21275450679323005
1762.4483974102343,0.009231708012521267,0.008494527551843163,1099.0291675274595,-0.19391253805473996,0.21285300763700726
1762.913914683718,0.003524834057316184,0.008459864492801809,1099.3194552103776,-0.20262728252288031,0.21202230311777298
1763.379431957202,0.0018463416490703821,0.008258780825338813,1099.6097428932956,-0.19609128910058216,0.21188793111155654
1763.844949230686,0.0005035477224737406,0.008230037441244181,1099.9000305762133,-0.20262728252288031,0.21210692478497903
1764.3104665041699,0.0005035477224737406,0.008217358497839871,1100.1903182591313,-0.20262728252288031,0.21210692478497903
1764.775983777654,0.006546120624989271,0.008197725196345101,1100.4806059420494,-0.1830193022559854,0.21248212489344523
1765.241501051138,0.013260089792311192,0.0082692313567387,1100.7708936249674,-0.23530698991914445,0.21266160344972246
1765.707018324622,0.005035477224737406,0.008397182522802565,1101.0611813078854,-0.1830193022559854,0.2128024700386643
1766.1725355981057,-0.003524834057316184,0.008411093094870476,1101.3514689908034,-0.19826978043119636,0.21284249174538258
1766.6380528715897,-0.003524834057316184,0.008265839576453783,1101.6417566737214,-0.1721260664572304,0.21293782704286585
1767.1035701450737,0.0018463416490703821,0.008202252727474508,1101.9320443566394,-0.1851980533018276,0.2127061334429915
1767.5690874185577,0.009231708012521267,0.008200454860872708,1102.2223320395572,-0.18955529567828355,0.21317582387373155
1768.0346046920415,0.01896696351468563,0.008259195284939038,1102.5126197224752,-0.18955529567828355,0.21309673080292046
1768.5001219655255,0.016952773556113243,0.008462882950173157,1102.8029074053932,-0.19391253805473996,0.21319611393687984
1768.9656392390095,0.002517738612368703,0.008588884454511295,1103.0931950883112,-0.178662059879529,0.21343319693803436
1769.4311565124935,-0.004531929735094309,0.008633038505561469,1103.3834827712292,-0.18955529567828355,0.2134731003967863
1769.8966737859773,-0.0041962312534451485,0.008634990246673234,1103.6737704541472,-0.19391253805473996,0.21377369868595478
1770.3621910594613,-0.0031891355756670237,0.008615330691747422,1103.9640581370652,-0.15687558828201942,0.21599135672741593
1770.8277083329453,-0.0018463416490703821,0.008567521176302651,1104.2543458199832,-0.20262728252288031,0.21647092807236715
1771.2932256064291,0.0011749446857720613,0.008573742276243477,1104.544633502901,-0.20480577385349497,0.2164519697451943
1771.7587428799131,0.007888914085924625,0.008569810446304862,1104.834921185819,-0.19609128910058216,0.2166151559174868
1772.2242601533972,0.013931486755609512,0.00853063945461346,1105.125208868737,-0.20044853147703856,0.21711153002651262
1772.6897774268812,0.01191729586571455,0.008504796746094903,1105.415496551655,-0.20698452489933672,0.2173892456141052
1773.155294700365,-0.000839246204122901,0.008502195767691907,1105.705784234573,-0.20262728252288031,0.21774108194978403
1773.620811973849,-0.010238803923130035,0.008502691253491547,1105.996071917491,-0.23530698991914445,0.2177228454907838
1774.086329247333,-0.011581597849726677,0.008507149327042109,1106.286359600409,-0.24184298334144305,0.21077079788477263
1774.551846520817,-0.009903104975819588,0.008489799223738072,1106.576647283327,-0.20044853147703856,0.2109478424288137
1775.0173637943008,-0.0036926832981407642,0.008461840600494201,1106.8669349662448,-0.2287709964968463,0.2110482374820181
1775.4828810677848,0.009903104975819588,0.00833770894725879,1107.1572226491628,-0.20262728252288031,0.2104419745951009
1775.9483983412688,0.007888914085924625,0.008205205487826207,1107.4475103320808,-0.21134176727579312,0.21109236015364588
1776.4139156147528,-0.008392462506890297,0.008175372017349426,1107.7377980149988,-0.20262728252288031,0.21167075635014052
1776.8794328882366,-0.018295567482709885,0.008175372017349426,1108.0280856979168,-0.20262728252288031,0.21163260911859402
1777.3449501617206,-0.01762416958808899,0.00819737186364913,1108.3183733808348,-0.20262728252288031,0.2117697612812789
1777.8104674352046,-0.009567406959831715,0.008262637575334304,1108.6086610637528,-0.18955529567828355,0.21221675080741334
1778.2759847086884,0.0031891355756670237,0.00827257398795591,1108.8989487466708,-0.1764833088336868,0.21248781383063808
1778.7415019821724,0.01426718570291996,0.008257330069081633,1109.1892364295886,-0.20262728252288031,0.21304108698090618
1779.2070192556564,0.005035477224737406,0.008256995247499609,1109.4795241125066,-0.26580794626956683,0.212881416732659
1779.6725365291404,-0.010238803923130035,0.008230165386159501,1109.7698117954246,-0.20698452489933672,0.21322997925618387
1780.1380538026242,-0.012252994813024998,0.008181778656234602,1110.0600994783426,-0.19609128910058216,0.21364152316651663
1780.6035710761082,-0.008896009996533394,0.008193098739811177,1110.3503871612606,-0.19173404672412575,0.21377738648345268
1781.0690883495922,-0.00587472366169095,0.008203119385037249,1110.6406748441786,-0.16776882408077443,0.21438082431563565
1781.5346056230762,0.0041962312534451485,0.008165800989874065,1110.9309625270967,-0.19391253805473996,0.21482537541038269
1782.00012289656,0.003524834057316184,0.008277251431366142,1111.2212502100144,-0.2309497475426885,0.2105411308612294
1782.465640170044,-0.008224613033235073,0.008401524183965751,1111.5115378929324,-0.24620022571789946,0.21087841638673965
1782.931157443528,-0.013763638213276863,0.008459615473730175,1111.8018255758504,-0.21787776069809173,0.21105537065463909
1783.396674717012,-0.010238803923130035,0.008475287777519548,1112.0921132587684,-0.21134176727579312,0.2111738879389259
1783.8621919904958,-0.004867628216743469,0.008479931035077968,1112.3824009416865,-0.21134176727579312,0.21133684212448975
1784.3277092639798,-0.0057068741880357265,0.008441840196951182,1112.6726886246045,-0.178662059879529,0.2115835563659253
1784.7932265374639,-0.009063859470188618,0.008418227396567389,1112.9629763075225,-0.19391253805473996,0.21172514021060962
1785.2587438109476,-0.008224613033235073,0.008437722088872156,1113.2532639904405,-0.20262728252288031,0.21195204171832377
1785.7242610844316,-0.000839246204122901,0.008440592498607727,1113.5435516733583,-0.1851980533018276,0.21195204171832374
1786.1897783579157,0.004867628216743469,0.008430854105512873,1113.8338393562763,-0.17430481750307258,0.2121804799222753
1786.6552956313997,-0.004867628216743469,0.008427605474164096,1114.1241270391943,-0.1721260664572304,0.21226325811737812
1787.1208129048835,-0.01124589890241623,0.008418852927896764,1114.4144147221123,-0.21134176727579312,0.2104602256530309
1787.5863301783675,-0.008896009996533394,0.008382871950491382,1114.7047024050303,-0.21787776069809173,0.21076512102048972
1788.0518474518515,-0.007721065077930689,0.00838739371190177,1114.9949900879483,-0.2265922454510041,0.21343976731979145
1788.5173647253355,-0.00587472366169095,0.00850081755488707,1115.2852777708663,-0.18955529567828355,0.21363712994634315
1788.9828819988193,0.0011749446857720613,0.008510352134933964,1115.5755654537843,-0.20262728252288031,0.21356152890026206
1789.4483992723033,0.0001678492408245802,0.008567582645657866,1115.865853136702,-0.2265922454510041,0.213722662621742
1789.9139165457873,-0.011581597849726677,0.008687945803228679,1116.15614081962,-0.19826978043119636,0.21471513535255135
1790.379433819271,-0.015106432139873505,0.008665489869934546,1116.446428502538,-0.21787776069809173,0.21454316602664264
1790.844951092755,-0.012924391776323318,0.008654376959518517,1116.736716185456,-0.21134176727579312,0.21421081859515395
1791.310468366239,-0.01124589890241623,0.008681230289856094,1117.027003868374,-0.20480577385349497,0.21449476971051737
1791.775985639723,-0.004699778743088245,0.008692066534144019,1117.317291551292,-0.1721260664572304,0.2149673596152188
1792.241502913207,0.0005035477224737406,0.008702964923297607,1117.60757923421,-0.21134176727579312,0.2151925969252191
1792.707020186691,-0.010238803923130035,0.008685157153796195,1117.897866917128,-0.20262728252288031,0.21538217469821774
1793.172537460175,-0.01930266246199608,0.008493876607110035,1118.188154600046,-0.21352051832163532,0.21571630993056426
1793.638054733659,-0.015274280682206154,0.008337819498494674,1118.478442282964,-0.22005625202870593,0.21592998103158834
1794.1035720071427,-0.009567406959831715,0.00833428186643418,1118.768729965882,-0.21134176727579312,0.21628685932329123
1794.5690892806267,-0.00553902518004179,0.00833605087021347,1119.0590176488,-0.2265922454510041,0.21655661525061884
1795.0346065541107,0.006546120624989271,0.008330742731117577,1119.349305331718,-0.3747405639723418,0.21786525545231947
1795.5001238275947,0.008896009996533394,0.00841827433835941,1119.639593014636,-0.2309497475426885,0.21829499102614056
1795.9656411010785,-0.003524834057316184,0.008518392512898166,1119.929880697554,-0.20044853147703856,0.21829499102614058
1796.4311583745625,-0.010574501939117908,0.008546166130941743,1120.2201683804717,-0.20262728252288031,0.21827599015751104
1796.8966756480465,-0.0068818191066384315,0.00851220829567738,1120.5104560633897,-0.25491471047081227,0.21840897058048714
1797.3621929215303,-0.0005035477224737406,0.00843951624140489,1120.8007437463077,-0.20262728252288031,0.2181052991836709
1797.8277101950143,0.0018463416490703821,0.008388241302194878,1121.0910314292257,-0.23966423229560085,0.2181443480125608
1798.2932274684983,-0.0015106431674212217,0.008414191649591044,1121.3813191121437,-0.19391253805473996,0.21868005873180757
1798.7587447419824,-0.0028534370940178633,0.00855458835106351,1121.6716067950617,-0.20698452489933672,0.21859402586720444
1799.2242620154661,0.004531929735094309,0.008650451343378574,1121.9618944779797,-0.21352051832163532,0.21835838117864076
1799.6897792889501,0.011581597849726677,0.008672020228237069,1122.2521821608977,-0.21352051832163532,0.21857616694175103
1800.1552965624342,0.004531929735094309,0.00871563228501532,1122.5424698438155,-0.11330264508700072,0.21849252956707438
1800.6208138359182,-0.0030212863348424435,0.00870232956927336,1122.8327575267335,-0.257093461516654,0.218733606578545
1801.086331109402,-0.0021820401307195425,0.008685369375516833,1123.1230452096515,-0.25927195284726823,0.2188762399916208
1801.551848382886,0.002517738612368703,0.008654757262533641,1123.4133328925695,-0.19609128910058216,0.2190334639382281
1802.01736565637,0.006210422143340111,0.008524217024127175,1123.7036205754875,-0.21134176727579312,0.21919057510916964
1802.482882929854,0.012924391776323318,0.008356761361312868,1123.9939082584056,-0.22005625202870593,0.21945221414684835
1802.9484002033378,0.009231708012521267,0.00831873956836049,1124.2841959413236,-0.20480577385349497,0.2197180838866605
1803.4139174768218,-0.0003356984816491604,0.008339603548008114,1124.5744836242416,-0.2309497475426885,0.22008524875836527
1803.8794347503058,0.0003356984816491604,0.008240125025143279,1124.8647713071593,-0.2309497475426885,0.21985846430481676
1804.3449520237896,0.0021820401307195425,0.008226133401623365,1125.1550589900774,-0.2222350030745477,0.21957741322981006
1804.8104692972736,0.0005035477224737406,0.00822041798137386,1125.4453466729954,-0.22005625202870593,0.21973736792640383
1805.2759865707576,0.004531929735094309,0.008194625150520558,1125.7356343559134,-0.21134176727579312,0.2198891369021054
1805.7415038442416,0.009231708012521267,0.008149517428352697,1126.0259220388314,-0.257093461516654,0.2203954493254123
1806.2070211177254,-0.0015106431674212217,0.008135547979594473,1126.3162097217494,-0.2287709964968463,0.2209077338886207
1806.6725383912094,-0.01493858266621828,0.00812738804594299,1126.6064974046674,-0.20262728252288031,0.22111638842484854
1807.1380556646934,-0.01493858266621828,0.008123418451397423,1126.8967850875854,-0.21352051832163532,0.22085672086849167
1807.6035729381774,-0.010238803923130035,0.00821525948387755,1127.1870727705032,-0.21352051832163532,0.22044255016583167
1808.0690902116612,-0.006210422143340111,0.008389135848953346,1127.4773604534212,-0.21134176727579312,0.2206537534483799
1808.5346074851452,0.0030212863348424435,0.008389135848953344,1127.7676481363392,-0.22005625202870593,0.22061514878410268
1809.0001247586292,0.006546120624989271,0.008384238181885485,1128.0579358192572,-0.2265922454510041,0.22073576805251593
1809.4656420321132,-0.0005035477224737406,0.008375896147913177,1128.3482235021752,-0.21787776069809173,0.221297486203709
1809.931159305597,-0.006210422143340111,0.008332607288868405,1128.6385111850932,-0.2265922454510041,0.2217159640746846
1810.396676579081,-0.0041962312534451485,0.008321223853717719,1128.9287988680112,-0.20262728252288031,0.22185108158022682
1810.862193852565,-0.0001678492408245802,0.008468388092421309,1129.2190865509292,-0.21134176727579312,0.22220982934111932
1811.3277111260488,-0.0015106431674212217,0.008600556521630023,1129.509374233847,-0.22005625202870593,0.22271325787005447
1811.7932283995328,-0.00520332669839263,0.008593205877896602,1129.799661916765,-0.19609128910058216,0.22245006433100803
1812.2587456730168,-0.004531929735094309,0.008529728869269502,1130.089949599683,-0.2265922454510041,0.22256968918873918
1812.7242629465009,0.004531929735094309,0.008488139809220984,1130.380237282601,-0.4030630289921495,0.2226718169033997
1813.1897802199846,0.014435035176575184,0.008458759506618722,1130.670524965519,-0.21787776069809173,0.2226105454456435
1813.6552974934687,0.0041962312534451485,0.008440062165862017,1130.960812648437,-0.19391253805473996,0.22279381129178763
1814.1208147669527,-0.010238803923130035,0.00844118517411585,1131.251100331355,-0.22005625202870593,0.22256978670826266
1814.5863320404367,-0.016281375661492348,0.008441309943588384,1131.5413880142728,-0.2810584244447778,0.22261164174692985
1815.0518493139205,-0.011581597849726677,0.008407554940238697,1131.8316756971908,-0.21787776069809173,0.2227434300263001
1815.5173665874045,-0.0021820401307195425,0.008410388672821201,1132.1219633801088,-0.1350891166845103,0.2227434300263001
1815.9828838608885,0.007888914085924625,0.008326949088515405,1132.4122510630268,-0.2287709964968463,0.22225293993132605
1816.4484011343725,0.0057068741880357265,0.008274085685720245,1132.7025387459448,-0.2265922454510041,0.22238912736949654
1816.9139184078563,-0.004867628216743469,0.008268626317392424,1132.9928264288628,-0.21134176727579312,0.22288677960982564
1817.3794356813403,-0.007217517588287592,0.00827040936452524,1133.2831141117808,-0.21134176727579312,0.22281113374220582
1817.8449529548243,-0.0028534370940178633,0.008262892488303569,1133.5734017946988,-0.2265922454510041,0.223111080524849
1818.310470228308,-0.002517738612368703,0.008301043214671197,1133.8636894776166,-0.21787776069809173,0.22331578732268229
1818.775987501792,-0.0001678492408245802,0.008337882642925133,1134.1539771605346,-0.22005625202870593,0.223461056806591
1819.241504775276,0.004867628216743469,0.00828999759719182,1134.4442648434526,-0.22005625202870593,0.22368478186332919
1819.70702204876,-0.0028534370940178633,0.008284278559812806,1134.7345525263706,-0.3137383915562699,0.22387836401726954
1820.172539322244,-0.012924391776323318,0.008277410499160007,1135.0248402092886,-0.21134176727579312,0.2219496681261688
1820.638056595728,-0.01359578873962164,0.00824034867085307,1135.3151278922066,-0.20262728252288031,0.22192857921928313
1821.103573869212,-0.007217517588287592,0.008248652225702164,1135.6054155751247,-0.20262728252288031,0.22202301000927566
1821.569091142696,0.0005035477224737406,0.008328956791919185,1135.8957032580427,-0.21134176727579312,0.22226025767963498
1822.0346084161797,0.007888914085924625,0.008350173634922645,1136.1859909409604,-0.16123283065847582,0.2217567050139874
1822.5001256896637,0.007049668114632368,0.008351939272618632,1136.4762786238784,-0.21134176727579312,0.2224285517738397
1822.9656429631477,-0.0068818191066384315,0.00837158832971574,1136.7665663067964,-0.257093461516654,0.22208414167656107
1823.4311602366315,-0.01896696351468563,0.00839671216574418,1137.0568539897145,-0.2265922454510041,0.22229169197803522
1823.8966775101155,-0.01762416958808899,0.008394830486328669,1137.3471416726325,-0.21787776069809173,0.22225417016319962
1824.3621947835995,-0.0117494473233819,0.008437878128718835,1137.6374293555505,-0.22441375412038989,0.2236276663390546
1824.8277120570835,-0.009735256433486938,0.00845134785528895,1137.9277170384685,-0.22005625202870593,0.22378948346743752
1825.2932293305673,-0.008560311049222946,0.00845134785528895,1138.2180047213865,-0.2287709964968463,0.22459209084183016
1825.7587466040513,-0.00553902518004179,0.008449353694272906,1138.5082924043043,-0.2265922454510041,0.22441187671684432
1826.2242638775353,0.0036926832981407642,0.00845022619762331,1138.7985800872223,-0.22005625202870593,0.2237942563326389
1826.6897811510194,0.009735256433486938,0.008451223234010936,1139.0888677701403,-0.22005625202870593,0.22384866430897746
1827.1552984245031,0.0028534370940178633,0.008482243966015395,1139.3791554530583,-0.2309497475426885,0.22382953810326778
1827.6208156979872,-0.004867628216743469,0.008472926365504863,1139.6694431359763,-0.22005625202870593,0.2236942276042761
1828.0863329714712,-0.0068818191066384315,0.00846633574444182,1139.9597308188943,-0.22005625202870593,0.2236942276042761
1828.5518502449552,-0.00520332669839263,0.008466289094409022,1140.2500185018123,-0.17430481750307258,0.22351298976023715
1829.017367518439,-0.000839246204122901,0.008503480885005821,1140.54030618473,-0.23966423229560085,0.22323772759181362
1829.482884791923,0.009735256433486938,0.008501003397331517,1140.830593867648,-0.22441375412038989,0.2231388409237681
1829.948402065407,0.010238803923130035,0.008554603731503966,1141.120881550566,-0.21352051832163532,0.22322073740388015
1830.4139193388908,0.0005035477224737406,0.008670046447806773,1141.411169233484,-0.24620022571789946,0.22338126056591895
1830.8794366123748,-0.0031891355756670237,0.008760680376753918,1141.701456916402,-0.2287709964968463,0.22301126865431461
1831.3449538858588,-0.0018463416490703821,0.00883919296339302,1141.99174459932,-0.21787776069809173,0.22303225518707764
1831.8104711593428,0.0023498893715441227,0.008724781228702199,1142.282032282238,-0.20262728252288031,0.22320672649080195
1832.2759884328266,0.015106432139873505,0.00860995008774323,1142.572319965156,-0.20262728252288031,0.22326604382161308
1832.7415057063106,0.02232394926249981,0.008684975259809371,1142.862607648074,-0.23966423229560085,0.22332534539717885
1833.2070229797946,0.010238803923130035,0.008869762236874159,1143.152895330992,-0.20698452489933672,0.22319529418422557
1833.6725402532786,-0.0038605325389653444,0.008992478831246969,1143.44318301391,-0.22441375412038989,0.22319529418422554
1834.1380575267624,-0.0041962312534451485,0.009017741528005855,1143.733470696828,-0.24184298334144305,0.22275599646263197
1834.6035748002464,0.0021820401307195425,0.009024046151616711,1144.023758379746,-0.23966423229560085,0.2226400581997127
1835.0690920737304,0.0068818191066384315,0.009004768160129788,1144.314046062664,-0.21787776069809173,0.2230208104772872
1835.5346093472144,0.016281375661492348,0.008998098891366204,1144.604333745582,-0.2265922454510041,0.22327796125728958
1836.0001266206982,0.016281375661492348,0.009011242567344818,1144.8946214285,-0.2331282388733027,0.22320244796565258
1836.4656438941822,0.0031891355756670237,0.00901124256734482,1145.1849091114177,-0.13073187430805389,0.22304816270471803
1836.9311611676662,-0.0031891355756670237,0.009003642334309819,1145.4751967943357,-0.22441375412038989,0.2232975343828027
1837.39667844115,0.0018463416490703821,0.009020004107392933,1145.7654844772537,-0.2287709964968463,0.22308217290961466
1837.862195714634,0.002517738612368703,0.0091143231887277,1146.0557721601717,-0.22005625202870593,0.2207423630087662
1838.327712988118,-0.000839246204122901,0.009050966345607652,1146.3460598430897,-0.21134176727579312,0.22090950655737482
1838.793230261602,-0.0018463416490703821,0.009043050105485497,1146.6363475260077,-0.17430481750307258,0.22119999942197063
1839.2587475350858,-0.0005035477224737406,0.008997864782259035,1146.9266352089257,-0.2309497475426885,0.2211798443012381
1839.7242648085698,0.008560311049222946,0.008863422140459851,1147.2169228918438,-0.21352051832163532,0.2205949098499981
1840.1897820820539,0.015274280682206154,0.008812895661019126,1147.5072105747615,-0.21787776069809173,0.2204404071059608
1840.6552993555379,0.0041962312534451485,0.008855457178244057,1147.7974982576795,-0.14598235248326485,0.22112007952062643
1841.1208166290216,-0.0057068741880357265,0.008877907146206253,1148.0877859405975,-0.22005625202870593,0.2218411512540096
1841.5863339025057,-0.003524834057316184,0.00890238588076934,1148.3780736235155,-0.2309497475426885,0.22079322776880778
1842.0518511759897,0.0018463416490703821,0.008890073490574024,1148.6683613064336,-0.20262728252288031,0.2207738368629253
1842.5173684494737,0.009567406959831715,0.008901202732224679,1148.9586489893516,-0.23530698991914445,0.22085339420016886
1842.9828857229575,0.020981155335903168,0.008897060490959003,1149.2489366722696,-0.23530698991914445,0.22081201198140782
1843.4484029964415,0.01728847250342369,0.008929201064962845,1149.5392243551873,-0.23530698991914445,0.22065766125061315
1843.9139202699255,0.002517738612368703,0.008983880954695874,1149.8295120381053,-0.23530698991914445,0.22069867287035297
1844.3794375434093,-0.004531929735094309,0.009012674206269342,1150.1197997210234,-0.24620022571789946,0.22061905973912915
1844.8449548168933,-0.00553902518004179,0.009028436358353964,1150.4100874039414,-0.22005625202870593,0.2193268510595034
1845.3104720903773,-0.0036926832981407642,0.008944050570785848,1150.7003750868594,-0.2287709964968463,0.21855229918273536
1845.7759893638613,0.00520332669839263,0.00884700887600983,1150.9906627697774,-0.21134176727579312,0.21862941861380805
1846.241506637345,0.01594567857682705,0.008886207547397908,1151.2809504526954,-0.2287709964968463,0.21878681993054608
1846.707023910829,0.009231708012521267,0.009007925554765536,1151.5712381356134,-0.20262728252288031,0.21878681993054608
1847.172541184313,-0.0018463416490703821,0.009023112405239144,1151.8615258185312,-0.27016518864602324,0.22250232304867262
1847.6380584577971,-0.006210422143340111,0.008999810552890172,1152.1518135014492,-0.20262728252288031,0.22264254208948425
1848.103575731281,-0.0068818191066384315,0.009019449455460895,1152.4421011843672,-0.21787776069809173,0.22213506084994136
1848.569093004765,-0.0021820401307195425,0.008933210506790157,1152.7323888672852,-0.20262728252288031,0.2219945212675197
1849.034610278249,0.009903104975819588,0.008780164443474785,1153.0226765502032,-0.3333461121079373,0.22187818511044885
1849.5001275517327,0.01258869282901287,0.008708938133794725,1153.3129642331212,-0.2309497475426885,0.2244120180638049
1849.9656448252167,0.004531929735094309,0.008662329256144132,1153.6032519160392,-0.2265922454510041,0.2240360050639202
1850.4311620987007,-0.0023498893715441227,0.00862943884480155,1153.8935395989572,-0.23966423229560085,0.22348593244943885
1850.8966793721847,-0.002517738612368703,0.008615391833852605,1154.183827281875,-0.19391253805473996,0.22342488425271895
1851.3621966456685,-0.0028534370940178633,0.00865084705709149,1154.474114964793,-0.20262728252288031,0.22342488425271895
1851.8277139191525,-0.009735256433486938,0.008676330616301351,1154.764402647711,-0.20916301622995093,0.22342488425271895
1852.2932311926365,-0.012252994813024998,0.008675359450955404,1155.054690330629,-0.20480577385349497,0.22274079341670847
1852.7587484661206,-0.008560311049222946,0.008669287201468985,1155.344978013547,-0.20480577385349497,0.2224442363691767
1853.2242657396043,-0.0001678492408245802,0.008646295574958674,1155.635265696465,-0.21134176727579312,0.22234599439143818
1853.6897830130883,0.008224613033235073,0.008632886014868349,1155.925553379383,-0.20044853147703856,0.22257024422971863
1854.1553002865724,0.0005035477224737406,0.008638008484955665,1156.215841062301,-0.21134176727579312,0.22222605373016863
1854.6208175600564,-0.009903104975819588,0.008593343778178504,1156.5061287452188,-0.2287709964968463,0.22203033199639544
1855.0863348335401,-0.015274280682206154,0.008536902861132414,1156.7964164281368,-0.2287709964968463,0.22215137856627998
1855.5518521070242,-0.01594567857682705,0.008544918241921181,1157.0867041110548,-0.22005625202870593,0.22179633583468367
1856.0173693805082,-0.012252994813024998,0.008582551620768665,1157.3769917939728,-0.2309497475426885,0.2213494499138331
1856.482886653992,-0.0028534370940178633,0.008581447112408313,1157.6672794768908,-0.2222350030745477,0.2204356297941945
1856.948403927476,-0.0031891355756670237,0.008595136049003534,1157.9575671598088,-0.22005625202870593,0.2213971067459966
1857.41392120096,-0.015609979629516602,0.008473656611593024,1158.2478548427268,-0.22005625202870593,0.22153241872973767
1857.879438474444,-0.019638361409306526,0.008212775171589469,1158.5381425256448,-0.19609128910058216,0.22114970411133697
1858.3449557479278,-0.015609979629516602,0.00821674965840109,1158.8284302085626,-0.22005625202870593,0.22120777061374086
1858.8104730214118,-0.009567406959831715,0.008328782893967686,1159.1187178914806,-0.17430481750307258,0.2212494798187919
1859.2759902948958,-0.003524834057316184,0.008340534848834659,1159.4090055743986,-0.20480577385349497,0.22095734506644668
1859.7415075683798,0.0011749446857720613,0.008369779629119195,1159.6992932573166,-0.2636294549389526,0.22089198323964773
1860.2070248418636,-0.0021820401307195425,0.008418086645114611,1159.9895809402346,-0.2309497475426885,0.22103743838436074
1860.6725421153476,-0.005035477224737406,0.00827957328752828,1160.2798686231527,-0.20262728252288031,0.2209157814531389
1861.1380593888316,-0.0015106431674212217,0.008137149858768391,1160.5701563060707,-0.20262728252288031,0.2207904386657983
1861.6035766623156,0.003524834057316184,0.008176660222003597,1160.8604439889884,-0.22441375412038989,0.2215351294086457
1862.0690939357994,0.007217517588287592,0.008268292007139464,1161.1507316719064,-0.20262728252288031,0.22149427266627159
1862.5346112092834,0.01426718570291996,0.008281656044482433,1161.4410193548244,-0.2265922454510041,0.22133238095469382
1863.0001284827674,0.009231708012521267,0.008278221638662433,1161.7313070377425,-0.23530698991914445,0.2214360834291238
1863.4656457562512,-0.0015106431674212217,0.008297283683592848,1162.0215947206605,-0.2265922454510041,0.22159789937929655
1863.9311630297352,-0.0041962312534451485,0.008336540451058316,1162.3118824035785,-0.21787776069809173,0.22212418674551065
1864.3966803032192,-0.0028534370940178633,0.008384034052653498,1162.6021700864965,-0.2265922454510041,0.22194166680783647
1864.8621975767032,-0.006210422143340111,0.008508851490648176,1162.8924577694145,-0.20044853147703856,0.22208363811137644
1865.327714850187,-0.009231708012521267,0.008571131553366614,1163.1827454523323,-0.22441375412038989,0.22210371121605482
1865.793232123671,-0.010238803923130035,0.008589911430272636,1163.4730331352503,-0.29413041128937456,0.22261396173926548
1866.258749397155,-0.008896009996533394,0.008585082300897544,1163.7633208181683,0.04138140714140759,0.2226960512437984
1866.724266670639,0.0005035477224737406,0.008604076548056661,1164.0536085010863,-0.20916301622995093,0.22247571851741493
1867.1897839441228,0.008560311049222946,0.008612564434189897,1164.3438961840043,-0.22005625202870593,0.2226304004886788
1867.6553012176068,0.0005035477224737406,0.00857314345823278,1164.6341838669223,-0.2222350030745477,0.22248458863521417
1868.1208184910909,-0.008224613033235073,0.008332417728554479,1164.9244715498403,-0.20044853147703856,0.22225965547542317
1868.5863357645749,-0.010238803923130035,0.008167735497883704,1165.2147592327583,-0.22441375412038989,0.22199612988991613
1869.0518530380587,-0.008896009996533394,0.008210995693181027,1165.505046915676,-0.21134176727579312,0.22222182671768215
1869.5173703115427,-0.006210422143340111,0.008289124154310958,1165.795334598594,-0.19391253805473996,0.22263377906830062
1869.9828875850267,0.0021820401307195425,0.00827539037510024,1166.085622281512,-0.09151617348949115,0.22247909944604555
1870.4484048585105,0.0003356984816491604,0.008336761556023154,1166.37590996443,-0.21134176727579312,0.2225427991501031
1870.9139221319945,-0.01124589890241623,0.008380233180983097,1166.666197647348,-0.22005625202870593,0.22266237418626766
1871.3794394054785,-0.015274280682206154,0.008250663022419967,1166.956485330266,-0.21134176727579312,0.22256024213856407
1871.8449566789625,-0.009567406959831715,0.008202397210913788,1167.246773013184,-0.44881446351778287,0.22256024213856407
1872.3104739524463,-0.0021820401307195425,0.008272208005278853,1167.5370606961021,-0.2265922454510041,0.22212618514139218
1872.7759912259303,0.009231708012521267,0.008330442484568126,1167.82734837902,-0.20480577385349497,0.22173758772297977
1873.2415084994143,0.013931486755609512,0.00830955550297093,1168.117636061938,-0.21134176727579312,0.22173758772297977
1873.7070257728983,0.004531929735094309,0.00830955550297093,1168.407923744856,-0.20480577385349497,0.22187269206000937
1874.172543046382,-0.0021820401307195425,0.008254364083037221,1168.698211427774,-0.4139562647909045,0.2206311703635296
1874.638060319866,-0.0028534370940178633,0.008164946522944538,1168.988499110692,-0.17430481750307258,0.22052708938047644
1875.10357759335,-0.003524834057316184,0.008172940093323934,1169.27878679361,-0.16123283065847582,0.2208632806463422
1875.5690948668341,-0.0021820401307195425,0.008203809515808534,1169.569074476528,-0.22005625202870593,0.22053523370593878
1876.034612140318,0.008896009996533394,0.008200214071069505,1169.8593621594457,-0.22005625202870593,0.22074424034156787
1876.500129413802,0.01191729586571455,0.008213047719121023,1170.1496498423637,-0.22005625202870593,0.22072564905338582
1876.965646687286,0.002517738612368703,0.008181006312712435,1170.4399375252817,-0.14380360143742266,0.22099329897440334
1877.4311639607697,-0.003524834057316184,0.008117030636689926,1170.7302252081997,-0.1851980533018276,0.22081456563629687
1877.8966812342537,-0.0021820401307195425,0.008080015259801383,1171.0205128911177,-0.20916301622995093,0.22081456563629687
1878.3621985077377,-0.0015106431674212217,0.00809564185365017,1171.3108005740357,-0.20262728252288031,0.22073820963257496
1878.8277157812217,-0.0031891355756670237,0.00807023327456172,1171.6010882569537,-0.20262728252288031,0.22097442765418762
1879.2932330547055,-0.003524834057316184,0.00807727749841679,1171.8913759398718,-0.20262728252288031,0.22082501173157604
1879.7587503281895,-0.0011749446857720613,0.008073495258613218,1172.1816636227895,-0.2265922454510041,0.22062402589821692
1880.2242676016735,0.0038605325389653444,0.008025213818125786,1172.4719513057075,-0.20916301622995093,0.22048111472911452
1880.6897848751576,0.008896009996533394,0.007969242627693426,1172.7622389886255,-0.1764833088336868,0.22038199763193972
1881.1553021486413,0.0011749446857720613,0.00794467267304214,1173.0525266715435,-0.06537219980029763,0.22038199763193972
1881.6208194221254,-0.00553902518004179,0.007959026771563252,1173.3428143544616,-0.29413041128937456,0.2201319429747648
1882.0863366956094,-0.002517738612368703,0.007953467011939134,1173.6331020373796,-0.21787776069809173,0.2199755041497476
1882.5518539690931,0.0057068741880357265,0.007821271102003254,1173.9233897202976,-0.19826978043119636,0.2198378215000483
1883.0173712425772,0.010574501939117908,0.007637782649258812,1174.2136774032156,-0.21352051832163532,0.22019712995586474
1883.4828885160612,0.014602883718907833,0.007491172368724302,1174.5039650861333,-0.2287709964968463,0.22011733542418316
1883.9484057895452,0.006210422143340111,0.007463565175177363,1174.7942527690514,-0.21134176727579312,0.22042034605306596
1884.413923063029,-0.007553216069936752,0.007551856283495608,1175.0845404519694,-0.2331282388733027,0.22053745123910815
1884.879440336513,-0.011581597849726677,0.00765367572417386,1175.3748281348874,-0.2331282388733027,0.21977324097878945
1885.344957609997,-0.0041962312534451485,0.00768251913922129,1175.6651158178054,-0.21352051832163532,0.21977324097878945
1885.810474883481,0.0038605325389653444,0.0076880864760361335,1175.9554035007234,-0.22005625202870593,0.21956239889385568
1886.2759921569648,0.008896009996533394,0.007724440520294579,1176.2456911836414,-0.2287709964968463,0.21947095179406936
1886.7415094304488,0.013092241249978542,0.007717347180929697,1176.5359788665594,-0.22005625202870593,0.21934963701062368
1887.2070267039328,0.00520332669839263,0.0077043713307878734,1176.8262665494772,-0.21134176727579312,0.2193496370106237
1887.6725439774168,0.0005035477224737406,0.007592557178676496,1177.1165542323952,-0.2309497475426885,0.2196637015586558
1888.1380612509006,0.00587472366169095,0.0075476188886387935,1177.4068419153132,-0.2287709964968463,0.21951591910583879
1888.6035785243846,0.008560311049222946,0.007550130227243286,1177.6971295982312,-0.23530698991914445,0.21937370160269729
1889.0690957978686,0.009231708012521267,0.007568521249323094,1177.9874172811492,-0.21134176727579312,0.21873788968044428
1889.5346130713524,0.01728847250342369,0.007566433611767975,1178.2777049640672,-0.2287709964968463,0.21882386598350964
1890.0001303448364,0.018631266430020332,0.0075951923264877584,1178.5679926469852,-0.22005625202870593,0.21875087083547015
1890.4656476183204,0.007217517588287592,0.0075951923264877584,1178.8582803299032,-0.21352051832163532,0.21862915648781658
1890.9311648918044,-0.004867628216743469,0.0075870065040683395,1179.148568012821,-0.2287709964968463,0.2178551048378104
1891.3966821652882,-0.0068818191066384315,0.007596630873423387,1179.438855695739,-0.20698452489933672,0.2186974180772726
1891.8621994387722,-0.004364080261439085,0.0075964922304336295,1179.729143378657,-0.22005625202870593,0.21863990453186852
1892.3277167122562,-0.004364080261439085,0.007581972701787805,1180.019431061575,-0.22005625202870593,0.21857933177839528
1892.7932339857402,-0.0021820401307195425,0.007582667218776637,1180.309718744493,-0.21134176727579312,0.21843934753452512
1893.258751259224,0.0028534370940178633,0.007561020466889695,1180.600006427411,-0.20698452489933672,0.21853528605375913
1893.724268532708,0.009063859470188618,0.007506919869708281,1180.890294110329,-0.257093461516654,0.2182804738750348
1894.189785806192,0.01258869282901287,0.0074694190976345365,1181.1805817932468,-0.28323717549062,0.21820323111667686
1894.655303079676,0.002517738612368703,0.00749110207336008,1181.4708694761648,-0.20262728252288031,0.2174164914196303
1895.1208203531598,-0.01107805036008358,0.007499111696219837,1181.7611571590828,-0.23530698991914445,0.21749157086433554
1895.5863376266439,-0.010238803923130035,0.00749919947360303,1182.0514448420008,-0.22441375412038989,0.2182542112614128
1896.0518549001279,-0.004867628216743469,0.007432898183645712,1182.3417325249188,-0.21787776069809173,0.22068223507155482
1896.5173721736116,0.0005035477224737406,0.0073538902879338045,1182.6320202078368,-0.20262728252288031,0.22060583326563496
1896.9828894470957,0.01124589890241623,0.00729637816460893,1182.9223078907548,-0.2287709964968463,0.21703666512810277
1897.4484067205797,0.01191729586571455,0.00731799817912249,1183.2125955736728,-0.15033959485972126,0.2168150848501194
1897.9139239940637,0.0031891355756670237,0.007272956369071986,1183.5028832565906,-0.21787776069809173,0.21647106365225027
1898.3794412675475,-0.0021820401307195425,0.007148070040070976,1183.7931709395086,-0.21787776069809173,0.2166365882385142
1898.8449585410315,-0.0005035477224737406,0.007168668224361461,1184.0834586224266,-0.2287709964968463,0.21620488825652218
1899.3104758145155,0.0011749446857720613,0.007365338813362265,1184.3737463053446,-0.22005625202870593,0.21315287427126495
1899.7759930879995,0.00587472366169095,0.007533442052357484,1184.6640339882626,-0.25927195284726823,0.21348603355619195
1900.2415103614833,0.007721065077930689,0.007530785296104359,1184.9543216711807,-0.20480577385349497,0.21389428725628534
1900.7070276349673,-0.0001678492408245802,0.007529246745584982,1185.2446093540987,-0.21787776069809173,0.21400159416749792
1901.1725449084513,-0.00553902518004179,0.007480409237027345,1185.5348970370167,-0.20044853147703856,0.21380249333110662
1901.6380621819353,-0.006210422143340111,0.007392030595072293,1185.8251847199344,-0.2374854812497591,0.2137203113137361
1902.103579455419,-0.006210422143340111,0.007434226457706209,1186.1154724028524,-0.1830193022559854,0.21416541093792593
1902.569096728903,-0.0030212863348424435,0.00757179071083178,1186.4057600857705,-0.20480577385349497,0.21437152079579186
1903.0346140023871,0.00520332669839263,0.007571790710831781,1186.6960477686885,-0.20262728252288031,0.21453701102537903
1903.500131275871,0.004867628216743469,0.0076024689030900474,1186.9863354516065,-0.2265922454510041,0.21432101776869
1903.965648549355,-0.003524834057316184,0.007610776481035768,1187.2766231345245,-0.19391253805473996,0.21432101776869
1904.431165822839,-0.009567406959831715,0.007605239104975753,1187.5669108174425,-0.20698452489933672,0.2144607943894565
1904.896683096323,-0.012252994813024998,0.007613543658803343,1187.8571985003605,-0.21352051832163532,0.2135138680666797
1905.3622003698067,-0.01258869282901287,0.007731374098242631,1188.1474861832783,-0.20916301622995093,0.21349402615614313
1905.8277176432907,-0.01040665339678526,0.007774166692643698,1188.4377738661963,-0.2309497475426885,0.2136726547477081
1906.2932349167747,-0.0057068741880357265,0.007775385877569581,1188.7280615491143,-0.19391253805473996,0.21441881088920953
1906.7587521902587,-0.000839246204122901,0.007828303916733484,1189.0183492320323,-0.20262728252288031,0.21306547374448315
1907.2242694637425,0.004531929735094309,0.007899687590632727,1189.3086369149503,-0.20480577385349497,0.21296394670633018
1907.6897867372265,0.009063859470188618,0.007917216779222047,1189.5989245978683,-0.23530698991914445,0.21298300721541685
1908.1553040107106,0.002517738612368703,0.007884824763141222,1189.8892122807863,-0.21134176727579312,0.21294259288265557
1908.6208212841943,-0.0068818191066384315,0.007775876891019902,1190.179499963704,-0.21134176727579312,0.21273416007043813
1909.0863385576783,-0.012420844286680222,0.00775553340497217,1190.469787646622,-0.21787776069809173,0.21271403450521012
1909.5518558311624,-0.012924391776323318,0.00775553340497217,1190.76007532954,-0.1830193022559854,0.2122207505854158
1910.0173731046464,-0.007217517588287592,0.007770186075740059,1191.050363012458,-0.2309497475426885,0.21161114920435573
1910.4828903781302,0.00587472366169095,0.007760420696881077,1191.340650695376,-0.1764833088336868,0.2113438941207216
1910.9484076516142,0.007888914085924625,0.007765711802158763,1191.630938378294,-0.19173404672412575,0.21103132190286858
1911.4139249250982,-0.000839246204122901,0.0077180977417799085,1191.921226061212,-0.21134176727579312,0.21080111214529745
1911.8794421985822,-0.00553902518004179,0.007615704814533689,1192.2115137441301,-0.20262728252288031,0.21063774350715211
1912.344959472066,-0.004531929735094309,0.007602971074419974,1192.501801427048,-0.257093461516654,0.21055769704390517
1912.81047674555,-0.003524834057316184,0.007602832547048234,1192.792089109966,-0.22005625202870593,0.21022707333198767
1913.275994019034,0.002517738612368703,0.007582441491451905,1193.082376792884,-0.21134176727579312,0.20989931044670174
1913.741511292518,0.0068818191066384315,0.007556143570009565,1193.372664475802,-0.1329103656386681,0.20966087569662156
1914.2070285660018,-0.0021820401307195425,0.007532690565720616,1193.66295215872,-0.23530698991914445,0.209766116161377
1914.6725458394858,-0.009231708012521267,0.007345094990452913,1193.953239841638,-0.19173404672412575,0.20940034889710085
1915.1380631129698,-0.009231708012521267,0.007138578554778063,1194.243527524556,-0.21134176727579312,0.2092162726280646
1915.6035803864536,-0.009567406959831715,0.007205158015745765,1194.533815207474,-0.22441375412038989,0.20911499805964648
1916.0690976599376,-0.009735256433486938,0.00736004603448614,1194.8241028903917,-0.20262728252288031,0.2084349174526662
1916.5346149334216,-0.0001678492408245802,0.007347155900174713,1195.1143905733097,-0.20262728252288031,0.2083557255902786
1917.0001322069056,0.007049668114632368,0.007350111887269477,1195.4046782562277,-0.21352051832163532,0.20821035930568618
1917.4656494803894,0.0011749446857720613,0.007349198347171796,1195.6949659391457,-0.20698452489933672,0.20789307579658423
1917.9311667538734,-0.0057068741880357265,0.007346618323138681,1195.9852536220637,-0.21134176727579312,0.20765992124789823
1918.3966840273574,-0.0041962312534451485,0.00736094034828905,1196.2755413049817,-0.19609128910058216,0.20758043372494187
1918.8622013008414,0.004364080261439085,0.007456276589927095,1196.5658289878997,-0.20262728252288031,0.20679215291208936
1919.3277185743252,0.008560311049222946,0.007573581347858303,1196.8561166708178,-0.030514001073419283,0.2059052256849252
1919.7932358478092,0.0041962312534451485,0.0076048063070629475,1197.1464043537355,-0.10894514299531632,0.2056801680329524
1920.2587531212932,0.0005035477224737406,0.0075708865080093835,1197.4366920366535,-0.28323717549062,0.2055006381044463
1920.7242703947772,0.004531929735094309,0.007631574837440242,1197.7269797195715,-0.4030630289921495,0.20530917383093567
1921.189787668261,0.01040665339678526,0.007689730176693213,1198.0172674024896,-0.20262728252288031,0.21251205361620748
1921.655304941745,0.0011749446857720613,0.007725718643641454,1198.3075550854076,-0.1851980533018276,0.21245474244352247
1922.120822215229,-0.006210422143340111,0.007680599588409379,1198.5978427683256,-0.20262728252288031,0.21224583054569024
1922.5863394887128,-0.0038605325389653444,0.007601343209136644,1198.8881304512436,-0.16123283065847582,0.21257582231946914
1923.0518567621968,0.0011749446857720613,0.00761878123662079,1199.1784181341613,-0.2287709964968463,0.2122860657130367
1923.5173740356809,0.007217517588287592,0.007731220831646818,1199.4687058170794,-0.14816084381387906,0.21214485622604698
1923.9828913091649,0.01762416958808899,0.007756925225772949,1199.7589934999974,-0.1764833088336868,0.2119356388634449
1924.4484085826487,0.016617074608802795,0.007770355497690737,1200.0492811829154,-0.21352051832163532,0.21175376651811798
1924.9139258561327,0.0028534370940178633,0.007797146640649611,1200.3395688658334,-0.21134176727579312,0.21117559768118477
1925.3794431296167,-0.0015106431674212217,0.007784523671638883,1200.6298565487514,-0.2309497475426885,0.21109827683500942
1925.8449604031007,0.000839246204122901,0.007789392782155581,1200.9201442316694,-0.19826978043119636,0.21095627226977792
1926.3104776765845,0.0011749446857720613,0.007781546603871442,1201.2104319145874,-0.21134176727579312,0.21055211676483035
1926.7759949500685,0.008560311049222946,0.007759182187537679,1201.5007195975052,-0.20262728252288031,0.21029153624906127
1927.2415122235525,0.015274280682206154,0.007764474135622311,1201.7910072804232,-0.20916301622995093,0.2104594991549986
1927.7070294970365,0.0021820401307195425,0.007799611396336569,1202.0812949633412,-0.2265922454510041,0.2104794187663894
1928.1725467705203,-0.007217517588287592,0.007830742044815726,1202.3715826462592,-0.1764833088336868,0.21055949498797003
1928.6380640440043,-0.004867628216743469,0.007844851501612495,1202.6618703291772,-0.20262728252288031,0.21031157943462783
1929.1035813174883,-0.0018463416490703821,0.007841225780581652,1202.9521580120952,-0.21787776069809173,0.2103883483222895
1929.569098590972,0.0038605325389653444,0.0078121594329968605,1203.2424456950132,-0.08933742244364895,0.21009462265095846
1930.034615864456,0.014435035176575184,0.007753292350989937,1203.5327333779312,-0.20698452489933672,0.20997422854725886
1930.50013313794,0.012252994813024998,0.007780412996683992,1203.823021060849,-0.19826978043119636,0.20997422854725886
1930.9656504114241,-0.0018463416490703821,0.00775269802612847,1204.113308743767,-0.19609128910058216,0.20970076436854218
1931.431167684908,-0.010910200886428356,0.007743675682411851,1204.403596426685,-0.15687558828201942,0.2094419796752245
1931.896684958392,-0.01124589890241623,0.007758537411333761,1204.693884109603,-0.20698452489933672,0.2094419796752245
1932.362202231876,-0.007888914085924625,0.007746310408340503,1204.984171792521,-0.20044853147703856,0.20927129463040797
1932.82771950536,-0.007553216069936752,0.0076974305188210355,1205.274459475439,-0.20916301622995093,0.20895148198280028
1933.2932367788437,-0.00553902518004179,0.0077145148336757305,1205.564747158357,-0.20698452489933672,0.20887078928719702
1933.7587540523277,-0.0021820401307195425,0.007800100879040196,1205.855034841275,-0.20916301622995093,0.2086938980552017
1934.2242713258117,0.007553216069936752,0.007866202523477823,1206.1453225241928,-0.178662059879529,0.21072899493975317
1934.6897885992958,0.01258869282901287,0.007821220583906188,1206.4356102071108,-0.16341158170431802,0.21089660944382468
1935.1553058727795,0.0011749446857720613,0.007797484303850457,1206.7258978900288,-0.1830193022559854,0.21217303578411942
1935.6208231462635,-0.004867628216743469,0.007784236139928074,1207.0161855729468,-0.1851980533018276,0.21247056916546705
1936.0863404197476,0.0005035477224737406,0.007746803237045235,1207.3064732558648,-0.20480577385349497,0.2127269164446213
1936.5518576932313,0.0018463416490703821,0.00779045747050457,1207.5967609387828,-0.20262728252288031,0.21262835718865813
1937.0173749667154,-0.002517738612368703,0.007874415767780871,1207.8870486217008,-0.20262728252288031,0.21257107737251843
1937.4828922401994,-0.0001678492408245802,0.007865984948083002,1208.1773363046188,-0.19609128910058216,0.21218223608516598
1937.9484095136834,0.0011749446857720613,0.00788671124963395,1208.4676239875366,-0.19391253805473996,0.2120199316531152
1938.4139267871672,-0.00553902518004179,0.007953202146809717,1208.7579116704546,-0.21134176727579312,0.21186420072146817
1938.8794440606512,-0.0068818191066384315,0.007995202684673278,1209.0481993533726,-0.2222350030745477,0.21264954390940427
1939.3449613341352,-0.0005035477224737406,0.00800823336153035,1209.3384870362906,-0.18955529567828355,0.21213362928983592
1939.8104786076192,0.00520332669839263,0.00797423007397856,1209.6287747192086,-0.20044853147703856,0.2121708501582464
1940.275995881103,0.012420844286680222,0.00793145457336857,1209.9190624021267,-0.20262728252288031,0.21187289588152783
1940.741513154587,0.016281375661492348,0.007911111766305693,1210.2093500850447,-0.14816084381387906,0.21166760115608277
1941.207030428071,0.00520332669839263,0.007909197781584809,1210.4996377679624,-0.19826978043119636,0.2117472280444832
1941.6725477015548,-0.004867628216743469,0.007934458354467551,1210.7899254508804,-0.20480577385349497,0.2117086732394289
1942.1380649750388,-0.0041962312534451485,0.007927901671802623,1211.0802131337985,-0.1851980533018276,0.21137271255142054
1942.6035822485228,0.000839246204122901,0.007927237401372338,1211.3705008167165,-0.1851980533018276,0.21141300491968817
1943.0690995220068,0.00553902518004179,0.007969721687628792,1211.6607884996345,-0.19826978043119636,0.21123824255373447
1943.5346167954906,0.015274280682206154,0.007978488414995683,1211.9510761825525,-0.1764833088336868,0.21118247621822892
1944.0001340689746,0.018631266430020332,0.007992419410313565,1212.2413638654705,-0.20262728252288031,0.21118247621822892
1944.4656513424586,0.007553216069936752,0.007995844860088839,1212.5316515483885,-0.1764833088336868,0.21149108307821418
1944.9311686159426,-0.008224613033235073,0.007987542209444806,1212.8219392313063,-0.21787776069809173,0.21213502888030503
1945.3966858894264,-0.01426718570291996,0.00799940050056025,1213.1122269142243,-0.20480577385349497,0.2111940843653004
1945.8622031629104,-0.010910200886428356,0.008065484739587701,1213.4025145971423,-0.6078560178378751,0.20832108071333053
1946.3277204363944,-0.007721065077930689,0.008007246942714624,1213.6928022800603,-0.19609128910058216,0.20815139226771306
1946.7932377098784,-0.007217517588287592,0.008098405910696469,1213.9830899629783,-0.20698452489933672,0.20820669211744047
1947.2587549833622,-0.003524834057316184,0.008253885569257446,1214.2733776458963,-0.19391253805473996,0.20814819551716576
1947.7242722568462,0.006210422143340111,0.008312628530308524,1214.5636653288143,-0.1851980533018276,0.2084860563419511
1948.1897895303302,0.013763638213276863,0.008312628530308522,1214.8539530117323,-0.20262728252288031,0.20815555205972086
1948.655306803814,0.006546120624989271,0.008307432206135158,1215.14424069465,-0.20698452489933672,0.20852563616399813
1949.120824077298,-0.004867628216743469,0.00813939844431822,1215.434528377568,-0.20044853147703856,0.20863283341539188
1949.586341350782,-0.008896009996533394,0.007982084778715353,1215.724816060486,-0.20262728252288031,0.20849212599116748
1950.051858624266,-0.006210422143340111,0.008069613343095444,1216.015103743404,-0.19609128910058216,0.20841125544213057
1950.5173758977498,-0.0028534370940178633,0.008292379384771368,1216.305391426322,-0.20262728252288031,0.20821671528254213
1950.9828931712339,0.0041962312534451485,0.008324071173204257,1216.59567910924,-0.14816084381387906,0.2082362103209643
1951.4484104447179,0.0011749446857720613,0.008330268631749084,1216.8859667921581,-0.21134176727579312,0.20813552457364787
1951.9139277182019,-0.0068818191066384315,0.008306338673351107,1217.1762544750761,-0.20262728252288031,0.20869692883861313
1952.3794449916857,-0.008224613033235073,0.008176756834580518,1217.466542157994,-0.20698452489933672,0.20783133187166183
1952.8449622651697,-0.008896009996533394,0.00817409979258481,1217.756829840912,-0.21134176727579312,0.20774422540454573
1953.3104795386537,-0.0068818191066384315,0.00816881534837013,1218.04711752383,-0.20044853147703856,0.2079869920429932
1953.7759968121377,0.002517738612368703,0.008166155721137054,1218.337405206748,-0.20262728252288031,0.20794774006795316
1954.2415140856215,0.006546120624989271,0.008227957659168405,1218.627692889666,-0.1721260664572304,0.2077838334247445
1954.7070313591055,-0.007217517588287592,0.008394218847827936,1218.917980572584,-0.20044853147703856,0.2085263746260397
1955.1725486325895,-0.01426718570291996,0.008352790425894237,1219.208268255502,-0.20916301622995093,0.20833481677584545
1955.6380659060733,-0.007888914085924625,0.008270297964312367,1219.4985559384197,-0.20262728252288031,0.20803595301961933
1956.1035831795573,-0.0041962312534451485,0.008287853425681226,1219.7888436213377,-0.16123283065847582,0.2087322027775158
1956.5691004530413,-0.005035477224737406,0.008276026658607747,1220.0791313042557,-0.20262728252288031,0.20877906244179803
1957.0346177265253,-0.0005035477224737406,0.008205093186362667,1220.3694189871737,-0.1851980533018276,0.21273943556119243
1957.500135000009,0.0011749446857720613,0.008221763124432475,1220.6597066700917,-0.20262728252288031,0.21275872470202528
1957.965652273493,-0.00587472366169095,0.008265457309521758,1220.9499943530097,-0.20262728252288031,0.21255105092834103
1958.4311695469771,-0.013763638213276863,0.008274881245200734,1221.2402820359277,-0.19173404672412575,0.21247339321311248
1958.8966868204611,-0.016281375661492348,0.008277935352636894,1221.5305697188458,-0.3725618129264996,0.21235685686621647
1959.362204093945,-0.009567406959831715,0.008365641796870455,1221.8208574017635,-0.20262728252288031,0.21259706898578246
1959.827721367429,-0.003524834057316184,0.008339540379425085,1222.1111450846815,-0.3333461121079373,0.21291234739223053
1960.293238640913,-0.003524834057316184,0.008358084559707808,1222.4014327675995,-0.21134176727579312,0.21315734433512798
1960.758755914397,0.0001678492408245802,0.008474464468606745,1222.6917204505176,-0.22005625202870593,0.21326720341020647
1961.2242731878807,0.008560311049222946,0.008575646102641443,1222.9820081334356,-0.20044853147703856,0.21338823420071462
1961.6897904613647,0.013092241249978542,0.008673948019539218,1223.2722958163536,-0.19609128910058216,0.21336900196926825
1962.1553077348487,0.002517738612368703,0.008789980111532548,1223.5625834992716,-0.22005625202870593,0.213256696964948
1962.6208250083325,-0.0068818191066384315,0.00886942084590093,1223.8528711821896,-0.20262728252288031,0.21323807699456684
1963.0863422818165,-0.010910200886428356,0.008910294107613247,1224.1431588651074,-0.19391253805473996,0.21316566627790903
1963.5518595553006,-0.010910200886428356,0.008900714636431233,1224.4334465480254,-0.2309497475426885,0.21297411550090098
1964.0173768287846,-0.00520332669839263,0.008893967342765475,1224.7237342309434,-0.178662059879529,0.21275288885644314
1964.4828941022683,0.00520332669839263,0.008895625046860447,1225.0140219138614,-0.19609128910058216,0.21294463863426058
1964.9484113757524,0.003524834057316184,0.008906274349166098,1225.3043095967794,-0.1764833088336868,0.212680415127479
1965.4139286492364,-0.007553216069936752,0.008887763008360692,1225.5945972796974,-0.20262728252288031,0.2132545041901831
1965.8794459227204,-0.009567406959831715,0.00879604389135367,1225.8848849626154,-0.21134176727579312,0.21367275443338155
1966.3449631962042,-0.006546120624989271,0.008785980243266107,1226.1751726455334,-0.19826978043119636,0.21371095490608635
1966.8104804696882,-0.006210422143340111,0.008803703709709839,1226.4654603284512,-0.17430481750307258,0.21354368207203217
1967.2759977431722,-0.0005035477224737406,0.008814822521079785,1226.7557480113692,-0.21134176727579312,0.2138317345291852
1967.7415150166562,0.010238803923130035,0.008823779099524906,1227.0460356942872,-0.19173404672412575,0.21397939984467917
1968.20703229014,0.0057068741880357265,0.00884333254439088,1227.3363233772052,-0.18955529567828355,0.21399836990891954
1968.672549563624,-0.006546120624989271,0.008720404236388028,1227.6266110601232,-0.20262728252288031,0.21423404956689812
1969.138066837108,-0.008896009996533394,0.008560849609702728,1227.9168987430412,-0.12201712983991309,0.2143946778391237
1969.6035841105918,-0.0018463416490703821,0.008717746773353432,1228.2071864259592,-0.20262728252288031,0.21455384634772623
1970.0691013840758,0.004531929735094309,0.008969625799885693,1228.4974741088772,-0.19391253805473996,0.2144141303875612
1970.5346186575598,0.011581597849726677,0.008929377987028279,1228.787761791795,-0.1830193022559854,0.21431945179217848
1971.0001359310438,0.0028534370940178633,0.008866882283080387,1229.078049474713,-0.1830193022559854,0.2070750053440517
1971.4656532045276,-0.01258869282901287,0.008835781566543147,1229.368337157631,-0.19173404672412575,0.20698125595701716
1971.9311704780116,-0.01762416958808899,0.008813582798058425,1229.658624840549,-0.19609128910058216,0.20661656811421186
1972.3966877514956,-0.010910200886428356,0.008813582798058425,1229.948912523467,-0.20262728252288031,0.2065418360009875
1972.8622050249796,0.0011749446857720613,0.00888143576082417,1230.239200206385,-0.19391253805473996,0.20640260474754557
1973.3277222984634,0.006546120624989271,0.008893952529890474,1230.529487889303,-0.19609128910058216,0.2061780900199511
1973.7932395719474,0.0038605325389653444,0.008919494287202703,1230.8197755722208,-0.18955529567828355,0.20665424003634467
1974.2587568454314,0.0021820401307195425,0.008921265304936607,1231.1100632551388,-0.19826978043119636,0.20684059638002902
1974.7242741189152,0.01258869282901287,0.008880442539569763,1231.4003509380568,-0.20262728252288031,0.20653226567696428
1975.1897913923992,0.019806209951639175,0.008860495534096638,1231.6906386209748,-0.21134176727579312,0.2062825163844688
1975.6553086658832,0.007553216069936752,0.008856215331017823,1231.9809263038928,-0.20044853147703856,0.20644933145403527
1976.1208259393673,-0.003524834057316184,0.008861208700521307,1232.2712139868108,-0.20044853147703856,0.2066229958454728
1976.586343212851,-0.00553902518004179,0.008890517724505748,1232.5615016697288,-0.257093461516654,0.20594846727448773
1977.051860486335,-0.0021820401307195425,0.008924334230456087,1232.8517893526468,-0.07190819322259623,0.20603030451383264
1977.517377759819,0.0003356984816491604,0.008995216103559828,1233.1420770355646,-0.21787776069809173,0.20578242707970912
1977.982895033303,0.006546120624989271,0.009012177515261394,1233.4323647184826,-0.20480577385349497,0.20554687840814995
1978.4484123067868,0.004364080261439085,0.009001653501346293,1233.7226524014006,-0.19826978043119636,0.20545027261191526
1978.9139295802709,-0.010574501939117908,0.00900013234892458,1234.0129400843186,-0.20044853147703856,0.20549086277456596
1979.3794468537549,-0.01762416958808899,0.00897822263745099,1234.3032277672366,-0.20262728252288031,0.20589622345247688
1979.8449641272389,-0.011581597849726677,0.008961005962621223,1234.5935154501547,-0.1851980533018276,0.20569110793525633
1980.3104814007227,-0.0018463416490703821,0.008920719259531893,1234.8838031330727,-0.16123283065847582,0.20557072680281624
1980.7759986742067,0.00587472366169095,0.008932753603601086,1235.1740908159907,-0.2636294549389526,0.20557072680281624
1981.2415159476907,0.009903104975819588,0.008923596588318105,1235.4643784989084,-0.16341158170431802,0.20575936247003657
1981.7070332211745,0.0011749446857720613,0.008911505558682534,1235.7546661818265,-0.47060093511529244,0.20570016990426018
1982.1725504946585,-0.009567406959831715,0.008912096466179213,1236.0449538647445,-0.20262728252288031,0.2063215342340601
1982.6380677681425,-0.011581597849726677,0.008913160000952628,1236.3352415476625,-0.1851980533018276,0.20648831778240123
1983.1035850416265,-0.0068818191066384315,0.008927682275037563,1236.6255292305805,-0.19826978043119636,0.2062638963520021
1983.5691023151103,0.0031891355756670237,0.008935067168157888,1236.9158169134985,-0.19609128910058216,0.20636119612208917
1984.0346195885943,0.014602883718907833,0.008796073788875544,1237.2061045964165,-0.20698452489933672,0.20458303106199643
1984.5001368620783,0.010574501939117908,0.008855382818670187,1237.4963922793345,-0.20262728252288031,0.20458303106199643
1984.9656541355623,-0.00587472366169095,0.008993459634956957,1237.7866799622523,-0.21134176727579312,0.20293621417227864
1985.431171409046,-0.015274280682206154,0.0090690284109081,1238.0769676451703,-0.19826978043119636,0.20293621417227864
1985.89668868253,-0.01359578873962164,0.009081214150111398,1238.3672553280883,-0.21787776069809173,0.20284962986414176
1986.3622059560141,-0.01359578873962164,0.009049846245904006,1238.6575430110063,-0.20044853147703856,0.20275173890498405
1986.8277232294981,-0.01493858266621828,0.008960917801474535,1238.9478306939243,-0.18955529567828355,0.20289489441526384
1987.293240502982,-0.012252994813024998,0.008992830150933198,1239.2381183768423,-0.19391253805473996,0.20268488357089803
1987.758757776466,-0.008896009996533394,0.009020879757190603,1239.5284060597603,-0.1851980533018276,0.20268488357089803
1988.22427504995,-0.003524834057316184,0.009020879757190603,1239.818693742678,-0.18955529567828355,0.20253599248367007
1988.6897923234337,0.00587472366169095,0.009050253550660444,1240.108981425596,-0.19826978043119636,0.20213399014791575
1989.1553095969177,0.0018463416490703821,0.009117846901552406,1240.399269108514,-0.21134176727579312,0.20215209676835985
1989.6208268704017,-0.0068818191066384315,0.009164854145561728,1240.689556791432,-0.16776882408077443,0.20219203268017577
1990.0863441438858,-0.010910200886428356,0.009185057510040074,1240.97984447435,-0.25927195284726823,0.20212268770086464
1990.5518614173695,-0.009567406959831715,0.00915841645631767,1241.270132157268,-0.20262728252288031,0.20216394597194245
1991.0173786908535,-0.0028534370940178633,0.009143454342313288,1241.5604198401861,-0.20262728252288031,0.20218534112167805
1991.4828959643376,0.007553216069936752,0.00912154249452437,1241.8507075231041,-0.1851980533018276,0.20220541765807112
1991.9484132378216,0.006210422143340111,0.009126044480647664,1242.140995206022,-0.21787776069809173,0.2030810944946117
1992.4139305113054,-0.0041962312534451485,0.009155080870116352,1242.43128288894,-0.20262728252288031,0.20288002251285273
1992.8794477847894,-0.008224613033235073,0.009119117428566567,1242.721570571858,-0.20044853147703856,0.20297894437957234
1993.3449650582734,-0.0015106431674212217,0.009110061032047732,1243.011858254776,-0.20480577385349497,0.20270249482085043
1993.8104823317574,0.007217517588287592,0.009091312993038192,1243.302145937694,-0.22005625202870593,0.2025098090108277
1994.2759996052412,0.018631266430020332,0.009064512612314222,1243.592433620612,-0.19609128910058216,0.20339509545946097
1994.7415168787252,0.023331044241786003,0.009071829659872936,1243.88272130353,-0.20262728252288031,0.20339509545946094
1995.2070341522092,0.01124589890241623,0.00915607304498606,1244.173008986448,-0.19391253805473996,0.20567020556257673
1995.672551425693,-0.0001678492408245802,0.009186619683919624,1244.4632966693657,-0.20698452489933672,0.20592381899160436
1996.138068699177,0.000839246204122901,0.009262772981642386,1244.7535843522837,-0.1851980533018276,0.20585314522763676
1996.603585972661,0.0031891355756670237,0.009198077149174831,1245.0438720352017,-0.16341158170431802,0.20595063905397432
1997.069103246145,0.003524834057316184,0.009043617827243246,1245.3341597181197,-0.1851980533018276,0.20642871004049648
1997.5346205196288,0.012924391776323318,0.008991058579006216,1245.6244474010377,-0.16776882408077443,0.20646910785032363
1998.0001377931128,0.014602883718907833,0.009090661330166566,1245.9147350839557,-0.1764833088336868,0.20650777927787298
1998.4656550665968,0.009567406959831715,0.009172894904071345,1246.2050227668738,-0.2527362191401976,0.20639560964596718
1998.9311723400808,0.00520332669839263,0.009222134323452041,1246.4953104497918,-0.22005625202870593,0.20643343531656677
1999.3966896135646,0.0011749446857720613,0.009235258513173736,1246.7855981327095,-0.16559007303493223,0.20663963648882017
1999.8622068870486,-0.000839246204122901,0.009168530799219747,1247.0758858156275,-0.16559007303493223,0.20661977609680612
2000.3277241605326,-0.0001678492408245802,0.00898046585017528,1247.3661734985455,-0.22005625202870593,0.2067931861526904
2000.7932414340164,0.00520332669839263,0.008970843908988122,1247.6564611814636,-0.1721260664572304,0.20655460018530578
2001.2587587075004,0.007553216069936752,0.009069855824142829,1247.9467488643816,-0.12201712983991309,0.20671948148251185
2001.7242759809844,0.010574501939117908,0.009115262000533714,1248.2370365472996,-0.21134176727579312,0.20615269221447727
2002.1897932544684,0.01426718570291996,0.009123346467106115,1248.5273242302176,-0.178662059879529,0.2069645507965954
2002.6553105279522,0.010574501939117908,0.009125727131115736,1248.8176119131354,-0.1851980533018276,0.20681970799149418
2003.1208278014362,0.00520332669839263,0.009110133310859168,1249.1078995960534,-0.18955529567828355,0.20668377823347445
2003.5863450749202,0.0018463416490703821,0.009106736674232242,1249.3981872789714,-0.20698452489933672,0.20670341784946303
2004.0518623484043,0.000839246204122901,0.009063147300931619,1249.6884749618894,-0.21787776069809173,0.20686818053373204
2004.517379621888,0.004364080261439085,0.00905116998189418,1249.9787626448074,-0.1764833088336868,0.20697055451496346
2004.982896895372,0.01124589890241623,0.009068142884216875,1250.2690503277254,-0.19609128910058216,0.20722535950325993
2005.448414168856,0.009231708012521267,0.009071626533808545,1250.5593380106434,-0.20262728252288031,0.20781847652088367
2005.91393144234,-0.0003356984816491604,0.009053962232176603,1250.8496256935614,-0.1851980533018276,0.20750048851701833
2006.3794487158239,-0.0015106431674212217,0.009004972833951968,1251.1399133764792,-0.19609128910058216,0.20816816645932662
2006.8449659893079,0.0011749446857720613,0.00900848091192622,1251.4302010593972,-0.24837871704851366,0.20407825663380744
2007.3104832627919,0.0018463416490703821,0.009032576644065184,1251.7204887423152,-0.22005625202870593,0.20378240157697058
2007.7760005362757,0.007888914085924625,0.00906353950963811,1252.0107764252332,-0.1764833088336868,0.2045102725432843
2008.2415178097597,0.01426718570291996,0.00905691351939327,1252.3010641081512,-0.20262728252288031,0.20457045989905895
2008.7070350832437,0.0011749446857720613,0.009054122178185341,1252.5913517910692,-0.24620022571789946,0.20420809017393257
2009.1725523567277,-0.01426718570291996,0.00894669966585893,1252.8816394739872,-0.20262728252288031,0.20438007377191636
2009.6380696302115,-0.016617074608802795,0.008891435789118256,1253.1719271569052,-0.19826978043119636,0.20415333480675138
2010.1035869036955,-0.01258869282901287,0.008914858471524595,1253.462214839823,-0.21134176727579312,0.20405063443525048
2010.5691041771795,-0.004867628216743469,0.008914858471524595,1253.752502522741,-0.21134176727579312,0.20397322243909716
2011.0346214506635,0.003524834057316184,0.008850356432816682,1254.042790205659,-0.18955529567828355,0.20382625395036774
2011.5001387241473,-0.0001678492408245802,0.008758846820239264,1254.333077888577,-0.21134176727579312,0.20384638651047324
2011.9656559976313,-0.008224613033235073,0.008655548214308886,1254.623365571495,-0.19826978043119636,0.20384638651047324
2012.4311732711153,-0.010070954449474812,0.008574126142625937,1254.913653254413,-0.20262728252288031,0.20386586426725808
2012.8966905445993,-0.010910200886428356,0.008545703954097641,1255.203940937331,-0.1764833088336868,0.20400062741478964
2013.362207818083,-0.013260089792311192,0.008620677395138181,1255.494228620249,-0.18955529567828355,0.20461468747038028
2013.8277250915671,-0.01258869282901287,0.008706745892269186,1255.7845163031668,-0.1808408109253712,0.2046953266585481
2014.2932423650511,-0.010910200886428356,0.008727889066832665,1256.0748039860848,-0.20044853147703856,0.20461295548058012
2014.758759638535,-0.007217517588287592,0.00870263211624597,1256.3650916690028,-0.16776882408077443,0.20490761134890603
2015.224276912019,0.0021820401307195425,0.008638541881880272,1256.6553793519208,-0.20698452489933672,0.20431006977168384
2015.689794185503,0.007888914085924625,0.008601765714158596,1256.9456670348388,-0.21352051832163532,0.20408325303124178
2016.155311458987,-0.0001678492408245802,0.008604091781325955,1257.2359547177568,-0.20044853147703856,0.20410357516632288
2016.6208287324707,-0.0068818191066384315,0.008575646092632762,1257.5262424006748,-0.2614507038931104,0.2041599714321446
2017.0863460059547,-0.007553216069936752,0.00858571094044184,1257.8165300835929,-0.18955529567828355,0.20401313747507657
2017.5518632794387,-0.00587472366169095,0.008579575242051165,1258.1068177665106,-0.20262728252288031,0.20401313747507657
2018.0173805529228,-0.0038605325389653444,0.00856151082357505,1258.3971054494286,-0.15469683723617766,0.20418007108704692
2018.4828978264065,0.002517738612368703,0.008561510823575052,1258.6873931323466,-0.1808408109253712,0.2042006032527225
2018.9484150998906,0.00520332669839263,0.008590248534116166,1258.9776808152646,-0.2309497475426885,0.20407282191509848
2019.4139323733746,-0.0041962312534451485,0.008453684136489073,1259.2679684981827,-0.20262728252288031,0.20407282191509848
2019.8794496468586,-0.01359578873962164,0.008174357435728143,1259.5582561811007,-0.37038306188065784,0.204113685998555
2020.3449669203424,-0.013931486755609512,0.008113575176862524,1259.8485438640187,-0.21134176727579312,0.2043613059493392
2020.8104841938264,-0.01258869282901287,0.008114353989731097,1260.1388315469364,-0.17430481750307258,0.2043204913898609
2021.2760014673104,-0.00553902518004179,0.008114353989731095,1260.4291192298545,-0.20262728252288031,0.20475546914597675
2021.7415187407942,0.0030212863348424435,0.00814738472205837,1260.7194069127725,-0.24402147467205726,0.20508280297458717
2022.2070360142782,-0.0041962312534451485,0.008192632743793822,1261.0096945956905,-0.20698452489933672,0.2052980315590076
2022.6725532877622,-0.013931486755609512,0.008129655483844494,1261.2999822786085,-0.19826978043119636,0.20553246472220724
2023.1380705612462,-0.01426718570291996,0.008035099708725872,1261.5902699615265,-0.1830193022559854,0.20575768393205104
2023.60358783473,-0.010574501939117908,0.007982497058137973,1261.8805576444445,-0.19391253805473996,0.20517947963526503
2024.069105108214,-0.00553902518004179,0.008059050941152333,1262.1708453273625,-0.22005625202870593,0.20493284828449398
2024.534622381698,0.00520332669839263,0.00806688832653214,1262.4611330102803,-0.20044853147703856,0.20616144013343565
2025.000139655182,0.00520332669839263,0.008105571790550142,1262.7514206931983,-0.2287709964968463,0.20637307628769844
2025.4656569286658,-0.006210422143340111,0.008160011056889993,1263.0417083761163,-0.1721260664572304,0.2062879345233031
2025.9311742021498,-0.01426718570291996,0.00818642757806458,1263.3319960590343,-0.21787776069809173,0.20662829818456527
2026.3966914756338,-0.010910200886428356,0.008171361290559781,1263.6222837419523,-0.20262728252288031,0.20725952285062918
2026.8622087491178,-0.004531929735094309,0.00811302347845588,1263.9125714248703,-0.20262728252288031,0.20717817116414225
2027.3277260226016,-0.0021820401307195425,0.007994922721800931,1264.2028591077883,-0.20262728252288031,0.20726862116991634
2027.7932432960856,-0.003524834057316184,0.007929296421858363,1264.4931467907063,-0.18955529567828355,0.20750221539337677
2028.2587605695696,-0.003524834057316184,0.007913324713370817,1264.783434473624,-0.20044853147703856,0.20761763314834616
2028.7242778430534,0.00520332669839263,0.007911311422045078,1265.073722156542,-0.21787776069809173,0.20765865412245138
2029.1897951165374,0.016952773556113243,0.007910895388895427,1265.36400983946,-0.21352051832163532,0.20751429579476757
2029.6553123900214,0.012924391776323318,0.007899637546313655,1265.654297522378,-0.21352051832163532,0.20773736640646706
2030.1208296635054,0.0031891355756670237,0.007824468575147502,1265.944585205296,-0.2287709964968463,0.2077959786591866
2030.5863469369892,0.0005035477224737406,0.007773404560232066,1266.234872888214,-0.23530698991914445,0.20762586105865163
2031.0518642104732,0.0018463416490703821,0.007773336815488651,1266.5251605711321,-0.2374854812497591,0.20777793686163043
2031.5173814839573,0.0028534370940178633,0.0077719648573845975,1266.8154482540501,-0.20262728252288031,0.20775882586888295
2031.9828987574413,0.0117494473233819,0.007771134789839551,1267.105735936968,-0.16776882408077443,0.2072354498078373
2032.448416030925,0.013931486755609512,0.007769084651308041,1267.396023619886,-0.257093461516654,0.20702984206491604
2032.913933304409,0.00587472366169095,0.007731561364176129,1267.686311302804,-0.20480577385349497,0.20638757706005584
2033.379450577893,0.0021820401307195425,0.007607541028059824,1267.976598985722,-0.15033959485972126,0.20638757706005587
2033.8449678513769,0.002517738612368703,0.007606693018062905,1268.26688666864,-0.22441375412038989,0.20584681296761184
2034.3104851248609,0.002517738612368703,0.007480602785647654,1268.557174351558,-0.1764833088336868,0.205302020991738
2034.7760023983449,0.008896009996533394,0.007306078995818432,1268.847462034476,-0.20044853147703856,0.20528246573339076
2035.2415196718289,0.015274280682206154,0.007204006786350348,1269.1377497173937,-0.18955529567828355,0.20545700451059756
2035.7070369453127,0.007888914085924625,0.007188621310999444,1269.4280374003117,-0.20262728252288031,0.20518476268017782
2036.1725542187967,-0.003524834057316184,0.00718054036614628,1269.7183250832297,-0.20262728252288031,0.20608082275014092
2036.6380714922807,-0.00553902518004179,0.007180522031673936,1270.0086127661477,-0.18955529567828355,0.20592060031606818
2037.1035887657647,-0.0001678492408245802,0.007136365132600705,1270.2989004490657,-0.19609128910058216,0.20652755605820394
2037.5691060392485,0.00520332669839263,0.007069640606205348,1270.5891881319837,-0.20044853147703856,0.20652755605820394
2038.0346233127325,0.012252994813024998,0.006990519664887999,1270.8794758149018,-0.25055746809435586,0.2068332107255092
2038.5001405862165,0.013931486755609512,0.006871978924000956,1271.1697634978198,-0.20698452489933672,0.20687095638221326
2038.9656578597005,0.006546120624989271,0.006763358471688157,1271.4600511807375,-0.20262728252288031,0.20705958382911557
2039.4311751331843,-0.0005035477224737406,0.006680611102349414,1271.7503388636555,-0.20262728252288031,0.20769450249277005
2039.8966924066683,0.0003356984816491604,0.006644073926771995,1272.0406265465735,-0.20262728252288031,0.20798479272277512
2040.3622096801523,0.004867628216743469,0.006640724374771311,1272.3309142294916,-0.1764833088336868,0.20786701799688492
2040.827726953636,0.003524834057316184,0.006596785962157076,1272.6212019124096,-0.20480577385349497,0.20749105769627552
2041.29324422712,-0.0021820401307195425,0.006596766005249185,1272.9114895953276,-0.19173404672412575,0.20757143189229424
2041.7587615006041,-0.007553216069936752,0.006563132650897566,1273.2017772782456,-0.20262728252288031,0.2069559656582097
2042.2242787740881,-0.002517738612368703,0.006522386265405845,1273.4920649611636,-0.20262728252288031,0.20707168788244326
2042.689796047572,0.00587472366169095,0.006497613177577106,1273.7823526440814,-0.21787776069809173,0.20707168788244326
2043.155313321056,-0.0015106431674212217,0.006486886000401493,1274.0726403269994,-0.20698452489933672,0.2070416920864797
2043.62083059454,-0.010238803923130035,0.006482318020538575,1274.3629280099174,-0.20698452489933672,0.2073114954081888
2044.086347868024,-0.009903104975819588,0.0064627713245130865,1274.6532156928354,-0.19609128910058216,0.2070345141543164
2044.5518651415077,-0.0068818191066384315,0.006450027062837606,1274.9435033757534,-0.20698452489933672,0.20695650119196693
2045.0173824149917,-0.004531929735094309,0.006314690914110851,1275.2337910586714,-0.22005625202870593,0.20460193275074867
2045.4828996884758,0.0011749446857720613,0.006169394659893552,1275.5240787415894,-0.20262728252288031,0.20451952395795867
2045.9484169619598,0.000839246204122901,0.006048169471349633,1275.8143664245074,-0.2309497475426885,0.2046089812506284
2046.4139342354435,-0.008224613033235073,0.05233790390235304,1276.1046541074252,-0.20262728252288031,0.20467043760245587
2046.8794515089276,-0.009567406959831715,0.07385090968236263,1276.3949417903432,-0.20916301622995093,0.2040931745684873
2047.3449687824116,-0.007553216069936752,0.09034278545685027,1276.6852294732612,-0.19609128910058216,0.2040321941360735
2047.8104860558954,-0.007049668114632368,0.10423365598815362,1276.9755171561792,-0.20262728252288031,0.2039173598239599
2048.2760033293794,0.0011749446857720613,0.11647919439731654,1277.2658048390972,-0.19609128910058216,0.20409056863107847
2048.741520602863,0.01258869282901287,0.1275578603116699,1277.5560925220152,-0.19391253805473996,0.20396043232433245
2049.2070378763474,0.0038605325389653444,0.13776337531475852,1277.8463802049332,-0.28541592653646175,0.20379157995859182
2049.672555149831,-0.008224613033235073,0.14726344125973753,1278.1366678878512,-0.19173404672412575,0.2037324689156427
2050.1380724233154,-0.009735256433486938,0.1562083675222448,1278.426955570769,-0.21134176727579312,0.2032458690304136
2050.603589696799,-0.008560311049222946,0.16467805703176602,1278.717243253687,-0.21134176727579312,0.20488446619714948
2051.069106970283,-0.00553902518004179,0.17273828156299473,1279.007530936605,-0.20698452489933672,0.20471810697201126
2051.534624243767,0.0031891355756670237,0.18043162225387485,1279.297818619523,-0.20262728252288031,0.2046980601477855
2052.000141517251,0.0,0.18780352591911784,1279.588106302441,-0.18955529567828355,0.20467801136010916
2052.465658790735,0.0,0.19489716733590823,1279.878393985359,-0.21134176727579312,0.20456093501293704
2052.931176064219,0.0,0.2017078712720281,1280.168681668277,-0.20262728252288031,0.20476035636734186
2053.396693337703,0.0,0.20827173012783984,1280.4589693511948,-0.21134176727579312,0.20462609356455277
2053.8622106111866,0.0,0.21460329330611785,1280.7492570341128,-0.20262728252288031,0.20436240430611882
2054.327727884671,0.0,0.2207250191580272,1281.0395447170308,-0.20262728252288031,0.20425872313045257
2054.7932451581546,0.0,0.2266618009823265,1281.3298323999488,-0.20262728252288031,0.20401880381191828
2055.258762431639,0.0,0.23243577104202942,1281.6201200828668,-0.1830193022559854,0.20355065272036246
2055.7242797051226,0.0,0.2380629228726797,1281.9104077657848,-0.20262728252288031,0.20355065272036246
2056.1897969786064,0.0,0.24355318663258962,1282.2006954487028,-0.19391253805473996,0.20277328484075843
2056.6553142520906,0.0,0.24892900309318997,1282.4909831316209,-0.19609128910058216,0.20269363181811634
2057.1208315255744,0.0,0.2541821979022502,1282.7812708145386,-0.19826978043119636,0.20281692594862977
2057.586348799058,0.0,0.25932155840387916,1283.0715584974566,-0.05230047267092841,0.20223919979600985
2058.0518660725425,0.0,0.2643638457143786,1283.3618461803746,-0.20262728252288031,0.20243356771129545
2058.5173833460262,0.0,0.2693060690446069,1283.6521338632926,-0.19173404672412575,0.20294223034631648
2058.9829006195105,0.0,0.27414096626528683,1283.9424215462107,-0.13073187430805389,0.2028538965397587
2059.4484178929943,0.0,0.27886822703226904,1284.2327092291287,-0.19609128910058216,0.20308208631895522
2059.913935166478,0.0,0.2834920964202611,1284.5229969120467,-0.2287709964968463,0.20310229264485674
2060.3794524399623,0.0,0.2880220261355904,1284.8132845949647,-0.1808408109253712,0.20322020932613702
2060.844969713446,0.0,0.2924507124830045,1285.1035722778824,-0.2745226907377072,0.20320001472593818
2061.31048698693,0.0,0.296783669583781,1285.3938599608005,-0.19391253805473996,0.20322042518527128
2061.776004260414,0.0,0.3010213658027818,1285.6841476437185,-0.257093461516654,0.2034211606957256
2062.241521533898,0.0,0.3051766456894679,1285.9744353266365,-0.20262728252288031,0.2034810162256681
2062.7070388073817,0.0,0.30924940229026665,1286.2647230095545,-0.21134176727579312,0.20364838602581078
2063.172556080866,0.0,0.3132466748715612,1286.5550106924725,-0.19391253805473996,0.20314936128106825
2063.6380733543497,0.0,0.31718272673273307,1286.8452983753905,-0.20262728252288031,0.20310830318177736
2064.103590627834,0.0,0.32105763465101017,1287.1355860583085,-0.2614507038931104,0.20403576737447685
2064.5691079013177,0.0,0.3248770131062939,1287.4258737412263,-0.20262728252288031,0.20403576737447682
2065.0346251748015,0.0,0.32863486238533723,1287.7161614241443,-0.19391253805473996,0.20379112339239036
2065.5001424482857,0.0,0.33233297584310184,1288.0064491070623,-0.16994731541138863,0.20401826490740707
2065.9656597217695,0.0,0.3359809998500984,1288.2967367899803,-0.20916301622995093,0.20399793427377638
2066.4311769952533,0.0,0.3395757995044115,1288.5870244728983,-0.20262728252288031,0.20385174298994535
2066.8966942687375,0.0,0.34311825963884407,1288.8773121558163,-0.20262728252288031,0.20379199634579456
2067.3622115422213,0.0,0.3466136992910056,1289.1675998387343,-0.20262728252288031,0.20379199634579456
2067.827728815705,0.0,0.35006703871496914,1289.457887521652,-0.15033959485972126,0.202799077118736
2068.2932460891893,0.0,0.35348256692388647,1289.74817520457,-0.21134176727579312,0.20260210425007105
2068.758763362673,0.0,0.3568551541412786,1290.038462887488,-0.20262728252288031,0.2022131748602561
2069.2242806361573,0.0,0.3601918429322349,1290.328750570406,-0.19391253805473996,0.20227338785045082
2069.689797909641,0.0,0.3634898254792813,1290.619038253324,-0.1830193022559854,0.2022321519070934
2070.155315183125,0.0,0.36674985382697445,1290.909325936242,-0.20262728252288031,0.20198192173452306
2070.620832456609,0.0,0.3699728458786102,1291.1996136191601,-0.1851980533018276,0.20198192173452306
2071.086349730093,0.537788987159729,0.373151082401673,1291.4899013020781,-0.20916301622995093,0.20169762177652303
2071.5518670035767,0.5389639139175415,0.37628908338215716,1291.780188984996,-0.1851980533018276,0.2017811830564416
2072.017384277061,0.5382925271987915,0.3793780605740522,1292.070476667914,-0.20044853147703856,0.2017601873096415
2072.4829015505447,0.5379568338394165,0.3824179557333921,1292.360764350832,-0.1851980533018276,0.20186185547591995
2072.948418824029,0.5379568338394165,0.38540969968396205,1292.65105203375,-0.20262728252288031,0.20249280558201688
2073.4139360975128,0.5379568338394165,0.3883569907429221,1292.941339716668,-0.178662059879529,0.20461290901838758
2073.8794533709965,0.5382925271987915,0.39125648885912856,1293.231627399586,-0.20262728252288031,0.20479527709728781
2074.344970644481,0.5382925271987915,0.394112910029782,1293.521915082504,-0.19391253805473996,0.20381152722358387
2074.8104879179646,0.5389639139175415,0.3969326872578817,1293.812202765422,-0.1764833088336868,0.20388987091540894
2075.2760051914483,0.5392996072769165,0.39970929382901,1294.1024904483397,-0.31809563393272633,0.20382752386370986
2075.7415224649326,0.5396353006362915,0.40245184255573124,1294.3927781312577,-0.20044853147703856,0.2037448018454934
2076.2070397384164,0.5392996072769165,0.40516131035620356,1294.6830658141757,-0.20044853147703856,0.20372422374228136
2076.6725570119,0.5389639139175415,0.4078307252082132,1294.9733534970937,-0.20044853147703856,0.20380695411282454
2077.1380742853844,0.5389639139175415,0.41046818414361946,1295.2636411800117,-0.18955529567828355,0.20362838482758838
2077.603591558868,0.5376211404800415,0.41306695080449674,1295.5539288629298,-0.21134176727579312,0.2037590600002728
2078.0691088323524,0.5366140007972717,0.41563504118527234,1295.8442165458478,-0.1851980533018276,0.2037794144658771
2078.534626105836,0.5352712273597717,0.41817306107029234,1296.1345042287658,-0.18955529567828355,0.20380064002254403
2079.00014337932,0.5342641472816467,0.4206745218930167,1296.4247919116835,-0.20262728252288031,0.20370211718823317
2079.465660652804,0.5332570672035217,0.4231506675529272,1296.7150795946015,-0.1873765446324418,0.20290781860324264
2079.931177926288,0.532585620880127,0.42559501096882413,1297.0053672775196,-0.178662059879529,0.20343262555100575
2080.396695199772,0.532249927520752,0.4280081585249028,1297.2956549604376,-0.23530698991914445,0.2033437415554045
2080.862212473256,0.531914234161377,0.43039410763110963,1297.5859426433556,-0.15033959485972126,0.20338475212580792
2081.32772974674,0.532249927520752,0.43274996393202053,1297.8762303262736,-0.19391253805473996,0.20316738523826383
2081.7932470202236,0.531914234161377,0.4350796294594706,1298.1665180091916,-0.1830193022559854,0.20251299574354678
2082.258764293708,0.531578540802002,0.43738688930454844,1298.4568056921094,-0.20262728252288031,0.20300397270476395
2082.7242815671916,0.531578540802002,0.43966551327773157,1298.7470933750274,-0.22441375412038989,0.20363937370350915
2083.189798840676,0.531242847442627,0.44192255064614144,1299.0373810579454,-0.21134176727579312,0.20363937370350918
2083.6553161141596,0.530235767364502,0.4441583521242921,1299.3276687408634,-0.21569900965224953,0.2037379268790849
2084.1208333876434,0.5288929343223572,0.4463668046268414,1299.6179564237814,-0.20262728252288031,0.20422727067946608
2084.5863506611277,0.5275501608848572,0.4485547690865225,1299.9082441066994,-0.20262728252288031,0.20428689002140663
2085.0518679346114,0.5265430808067322,0.45071938729038086,1300.1985317896174,-0.20262728252288031,0.20400862915681298
2085.517385208095,0.5245288610458374,0.4528610309448651,1300.4888194725354,-0.20044853147703856,0.20428243839544516
2085.9829024815795,0.5226825475692749,0.454986323324848,1300.7791071554532,-0.20480577385349497,0.20366530892718607
2086.4484197550632,0.5206683278083801,0.45709238859861046,1301.0693948383712,-0.21134176727579312,0.20393555507268793
2086.913937028547,0.5191577076911926,0.45917951224451925,1301.3596825212892,-0.20262728252288031,0.2034651454784786
2087.3794543020313,0.5174791812896729,0.46125411614325657,1301.6499702042072,-0.21787776069809173,0.2030714228264723
2087.844971575515,0.5161364078521729,0.4633102584425691,1301.9402578871252,-0.20262728252288031,0.20298839268149313
2088.3104888489993,0.5154650211334229,0.46535123922217764,1302.2305455700432,-0.20262728252288031,0.2024288656571772
2088.776006122483,0.5144579410552979,0.46737123342821607,1302.5208332529612,-0.28541592653646175,0.2024288656571772
2089.241523395967,0.5137865543365479,0.46937054791826766,1302.8111209358792,-0.20262728252288031,0.20240267442294385
2089.707040669451,0.5126115679740906,0.47134354469644285,1303.101408618797,-0.17430481750307258,0.20232287549376857
2090.172557942935,0.5114366412162781,0.473296518775284,1303.391696301715,-0.20262728252288031,0.20169566301221142
2090.6380752164187,0.5107652544975281,0.47522975272642254,1303.681983984633,-0.20262728252288031,0.20185891138386008
2091.103592489903,0.5097581148147583,0.4771406189557689,1303.972271667551,-0.17430481750307258,0.20179659879471779
2091.5691097633867,0.5087510347366333,0.4790352026013488,1304.262559350469,-0.19609128910058216,0.20153173648264214
2092.034627036871,0.5079118013381958,0.48091371606650507,1304.552847033387,-0.20262728252288031,0.2015941309405358
2092.5001443103547,0.5074082612991333,0.4827806410030386,1304.843134716305,-0.06537219980029763,0.20167773509989084
2092.9656615838385,0.5070725679397583,0.4846361159733292,1305.133422399223,-0.1851980533018276,0.20210490630186007
2093.4311788573227,0.5064011812210083,0.4864831012509804,1305.4237100821408,-0.16123283065847582,0.20202147892224673
2093.8966961308065,0.5060654878616333,0.4883216937071977,1305.7139977650588,-0.20262728252288031,0.20202147892224676
2094.3622134042903,0.5053940415382385,0.49015058763363906,1306.0042854479768,-0.20262728252288031,0.20231639884467897
2094.8277306777745,0.5047226548194885,0.49196989333366115,1306.2945731308948,-0.19391253805473996,0.2025742111262282
2095.2932479512583,0.5040512681007385,0.4937783311873641,1306.5848608138128,-0.20262728252288031,0.20265741096433046
2095.758765224742,0.5027084946632385,0.49557602470683154,1306.8751484967308,-0.20262728252288031,0.20281321230357427
2096.2242824982263,0.5017013549804688,0.49463695709242866,1307.1654361796489,-0.21134176727579312,0.202671531299886
2096.68979977171,0.49985504150390625,0.49367859696024385,1307.4557238625669,-0.20698452489933672,0.20282732179262694
2097.1553170451944,0.49784085154533386,0.49271969778982866,1307.7460115454846,-0.20698452489933672,0.2029306412665646
2097.620834318678,0.4958266615867615,0.49175406074994693,1308.0362992284026,-0.2614507038931104,0.20310665488567636
2098.086351592162,0.4939803183078766,0.4889963253610777,1308.3265869113206,-0.36166857712774503,0.20321092386420556
2098.551868865646,0.4919661283493042,0.48622294903594526,1308.6168745942387,-0.21352051832163532,0.20321092386420556
2099.01738613913,0.4899519383907318,0.48343017032653207,1308.9071622771567,-0.19609128910058216,0.20323133322793732
2099.4829034126137,0.4886091351509094,0.4806211636982586,1309.1974499600747,-0.20044853147703856,0.2033107755902233
2099.948420686098,0.48659494519233704,0.4777885693574484,1309.4877376429927,-0.20480577385349497,0.20364250104604706
2100.4139379595817,0.48525214195251465,0.47493552000634043,1309.7780253259104,-0.20262728252288031,0.2022377956831912
2100.8794552330655,0.48390936851501465,0.47206164253567534,1310.0683130088285,-0.20480577385349497,0.20229931701382192
2101.3449725065498,0.48189517855644226,0.46917376899027025,1310.3586006917465,-0.21134176727579312,0.20255703924959015
2101.8104897800335,0.4805523753166199,0.46627163705559505,1310.6488883746645,-0.16776882408077443,0.20279179538026593
2102.276007053518,0.4785381853580475,0.4633513284069374,1310.9391760575825,-0.22441375412038989,0.20221507547325973
2102.7415243270016,0.4771953821182251,0.46042716896653524,1311.2294637405005,-0.20480577385349497,0.20258330329144086
2103.2070416004854,0.4758526086807251,0.4574953699971013,1311.5197514234185,-0.21352051832163532,0.20282229375478655
2103.6725588739696,0.4738384187221527,0.4545594577254666,1311.8100391063365,-0.19173404672412575,0.20298146519433752
2104.1380761474534,0.4728313088417053,0.4516156043299437,1312.1003267892543,-0.08062293769073658,0.20302254894460678
2104.603593420937,0.47115281224250793,0.44866363237003415,1312.3906144721723,-0.2527362191401976,0.2033732857510092
2105.0691106944214,0.46947431564331055,0.4456996122097474,1312.6809021550903,-0.1721260664572304,0.203409492665167
2105.534627967905,0.46813154220581055,0.44271952110497226,1312.9711898380083,-0.20698452489933672,0.2033860451298146
2106.0001452413894,0.46645304560661316,0.4397230299127028,1313.2614775209263,-0.16776882408077443,0.20433212659309882
2106.465662514873,0.46511024236679077,0.436702156027543,1313.5517652038443,-0.10023065824240396,0.20500838812632868
2106.931179788357,0.46410316228866577,0.4336640886069496,1313.8420528867623,-0.24620022571789946,0.20512131635523317
2107.396697061841,0.4624246656894684,0.43060846128917074,1314.1323405696803,-0.17430481750307258,0.20526735759991954
2107.862214335325,0.461417555809021,0.42753099550834694,1314.422628252598,-0.20262728252288031,0.20559991097069125
2108.327731608809,0.460410475730896,0.42443514430225104,1314.712915935516,-0.20262728252288031,0.20525784201924452
2108.793248882293,0.4587319791316986,0.4213284015055279,1315.003203618434,-0.19609128910058216,0.20513331420546296
2109.258766155777,0.4577248692512512,0.41821447130495676,1315.293491301352,-0.20262728252288031,0.2052793469145564
2109.7242834292606,0.4563820958137512,0.4150931506390897,1315.58377898427,-0.20044853147703856,0.20516261372068956
2110.189800702745,0.45503929257392883,0.41196022197906745,1315.8740666671881,-0.21134176727579312,0.20510324893397103
2110.6553179762286,0.45436790585517883,0.4088274833781178,1316.1643543501061,-0.22005625202870593,0.20514347526808863
2111.120835249713,0.45336079597473145,0.40569282437465437,1316.4546420330241,-0.2222350030745477,0.20512325615884694
2111.5863525231966,0.45235371589660645,0.40255815092291797,1316.744929715942,-0.21352051832163532,0.20479761379785885
2112.0518697966804,0.45201799273490906,0.399417253266147,1317.03521739886,-0.15469683723617766,0.20477757475700192
2112.5173870701647,0.45101091265678406,0.39627197911325357,1317.325505081778,-0.20262728252288031,0.20471354780756879
2112.9829043436484,0.45033952593803406,0.393118037986111,1317.615792764696,0.11545556640207622,0.2047542840174216
2113.448421617132,0.44899672269821167,0.389946887511179,1317.906080447614,-0.20262728252288031,0.20445940718213604
2113.9139388906165,0.4476539194583893,0.3867622680231787,1318.196368130532,-0.25927195284726823,0.20383878978075914
2114.3794561641002,0.4456397294998169,0.3835596182075807,1318.48665581345,-0.19391253805473996,0.20383878978075914
2114.844973437584,0.4442969262599945,0.3803448179431036,1318.7769434963677,-0.10240940928824571,0.20412423859348225
2115.3104907110683,0.4429541528224945,0.3771175215248499,1319.0672311792857,-0.18955529567828355,0.20395105838113775
2115.776007984552,0.4412756562232971,0.3738709449758063,1319.3575188622037,-0.20262728252288031,0.20391102950812431
2116.2415252580363,0.44026854634284973,0.37060888771073913,1319.6478065451217,-0.1721260664572304,0.20425926336036018
2116.70704253152,0.43926146626472473,0.36733091072500856,1319.9380942280397,-0.20916301622995093,0.20433917206892152
2117.172559805004,0.43875792622566223,0.36403436965813396,1320.2283819109578,-0.21134176727579312,0.20450757231389208
2117.638077078488,0.43825435638427734,0.360714325593444,1320.5186695938758,-0.20262728252288031,0.20574261770958047
2118.103594351972,0.43808650970458984,0.35736789144577386,1320.8089572767938,-0.20262728252288031,0.20599894156770426
2118.5691116254557,0.43791866302490234,0.3539988053223491,1321.0992449597115,-0.20262728252288031,0.2065509112762168
2119.03462889894,0.43758296966552734,0.3506018752601906,1321.3895326426295,-0.22441375412038989,0.2065509112762168
2119.5001461724237,0.43724727630615234,0.34718085029619483,1321.6798203255476,-0.21134176727579312,0.20665344242942163
2119.9656634459075,0.43674373626708984,0.34373499794128753,1321.9701080084656,-0.21134176727579312,0.20657872365588464
2120.4311807193917,0.43624016642570496,0.3402635515339009,1322.2603956913836,-0.20262728252288031,0.20650053850244823
2120.8966979928755,0.43556877970695496,0.33677507970436116,1322.5506833743016,-0.19391253805473996,0.2064223237353651
2121.3622152663597,0.43489739298820496,0.3332642767316854,1322.8409710572196,-0.20262728252288031,0.20666449492942549
2121.8277325398435,0.43422597646713257,0.32974229953598555,1323.1312587401376,-0.21134176727579312,0.20639986156636073
2122.2932498133273,0.43321889638900757,0.3262110833391534,1323.4215464230554,-0.20480577385349497,0.20624332834330847
,,,1323.7118341059734,-0.21352051832163532,0.20576957146910732
,,,1324.0021217888914,-0.178662059879529,0.20354777104390354
,,,1324.2924094718094,-0.20480577385349497,0.2034436747064078
,,,1324.5826971547274,-0.20262728252288031,0.20410342648296004
,,,1324.8729848376454,-0.21352051832163532,0.20400613715048035
,,,1325.1632725205634,-0.20044853147703856,0.20398580530811364
,,,1325.4535602034814,-0.20698452489933672,0.2040474493522534
,,,1325.7438478863992,-0.2265922454510041,0.20402712162675696
,,,1326.0341355693172,-0.22441375412038989,0.20396481652924497
,,,1326.3244232522352,-0.10458790061886036,0.20449559166737255
,,,1326.6147109351532,-0.24620022571789946,0.20456359025642912
,,,1326.9049986180712,-0.21134176727579312,0.2044261603361403
,,,1327.1952863009892,-0.20698452489933672,0.2043225115127617
,,,1327.4855739839072,-0.20698452489933672,0.20436115504683897
,,,1327.775861666825,-0.22441375412038989,0.20492393941758966
,,,1328.066149349743,-0.1830193022559854,0.20434337599428143
,,,1328.356437032661,-0.2331282388733027,0.20477278061318827
,,,1328.646724715579,-0.2527362191401976,0.20473204808366405
,,,1328.937012398497,-0.25927195284726823,0.2051087378833482
,,,1329.227300081415,-0.19609128910058216,0.20595959883873186
,,,1329.517587764333,-0.21787776069809173,0.20459286042770994
,,,1329.807875447251,-0.25491471047081227,0.20561764856364767
,,,1330.0981631301688,-0.1721260664572304,0.205212816184124
,,,1330.3884508130868,-0.20262728252288031,0.2054245617161523
,,,1330.6787384960048,-0.21787776069809173,0.2055244172093254
,,,1330.9690261789228,-0.18955529567828355,0.2056274601995744
,,,1331.2593138618408,-0.19609128910058216,0.20581474625005483
,,,1331.5496015447588,-0.20480577385349497,0.2059440341419892
,,,1331.8398892276768,-0.20262728252288031,0.2059879752238502
,,,1332.1301769105949,-0.17430481750307258,0.20601004992468155
,,,1332.4204645935126,-0.20044853147703856,0.20541613398850408
,,,1332.7107522764306,-0.21134176727579312,0.2058872651815684
,,,1333.0010399593486,-0.20698452489933672,0.2058872651815684
,,,1333.2913276422667,-0.16776882408077443,0.20653571063974438
,,,1333.5816153251847,-0.2331282388733027,0.2066173152831487
,,,1333.8719030081027,-0.20262728252288031,0.20520907205837183
,,,1334.1621906910207,-0.20698452489933672,0.20532837136663912
,,,1334.4524783739387,-0.1830193022559854,0.206189941839098
,,,1334.7427660568565,-0.19826978043119636,0.2063060937456103
,,,1335.0330537397745,-0.21352051832163532,0.2062862012414672
,,,1335.3233414226925,-0.20480577385349497,0.20654496677005302
,,,1335.6136291056105,-0.22005625202870593,0.20843498539177568
,,,1335.9039167885285,-0.24184298334144305,0.20858466127997438
,,,1336.1942044714465,-0.21352051832163532,0.2087929873135969
,,,1336.4844921543645,-0.22441375412038989,0.20897934694184925
,,,1336.7747798372825,-0.20262728252288031,0.21025834753285874
,,,1337.0650675202003,-0.21352051832163532,0.2103022283463326
,,,1337.3553552031183,-0.1851980533018276,0.21038574555798842
,,,1337.6456428860363,-0.19391253805473996,0.21049062360481702
,,,1337.9359305689543,-0.19391253805473996,0.21069706513285597
,,,1338.2262182518723,-0.23530698991914445,0.21093695696345308
,,,1338.5165059347903,-0.1764833088336868,0.21101685955949942
,,,1338.8067936177083,-0.18955529567828355,0.2111429620969069
,,,1339.097081300626,-0.21787776069809173,0.21132914102236142
,,,1339.387368983544,-0.1830193022559854,0.21122887947994806
,,,1339.677656666462,-0.20262728252288031,0.21069862590932698
,,,1339.96794434938,-0.25927195284726823,0.2104589871920919
,,,1340.258232032298,-0.18955529567828355,0.2106013270676866
,,,1340.5485197152161,-0.20262728252288031,0.20962160370939273
,,,1340.8388073981341,-0.20916301622995093,0.20980532435461358
,,,1341.1290950810521,-0.20262728252288031,0.20974600464867493
,,,1341.41938276397,-0.20480577385349497,0.21007442726767053
,,,1341.709670446888,-0.2265922454510041,0.20986737326651228
,,,1341.999958129806,-0.2309497475426885,0.21059666404671235
,,,1342.290245812724,-0.18955529567828355,0.2104575877918424
,,,1342.580533495642,-0.20262728252288031,0.21060582623748317
,,,1342.87082117856,-0.19609128910058216,0.21079437105627724
,,,1343.161108861478,-0.1764833088336868,0.21102690060452467
,,,1343.451396544396,-0.19609128910058216,0.2111377632783303
,,,1343.7416842273137,-0.22005625202870593,0.2115324056501098
,,,1344.0319719102317,-0.20262728252288031,0.21140149940647823
,,,1344.3222595931497,-0.21134176727579312,0.21114627354821286
,,,1344.6125472760677,-0.21787776069809173,0.2111213768707809
,,,1344.9028349589857,-0.02397800765112068,0.21125886093274415
,,,1345.1931226419038,-0.2745226907377072,0.2111967988753683
,,,1345.4834103248218,-0.152518345905563,0.21083014922433446
,,,1345.7736980077398,-0.22441375412038989,0.21028053121629797
,,,1346.0639856906575,-0.20698452489933672,0.2104441771599251
,,,1346.3542733735756,-0.21352051832163532,0.21032145220026724
,,,1346.6445610564936,-0.22005625202870593,0.21068562036083532
,,,1346.9348487394116,-0.22441375412038989,0.21106051005752574
,,,1347.2251364223296,-0.22441375412038989,0.21108037295164886
,,,1347.5154241052476,-0.22441375412038989,0.21116022127938544
,,,1347.8057117881656,-0.13944635906096625,0.2115591201939251
,,,1348.0959994710834,-0.21134176727579312,0.21157851694150115
,,,1348.3862871540014,-0.20262728252288031,0.2118604453072967
,,,1348.6765748369194,-0.20480577385349497,0.21198353240332216
,,,1348.9668625198374,-0.21134176727579312,0.2126513222038176
,,,1349.2571502027554,0.07188262320705752,0.21212401528291852
,,,1349.5474378856734,-0.20698452489933672,0.2119226248988679
,,,1349.8377255685914,-0.22005625202870593,0.21208835283097294
,,,1350.1280132515094,-0.20262728252288031,0.21252507158075143
,,,1350.4183009344272,-0.20044853147703856,0.21276790862388253
,,,1350.7085886173452,-0.20262728252288031,0.21268782722372026
,,,1350.9988763002632,-0.3573113347512886,0.21312123156835389
,,,1351.2891639831812,-0.2265922454510041,0.21205942078758946
,,,1351.5794516660992,-0.22441375412038989,0.21230195039208
,,,1351.8697393490172,-0.2222350030745477,0.21228157486399604
,,,1352.1600270319352,-0.3137383915562699,0.21234708021055954
,,,1352.4503147148532,-0.2287709964968463,0.21273030263828158
,,,1352.740602397771,-0.22005625202870593,0.2128566379821027
,,,1353.030890080689,-0.2222350030745477,0.2130244503033256
,,,1353.321177763607,-0.22441375412038989,0.21444496931692414
,,,1353.611465446525,-0.22005625202870593,0.21468067314674427
,,,1353.901753129443,-0.21134176727579312,0.21450867619285316
,,,1354.192040812361,-0.22441375412038989,0.21508067617594012
,,,1354.482328495279,-0.22441375412038989,0.21517295827153582
,,,1354.772616178197,-0.20262728252288031,0.21507242609432686
,,,1355.0629038611148,-0.08933742244364895,0.2154598617470225
,,,1355.3531915440328,-0.1764833088336868,0.2158835919036315
,,,1355.6434792269508,-0.21787776069809173,0.21553963363143552
,,,1355.9337669098688,-0.03922848582633165,0.21566998190475262
,,,1356.2240545927868,-0.22005625202870593,0.21595776363798821
,,,1356.5143422757048,-0.20044853147703856,0.21610079473619387
,,,1356.8046299586229,-0.257093461516654,0.21630188190505603
,,,1357.0949176415409,-0.20262728252288031,0.21644181384316044
,,,1357.3852053244586,-0.20916301622995093,0.21605613905133766
,,,1357.6754930073766,-0.2331282388733027,0.21599175858018174
,,,1357.9657806902947,-0.2265922454510041,0.21620064360314967
,,,1358.2560683732127,-0.2265922454510041,0.21653197721336337
,,,1358.5463560561307,-0.2309497475426885,0.21672652392845804
,,,1358.8366437390487,-0.23530698991914445,0.21714043208592718
,,,1359.1269314219667,-0.2265922454510041,0.21785727068252242
,,,1359.4172191048845,-0.22005625202870593,0.21800617750606718
,,,1359.7075067878025,-0.2287709964968463,0.21806385819472163
,,,1359.9977944707205,-0.257093461516654,0.21822817466050212
,,,1360.2880821536385,-0.21134176727579312,0.218486598673039
,,,1360.5783698365565,-0.21134176727579312,0.21961216829590877
,,,1360.8686575194745,-0.22005625202870593,0.2191216629308412
,,,1361.1589452023925,-0.06972970189198158,0.2195008442812962
,,,1361.4492328853105,-0.22005625202870593,0.21904309663179114
,,,1361.7395205682283,-0.20480577385349497,0.21922438506216121
,,,1362.0298082511463,-0.2287709964968463,0.22166459486935391
,,,1362.3200959340643,-0.23530698991914445,0.22172612772979436
,,,1362.6103836169823,-0.20698452489933672,0.22178884364471654
,,,1362.9006712999003,-0.21134176727579312,0.22174803364881457
,,,1363.1909589828183,-0.22005625202870593,0.2216279652986361
,,,1363.4812466657363,-0.20262728252288031,0.2222381406118557
,,,1363.7715343486543,-0.23966423229560085,0.22181604443506014
,,,1364.061822031572,-0.22005625202870593,0.2221173349882784
,,,1364.35210971449,-0.24184298334144305,0.22225360551933374
,,,1364.642397397408,-0.17430481750307258,0.22247854479583032
,,,1364.932685080326,-0.178662059879529,0.22359568247676287
,,,1365.2229727632441,-0.22441375412038989,0.22371231290797033
,,,1365.5132604461621,-0.2309497475426885,0.22369238415170456
,,,1365.8035481290801,-0.22441375412038989,0.22386634098135372
,,,1366.0938358119981,-0.20480577385349497,0.22414083116554828
,,,1366.384123494916,-0.24837871704851366,0.22414083116554828
,,,1366.674411177834,0.010880450790985652,0.22256469780410684
,,,1366.964698860752,-0.2636294549389526,0.22250339684863044
,,,1367.25498654367,-0.21134176727579312,0.22256589374023725
,,,1367.545274226588,-0.2309497475426885,0.22267001535952138
,,,1367.835561909506,-0.24184298334144305,0.22161809577088318
,,,1368.125849592424,-0.2265922454510041,0.22172566351883213
,,,1368.4161372753417,-0.20480577385349497,0.2217256635188321
,,,1368.7064249582597,-0.32027412526334054,0.22183017952182538
,,,1368.9967126411777,-0.22005625202870593,0.2218508753825299
,,,1369.2870003240957,-0.21787776069809173,0.22183077939915133
,,,1369.5772880070137,-0.23966423229560085,0.22175477330484478
,,,1369.8675756899318,-0.20044853147703856,0.22256947988129053
,,,1370.1578633728498,-0.20698452489933672,0.22244985491100203
,,,1370.4481510557678,-0.2265922454510041,0.2227502881780501
,,,1370.7384387386855,-0.24620022571789946,0.22342473200490678
,,,1371.0287264216036,-0.2265922454510041,0.22331698753519388
,,,1371.3190141045216,-0.20480577385349497,0.22352547485474036
,,,1371.6093017874396,-0.2331282388733027,0.2244252414869311
,,,1371.8995894703576,-0.22441375412038989,0.22452751546708816
,,,1372.1898771532756,-0.22441375412038989,0.22454579197963376
,,,1372.4801648361936,-0.22005625202870593,0.22417772206566125
,,,1372.7704525191116,-0.1830193022559854,0.22443354728697426
,,,1373.0607402020294,-0.22441375412038989,0.22461226479890306
,,,1373.3510278849474,-0.21352051832163532,0.22459123089433686
,,,1373.6413155678654,-0.2374854812497591,0.22447150002208363
,,,1373.9316032507834,-0.21787776069809173,0.22433242417482227
,,,1374.2218909337014,-0.22441375412038989,0.2243747387572078
,,,1374.5121786166194,-0.26798669731540903,0.224290890252481
,,,1374.8024662995374,-0.23530698991914445,0.22450637670857482
,,,1375.0927539824554,-0.20916301622995093,0.22452643316057241
,,,1375.3830416653732,-0.2287709964968463,0.22463260822410222
,,,1375.6733293482912,-0.24402147467205726,0.22438808288580367
,,,1375.9636170312092,-0.2309497475426885,0.22456861448804483
,,,1376.2539047141272,-0.2287709964968463,0.22449353533616118
,,,1376.5441923970452,-0.20262728252288031,0.22455429300546118
,,,1376.8344800799632,-0.16994731541138863,0.22611709253745801
,,,1377.1247677628812,-0.2265922454510041,0.2260204470078861
,,,1377.415055445799,-0.40088427794630777,0.2262558580789663
,,,1377.705343128717,-0.2265922454510041,0.22633976010927223
,,,1377.995630811635,-0.2309497475426885,0.22961901890785025
,,,1378.285918494553,-0.22005625202870593,0.23009177558922017
,,,1378.576206177471,-0.21134176727579312,0.23035104655382188
,,,1378.866493860389,-0.22005625202870593,0.22988142298035685
,,,1379.156781543307,-0.15687558828201942,0.230070465861066
,,,1379.447069226225,-0.23530698991914445,0.22998715329078875
,,,1379.7373569091428,-0.22005625202870593,0.23012821148301177
,,,1380.0276445920608,-0.23530698991914445,0.23017138780246418
,,,1380.3179322749788,-0.24184298334144305,0.23067811576079345
,,,1380.6082199578968,-0.22005625202870593,0.23111157064053992
,,,1380.8985076408148,-0.21787776069809173,0.23099636936375192
,,,1381.1887953237328,-0.2222350030745477,0.23053152536564306
,,,1381.4790830066509,-0.2309497475426885,0.22977978624572004
,,,1381.7693706895689,-0.20262728252288031,0.2298350933704853
,,,1382.0596583724866,-0.2287709964968463,0.22936209816632636
,,,1382.3499460554046,-0.22005625202870593,0.2303834503905353
,,,1382.6402337383226,-0.2309497475426885,0.2315603322870697
,,,1382.9305214212407,-0.2331282388733027,0.23157901157583555
,,,1383.2208091041587,-0.22005625202870593,0.231558799650141
,,,1383.5110967870767,-0.23966423229560085,0.23122472561698504
,,,1383.8013844699947,-0.22005625202870593,0.23134786665383172
,,,1384.0916721529127,-0.2331282388733027,0.23155765016007773
,,,1384.3819598358305,-0.2265922454510041,0.23038604293706585
,,,1384.6722475187485,-0.21787776069809173,0.230366691518196
,,,1384.9625352016665,-0.20262728252288031,0.23065498393101297
,,,1385.2528228845845,-0.29848765366583097,0.23041482867020022
,,,1385.5431105675025,-0.21134176727579312,0.23050578294352403
,,,1385.8333982504205,-0.23530698991914445,0.23099948134462514
,,,1386.1236859333385,-0.20044853147703856,0.2310398092697181
,,,1386.4139736162565,-0.16123283065847582,0.23071700293557026
,,,1386.7042612991743,-0.23966423229560085,0.23075738022753212
,,,1386.9945489820923,-0.21134176727579312,0.23104989106927803
,,,1387.2848366650103,-0.2309497475426885,0.23754790939028342
,,,1387.5751243479283,-0.20262728252288031,0.23760644920310087
,,,1387.8654120308463,-0.22005625202870593,0.2376452802878491
,,,1388.1556997137643,-0.2309497475426885,0.23799252271511062
,,,1388.4459873966823,-0.2287709964968463,0.23814094867301816
,,,1388.7362750796,-0.2309497475426885,0.23797574673208155
,,,1389.026562762518,-0.21352051832163532,0.23806940236798874
,,,1389.316850445436,-0.21134176727579312,0.23800930141405105
,,,1389.607138128354,-0.23530698991914445,0.23806605074413528
,,,1389.8974258112721,-0.2265922454510041,0.237972393789174
,,,1390.1877134941901,-0.24837871704851366,0.236792314385323
,,,1390.4780011771081,-0.2222350030745477,0.23677217277206372
,,,1390.7682888600261,-0.23966423229560085,0.23692201664388843
,,,1391.058576542944,-0.2331282388733027,0.23668212713770911
,,,1391.348864225862,-0.2309497475426885,0.23621542254615846
,,,1391.63915190878,-0.20262728252288031,0.2361759783779
,,,1391.929439591698,-0.2265922454510041,0.23602415723368514
,,,1392.219727274616,-0.28323717549062,0.23602415723368517
,,,1392.510014957534,-0.20916301622995093,0.23626509396433232
,,,1392.800302640452,-0.2309497475426885,0.23615128192221557
,,,1393.09059032337,-0.2374854812497591,0.23399701962233999
,,,1393.3808780062877,-0.46406520140822183,0.2340773913351149
,,,1393.6711656892057,-0.257093461516654,0.23396023749717917
,,,1393.9614533721237,-0.23966423229560085,0.2338307893877279
,,,1394.2517410550417,-0.15905407961263363,0.2337943605561548
,,,1394.5420287379598,-0.22441375412038989,0.23397445970862857
,,,1394.8323164208778,-0.2309497475426885,0.23450778058681745
,,,1395.1226041037958,-0.23530698991914445,0.23444733180933244
,,,1395.4128917867138,-0.24620022571789946,0.23437238895816545
,,,1395.7031794696316,-0.23530698991914445,0.23415887550513848
,,,1395.9934671525496,-0.2309497475426885,0.23390135978677115
,,,1396.2837548354676,-0.21134176727579312,0.23399949208375803
,,,1396.5740425183856,-0.17430481750307258,0.23409663345068835
,,,1396.8643302013036,-0.11548113641761493,0.23409663345068835
,,,1397.1546178842216,-0.21134176727579312,0.2339985418920164
,,,1397.4449055671396,-0.19609128910058216,0.23420386546543911
,,,1397.7351932500574,-0.22441375412038989,0.233650009758759
,,,1398.0254809329754,-0.3573113347512886,0.2348431156142165
,,,1398.3157686158934,-0.21352051832163532,0.23478388680695447
,,,1398.6060562988114,-0.2287709964968463,0.23476376424125084
,,,1398.8963439817294,-0.20480577385349497,0.2346170818777101
,,,1399.1866316646474,-0.23966423229560085,0.23432618423117912
,,,1399.4769193475654,-0.2287709964968463,0.23440417209314732
,,,1399.7672070304834,-0.21134176727579312,0.23434426450270274
,,,1400.0574947134012,-0.21787776069809173,0.23394116968086767
,,,1400.3477823963192,-0.24837871704851366,0.23383077733002525
,,,1400.6380700792372,-0.21352051832163532,0.23386644178737798
,,,1400.9283577621552,-0.21134176727579312,0.23378932308083364
,,,1401.2186454450732,-0.25927195284726823,0.2340654429168638
,,,1401.5089331279912,-0.2309497475426885,0.23385164921321586
,,,1401.7992208109092,-0.21134176727579312,0.23403558966658117
,,,1402.0895084938272,-0.2309497475426885,0.2344265086150583
,,,1402.379796176745,-0.2374854812497591,0.2341717499759632
,,,1402.670083859663,-0.6165705025907879,0.23413537419402983
,,,1402.960371542581,-0.2309497475426885,0.23413537419402983
,,,1403.250659225499,-0.2287709964968463,0.23428235815120146
,,,1403.540946908417,-0.257093461516654,0.23420736251093863
,,,1403.831234591335,-0.20262728252288031,0.23403426625692322
,,,1404.121522274253,-0.20480577385349497,0.23397540150426835
,,,1404.411809957171,-0.22441375412038989,0.23387725909914242
,,,1404.7020976400888,-0.2309497475426885,0.2340319894418247
,,,1404.9923853230068,-0.22441375412038989,0.2342456185507533
,,,1405.2826730059248,-0.21352051832163532,0.23416530457800586
,,,1405.5729606888428,-0.10894514299531632,0.23422525794087912
,,,1405.8632483717608,-0.2331282388733027,0.2345946744391325
,,,1406.1535360546789,-0.2265922454510041,0.23471377955240533
,,,1406.4438237375969,-0.20044853147703856,0.23425262172631736
,,,1406.7341114205149,-0.18955529567828355,0.23421247057995673
,,,1407.0243991034326,-0.2265922454510041,0.23437909041087096
,,,1407.3146867863506,-0.21134176727579312,0.2344694528946616
,,,1407.6049744692687,-0.20262728252288031,0.23459089072116804
,,,1407.8952621521867,-0.20262728252288031,0.23356596849624855
,,,1408.1855498351047,-0.21352051832163532,0.23351211707239045
,,,1408.4758375180227,-0.2287709964968463,0.23316352746817462
,,,1408.7661252009407,-0.23530698991914445,0.2331021616312374
,,,1409.0564128838585,-0.21787776069809173,0.22963625760266385
,,,1409.3467005667765,-0.20480577385349497,0.22933585040285168
,,,1409.6369882496945,-0.20698452489933672,0.22942249310809112
,,,1409.9272759326125,-0.23966423229560085,0.22987366126144057
,,,1410.2175636155305,-0.2265922454510041,0.22968445639982982
,,,1410.5078512984485,-0.2287709964968463,0.22943448614892156
,,,1410.7981389813665,-0.21134176727579312,0.22935248743430908
,,,1411.0884266642845,-0.21134176727579312,0.2288831439788523
,,,1411.3787143472023,-0.21352051832163532,0.22791360903238758
,,,1411.6690020301203,-0.2309497475426885,0.22769832514190255
,,,1411.9592897130383,-0.2287709964968463,0.22762427829007106
,,,1412.2495773959563,-0.2222350030745477,0.22793628666916893
,,,1412.5398650788743,-0.22005625202870593,0.22877554229305536
,,,1412.8301527617923,-0.2265922454510041,0.22962871235728502
,,,1413.1204404447103,-0.15687558828201942,0.2297739480515444
,,,1413.4107281276283,-0.3289888697314809,0.22981410257723184
,,,1413.701015810546,-0.22441375412038989,0.22819706172100396
,,,1413.991303493464,-0.2309497475426885,0.22782466309427318
,,,1414.281591176382,-0.20262728252288031,0.22752225227060105
,,,1414.5718788593,-0.20698452489933672,0.22761631128701218
,,,1414.8621665422181,-0.2287709964968463,0.22735392169317212
,,,1415.1524542251361,-0.2265922454510041,0.2274162559548124
,,,1415.4427419080541,-0.1764833088336868,0.2274162559548124
,,,1415.7330295909721,-0.20480577385349497,0.22918683158283878
,,,1416.02331727389,-0.20698452489933672,0.22895569806647953
,,,1416.313604956808,-0.29195191995876035,0.22886315858655418
,,,1416.603892639726,-0.24184298334144305,0.22958802820382287
,,,1416.894180322644,-0.21134176727579312,0.22920512212388455
,,,1417.184468005562,-0.2222350030745477,0.22895462854146276
,,,1417.47475568848,-0.21352051832163532,0.22930187406371785
,,,1417.765043371398,-0.21134176727579312,0.22926124042940887
,,,1418.0553310543157,-0.20698452489933672,0.2290791810149243
,,,1418.3456187372337,-0.2309497475426885,0.22218918329640655
,,,1418.6359064201517,-0.22005625202870593,0.2220067167948086
,,,1418.9261941030697,-0.21134176727579312,0.2217506925306753
,,,1419.2164817859878,-0.21134176727579312,0.2214816565722276
,,,1419.5067694689058,-0.2222350030745477,0.22189388776427757
,,,1419.7970571518238,-0.22005625202870593,0.22211260065454116
,,,1420.0873448347418,-0.2309497475426885,0.22191677885971012
,,,1420.3776325176595,-0.23530698991914445,0.22191677885971012
,,,1420.6679202005776,-0.2265922454510041,0.22154463985486156
,,,1420.9582078834956,-0.2331282388733027,0.2216247211536465
,,,1421.2484955664136,-0.28323717549062,0.2223151467809496
,,,1421.5387832493316,-0.23530698991914445,0.22203560504457456
,,,1421.8290709322496,-0.1851980533018276,0.22185661379294455
,,,1422.1193586151676,-0.2287709964968463,0.22213358740828648
,,,1422.4096462980856,-0.24837871704851366,0.2223367022664757
,,,1422.6999339810034,-0.21352051832163532,0.22215795360709667
,,,1422.9902216639214,-0.23966423229560085,0.22210073474304856
,,,1423.2805093468394,-0.16994731541138863,0.22233789947654187
,,,1423.5707970297574,-0.20262728252288031,0.2225539811708714
,,,1423.8610847126754,-0.18955529567828355,0.2224962659993086
,,,1424.1513723955934,-0.2309497475426885,0.22233510388318828
,,,1424.4416600785114,-0.20916301622995093,0.22203410883301153
,,,1424.7319477614294,-0.2265922454510041,0.22197505945009197
,,,1425.0222354443472,-0.24837871704851366,0.22203231070130933
,,,1425.3125231272652,-0.21787776069809173,0.2224286617137354
,,,1425.6028108101832,-0.20262728252288031,0.22230058003328346
,,,1425.8930984931012,-0.20262728252288031,0.2223214341038878
,,,1426.1833861760192,-0.2265922454510041,0.22216014515912247
,,,1426.4736738589372,-0.19391253805473996,0.22234248574898177
,,,1426.7639615418552,-0.08933742244364895,0.2231406364772581
,,,1427.054249224773,-0.20698452489933672,0.22312125074482037
,,,1427.344536907691,-0.20262728252288031,0.22316379498060585
,,,1427.634824590609,-0.21352051832163532,0.22308187759613407
,,,1427.925112273527,-0.2331282388733027,0.22300231957045938
,,,1428.215399956445,-0.29413041128937456,0.2233723263052462
,,,1428.505687639363,-0.21352051832163532,0.2233112470512023
,,,1428.795975322281,-0.2287709964968463,0.2238090286827569
,,,1429.086263005199,-0.22005625202870593,0.22240204481273446
,,,1429.3765506881168,-0.16559007303493223,0.22250723997279248
,,,1429.6668383710348,-0.19391253805473996,0.22244472660213463
,,,1429.9571260539528,-0.21569900965224953,0.22264008404407465
,,,1430.2474137368708,-0.21134176727579312,0.22288145153052166
,,,1430.5377014197888,-0.23530698991914445,0.22272056813744281
,,,1430.8279891027069,-0.21134176727579312,0.22272056813744284
,,,1431.1182767856249,-0.36602581950420143,0.22318568052414883
,,,1431.4085644685429,-0.22441375412038989,0.22340312874578389
,,,1431.6988521514606,-0.20262728252288031,0.22360161657760638
,,,1431.9891398343786,-0.28323717549062,0.22246836399883416
,,,1432.2794275172967,-0.22005625202870593,0.22219729996691545
,,,1432.5697152002147,-0.20262728252288031,0.22227634781763222
,,,1432.8600028831327,-0.24837871704851366,0.22231745746477674
,,,1433.1502905660507,-0.2265922454510041,0.22263301373308444
,,,1433.4405782489687,-0.21787776069809173,0.22271190693457182
,,,1433.7308659318867,-0.21787776069809173,0.22289021134691386
,,,1434.0211536148045,-0.21134176727579312,0.2227871857376805
,,,1434.3114412977225,-0.20044853147703856,0.2227871857376805
,,,1434.6017289806405,-0.2309497475426885,0.22284601992477565
,,,1434.8920166635585,-0.24620022571789946,0.2229654323455003
,,,1435.1823043464765,-0.2287709964968463,0.22292523813345924
,,,1435.4725920293945,-0.20262728252288031,0.22269826052184782
,,,1435.7628797123125,-0.2309497475426885,0.22269826052184782
,,,1436.0531673952305,-0.1808408109253712,0.22247354339635564
,,,1436.3434550781483,-0.2222350030745477,0.22253664664654954
,,,1436.6337427610663,-0.21134176727579312,0.22245290546545035
,,,1436.9240304439843,-0.20262728252288031,0.2216286592667194
,,,1437.2143181269023,-0.20698452489933672,0.22142239271080916
,,,1437.5046058098203,-0.2309497475426885,0.22193230509895134
,,,1437.7948934927383,-0.21352051832163532,0.22189072424585354
,,,1438.0851811756563,-0.20698452489933672,0.2216726951471186
,,,1438.375468858574,-0.20480577385349497,0.22165318102893208
,,,1438.665756541492,-0.2287709964968463,0.22154557808832595
,,,1438.95604422441,-0.2265922454510041,0.22201884602429073
,,,1439.246331907328,-0.20698452489933672,0.2227902826870633
,,,1439.5366195902461,-0.21134176727579312,0.22280770618206547
,,,1439.8269072731641,-0.20262728252288031,0.22319492748310452
,,,1440.1171949560821,-0.21134176727579312,0.22323348573438126
,,,1440.4074826390001,-0.21134176727579312,0.22317236848155717
,,,1440.697770321918,-0.24837871704851366,0.22299737533658956
,,,1440.988058004836,-0.2265922454510041,0.22301736619861617
,,,1441.278345687754,-0.2287709964968463,0.2231716727500987
,,,1441.568633370672,-0.21134176727579312,0.22332587268381293
,,,1441.85892105359,-0.2309497475426885,0.22324481201446203
,,,1442.149208736508,-0.2875944178670764,0.2235117298642734
,,,1442.439496419426,-0.21134176727579312,0.22506865342092613
,,,1442.729784102344,-0.23530698991914445,0.22503159463769476
,,,1443.0200717852617,-0.22005625202870593,0.22524509223631825
,,,1443.3103594681797,-0.21352051832163532,0.2259880457111917
,,,1443.6006471510977,-0.257093461516654,0.22592590647157432
,,,1443.8909348340158,-0.22005625202870593,0.22525966750173534
,,,1444.1812225169338,-0.22005625202870593,0.22539954892221165
,,,1444.4715101998518,-0.20262728252288031,0.2253184443759701
,,,1444.7617978827698,-0.23530698991914445,0.22533842854915717
,,,1445.0520855656878,-0.22441375412038989,0.2265605325711532
,,,1445.3423732486056,-0.22441375412038989,0.22670616839814847
,,,1445.6326609315236,-0.2331282388733027,0.22684652907539793
,,,1445.9229486144416,-0.21134176727579312,0.22696383671910755
,,,1446.2132362973596,-0.2265922454510041,0.22690137816905828
,,,1446.5035239802776,-0.2309497475426885,0.22673855402872328
,,,1446.7938116631956,-0.2287709964968463,0.22494870878615975
,,,1447.0840993461136,-0.2287709964968463,0.22501052649103317
,,,1447.3743870290314,-0.1764833088336868,0.22514366680970962
,,,1447.6646747119494,-0.21352051832163532,0.22438536267507592
,,,1447.9549623948674,-0.22005625202870593,0.22423189133331564
,,,1448.2452500777854,-0.2265922454510041,0.22438536267507592
,,,1448.5355377607034,-0.24620022571789946,0.22419044009310116
,,,1448.8258254436214,-0.22005625202870593,0.22433929576514164
,,,1449.1161131265394,-0.2265922454510041,0.22475032932179234
,,,1449.4064008094574,-0.22005625202870593,0.22483084719154586
,,,1449.6966884923752,-0.22005625202870593,0.22434492090775007
,,,1449.9869761752932,-0.21787776069809173,0.22455690072027684
,,,1450.2772638582112,-0.22441375412038989,0.22455690072027684
,,,1450.5675515411292,-0.21787776069809173,0.22440542442016476
,,,1450.8578392240472,-0.19391253805473996,0.22402949911301032
,,,1451.1481269069652,-0.2309497475426885,0.2243709231001627
,,,1451.4384145898832,-0.21134176727579312,0.22441323042332417
,,,1451.7287022728012,-0.2331282388733027,0.22458712485364551
,,,1452.018989955719,-0.22441375412038989,0.22460737161361202
,,,1452.309277638637,-0.20262728252288031,0.22466572914125768
,,,1452.599565321555,-0.21352051832163532,0.22490018901906636
,,,1452.889853004473,-0.24184298334144305,0.22493805827080135
,,,1453.180140687391,-0.22441375412038989,0.22498025894476004
,,,1453.470428370309,-0.2265922454510041,0.22503910879637357
,,,1453.760716053227,-0.21134176727579312,0.22525693418318227
,,,1454.051003736145,-0.2287709964968463,0.2255140921327765
,,,1454.3412914190628,-0.2265922454510041,0.2257078716043315
,,,1454.6315791019808,-0.2788799331141636,0.22549481216381376
,,,1454.9218667848988,-0.19173404672412575,0.22571219777082074
,,,1455.2121544678168,-0.26798669731540903,0.2259125839742158
,,,1455.5024421507349,-0.21352051832163532,0.22604519298285622
,,,1455.7927298336529,-0.22005625202870593,0.22612289569438634
,,,1456.0830175165709,-0.2309497475426885,0.22626087099458056
,,,1456.3733051994889,-0.22005625202870593,0.22590895118310894
,,,1456.6635928824066,-0.22005625202870593,0.22569608156387777
,,,1456.9538805653247,-0.22005625202870593,0.22539081480299172
,,,1457.2441682482427,-0.21787776069809173,0.22548871388411132
,,,1457.5344559311607,-0.22441375412038989,0.2250604986384234
,,,1457.8247436140787,-0.2875944178670764,0.22469209173609417
,,,1458.1150312969967,-0.20262728252288031,0.22428895371447005
,,,1458.4053189799147,-0.2265922454510041,0.22418459459763818
,,,1458.6956066628325,-0.28541592653646175,0.2242869783118573
,,,1458.9858943457505,-0.2265922454510041,0.2250330950506607
,,,1459.2761820286685,-0.2331282388733027,0.2246658234865009
,,,1459.5664697115865,-0.2287709964968463,0.22407503056944544
,,,1459.8567573945045,-0.22005625202870593,0.22381433651986307
,,,1460.1470450774225,-0.2222350030745477,0.22385159682108974
,,,1460.4373327603405,-0.29413041128937456,0.22374703371425372
,,,1460.7276204432585,-0.21134176727579312,0.2231529117805229
,,,1461.0179081261763,-0.2309497475426885,0.22319425748954755
,,,1461.3081958090943,-0.22441375412038989,0.22319425748954758
,,,1461.5984834920123,-0.2287709964968463,0.22319425748954758
,,,1461.8887711749303,-0.19173404672412575,0.22369655798254676
,,,1462.1790588578483,-0.21787776069809173,0.2236343770667369
,,,1462.4693465407663,-0.2309497475426885,0.2235931127424162
,,,1462.7596342236843,-0.21787776069809173,0.22351135270386938
,,,1463.0499219066023,-0.20916301622995093,0.22466590133472636
,,,1463.34020958952,-0.20262728252288031,0.2245715941601927
,,,1463.630497272438,-0.22005625202870593,0.2244554102249844
,,,1463.920784955356,-0.2287709964968463,0.22431632440206872
,,,1464.2110726382741,-0.24184298334144305,0.22383642129598402
,,,1464.5013603211921,-0.25927195284726823,0.22368257331916536
,,,1464.7916480041101,-0.2265922454510041,0.2237666497689022
,,,1465.0819356870281,-0.14598235248326485,0.22404353679768327
,,,1465.3722233699461,-0.22441375412038989,0.224083928738675
,,,1465.662511052864,-0.2309497475426885,0.22422731329375295
,,,1465.952798735782,-0.2309497475426885,0.22420703221305657
,,,1466.2430864187,-0.1851980533018276,0.22414855526277397
,,,1466.533374101618,-0.23966423229560085,0.22443485576720434
,,,1466.823661784536,-0.23530698991914445,0.2244140004015324
,,,1467.113949467454,-0.20262728252288031,0.22399600443405368
,,,1467.404237150372,-0.22441375412038989,0.2240172947680028
,,,1467.6945248332897,-0.21787776069809173,0.2238603982231901
,,,1467.9848125162077,-0.2287709964968463,0.2238603982231901
,,,1468.2751001991257,-0.21134176727579312,0.22412945089919714
,,,1468.5653878820438,-0.23530698991914445,0.22380301995566496
,,,1468.8556755649618,-0.22005625202870593,0.22386515402913246
,,,1469.1459632478798,-0.2309497475426885,0.22388586236598834
,,,1469.4362509307978,-0.2331282388733027,0.22388586236598834
,,,1469.7265386137158,-0.24837871704851366,0.22394916193324318
,,,1470.0168262966336,-0.20262728252288031,0.22386832695133058
,,,1470.3071139795516,-0.2309497475426885,0.22295899370968378
,,,1470.5974016624696,-0.2331282388733027,0.22290735370672618
,,,1470.8876893453876,-0.21787776069809173,0.22245712209153798
,,,1471.1779770283056,-0.22005625202870593,0.22257793655643068
,,,1471.4682647112236,-0.2265922454510041,0.22359687115582
,,,1471.7585523941416,-0.21134176727579312,0.22357593762219927
,,,1472.0488400770596,-0.20262728252288031,0.22357593762219927
,,,1472.3391277599774,-0.19391253805473996,0.22340354182017483
,,,1472.6294154428954,-0.2222350030745477,0.2229487355316572
,,,1472.9197031258134,0.18081498119460448,0.22302990381063023
,,,1473.2099908087314,-0.25491471047081227,0.22317813966362746
,,,1473.5002784916494,-0.15905407961263363,0.22249978599985273
,,,1473.7905661745674,-0.22441375412038989,0.2225372664016197
,,,1474.0808538574854,-0.2309497475426885,0.22241642984509127
,,,1474.3711415404034,-0.28541592653646175,0.2218247569492441
,,,1474.6614292233212,-0.22005625202870593,0.22188804470938117
,,,1474.9517169062392,-0.14162511010680845,0.2218667525374028
,,,1475.2420045891572,-0.18955529567828355,0.22178435608302896
,,,1475.5322922720752,-0.20698452489933672,0.2220410411172267
,,,1475.8225799549932,-0.22441375412038989,0.22206152001994897
,,,1476.1128676379112,-0.14816084381387906,0.22115980534626076
,,,1476.4031553208292,-0.2287709964968463,0.2214965406605975
,,,1476.693443003747,-0.2331282388733027,0.2215611209324832
,,,1476.983730686665,-0.21134176727579312,0.22130979267391188
,,,1477.274018369583,-0.2745226907377072,0.22110924750144723
,,,1477.564306052501,-0.22441375412038989,0.22145928234000892
,,,1477.854593735419,-0.22441375412038989,0.22162588521037133
,,,1478.144881418337,-0.22005625202870593,0.22138555089679182
,,,1478.435169101255,-0.29413041128937456,0.22134587141399564
,,,1478.725456784173,-0.20262728252288031,0.22127050069569346
,,,1479.0157444670908,-0.20698452489933672,0.22161617526280816
,,,1479.3060321500088,-0.21134176727579312,0.2213878555402554
,,,1479.5963198329268,-0.19391253805473996,0.2211496719655586
,,,1479.8866075158448,-0.20262728252288031,0.2210408204407384
,,,1480.1768951987628,-0.23530698991914445,0.2206228759563712
,,,1480.4671828816809,-0.24837871704851366,0.22050099029889028
,,,1480.7574705645989,-0.22441375412038989,0.22066138312151407
,,,1481.0477582475169,-0.2331282388733027,0.2197790283485266
,,,1481.3380459304346,-0.2222350030745477,0.2195945591992403
,,,1481.6283336133527,-0.21134176727579312,0.2194899866612427
,,,1481.9186212962707,-0.2265922454510041,0.21971058762843798
,,,1482.2089089791887,-0.2287709964968463,0.219732898862837
,,,1482.4991966621067,-0.15687558828201942,0.21948564128240375
,,,1482.7894843450247,-0.23530698991914445,0.21939416218878327
,,,1483.0797720279427,-0.20698452489933672,0.21935290666953428
,,,1483.3700597108607,-0.20262728252288031,0.21939375535445343
,,,1483.6603473937785,-0.24184298334144305,0.21931042977979961
,,,1483.9506350766965,-0.20698452489933672,0.21949513771861603
,,,1484.2409227596145,-0.2309497475426885,0.21928686432965017
,,,1484.5312104425325,-0.2287709964968463,0.2193915336855244
,,,1484.8214981254505,-0.21134176727579312,0.21928686432965017
,,,1485.1117858083685,-0.23530698991914445,0.21902239500714643
,,,1485.4020734912865,-0.21787776069809173,0.21867860688607701
,,,1485.6923611742045,-0.1851980533018276,0.2188983008179807
,,,1485.9826488571223,-0.1851980533018276,0.21828417637402622
,,,1486.2729365400403,-0.22441375412038989,0.21798064038034362
,,,1486.5632242229583,-0.2265922454510041,0.218042602575573
,,,1486.8535119058763,-0.3115596405104277,0.21832674909397973
,,,1487.1437995887943,-0.2287709964968463,0.2181837564621475
,,,1487.4340872717123,-0.22005625202870593,0.21854811621816286
,,,1487.7243749546303,-0.20044853147703856,0.21896587024391556
,,,1488.014662637548,-0.16341158170431802,0.21903960600121727
,,,1488.304950320466,-0.2265922454510041,0.21912384438378263
,,,1488.595238003384,-0.23966423229560085,0.21954232009395405
,,,1488.8855256863021,-0.22441375412038989,0.21903251901733464
,,,1489.1758133692201,-0.20698452489933672,0.21962990823064724
,,,1489.4661010521381,-0.21352051832163532,0.21958869700250463
,,,1489.7563887350561,-0.2309497475426885,0.2196982679963982
,,,1490.0466764179741,-0.2331282388733027,0.21905672873771787
,,,1490.336964100892,-0.2309497475426885,0.21924893425819306
,,,1490.62725178381,-0.22005625202870593,0.21969605868019954
,,,1490.917539466728,-0.24620022571789946,0.22004471266270953
,,,1491.207827149646,-0.22441375412038989,0.22016322421148968
,,,1491.498114832564,-0.20916301622995093,0.22016322421148968
,,,1491.788402515482,-0.24620022571789946,0.22076539211343843
,,,1492.0786901984,-0.2374854812497591,0.22209876183251823
,,,1492.368977881318,-0.19609128910058216,0.22171092265797568
,,,1492.6592655642357,-0.20698452489933672,0.22171092265797568
,,,1492.9495532471537,-0.2309497475426885,0.220986711721675
,,,1493.2398409300718,-0.23530698991914445,0.22092557525160844
,,,1493.5301286129898,-0.20480577385349497,0.2207664814633895
,,,1493.8204162959078,-0.21352051832163532,0.22076648146338948
,,,1494.1107039788258,-0.20044853147703856,0.2199588080457328
,,,1494.4009916617438,-0.23966423229560085,0.22001597682182156
,,,1494.6912793446618,-0.19391253805473996,0.2198005259965047
,,,1494.9815670275796,-0.20262728252288031,0.21988043549824476
,,,1495.2718547104976,-0.2309497475426885,0.2201722861119327
,,,1495.5621423934156,-0.21787776069809173,0.22047582294944104
,,,1495.8524300763336,-0.21352051832163532,0.2203904910905153
,,,1496.1427177592516,-0.16994731541138863,0.22008875371527353
,,,1496.4330054421696,-0.09369466482010536,0.22013067494587604
,,,1496.7232931250876,-0.21134176727579312,0.22047652495713124
,,,1497.0135808080054,-0.22005625202870593,0.22056021453909636
,,,1497.3038684909234,-0.21134176727579312,0.22083067651975616
,,,1497.5941561738414,-0.24184298334144305,0.2199111802951636
,,,1497.8844438567594,-0.20916301622995093,0.2195799939018654
,,,1498.1747315396774,-0.19173404672412575,0.22008621488475658
,,,1498.4650192225954,-0.22005625202870593,0.22000073190829272
,,,1498.7553069055134,-0.2222350030745477,0.22020228664320923
,,,1499.0455945884314,-0.22005625202870593,0.22027882841582833
,,,1499.3358822713492,-0.2309497475426885,0.21974802045761926
,,,1499.6261699542672,-0.21352051832163532,0.22001423876875686
,,,1499.9164576371852,-0.2309497475426885,0.21990986579878447
,,,1500.2067453201032,-0.22005625202870593,0.22022594870724155
,,,1500.4970330030212,-0.20480577385349497,0.22049682069963175
,,,1500.7873206859392,-0.21352051832163532,0.22013800139851517
,,,1501.0776083688572,-0.2265922454510041,0.22053303041518435
,,,1501.3678960517752,-0.15687558828201942,0.221401438203382
,,,1501.658183734693,-0.20044853147703856,0.22158170021953608
,,,1501.948471417611,-0.22441375412038989,0.22173090425585465
,,,1502.238759100529,-0.24837871704851366,0.2215901083444545
,,,1502.529046783447,-0.21134176727579312,0.2201955331811871
,,,1502.819334466365,-0.24837871704851366,0.22005234373122035
,,,1503.109622149283,-0.24620022571789946,0.22013538847702904
,,,1503.399909832201,-0.20262728252288031,0.22013538847702904
,,,1503.690197515119,-0.2309497475426885,0.2206164071132579
,,,1503.9804851980368,-0.2287709964968463,0.22068004141046343
,,,1504.2707728809548,-0.20262728252288031,0.2204093945871702
,,,1504.5610605638728,-0.2309497475426885,0.2201934220141266
,,,1504.8513482467908,-0.22005625202870593,0.2203737641420362
,,,1505.1416359297089,-0.24184298334144305,0.2198583145956125
,,,1505.4319236126269,-0.2265922454510041,0.21983702506583483
,,,1505.7222112955449,-0.23966423229560085,0.2196116022186269
,,,1506.0124989784629,-0.20262728252288031,0.21959028876980324
,,,1506.3027866613807,-0.2287709964968463,0.21945236443920363
,,,1506.5930743442987,-0.22005625202870593,0.2193406482215914
,,,1506.8833620272167,-0.22441375412038989,0.21942557716214073
,,,1507.1736497101347,-0.22441375412038989,0.21971692186304317
,,,1507.4639373930527,-0.33988210553023546,0.21947803630593413
,,,1507.7542250759707,-0.18955529567828355,0.21939151015806285
,,,1508.0445127588887,-0.21134176727579312,0.21964503341738456
,,,1508.3348004418065,-0.20262728252288031,0.21995534819001697
,,,1508.6250881247245,-0.21787776069809173,0.21977102703831958
,,,1508.9153758076425,-0.20698452489933672,0.21946651542319454
,,,1509.2056634905605,-0.22005625202870593,0.21958412929191384
,,,1509.4959511734785,-0.22005625202870593,0.21868575157922882
,,,1509.7862388563965,-0.20916301622995093,0.21892418420328388
,,,1510.0765265393145,-0.1808408109253712,0.2187316933162408
,,,1510.3668142222325,-0.22005625202870593,0.2192227715262511
,,,1510.6571019051503,-0.2265922454510041,0.2194630463788601
,,,1510.9473895880683,-0.23530698991914445,0.21849516051076867
,,,1511.2376772709863,-0.2265922454510041,0.21857798261773922
,,,1511.5279649539043,-0.21787776069809173,0.21874353531844468
,,,1511.8182526368223,-0.2287709964968463,0.21916061681703805
,,,1512.1085403197403,-0.26580794626956683,0.21984778832830573
,,,1512.3988280026583,-0.2309497475426885,0.2197710964333019
,,,1512.6891156855763,-0.23966423229560085,0.21971083554181142
,,,1512.979403368494,-0.08933742244364895,0.2197907776523813
,,,1513.269691051412,-0.19173404672412575,0.21970275677637344
,,,1513.5599787343301,-0.22005625202870593,0.21978189686124544
,,,1513.8502664172481,-0.2265922454510041,0.22013404232835654
,,,1514.1405541001661,-0.2287709964968463,0.21997760499631136
,,,1514.4308417830841,-0.21134176727579312,0.21997760499631136
,,,1514.7211294660021,-0.1830193022559854,0.21982105633447338
,,,1515.0114171489201,-0.23530698991914445,0.21971659159619136
,,,1515.301704831838,-0.22005625202870593,0.21965813090181308
,,,1515.591992514756,-0.25927195284726823,0.21860588373811907
,,,1515.882280197674,-0.23966423229560085,0.21837441665067206
,,,1516.172567880592,-0.19609128910058216,0.21851302137760542
,,,1516.46285556351,-0.257093461516654,0.21855321517979268
,,,1516.753143246428,-0.2745226907377072,0.21855321517979268
,,,1517.043430929346,-0.20698452489933672,0.21912407267398765
,,,1517.3337186122637,-0.23966423229560085,0.21940449584372265
,,,1517.6240062951817,-0.21134176727579312,0.21936324226791823
,,,1517.9142939780997,-0.1764833088336868,0.21896134248285198
,,,1518.2045816610178,-0.21352051832163532,0.21888433999841322
,,,1518.4948693439358,-0.2287709964968463,0.21844338299114302
,,,1518.7851570268538,-0.20044853147703856,0.21744044237247484
,,,1519.0754447097718,-0.2222350030745477,0.21738443052275655
,,,1519.3657323926898,-0.2331282388733027,0.21727879429053126
,,,1519.6560200756076,-0.21134176727579312,0.2177992160609325
,,,1519.9463077585256,-0.20044853147703856,0.2181503911909158
,,,1520.2365954414436,-0.2265922454510041,0.21794490110907558
,,,1520.5268831243616,-0.14598235248326485,0.21757412434671272
,,,1520.8171708072796,-0.2287709964968463,0.21678800236375256
,,,1521.1074584901976,-0.20916301622995093,0.21642026733042694
,,,1521.3977461731156,-0.2287709964968463,0.21626739948830673
,,,1521.6880338560336,-0.20480577385349497,0.21630595980915562
,,,1521.9783215389514,-0.23530698991914445,0.21620082504808083
,,,1522.2686092218694,-0.2331282388733027,0.21632882711346224
,,,1522.5588969047874,-0.23966423229560085,0.21620574926579517
,,,1522.8491845877054,-0.2222350030745477,0.21616388522933047
,,,1523.1394722706234,-0.2287709964968463,0.2148596550963941
,,,1523.4297599535414,-0.22441375412038989,0.21408712354036274
,,,1523.7200476364594,-0.23966423229560085,0.2141691648028356
,,,1524.0103353193774,-0.21134176727579312,0.2149424583254615
,,,1524.3006230022952,-0.20262728252288031,0.21500529609360172
,,,1524.5909106852132,-0.21787776069809173,0.21523327637249262
,,,1524.8811983681312,-0.05883620637799902,0.21525419685347433
,,,1525.1714860510492,-0.2265922454510041,0.215172569293757
,,,1525.4617737339672,-0.22005625202870593,0.21531612198479255
,,,1525.7520614168852,-0.24620022571789946,0.21557556970333372
,,,1526.0423490998032,-0.2287709964968463,0.2154545347133186
,,,1526.332636782721,-0.08933742244364895,0.21541186881007998
,,,1526.622924465639,-0.2265922454510041,0.21564445693755765
,,,1526.913212148557,-0.2309497475426885,0.2154601563724848
,,,1527.203499831475,-0.22005625202870593,0.2155228432008083
,,,1527.493787514393,-0.20262728252288031,0.21531690815782814
,,,1527.784075197311,-0.20262728252288031,0.21475215379182583
,,,1528.074362880229,-0.21352051832163532,0.21452366221115926
,,,1528.364650563147,-0.22005625202870593,0.21430641768562217
,,,1528.6549382460648,-0.2331282388733027,0.2151048194452967
,,,1528.9452259289828,-0.21787776069809173,0.21548653381580124
,,,1529.2355136119008,-0.2309497475426885,0.21538511829743426
,,,1529.5258012948188,-0.20262728252288031,0.21516183721244805
,,,1529.8160889777369,-0.2222350030745477,0.21527263105743383
,,,1530.1063766606549,-0.20262728252288031,0.21546080050511235
,,,1530.3966643435729,-0.22005625202870593,0.2157843298592275
,,,1530.6869520264909,-0.20698452489933672,0.21494151272208917
,,,1530.9772397094087,-0.06319370846968342,0.21504829707908918
,,,1531.2675273923267,-0.19391253805473996,0.2146186831819676
,,,1531.5578150752447,-0.22005625202870593,0.21416800924540313
,,,1531.8481027581627,-0.21787776069809173,0.2141130059772445
,,,1532.1383904410807,-0.2265922454510041,0.21331559093531535
,,,1532.4286781239987,-0.2265922454510041,0.21258229017406777
,,,1532.7189658069167,-0.2309497475426885,0.21234206133596037
,,,1533.0092534898347,-0.22005625202870593,0.21206077326503311
,,,1533.2995411727525,-0.20698452489933672,0.21229651265597943
,,,1533.5898288556705,-0.20262728252288031,0.21263476865664943
,,,1533.8801165385885,-0.20262728252288031,0.21251581359709373
,,,1534.1704042215065,0.11763431744791841,0.21242979016725824
,,,1534.4606919044245,-0.19609128910058216,0.2146952201477962
,,,1534.7509795873425,-0.22005625202870593,0.2147163996704931
,,,1535.0412672702605,-0.2767011820683214,0.21446584314118478
,,,1535.3315549531785,-0.23966423229560085,0.2147439808909676
,,,1535.6218426360963,-0.20916301622995093,0.21561358344152315
,,,1535.9121303190143,-0.1764833088336868,0.21546879026551102
,,,1536.2024180019323,-0.14816084381387906,0.21593524689688748
,,,1536.4927056848503,-0.1851980533018276,0.21585058622595957
,,,1536.7829933677683,-0.22441375412038989,0.2159311381595513
,,,1537.0732810506863,-0.20698452489933672,0.21582582081250157
,,,1537.3635687336043,-0.21787776069809173,0.2158258208125016
,,,1537.653856416522,-0.2331282388733027,0.21559394054857706
,,,1537.94414409944,-0.21134176727579312,0.21482297800367267
,,,1538.2344317823581,-0.22005625202870593,0.21464778851709504
,,,1538.5247194652761,-0.23530698991914445,0.21454494266639207
,,,1538.8150071481941,0.021773686589740215,0.21437780309266746
,,,1539.1052948311121,-0.22005625202870593,0.21433558202196332
,,,1539.3955825140301,-0.2767011820683214,0.2142026611694278
,,,1539.6858701969481,-0.22441375412038989,0.21412394739195528
,,,1539.976157879866,-0.2309497475426885,0.2141239473919553
,,,1540.266445562784,-0.2222350030745477,0.2141239473919553
,,,1540.556733245702,-0.21134176727579312,0.215102952822232
,,,1540.84702092862,-0.22441375412038989,0.21486027978093616
,,,1541.137308611538,-0.21134176727579312,0.21469999985009944
,,,1541.427596294456,-0.20698452489933672,0.2142739291338661
,,,1541.717883977374,0.22220943305900942,0.21423086184366727
,,,1542.008171660292,-0.257093461516654,0.21502954414133374
,,,1542.2984593432097,-0.20698452489933672,0.21478678816055843
,,,1542.5887470261277,-0.22441375412038989,0.21448140253024237
,,,1542.8790347090458,-0.20698452489933672,0.2142640118965292
,,,1543.1693223919638,-0.21134176727579312,0.21457590667983792
,,,1543.4596100748818,-0.20698452489933672,0.21635396826094566
,,,1543.7498977577998,-0.21787776069809173,0.21633397437461235
,,,1544.0401854407178,-0.21134176727579312,0.21641844594914908
,,,1544.3304731236358,-0.2331282388733027,0.21616986222377324
,,,1544.6207608065536,-0.20916301622995093,0.21603119140785088
,,,1544.9110484894716,-0.20262728252288031,0.21603119140785088
,,,1545.2013361723896,-0.23966423229560085,0.21616986222377324
,,,1545.4916238553076,-0.2309497475426885,0.21595190940859044
,,,1545.7819115382256,-0.22005625202870593,0.21599052605320737
,,,1546.0721992211436,-0.1285531232622117,0.21607513189414138
,,,1546.3624869040616,-0.2309497475426885,0.21605572818929455
,,,1546.6527745869794,-0.21787776069809173,0.2168943379621052
,,,1546.9430622698974,-0.19173404672412575,0.2168943379621052
,,,1547.2333499528154,-0.18955529567828355,0.21700016134873282
,,,1547.5236376357334,-0.1721260664572304,0.21702070464482404
,,,1547.8139253186514,-0.20480577385349497,0.21656888247994693
,,,1548.1042130015694,-0.178662059879529,0.21656888247994693
,,,1548.3945006844874,-0.21134176727579312,0.2162290871179319
,,,1548.6847883674054,-0.23530698991914445,0.2162084686054048
,,,1548.9750760503232,-0.21569900965224953,0.21630847279271959
,,,1549.2653637332412,-0.20044853147703856,0.21623380572062612
,,,1549.5556514161592,-0.22005625202870593,0.21699974187789733
,,,1549.8459390990772,-0.3790978063487982,0.21726140004017538
,,,1550.1362267819952,-0.22441375412038989,0.21758133506833063
,,,1550.4265144649132,-0.20698452489933672,0.2175204675360514
,,,1550.7168021478312,-0.23966423229560085,0.21675637143681337
,,,1551.0070898307492,-0.28323717549062,0.21654136688219777
,,,1551.297377513667,-0.21134176727579312,0.21692822194259462
,,,1551.587665196585,-0.20698452489933672,0.21751639732235611
,,,1551.877952879503,-0.22005625202870593,0.218168170694268
,,,1552.168240562421,-0.21787776069809173,0.2183319005506831
,,,1552.458528245339,-0.21787776069809173,0.21831107178731254
,,,1552.748815928257,-0.20480577385349497,0.2184305239413883
,,,1553.039103611175,-0.21134176727579312,0.21806464115486643
,,,1553.329391294093,-0.1372676080151245,0.21800024342334928
,,,1553.6196789770108,-0.2222350030745477,0.21786701352396903
,,,1553.9099666599288,-0.21134176727579312,0.2179723646869242
,,,1554.2002543428468,-0.21134176727579312,0.2207570381802796
,,,1554.4905420257649,-0.22005625202870593,0.22176971596986755
,,,1554.7808297086829,-0.2265922454510041,0.22176971596986753
,,,1555.0711173916009,-0.20262728252288031,0.22051300890667697
,,,1555.3614050745189,-0.20262728252288031,0.2203922677236519
,,,1555.6516927574366,-0.21787776069809173,0.2202477938790492
,,,1555.9419804403547,-0.22005625202870593,0.2203103265439934
,,,1556.2322681232727,-0.20044853147703856,0.22039005120122512
,,,1556.5225558061907,-0.20262728252288031,0.22034898214045354
,,,1556.8128434891087,-0.20262728252288031,0.221075781101723
,,,1557.1031311720267,-0.22441375412038989,0.2211143053435566
,,,1557.3934188549447,-0.21134176727579312,0.22146737425093324
,,,1557.6837065378627,-0.20044853147703856,0.2210342793762453
,,,1557.9739942207805,-0.19826978043119636,0.2211931805501812
,,,1558.2642819036985,-0.19609128910058216,0.22113210116263188
,,,1558.5545695866165,-0.23530698991914445,0.22117061559444803
,,,1558.8448572695345,-0.35077534132899046,0.2210943825543183
,,,1559.1351449524525,-0.21134176727579312,0.2211921777601994
,,,1559.4254326353705,-0.2287709964968463,0.22129494119791546
,,,1559.7157203182885,-0.20698452489933672,0.22143592478593158
,,,1560.0060080012065,-0.20262728252288031,0.22139344926016827
,,,1560.2962956841243,-0.2309497475426885,0.2215124431093203
,,,1560.5865833670423,-0.21787776069809173,0.22158853232424217
,,,1560.8768710499603,-0.19826978043119636,0.22154488468727368
,,,1561.1671587328783,-0.20698452489933672,0.2220853712395002
,,,1561.4574464157963,-0.2287709964968463,0.22178793781571618
,,,1561.7477340987143,-0.20480577385349497,0.22234171834392788
,,,1562.0380217816323,-0.20698452489933672,0.22166759468278882
,,,1562.3283094645503,-0.19391253805473996,0.22137280386967348
,,,1562.618597147468,-0.2309497475426885,0.22146346565461045
,,,1562.9088848303861,-0.22005625202870593,0.22176773762377372
,,,1563.1991725133041,-0.17430481750307258,0.2221634664342533
,,,1563.4894601962221,-0.2265922454510041,0.22234041742399613
,,,1563.7797478791401,-0.19391253805473996,0.22274827300646394
,,,1564.0700355620581,-0.21787776069809173,0.22269120582068636
,,,1564.3603232449761,-0.21787776069809173,0.22266978869419543
,,,1564.6506109278941,-0.19391253805473996,0.22270963063044036
,,,1564.940898610812,-0.2767011820683214,0.22292316546186672
,,,1565.23118629373,-0.16123283065847582,0.22292316546186672
,,,1565.521473976648,-0.2309497475426885,0.2210419371304816
,,,1565.811761659566,-0.21352051832163532,0.2210009892110238
,,,1566.102049342484,-0.20262728252288031,0.22130940270290975
,,,1566.392337025402,-0.21787776069809173,0.22100098921102376
,,,1566.68262470832,-0.24837871704851366,0.22017130760068188
,,,1566.9729123912377,-0.24184298334144305,0.2203552939289362
,,,1567.2632000741557,-0.2287709964968463,0.22031744233033998
,,,1567.5534877570738,-0.20480577385349497,0.2204216223067484
,,,1567.8437754399918,-0.2222350030745477,0.2203621408339942
,,,1568.1340631229098,-0.22005625202870593,0.22024494243467305
,,,1568.4243508058278,-0.17430481750307258,0.22064068679497698
,,,1568.7146384887458,-0.2265922454510041,0.22058307435492014
,,,1569.0049261716638,-0.19609128910058216,0.22120886809969845
,,,1569.2952138545816,-0.2309497475426885,0.2211090740661624
,,,1569.5855015374996,-0.4313852342967297,0.2211090740661624
,,,1569.8757892204176,-0.22005625202870593,0.22127112915896335
,,,1570.1660769033356,-0.22005625202870593,0.22127112915896335
,,,1570.4563645862536,-0.13073187430805389,0.2212094697336178
,,,1570.7466522691716,-0.21134176727579312,0.22144758899131683
,,,1571.0369399520896,-0.21569900965224953,0.22160298861246586
,,,1571.3272276350076,-0.2287709964968463,0.22170556163404173
,,,1571.6175153179254,-0.22005625202870593,0.22185188550254628
,,,1571.9078030008434,-0.22005625202870593,0.2220662451274992
,,,1572.1980906837614,-0.2810584244447778,0.22232450000459286
,,,1572.4883783666794,-0.21134176727579312,0.22218238102100502
,,,1572.7786660495974,-0.257093461516654,0.2222449681846014
,,,1573.0689537325154,-0.21352051832163532,0.22216910378813395
,,,1573.3592414154334,-0.22441375412038989,0.222225107356224
,,,1573.6495290983514,-0.21787776069809173,0.22249883093950676
,,,1573.9398167812692,-0.21134176727579312,0.222769428122993
,,,1574.2301044641872,-0.20262728252288031,0.22252554458472315
,,,1574.5203921471052,-0.21787776069809173,0.2205551442667721
,,,1574.8106798300232,-0.2287709964968463,0.22037001669061715
,,,1575.1009675129412,-0.2265922454510041,0.2203912547340518
,,,1575.3912551958592,-0.2287709964968463,0.22035340931268685
,,,1575.6815428787772,-0.2222350030745477,0.2205924526495939
,,,1575.971830561695,-0.21134176727579312,0.22048835338994022
,,,1576.262118244613,-0.23530698991914445,0.22097913678360678
,,,1576.552405927531,-0.2810584244447778,0.2212126935404144
,,,1576.842693610449,-0.1851980533018276,0.22133057969424283
,,,1577.132981293367,-0.20698452489933672,0.2216685542738213
,,,1577.423268976285,-0.14598235248326485,0.22180510052272148
,,,1577.713556659203,-0.1830193022559854,0.22190258250664632
,,,1578.003844342121,-0.20262728252288031,0.22223370326275416
,,,1578.2941320250388,-0.22441375412038989,0.2221303731607222
,,,1578.5844197079568,-0.22005625202870593,0.22203199230870538
,,,1578.8747073908748,-0.22441375412038989,0.2223323935203415
,,,1579.1649950737929,-0.2265922454510041,0.22219197875367172
,,,1579.4552827567109,-0.20480577385349497,0.22254389829579738
,,,1579.7455704396289,-0.2331282388733027,0.22248498421532284
,,,1580.0358581225469,-0.22005625202870593,0.2224455008478201
,,,1580.3261458054649,-0.22441375412038989,0.22313873733330397
,,,1580.6164334883827,-0.22005625202870593,0.22248917541972088
,,,1580.9067211713007,-0.2331282388733027,0.22280529071571498
,,,1581.1970088542187,-0.22005625202870593,0.22270222582084379
,,,1581.4872965371367,-0.23966423229560085,0.22260708673953622
,,,1581.7775842200547,-0.20698452489933672,0.2226828019224099
,,,1582.0678719029727,-0.20262728252288031,0.22262392460069852
,,,1582.3581595858907,-0.2309497475426885,0.22228570669205527
,,,1582.6484472688087,-0.20262728252288031,0.2216940770936432
,,,1582.9387349517265,-0.2309497475426885,0.2216319348493564
,,,1583.2290226346445,-0.21134176727579312,0.2221880890900853
,,,1583.5193103175625,-0.20480577385349497,0.22203149836106292
,,,1583.8095980004805,-0.24620022571789946,0.22195236330776263
,,,1584.0998856833985,-0.20480577385349497,0.22239324846726788
,,,1584.3901733663165,-0.22005625202870593,0.22192077898285403
,,,1584.6804610492345,-0.21134176727579312,0.2221306763634879
,,,1584.9707487321525,-0.21134176727579312,0.22166335029079232
,,,1585.2610364150703,-0.2287709964968463,0.21860344237362997
,,,1585.5513240979883,-0.22005625202870593,0.21858304782951743
,,,1585.8416117809063,-0.22005625202870593,0.2186244486250013
,,,1586.1318994638243,-0.2287709964968463,0.21919327767984656
,,,1586.4221871467423,-0.22005625202870593,0.21895503467173313
,,,1586.7124748296603,-0.2287709964968463,0.2190161135431041
,,,1587.0027625125783,-0.23530698991914445,0.2190374828620725
,,,1587.293050195496,-0.22441375412038989,0.21888026180229966
,,,1587.583337878414,-0.2309497475426885,0.21900669783241475
,,,1587.8736255613321,-0.1851980533018276,0.2183949222412415
,,,1588.1639132442501,-0.2309497475426885,0.21875893028475854
,,,1588.4542009271681,-0.20262728252288031,0.21836069182652787
,,,1588.7444886100861,-0.20698452489933672,0.21836069182652787
,,,1589.0347762930041,-0.2287709964968463,0.2187698802098772
,,,1589.3250639759221,-0.2265922454510041,0.21883161893188244
,,,1589.61535165884,-0.20916301622995093,0.21891188211448512
,,,1589.905639341758,-0.1721260664572304,0.2190487292902103
,,,1590.195927024676,-0.18955529567828355,0.21880242212997622
,,,1590.486214707594,-0.2309497475426885,0.2188454005466653
,,,1590.776502390512,-0.20262728252288031,0.21821689650281273
,,,1591.06679007343,-0.2287709964968463,0.21799427510130034
,,,1591.357077756348,-0.22005625202870593,0.21842496986877163
,,,1591.647365439266,-0.26580794626956683,0.21846477375151788
,,,1591.9376531221837,-0.22441375412038989,0.21813962717233643
,,,1592.2279408051018,-0.22005625202870593,0.21677359634554944
,,,1592.5182284880198,-0.2614507038931104,0.2177613314626115
,,,1592.8085161709378,-0.22005625202870593,0.21782030123874782
,,,1593.0988038538558,-0.21787776069809173,0.21816951682729963
,,,1593.3890915367738,-0.2309497475426885,0.2183890140533648
,,,1593.6793792196918,-0.22005625202870593,0.2183890140533648
,,,1593.9696669026098,-0.20916301622995093,0.2183890140533648
,,,1594.2599545855276,-0.21134176727579312,0.21821252043215542
,,,1594.5502422684456,-0.21134176727579312,0.21836402657785112
,,,1594.8405299513636,-0.2331282388733027,0.218106370498905
,,,1595.1308176342816,-0.21134176727579312,0.2183288776011627
,,,1595.4211053171996,-0.21352051832163532,0.21797015288420887
,,,1595.7113930001176,-0.26580794626956683,0.21794969908032796
,,,1596.0016806830356,-0.21352051832163532,0.2179707633847142
,,,1596.2919683659534,-0.20262728252288031,0.2181195927285857
,,,1596.5822560488714,-0.22005625202870593,0.2180979326555501
,,,1596.8725437317894,-0.20262728252288031,0.21794003380910856
,,,1597.1628314147074,-0.21134176727579312,0.2178520822805883
,,,1597.4531190976254,-0.21134176727579312,0.2180133028430082
,,,1597.7434067805434,-0.21352051832163532,0.21799447865159285
,,,1598.0336944634614,-0.17430481750307258,0.21753488853421313
,,,1598.3239821463794,-0.2222350030745477,0.21751602294004707
,,,1598.6142698292972,-0.2614507038931104,0.21743116164730253
,,,1598.9045575122152,-0.20480577385349497,0.21751194160747364
,,,1599.1948451951332,-0.21134176727579312,0.21765109557707618
,,,1599.4851328780512,-0.2265922454510041,0.21736871865446397
,,,1599.7754205609692,-0.16994731541138863,0.21750796425310967
,,,1600.0657082438872,-0.22005625202870593,0.21759198007247735
,,,1600.3559959268052,-0.1764833088336868,0.217514492819466
,,,1600.6462836097232,-0.20480577385349497,0.2176792239773849
,,,1600.936571292641,-0.21787776069809173,0.21774432785869807
,,,1601.226858975559,-0.22441375412038989,0.21758617240699535
,,,1601.517146658477,0.20913744621441266,0.21758617240699535
,,,1601.807434341395,-0.1830193022559854,0.21750215434426703
,,,1602.097722024313,-0.2222350030745477,0.21742137074777113
,,,1602.388009707231,-0.2309497475426885,0.21737892703216458
,,,1602.678297390149,-0.20262728252288031,0.2171487052448816
,,,1602.968585073067,-0.2331282388733027,0.21694840298899246
,,,1603.2588727559848,-0.22441375412038989,0.21697017781928807
,,,1603.5491604389028,-0.24837871704851366,0.21682199008374758
,,,1603.8394481218209,-0.21787776069809173,0.21655717329751767
,,,1604.1297358047389,-0.21352051832163532,0.2166955075200238
,,,1604.4200234876569,-0.2636294549389526,0.2167952870442185
,,,1604.7103111705749,-0.22441375412038989,0.21671096235828902
,,,1605.0005988534929,-0.22005625202870593,0.21625849305942382
,,,1605.2908865364107,-0.21787776069809173,0.21662261246125653
,,,1605.5811742193287,-0.18955529567828355,0.21681288559380535
,,,1605.8714619022467,-0.2331282388733027,0.217020980274648
,,,1606.1617495851647,-0.14816084381387906,0.21628997562025723
,,,1606.4520372680827,-0.20480577385349497,0.21664359721395945
,,,1606.7423249510007,-0.2636294549389526,0.21640019187506623
,,,1607.0326126339187,-0.21569900965224953,0.21646322122480705
,,,1607.3229003168367,-0.20044853147703856,0.21582337120258618
,,,1607.6131879997545,-0.12419588088575528,0.2157607716892594
,,,1607.9034756826725,-0.28323717549062,0.2158239877756849
,,,1608.1937633655905,-0.21352051832163532,0.21539200536466802
,,,1608.4840510485085,-0.19391253805473996,0.21537130671436547
,,,1608.7743387314265,-0.20916301622995093,0.21515708079821694
,,,1609.0646264143445,-0.20262728252288031,0.21505035045833867
,,,1609.3549140972625,-0.22441375412038989,0.2146092628525813
,,,1609.6452017801805,-0.20044853147703856,0.21462921070422686
,,,1609.9354894630983,-0.23966423229560085,0.21469028053201936
,,,1610.2257771460163,-0.19826978043119636,0.21469028053201936
,,,1610.5160648289343,-0.2287709964968463,0.21466827444095682
,,,1610.8063525118523,-0.19391253805473996,0.2145897314554126
,,,1611.0966401947703,-0.21787776069809173,0.2145695731751435
,,,1611.3869278776883,-0.2265922454510041,0.21388589688679735
,,,1611.6772155606063,-0.23530698991914445,0.21388589688679735
,,,1611.9675032435243,-0.2309497475426885,0.21438383142233233
,,,1612.257790926442,-0.20262728252288031,0.2143630354239255
,,,1612.5480786093601,-0.2309497475426885,0.21471983051444493
,,,1612.8383662922781,-0.22441375412038989,0.21499763968656246
,,,1613.1286539751961,-0.20044853147703856,0.2149192170687421
,,,1613.4189416581141,-0.178662059879529,0.214899089695369
,,,1613.7092293410321,-0.20044853147703856,0.2151120258203152
,,,1613.9995170239501,-0.2222350030745477,0.21530960717589692
,,,1614.2898047068682,-0.22005625202870593,0.21491870545859418
,,,1614.580092389786,-0.22005625202870593,0.2151016163542041
,,,1614.870380072704,-0.21787776069809173,0.21516255209861443
,,,1615.160667755622,-0.22005625202870593,0.21479203422868376
,,,1615.45095543854,-0.2287709964968463,0.21523769579956356
,,,1615.741243121458,-0.20262728252288031,0.21502106979494265
,,,1616.031530804376,-0.2287709964968463,0.2153755431120434
,,,1616.321818487294,-0.23530698991914445,0.21562257632310297
,,,1616.6121061702117,-0.20262728252288031,0.21566413156658368
,,,1616.9023938531298,-0.22005625202870593,0.22286534764339797
,,,1617.1926815360478,-0.22005625202870593,0.22296358495123042
,,,1617.4829692189658,-0.21134176727579312,0.22327624296551712
,,,1617.7732569018838,-0.22441375412038989,0.22308343121342122
,,,1618.0635445848018,-0.21134176727579312,0.22290169674105095
,,,1618.3538322677198,-0.20262728252288031,0.2229967101302935
,,,1618.6441199506378,-0.2331282388733027,0.2225593125025926
,,,1618.9344076335556,-0.16559007303493223,0.22251864381098935
,,,1619.2246953164736,-0.20262728252288031,0.22201217861654104
,,,1619.5149829993916,-0.21787776069809173,0.22195312339921053
,,,1619.8052706823096,-0.21787776069809173,0.22185766308101798
,,,1620.0955583652276,-0.22005625202870593,0.2218819548124691
,,,1620.3858460481456,-0.17430481750307258,0.22180116400692837
,,,1620.6761337310636,-0.24620022571789946,0.2214207173422571
,,,1620.9664214139816,-0.19609128910058216,0.22130407954547757
,,,1621.2567090968994,-0.21352051832163532,0.2211551853254396
,,,1621.5469967798174,-0.13944635906096625,0.22128753838563145
,,,1621.8372844627354,-0.23966423229560085,0.221949325639402
,,,1622.1275721456534,-0.20262728252288031,0.22167412139404302
,,,1622.4178598285714,-0.2265922454510041,0.22111145805047683
,,,1622.7081475114894,-0.20262728252288031,0.22115158073058694
,,,1622.9984351944074,-0.21787776069809173,0.22117013621548176
,,,1623.2887228773254,-0.2265922454510041,0.22618537391955768
,,,1623.5790105602432,-0.22005625202870593,0.2254117809720653
,,,1623.8692982431612,-0.21787776069809173,0.22713910103473606
,,,1624.1595859260792,-0.19391253805473996,0.22722843816789795
,,,1624.4498736089972,-0.22005625202870593,0.22696911651139892
,,,1624.7401612919152,-0.16776882408077443,0.22716058302447453
,,,1625.0304489748332,-0.21134176727579312,0.2272217989701486
,,,1625.3207366577512,-0.21787776069809173,0.22775417655509556
,,,1625.611024340669,-0.21134176727579312,0.22741783192682322
,,,1625.901312023587,-0.2309497475426885,0.2274001785236448
,,,1626.191599706505,-0.20262728252288031,0.2269643266684222
,,,1626.481887389423,-0.21134176727579312,0.2280757234684716
,,,1626.772175072341,-0.19826978043119636,0.22792629174577403
,,,1627.062462755259,-0.21352051832163532,0.22773352125999566
,,,1627.352750438177,-0.2527362191401976,0.227439670620581
,,,1627.643038121095,-0.21787776069809173,0.22731909591471267
,,,1627.9333258040128,-0.23966423229560085,0.22755082187880832
,,,1628.2236134869308,-0.23966423229560085,0.22755082187880832
,,,1628.5139011698489,-0.20262728252288031,0.2273596839979924
,,,1628.8041888527669,-0.21134176727579312,0.22737773286231083
,,,1629.0944765356849,-0.20044853147703856,0.22756544622882882
,,,1629.3847642186029,-0.24184298334144305,0.22789826386520762
,,,1629.6750519015209,-0.22441375412038989,0.22776400712885922
,,,1629.9653395844389,-0.22441375412038989,0.22805831533512916
,,,1630.2556272673567,-0.21787776069809173,0.22803876638487883
,,,1630.5459149502747,-0.1851980533018276,0.2279073173498116
,,,1630.8362026331927,-0.2222350030745477,0.22783022322560742
,,,1631.1264903161107,-0.19609128910058216,0.22769183508348734
,,,1631.4167779990287,-0.21787776069809173,0.22728620868252042
,,,1631.7070656819467,-0.2309497475426885,0.22718615529953629
,,,1631.9973533648647,-0.2222350030745477,0.22704326926428797
,,,1632.2876410477827,-0.6231064960130861,0.22713655020077828
,,,1632.5779287307005,-0.22005625202870593,0.22698493902724293
,,,1632.8682164136185,-0.22005625202870593,0.22652273232796036
,,,1633.1585040965365,-0.20044853147703856,0.22670156402909658
,,,1633.4487917794545,-0.21134176727579312,0.22658412060101701
,,,1633.7390794623725,-0.21352051832163532,0.22693499339482695
,,,1634.0293671452905,-0.1830193022559854,0.22708663791385794
,,,1634.3196548282085,-0.22005625202870593,0.22706583321926796
,,,1634.6099425111265,-0.19391253805473996,0.22747809088678395
,,,1634.9002301940443,-0.21134176727579312,0.22746004998583488
,,,1635.1905178769623,-0.20262728252288031,0.2273282663172552
,,,1635.4808055598803,-0.26580794626956683,0.22717834293814596
,,,1635.7710932427983,-0.21569900965224953,0.22702675967430003
,,,1636.0613809257163,-0.17430481750307258,0.22698073566837132
,,,1636.3516686086343,-0.20480577385349497,0.22661456551358877
,,,1636.6419562915523,-0.16994731541138863,0.22646387395355255
,,,1636.93224397447,-0.24620022571789946,0.22637031582598424
,,,1637.2225316573881,-0.2309497475426885,0.22671037456297838
,,,1637.5128193403061,-0.16994731541138863,0.22628378410275723
,,,1637.8031070232241,-0.20698452489933672,0.22606321804597956
,,,1638.0933947061421,-0.22005625202870593,0.22604290785599657
,,,1638.3836823890601,-0.20262728252288031,0.2261951504429395
,,,1638.6739700719781,-0.5054593935573983,0.22657961940182528
,,,1638.9642577548962,-0.20698452489933672,0.2263673804613029
,,,1639.254545437814,-0.35948982608190283,0.22646877736736343
,,,1639.544833120732,-0.20480577385349497,0.22633641653414685
,,,1639.83512080365,-0.1764833088336868,0.22646329268773965
,,,1640.125408486568,-0.22441375412038989,0.22675928908222265
,,,1640.415696169486,-0.2309497475426885,0.2270252030574832
,,,1640.705983852404,-0.257093461516654,0.2270634993375632
,,,1640.996271535322,-0.20262728252288031,0.22696823395840038
,,,1641.28655921824,-0.19609128910058216,0.22716751220535072
,,,1641.5768469011578,-0.1764833088336868,0.22706642732075563
,,,1641.8671345840758,-0.3028451557575149,0.2271031540594212
,,,1642.1574222669938,-0.20044853147703856,0.22712219992171626
,,,1642.4477099499118,-0.20480577385349497,0.22723233740459348
,,,1642.7379976328298,-0.20262728252288031,0.22721330077443128
,,,1643.0282853157478,-0.21787776069809173,0.22665499207812076
,,,1643.3185729986658,-0.2287709964968463,0.22652274005314207
,,,1643.6088606815838,-0.2309497475426885,0.22616642015837166
,,,1643.8991483645016,-0.20262728252288031,0.22584607628896552
,,,1644.1894360474196,-0.20262728252288031,0.22584607628896552
,,,1644.4797237303376,-0.20262728252288031,0.22584607628896552
,,,1644.7700114132556,-0.2374854812497591,0.22586424610605962
,,,1645.0602990961736,-0.20698452489933672,0.2255033447256018
,,,1645.3505867790916,-0.25055746809435586,0.2253288775994776
,,,1645.6408744620096,-0.21787776069809173,0.22508175649028458
,,,1645.9311621449274,-0.20262728252288031,0.22508175649028458
,,,1646.2214498278454,-0.21134176727579312,0.22522204592552864
,,,1646.5117375107634,-0.21352051832163532,0.22512403087926183
,,,1646.8020251936814,-0.14598235248326485,0.22517811755310774
,,,1647.0923128765994,-0.21787776069809173,0.2251198928512615
,,,1647.3826005595174,-0.22005625202870593,0.22481068643341542
,,,1647.6728882424354,-0.21352051832163532,0.22451370000651472
,,,1647.9631759253534,-0.20262728252288031,0.21722490222043592
,,,1648.2534636082712,-0.16123283065847582,0.2171440154784845
,,,1648.5437512911892,-0.2309497475426885,0.21702385521812123
,,,1648.8340389741072,-0.21134176727579312,0.21712041919871408
,,,1649.1243266570252,-0.24837871704851366,0.2172013147280259
,,,1649.4146143399432,-0.22005625202870593,0.21692387176079375
,,,1649.7049020228612,-0.2309497475426885,0.21712511801678105
,,,1649.9951897057792,-0.21787776069809173,0.217230828979584
,,,1650.2854773886972,-0.20044853147703856,0.21732423921990723
,,,1650.575765071615,-0.20262728252288031,0.21738455193483558
,,,1650.866052754533,-0.20044853147703856,0.21760555234477125
,,,1651.156340437451,-0.20262728252288031,0.21685863050508414
,,,1651.446628120369,-0.16776882408077443,0.21674076799499598
,,,1651.736915803287,-0.20698452489933672,0.21675724316230666
,,,1652.027203486205,-0.1764833088336868,0.21681587220684337
,,,1652.317491169123,-0.20262728252288031,0.21689821485646837
,,,1652.607778852041,-0.18955529567828355,0.2165345589016124
,,,1652.8980665349588,-0.19173404672412575,0.2162130749423259
,,,1653.1883542178768,-0.17430481750307258,0.21734649100187958
,,,1653.4786419007949,-0.22441375412038989,0.21757201810106594
,,,1653.7689295837129,-0.22005625202870593,0.2174137373043872
,,,1654.0592172666309,-0.257093461516654,0.21751114796156032
,,,1654.3495049495489,-0.20262728252288031,0.21277869067661598
,,,1654.6397926324669,-0.2309497475426885,0.21281871685517154
,,,1654.9300803153847,-0.20262728252288031,0.2111680711846423
,,,1655.2203679983027,-0.20916301622995093,0.21112899271782584
,,,1655.5106556812207,-0.25055746809435586,0.211511068032502
,,,1655.8009433641387,-0.20262728252288031,0.21130542177188802
,,,1656.0912310470567,-0.21569900965224953,0.21111354859004597
,,,1656.3815187299747,-0.20698452489933672,0.21059819336519803
,,,1656.6718064128927,-0.2331282388733027,0.21425609886132413
,,,1656.9620940958107,-0.22005625202870593,0.21425609886132413
,,,1657.2523817787285,-0.20698452489933672,0.21455074352451406
,,,1657.5426694616465,-0.21352051832163532,0.21321073087966147
,,,1657.8329571445645,-0.21134176727579312,0.21330902105051425
,,,1658.1232448274825,-0.21134176727579312,0.21330902105051425
,,,1658.4135325104005,-0.19173404672412575,0.21327074858452957
,,,1658.7038201933185,-0.20262728252288031,0.21329165108124953
,,,1658.9941078762365,-0.20044853147703856,0.21320594068326554
,,,1659.2843955591545,-0.20480577385349497,0.21309823311627898
,,,1659.5746832420723,-0.20262728252288031,0.21309823311627898
,,,1659.8649709249903,-0.21134176727579312,0.2132388112657487
,,,1660.1552586079083,-0.20262728252288031,0.21323881126574873
,,,1660.4455462908263,-0.20262728252288031,0.21212744494707494
,,,1660.7358339737443,-0.20480577385349497,0.21268874053072107
,,,1661.0261216566623,-0.19609128910058216,0.21231077345586455
,,,1661.3164093395803,-0.21787776069809173,0.21224901898013493
,,,1661.6066970224983,-0.20262728252288031,0.21224901898013493
,,,1661.8969847054161,-0.21134176727579312,0.21165359537409809
,,,1662.1872723883341,-0.20262728252288031,0.2116331574239717
,,,1662.4775600712521,-0.21134176727579312,0.21204937381118086
,,,1662.7678477541701,-0.19609128910058216,0.2119875431866603
,,,1663.0581354370881,-0.1873765446324418,0.21171196558873276
,,,1663.3484231200061,-0.20916301622995093,0.2117119655887328
,,,1663.6387108029242,-0.21134176727579312,0.21141073962374488
,,,1663.9289984858422,-0.20698452489933672,0.21150766611559654
,,,1664.21928616876,-0.21134176727579312,0.2112361871185925
,,,1664.509573851678,-0.22005625202870593,0.21286328261429988
,,,1664.799861534596,-0.1808408109253712,0.21240982642384865
,,,1665.090149217514,-0.20698452489933672,0.21224769602872026
,,,1665.380436900432,-0.2309497475426885,0.21205667543745527
,,,1665.67072458335,-0.20480577385349497,0.21209892932719532
,,,1665.961012266268,-0.21787776069809173,0.21202361894149938
,,,1666.2512999491857,-0.2265922454510041,0.21225020136719278
,,,1666.5415876321038,-0.18955529567828355,0.21226953496522133
,,,1666.8318753150218,-0.20262728252288031,0.21205123209275362
,,,1667.1221629979398,-0.1764833088336868,0.21231623860725746
,,,1667.4124506808578,-0.21134176727579312,0.2127786532927069
,,,1667.7027383637758,-0.1808408109253712,0.2129962106220541
,,,1667.9930260466938,-0.20916301622995093,0.2129962106220541
,,,1668.2833137296118,-0.19609128910058216,0.21310865289874167
,,,1668.5736014125296,-0.28541592653646175,0.21318357997981177
,,,1668.8638890954476,-0.2309497475426885,0.21357869991990636
,,,1669.1541767783656,-0.20262728252288031,0.2133558129873329
,,,1669.4444644612836,-0.21352051832163532,0.2132138557210512
,,,1669.7347521442016,-0.19391253805473996,0.2126643758468157
,,,1670.0250398271196,-0.21134176727579312,0.21244647869997568
,,,1670.3153275100376,-0.2331282388733027,0.21217620091507336
,,,1670.6056151929556,-0.20044853147703856,0.21206326422506952
,,,1670.8959028758734,-0.22005625202870593,0.2119277672895594
,,,1671.1861905587914,-0.20262728252288031,0.211675481333313
,,,1671.4764782417094,-0.21134176727579312,0.21158062546239875
,,,1671.7667659246274,-0.20698452489933672,0.21138344138575912
,,,1672.0570536075454,-0.455350456940081,0.21134398293909734
,,,1672.3473412904634,-0.19609128910058216,0.21106956145237418
,,,1672.6376289733814,-0.21134176727579312,0.21111243570628965
,,,1672.9279166562994,-0.17430481750307258,0.21095939927236032
,,,1673.2182043392172,-0.21134176727579312,0.21085896192113923
,,,1673.5084920221352,-0.20480577385349497,0.2107212169471176
,,,1673.7987797050532,-0.19826978043119636,0.2105833818725684
,,,1674.0890673879712,-0.22005625202870593,0.21067868674243692
,,,1674.3793550708892,-0.22005625202870593,0.21067868674243692
,,,1674.6696427538072,-0.22005625202870593,0.2104782318890931
,,,1674.9599304367252,-0.20262728252288031,0.21101374928762215
,,,1675.250218119643,-0.21787776069809173,0.2111557151989239
,,,1675.540505802561,-0.20262728252288031,0.210839390203202
,,,1675.830793485479,-0.07626543559905219,0.210839390203202
,,,1676.121081168397,-0.2614507038931104,0.21078162423661054
,,,1676.411368851315,-0.21352051832163532,0.21066667881117995
,,,1676.701656534233,-0.21134176727579312,0.21027209309035003
,,,1676.991944217151,-0.20262728252288031,0.2101492676354314
,,,1677.282231900069,0.13288479562312938,0.20998105657683874
,,,1677.5725195829868,-0.21134176727579312,0.2093293250125884
,,,1677.8628072659048,-0.20044853147703856,0.2093293250125884
,,,1678.1530949488229,-0.21134176727579312,0.2096142785328968
,,,1678.4433826317409,-0.18955529567828355,0.210060468191724
,,,1678.7336703146589,-0.21352051832163532,0.21044332447076408
,,,1679.0239579975769,-0.16559007303493223,0.21016329258947686
,,,1679.3142456804949,-0.17430481750307258,0.21047041011344866
,,,1679.6045333634129,-0.20262728252288031,0.21045048964936866
,,,1679.8948210463307,-0.34423934790669186,0.21037037193556313
,,,1680.1851087292487,-0.20262728252288031,0.21011114956081653
,,,1680.4753964121667,-0.20262728252288031,0.21022006841705085
,,,1680.7656840950847,-0.21134176727579312,0.2103441154148454
,,,1681.0559717780027,-0.2222350030745477,0.21017194658489236
,,,1681.3462594609207,-0.19173404672412575,0.2103159570630136
,,,1681.6365471438387,-0.2265922454510041,0.2101538974862097
,,,1681.9268348267567,-0.20262728252288031,0.20994480909310795
,,,1682.2171225096745,-0.1764833088336868,0.21022270324114126
,,,1682.5074101925925,-0.20044853147703856,0.21022270324114126
,,,1682.7976978755105,-0.2527362191401976,0.2104429029459283
,,,1683.0879855584285,-0.20262728252288031,0.21036278234268901
,,,1683.3782732413465,-0.20262728252288031,0.21026153052267088
,,,1683.6685609242645,-0.20262728252288031,0.21022143950043778
,,,1683.9588486071825,-0.20044853147703856,0.21027935935576417
,,,1684.2491362901005,-0.22005625202870593,0.20937955350119497
,,,1684.5394239730183,-0.20044853147703856,0.20997872246670876
,,,1684.8297116559363,-0.20480577385349497,0.21084851536211507
,,,1685.1199993388543,-0.20262728252288031,0.2098462613460498
,,,1685.4102870217723,-0.1764833088336868,0.20992320040054618
,,,1685.7005747046903,-0.20262728252288031,0.2095881876100102
,,,1685.9908623876083,-0.18955529567828355,0.20919571094621917
,,,1686.2811500705263,-0.19391253805473996,0.20948942467221865
,,,1686.5714377534441,-0.2265922454510041,0.2093250323243441
,,,1686.8617254363621,-0.19173404672412575,0.20910365543263762
,,,1687.1520131192801,-0.19391253805473996,0.20887185220562923
,,,1687.4423008021981,-0.20262728252288031,0.20883191919887392
,,,1687.7325884851161,-0.20480577385349497,0.20499852916595188
,,,1688.0228761680341,-0.22441375412038989,0.20499852916595188
,,,1688.3131638509522,-0.18955529567828355,0.20476207873706156
,,,1688.6034515338702,-0.20262728252288031,0.20485143010765772
,,,1688.893739216788,-0.19609128910058216,0.20485143010765772
,,,1689.184026899706,-0.19609128910058216,0.20520455123920728
,,,1689.474314582624,-0.20262728252288031,0.20445602072906852
,,,1689.764602265542,-0.20262728252288031,0.20430787979986667
,,,1690.05488994846,-0.1764833088336868,0.20386041309755024
,,,1690.345177631378,-0.257093461516654,0.2036914778197516
,,,1690.635465314296,-0.21787776069809173,0.20426509651312416
,,,1690.925752997214,-0.17430481750307258,0.20318016188332189
,,,1691.2160406801318,-0.20262728252288031,0.2032005743367716
,,,1691.5063283630498,-0.19609128910058216,0.2058441434960787
,,,1691.7966160459678,-0.19173404672412575,0.20501532840160358
,,,1692.0869037288858,-0.14380360143742266,0.20493221754664057
,,,1692.3771914118038,-0.20480577385349497,0.20473296359470267
,,,1692.6674790947218,-0.1830193022559854,0.20473296359470267
,,,1692.9577667776398,-0.12419588088575528,0.20518766077586634
,,,1693.2480544605578,-0.20262728252288031,0.2050461059954218
,,,1693.5383421434756,-0.23966423229560085,0.2050067260662167
,,,1693.8286298263936,-0.24184298334144305,0.20429135844868676
,,,1694.1189175093116,-0.2287709964968463,0.20429135844868676
,,,1694.4092051922296,-0.1764833088336868,0.20433434975711923
,,,1694.6994928751476,-0.24184298334144305,0.20456706814723968
,,,1694.9897805580656,-0.20480577385349497,0.20469378486889783
,,,1695.2800682409836,-0.20262728252288031,0.2051397542972163
,,,1695.5703559239014,-0.19173404672412575,0.2034508993742421
,,,1695.8606436068194,-0.19391253805473996,0.20349188834868376
,,,1696.1509312897374,-0.22005625202870593,0.20357471313762185
,,,1696.4412189726554,-0.21352051832163532,0.20333660702781486
,,,1696.7315066555734,-0.22005625202870593,0.2031450709731301
,,,1697.0217943384914,-0.20044853147703856,0.20330573284408077
,,,1697.3120820214094,-0.20480577385349497,0.20306917052055193
,,,1697.6023697043274,-0.22005625202870593,0.2029896336033241
,,,1697.8926573872452,-0.20262728252288031,0.20321767096566234
,,,1698.1829450701632,-0.20262728252288031,0.20332079207989895
,,,1698.4732327530812,-0.20262728252288031,0.20285770141581755
,,,1698.7635204359992,-0.16776882408077443,0.20285770141581755
,,,1699.0538081189172,-0.20480577385349497,0.20281745675356913
,,,1699.3440958018352,-0.20262728252288031,0.20281745675356913
,,,1699.6343834847532,-0.20262728252288031,0.20294209661087573
,,,1699.9246711676712,-0.28323717549062,0.2027723962597191
,,,1700.214958850589,-0.28323717549062,0.2027926334432441
,,,1700.505246533507,-0.021799256605278927,0.20271211509317993
,,,1700.795534216425,-0.20262728252288031,0.20271211509317993
,,,1701.085821899343,-0.1721260664572304,0.20271211509317993
,,,1701.376109582261,-0.19173404672412575,0.2027532534216796
,,,1701.666397265179,-0.2309497475426885,0.20320075518441427
,,,1701.956684948097,-0.20262728252288031,0.2031247663552634
,,,1702.246972631015,-0.1764833088336868,0.20288799302944616
,,,1702.5372603139328,-0.1851980533018276,0.2030073428967717
,,,1702.8275479968509,-0.20262728252288031,0.20308687287833418
,,,1703.1178356797689,-0.19391253805473996,0.2026467752167631
,,,1703.4081233626869,-0.19609128910058216,0.20341589600172488
,,,1703.6984110456049,-0.1851980533018276,0.20320205736195276
,,,1703.9886987285229,-0.1851980533018276,0.2030744098170253
,,,1704.2789864114409,-0.21134176727579312,0.20324385799930733
,,,1704.5692740943587,-0.23966423229560085,0.20324385799930736
,,,1704.8595617772767,-0.08062293769073658,0.20289431654251022
,,,1705.1498494601947,-0.20480577385349497,0.20289431654251025
,,,1705.4401371431127,-0.16994731541138863,0.20287408950212174
,,,1705.7304248260307,-0.20262728252288031,0.20310225659408948
,,,1706.0207125089487,-0.257093461516654,0.20260856428552482
,,,1706.3110001918667,-0.013084771852366117,0.20303770134192717
,,,1706.6012878747847,-0.20480577385349497,0.20290481066826935
,,,1706.8915755577025,-0.34859659028314827,0.20290481066826935
,,,1707.1818632406205,-0.178662059879529,0.20290481066826935
,,,1707.4721509235385,-0.20480577385349497,0.2030037204559466
,,,1707.7624386064565,-0.18955529567828355,0.2036194881780134
,,,1708.0527262893745,-0.20262728252288031,0.2034072812782773
,,,1708.3430139722925,-0.19391253805473996,0.20350158716361302
,,,1708.6333016552105,-0.19609128910058216,0.20384476002364713
,,,1708.9235893381285,-0.19609128910058216,0.20388566981674677
,,,1709.2138770210463,-0.11548113641761493,0.2036570778769554
,,,1709.5041647039643,-0.18955529567828355,0.20323655844561472
,,,1709.7944523868823,-0.21787776069809173,0.20293685534879033
,,,1710.0847400698003,-0.19391253805473996,0.20306612069599997
,,,1710.3750277527183,-0.18955529567828355,0.2026646249050321
,,,1710.6653154356363,-0.24620022571789946,0.20256445466701006
,,,1710.9556031185543,-0.21134176727579312,0.20231803157401476
,,,1711.2458908014723,-0.20698452489933672,0.20213595028720266
,,,1711.5361784843901,-0.21134176727579312,0.20225706225377868
,,,1711.8264661673081,-0.1851980533018276,0.20253849651063144
,,,1712.1167538502261,-0.20262728252288031,0.2024338811807262
,,,1712.4070415331441,-0.20916301622995093,0.20252415048142214
,,,1712.6973292160621,-0.20262728252288031,0.20254441246837482
,,,1712.9876168989801,-0.19391253805473996,0.20265006515611622
,,,1713.2779045818982,-0.20262728252288031,0.2023055324238219
,,,1713.5681922648162,-0.21134176727579312,0.2023055324238219
,,,1713.858479947734,-0.20916301622995093,0.20209435799537914
,,,1714.148767630652,-0.20262728252288031,0.2020340916482416
,,,1714.43905531357,-0.19826978043119636,0.2022921539917538
,,,1714.729342996488,-0.20262728252288031,0.2022921539917538
,,,1715.019630679406,-0.21352051832163532,0.2022921539917538
,,,1715.309918362324,-0.20262728252288031,0.2023333777065678
,,,1715.600206045242,-0.20262728252288031,0.2011270632070065
,,,1715.8904937281598,-0.19609128910058216,0.20013437072908033
,,,1716.1807814110778,-0.20262728252288031,0.20116351126154952
,,,1716.4710690939958,-0.1764833088336868,0.20164225992336363
,,,1716.7613567769138,-0.20698452489933672,0.20175047607448005
,,,1717.0516444598318,-0.23530698991914445,0.20182961980088998
,,,1717.3419321427498,-0.1851980533018276,0.20154510500556977
,,,1717.6322198256678,-0.20262728252288031,0.20133313298109817
,,,1717.9225075085858,-0.20480577385349497,0.20158362062960863
,,,1718.2127951915036,-0.20262728252288031,0.20135890991914066
,,,1718.5030828744216,-0.14816084381387906,0.20111100966696344
,,,1718.7933705573396,-0.2745226907377072,0.20134018115495056
,,,1719.0836582402576,-0.20262728252288031,0.20140065514526684
,,,1719.3739459231756,-0.17430481750307258,0.20147729423828042
,,,1719.6642336060936,-0.22005625202870593,0.20173903756735456
,,,1719.9545212890116,-0.19609128910058216,0.20165545882333716
,,,1720.2448089719296,-0.152518345905563,0.20135924269476593
,,,1720.5350966548474,-0.20262728252288031,0.20193039363343862
,,,1720.8253843377654,-0.20044853147703856,0.20190985276874063
,,,1721.1156720206834,-0.20262728252288031,0.20219144510388656
,,,1721.4059597036014,-0.21134176727579312,0.20219144510388656
,,,1721.6962473865194,-0.257093461516654,0.20163249783687487
,,,1721.9865350694374,-0.15687558828201942,0.20261900737417501
,,,1722.2768227523554,-0.20262728252288031,0.2026817261787231
,,,1722.5671104352734,-0.19609128910058216,0.20081808433178874
,,,1722.8573981181912,-0.20262728252288031,0.2010101848575678
,,,1723.1476858011092,-0.21787776069809173,0.2015708577789314
,,,1723.4379734840272,-0.1808408109253712,0.20147784987679046
,,,1723.7282611669452,-0.19391253805473996,0.2011612995727275
,,,1724.0185488498632,-0.17430481750307258,0.2015265024470665
,,,1724.3088365327812,-0.20698452489933672,0.20158692054293076
,,,1724.5991242156992,-0.21787776069809173,0.20173090265194402
,,,1724.889411898617,-0.20044853147703856,0.20237203481458413
,,,1725.179699581535,-0.19826978043119636,0.20255247590665967
,,,1725.469987264453,-0.19173404672412575,0.20257448436335168
,,,1725.760274947371,-0.20262728252288031,0.20265418421678605
,,,1726.050562630289,-0.19391253805473996,0.20277236148334657
,,,1726.340850313207,-0.17430481750307258,0.2023211737618318
,,,1726.631137996125,-0.16994731541138863,0.2028155656357151
,,,1726.921425679043,-0.20698452489933672,0.20217046634588887
,,,1727.2117133619608,-0.24620022571789946,0.20223529842713392
,,,1727.5020010448789,-0.20262728252288031,0.2022922155432858
,,,1727.7922887277969,-0.2287709964968463,0.20252968538161253
,,,1728.0825764107149,-0.20262728252288031,0.20250876723820965
,,,1728.3728640936329,-0.21569900965224953,0.20267868832279543
,,,1728.6631517765509,-0.1830193022559854,0.2031355262521426
,,,1728.9534394594689,-0.20262728252288031,0.2031355262521426
,,,1729.243727142387,-0.178662059879529,0.20352682757884488
,,,1729.5340148253047,-0.19609128910058216,0.20327306280801966
,,,1729.8243025082227,-0.19826978043119636,0.20327306280801966
,,,1730.1145901911407,-0.20480577385349497,0.20299952900903562
,,,1730.4048778740587,-0.20262728252288031,0.2030199596240509
,,,1730.6951655569767,-0.20698452489933672,0.2027785746564818
,,,1730.9854532398947,-0.16776882408077443,0.20279902753113813
,,,1731.2757409228127,-0.19391253805473996,0.20279902753113813
,,,1731.5660286057307,-0.21134176727579312,0.20261300184946315
,,,1731.8563162886485,-0.24837871704851366,0.20306354115797892
,,,1732.1466039715665,-0.1851980533018276,0.20331189689188287
,,,1732.4368916544845,-0.20044853147703856,0.20299077669230922
,,,1732.7271793374025,-0.20262728252288031,0.20280886608188026
,,,1733.0174670203205,-0.178662059879529,0.202846485862056
,,,1733.3077547032385,-0.20480577385349497,0.20278644304082782
,,,1733.5980423861565,-0.15687558828201942,0.20266696308638976
,,,1733.8883300690745,-0.17430481750307258,0.20264671335287585
,,,1734.1786177519923,-0.21787776069809173,0.20310723298378847
,,,1734.4689054349103,-0.20262728252288031,0.20229615450645944
,,,1734.7591931178283,-0.19391253805473996,0.20237946865592163
,,,1735.0494808007463,-0.21352051832163532,0.20290881647991035
,,,1735.3397684836643,-0.20262728252288031,0.20208759622166278
,,,1735.6300561665823,-0.21134176727579312,0.2021890997546836
,,,1735.9203438495003,-0.1764833088336868,0.20259997417135583
,,,1736.2106315324181,-0.20262728252288031,0.20233616349735128
,,,1736.5009192153361,-0.20262728252288031,0.2023564443074752
,,,1736.7912068982541,-0.20262728252288031,0.2023976549278413
,,,1737.0814945811721,-0.20480577385349497,0.20305053543510962
,,,1737.3717822640901,-0.20698452489933672,0.20245320676498482
,,,1737.6620699470081,-0.21134176727579312,0.20298017876290736
,,,1737.9523576299262,-0.20262728252288031,0.2028621225602747
,,,1738.2426453128442,-0.20044853147703856,0.20476663606943338
,,,1738.532932995762,-0.257093461516654,0.20478689038864947
,,,1738.82322067868,-0.178662059879529,0.20464050625988767
,,,1739.113508361598,-0.16559007303493223,0.20483118772125036
,,,1739.403796044516,-0.2309497475426885,0.2047930661126724
,,,1739.694083727434,-0.20262728252288031,0.20501649891765078
,,,1739.984371410352,-0.21134176727579312,0.20471506584889815
,,,1740.27465909327,-0.20262728252288031,0.20473684183526564
,,,1740.564946776188,-0.20916301622995093,0.2048391981627732
,,,1740.8552344591058,-0.22005625202870593,0.20472481651612687
,,,1741.1455221420238,-0.20262728252288031,0.20482284741744927
,,,1741.4358098249418,-0.20262728252288031,0.20482284741744927
,,,1741.7260975078598,-0.20262728252288031,0.2049630413261028
,,,1742.0163851907778,-0.257093461516654,0.20520628816925873
,,,1742.3066728736958,-0.12201712983991309,0.20548336315212556
,,,1742.5969605566138,-0.21787776069809173,0.20540303333948115
,,,1742.8872482395318,-0.19173404672412575,0.20626157697181258
,,,1743.1775359224496,-0.2265922454510041,0.20626157697181258
,,,1743.4678236053676,-0.20698452489933672,0.20617294404593836
,,,1743.7581112882856,-0.22005625202870593,0.20943436663778012
,,,1744.0483989712036,-0.23966423229560085,0.20933213810437498
,,,1744.3386866541216,-0.20262728252288031,0.20952066685125045
,,,1744.6289743370396,-0.24837871704851366,0.20924893789381402
,,,1744.9192620199576,-0.1808408109253712,0.20945289906184356
,,,1745.2095497028754,-0.20262728252288031,0.20943394091061737
,,,1745.4998373857934,-0.16559007303493223,0.20913664784802338
,,,1745.7901250687114,-0.20480577385349497,0.20919741262883496
,,,1746.0804127516294,-0.1873765446324418,0.20902843558716222
,,,1746.3707004345474,-0.20480577385349497,0.20869963842391956
,,,1746.6609881174654,-0.20262728252288031,0.2089885324999705
,,,1746.9512758003834,-0.17430481750307258,0.2089885324999705
,,,1747.2415634833014,-0.24620022571789946,0.20890785411549123
,,,1747.5318511662192,-0.20480577385349497,0.2084457934025381
,,,1747.8221388491372,-0.16994731541138863,0.20861715385174753
,,,1748.1124265320552,-0.21787776069809173,0.20863682411104023
,,,1748.4027142149732,-0.18955529567828355,0.20861715385174753
,,,1748.6930018978912,-0.19609128910058216,0.20896518721948615
,,,1748.9832895808092,-0.19173404672412575,0.20872355832420425
,,,1749.2735772637272,-0.20044853147703856,0.20909146842462037
,,,1749.5638649466453,-0.20480577385349497,0.2111184352315558
,,,1749.854152629563,-0.20044853147703856,0.21097644423458992
,,,1750.144440312481,-0.21134176727579312,0.21101597140831835
,,,1750.434727995399,-0.2309497475426885,0.21159699228282705
,,,1750.725015678317,-0.11330264508700072,0.21157654886493427
,,,1751.015303361235,-0.20698452489933672,0.21146329191761393
,,,1751.305591044153,-0.20262728252288031,0.21128857114537045
,,,1751.595878727071,-0.1721260664572304,0.21109951781727695
,,,1751.886166409989,-0.20262728252288031,0.21124142608739516
,,,1752.1764540929069,-0.20698452489933672,0.21124142608739516
,,,1752.4667417758249,-0.27016518864602324,0.21140432821336913
,,,1752.7570294587429,-0.20044853147703856,0.21174652162309016
,,,1753.0473171416609,-0.21787776069809173,0.21159394379563573
,,,1753.3376048245789,-0.18955529567828355,0.21129517600584816
,,,1753.6278925074969,-0.34859659028314827,0.21129517600584816
,,,1753.918180190415,-0.20480577385349497,0.21095056418230615
,,,1754.2084678733327,-0.20262728252288031,0.21031840705515642
,,,1754.4987555562507,-0.20262728252288031,0.21046347881878624
,,,1754.7890432391687,-0.18955529567828355,0.21067079326537344
,,,1755.0793309220867,-0.20044853147703856,0.21039823444552966
,,,1755.3696186050047,-0.1721260664572304,0.21039823444552966
,,,1755.6599062879227,-0.22005625202870593,0.2099076404902459
,,,1755.9501939708407,-0.21134176727579312,0.21009301138564385
,,,1756.2404816537587,-0.1851980533018276,0.20991905204665337
,,,1756.5307693366765,-0.20262728252288031,0.20969693172486265
,,,1756.8210570195945,-0.20262728252288031,0.20940901493633277
,,,1757.1113447025125,-0.20916301622995093,0.20925812450291167
,,,1757.4016323854305,-0.20262728252288031,0.20948769811576007
,,,1757.6919200683485,-0.20262728252288031,0.2089087759065684
,,,1757.9822077512665,-0.19826978043119636,0.2091109514804663
,,,1758.2724954341845,-0.3137383915562699,0.20885292469906758
,,,1758.5627831171025,-0.20262728252288031,0.20872724316602237
,,,1758.8530708000203,-0.22005625202870593,0.20857766959498789
,,,1759.1433584829383,-0.4313852342967297,0.20857766959498789
,,,1759.4336461658563,-0.20480577385349497,0.2081902109117285
,,,1759.7239338487743,-0.20480577385349497,0.20796635048061687
,,,1760.0142215316923,-0.16994731541138863,0.2084294740581393
,,,1760.3045092146103,-0.20262728252288031,0.20804739396968816
,,,1760.5947968975283,-0.19391253805473996,0.20823495575568865
,,,1760.8850845804463,-0.16123283065847582,0.20823495575568865
,,,1761.1753722633641,-0.21134176727579312,0.20881575232971572
,,,1761.4656599462821,-0.1830193022559854,0.20893936169595673
,,,1761.7559476292001,-0.16776882408077443,0.2089950897690249
,,,1762.0462353121181,-0.20262728252288031,0.20924965566750037
,,,1762.3365229950361,-0.19391253805473996,0.2090111145427638
,,,1762.6268106779542,-0.20262728252288031,0.2088082069521112
,,,1762.9170983608722,-0.20262728252288031,0.20816506706377624
,,,1763.2073860437902,-0.20480577385349497,0.20828906258023996
,,,1763.497673726708,-0.20262728252288031,0.20835720890561232
,,,1763.787961409626,-0.20044853147703856,0.20806157733723496
,,,1764.078249092544,-0.21787776069809173,0.20817668496981145
,,,1764.368536775462,-0.1764833088336868,0.2081576105862125
,,,1764.65882445838,-0.20262728252288031,0.20827394075940495
,,,1764.949112141298,-0.34859659028314827,0.2082936434301094
,,,1765.239399824216,-0.20262728252288031,0.20825402558315928
,,,1765.5296875071338,-0.20698452489933672,0.20827373013783712
,,,1765.8199751900518,-0.2527362191401976,0.20819277475497738
,,,1766.1102628729698,-0.21134176727579312,0.20791696752047706
,,,1766.4005505558878,-0.18955529567828355,0.2085502499390249
,,,1766.6908382388058,-0.19173404672412575,0.20841395887865732
,,,1766.9811259217238,-0.15033959485972126,0.2082989823655237
,,,1767.2714136046418,-0.21787776069809173,0.20968720971972316
,,,1767.5617012875598,-0.20262728252288031,0.20951862770040408
,,,1767.8519889704776,-0.22005625202870593,0.2092576037892981
,,,1768.1422766533956,-0.23966423229560085,0.20775974506945116
,,,1768.4325643363136,-0.18955529567828355,0.20772087959525493
,,,1768.7228520192316,-0.1764833088336868,0.20742434110043023
,,,1769.0131397021496,-0.20262728252288031,0.2076841427616927
,,,1769.3034273850676,-0.15687558828201942,0.20614434287612
,,,1769.5937150679856,-0.19391253805473996,0.20604586432751604
,,,1769.8840027509036,-0.19609128910058216,0.20604586432751604
,,,1770.1742904338214,-0.19173404672412575,0.20604586432751604
,,,1770.4645781167394,-0.20262728252288031,0.20591997963499298
,,,1770.7548657996574,-0.20262728252288031,0.20576825542398602
,,,1771.0451534825754,-0.15033959485972126,0.20604780184097787
,,,1771.3354411654934,-0.2222350030745477,0.20565557689810637
,,,1771.6257288484114,-0.18955529567828355,0.20531360069058727
,,,1771.9160165313294,-0.19609128910058216,0.2054474141981973
,,,1772.2063042142474,-0.16776882408077443,0.20544741419819731
,,,1772.4965918971652,-0.1851980533018276,0.2054676014085593
,,,1772.7868795800832,-0.2265922454510041,0.2053470892493766
,,,1773.0771672630012,-0.20044853147703856,0.2053470892493766
,,,1773.3674549459192,-0.15469683723617766,0.2052684349764917
,,,1773.6577426288372,-0.18955529567828355,0.20530819919677176
,,,1773.9480303117552,-0.1764833088336868,0.20403904421933536
,,,1774.2383179946733,-0.21134176727579312,0.2039598855178308
,,,1774.528605677591,-0.20698452489933672,0.20377089466996934
,,,1774.818893360509,-0.1764833088336868,0.20024094455335215
,,,1775.109181043427,-0.21787776069809173,0.20022023036585912
,,,1775.399468726345,-0.24837871704851366,0.20013867710780534
,,,1775.689756409263,-0.21134176727579312,0.20019153693468003
,,,1775.980044092181,-0.20262728252288031,0.20019153693468003
,,,1776.270331775099,-0.20262728252288031,0.20023142077615963
,,,1776.560619458017,-0.2309497475426885,0.2005020937359837
,,,1776.8509071409349,-0.21787776069809173,0.20050209373598368
,,,1777.1411948238529,-0.19391253805473996,0.20074091007828118
,,,1777.4314825067709,-0.2309497475426885,0.20102082758593845
,,,1777.7217701896889,-0.17430481750307258,0.2010208275859385
,,,1778.0120578726069,-0.14598235248326485,0.20102082758593848
,,,1778.3023455555249,-0.178662059879529,0.2010208275859385
,,,1778.5926332384429,-0.21787776069809173,0.20100041201300597
,,,1778.882920921361,-0.178662059879529,0.20089941198531164
,,,1779.1732086042787,-0.1851980533018276,0.20104852003631754
,,,1779.4634962871967,-0.20262728252288031,0.20104852003631754
,,,1779.7537839701147,-0.19391253805473996,0.20085877495474494
,,,1780.0440716530327,-0.20480577385349497,0.20104863008459975
,,,1780.3343593359507,-0.20262728252288031,0.20087279828864735
,,,1780.6246470188687,-0.20044853147703856,0.19923361902946474
,,,1780.9149347017867,-0.20262728252288031,0.19931821330959631
,,,1781.2052223847047,-0.20262728252288031,0.19956411517772976
,,,1781.4955100676225,-0.20262728252288031,0.19887034196252523
,,,1781.7857977505405,-0.20262728252288031,0.1991458675655918
,,,1782.0760854334585,-0.19173404672412575,0.19894605606603072
,,,1782.3663731163765,-0.18955529567828355,0.1990469330355485
,,,1782.6566607992945,-0.3028451557575149,0.19947973798639304
,,,1782.9469484822125,-0.1830193022559854,0.199479737986393
,,,1783.2372361651305,-0.1764833088336868,0.199479737986393
,,,1783.5275238480485,-0.07844418664489439,0.19898708608858168
,,,1783.8178115309663,-0.19609128910058216,0.1986440181267913
,,,1784.1080992138843,-0.1851980533018276,0.1988065348675544
,,,1784.3983868968023,-0.21787776069809173,0.19903936482098353
,,,1784.6886745797203,-0.2309497475426885,0.19843665523988438
,,,1784.9789622626383,-0.19391253805473996,0.19882360149448872
,,,1785.2692499455563,-0.20262728252288031,0.19886375968740355
,,,1785.5595376284743,-0.20262728252288031,0.19872863810092598
,,,1785.8498253113921,-0.17430481750307258,0.19941722955953492
,,,1786.1401129943101,-0.1830193022559854,0.19941722955953492
,,,1786.4304006772281,-0.20480577385349497,0.1991848412979858
,,,1786.7206883601461,-0.1764833088336868,0.20007463244582838
,,,1787.0109760430641,-0.1721260664572304,0.19941778141634112
,,,1787.3012637259822,-0.20044853147703856,0.19915231702777403
,,,1787.5915514089002,-0.20262728252288031,0.19934168113178272
,,,1787.8818390918182,-0.20480577385349497,0.19964411705497812
,,,1788.172126774736,-0.19609128910058216,0.19929616176057915
,,,1788.462414457654,-0.20262728252288031,0.1990548344078465
,,,1788.752702140572,-0.19391253805473996,0.199014268959887
,,,1789.04298982349,-0.20262728252288031,0.19947905836305121
,,,1789.333277506408,-0.20698452489933672,0.19959911554506327
,,,1789.623565189326,-0.19391253805473996,0.19979016769837515
,,,1789.913852872244,-0.20044853147703856,0.199528758170371
,,,1790.204140555162,-0.1830193022559854,0.19946638231929645
,,,1790.4944282380798,-0.20262728252288031,0.1995214212841859
,,,1790.7847159209978,-0.19609128910058216,0.1991387291217244
,,,1791.0750036039158,-0.1764833088336868,0.19859263673876573
,,,1791.3652912868338,-0.20262728252288031,0.19836767078927287
,,,1791.6555789697518,-0.19826978043119636,0.19808064263389769
,,,1791.9458666526698,-0.19391253805473996,0.19786495917806238
,,,1792.2361543355878,-0.21134176727579312,0.19734017723457684
,,,1792.5264420185058,-0.20916301622995093,0.1970667391450487
,,,1792.8167297014236,-0.20044853147703856,0.19695054628449482
,,,1793.1070173843416,-0.20262728252288031,0.1965768423263586
,,,1793.3973050672596,-0.19391253805473996,0.19683045326768212
,,,1793.6875927501776,-0.20262728252288031,0.1967861585368263
,,,1793.9778804330956,-0.20044853147703856,0.19700302309203918
,,,1794.2681681160136,-0.19391253805473996,0.19691472838417573
,,,1794.5584557989316,-0.21787776069809173,0.19711063308811594
,,,1794.8487434818494,-0.20044853147703856,0.1970177711475995
,,,1795.1390311647674,-0.19826978043119636,0.1970177711475995
,,,1795.4293188476854,-0.19826978043119636,0.19692036016338815
,,,1795.7196065306034,-0.1830193022559854,0.19673881201452953
,,,1796.0098942135214,-0.2265922454510041,0.197440519495515
,,,1796.3001818964394,-0.21134176727579312,0.19737950645166544
,,,1796.5904695793574,-0.2309497475426885,0.19744321306913495
,,,1796.8807572622754,-0.1851980533018276,0.19722683253386752
,,,1797.1710449451932,-0.2374854812497591,0.19706661463883998
,,,1797.4613326281112,-0.16559007303493223,0.196964723436922
,,,1797.7516203110292,-0.20262728252288031,0.1968872267025732
,,,1798.0419079939472,-0.20262728252288031,0.19686773451342957
,,,1798.3321956768652,-0.21787776069809173,0.19537062131810787
,,,1798.6224833597832,-0.20262728252288031,0.1955304138666634
,,,1798.9127710427013,-0.16559007303493223,0.19570492544576068
,,,1799.2030587256193,-0.20698452489933672,0.1965790086912243
,,,1799.493346408537,-0.20698452489933672,0.19664094691457024
,,,1799.783634091455,-0.20262728252288031,0.19678065803236494
,,,1800.073921774373,-0.12419588088575528,0.19662831358403335
,,,1800.364209457291,-0.20262728252288031,0.19615620576227685
,,,1800.654497140209,-0.19826978043119636,0.19529123030281714
,,,1800.944784823127,-0.1808408109253712,0.19503561787178467
,,,1801.235072506045,-0.257093461516654,0.19476156130823566
,,,1801.525360188963,-0.20262728252288031,0.19501753294968321
,,,1801.8156478718809,-0.1764833088336868,0.19535209852241925
,,,1802.1059355547989,-0.24620022571789946,0.19526851211554222
,,,1802.3962232377169,-0.14598235248326485,0.19542294031310878
,,,1802.6865109206349,-0.15687558828201942,0.19565435291938932
,,,1802.9767986035529,-0.21569900965224953,0.1955138369633035
,,,1803.2670862864709,-0.20262728252288031,0.19541113611430475
,,,1803.557373969389,-0.13944635906096625,0.1950634802940737
,,,1803.8476616523067,-0.20262728252288031,0.19544393382910535
,,,1804.1379493352247,-0.19609128910058216,0.1951885213736622
,,,1804.4282370181427,-0.20916301622995093,0.19520886300600038
,,,1804.7185247010607,-0.20262728252288031,0.19504698749267127
,,,1805.0088123839787,-0.19826978043119636,0.19436344051725413
,,,1805.2991000668967,-0.1830193022559854,0.19442540004140402
,,,1805.5893877498147,-0.20044853147703856,0.19486493492114607
,,,1805.8796754327327,-0.1830193022559854,0.19504618280911087
,,,1806.1699631156505,-0.1764833088336868,0.1950043260255577
,,,1806.4602507985685,-0.19609128910058216,0.19490477071633527
,,,1806.7505384814865,-0.1873765446324418,0.19514225603462637
,,,1807.0408261644045,-0.16994731541138863,0.19507984197463688
,,,1807.3311138473225,-0.178662059879529,0.19501877519342212
,,,1807.6214015302405,-0.1764833088336868,0.19484570036025073
,,,1807.9116892131585,-0.18955529567828355,0.19515180348517813
,,,1808.2019768960765,-0.1808408109253712,0.1950663120316252
,,,1808.4922645789943,-0.19391253805473996,0.19496451313660873
,,,1808.7825522619123,-0.20262728252288031,0.194726811046395
,,,1809.0728399448303,-0.13944635906096625,0.19464751408549377
,,,1809.3631276277483,-0.20262728252288031,0.1947341006218848
,,,1809.6534153106663,-0.20916301622995093,0.19475517307366136
,,,1809.9437029935843,-0.20044853147703856,0.1948170080113838
,,,1810.2339906765023,-0.17430481750307258,0.19454002348307675
,,,1810.5242783594204,-0.20262728252288031,0.19445791293774498
,,,1810.8145660423381,-0.1830193022559854,0.19449988731057588
,,,1811.1048537252561,-0.1851980533018276,0.1946284861701947
,,,1811.3951414081741,-0.26580794626956683,0.1947270436533946
,,,1811.6854290910921,-0.19391253805473996,0.19439699553525527
,,,1811.9757167740102,-0.20916301622995093,0.19420692145531868
,,,1812.2660044569282,-0.178662059879529,0.19397606832763534
,,,1812.5562921398462,-0.1851980533018276,0.194138836789491
,,,1812.8465798227642,-0.19173404672412575,0.19376921604956826
,,,1813.136867505682,-0.1830193022559854,0.1938590575427254
,,,1813.4271551886,-0.1873765446324418,0.19363867195276907
,,,1813.717442871518,-0.16994731541138863,0.19339934031256584
,,,1814.007730554436,-0.20044853147703856,0.19324433021588514
,,,1814.298018237354,-0.19609128910058216,0.1929860066585837
,,,1814.588305920272,-0.20698452489933672,0.19327371277928546
,,,1814.87859360319,-0.20262728252288031,0.19331777747873155
,,,1815.1688812861078,-0.20044853147703856,0.19325339693742444
,,,1815.4591689690258,-0.20262728252288031,0.1933629792559797
,,,1815.7494566519438,-0.1830193022559854,0.1938185529978157
,,,1816.0397443348618,-0.037049734780489896,0.1935609957910115
,,,1816.3300320177798,-0.17430481750307258,0.19336378903257614
,,,1816.6203197006978,-0.1721260664572304,0.19325363109606275
,,,1816.9106073836158,-0.20262728252288031,0.19256338631525546
,,,1817.2008950665338,-0.21787776069809173,0.19605134231011223
,,,1817.4911827494516,-0.19609128910058216,0.19653216595574627
,,,1817.7814704323696,-0.19391253805473996,0.19610915122353306
,,,1818.0717581152876,-0.19826978043119636,0.19643768211034296
,,,1818.3620457982056,-0.1851980533018276,0.19666801584192967
,,,1818.6523334811236,-0.19173404672412575,0.1963206673429977
,,,1818.9426211640416,-0.16559007303493223,0.19621838879006748
,,,1819.2329088469596,-0.2331282388733027,0.1965152498712009
,,,1819.5231965298776,-0.17430481750307258,0.19641307264362684
,,,1819.8134842127954,-0.19609128910058216,0.19639285573882714
,,,1820.1037718957134,-0.1851980533018276,0.19628722501876653
,,,1820.3940595786314,-0.11983863850929888,0.1963297096037507
,,,1820.6843472615494,-0.20044853147703856,0.20496929519060683
,,,1820.9746349444674,-0.24184298334144305,0.2049692951906068
,,,1821.2649226273854,-0.20262728252288031,0.20550880699649066
,,,1821.5552103103034,-0.19826978043119636,0.20549078241787025
,,,1821.8454979932214,-0.1851980533018276,0.2054734038907367
,,,1822.1357856761392,-0.20262728252288031,0.20581166422033967
,,,1822.4260733590572,-0.19609128910058216,0.2059466641543097
,,,1822.7163610419752,-0.19173404672412575,0.20583429657999397
,,,1823.0066487248932,-0.17430481750307258,0.20585207772404812
,,,1823.2969364078112,-0.23966423229560085,0.20586964183648448
,,,1823.5872240907293,-0.20044853147703856,0.20613140300205093
,,,1823.8775117736473,-0.18955529567828355,0.20614937156830307
,,,1824.167799456565,-0.1764833088336868,0.2061303270672941
,,,1824.458087139483,-0.1851980533018276,0.20588817193396639
,,,1824.748374822401,-0.21134176727579312,0.20643904284452425
,,,1825.038662505319,-0.20262728252288031,0.20628597999969397
,,,1825.328950188237,-0.20044853147703856,0.20601784827716207
,,,1825.619237871155,-0.18955529567828355,0.20586619619574892
,,,1825.909525554073,-0.19173404672412575,0.20588354156748245
,,,1826.199813236991,-0.20262728252288031,0.20511413082452087
,,,1826.4901009199089,-0.21134176727579312,0.2052076523061166
,,,1826.7803886028269,-0.19391253805473996,0.20520765230611662
,,,1827.0706762857449,-0.19391253805473996,0.20453259392873696
,,,1827.3609639686629,-0.19173404672412575,0.2042672618231906
,,,1827.6512516515809,-0.20916301622995093,0.20418558700076184
,,,1827.9415393344989,-0.20262728252288031,0.20435465885279974
,,,1828.231827017417,-0.20262728252288031,0.2041647253298336
,,,1828.522114700335,-0.1764833088336868,0.20416472532983362
,,,1828.8124023832527,-0.178662059879529,0.20416472532983362
,,,1829.1026900661707,-0.1764833088336868,0.20409170365408535
,,,1829.3929777490887,-0.20262728252288031,0.20437028974029087
,,,1829.6832654320067,-0.17430481750307258,0.204254340162763
,,,1829.9735531149247,-0.19826978043119636,0.20429386512282408
,,,1830.2638407978427,-0.21134176727579312,0.2040086536515995
,,,1830.5541284807607,-0.20044853147703856,0.2054447610603503
,,,1830.8444161636787,-0.21352051832163532,0.20546473503032553
,,,1831.1347038465965,-0.1851980533018276,0.20540545756052223
,,,1831.4249915295145,-0.17430481750307258,0.2054237077264962
,,,1831.7152792124325,-0.1764833088336868,0.2062461929878117
,,,1832.0055668953505,-0.16776882408077443,0.20626350640437668
,,,1832.2958545782685,-0.19391253805473996,0.2069886549392534
,,,1832.5861422611865,-0.4313852342967297,0.20689165025909437
,,,1832.8764299441045,-0.2265922454510041,0.20721260578957934
,,,1833.1667176270223,-0.20698452489933672,0.20715575575537373
,,,1833.4570053099403,-0.1873765446324418,0.20715575575537373
,,,1833.7472929928583,-0.1851980533018276,0.20700665385757097
,,,1834.0375806757763,-0.178662059879529,0.2071591842217896
,,,1834.3278683586943,-0.19173404672412575,0.20723626236768947
,,,1834.6181560416123,-0.178662059879529,0.207446801996767
,,,1834.9084437245303,-0.19173404672412575,0.20697654580019054
,,,1835.1987314074483,-0.19391253805473996,0.2071976240500843
,,,1835.4890190903661,-0.19826978043119636,0.20705026404646978
,,,1835.7793067732841,-0.20698452489933672,0.20720276230746063
,,,1836.0695944562021,-0.6405357252341393,0.2074970585704602
,,,1836.3598821391201,-0.1830193022559854,0.20725928286550455
,,,1836.6501698220382,-0.2527362191401976,0.2066419142018427
,,,1836.9404575049562,-0.1808408109253712,0.20641765976462684
,,,1837.2307451878742,-0.17430481750307258,0.20623274735146185
,,,1837.5210328707922,-0.2309497475426885,0.20602871843799656
,,,1837.81132055371,-0.20262728252288031,0.20580379583211483
,,,1838.101608236628,-0.15469683723617766,0.205637854691311
,,,1838.391895919546,-0.1808408109253712,0.20552780029220627
,,,1838.682183602464,-0.178662059879529,0.2056539250453301
,,,1838.972471285382,-0.21787776069809173,0.20512744662874408
,,,1839.2627589683,-0.1830193022559854,0.20492156160850725
,,,1839.553046651218,-0.19173404672412575,0.20454528194201674
,,,1839.843334334136,-0.17430481750307258,0.20451057755438568
,,,1840.1336220170538,-0.20916301622995093,0.20460545899932187
,,,1840.4239096999718,-0.1851980533018276,0.2044058865248489
,,,1840.7141973828898,-0.178662059879529,0.20430765555744484
,,,1841.0044850658078,-0.1830193022559854,0.20424869387054528
,,,1841.2947727487258,-0.1764833088336868,0.20483721310521538
,,,1841.5850604316438,-0.08498018006719299,0.20464057408325664
,,,1841.8753481145618,-0.19391253805473996,0.20443181172558064
,,,1842.1656357974798,-0.1851980533018276,0.2042702958693656
,,,1842.4559234803976,-0.20262728252288031,0.2052996062437601
,,,1842.7462111633156,-0.16123283065847582,0.20535826619690462
,,,1843.0364988462336,-0.20044853147703856,0.20495010387861856
,,,1843.3267865291516,-0.19826978043119636,0.2046625559734836
,,,1843.6170742120696,-0.16123283065847582,0.2045836385249467
,,,1843.9073618949876,-0.19173404672412575,0.20433965047818528
,,,1844.1976495779056,-0.1830193022559854,0.2044680289757142
,,,1844.4879372608234,-0.178662059879529,0.20438176570016867
,,,1844.7782249437414,-0.20262728252288031,0.20498202665845588
,,,1845.0685126266594,-0.1873765446324418,0.2047385133736415
,,,1845.3588003095774,-0.20044853147703856,0.20486512405005883
,,,1845.6490879924954,-0.17430481750307258,0.20475075688661062
,,,1845.9393756754134,-0.3224528763091823,0.20466840801718297
,,,1846.2296633583314,-0.20262728252288031,0.204515755304189
,,,1846.5199510412494,-0.19609128910058216,0.2042031560310139
,,,1846.8102387241672,-0.1851980533018276,0.20413101517618365
,,,1847.1005264070852,-0.19391253805473996,0.20507733065543537
,,,1847.3908140900032,-0.1764833088336868,0.205224378000183
,,,1847.6811017729212,-0.24837871704851366,0.20547843367140833
,,,1847.9713894558392,-0.19173404672412575,0.20542175158051398
,,,1848.2616771387572,-0.24837871704851366,0.20207527670665326
,,,1848.5519648216753,-0.18955529567828355,0.2018372722385703
,,,1848.8422525045933,-0.19391253805473996,0.20153108400883066
,,,1849.132540187511,-0.1808408109253712,0.20140391926054807
,,,1849.422827870429,-0.20262728252288031,0.20144180141836648
,,,1849.713115553347,-0.20044853147703856,0.20165365921400533
,,,1850.003403236265,-0.19173404672412575,0.20159656181318897
,,,1850.293690919183,-0.1830193022559854,0.20197876755374558
,,,1850.583978602101,-0.20044853147703856,0.20176252209955634
,,,1850.874266285019,-0.178662059879529,0.20164903502985637
,,,1851.164553967937,-0.20262728252288031,0.20157070071623362
,,,1851.4548416508549,-0.16559007303493223,0.2015293209925251
,,,1851.7451293337729,-0.1721260664572304,0.19251899643160192
,,,1852.0354170166909,-0.1764833088336868,0.19244339988436762
,,,1852.3257046996089,-0.1764833088336868,0.1916849843097011
,,,1852.6159923825269,-0.1764833088336868,0.19176365575844498
,,,1852.906280065445,-0.15905407961263363,0.1920236237143819
,,,1853.196567748363,-0.1764833088336868,0.1916819754891257
,,,1853.4868554312807,-0.1764833088336868,0.1914401976731045
,,,1853.7771431141987,-0.178662059879529,0.19167352810011423
,,,1854.0674307971167,-0.18955529567828355,0.19181361966738925
,,,1854.3577184800347,-0.1851980533018276,0.19181361966738925
,,,1854.6480061629527,-0.1764833088336868,0.19145352531661905
,,,1854.9382938458707,-0.13944635906096625,0.19139616631596215
,,,1855.2285815287887,-0.1721260664572304,0.1912590138131557
,,,1855.5188692117067,-0.19609128910058216,0.1912776837925521
,,,1855.8091568946245,-0.18955529567828355,0.19074442866656793
,,,1856.0994445775425,-0.19173404672412575,0.19074442866656793
,,,1856.3897322604605,-0.19391253805473996,0.19094666399054894
,,,1856.6800199433785,-0.24837871704851366,0.19088915268659387
,,,1856.9703076262965,-0.16776882408077443,0.19094666399054894
,,,1857.2605953092145,-0.178662059879529,0.19149419844523496
,,,1857.5508829921325,-0.19391253805473996,0.1914135623135077
,,,1857.8411706750505,-0.2875944178670764,0.19111191034032626
,,,1858.1314583579683,-0.20044853147703856,0.1909269276643457
,,,1858.4217460408863,-0.1372676080151245,0.19103424746561568
,,,1858.7120337238043,-0.1764833088336868,0.19097118770431917
,,,1859.0023214067223,-0.19391253805473996,0.1909293694731855
,,,1859.2926090896403,-0.17430481750307258,0.19125496662746308
,,,1859.5828967725583,-0.19173404672412575,0.1911947638408875
,,,1859.8731844554763,-0.16776882408077443,0.19082175566387377
,,,1860.1634721383944,-0.23966423229560085,0.19072932053606304
,,,1860.4537598213121,-0.17430481750307258,0.190563639884473
,,,1860.7440475042301,-0.18955529567828355,0.19068791440262767
,,,1861.0343351871481,-0.1851980533018276,0.1904476720745154
,,,1861.3246228700662,-0.20262728252288031,0.19058377683370473
,,,1861.6149105529842,-0.1830193022559854,0.1888676363055991
,,,1861.9051982359022,-0.178662059879529,0.1886414194389516
,,,1862.1954859188202,-0.1764833088336868,0.1886203695465673
,,,1862.4857736017382,-0.26798669731540903,0.18860049339126916
,,,1862.776061284656,-0.19391253805473996,0.18860049339126916
,,,1863.066348967574,-0.19826978043119636,0.1888459068916417
,,,1863.356636650492,-0.1873765446324418,0.18808855197354352
,,,1863.64692433341,-0.20044853147703856,0.18792998514227346
,,,1863.937212016328,-0.20262728252288031,0.1885144983950943
,,,1864.227499699246,-0.1721260664572304,0.1885144983950943
,,,1864.517787382164,-0.1721260664572304,0.18843258716187622
,,,1864.8080750650818,-0.18955529567828355,0.18839397050653345
,,,1865.0983627479998,-0.20262728252288031,0.18796868214520743
,,,1865.3886504309178,-0.1851980533018276,0.18801257455075823
,,,1865.6789381138358,-0.22005625202870593,0.1878166251632982
,,,1865.9692257967538,-0.16559007303493223,0.18768347720589845
,,,1866.2595134796718,-0.1808408109253712,0.18743938410983776
,,,1866.5498011625898,-0.18955529567828355,0.18764518149225007
,,,1866.8400888455078,-0.20262728252288031,0.18745677787339898
,,,1867.1303765284256,-0.17430481750307258,0.19105542389645094
,,,1867.4206642113436,-0.17430481750307258,0.191271132506255
,,,1867.7109518942616,-0.1808408109253712,0.19132852899120717
,,,1868.0012395771796,-0.18955529567828355,0.19172681116887452
,,,1868.2915272600976,-0.20262728252288031,0.19178407127991393
,,,1868.5818149430156,-0.19826978043119636,0.1923467338263543
,,,1868.8721026259336,-0.1764833088336868,0.19236553106063792
,,,1869.1623903088516,-0.1830193022559854,0.19240335059853492
,,,1869.4526779917694,-0.19609128910058216,0.19231167567011598
,,,1869.7429656746874,-0.178662059879529,0.19194072268760318
,,,1870.0332533576054,-0.1808408109253712,0.1918639712131282
,,,1870.3235410405234,-0.1764833088336868,0.19182697259916645
,,,1870.6138287234414,-0.1764833088336868,0.19202113977285803
,,,1870.9041164063594,-0.1764833088336868,0.1913897057036874
,,,1871.1944040892774,-0.14816084381387906,0.19132815421107405
,,,1871.4846917721954,-0.1851980533018276,0.1912112558205766
,,,1871.7749794551132,-0.20044853147703856,0.1910368189739996
,,,1872.0652671380312,-0.1764833088336868,0.19093635668100334
,,,1872.3555548209492,-0.1830193022559854,0.19018732643473668
,,,1872.6458425038672,-0.1721260664572304,0.19033841942309068
,,,1872.9361301867852,-0.1851980533018276,0.1902279087805364
,,,1873.2264178697033,-0.14816084381387906,0.1902279087805364
,,,1873.5167055526213,-0.1830193022559854,0.18903493467900415
,,,1873.806993235539,-0.17430481750307258,0.18892988599496607
,,,1874.097280918457,-0.19391253805473996,0.1892339613334417
,,,1874.387568601375,-0.19391253805473996,0.18935208043029536
,,,1874.677856284293,-0.19826978043119636,0.18917382121798762
,,,1874.968143967211,-0.1851980533018276,0.18894961212546196
,,,1875.258431650129,-0.1350891166845103,0.18881068244857319
,,,1875.548719333047,-0.16776882408077443,0.18845637508281465
,,,1875.839007015965,-0.1851980533018276,0.1879223202506817
,,,1876.1292946988829,-0.20044853147703856,0.18794132169552935
,,,1876.4195823818009,-0.17430481750307258,0.18790071776205436
,,,1876.7098700647189,-0.18955529567828355,0.1878223153923088
,,,1877.0001577476369,-0.1851980533018276,0.18755652418609375
,,,1877.2904454305549,-0.178662059879529,0.18757651096345251
,,,1877.580733113473,-0.19391253805473996,0.18757651096345254
,,,1877.871020796391,-0.1830193022559854,0.18791299346471638
,,,1878.161308479309,-0.19391253805473996,0.18708145276882965
,,,1878.4515961622267,-0.20262728252288031,0.18742438375769793
,,,1878.7418838451447,-0.1764833088336868,0.18645608020653304
,,,1879.0321715280627,-0.17430481750307258,0.18637612045915558
,,,1879.3224592109807,-0.29195191995876035,0.1861303128906841
,,,1879.6127468938987,-0.18955529567828355,0.18604353445172644
,,,1879.9030345768167,-0.1851980533018276,0.18602481382491545
,,,1880.1933222597347,-0.1764833088336868,0.18589873443774466
,,,1880.4836099426527,-0.15469683723617766,0.18579788144861997
,,,1880.7738976255705,-0.20480577385349497,0.18554843655633155
,,,1881.0641853084885,-0.16994731541138863,0.18613030337540684
,,,1881.3544729914065,-0.16776882408077443,0.18569601369015717
,,,1881.6447606743245,-0.17430481750307258,0.18578975914539667
,,,1881.9350483572425,-0.20044853147703856,0.18567510771797874
,,,1882.2253360401605,-0.1830193022559854,0.1855354021002078
,,,1882.5156237230785,-0.41613475612151873,0.18524729136232632
,,,1882.8059114059963,-0.19609128910058216,0.18513661701476244
,,,1883.0961990889143,-0.1830193022559854,0.18499086730372244
,,,1883.3864867718323,-0.21787776069809173,0.1845817690312915
,,,1883.6767744547503,-0.1830193022559854,0.18448019607524643
,,,1883.9670621376683,-0.22005625202870593,0.1842485924728864
,,,1884.2573498205863,-0.178662059879529,0.1841628569690451
,,,1884.5476375035043,-0.1808408109253712,0.18460075357702876
,,,1884.8379251864224,-0.16776882408077443,0.18446528440216886
,,,1885.1282128693401,-0.14380360143742266,0.1841494830376683
,,,1885.4185005522581,-0.1764833088336868,0.1836280123727545
,,,1885.7087882351761,-0.1721260664572304,0.183568933086196
,,,1885.9990759180941,-0.16559007303493223,0.18277435743345777
,,,1886.2893636010122,-0.06101495742384122,0.18300516026487448
,,,1886.5796512839302,-0.18955529567828355,0.1827061380402334
,,,1886.8699389668482,-0.1764833088336868,0.1824127001381743
,,,1887.1602266497662,-0.1721260664572304,0.18225503669202725
,,,1887.450514332684,-0.1830193022559854,0.1818910154504139
,,,1887.740802015602,-0.1764833088336868,0.18195137091348487
,,,1888.03108969852,-0.1851980533018276,0.18193101242746987
,,,1888.321377381438,-0.16559007303493223,0.18189296885826814
,,,1888.611665064356,-0.19391253805473996,0.18159223736146374
,,,1888.901952747274,-0.1851980533018276,0.18203839386230156
,,,1889.192240430192,-0.18955529567828355,0.18210089292913176
,,,1889.48252811311,-0.1764833088336868,0.1822432314221418
,,,1889.7728157960278,-0.18955529567828355,0.1822432314221418
,,,1890.0631034789458,-0.17430481750307258,0.181945397503511
,,,1890.3533911618638,-0.14598235248326485,0.18175548139385547
,,,1890.6436788447818,-0.1764833088336868,0.18161617784420486
,,,1890.9339665276998,-0.11765988746345712,0.18154349148703244
,,,1891.2242542106178,-0.18955529567828355,0.18178671643996833
,,,1891.5145418935358,-0.1764833088336868,0.18441245910689094
,,,1891.8048295764538,-0.1851980533018276,0.1846212676256385
,,,1892.0951172593716,-0.1764833088336868,0.18439152298260625
,,,1892.3854049422896,-0.17430481750307258,0.18402063700138407
,,,1892.6756926252076,-0.1851980533018276,0.18380969320620008
,,,1892.9659803081256,-0.178662059879529,0.18382960471938145
,,,1893.2562679910436,-0.21134176727579312,0.18370503960366003
,,,1893.5465556739616,-0.19609128910058216,0.183766971845876
,,,1893.8368433568796,-0.2265922454510041,0.18364236424611086
,,,1894.1271310397974,0.023952437635582413,0.18325870662518146
,,,1894.4174187227154,-0.178662059879529,0.18307463325217999
,,,1894.7077064056334,-0.17430481750307258,0.18298070883089027
,,,1894.9979940885514,-0.19391253805473996,0.18157446928517026
,,,1895.2882817714694,-0.16994731541138863,0.18149138116218683
,,,1895.5785694543874,-0.15687558828201942,0.18141020880863043
,,,1895.8688571373054,-0.178662059879529,0.18143013913505596
,,,1896.1591448202234,-0.1764833088336868,0.18169695973308733
,,,1896.4494325031412,-0.23966423229560085,0.18128630824311934
,,,1896.7397201860592,-0.1764833088336868,0.1813055181430382
,,,1897.0300078689772,-0.1764833088336868,0.18208553204116182
,,,1897.3202955518952,-0.16776882408077443,0.18186904888827224
,,,1897.6105832348132,-0.17430481750307258,0.181617141379615
,,,1897.9008709177313,-0.1721260664572304,0.1812093642978205
,,,1898.1911586006493,-0.16123283065847582,0.17673269039727318
,,,1898.4814462835673,-0.15687558828201942,0.1765599056546282
,,,1898.771733966485,-0.1285531232622117,0.17568136319360347
,,,1899.062021649403,-0.178662059879529,0.17524661839395575
,,,1899.352309332321,-0.178662059879529,0.17526800894336136
,,,1899.642597015239,-0.18955529567828355,0.1749345959668893
,,,1899.932884698157,-0.22005625202870593,0.17489350870532977
,,,1900.223172381075,-0.16776882408077443,0.17485190192262642
,,,1900.513460063993,-0.16123283065847582,0.17505982703982745
,,,1900.803747746911,-0.10676665166470212,0.175466471487925
,,,1901.0940354298289,-0.17430481750307258,0.175466471487925
,,,1901.3843231127469,-1.2785007769355872e-05,0.1757706149839329
,,,1901.6746107956649,-0.20044853147703856,0.17582928698487266
,,,1901.9648984785829,-0.13944635906096625,0.17668319418206527
,,,1902.255186161501,-0.10240940928824571,0.17647718172365187
,,,1902.545473844419,-0.16776882408077443,0.17651840541548164
,,,1902.835761527337,-0.16123283065847582,0.17655861203446027
,,,1903.1260492102547,-0.1830193022559854,0.1764964124502853
,,,1903.4163368931727,-0.1808408109253712,0.17636000016486372
,,,1903.7066245760907,-0.16776882408077443,0.17627646491231733
,,,1903.9969122590087,-0.15033959485972126,0.17673302699982596
,,,1904.2871999419267,-0.19826978043119636,0.17660345646962713
,,,1904.5774876248447,-0.18955529567828355,0.176540518826209
,,,1904.8677753077627,-0.18955529567828355,0.17635383511646557
,,,1905.1580629906807,-0.19391253805473996,0.1775531887667202
,,,1905.4483506735985,-0.16123283065847582,0.17725498208441415
,,,1905.7386383565165,-0.178662059879529,0.17729552208835825
,,,1906.0289260394345,-0.16994731541138863,0.1776374971476071
,,,1906.3192137223525,-0.12419588088575528,0.17780723879996937
,,,1906.6095014052705,-0.19391253805473996,0.1782613807388767
,,,1906.8997890881885,-0.37038306188065784,0.17830517490639317
,,,1907.1900767711065,-0.22005625202870593,0.1777180119500355
,,,1907.4803644540245,-0.14598235248326485,0.17751819824141363
,,,1907.7706521369423,-0.14598235248326485,0.17696189653202912
,,,1908.0609398198603,-0.16123283065847582,0.17684603706841945
,,,1908.3512275027783,-0.1808408109253712,0.17676273150932437
,,,1908.6415151856963,-0.1808408109253712,0.17670211003536973
,,,1908.9318028686143,-0.18955529567828355,0.17636474015482365
,,,1909.2220905515323,-0.1808408109253712,0.17631996083450946
,,,1909.5123782344504,-0.16123283065847582,0.17555657572719205
,,,1909.8026659173684,-0.15469683723617766,0.17656192108241736
,,,1910.0929536002861,-0.16341158170431802,0.17662485109945944
,,,1910.3832412832041,-0.17430481750307258,0.17712697794907276
,,,1910.6735289661221,-0.1808408109253712,0.1769364026657754
,,,1910.9638166490402,-0.1764833088336868,0.17712247236149042
,,,1911.2541043319582,-0.178662059879529,0.1772746913389904
,,,1911.5443920148762,-0.1851980533018276,0.17669716121119267
,,,1911.8346796977942,-0.16123283065847582,0.17637147297740238
,,,1912.1249673807122,-0.1721260664572304,0.175673479438216
,,,1912.41525506363,0.2418171536106768,0.175673479438216
,,,1912.705542746548,-0.14816084381387906,0.17586769593871232
,,,1912.995830429466,-0.17430481750307258,0.17592709205363652
,,,1913.286118112384,-0.1329103656386681,0.17594738892837078
,,,1913.576405795302,0.04138140714140759,0.17602906431928675
,,,1913.86669347822,-0.178662059879529,0.17616573286196743
,,,1914.156981161138,0.019594935543898018,0.1763187778107637
,,,1914.4472688440558,-0.1764833088336868,0.176854271280365
,,,1914.7375565269738,-0.1851980533018276,0.17696022147609503
,,,1915.0278442098918,-0.18955529567828355,0.17700183144252374
,,,1915.3181318928098,-0.17430481750307258,0.1771139549584732
,,,1915.6084195757278,-0.1764833088336868,0.1765589068949417
,,,1915.8987072586458,-0.18955529567828355,0.17655890689494166
,,,1916.1889949415638,-0.18955529567828355,0.1766352744153901
,,,1916.4792826244818,-0.1764833088336868,0.17693139897240365
,,,1916.7695703073996,-0.20262728252288031,0.17703479734436914
,,,1917.0598579903176,-0.1721260664572304,0.1778550166004681
,,,1917.3501456732356,-0.18955529567828355,0.1773754548807215
,,,1917.6404333561536,-0.16776882408077443,0.1773754548807215
,,,1917.9307210390716,-0.1808408109253712,0.17778354743282804
,,,1918.2210087219896,-0.1764833088336868,0.1778224701791365
,,,1918.5112964049076,-0.1764833088336868,0.17784105645731116
,,,1918.8015840878256,-0.16123283065847582,0.17768133380647846
,,,1919.0918717707434,-0.1764833088336868,0.1777232741599001
,,,1919.3821594536614,-0.21134176727579312,0.17734681750957246
,,,1919.6724471365794,-0.1808408109253712,0.17780936562256233
,,,1919.9627348194974,-0.178662059879529,0.17759466861514933
,,,1920.2530225024154,-0.16994731541138863,0.17763862715072246
,,,1920.5433101853334,-0.2767011820683214,0.17757455755364476
,,,1920.8335978682514,-0.15687558828201942,0.17728752416665317
,,,1921.1238855511695,-0.178662059879529,0.1774030953014897
,,,1921.4141732340872,-0.1851980533018276,0.17750871791917464
,,,1921.7044609170052,-0.19391253805473996,0.17765124232406423
,,,1921.9947485999232,-0.1764833088336868,0.1778926871357693
,,,1922.2850362828412,-0.19391253805473996,0.17768308396262927
,,,1922.5753239657593,-0.09369466482010536,0.17487217031442767
,,,1922.8656116486773,-0.16341158170431802,0.17440984953915953
,,,1923.1558993315953,-0.10023065824240396,0.17469386883048424
,,,1923.446187014513,-0.16123283065847582,0.17493634990708778
,,,1923.736474697431,-0.1764833088336868,0.17511542550497095
,,,1924.026762380349,-0.1721260664572304,0.17481115469091274
,,,1924.317050063267,-0.178662059879529,0.17481115469091274
,,,1924.607337746185,-0.19173404672412575,0.17481115469091277
,,,1924.897625429103,-0.15033959485972126,0.17476952830247253
,,,1925.187913112021,-0.19609128910058216,0.17488676342272605
,,,1925.478200794939,-0.1851980533018276,0.17516355160294608
,,,1925.7684884778569,-0.2222350030745477,0.17528203929263772
,,,1926.0587761607749,-0.17430481750307258,0.17522242452074582
,,,1926.3490638436929,-0.18955529567828355,0.17544508176612827
,,,1926.6393515266109,-0.17430481750307258,0.17518292168989566
,,,1926.929639209529,-0.10023065824240396,0.17510186503697286
,,,1927.219926892447,-0.1372676080151245,0.1751018650369729
,,,1927.510214575365,-0.1764833088336868,0.17517886774177346
,,,1927.800502258283,-0.1764833088336868,0.17530342070983035
,,,1928.0907899412007,-0.19609128910058216,0.17421218092005328
,,,1928.3810776241187,-0.17430481750307258,0.1741780544055373
,,,1928.6713653070367,-0.1764833088336868,0.1740231268039134
,,,1928.9616529899547,-0.1808408109253712,0.17446919125377755
,,,1929.2519406728727,-0.1764833088336868,0.1751953790441282
,,,1929.5422283557907,-0.17430481750307258,0.17515435295640877
,,,1929.8325160387087,-0.19173404672412575,0.1759731411183899
,,,1930.1228037216267,-0.18955529567828355,0.17605682029174577
,,,1930.4130914045445,-0.1830193022559854,0.17585511908001122
,,,1930.7033790874625,-0.20044853147703856,0.17587719232742194
,,,1930.9936667703805,-0.16559007303493223,0.1758974949601035
,,,1931.2839544532985,-0.16776882408077443,0.1758974949601035
,,,1931.5742421362165,-0.16994731541138863,0.17577033450473126
,,,1931.8645298191345,-0.15033959485972126,0.17581474917473164
,,,1932.1548175020525,-0.1851980533018276,0.17583531372835395
,,,1932.4451051849703,-0.1764833088336868,0.1756342420696091
,,,1932.7353928678883,-0.14816084381387906,0.17573714148178982
,,,1933.0256805508063,-0.13944635906096625,0.1753479512020051
,,,1933.3159682337243,-0.16123283065847582,0.17514885056655902
,,,1933.6062559166423,-0.1721260664572304,0.17530214821943113
,,,1933.8965435995603,-0.16341158170431802,0.1751097112008163
,,,1934.1868312824784,-0.16559007303493223,0.17488155157954155
,,,1934.4771189653964,-0.1851980533018276,0.175081840601052
,,,1934.7674066483141,-0.11765988746345712,0.17520950074007605
,,,1935.0576943312321,-0.20044853147703856,0.17497640338992268
,,,1935.3479820141501,-0.1764833088336868,0.17476012713379843
,,,1935.6382696970682,-0.19391253805473996,0.1748237057306984
,,,1935.9285573799862,-0.1830193022559854,0.17486379705061347
,,,1936.2188450629042,-0.16341158170431802,0.17388878855858447
,,,1936.5091327458222,-0.17430481750307258,0.17423757484918512
,,,1936.7994204287402,-0.18955529567828355,0.17441266026184166
,,,1937.089708111658,-0.1851980533018276,0.17434893177195024
,,,1937.379995794576,-0.15687558828201942,0.1741758198867367
,,,1937.670283477494,-0.1721260664572304,0.17350389201084274
,,,1937.960571160412,-0.1764833088336868,0.17308187305046147
,,,1938.25085884333,-0.1764833088336868,0.17290131480236465
,,,1938.541146526248,-0.178662059879529,0.17308480009673896
,,,1938.831434209166,-0.17430481750307258,0.17371674007679047
,,,1939.121721892084,-0.1808408109253712,0.1730377296517125
,,,1939.4120095750018,-0.14598235248326485,0.1729370717345754
,,,1939.7022972579198,-0.1808408109253712,0.17295746546760485
,,,1939.9925849408378,-0.18955529567828355,0.17300003817952386
,,,1940.2828726237558,-0.1764833088336868,0.17259953391304175
,,,1940.5731603066738,-0.17430481750307258,0.17271053671544428
,,,1940.8634479895918,-0.1851980533018276,0.17278103147617568
,,,1941.1537356725098,-0.1764833088336868,0.1728703590515365
,,,1941.4440233554278,-0.16776882408077443,0.1722560629150013
,,,1941.7343110383456,-0.20262728252288031,0.17245181048641614
,,,1942.0245987212636,-0.14598235248326485,0.17220158306554678
,,,1942.3148864041816,-0.16994731541138863,0.17220158306554678
,,,1942.6051740870996,-0.1851980533018276,0.17275254308021915
,,,1942.8954617700176,-0.16994731541138863,0.1731701158304339
,,,1943.1857494529356,-0.1851980533018276,0.17334423207458943
,,,1943.4760371358536,-0.1329103656386681,0.17361121287470338
,,,1943.7663248187714,-0.14380360143742266,0.17329470462346983
,,,1944.0566125016894,-0.15687558828201942,0.1735586919493154
,,,1944.3469001846074,-0.1851980533018276,0.17370982029472
,,,1944.6371878675254,-0.16994731541138863,0.17358719045368073
,,,1944.9274755504434,-0.17430481750307258,0.1735666175776314
,,,1945.2177632333614,-0.1764833088336868,0.17322390202172863
,,,1945.5080509162794,-0.1851980533018276,0.1731357790627943
,,,1945.7983385991975,-0.16341158170431802,0.1727580613542977
,,,1946.0886262821152,-0.19173404672412575,0.17263321378394844
,,,1946.3789139650332,-0.1764833088336868,0.17240949822904272
,,,1946.6692016479512,-0.1764833088336868,0.17240949822904272
,,,1946.9594893308692,-0.1764833088336868,0.1726428521288294
,,,1947.2497770137873,-0.19391253805473996,0.17268344977073274
,,,1947.5400646967053,-0.178662059879529,0.17304376885638253
,,,1947.8303523796233,-0.1830193022559854,0.17322620704197822
,,,1948.1206400625413,-0.1830193022559854,0.17316511606077972
,,,1948.410927745459,-0.14598235248326485,0.1734339094132663
,,,1948.701215428377,-0.14380360143742266,0.17374888989678364
,,,1948.991503111295,-0.19609128910058216,0.17435105684864963
,,,1949.281790794213,-0.15469683723617766,0.17451992808469272
,,,1949.572078477131,-0.15033959485972126,0.17468050998441598
,,,1949.862366160049,-0.1830193022559854,0.1748429739709862
,,,1950.152653842967,-0.18955529567828355,0.17493124863115475
,,,1950.442941525885,-0.18955529567828355,0.17558736440239198
,,,1950.7332292088029,-0.15687558828201942,0.1760460868400904
,,,1951.0235168917209,-0.1851980533018276,0.17612973135696297
,,,1951.3138045746389,-0.17430481750307258,0.17589822939775637
,,,1951.6040922575569,-0.20044853147703856,0.17581548645466133
,,,1951.894379940475,-0.19391253805473996,0.1761049191320909
,,,1952.184667623393,-0.19609128910058216,0.17638796709832394
,,,1952.474955306311,-0.178662059879529,0.17620112176129266
,,,1952.7652429892287,-0.1764833088336868,0.1763112385261718
,,,1953.0555306721467,0.07841861662935568,0.17644416885709768
,,,1953.3458183550647,-0.14816084381387906,0.17624076931667038
,,,1953.6361060379827,-0.04576447924863025,0.17604935829425142
,,,1953.9263937209007,-0.1830193022559854,0.176029073177004
,,,1954.2166814038187,-0.1830193022559854,0.1760709031972461
,,,1954.5069690867367,-0.028335250027577086,0.17601155561222875
,,,1954.7972567696547,-0.16559007303493223,0.17599075957080831
,,,1955.0875444525725,-0.17430481750307258,0.1764452980821179
,,,1955.3778321354905,-0.1830193022559854,0.17638381298101952
,,,1955.6681198184085,-0.14816084381387906,0.17634054785146844
,,,1955.9584075013265,-0.16341158170431802,0.17614924525254688
,,,1956.2486951842445,-0.20262728252288031,0.17619003967840932
,,,1956.5389828671625,-0.19391253805473996,0.17608614526262276
,,,1956.8292705500805,-0.16341158170431802,0.17630267932173588
,,,1957.1195582329985,-0.19391253805473996,0.1778429486006525
,,,1957.4098459159163,-0.16341158170431802,0.17773003696714984
,,,1957.7001335988343,-0.17430481750307258,0.17774688384612783
,,,1957.9904212817523,-0.17430481750307258,0.1777863159822858
,,,1958.2807089646703,-0.1851980533018276,0.17758657912679676
,,,1958.5709966475883,-0.19391253805473996,0.17764614961142566
,,,1958.8612843305064,-0.20262728252288031,0.17764614961142566
,,,1959.1515720134244,-0.16341158170431802,0.17968752467242227
,,,1959.4418596963424,-0.20044853147703856,0.1799396729532252
,,,1959.7321473792601,-0.19173404672412575,0.18055706622248166
,,,1960.0224350621781,-0.16776882408077443,0.18041683735420966
,,,1960.3127227450962,-0.17430481750307258,0.18080149293896763
,,,1960.6030104280142,-0.1329103656386681,0.18094485359511275
,,,1960.8932981109322,-0.1830193022559854,0.18096483517283585
,,,1961.1835857938502,-0.14816084381387906,0.1808636835871195
,,,1961.4738734767682,-0.16994731541138863,0.18080958935570718
,,,1961.7641611596862,-0.178662059879529,0.18070466864089146
,,,1962.054448842604,-0.16559007303493223,0.18074492814437662
,,,1962.344736525522,-0.19173404672412575,0.18104706476421406
,,,1962.63502420844,-0.17430481750307258,0.18130270296394915
,,,1962.925311891358,-0.18955529567828355,0.18107781459754743
,,,1963.215599574276,-0.20262728252288031,0.18103812156721638
,,,1963.505887257194,-0.16994731541138863,0.18105882790143007
,,,1963.796174940112,-0.178662059879529,0.18095895460632808
,,,1964.0864626230298,-0.1764833088336868,0.181401044686056
,,,1964.3767503059478,-0.22005625202870593,0.1818364488266026
,,,1964.6670379888658,-0.18955529567828355,0.18297029089744485
,,,1964.9573256717838,-0.1808408109253712,0.1831742096780673
,,,1965.2476133547018,-0.1830193022559854,0.18337257977376914
,,,1965.5379010376198,-0.19391253805473996,0.18331269224244534
,,,1965.8281887205378,-0.19609128910058216,0.18325060646980895
,,,1966.1184764034558,-0.23966423229560085,0.18294434759430023
,,,1966.4087640863736,-0.1851980533018276,0.18309172643948585
,,,1966.6990517692916,-0.16994731541138863,0.18309172643948587
,,,1966.9893394522096,-0.17430481750307258,0.1830724616367614
,,,1967.2796271351276,-0.19391253805473996,0.1828815328093188
,,,1967.5699148180456,-0.20262728252288031,0.18273629303577765
,,,1967.8602025009636,-0.16994731541138863,0.18260952212661136
,,,1968.1504901838816,-0.19609128910058216,0.1825129278950247
,,,1968.4407778667996,-0.1721260664572304,0.1825129278950247
,,,1968.7310655497174,-0.14816084381387906,0.18327384641692823
,,,1969.0213532326354,-0.15469683723617766,0.18350813270235924
,,,1969.3116409155534,-0.17430481750307258,0.18438880288338935
,,,1969.6019285984714,-0.1830193022559854,0.18440913298755804
,,,1969.8922162813894,-0.16776882408077443,0.1845131492070748
,,,1970.1825039643074,-0.178662059879529,0.18528002072503869
,,,1970.4727916472254,-0.19609128910058216,0.18529833778758031
,,,1970.7630793301435,-0.17430481750307258,0.18531760828130417
,,,1971.0533670130612,-0.1851980533018276,0.1853378365028478
,,,1971.3436546959792,-0.15469683723617766,0.18558900062660527
,,,1971.6339423788972,-0.178662059879529,0.18595007686017878
,,,1971.9242300618153,-0.17430481750307258,0.1853185636194453
,,,1972.2145177447333,-0.19826978043119636,0.18490731619126338
,,,1972.5048054276513,-0.29413041128937456,0.1860733563338051
,,,1972.7950931105693,-0.19173404672412575,0.18597021276601752
,,,1973.085380793487,-0.14816084381387906,0.18624386513780497
,,,1973.375668476405,-0.17430481750307258,0.18592451908170307
,,,1973.665956159323,-0.16341158170431802,0.1861926400004085
,,,1973.956243842241,-0.1764833088336868,0.18625445962398055
,,,1974.246531525159,-0.1851980533018276,0.18584528320326688
,,,1974.536819208077,-0.30938088946458553,0.1855576536106643
,,,1974.827106890995,-0.17430481750307258,0.18591879072385228
,,,1975.117394573913,-0.22005625202870593,0.18587535848713954
,,,1975.4076822568309,-0.16994731541138863,0.18565863723817447
,,,1975.6979699397489,-0.20916301622995093,0.18573412927369073
,,,1975.9882576226669,-0.18955529567828355,0.1857728189372536
,,,1976.2785453055849,-0.178662059879529,0.18611161359212003
,,,1976.568832988503,-0.17430481750307258,0.18630137755917214
,,,1976.859120671421,-0.15687558828201942,0.18677999279953023
,,,1977.149408354339,-0.1808408109253712,0.18706242285493516
,,,1977.439696037257,-0.1808408109253712,0.18878475493438507
,,,1977.7299837201747,-0.20698452489933672,0.1889953095710574
,,,1978.0202714030927,-0.20262728252288031,0.188856413510882
,,,1978.3105590860107,-0.16994731541138863,0.1890349720376078
,,,1978.6008467689287,-0.17430481750307258,0.18925075444915124
,,,1978.8911344518467,-0.1851980533018276,0.18918639674706678
,,,1979.1814221347647,-0.1721260664572304,0.18886721123559266
,,,1979.4717098176827,-0.19609128910058216,0.18890619849292656
,,,1979.7619975006007,-0.19391253805473996,0.18860159471535054
,,,1980.0522851835185,-0.2875944178670764,0.1882917933323222
,,,1980.3425728664365,-0.178662059879529,0.18817300867809764
,,,1980.6328605493545,-0.17430481750307258,0.1879890255597506
,,,1980.9231482322725,-0.1764833088336868,0.1880089663589426
,,,1981.2134359151905,-0.1830193022559854,0.1879068852657311
,,,1981.5037235981085,-0.15469683723617766,0.18797168104718068
,,,1981.7940112810265,-0.17430481750307258,0.18696595313072178
,,,1982.0842989639443,-0.1851980533018276,0.18706973339045
,,,1982.3745866468623,-0.1721260664572304,0.18720497886741239
,,,1982.6648743297803,-0.1808408109253712,0.18697840891636577
,,,1982.9551620126983,-0.178662059879529,0.18702111059093254
,,,1983.2454496956163,-0.1830193022559854,0.18691374342202863
,,,1983.5357373785343,-0.16776882408077443,0.18698967990885965
,,,1983.8260250614524,-0.1764833088336868,0.18682638149397043
,,,1984.1163127443704,-0.18955529567828355,0.18684525924673237
,,,1984.4066004272881,-0.1764833088336868,0.18715378827743992
,,,1984.6968881102061,-0.19173404672412575,0.18720533841330603
,,,1984.9871757931242,-0.1851980533018276,0.18728304930883882
,,,1985.2774634760422,-0.19391253805473996,0.187205338413306
,,,1985.5677511589602,-0.1764833088336868,0.1872802069797031
,,,1985.8580388418782,-0.16776882408077443,0.18738026214390913
,,,1986.1483265247962,-0.1764833088336868,0.18703475510746118
,,,1986.4386142077142,-0.1851980533018276,0.18719408026440695
,,,1986.728901890632,-0.178662059879529,0.18719408026440695
,,,1987.01918957355,-0.20262728252288031,0.18737410680121025
,,,1987.309477256468,-0.1263743722163695,0.18753692828304125
,,,1987.599764939386,-0.14598235248326485,0.18753692828304125
,,,1987.890052622304,-0.27016518864602324,0.18708787941272387
,,,1988.180340305222,-0.1830193022559854,0.18577914243608107
,,,1988.47062798814,-0.19391253805473996,0.18580027294227086
,,,1988.760915671058,-0.1329103656386681,0.1860121809468685
,,,1989.0512033539758,-0.20262728252288031,0.18590196196706144
,,,1989.3414910368938,-0.19173404672412575,0.18593823102232257
,,,1989.6317787198118,-0.14598235248326485,0.18637195628612296
,,,1989.9220664027298,-0.1721260664572304,0.1862737409338379
,,,1990.2123540856478,-0.20262728252288031,0.18460837179068423
,,,1990.5026417685658,-0.19609128910058216,0.18455176967872775
,,,1990.7929294514838,-0.16776882408077443,0.18411375656735765
,,,1991.0832171344018,-0.1764833088336868,0.1841712158377395
,,,1991.3735048173196,-0.178662059879529,0.18393126720887149
,,,1991.6637925002376,-0.1764833088336868,0.18364341776817564
,,,1991.9540801831556,-0.20262728252288031,0.18358506837401323
,,,1992.2443678660736,-0.20262728252288031,0.18372625703336015
,,,1992.5346555489916,-0.20044853147703856,0.18364232841456535
,,,1992.8249432319096,-0.31809563393272633,0.18348958966599097
,,,1993.1152309148276,-0.18955529567828355,0.18339224724258452
,,,1993.4055185977454,-0.1764833088336868,0.18296248738250448
,,,1993.6958062806634,-0.19391253805473996,0.1827897670086155
,,,1993.9860939635814,-0.21134176727579312,0.18261250866635625
,,,1994.2763816464994,-0.19609128910058216,0.18263206255661332
,,,1994.5666693294174,-0.1263743722163695,0.18247458864618774
,,,1994.8569570123354,-0.1830193022559854,0.18238157139644254
,,,1995.1472446952534,-0.1372676080151245,0.18286740439581592
,,,1995.4375323781715,-0.18955529567828355,0.18251772955016055
,,,1995.7278200610892,-0.1764833088336868,0.18131610936536247
,,,1996.0181077440072,-0.15905407961263363,0.1812377957353549
,,,1996.3083954269252,-0.1851980533018276,0.18125749792842474
,,,1996.5986831098433,-0.1830193022559854,0.18116140718261006
,,,1996.8889707927613,-0.20262728252288031,0.18116140718261006
,,,1997.1792584756793,-0.13073187430805389,0.18109380718782808
,,,1997.4695461585973,-0.19609128910058216,0.18213000297071275
,,,1997.7598338415153,-0.1851980533018276,0.1820294988557675
,,,1998.050121524433,-0.14598235248326485,0.18195442011219384
,,,1998.340409207351,-0.19826978043119636,0.18185625595853513
,,,1998.630696890269,-0.19173404672412575,0.18175926141124527
,,,1998.920984573187,-0.178662059879529,0.1817187408046358
,,,1999.211272256105,-0.178662059879529,0.18179586891770233
,,,1999.501559939023,-0.17430481750307258,0.1817187408046358
,,,1999.791847621941,-0.1851980533018276,0.18167674615771592
,,,2000.082135304859,-0.16123283065847582,0.18149106832277187
,,,2000.3724229877769,-0.1830193022559854,0.18140696139064874
,,,2000.6627106706949,-0.17430481750307258,0.18119297479524574
,,,2000.9529983536129,-0.1764833088336868,0.18085760258335085
,,,2001.243286036531,-0.18955529567828355,0.1809390228457216
,,,2001.533573719449,-0.15687558828201942,0.18124952450322065
,,,2001.823861402367,-0.19173404672412575,0.18126947249666295
,,,2002.114149085285,-0.1851980533018276,0.18105532340525277
,,,2002.4044367682027,-0.1764833088336868,0.18160725515894985
,,,2002.6947244511207,-0.19609128910058216,0.18127472931479297
,,,2002.9850121340387,-0.17430481750307258,0.1817259419672955
,,,2003.2752998169567,-0.14598235248326485,0.182101501612015
,,,2003.5655874998747,-0.1851980533018276,0.18096613118398758
,,,2003.8558751827927,-0.19391253805473996,0.18088570647711133
,,,2004.1461628657107,-0.17430481750307258,0.1807388628864731
,,,2004.4364505486287,-0.16123283065847582,0.18116839291562864
,,,2004.7267382315465,-0.16776882408077443,0.18089282516747993
,,,2005.0170259144645,-0.22005625202870593,0.18031323404277755
,,,2005.3073135973825,-0.17430481750307258,0.1805679457574926
,,,2005.5976012803005,-0.1721260664572304,0.18068878394731314
,,,2005.8878889632185,-0.16776882408077443,0.18068878394731316
,,,2006.1781766461365,-0.1764833088336868,0.1805605754953461
,,,2006.4684643290545,-0.1764833088336868,0.17997314703921583
,,,2006.7587520119725,-0.1851980533018276,0.17973425290619563
,,,2007.0490396948903,-0.15687558828201942,0.17961721810083792
,,,2007.3393273778083,-0.1721260664572304,0.17948317773154535
,,,2007.6296150607263,-0.18955529567828355,0.17920501860733243
,,,2007.9199027436443,-0.14598235248326485,0.178868026924428
,,,2008.2101904265623,-0.16341158170431802,0.17857263710230603
,,,2008.5004781094804,-0.16994731541138863,0.17681368476446346
,,,2008.7907657923984,-0.16123283065847582,0.17644384061565208
,,,2009.0810534753164,-0.1851980533018276,0.17644384061565208
,,,2009.3713411582341,-0.14816084381387906,0.17633506455073608
,,,2009.6616288411522,-0.1764833088336868,0.17514856427132458
,,,2009.9519165240702,-0.16776882408077443,0.1751034739378714
,,,2010.2422042069882,-0.16123283065847582,0.1755079975532351
,,,2010.5324918899062,-0.23966423229560085,0.17530819541528014
,,,2010.8227795728242,-0.15469683723617766,0.17563585533608359
,,,2011.1130672557422,-0.18955529567828355,0.1759679396154569
,,,2011.4033549386602,-0.16994731541138863,0.17618461895149198
,,,2011.693642621578,-0.1764833088336868,0.1767220201305851
,,,2011.983930304496,-0.16559007303493223,0.17654005131974493
,,,2012.274217987414,-0.1830193022559854,0.17647784519384957
,,,2012.564505670332,-0.14598235248326485,0.17619494161213936
,,,2012.85479335325,-0.26580794626956683,0.17669390434979418
,,,2013.145081036168,-0.17430481750307258,0.17671662321379245
,,,2013.435368719086,-0.16341158170431802,0.17661303856639665
,,,2013.7256564020038,-0.16994731541138863,0.17687307894581025
,,,2014.0159440849218,-0.16776882408077443,0.17680572385775312
,,,2014.3062317678398,-0.178662059879529,0.17674059932388136
,,,2014.5965194507578,-0.1764833088336868,0.1768685671295397
,,,2014.8868071336758,-0.16776882408077443,0.17676883581661562
,,,2015.1770948165938,-0.1851980533018276,0.1771704265090973
,,,2015.4673824995118,-0.15469683723617766,0.17682754816241966
,,,2015.7576701824298,-0.1830193022559854,0.1769636000391135
,,,2016.0479578653476,-0.16123283065847582,0.17686141419195642
,,,2016.3382455482656,-0.15687558828201942,0.17652509545181516
,,,2016.6285332311836,-0.1851980533018276,0.1767872726373958
,,,2016.9188209141016,-0.20044853147703856,0.17654319028726803
,,,2017.2091085970196,-0.178662059879529,0.17634405524321511
,,,2017.4993962799376,-0.16123283065847582,0.17617491805501956
,,,2017.7896839628556,-0.2309497475426885,0.17617491805501959
,,,2018.0799716457736,-0.16776882408077443,0.17611484993005522
,,,2018.3702593286914,-0.1830193022559854,0.17637926636435966
,,,2018.6605470116094,-0.18955529567828355,0.18002883027077166
,,,2018.9508346945274,-0.16994731541138863,0.18024456818352916
,,,2019.2411223774454,-0.17430481750307258,0.1799932189204625
,,,2019.5314100603634,-0.178662059879529,0.17988658915066505
,,,2019.8216977432814,-0.1851980533018276,0.17990643931922737
,,,2020.1119854261995,-0.17430481750307258,0.1800203291462679
,,,2020.4022731091175,-0.11983863850929888,0.180078355583307
,,,2020.6925607920352,-0.1764833088336868,0.17896073383501365
,,,2020.9828484749532,-0.1851980533018276,0.17896073383501365
,,,2021.2731361578712,-0.20262728252288031,0.1787601977522581
,,,2021.5634238407893,-0.1830193022559854,0.17881863310092644
,,,2021.8537115237073,0.07406137425289971,0.17881863310092644
,,,2022.1439992066253,-0.14816084381387906,0.17856142606948577
,,,2022.4342868895433,-0.16559007303493223,0.1784196287351651
,,,2022.724574572461,-0.16123283065847582,0.17833320268539143
,,,2023.014862255379,-0.17430481750307258,0.17837300023585304
,,,2023.305149938297,-0.16776882408077443,0.17820778024175704
,,,2023.595437621215,-0.16994731541138863,0.17838692891265792
,,,2023.885725304133,-0.1851980533018276,0.17852353184354264
,,,2024.176012987051,-0.14816084381387906,0.1786030356244659
,,,2024.466300669969,-0.1764833088336868,0.17865928771834033
,,,2024.756588352887,-0.1830193022559854,0.17849830900021832
,,,2025.0468760358049,0.006523208414529247,0.17871887519544663
,,,2025.3371637187229,-0.19173404672412575,0.17873910561961667
,,,2025.6274514016409,-0.1764833088336868,0.17868287865363602
,,,2025.917739084559,-0.16123283065847582,0.17877782032598388
,,,2026.208026767477,-0.1764833088336868,0.17799145719761675
,,,2026.498314450395,-0.22005625202870593,0.17778234003637589
,,,2026.788602133313,-0.19826978043119636,0.17755848919323905
,,,2027.078889816231,-0.21352051832163532,0.177428143925586
,,,2027.3691774991487,-0.16559007303493223,0.17749001699417435
,,,2027.6594651820667,-0.1764833088336868,0.17760845352081817
,,,2027.9497528649847,-0.17430481750307258,0.17756698570657115
,,,2028.2400405479027,-0.18955529567828355,0.1778873659166013
,,,2028.5303282308207,-0.19826978043119636,0.17686694844219697
,,,2028.8206159137387,-0.17430481750307258,0.1770134956573989
,,,2029.1109035966567,-0.1764833088336868,0.1772138784335107
,,,2029.4011912795747,-0.19173404672412575,0.1772735741594164
,,,2029.6914789624925,-0.1851980533018276,0.1772355319983729
,,,2029.9817666454105,-0.19173404672412575,0.17709793558295242
,,,2030.2720543283285,-0.16776882408077443,0.1768897728966131
,,,2030.5623420112465,-0.21352051832163532,0.17665976662879354
,,,2030.8526296941645,-0.14598235248326485,0.176638544618343
,,,2031.1429173770825,-0.1764833088336868,0.17697765331834137
,,,2031.4332050600005,-0.1721260664572304,0.17652900654734416
,,,2031.7234927429183,-0.1329103656386681,0.17647433776260119
,,,2032.0137804258363,-0.20262728252288031,0.17662711530972822
,,,2032.3040681087543,-0.16341158170431802,0.1764260660958037
,,,2032.5943557916723,-0.13073187430805389,0.17578368305859993
,,,2032.8846434745903,-0.17430481750307258,0.17640593833215032
,,,2033.1749311575084,-0.1851980533018276,0.17629877209177044
,,,2033.4652188404264,-0.16994731541138863,0.17559139225222878
,,,2033.7555065233444,-0.22005625202870593,0.17561097016755267
,,,2034.0457942062621,-0.41177751374506233,0.17546856063567406
,,,2034.3360818891802,-0.1721260664572304,0.17534108910982815
,,,2034.6263695720982,-0.15687558828201942,0.17552884992889978
,,,2034.9166572550162,-0.1830193022559854,0.1750743012959457
,,,2035.2069449379342,-0.1764833088336868,0.1751377658412257
,,,2035.4972326208522,-0.17430481750307258,0.17598415101112583
,,,2035.7875203037702,-0.17430481750307258,0.1760249836981793
,,,2036.0778079866882,-0.07408694426843798,0.17659666711951055
,,,2036.368095669606,-0.17430481750307258,0.17663786292587644
,,,2036.658383352524,-0.14816084381387906,0.17647504029446603
,,,2036.948671035442,-0.17430481750307258,0.17621239855537113
,,,2037.23895871836,-0.1764833088336868,0.1759585670418153
,,,2037.529246401278,-0.14598235248326485,0.17676526955449967
,,,2037.819534084196,-0.16994731541138863,0.17707019055685141
,,,2038.109821767114,-0.14598235248326485,0.1772304639796527
,,,2038.400109450032,-0.1764833088336868,0.17728715158237904
,,,2038.6903971329498,-0.1721260664572304,0.17747735023168268
,,,2038.9806848158678,-0.16776882408077443,0.17721656703413372
,,,2039.2709724987858,-0.178662059879529,0.17733818791474226
,,,2039.5612601817038,-0.178662059879529,0.17711928570047553
,,,2039.8515478646218,-0.16776882408077443,0.17744472640984532
,,,2040.1418355475398,-0.16776882408077443,0.17761465228822784
,,,2040.4321232304578,-0.17430481750307258,0.17761465228822784
,,,2040.7224109133758,-0.178662059879529,0.17855635727960023
,,,2041.0126985962936,-0.16123283065847582,0.17847086732855735
,,,2041.3029862792116,-0.1721260664572304,0.17837327541455883
,,,2041.5932739621296,-0.16559007303493223,0.1784683817898224
,,,2041.8835616450476,-0.1263743722163695,0.17855089155432718
,,,2042.1738493279656,-0.16559007303493223,0.17796293600345184
,,,2042.4641370108836,-0.15469683723617766,0.17800879992486832
,,,2042.7544246938016,-0.1830193022559854,0.17758924532862322
,,,2043.0447123767194,-0.178662059879529,0.17772821087430346
,,,2043.3350000596374,-0.178662059879529,0.17864478413880125
,,,2043.6252877425554,-0.1830193022559854,0.17810071731582408
,,,2043.9155754254734,-0.178662059879529,0.177995445991327
,,,2044.2058631083914,-0.18955529567828355,0.17792851577738916
,,,2044.4961507913094,-0.1851980533018276,0.17772406929012702
,,,2044.7864384742275,-0.1764833088336868,0.17768412639268358
,,,2045.0767261571455,-0.16341158170431802,0.17747677389015606
,,,2045.3670138400632,-0.16341158170431802,0.17751976209882897
,,,2045.6573015229812,-0.152518345905563,0.17989687857059372
,,,2045.9475892058992,-0.13944635906096625,0.1799353441718781
,,,2046.2378768888173,-0.1830193022559854,0.17962096535976782
,,,2046.5281645717353,-0.19173404672412575,0.17995852143496155
,,,2046.8184522546533,-0.1285531232622117,0.17988060551693033
,,,2047.1087399375713,-0.15469683723617766,0.1799810771996936
,,,2047.3990276204893,-0.17430481750307258,0.18027207000010864
,,,2047.689315303407,-0.16341158170431802,0.1796646774462321
,,,2047.979602986325,-0.1263743722163695,0.1798003096128072
,,,2048.269890669243,-0.23530698991914445,0.1801454121756453
,,,2048.560178352161,-0.14816084381387906,0.18022616723414403
,,,2048.850466035079,-0.16341158170431802,0.180124600839196
,,,2049.140753717997,-0.16994731541138863,0.18020339824726261
,,,2049.431041400915,-0.16776882408077443,0.17992253383736798
,,,2049.721329083833,-0.1764833088336868,0.17629102645707448
,,,2050.011616766751,-0.18955529567828355,0.17657050996913012
,,,2050.301904449669,0.11545556640207622,0.17678457143713144
,,,2050.592192132587,-0.1851980533018276,0.1770795597186324
,,,2050.882479815505,-0.257093461516654,0.17724983567537633
,,,2051.1727674984227,-0.178662059879529,0.17719088295759064
,,,2051.4630551813407,-0.18955529567828355,0.17766606679318142
,,,2051.7533428642587,-0.1808408109253712,0.17842219151927802
,,,2052.0436305471767,-0.16776882408077443,0.17874823352589048
,,,2052.3339182300947,-0.1764833088336868,0.17920147086073404
,,,2052.6242059130127,-0.15469683723617766,0.17918178779608848
,,,2052.9144935959307,-0.18955529567828355,0.17924305552382308
,,,2053.2047812788487,-0.1830193022559854,0.17973429435138594
,,,2053.4950689617667,-0.1830193022559854,0.1801441744810138
,,,2053.7853566446847,-0.16776882408077443,0.18039912489688317
,,,2054.0756443276027,-0.19391253805473996,0.18041916691453855
,,,2054.3659320105207,-0.1350891166845103,0.1806038591473433
,,,2054.6562196934387,-0.1830193022559854,0.18080516966106905
,,,2054.9465073763567,-0.16123283065847582,0.18162917876855264
,,,2055.2367950592748,-0.1851980533018276,0.182078042039029
,,,2055.5270827421923,-0.19391253805473996,0.18240910347617761
,,,2055.8173704251103,-0.1830193022559854,0.18364525016413552
,,,2056.1076581080283,-0.18955529567828355,0.18389437949124388
,,,2056.3979457909463,-0.1830193022559854,0.18431329744785283
,,,2056.6882334738643,-0.16559007303493223,0.18452366553355276
,,,2056.9785211567823,-0.1721260664572304,0.18437935611541512
,,,2057.2688088397003,-0.1851980533018276,0.1844352895497871
,,,2057.5590965226183,-0.16123283065847582,0.18496131694766865
,,,2057.8493842055364,-0.20262728252288031,0.18505543458624876
,,,2058.1396718884544,-0.1721260664572304,0.18521826079292728
,,,2058.4299595713724,-0.1808408109253712,0.1851589702267837
,,,2058.7202472542904,-0.257093461516654,0.18517873665777507
,,,2059.0105349372084,-0.09805190719656176,0.1854091783755357
,,,2059.3008226201264,-0.178662059879529,0.18559966053975915
,,,2059.5911103030444,-0.19173404672412575,0.18582958028310623
,,,2059.8813979859624,-0.15033959485972126,0.1853552117517239
,,,2060.17168566888,-0.1721260664572304,0.18548153851511062
,,,2060.461973351798,-0.16994731541138863,0.1856654955202892
,,,2060.752261034716,-0.18955529567828355,0.18602642327776675
,,,2061.042548717634,-0.3573113347512886,0.18638665211930583
,,,2061.332836400552,-0.1721260664572304,0.18672480616200385
,,,2061.62312408347,-0.1830193022559854,0.18717863878935734
,,,2061.913411766388,-0.1851980533018276,0.1873673220858411
,,,2062.203699449306,-0.16776882408077443,0.18722721829358235
,,,2062.493987132224,-0.1830193022559854,0.18781664985850605
,,,2062.784274815142,-0.16994731541138863,0.18793979033663885
,,,2063.07456249806,-0.1329103656386681,0.18758111878333306
,,,2063.364850180978,-0.178662059879529,0.18783127845326228
,,,2063.655137863896,-0.17430481750307258,0.18815222135179677
,,,2063.945425546814,-0.1830193022559854,0.18795594999596746
,,,2064.235713229732,-0.17430481750307258,0.18824274488556356
,,,2064.5260009126496,-0.178662059879529,0.1889027554326334
,,,2064.8162885955676,-0.19391253805473996,0.19239495391449815
,,,2065.1065762784856,-0.1764833088336868,0.19262447732436574
,,,2065.3968639614036,-0.20044853147703856,0.19241708705444968
,,,2065.6871516443216,-0.1808408109253712,0.19203120726908265
,,,2065.9774393272396,-0.21134176727579312,0.19235635994724704
,,,2066.2677270101576,-0.19391253805473996,0.19217176730092206
,,,2066.5580146930756,-0.16776882408077443,0.19143684188127486
,,,2066.8483023759936,-0.22005625202870593,0.191417953449778
,,,2067.1385900589116,-0.1851980533018276,0.19107637916319206
,,,2067.4288777418296,-0.20698452489933672,0.19111537999067926
,,,2067.7191654247476,-0.19826978043119636,0.19140937441322137
,,,2068.0094531076656,-0.1721260664572304,0.19116910825011832
,,,2068.2997407905837,-0.1830193022559854,0.1915872923890205
,,,2068.5900284735017,-0.20044853147703856,0.1915872923890205
,,,2068.8803161564197,-0.21134176727579312,0.1920462609419341
,,,2069.170603839337,-0.1764833088336868,0.19189836206485492
,,,2069.460891522255,-0.178662059879529,0.19219115876505133
,,,2069.7511792051732,-0.19173404672412575,0.19215052946058844
,,,2070.0414668880912,-0.18955529567828355,0.19246392228623063
,,,2070.3317545710092,-0.2527362191401976,0.1924068644983499
,,,2070.6220422539272,-0.2222350030745477,0.19255068678748388
,,,2070.9123299368453,-0.20262728252288031,0.19253121638289794
,,,2071.2026176197633,-0.2767011820683214,0.19257268676437064
,,,2071.4929053026813,-0.20044853147703856,0.19273479903819543
,,,2071.7831929855993,-0.22005625202870593,0.19281672308576453
,,,2072.0734806685173,-0.1851980533018276,0.19279751193187128
,,,2072.3637683514353,-0.15469683723617766,0.1931492463877789
,,,2072.6540560343533,-0.1721260664572304,0.19332177717200982
,,,2072.9443437172713,-0.19173404672412575,0.1931908138783258
,,,2073.2346314001893,-0.1764833088336868,0.19324281958386036
,,,2073.524919083107,-0.17430481750307258,0.19233154121594137
,,,2073.815206766025,-0.1764833088336868,0.19227790480635215
,,,2074.105494448943,-0.1808408109253712,0.1927303928525009
,,,2074.395782131861,-0.20262728252288031,0.19203826740122532
,,,2074.686069814779,-0.20262728252288031,0.19256150054025598
,,,2074.976357497697,-0.20262728252288031,0.1923675329940737
,,,2075.266645180615,-0.13073187430805389,0.1923675329940737
,,,2075.556932863533,-0.19826978043119636,0.19273156306374598
,,,2075.847220546451,-0.19609128910058216,0.1930958235740839
,,,2076.137508229369,-0.20262728252288031,0.19291251334075094
,,,2076.427795912287,-0.20262728252288031,0.19319183128993042
,,,2076.718083595205,-0.19173404672412575,0.1910216104908927
,,,2077.008371278123,-0.19391253805473996,0.1911358398726213
,,,2077.298658961041,-0.20262728252288031,0.19125695936347145
,,,2077.588946643959,-0.1764833088336868,0.19123735724096147
,,,2077.879234326877,-0.20044853147703856,0.19134867593408797
,,,2078.1695220097945,-0.16994731541138863,0.1911149488985638
,,,2078.4598096927125,-0.1263743722163695,0.19130751996190382
,,,2078.7500973756305,0.1917082169933595,0.19142806946207702
,,,2079.0403850585485,-0.16994731541138863,0.1912834031005629
,,,2079.3306727414665,-0.21787776069809173,0.19124675387621123
,,,2079.6209604243845,-0.1830193022559854,0.1909031303737021
,,,2079.9112481073025,-0.2309497475426885,0.19103891064407774
,,,2080.2015357902205,-0.4139562647909045,0.19126229188158736
,,,2080.4918234731385,-0.19391253805473996,0.19130403733734333
,,,2080.7821111560565,-0.15033959485972126,0.19163397493455056
,,,2081.0723988389746,-0.14162511010680845,0.1915506186795634
,,,2081.3626865218926,-0.16341158170431802,0.19179780589215217
,,,2081.6529742048106,-0.16341158170431802,0.19115312523623468
,,,2081.9432618877286,-0.18955529567828355,0.19107234516523758
,,,2082.2335495706466,-0.1764833088336868,0.19138784894856872
,,,2082.523837253564,-0.14816084381387906,0.19114419553786163
,,,2082.814124936482,-0.1851980533018276,0.1912879213646487
,,,2083.1044126194,-0.20044853147703856,0.19111901132938314
,,,2083.394700302318,-0.14598235248326485,0.19088210045951612
,,,2083.684987985236,-0.20262728252288031,0.19091928218215032
,,,2083.975275668154,-0.18955529567828355,0.19091928218215032
,,,2084.265563351072,-0.2287709964968463,0.1914187896525642
,,,2084.55585103399,-0.16559007303493223,0.19122575532618738
,,,2084.846138716908,-0.20044853147703856,0.19128316542703055
,,,2085.136426399826,-0.18955529567828355,0.1920090909707978
,,,2085.426714082744,-0.1764833088336868,0.1921136105070695
,,,2085.717001765662,-0.1764833088336868,0.19183803891454215
,,,2086.00728944858,-0.178662059879529,0.1911764487579425
,,,2086.297577131498,-0.1830193022559854,0.19090893985708965
,,,2086.587864814416,-0.19826978043119636,0.19090893985708965
,,,2086.878152497334,-0.20044853147703856,0.19003787537938135
,,,2087.1684401802518,-0.19826978043119636,0.19014814429280813
,,,2087.4587278631698,-0.1808408109253712,0.1908089970477841
,,,2087.749015546088,-0.20480577385349497,0.19339069989570987
,,,2088.039303229006,-0.19173404672412575,0.19368044109047552
,,,2088.329590911924,-0.16994731541138863,0.19368044109047552
,,,2088.619878594842,-0.16776882408077443,0.19354490730922005
,,,2088.91016627776,-0.05883620637799902,0.19352645605464877
,,,2089.200453960678,-0.16559007303493223,0.19370070965832265
,,,2089.490741643596,-0.2265922454510041,0.19297041060847983
,,,2089.781029326514,-0.19391253805473996,0.19584016481816288
,,,2090.071317009432,-0.1764833088336868,0.19643671162266682
,,,2090.36160469235,-0.15469683723617766,0.19621922117215015
,,,2090.651892375268,-0.19173404672412575,0.19598304088647242
,,,2090.942180058186,-0.19391253805473996,0.19706939144055657
,,,2091.232467741104,-0.21134176727579312,0.1970288675219476
,,,2091.5227554240214,-0.14598235248326485,0.19693033569332682
,,,2091.8130431069394,-0.21787776069809173,0.1967698763788737
,,,2092.1033307898574,-0.19609128910058216,0.1967698763788737
,,,2092.3936184727754,-0.1851980533018276,0.19681000287422573
,,,2092.6839061556934,-0.19609128910058216,0.19663850462787505
,,,2092.9741938386114,-0.1830193022559854,0.1966176340218481
,,,2093.2644815215294,-0.1808408109253712,0.19734225896794544
,,,2093.5547692044474,-0.15469683723617766,0.19728121553512348
,,,2093.8450568873654,-0.19173404672412575,0.19737170812992505
,,,2094.1353445702835,-0.15033959485972126,0.19773067994158083
,,,2094.4256322532015,-0.16123283065847582,0.19775076741699613
,,,2094.7159199361195,-0.16994731541138863,0.197936882655771
,,,2095.0062076190375,-0.13944635906096625,0.19760669339916664
,,,2095.2964953019555,-0.18955529567828355,0.19772384908579055
,,,2095.5867829848735,-0.20262728252288031,0.19739206711596013
,,,2095.8770706677915,-0.19826978043119636,0.1941595748494848
,,,2096.167358350709,-0.21134176727579312,0.19422159940976821
,,,2096.457646033627,-0.19173404672412575,0.1943726373887202
,,,2096.747933716545,-0.20698452489933672,0.19550322189240546
,,,2097.038221399463,-0.1350891166845103,0.19584602038600488
,,,2097.328509082381,-0.1851980533018276,0.1958979984677135
,,,2097.618796765299,-0.20262728252288031,0.19578382865375205
,,,2097.909084448217,-0.19609128910058216,0.19597860022179742
,,,2098.199372131135,-0.20044853147703856,0.19614377978039219
,,,2098.489659814053,-0.18955529567828355,0.19700800440194963
,,,2098.779947496971,-0.1721260664572304,0.19672237710580762
,,,2099.070235179889,-0.1764833088336868,0.19721191644632508
,,,2099.360522862807,-0.1830193022559854,0.19703266079980164
,,,2099.650810545725,-0.24620022571789946,0.19705236181325445
,,,2099.941098228643,-0.19173404672412575,0.19678472533696031
,,,2100.231385911561,-0.1830193022559854,0.19700643477942273
,,,2100.521673594479,-0.24837871704851366,0.1969858283702492
,,,2100.8119612773967,-0.20262728252288031,0.1961967757040751
,,,2101.1022489603147,-0.15687558828201942,0.19641180653167004
,,,2101.3925366432327,-0.19173404672412575,0.19654536336607065
,,,2101.6828243261507,-0.19609128910058216,0.1967624933172538
,,,2101.9731120090687,-0.20262728252288031,0.196859982417737
,,,2102.2633996919867,-0.20262728252288031,0.19664792534546527
,,,2102.5536873749047,-0.21134176727579312,0.19666879273695947
,,,2102.8439750578227,-0.2745226907377072,0.19668943236076203
,,,2103.1342627407407,-0.3747405639723418,0.19693016942794453
,,,2103.4245504236587,-0.18955529567828355,0.19688826503659518
,,,2103.7148381065767,-0.1721260664572304,0.19675494096325505
,,,2104.0051257894947,-0.1764833088336868,0.19704390023940715
,,,2104.2954134724127,-0.17430481750307258,0.19728814184927465
,,,2104.5857011553308,-0.19391253805473996,0.19720624602636144
,,,2104.8759888382488,-0.030514001073419283,0.19713964758147762
,,,2105.1662765211663,-0.38999104214755276,0.19660649996651178
,,,2105.4565642040843,-0.257093461516654,0.19633045638058375
,,,2105.7468518870023,-0.178662059879529,0.1962942996357703
,,,2106.0371395699203,-0.1764833088336868,0.19636028313939619
,,,2106.3274272528383,-0.25055746809435586,0.19644159851537626
,,,2106.6177149357563,-0.19391253805473996,0.19648224355662883
,,,2106.9080026186743,-0.1851980533018276,0.19639642773659238
,,,2107.1982903015924,-0.1851980533018276,0.19588871848856257
,,,2107.4885779845104,-0.20262728252288031,0.19475301911735973
,,,2107.7788656674284,-0.19609128910058216,0.19382821233697134
,,,2108.0691533503464,-0.17430481750307258,0.19299956181520256
,,,2108.3594410332644,-0.20044853147703856,0.19206631225511556
,,,2108.6497287161824,-0.24837871704851366,0.1912496299783274
,,,2108.9400163991004,-0.19391253805473996,0.19044889531007286
,,,2109.2303040820184,-0.1808408109253712,0.18986080816646345
,,,2109.5205917649364,-0.1764833088336868,0.18895384860128545
,,,2109.810879447854,-0.19391253805473996,0.18839406390458371
,,,2110.101167130772,-0.19173404672412575,0.18774815525974228
,,,2110.39145481369,-0.1830193022559854,0.18702792232317805
,,,2110.681742496608,-0.19609128910058216,0.18654144867509131
,,,2110.972030179526,-0.19826978043119636,0.18563918328776563
,,,2111.262317862444,-0.18955529567828355,0.18460278564727461
,,,2111.552605545362,-0.20044853147703856,0.18360500217979275
,,,2111.84289322828,-0.16994731541138863,0.18246469169972263
,,,2112.133180911198,-0.25927195284726823,0.1815207815669867
,,,2112.423468594116,-0.20262728252288031,0.1804145118058674
,,,2112.713756277034,-0.16994731541138863,0.17994122379056626
,,,2113.004043959952,-0.1764833088336868,0.17904831465937007
,,,2113.29433164287,-0.19826978043119636,0.17797354039110921
,,,2113.584619325788,-0.16994731541138863,0.1769610649882203
,,,2113.874907008706,-0.26580794626956683,0.17589686783080463
,,,2114.1651946916236,-0.16776882408077443,0.17493971078812967
,,,2114.4554823745416,-0.20480577385349497,0.1741465215932452
,,,2114.7457700574596,-0.1830193022559854,0.173308752007243
,,,2115.0360577403776,-0.19173404672412575,0.17240323716762293
,,,2115.3263454232956,-0.20262728252288031,0.17075240863218588
,,,2115.6166331062136,-0.19173404672412575,0.16974338124742258
,,,2115.9069207891316,-0.19826978043119636,0.16881874345248352
,,,2116.1972084720496,-0.05230047267092841,0.16710238632028762
,,,2116.4874961549676,-0.20044853147703856,0.1659502624611351
,,,2116.7777838378856,-0.19173404672412575,0.16525583220071574
,,,2117.0680715208036,-0.20262728252288031,0.16421303389185035
,,,2117.3583592037216,-0.19391253805473996,0.16311516772631954
,,,2117.6486468866397,-0.17430481750307258,0.16193467831002206
,,,2117.9389345695577,-0.20262728252288031,0.16074551980181379
,,,2118.2292222524757,-0.20044853147703856,0.15944180451810133
,,,2118.5195099353937,-0.20698452489933672,0.15721757108122883
,,,2118.809797618311,-0.20044853147703856,0.1529866993173725
,,,2119.1000853012292,-0.1764833088336868,0.1518852345225534
,,,2119.3903729841472,-0.20262728252288031,0.1509709675346992
,,,2119.6806606670652,-0.19609128910058216,0.15000381854354455
,,,2119.9709483499832,-0.0021915360536115536,0.14905435273479523
,,,2120.2612360329013,-0.15687558828201942,0.14787081805301197
,,,2120.5515237158193,-0.16994731541138863,0.147841391101007
,,,2120.8418113987373,-0.16123283065847582,0.14295330319744615
,,,2121.1320990816553,-0.1721260664572304,0.14077612537260845
,,,2121.4223867645733,-0.16341158170431802,0.13971255665698395
,,,2121.7126744474913,-0.20044853147703856,0.13866690674747303
,,,2122.0029621304093,-0.19826978043119636,0.13653494417871825
,,,2122.2932498133273,-0.20262728252288031,0.135241893451563
